{"sw":[1.0016025641025641e6],"dataImag":[[21338.574,828327.06,1.5438032e6,239949.8,-55922.234,-36866.062,51523.44,61415.86,-37918.47,-11741.575,85500.78,191428.78,121179.914,-61590.145,-99157.98,-17883.816,-9046.329,-97956.81,-170065.66,-104014.28,-45896.555,-82046.94,-119981.58,-51453.277,74147.26,63391.176,-43970.22,-93299.32,-16922.941,46606.1,6494.1323,-87403.336,-112595.3,-27040.9,25359.041,-45424.324,-88631.195,-16643.396,86779.6,74068.04,6083.365,17776.463,84779.51,70987.86,-35871.617,-88344.09,-37268.61,30243.115,-8885.314,-110973.79,-84745.59,30394.533,57242.848,-37214.656,-91174.96,-24343.9,27067.057,-7931.0884,-50366.93,112.92196,66243.6,50901.234,-29271.871,-46449.45,35822.004,71859.984,-1037.0647,-94106.7,-42806.848,74404.27,77568.05,-11064.474,-39711.453,26950.17,80691.02,39591.49,-47343.453,-30439.736,54288.96,70749.8,-23910.744,-82513.73,-9137.009,71054.77,19270.639,-82484.81,-49262.992,42406.05,8684.371,-93261.1,-96083.32,-3360.581,43147.05,-24365.988,-102391.25,-45526.816,60382.75,42412.52,-53686.227,-64299.066,12795.003,47122.996,-12607.018,-90158.086,-57956.754,22299.066,18770.438,-63114.74,-85251.89,-11046.167,46710.418,14170.5,-44722.184,-11402.496,71532.48,62801.55,-27796.227,-56721.082,21637.865,52807.223,-27397.576,-103394.33,-50831.094,51717.957,47787.074,-50520.062,-61176.957,52864.945,107293.11,38259.105,-15333.345,47702.355,124790.9,80397.97,-21151.15,-24352.652,60680.652,65814.81,-19176.748,-75585.47,-19005.428,69160.06,47031.145,-45143.258,-54999.875,30403.365,55770.72,-13692.652,-74577.74,-46285.93,27889.521,16632.5,-63751.094,-74431.64,25367.639,72364.22,-4285.1465,-68684.24,-8943.103,81569.86,50096.17,-63650.973,-68272.16,41475.984,75539.75,-19516.293,-74916.21,-7769.7964,60585.816,20823.938,-55319.094,-28953.467,69206.41,89952.56,1804.3484,-52615.13,14774.382,80882.54,28402.916,-57084.254,-41203.773,36925.383,57846.625,-15352.23,-70781.62,-15891.227,59788.832,22288.695,-71156.766,-70104.336,28488.389,64098.426,-20079.176,-78286.96,-2449.123,81353.96,38766.04,-60451.945,-47219.734,53605.97,69741.3,-30785.34,-85715.336,-7521.5615,75901.52,16007.677,-81461.586,-52862.87,45864.78,44925.617,-38713.36,-68432.4,2958.6982,62850.67,15322.781,-60183.586,-32951.31,49276.61,53981.57,-28731.834,-70811.27,-4954.9355,61736.246,16818.496,-62513.125,-47185.656,48342.586,72397.84,-12411.275,-63745.08,13538.095,85960.6,37688.41,-59489.863,-43083.164,61725.29,66090.836,-43538.0,-82742.72,9542.671,74781.555,9499.0205,-67136.914,-28711.113,58508.516,47433.605,-48259.64,-72745.72,14537.866,66004.41,-1407.9713,-75671.41,-35770.83,48008.54,42332.074,-40843.57,-72148.4,-6064.677,51390.914,1461.3662,-63983.5,-33074.008,55575.66,60404.055,-22651.195,-61647.242,16454.285,77358.91,12716.464,-72678.24,-34601.63,62906.61,56207.734,-49314.05,-75500.16,24805.785,82902.15,8375.902,-74242.19,-25898.791,74892.05,52815.664,-44260.44,-52732.562,36443.008,76546.484,3973.3508,-63070.62,-12782.742,65032.293,45561.727,-38271.617,-49912.355,18834.695,61260.676,5217.6895,-60602.895,-24743.596,58770.75,49300.04,-41122.49,-69869.42,14287.617,67578.04,-844.3572,-78101.734,-36799.69,61073.312,48607.613,-53302.23,-60860.805,37740.36,82208.63,-6122.037,-74378.01,-9101.995,78985.25,41214.992,-58018.62,-58733.992,36676.355,66825.85,-13875.161,-71711.85,-10916.651,63090.652,32495.166,-50587.234,-52552.83,30188.611,68126.555,-2629.0142,-67372.24,-17128.898,59040.324,39142.293,-46131.734,-56696.508,29373.65,67520.88,-6703.017,-75500.87,-21401.734,64309.863,37751.445,-61303.44,-58183.14,42047.67,72021.05,-16228.047,-77868.25,-9182.82,77508.305,29040.389,-68812.89,-55345.08,39837.59,59607.633,-27112.965,-78240.56,-2443.0679,70286.31,20889.994,-56604.258,-39850.707,41691.98,59232.355,-19811.117,-66378.836,-5988.1465,59238.043,27582.684,-52443.62,-50672.934,37712.63,66289.06,-16889.99,-73118.64,-6069.716,75702.38,36495.586,-60304.023,-48153.13,51583.92,73624.98,-21415.709,-72563.234,2702.9255,78422.945,22799.914,-68013.51,-40162.8,55843.547,59892.133,-30738.385,-65918.57,14790.249,74208.61,17691.756,-60250.81,-32388.473,46799.656,51176.42,-31374.955,-67350.04,4185.536,62573.68,16497.99,-55578.49,-38497.316,46917.273,55546.41,-32108.734,-75980.61,-4560.2407,65233.22,21669.674,-67989.19,-47613.766,48118.37,54033.81,-41412.438,-78198.13,8503.283,78781.29,12553.03,-73920.34,-30398.012,62644.63,52655.87,-45660.668,-68266.67,18414.53,68752.73,3976.7222,-68739.57,-32152.195,48130.246,40011.37,-42514.324,-61020.848,10857.918,59075.76,12310.967,-52250.105,-26240.443,50965.43,51612.305,-32867.566,-65845.695,8327.196,69005.85,14311.212,-70167.52,-31471.182,65751.836,55402.676,-51628.633,-77387.53,15632.921,76631.484,6637.645,-75116.63,-25769.76,69361.66,44107.8,-56412.38,-68603.87,29997.205,74427.31,704.79034,-69252.53,-21718.28,56808.22,36413.953,-46917.62,-52229.336,29928.236,63894.766,-3717.648,-61988.35,-20240.25,55541.133,42537.246,-41425.023,-54691.723,23538.64,65177.88,1701.3069,-73916.29,-29807.932,64805.91,55353.19,-43365.88,-63375.42,31241.676,77619.16,-9085.787,-84380.37,-20300.643,73338.54,40439.734,-57554.87,-59042.188,38292.875,70554.24,-14028.83,-71860.1,-6816.9087,68839.4,31515.941,-56530.83]],"spec":[0.0],"history":["RS2D Spinit data loaded from C:\\Users\\TXB909\\Documents\\strain-cell"],"hyper":[0],"dFilter":0.0,"ref":[1.6e7],"wholeEcho":[0.0],"freq":[1.6e7],