[Header]
; VSM Data File (default extension .dat)
; Copyright (c) 2003-2013, Quantum Design, Inc. All rights reserved.
TITLE,YCOB TB013X7 MOSAIC, QUICK SCAN
FILEOPENTIME,50915164.36,08/13/2026,3:30 pm
BYAPP,VSM,2.0,2.0
INFO,PPMS VSM Option Release 1.4.10 Build 1,APPNAME
INFO,Quantum Design Linear Motor Servo Controller,MOTOR_MODULE_NAME
INFO,3101-100 M1,MOTOR_HW_VERSION
INFO,MMC920,MOTOR_SERIAL_NUMBER
INFO,SRV No X-over 01.03.11,MOTOR_SOFTWARE_VERSION
INFO,Quantum Design VSM Detection Module,VSM_MODULE_NAME
INFO,3101-150 F0,VSM_HW_VERSION
INFO,VSM672,VSM_SERIAL_NUMBER
INFO,VSM No X-over 01.02.05 May 20 2008 13:51:47,VSM_SOFTWARE_VERSION
INFO,659,PREAMP_SERIAL_NUMBER
INFO,749,COIL_SERIAL_NUMBER
INFO,0,MOMENT_UNITS
INFO,YCOB,SAMPLE_MATERIAL
INFO,TB013X7 H para ab 0.1T FCC,SAMPLE_COMMENT
INFO,1.5,SAMPLE_MASS
INFO,,SAMPLE_VOLUME
INFO,590.5,SAMPLE_MOLECULAR_WEIGHT
INFO,mosaic of crystals,SAMPLE_SIZE
INFO,,SAMPLE_SHAPE
DATATYPE,COMMENT,1
DATATYPE,TIME,2
STARTUPAXIS,X,2
STARTUPAXIS,Y1,5
[Data]
Comment,Time Stamp (sec),Temperature (K),Magnetic Field (Oe),Moment (emu),M. Std. Err. (emu),Transport Action,Averaging Time (sec),Frequency (Hz),Peak Amplitude (mm),Center Position (mm),Coil Signal' (mV),Coil Signal" (mV),Range (mV),M. Quad. Signal (emu),M. Raw' (emu),M. Raw" (emu),Min. Temperature (K),Max. Temperature (K),Min. Field (Oe),Max. Field (Oe),Mass (grams),Motor Lag (deg),Pressure (Torr),VSM Status (code),Motor Status (code),Measure Status (code),Measure Count,PPMS Status (code),System Temp. (K),System Field (Oe),Sample Position (deg),Bridge 1 Resistance (ohms),Bridge 1 Excitation (µA),Bridge 2 Resistance (ohms),Bridge 2 Excitation (µA),Bridge 3 Resistance (ohms),Bridge 3 Excitation (µA),Bridge 4 Resistance (ohms),Bridge 4 Excitation (µA),Signal 1 Vin (V),Signal 2 Vin (V),Digital Inputs (code),Drive 1 Iout (mA),Drive 1 Ipower (W),Drive 2 Iout (mA),Drive 2 Ipower (W),Pressure (),Map 20 (),Map 21 (),Map 22 (),Map 23 (),Map 24 (),Map 25 (),Map 26 (),Map 27 (),Map 28 (),Map 29 ()
,50915295.785,299.9358978,999.988037109375,3.23021526205063E-7,1.33993103750916E-7,1,4.99626677034896,40.0298881530762,2.00278341716799,1.01000000722706,3.12438100655984E-6,3.9152910374563E-6,0.25,2.87907419295872E-7,3.22821544567825E-7,2.88113938196965E-7,299.9332275,299.9385681,999.988037109375,999.988037109375,51.7016000330439,14.8281059722989,5.154188,0,0,0,200,4881,300.0676,999.988037109375,,,,,,,,,,,,,0,,,,6.3262415,,,,,,299.9358978,,,,
,50915307.985,299.9490814,999.988037109375,7.61046694210667E-8,1.51539205828522E-7,1,4.99626677034896,40.0298881530762,2.00274023237043,1.01000000722706,5.88699516150458E-7,1.78475199558071E-6,0.25,1.434037753319E-7,7.60073503777813E-8,1.43450285529205E-7,299.9482727,299.9498901,999.988037109375,999.988037109375,51.31938368714,14.8307949949103,4.781127,0,0,0,200,4882,300.0676,999.988037109375,,,,,,,,,,,,,0,,,,6.3262415,,,,,,299.9490814,,,,
,50915310.76,299.9511108,999.988037109375,3.05888443218858E-7,1.31010562018911E-7,1,4.99626677034896,40.0298881530762,2.00271654824802,1.01000000722706,3.20692974427749E-6,2.254506787007E-6,0.25,1.45297346460466E-7,3.05783419742987E-7,1.45496325872294E-7,299.9498901,299.9523315,999.988037109375,999.988037109375,51.8383850239093,14.831207256869,5.154188,0,0,0,200,4882,300.06475,999.988037109375,,,,,,,,,,,,,0,,,,6.3262415,,,,,,299.9511108,,,,
,50915315.78,299.9535217,999.988037109375,3.20805605862085E-7,1.3397947026769E-7,1,4.99626677034896,40.0298881530762,2.00277841678997,1.01000000722706,3.77712827495961E-6,-5.58067129630729E-8,0.25,-5.97263431803761E-8,3.2083623914654E-7,-5.95116324235469E-8,299.9523315,299.9547119,999.988037109375,999.988037109375,51.4960317324862,14.8297243221281,5.154188,0,0,0,200,4882,299.9745,999.988037109375,,,,,,,,,,,,,0,,,,6.3262415,,,,,,299.9535217,,,,
,50915320.79,299.9530792,999.988037109375,2.16420866823388E-7,1.35901645697896E-7,1,4.99626677034896,40.0298881530762,2.00271250861151,1.01000000722706,2.25442087075794E-6,1.68008186508461E-6,0.25,1.10248172772683E-7,2.16341524510058E-7,1.10388858369536E-7,299.9514465,299.9547119,999.988037109375,999.988037109375,51.8344768813132,14.8300912595469,5.154188,0,0,0,200,4882,299.84055,999.988037109375,,,,,,,,,,,,,0,,,,6.3579991,,,,,,299.9530792,,,,
,50915325.785,299.94650265,999.988037109375,1.34746395974867E-8,1.41954084004493E-7,1,4.99626677034896,40.0298881530762,2.00272555637257,1.01000000722706,-8.73996031555866E-8,1.43708833524521E-6,0.25,1.23641449179956E-7,1.33920862482566E-8,1.23646951760429E-7,299.9415588,299.9514465,999.988037109375,999.988037109375,51.901696933967,14.829329168008,4.781127,0,0,0,200,4882,299.74895,999.988037109375,,,,,,,,,,,,,0,,,,6.3579991,,,,,,299.94650265,,,,
,50915330.785,299.93388365,999.988037109375,3.64583903189681E-7,1.39061287220912E-7,1,4.99626677034896,40.0298881530762,2.00275148287439,1.01000000722706,3.52859221640373E-6,4.40575786436923E-6,0.25,3.23791381232674E-7,3.64358605441921E-7,3.24024888999788E-7,299.9262085,299.9415588,999.988037109375,999.988037109375,51.820407567967,14.8305316102015,5.527248,0,0,0,200,4886,299.6589,999.988037109375,,,,,,,,,,,,,0,,,,6.3262415,,,,,,299.93388365,,,,
,50915335.745,299.9170227,999.988037109375,1.522378449743E-7,1.32180934218426E-7,1,4.99626677034896,40.0298881530762,2.00267667993876,1.01000000722706,1.53684708480495E-6,1.46826203491117E-6,0.25,1.02657241711605E-7,1.52165477933147E-7,1.02755739653692E-7,299.9078369,299.9262085,999.988037109375,999.988037109375,51.5476192147555,14.8296976262745,5.154188,0,0,0,200,4886,299.5703,999.988037109375,,,,,,,,,,,,,0,,,,6.3262415,,,,,,299.9170227,,,,
,50915340.735,299.89489745,999.988037109375,1.23675803333487E-7,1.35886720626215E-7,1,4.99626677034896,40.0298881530762,2.00271284700201,1.01000000722706,1.44445751987786E-6,4.66134985953211E-8,0.25,-1.70550149598874E-8,1.23683929462764E-7,-1.69722977356583E-8,299.881958,299.9078369,999.988037109375,999.988037109375,51.474927762467,14.8312070716692,4.781127,0,0,0,200,4886,299.5239,999.988037109375,,,,,,,,,,,,,0,,,,6.3262415,,,,,,299.89489745,,,,
,50915345.765,299.86949155,999.988037109375,3.48485854872331E-7,1.53374092633141E-7,1,4.99626677034896,40.0298881530762,2.00270635243448,1.01000000722706,4.12043319836182E-6,-1.6316254675126E-7,0.25,-7.38670170286583E-8,3.48526267035708E-7,-7.3633256390626E-8,299.8570251,299.881958,999.988037109375,999.988037109375,51.5913904118324,14.831051646518,5.527248,0,0,0,200,4886,299.434,999.988037109375,,,,,,,,,,,,,0,,,,6.3262415,,,,,,299.86949155,,,,
,50915350.755,299.84202575,999.988037109375,2.95140994001733E-7,1.45105533672305E-7,1,4.99626677034896,40.0298881530762,2.00269558902832,1.01000000722706,3.29271089336278E-6,1.01412875859684E-6,0.25,3.8428705519394E-8,2.95108306241992E-7,3.86242582581511E-8,299.8270264,299.8570251,999.988037109375,999.988037109375,51.5335499014093,14.8325267636045,4.781127,0,0,0,200,4886,299.3441,999.988037109375,,,,,,,,,,,,,0,,,,6.3579991,,,,,,299.84202575,,,,
,50915355.715,299.8126831,999.988037109375,1.33518697620116E-7,1.36283964193146E-7,1,4.99626677034896,40.0298881530762,2.0027094385091,1.01000000722706,8.99506171468831E-7,3.91097846189249E-6,0.25,3.19931710575462E-7,1.33302621569908E-7,3.20013256855319E-7,299.7983398,299.8270264,999.988037109375,999.988037109375,51.8008668549862,14.8349020581372,5.527248,0,0,0,200,4886,299.31185,999.988037109375,,,,,,,,,,,,,0,,,,6.3579991,,,,,,299.8126831,,,,
,50915360.715,299.7805023,999.988037109375,3.09041491864255E-7,1.38473103900733E-7,1,4.99626677034896,40.0298881530762,2.00272856049341,1.01000000722706,3.41992260819978E-6,1.22530641156966E-6,0.25,5.45581923950953E-8,3.08998427928289E-7,5.47628223911711E-8,299.7626648,299.7983398,999.988037109375,999.988037109375,51.6421962655824,14.8323051904913,5.154188,0,0,0,200,4886,299.23885,999.988037109375,,,,,,,,,,,,,0,,,,6.3579991,,,,,,299.7805023,,,,
,50915365.74,299.74742125,999.988037109375,1.673959131258E-7,1.3423864519489E-7,1,4.99626677034896,40.0298881530762,2.00269410282415,1.01000000722706,2.02446880933261E-6,-3.42877847434115E-7,0.25,-5.8663166958614E-8,1.67431556974259E-7,-5.85504388916182E-8,299.7321777,299.7626648,999.988037109375,999.988037109375,51.6547023218901,14.8351770299669,5.154188,0,0,0,200,4886,299.15035,999.988037109375,,,,,,,,,,,,,0,,,,6.3579991,,,,,,299.74742125,,,,
,50915370.735,299.7126007,999.988037109375,2.08126917516702E-7,1.25921060196959E-7,1,4.99626677034896,40.0298881530762,2.00259250252883,1.01000000722706,2.36105672868529E-6,4.85707372242414E-7,0.25,6.99325868150428E-9,2.08118247784202E-7,7.13185637136366E-9,299.6930237,299.7321777,999.988037109375,999.988037109375,51.34986719939,14.8318347775043,5.154188,0,0,0,200,4886,299.01705,999.988037109375,,,,,,,,,,,,,0,,,,6.3262415,,,,,,299.7126007,,,,
,50915375.72,299.6725769,999.988037109375,2.20383583873415E-7,1.32324400586115E-7,1,4.99626677034896,40.0298881530762,2.00266211173042,1.01000000722706,2.46461322180066E-6,7.22440457799129E-7,0.25,2.564405787643E-8,2.20362563237847E-7,2.57905830972788E-8,299.6521301,299.6930237,999.988037109375,999.988037109375,51.7953954553516,14.8341457893037,5.154188,0,0,0,200,4886,298.88245,999.988037109375,,,,,,,,,,,,,0,,,,6.3579991,,,,,,299.6725769,,,,
,50915380.72,299.63446045,999.988037109375,1.41274262218467E-7,1.27761543636165E-7,1,4.99626677034896,40.0298881530762,2.0026762724368,1.01000000722706,1.35395210047709E-6,1.78509520545033E-6,0.25,1.32296908832199E-7,1.41183686130875E-7,1.32388999492362E-7,299.6167908,299.6521301,999.988037109375,999.988037109375,51.5476192147555,14.834782924586,5.527248,0,0,0,200,4886,298.7914,999.988037109375,,,,,,,,,,,,,0,,,,6.3897567,,,,,,299.63446045,,,,
,50915385.725,299.59352115,999.988037109375,-3.29895326531765E-8,1.35730249240964E-7,1,4.99626677034896,40.0298881530762,2.00263980732417,1.01000000722706,-1.13310303395942E-7,-1.60355843475241E-6,0.25,-1.34898837383756E-7,-3.28989991072058E-8,-1.34918856080637E-7,299.5702515,299.6167908,999.988037109375,999.988037109375,51.464766591717,14.836585197985,5.527248,0,0,0,200,4886,298.67185,999.988037109375,,,,,,,,,,,,,0,,,,6.4218328,,,,,,299.59352115,,,,
,50915390.73,299.54841615,999.988037109375,2.75485564542805E-7,1.23666788848862E-7,1,4.99626677034896,40.0298881530762,2.00258430201801,1.01000000722706,3.13578857959347E-6,5.80964621046161E-7,0.25,3.82760738184966E-9,2.75479379445888E-7,4.01156219859173E-9,299.5265808,299.5702515,999.988037109375,999.988037109375,51.4999398750824,14.8356915680923,5.154188,0,0,0,200,4886,298.5075,999.988037109375,,,,,,,,,,,,,0,,,,6.3900752,,,,,,299.54841615,,,,
,50915395.71,299.4978485,999.988037109375,6.44098757877919E-8,1.32031244307106E-7,1,4.99626677034896,40.0298881530762,2.00255327919652,1.01000000722706,7.99062102506155E-7,-2.49746414309834E-7,0.25,-3.28988528940065E-8,6.44311376775186E-8,-3.2855429010304E-8,299.4691162,299.5265808,999.988037109375,999.988037109375,51.5272968732554,14.8376820441245,4.781127,0,0,0,200,4886,298.32845,999.988037109375,,,,,,,,,,,,,0,,,,6.3579991,,,,,,299.4978485,,,,
,50915400.695,299.4426422,999.988037109375,2.99193875375377E-7,1.37124758574492E-7,1,4.99626677034896,40.0298881530762,2.00259669291078,1.01000000722706,2.95594792194871E-6,3.26201194442736E-6,0.25,2.34748163727291E-7,2.99034065911215E-7,2.34946138428603E-7,299.4161682,299.4691162,999.988037109375,999.988037109375,51.2123005800054,14.8361374935814,4.781127,0,0,0,200,4886,298.12065,999.988037109375,,,,,,,,,,,,,0,,,,6.4218328,,,,,,299.4426422,,,,
,50915405.7,299.3835907,999.988037109375,-1.25629212384389E-7,1.33515746998911E-7,1,4.99626677034896,40.0298881530762,2.0026057894151,1.01000000722706,-1.56037725858689E-6,4.97597125980256E-7,0.25,6.50850601498937E-8,-1.25671898616885E-7,6.50004878119967E-8,299.3510132,299.4161682,999.988037109375,999.988037109375,51.4757093909862,14.8371199837479,5.154188,0,0,0,200,4886,297.91155,999.988037109375,,,,,,,,,,,,,0,,,,6.4539089,,,,,,299.3835907,,,,
,50915410.7,299.31518555,999.988037109375,3.55251700454627E-7,1.35225910763523E-7,1,4.99626677034896,40.0298881530762,2.00257006681868,1.01000000722706,3.73606401919967E-6,2.54920885339774E-6,0.25,1.62695354117079E-7,3.55141065957766E-7,1.62932663865863E-7,299.2793579,299.3510132,999.988037109375,999.988037109375,51.4389728505824,14.8376571245952,4.781127,0,0,0,200,4886,297.70085,999.988037109375,,,,,,,,,,,,,0,,,,6.4539089,,,,,,299.31518555,,,,
,50915415.695,299.2445221,999.988037109375,4.42798392685535E-7,1.31894933896193E-7,1,4.99626677034896,40.0298881530762,2.00263620462126,1.01000000722706,4.89623514141676E-6,1.77752487193974E-6,0.25,8.0091879037115E-8,4.42743827338378E-7,8.03886882646474E-8,299.2096863,299.2793579,999.988037109375,999.988037109375,51.332671371967,14.8386200741495,5.154188,0,0,0,200,4886,297.4903,999.988037109375,,,,,,,,,,,,,0,,,,6.4218328,,,,,,299.2445221,,,,
,50915420.69,299.17085265,999.988037109375,2.23869765498554E-7,1.33687912380661E-7,1,4.99626677034896,40.0298881530762,2.00251706284031,1.01000000722706,2.48980863309083E-6,8.13767234167536E-7,0.25,3.30547281363871E-8,2.23847756372147E-7,3.32050368506957E-8,299.132019,299.2096863,999.988037109375,999.988037109375,51.4311565653901,14.8388051509547,5.527248,0,0,0,200,4886,297.25175,999.988037109375,,,,,,,,,,,,,0,,,,6.3897567,,,,,,299.17085265,,,,
,50915425.705,299.08013915,999.988037109375,4.20705798259424E-7,1.42333930067611E-7,1,4.99626677034896,40.0298881530762,2.00252471151603,1.01000000722706,4.1673507343741E-6,4.52237381774729E-6,0.25,3.24445856723358E-7,4.20489465604079E-7,3.24729989972394E-7,299.0282593,299.132019,999.988037109375,999.988037109375,51.5101010458324,14.8366477472692,5.154188,0,0,0,200,4886,296.92725,999.988037109375,,,,,,,,,,,,,0,,,,6.4218328,,,,,,299.08013915,,,,
,50915430.705,298.9819031,999.988037109375,3.54431334741243E-7,1.4441784817061E-7,1,4.99626677034896,40.0298881530762,2.00252077167931,1.01000000722706,3.9732533927098E-6,1.10499067918705E-6,0.25,3.62595592016288E-8,3.54409689553028E-7,3.64984066199193E-8,298.9355469,299.0282593,999.988037109375,999.988037109375,51.7781996279286,14.8393521780525,5.527248,0,0,0,200,4886,296.5846,999.988037109375,,,,,,,,,,,,,0,,,,6.4539089,,,,,,298.9819031,,,,
,50915435.68,298.87435915,999.988037109375,2.61014796338501E-7,1.3501854967398E-7,1,4.99626677034896,40.0298881530762,2.00255308733892,1.01000000722706,2.99746058023183E-6,3.96250064561099E-7,0.25,-9.88983060151196E-9,2.61024533552549E-7,-9.71398364445696E-9,298.8131714,298.9355469,999.988037109375,999.988037109375,51.5374580440055,14.838353894286,4.781127,0,0,0,200,4886,296.1939,999.988037109375,,,,,,,,,,,,,0,,,,6.4218328,,,,,,298.87435915,,,,
,50915440.665,298.75595095,999.988037109375,2.11334934771288E-7,1.33039495268121E-7,1,4.99626677034896,40.0298881530762,2.00255500915777,1.01000000722706,2.39138401271654E-6,5.28927236047086E-7,0.25,1.0230202370053E-8,2.11331435837004E-7,1.0373087156284E-8,298.6987305,298.8131714,999.988037109375,999.988037109375,51.5515273573516,14.8385880794834,5.154188,0,0,0,200,4886,295.76185,999.988037109375,,,,,,,,,,,,,0,,,,6.4218328,,,,,,298.75595095,,,,
,50915445.675,298.6194153,999.988037109375,1.02114842673456E-7,1.29715622699982E-7,1,4.99626677034896,40.0298881530762,2.0025446815248,1.01000000722706,1.13994698925995E-6,3.46508500105565E-7,0.25,1.29128693584466E-8,1.02108271441904E-7,1.29822228812236E-8,298.5401001,298.6987305,999.988037109375,999.988037109375,52.067402180044,14.8385781533676,4.781127,0,0,0,200,4886,295.33415,999.988037109375,,,,,,,,,,,,,0,,,,6.4218328,,,,,,298.6194153,,,,
,50915450.68,298.47195435,999.988037109375,1.57571611545089E-7,1.44437606364244E-7,1,4.99626677034896,40.0298881530762,2.00250722076885,1.01000000722706,1.0835714463403E-6,4.48588879863447E-6,0.25,3.66222035506614E-7,1.57327636431849E-7,3.66338582512396E-7,298.4038086,298.5401001,999.988037109375,999.988037109375,51.6703348922747,14.838221694129,4.781127,0,0,0,200,4886,294.9046,999.988037109375,,,,,,,,,,,,,0,,,,6.4218328,,,,,,298.47195435,,,,
,50915455.665,298.3114624,999.988037109375,3.35243471794911E-7,1.45538502520478E-7,1,4.99626677034896,40.0298881530762,2.00249550862922,1.01000000722706,3.87184222077368E-6,3.80394639990389E-7,0.25,-2.39695577810545E-8,3.35270683226062E-7,-2.37427707822026E-8,298.2191162,298.4038086,999.988037109375,999.988037109375,51.759440543467,14.837982322403,5.154188,0,0,0,200,4886,294.4863,999.988037109375,,,,,,,,,,,,,0,,,,6.4218328,,,,,,298.3114624,,,,
,50915460.66,298.13630675,999.988037109375,4.44164517691505E-7,1.41353193963058E-7,1,4.99626677034896,40.0298881530762,2.00254268161832,1.01000000722706,4.82957271257822E-6,2.26117755432929E-6,0.25,1.22242526868868E-7,4.44098769224301E-7,1.22549384288689E-7,298.0534973,298.2191162,999.988037109375,999.988037109375,51.5921720403516,14.8398670789419,5.154188,0,0,0,200,4886,294.0249,999.988037109375,,,,,,,,,,,,,0,,,,6.3897567,,,,,,298.13630675,,,,
,50915465.65,297.96076965,999.988037109375,1.64561797780495E-7,1.34004384687107E-7,1,4.99626677034896,40.0298881530762,2.00249807760789,1.01000000722706,2.01781405505122E-6,-4.98890874024695E-7,0.25,-7.18554878462528E-8,1.64618278227622E-7,-7.17466293179455E-8,297.868042,298.0534973,999.988037109375,999.988037109375,51.5726313273708,14.8403640043982,5.154188,0,0,0,200,4886,293.53545,999.988037109375,,,,,,,,,,,,,0,,,,6.3897567,,,,,,297.96076965,,,,
,50915470.665,297.75317385,999.988037109375,2.91995118224795E-7,1.44469232591649E-7,1,4.99626677034896,40.0298881530762,2.00241279232935,1.01000000722706,3.57693576328678E-6,-8.65789710137852E-7,0.25,-1.25798725737309E-7,2.92096594932056E-7,-1.25606102816914E-7,297.6383057,297.868042,999.988037109375,999.988037109375,51.4624217061593,14.8380923879992,4.781127,0,0,0,200,4886,293.0884,999.988037109375,,,,,,,,,,,,,0,,,,6.3897567,,,,,,297.75317385,,,,
,50915475.665,297.539917,999.988037109375,2.73763933976809E-7,1.49597984609343E-7,1,4.99626677034896,40.0298881530762,2.00247489825699,1.01000000722706,3.00936238014839E-6,1.20266289135307E-6,0.25,5.86030645314605E-8,2.73740646322342E-7,5.87939208946663E-8,297.4415283,297.6383057,999.988037109375,999.988037109375,51.6773695489478,14.8419758706691,5.527248,0,0,0,200,4886,292.6108,999.988037109375,,,,,,,,,,,,,0,,,,6.45423125,,,,,,297.539917,,,,
,50915480.635,297.31362915,999.988037109375,3.67310955757506E-7,1.46378148076629E-7,1,4.99626677034896,40.0298881530762,2.00250498070793,1.01000000722706,3.9861679529374E-6,1.91552330630567E-6,0.25,1.05083050898622E-7,3.67264565153844E-7,1.05342153377956E-7,297.18573,297.4415283,999.988037109375,999.988037109375,51.6867490911785,14.8398176781214,5.527248,0,0,0,200,4886,292.1062,999.988037109375,,,,,,,,,,,,,0,,,,6.48630735,,,,,,297.31362915,,,,
,50915485.635,297.07328795,999.988037109375,5.82975684082814E-7,1.52332072424261E-7,1,4.99626677034896,40.0298881530762,2.00243822393134,1.01000000722706,6.78170946069345E-6,3.77267455400127E-7,0.25,-6.65978697746779E-8,5.83067345171963E-7,-6.62027207279016E-8,296.9608459,297.18573,999.988037109375,999.988037109375,51.6085862392555,14.8393339912676,4.781127,0,0,0,200,4886,291.617,999.988037109375,,,,,,,,,,,,,0,,,,6.4539089,,,,,,297.07328795,,,,
,50915504.89,296.0375671,999.988037109375,,,2,,,,1.03600017032027,,,,,,,296.0375671,296.0375671,999.988037109375,999.988037109375,,,5.154188,,,,-99999999,4886,289.5259,999.988037109375,,,,,,,,,,,,,,,,,,,,,,,296.0375671,,,,
touchdown = -4.86999982967973 mm,50915534.36,294.184967,999.988037109375,3.17122695404825E-7,1.57887986138074E-7,1,4.99626677034896,40.0298881530762,2.00245614552672,1.01999996695668,3.47920217740073E-6,1.43527005714989E-6,0.25,7.15567578979523E-8,3.1713168408063E-7,7.17927864278032E-8,294.184967,294.184967,999.988037109375,999.988037109375,51.6414146370632,14.8397644701038,4.781127,0,0,0,200,4886,286.2987,999.988037109375,,,,,,,,,,,,,0,,,,6.5187058,,,,,,294.184967,,,,
,50915536.26,294.0437622,999.988037109375,2.86061186243063E-7,1.54705704205741E-7,1,4.99626677034896,40.0298881530762,2.00244257756912,1.01999996695668,2.97376068942015E-6,2.2577568700675E-6,0.25,1.48943387713555E-7,2.86011460338693E-7,1.49173026046477E-7,293.9025574,294.184967,999.988037109375,999.988037109375,52.0619307804094,14.8386587797897,5.154188,0,0,0,200,4886,286.0895,999.988037109375,,,,,,,,,,,,,0,,,,6.5187058,,,,,,294.0437622,,,,
,50915540.595,293.7072754,999.988037109375,3.07828113029835E-7,1.36486959734871E-7,1,4.99626677034896,40.0298881530762,2.00247305968602,1.01999996695668,3.17370245278621E-6,2.58415462959396E-6,0.25,1.73818178118845E-7,3.07768712803032E-7,1.74070542168736E-7,293.5119934,293.9025574,999.988037109375,999.988037109375,51.4319381939093,14.8396732938774,5.527248,0,0,0,200,4886,285.58635,999.988037109375,,,,,,,,,,,,,0,,,,6.5514295,,,,,,293.7072754,,,,
,50915545.62,293.34225465,999.988037109375,2.15931335695795E-7,1.50917839724024E-7,1,4.99626677034896,40.0298881530762,2.00240064664709,1.01999996695668,1.94647234892468E-6,3.44874265327221E-6,0.25,2.65299390238008E-7,2.15791191946966E-7,2.65509766663333E-7,293.1725159,293.5119934,999.988037109375,999.988037109375,51.5437110721593,14.8392712903319,5.527248,0,0,0,200,4886,284.99995,999.988037109375,,,,,,,,,,,,,0,,,,6.5841532,,,,,,293.34225465,,,,
,50915550.63,292.96954345,999.988037109375,3.05218063121092E-7,1.42694241752646E-7,1,4.99626677034896,40.0298881530762,2.00242707347182,1.01999996695668,3.89150022880485E-6,-1.79330783608172E-6,0.25,-2.09330754628821E-7,3.05437104509274E-7,-2.09163418193357E-7,292.766571,293.1725159,999.988037109375,999.988037109375,51.7258305171401,14.8414192730699,5.154188,0,0,0,200,4886,284.4548,999.988037109375,,,,,,,,,,,,,0,,,,6.5514295,,,,,,292.96954345,,,,
,50915555.61,292.59420775,999.988037109375,2.86874894533625E-7,1.32219774432094E-7,1,4.99626677034896,40.0298881530762,2.00240497863714,1.01999996695668,3.10872870363456E-6,1.52491541453142E-6,0.25,8.45773962805048E-8,2.86885617405507E-7,8.48016690148221E-8,292.4218445,292.766571,999.988037109375,999.988037109375,51.904823448044,14.8403517511668,5.527248,0,0,0,200,4886,283.94945,999.988037109375,,,,,,,,,,,,,0,,,,6.5187058,,,,,,292.59420775,,,,
,50915560.6,292.2111969,999.988037109375,2.53558891898772E-7,1.39473189944677E-7,1,4.99626677034896,40.0298881530762,2.00245902522186,1.01999996695668,2.83229107361638E-6,8.53757024172017E-7,0.25,3.14574544080089E-8,2.53602658947605E-7,3.16459099967617E-8,292.0005493,292.4218445,999.988037109375,999.988037109375,51.8790297069093,14.8429783835853,5.154188,0,0,0,200,4886,283.36295,999.988037109375,,,,,,,,,,,,,0,,,,6.5187058,,,,,,292.2111969,,,,
,50915565.585,291.8223114,999.988037109375,2.75800486619979E-7,1.47242148492354E-7,1,4.99626677034896,40.0298881530762,2.00227210740405,1.01999996695668,3.00154946325495E-6,1.39034836131124E-6,0.25,7.46821724663172E-8,2.75823217926726E-7,7.48992882617193E-8,291.6440735,292.0005493,999.988037109375,999.988037109375,51.5773210984862,14.8387477861651,4.781127,0,0,0,200,4886,282.77935,999.988037109375,,,,,,,,,,,,,0,,,,6.5187058,,,,,,291.8223114,,,,
,50915570.56,291.42027285,999.988037109375,2.15313074949511E-7,1.42379130481687E-7,1,4.99626677034896,40.0298881530762,2.00222558482958,1.01999996695668,2.21516823297429E-6,1.83447626637233E-6,0.25,1.23944912302682E-7,2.15287087345996E-7,1.2413471571452E-7,291.1964722,291.6440735,999.988037109375,999.988037109375,51.7000367760055,14.838131785506,4.781127,0,0,0,200,4886,282.235,999.988037109375,,,,,,,,,,,,,0,,,,6.5844817,,,,,,291.42027285,,,,
,50915575.555,291.02238465,999.988037109375,1.89266091391603E-7,1.34509900357227E-7,1,4.99626677034896,40.0298881530762,2.00226958663245,1.01999996695668,1.84694666404048E-6,2.19930051127683E-6,0.25,1.60361742420432E-7,1.89209062930202E-7,1.60546252274868E-7,290.8482971,291.1964722,999.988037109375,999.988037109375,51.5640334136593,14.838648678199,5.154188,0,0,0,200,4886,281.64735,999.988037109375,,,,,,,,,,,,,0,,,,6.5844817,,,,,,291.02238465,,,,
,50915580.555,290.6515045,999.988037109375,2.84365063675455E-7,1.41535227133124E-7,1,4.99626677034896,40.0298881530762,2.00218341158462,1.01999996695668,2.76301831592244E-6,3.37368570514098E-6,0.25,2.47019497553248E-7,2.84278536122542E-7,2.47302518893327E-7,290.4547119,290.8482971,999.988037109375,999.988037109375,51.5038480176785,14.8373328019177,5.527248,0,0,0,200,4886,281.06155,999.988037109375,,,,,,,,,,,,,0,,,,6.5844817,,,,,,290.6515045,,,,
,50915585.6,290.2244873,999.988037109375,2.45014310812798E-7,1.44192359128006E-7,1,4.99626677034896,40.0298881530762,2.00224739749016,1.01999996695668,2.72748711169271E-6,8.79268511386269E-7,0.25,3.5153810191296E-8,2.4507118911087E-7,3.53418925357639E-8,289.9942627,290.4547119,999.988037109375,999.988037109375,51.8547992228132,14.8392756640363,4.781127,0,0,0,200,4886,280.53165,999.988037109375,,,,,,,,,,,,,0,,,,6.6172054,,,,,,290.2244873,,,,
,50915590.585,289.79856875,999.988037109375,1.24992814694594E-7,1.47436222776044E-7,1,4.99626677034896,40.0298881530762,2.00216921726049,1.01999996695668,1.06445218626291E-6,2.36054157680009E-6,0.25,1.85480804403651E-7,1.24902942124366E-7,1.85636137570328E-7,289.6028748,289.9942627,999.988037109375,999.988037109375,51.9470313880824,14.8392896459152,5.154188,0,0,0,200,4886,279.94815,999.988037109375,,,,,,,,,,,,,0,,,,6.5841532,,,,,,289.79856875,,,,
,50915595.57,289.3793335,999.988037109375,1.65386085802062E-7,1.3803641485347E-7,1,4.99626677034896,40.0298881530762,2.00218327560284,1.01999996695668,2.01932436476818E-6,-4.48956469018571E-7,0.25,-6.76206557288655E-8,1.65495709436693E-7,-6.75258538804295E-8,289.1557922,289.6028748,999.988037109375,999.988037109375,51.8985704198901,14.8395959594495,5.154188,0,0,0,200,4886,279.3085,999.988037109375,,,,,,,,,,,,,0,,,,6.5841532,,,,,,289.3793335,,,,
,50915600.565,288.93766785,999.988037109375,1.05705209398545E-7,1.55303021207169E-7,1,4.99626677034896,40.0298881530762,2.00215639887899,1.01999996695668,9.48660321151417E-7,1.71301396017364E-6,0.25,1.32031956939114E-7,1.05650025513701E-7,1.32159268056337E-7,288.7195435,289.1557922,999.988037109375,999.988037109375,51.9478130166017,14.8379716612166,5.154188,0,0,0,200,4886,278.72095,999.988037109375,,,,,,,,,,,,,0,,,,6.5841532,,,,,,288.93766785,,,,
,50915605.55,288.4940033,999.988037109375,3.5908980145894E-7,1.36357598072975E-7,1,4.99626677034896,40.0298881530762,2.00217718569978,1.01999996695668,4.08353041615189E-6,7.85520854467313E-7,0.25,7.42861085104708E-9,3.59228172372957E-7,7.6925940393871E-9,288.2684631,288.7195435,999.988037109375,999.988037109375,51.6210922955631,14.8383787232017,5.154188,0,0,0,200,4886,278.1732,999.988037109375,,,,,,,,,,,,,0,,,,6.6172054,,,,,,288.4940033,,,,
,50915610.555,288.06799315,999.988037109375,2.00835130244483E-7,1.46928727213949E-7,1,4.99626677034896,40.0298881530762,2.00216004838622,1.01999996695668,1.85511852807365E-6,2.94683176194991E-6,0.25,2.23872072314939E-7,2.00755617227751E-7,2.24111636183182E-7,287.8675232,288.2684631,999.988037109375,999.988037109375,51.6250004381593,14.8406702336361,5.527248,0,0,0,200,4886,277.58935,999.988037109375,,,,,,,,,,,,,0,,,,6.6172054,,,,,,288.06799315,,,,
,50915615.57,287.62469485,999.988037109375,7.6390263608719E-8,1.44532731911633E-7,1,4.99626677034896,40.0298881530762,2.00216302816198,1.01999996695668,6.44491043630181E-7,1.47842263567489E-6,0.25,1.1648090780701E-7,7.63382482215435E-8,1.16587154883589E-7,287.3818665,287.8675232,999.988037109375,999.988037109375,51.6664267496785,14.8392871636477,5.154188,0,0,0,200,4886,277.00575,999.988037109375,,,,,,,,,,,,,0,,,,6.6172054,,,,,,287.62469485,,,,
,50915620.6,287.1525574,999.988037109375,4.15552945036963E-7,1.46259397581919E-7,1,4.99626677034896,40.0298881530762,2.00217146082704,1.01999996695668,4.48602373803386E-6,2.31155139871246E-6,0.25,1.314803542835E-7,4.1564397516635E-7,1.31843976518625E-7,286.9232483,287.3818665,999.988037109375,999.988037109375,51.4671114772747,14.8405042923393,5.154188,0,0,0,200,4886,276.4229,999.988037109375,,,,,,,,,,,,,0,,,,6.6172054,,,,,,287.1525574,,,,
,50915625.545,286.7157593,999.988037109375,1.61011743693496E-7,1.3165626067797E-7,1,4.99626677034896,40.0298881530762,2.00212332183066,1.01999996695668,1.77590472660336E-6,6.74909065792851E-7,0.25,3.16030984412454E-8,1.6106376379188E-7,3.17360879810387E-8,286.5082703,286.9232483,999.988037109375,999.988037109375,51.6468860366978,14.8424574646117,4.781127,0,0,0,200,4886,275.8416,999.988037109375,,,,,,,,,,,,,0,,,,6.6172054,,,,,,286.7157593,,,,
,50915630.515,286.25050355,999.988037109375,4.15492412097944E-7,1.63366663410922E-7,1,4.99626677034896,40.0298881530762,2.00211015349018,1.01999996695668,4.42472144346476E-6,2.66597957615361E-6,0.25,1.6254354594325E-7,4.15574172293336E-7,1.62928135795122E-7,285.9927368,286.5082703,999.988037109375,999.988037109375,51.7789812564478,14.8407556539612,5.154188,0,0,0,200,4886,275.299,999.988037109375,,,,,,,,,,,,,0,,,,6.6836417,,,,,,286.25050355,,,,
,50915635.545,285.78051755,999.988037109375,3.45244495211045E-7,1.40917100867458E-7,1,4.99626677034896,40.0298881530762,2.00209169979396,1.01999996695668,3.83192708271026E-6,1.30728077615543E-6,0.25,5.55046279598439E-8,3.45376981887742E-7,5.57872704090217E-8,285.5682983,285.9927368,999.988037109375,999.988037109375,51.8094647686978,14.839535062481,5.527248,0,0,0,200,4886,274.70875,999.988037109375,,,,,,,,,,,,,0,,,,6.6836417,,,,,,285.78051755,,,,
,50915640.555,285.35113525,999.988037109375,3.39812482960322E-7,1.41402012030714E-7,1,4.99626677034896,40.0298881530762,2.0021153639125,1.01999996695668,3.42106224534623E-6,3.33737918682208E-6,0.25,2.34301825741663E-7,3.39815303965526E-7,2.34674752248259E-7,285.1339722,285.5682983,999.988037109375,999.988037109375,51.6703348922747,14.8412384684264,5.154188,0,0,0,200,4886,274.0793,999.988037109375,,,,,,,,,,,,,0,,,,6.6502576,,,,,,285.35113525,,,,
,50915645.525,284.86322025,999.988037109375,2.2986341805936E-7,1.4865951965168E-7,1,4.99626677034896,40.0298881530762,2.00209860987262,1.01999996695668,2.15418611199061E-6,3.19308973105398E-6,0.25,2.40458540202986E-7,2.29808439038071E-7,2.40758151992092E-7,284.5924683,285.1339722,999.988037109375,999.988037109375,51.6289085807555,14.8394156129807,5.154188,0,0,0,200,4886,273.49765,999.988037109375,,,,,,,,,,,,,0,,,,6.6502576,,,,,,284.86322025,,,,
,50915650.5,284.37417605,999.988037109375,2.99340483893829E-7,1.51118666502185E-7,1,4.99626677034896,40.0298881530762,2.00219124491165,1.01999996695668,3.55074449135829E-6,-1.9956566846624E-7,0.25,-6.86751328560759E-8,2.99557763774074E-7,-6.84906734523875E-8,284.1558838,284.5924683,999.988037109375,999.988037109375,52.0634940374478,14.8403101668933,5.154188,0,0,0,200,4886,272.9569,999.988037109375,,,,,,,,,,,,,0,,,,6.6836417,,,,,,284.37417605,,,,
,50915655.525,283.89353945,999.988037109375,3.64420804601124E-7,1.377712486892E-7,1,4.99626677034896,40.0298881530762,2.00213832211964,1.01999996695668,4.08925871054996E-6,1.12203756885579E-6,0.25,3.59826036424544E-8,3.64602935492405E-7,3.62748210958727E-8,283.6311951,284.1558838,999.988037109375,999.988037109375,51.8594889939286,14.840854389031,5.154188,0,0,0,200,4886,272.45645,999.988037109375,,,,,,,,,,,,,0,,,,6.6836417,,,,,,283.89353945,,,,
,50915660.525,283.41127015,999.988037109375,1.56666735461604E-7,1.28932876964065E-7,1,4.99626677034896,40.0298881530762,2.00208972853752,1.01999996695668,1.48497736411497E-6,2.07878069225735E-6,0.25,1.55334199486229E-7,1.56643456752369E-7,1.55543044935273E-7,283.1913452,283.6311951,999.988037109375,999.988037109375,51.7891424271978,14.8412934614681,5.154188,0,0,0,200,4886,272.0764,999.988037109375,,,,,,,,,,,,,0,,,,6.6502576,,,,,,283.41127015,,,,
,50915665.51,282.93437195,999.988037109375,2.55167224903676E-7,1.38663013042447E-7,1,4.99626677034896,40.0298881530762,2.00196781328358,1.01999996695668,2.89266684390856E-6,6.13119941815664E-7,0.25,1.00812492428438E-8,2.55315251184628E-7,1.02780588453945E-8,282.6773987,283.1913452,999.988037109375,999.988037109375,51.7141060893516,14.8382085610877,5.527248,0,0,0,200,4886,271.86755,999.988037109375,,,,,,,,,,,,,0,,,,6.6836417,,,,,,282.93437195,,,,
,50915670.51,282.46476745,999.988037109375,5.3111012340935E-7,1.38554156700755E-7,1,4.99626677034896,40.0298881530762,2.00208360226632,1.01999996695668,5.67541398416993E-6,3.29874328379592E-6,0.25,1.9817226200957E-7,5.31295245161298E-7,1.98693603735772E-7,282.2521362,282.6773987,999.988037109375,999.988037109375,52.2964193361786,14.842389882536,5.154188,0,0,0,200,4886,271.7887,999.988037109375,,,,,,,,,,,,,0,,,,6.7507451,,,,,,282.46476745,,,,
,50915675.525,282.0058899,999.988037109375,1.20805168899105E-7,1.41810275844307E-7,1,4.99626677034896,40.0298881530762,2.00205692459737,1.01999996695668,1.08348186912506E-6,1.96332040404895E-6,0.25,1.5134476219783E-7,1.20769926201875E-7,1.51532681246474E-7,281.7596436,282.2521362,999.988037109375,999.988037109375,51.7203591175055,14.8431180791084,5.154188,0,0,0,200,4886,271.74865,999.988037109375,,,,,,,,,,,,,0,,,,6.7507451,,,,,,282.0058899,,,,
,50915680.51,281.5678406,999.988037109375,4.27549297219661E-7,1.48631407275124E-7,1,4.99626677034896,40.0298881530762,2.00207053021634,1.01999996695668,4.94292099405678E-6,4.68525890445442E-7,0.25,-3.20718888672327E-8,4.27856121507587E-7,-3.17734512468019E-8,281.3760376,281.7596436,999.988037109375,999.988037109375,51.6672083781978,14.8410314144564,5.154188,0,0,0,200,4886,271.7474,999.988037109375,,,,,,,,,,,,,0,,,,6.7170258,,,,,,281.5678406,,,,
,50915687.975,280.9934845,999.988037109375,-1.06201306892637E-8,1.40224392464298E-7,1,4.99626677034896,40.0298881530762,2.00195338547244,1.01999996695668,-4.03425129576287E-7,1.62942386988407E-6,0.25,1.44569897267685E-7,-1.07355390099777E-8,1.44660743812793E-7,280.6109314,281.3760376,999.988037109375,999.988037109375,51.8094647686978,14.8416321446032,5.154188,0,0,0,200,4886,271.6173,999.988037109375,,,,,,,,,,,,,0,,,,6.7507451,,,,,,280.9934845,,,,
,50915695.465,280.4257965,999.988037109375,3.34749125047114E-7,1.31873139522887E-7,1,4.99626677034896,40.0298881530762,2.00203566148834,1.01999996695668,3.79701578757507E-6,7.94522033730084E-7,0.25,1.235576439889E-8,3.3497582470096E-7,1.26151339711898E-8,280.2406616,280.6109314,999.988037109375,999.988037109375,52.0822531219094,14.8421270028749,5.154188,0,0,0,200,4886,271.4059,999.988037109375,,,,,,,,,,,,,0,,,,6.7844644,,,,,,280.4257965,,,,
,50915700.465,280.05874635,999.988037109375,1.44046765023291E-7,1.33185180085725E-7,1,4.99626677034896,40.0298881530762,2.00199827206044,1.01999996695668,1.40854916661252E-6,1.65957609623129E-6,0.25,1.20752459763577E-7,1.44059810934856E-7,1.20947197229298E-7,279.8768311,280.2406616,999.988037109375,999.988037109375,51.8376033953901,14.8434164621074,4.781127,0,0,0,200,4886,271.2343,999.988037109375,,,,,,,,,,,,,0,,,,6.7844644,,,,,,280.05874635,,,,
,50915705.46,279.7154236,999.988037109375,2.48549012111989E-7,1.34513136017715E-7,1,4.99626677034896,40.0298881530762,2.00201391320252,1.01999996695668,2.53809431629278E-6,2.23426142764797E-6,0.25,1.5322174518197E-7,2.48615911139492E-7,1.53520356855991E-7,279.5540161,279.8768311,999.988037109375,999.988037109375,51.6773695489478,14.8422954713678,5.154188,0,0,0,200,4886,270.94555,999.988037109375,,,,,,,,,,,,,0,,,,6.7507451,,,,,,279.7154236,,,,
,50915710.455,279.40403745,999.988037109375,1.89835540942592E-7,1.34784289498418E-7,1,4.99626677034896,40.0298881530762,2.00203342995058,1.01999996695668,1.93578173505836E-6,1.72282675778181E-6,0.25,1.18456219011192E-7,1.8988766016975E-7,1.18686935667145E-7,279.2540588,279.5540161,999.988037109375,999.988037109375,51.8602706224478,14.8459609880739,4.781127,0,0,0,200,4886,270.61535,999.988037109375,,,,,,,,,,,,,0,,,,6.7170258,,,,,,279.40403745,,,,
,50915715.475,279.0804901,999.988037109375,2.34762302633902E-7,1.33702536629413E-7,1,4.99626677034896,40.0298881530762,2.0020175672057,1.01999996695668,2.54580165878423E-6,1.24245534783286E-6,0.25,6.86909165489724E-8,2.34888016316695E-7,6.89194627138793E-8,278.9069214,279.2540588,999.988037109375,999.988037109375,52.1002305778517,14.8423171709162,5.154188,0,0,0,200,4886,270.32435,999.988037109375,,,,,,,,,,,,,0,,,,6.7507451,,,,,,279.0804901,,,,
,50915720.465,278.7556,999.988037109375,1.27488071605861E-7,1.35923749897379E-7,1,4.99626677034896,40.0298881530762,2.00195836916127,1.01999996695668,1.28059526059004E-6,1.27044148610657E-6,0.25,8.94903531291423E-8,1.27518522005777E-7,8.96551528863256E-8,278.6042786,278.9069214,999.988037109375,999.988037109375,51.6234371811209,14.8424767269607,5.154188,0,0,0,200,4886,269.9562,999.988037109375,,,,,,,,,,,,,0,,,,6.7844644,,,,,,278.7556,,,,
,50915725.475,278.43289185,999.988037109375,5.75588870564267E-7,1.38785358028922E-7,1,4.99626677034896,40.0298881530762,2.00202282600794,1.01999996695668,6.0734958041402E-6,4.0312668579568E-6,0.25,2.54693998507115E-7,5.7584552353114E-7,2.55327265928966E-7,278.2615051,278.6042786,999.988037109375,999.988037109375,51.861052250967,14.8449225921671,5.154188,0,0,0,200,4886,269.53825,999.988037109375,,,,,,,,,,,,,0,,,,6.7844644,,,,,,278.43289185,,,,
,50915730.475,278.10760495,999.988037109375,2.40116225581977E-7,1.39935347106656E-7,1,4.99626677034896,40.0298881530762,2.00196503914455,1.01999996695668,2.45483738652522E-6,2.14231338228096E-6,0.25,1.4660070318609E-7,2.40195574176831E-7,1.46898458754541E-7,277.9537048,278.2615051,999.988037109375,999.988037109375,51.6289085807555,14.8442491379727,4.781127,0,0,0,200,4886,269.156,999.988037109375,,,,,,,,,,,,,0,,,,6.818522,,,,,,278.10760495,,,,
,50915735.465,277.7662201,999.988037109375,4.07726006623527E-8,1.42895515784541E-7,1,4.99626677034896,40.0298881530762,2.00189244740733,1.01999996695668,1.42817458042577E-7,1.96593211452449E-6,0.25,1.65246244415718E-7,4.06802352243945E-8,1.6541017284047E-7,277.5787354,277.9537048,999.988037109375,999.988037109375,51.7703833427362,14.8437214772161,5.527248,0,0,0,200,4886,268.7863,999.988037109375,,,,,,,,,,,,,0,,,,6.8525796,,,,,,277.7662201,,,,
,50915740.475,277.42149355,999.988037109375,2.45587429292922E-7,1.45573817439268E-7,1,4.99626677034896,40.0298881530762,2.00195644114988,1.03000004310161,2.5229956570067E-6,2.11999777049435E-6,0.25,1.43705532252685E-7,2.4567926502026E-7,1.44009488577589E-7,277.2642517,277.5787354,999.988037109375,999.988037109375,51.5882638977555,14.8444925993617,5.527248,0,0,0,200,4886,268.3808,999.988037109375,,,,,,,,,,,,,0,,,,6.8525796,,,,,,277.42149355,,,,
,50915745.46,277.10406495,999.988037109375,2.54293575036129E-7,1.26606654977415E-7,1,4.99626677034896,40.0298881530762,2.00196857552712,1.01999996695668,2.69815692405839E-6,1.69424605415502E-6,0.25,1.04918544419785E-7,2.54424871097922E-7,1.05198959949163E-7,276.9438782,277.2642517,999.988037109375,999.988037109375,51.925145789544,14.8420340151357,5.154188,0,0,0,200,4886,268.0009,999.988037109375,,,,,,,,,,,,,0,,,,6.8525796,,,,,,277.10406495,,,,
,50915750.45,276.7762604,999.988037109375,1.38308902097421E-7,1.56696678059081E-7,1,4.99626677034896,40.0298881530762,2.00193174141318,1.01999996695668,1.46544292658383E-6,9.33540842319033E-7,0.25,5.81204060923315E-8,1.38381149855934E-7,5.82746780779971E-8,276.6086426,276.9438782,999.988037109375,999.988037109375,51.7477161156786,14.8432769482852,5.154188,0,0,0,200,4886,267.65895,999.988037109375,,,,,,,,,,,,,0,,,,6.818522,,,,,,276.7762604,,,,
,50915755.465,276.4100647,999.988037109375,1.12631845336755E-7,1.26344429793649E-7,1,4.99626677034896,40.0298881530762,2.00198402807945,1.01999996695668,1.76351744363135E-6,-2.57297414391574E-6,0.25,-2.44639993703921E-7,1.12914830780237E-7,-2.44763551872077E-7,276.2114868,276.6086426,999.988037109375,999.988037109375,52.0720919511594,14.8455804391412,5.154188,0,0,0,200,4886,267.33085,999.988037109375,,,,,,,,,,,,,0,,,,6.818522,,,,,,276.4100647,,,,
,50915760.45,276.05055235,999.988037109375,1.28111631485883E-7,1.25484305718505E-7,1,4.99626677034896,40.0298881530762,2.00196358098988,1.01999996695668,8.43657969837402E-7,3.8688333715369E-6,0.25,3.16972974695334E-7,1.27981020322712E-7,3.17346473075073E-7,275.8896179,276.2114868,999.988037109375,999.988037109375,51.3678446553324,14.8456896672451,5.154188,0,0,0,200,4886,267.04105,999.988037109375,,,,,,,,,,,,,0,,,,6.8525796,,,,,,276.05055235,,,,
,50915780.02,274.7264709,999.988037109375,,,2,,,,1.03600017032027,,,,,,,274.7264709,274.7264709,999.988037109375,999.988037109375,,,5.154188,,,,-99999999,4886,265.8356,999.988037109375,,,,,,,,,,,,,,,,,,,,,,,274.7264709,,,,
touchdown = -4.86999982967973 mm,50915809.51,272.7682495,999.988037109375,3.01858257538103E-7,1.23409783347613E-7,1,4.99626677034896,40.0298881530762,2.00189378226855,1.01999996695668,3.25234267379872E-6,1.72424442205302E-6,0.25,9.93880646332692E-8,3.02081136977171E-7,9.97205673752716E-8,272.7682495,272.7682495,999.988037109375,999.988037109375,51.6093678677747,14.844611415721,5.154188,0,0,0,200,4886,263.9228,999.988037109375,,,,,,,,,,,,,0,,,,6.8525796,,,,,,272.7682495,,,,
,50915811.22,272.63371275,999.988037109375,3.3611646415085E-7,1.31774548287305E-7,1,4.99626677034896,40.0298881530762,2.00186169629459,1.01999996695668,3.58907076872824E-6,2.10902255835605E-6,0.25,1.27231245039475E-7,3.36353483224304E-7,1.27618679153731E-7,272.499176,272.7682495,999.988037109375,999.988037109375,51.8626155080055,14.8436635364255,5.154188,0,0,0,200,4886,263.84315,999.988037109375,,,,,,,,,,,,,0,,,,6.818522,,,,,,272.63371275,,,,
,50915815.385,272.3447418,999.988037109375,2.13276368340304E-7,1.26644984326555E-7,1,4.99626677034896,40.0298881530762,2.00179385427249,1.01999996695668,2.53875494645725E-6,-1.90200020538995E-7,0.25,-5.31391883022402E-8,2.13532849020497E-7,-5.30273995994319E-8,272.1903076,272.499176,999.988037109375,999.988037109375,51.6961286334093,14.8397059040306,5.154188,0,0,0,200,4886,263.59185,999.988037109375,,,,,,,,,,,,,0,,,,6.818522,,,,,,272.3447418,,,,
,50915820.38,272.01091005,999.988037109375,1.14288301562876E-7,1.25451368483417E-7,1,4.99626677034896,40.0298881530762,2.00193235361581,1.01999996695668,1.28244831169514E-6,3.5467193161658E-7,0.25,1.15141304434086E-8,1.14396144007089E-7,1.16146887969025E-8,271.8315125,272.1903076,999.988037109375,999.988037109375,51.8516727087362,14.8456336064153,4.781127,0,0,0,200,4886,263.2288,999.988037109375,,,,,,,,,,,,,0,,,,6.8525796,,,,,,272.01091005,,,,
,50915825.41,271.6678772,999.988037109375,3.7708812388262E-7,1.19140748823768E-7,1,4.99626677034896,40.0298881530762,2.00185279206059,1.01999996695668,4.38946602151658E-6,2.45287334297168E-7,0.25,-4.30168754849038E-8,3.77511799429668E-7,-4.27679149876741E-8,271.5042419,271.8315125,999.988037109375,999.988037109375,51.9790781573709,14.8433145714737,5.154188,0,0,0,200,4886,262.8507,999.988037109375,,,,,,,,,,,,,0,,,,6.8525796,,,,,,271.6678772,,,,
,50915830.425,271.32394405,999.988037109375,3.16838904662242E-7,1.23082015134684E-7,1,4.99626677034896,40.0298881530762,2.00185927031487,1.01999996695668,3.29909476620389E-6,2.48091297511391E-6,0.25,1.63089371530096E-7,3.17043746840612E-7,1.63507188886132E-7,271.1436462,271.5042419,999.988037109375,999.988037109375,51.6797144345055,14.8465710296143,5.154188,0,0,0,200,4886,262.5293,999.988037109375,,,,,,,,,,,,,0,,,,6.88697935,,,,,,271.32394405,,,,
,50915835.41,270.9881439,999.988037109375,2.2101998973249E-7,1.40645635589758E-7,1,4.99626677034896,40.0298881530762,2.00187921852766,1.01999996695668,2.66410949987066E-6,-3.89661037256378E-7,0.25,-7.19321915545133E-8,2.21310495478918E-7,-7.18359422769975E-8,270.8326416,271.1436462,999.988037109375,999.988037109375,51.5757578414478,14.8433982616419,5.154188,0,0,0,200,4886,262.20405,999.988037109375,,,,,,,,,,,,,0,,,,6.9213791,,,,,,270.9881439,,,,
,50915840.395,270.6797638,999.988037109375,1.22525027145906E-7,1.23448273830918E-7,1,4.99626677034896,40.0298881530762,2.00185958204539,1.01999996695668,1.2127172907867E-6,1.32835855706798E-6,0.25,9.53799766535739E-8,1.22581795299714E-7,9.55780094916001E-8,270.526886,270.8326416,999.988037109375,999.988037109375,51.6523574363324,14.8473769814726,5.154188,0,0,0,200,4886,261.8566,999.988037109375,,,,,,,,,,,,,0,,,,6.85292175,,,,,,270.6797638,,,,
,50915845.37,270.34591675,999.988037109375,4.21837768543429E-7,1.30809116752339E-7,1,4.99626677034896,40.0298881530762,2.00181067891378,1.01999996695668,5.06442305356653E-6,-6.2534216265685E-7,0.25,-1.26924715636935E-7,4.2239463173243E-7,-1.26732039691375E-7,270.1649475,270.526886,999.988037109375,999.988037109375,52.1596343453132,14.8453724505042,5.154188,0,0,0,200,4886,261.5125,999.988037109375,,,,,,,,,,,,,0,,,,6.818522,,,,,,270.34591675,,,,
,50915850.345,269.98365785,999.988037109375,3.75978813689315E-7,1.31240709678396E-7,1,4.99626677034896,40.0298881530762,2.00182356001415,1.01999996695668,3.87117391665901E-6,3.20036212099224E-6,0.25,2.15973651471743E-7,3.76222294050783E-7,2.16505688198459E-7,269.8023682,270.1649475,999.988037109375,999.988037109375,51.6007699540631,14.8444328719749,5.154188,0,0,0,200,4886,261.1726,999.988037109375,,,,,,,,,,,,,0,,,,6.88697935,,,,,,269.98365785,,,,
,50915855.375,269.64523315,999.988037109375,2.76306254177508E-7,1.26148684564604E-7,1,4.99626677034896,40.0298881530762,2.00190244652636,1.01999996695668,2.85893637180863E-6,2.27094035160935E-6,0.25,1.5161440144398E-7,2.76494097777516E-7,1.51999848008351E-7,269.4880981,269.8023682,999.988037109375,999.988037109375,51.8196259394478,14.8454404597438,5.527248,0,0,0,200,4886,260.84765,999.988037109375,,,,,,,,,,,,,0,,,,6.88697935,,,,,,269.64523315,,,,
,50915860.39,269.30836485,999.988037109375,3.17980528501664E-7,1.26723780402386E-7,1,4.99626677034896,40.0298881530762,2.00187328843275,1.01999996695668,3.48953635788656E-6,1.44773704563847E-6,0.25,7.23934274028425E-8,3.18280831161921E-7,7.27249033995811E-8,269.1286316,269.4880981,999.988037109375,999.988037109375,51.8047749975824,14.8499750262694,5.527248,0,0,0,200,4886,260.51805,999.988037109375,,,,,,,,,,,,,0,,,,6.818522,,,,,,269.30836485,,,,
,50915865.375,268.9748993,999.988037109375,2.25288505748621E-7,1.21678984202273E-7,1,4.99626677034896,40.0298881530762,2.00189997594588,1.01999996695668,2.79862060800863E-6,-8.81392666233131E-7,0.25,-1.15723585828834E-7,2.25635615426203E-7,-1.1567755636046E-7,268.821167,269.1286316,999.988037109375,999.988037109375,51.9681353581017,14.8468781350254,5.154188,0,0,0,200,4886,260.18805,999.988037109375,,,,,,,,,,,,,0,,,,6.818522,,,,,,268.9748993,,,,
,50915872.865,268.477417,999.988037109375,2.91202102127837E-7,1.31524616459044E-7,1,4.99626677034896,40.0298881530762,2.00180098721311,1.01999996695668,3.07661085230604E-6,2.02174082448525E-6,0.25,1.2724235692027E-7,2.91437881558734E-7,1.27619243170773E-7,268.133667,268.821167,999.988037109375,999.988037109375,51.5960801829478,14.8448053107861,5.154188,0,0,0,200,4886,259.69025,999.988037109375,,,,,,,,,,,,,0,,,,6.8525796,,,,,,268.477417,,,,
,50915880.335,267.97166445,999.988037109375,2.83727684358468E-7,1.20589732240429E-7,1,4.99626677034896,40.0298881530762,2.00181500680983,1.01999996695668,3.14043791349763E-6,1.13556809910562E-6,0.25,5.09107516836015E-8,2.84020409345609E-7,5.11950784645827E-8,267.8096619,268.133667,999.988037109375,999.988037109375,51.9548476732747,14.8467586093677,5.154188,0,0,0,200,4886,259.19275,999.988037109375,,,,,,,,,,,,,0,,,,6.818522,,,,,,267.97166445,,,,
,50915885.375,267.6250153,999.988037109375,1.68948149417088E-7,1.19936184040871E-7,1,4.99626677034896,40.0298881530762,2.00190380345329,1.01999996695668,1.68097975400908E-6,1.78180930568721E-6,0.25,1.27129824551525E-7,1.69047875400025E-7,1.27414622635968E-7,267.4403687,267.8096619,999.988037109375,999.988037109375,51.7969587123901,14.8493816621049,5.154188,0,0,0,200,4886,258.86785,999.988037109375,,,,,,,,,,,,,0,,,,6.7844644,,,,,,267.6250153,,,,
,50915890.4,267.28247075,999.988037109375,3.935219602852E-7,1.2909934821499E-7,1,4.99626677034896,40.0298881530762,2.00181466060635,1.01999996695668,4.47358394380314E-6,8.86531151725068E-7,0.25,1.03172488761269E-8,3.93985849827878E-7,1.06420630434841E-8,267.1245728,267.4403687,999.988037109375,999.988037109375,51.7508426297555,14.8452963557666,5.527248,0,0,0,200,4886,258.52845,999.988037109375,,,,,,,,,,,,,0,,,,6.7844644,,,,,,267.28247075,,,,
,50915895.345,266.9449158,999.988037109375,3.66853784685017E-7,1.19880536992353E-7,1,4.99626677034896,40.0298881530762,2.00187334651349,1.01999996695668,4.43441587752498E-6,-7.15783291408126E-7,0.25,-1.2543533803036E-7,3.67398276743645E-7,-1.25295651947514E-7,266.7652588,267.1245728,999.988037109375,999.988037109375,51.7610038005055,14.8508199726063,5.154188,0,0,0,200,4886,258.16965,999.988037109375,,,,,,,,,,,,,0,,,,6.7844644,,,,,,266.9449158,,,,
,50915900.32,266.5902405,999.988037109375,4.60799833660166E-7,1.14280201519281E-7,1,4.99626677034896,40.0298881530762,2.00185309057514,1.01999996695668,5.3046880126032E-6,6.52014843142855E-7,0.25,-2.17321176021552E-8,4.6138191129829E-7,-2.13917343616309E-8,266.4152222,266.7652588,999.988037109375,999.988037109375,51.7703833427362,14.848486938615,5.154188,0,0,0,200,4886,257.84585,999.988037109375,,,,,,,,,,,,,0,,,,6.7844644,,,,,,266.5902405,,,,
,50915905.32,266.2549744,999.988037109375,1.36553791203742E-7,1.21734749620869E-7,1,4.99626677034896,40.0298881530762,2.00189657887805,1.01999996695668,1.82868317916594E-6,-1.30697481312366E-6,0.25,-1.37804434891305E-7,1.36832782958819E-7,-1.37866159402015E-7,266.0947266,266.4152222,999.988037109375,999.988037109375,51.749279372717,14.8516902373919,5.154188,0,0,0,200,4886,257.55785,999.988037109375,,,,,,,,,,,,,0,,,,6.7844644,,,,,,266.2549744,,,,
,50915910.31,265.916626,999.988037109375,2.70316386202681E-7,1.32009200408495E-7,1,4.99626677034896,40.0298881530762,2.00178999706744,1.01999996695668,2.75006399144582E-6,2.49731485686224E-6,0.25,1.72441735700683E-7,2.70516822397151E-7,1.7287333337432E-7,265.7385254,266.0947266,999.988037109375,999.988037109375,51.5523089858708,14.8474937352857,5.154188,0,0,0,200,4886,257.27145,999.988037109375,,,,,,,,,,,,,0,,,,6.7844644,,,,,,265.916626,,,,
,50915915.345,265.57580565,999.988037109375,2.85291174451941E-7,1.32032051350775E-7,1,4.99626677034896,40.0298881530762,2.0019205134992,1.01999996695668,2.88332844700832E-6,2.74865460099062E-6,0.25,1.91870965321625E-7,2.85498245579872E-7,1.92341627612573E-7,265.4130859,265.7385254,999.988037109375,999.988037109375,51.6812776915439,14.8481500697247,5.154188,0,0,0,200,4886,256.94835,999.988037109375,,,,,,,,,,,,,0,,,,6.7844644,,,,,,265.57580565,,,,
,50915920.345,265.2534332,999.988037109375,4.14917125108993E-7,1.24781993153984E-7,1,4.99626677034896,40.0298881530762,2.00182169843854,1.01999996695668,4.61751017939845E-6,1.51742429921046E-6,0.25,6.18919388509907E-8,4.15396906729891E-7,6.23033066256159E-8,265.0937805,265.4130859,999.988037109375,999.988037109375,51.7078530611978,14.8466954842079,5.154188,0,0,0,200,4886,256.60195,999.988037109375,,,,,,,,,,,,,0,,,,6.7844644,,,,,,265.2534332,,,,
,50915925.32,264.9384918,999.988037109375,1.23321147929815E-7,1.28239855683691E-7,1,4.99626677034896,40.0298881530762,2.00185595752227,1.01999996695668,1.61853312732187E-6,-9.8746047942874E-7,0.25,-1.07560760373266E-7,1.23566255810068E-7,-1.07600295623074E-7,264.7832031,265.0937805,999.988037109375,999.988037109375,51.678151177467,14.8491958538696,5.154188,0,0,0,200,4886,256.2426,999.988037109375,,,,,,,,,,,,,0,,,,6.7507451,,,,,,264.9384918,,,,
,50915930.32,264.6083374,999.988037109375,2.9508403647997E-7,1.33882388765039E-7,1,4.99626677034896,40.0298881530762,2.00179280724247,1.01999996695668,3.01892858427897E-6,2.62835159296479E-6,0.25,1.79666451613194E-7,2.95323251976921E-7,1.8013718122889E-7,264.4334717,264.7832031,999.988037109375,999.988037109375,52.2151299701786,14.8507128796927,5.154188,0,0,0,200,4886,255.9194,999.988037109375,,,,,,,,,,,,,0,,,,6.7170258,,,,,,264.6083374,,,,
,50915935.31,264.2563782,999.988037109375,2.97131432749651E-8,1.32366684839104E-7,1,4.99626677034896,40.0298881530762,2.00178093605203,1.01999996695668,4.7275849235892E-7,-7.21860132798898E-7,0.25,-6.82912793986356E-8,2.98071300242713E-8,-6.83570460889823E-8,264.0792847,264.4334717,999.988037109375,999.988037109375,51.7477161156786,14.8465952930465,5.154188,0,0,0,200,4886,255.60815,999.988037109375,,,,,,,,,,,,,0,,,,6.7170258,,,,,,264.2563782,,,,
,50915942.795,263.74761965,999.988037109375,1.59400748602285E-7,1.3400466192895E-7,1,4.99626677034896,40.0298881530762,2.00182475861723,1.01999996695668,1.80627686852407E-6,3.9451198635247E-7,0.25,7.27344316458323E-9,1.59607251991385E-7,7.41173362746233E-9,263.4159546,264.0792847,999.988037109375,999.988037109375,51.6859674626593,14.8494890847039,5.527248,0,0,0,200,4886,255.11095,999.988037109375,,,,,,,,,,,,,0,,,,6.7170258,,,,,,263.74761965,,,,
,50915950.295,263.25354005,999.988037109375,1.49716327868169E-7,1.26698125663718E-7,1,4.99626677034896,40.0298881530762,2.00180623576537,1.01999996695668,1.94570756484812E-6,-1.08582981450256E-6,0.25,-1.2068694448542E-7,1.50016164468276E-7,-1.207289012931E-7,263.0911255,263.4159546,999.988037109375,999.988037109375,51.942341616967,14.8489007252348,5.527248,0,0,0,200,4886,254.614,999.988037109375,,,,,,,,,,,,,0,,,,6.6505895,,,,,,263.25354005,,,,
,50915955.295,262.90524295,999.988037109375,2.29433725470807E-7,1.20713723327535E-7,1,4.99626677034896,40.0298881530762,2.00177251635006,1.01999996695668,2.59827914205984E-6,5.77228800593124E-7,0.25,1.12899180975755E-8,2.29737499414394E-7,1.14911656644056E-8,262.7193604,263.0911255,999.988037109375,999.988037109375,51.6953470048901,14.8509321823293,5.154188,0,0,0,200,4886,254.2562,999.988037109375,,,,,,,,,,,,,0,,,,6.5841532,,,,,,262.90524295,,,,
,50915960.29,262.56266785,999.988037109375,4.15168627347628E-7,1.26645714143512E-7,1,4.99626677034896,40.0298881530762,2.00181441105237,1.01999996695668,4.75138474574113E-6,7.54917083014621E-7,0.25,-4.93013417839004E-9,4.15744197468816E-7,-4.60010511486845E-9,262.4059753,262.7193604,999.988037109375,999.988037109375,51.9462497595632,14.8503424215262,5.154188,0,0,0,200,4886,253.9332,999.988037109375,,,,,,,,,,,,,0,,,,6.5841532,,,,,,262.56266785,,,,
,50915965.3,262.22720335,999.988037109375,3.94989179074571E-7,1.30397176972442E-7,1,4.99626677034896,40.0298881530762,2.00181228136832,1.01999996695668,4.33449449842648E-6,1.80542291125249E-6,0.25,9.04979690982487E-8,3.95464407246175E-7,9.09446183934254E-8,262.0484314,262.4059753,999.988037109375,999.988037109375,51.6961286334093,14.8522823919268,5.154188,0,0,0,200,4886,253.62055,999.988037109375,,,,,,,,,,,,,0,,,,6.5514295,,,,,,262.22720335,,,,
,50915970.315,261.8948517,999.988037109375,3.22896900092823E-7,1.20013102908692E-7,1,4.99626677034896,40.0298881530762,2.00181759825971,1.01999996695668,3.87734635261883E-6,-4.75862252530835E-7,0.25,-9.69059496997117E-8,3.23428373624663E-7,-9.67790387522736E-8,261.741272,262.0484314,999.988037109375,999.988037109375,51.9095132191593,14.8497146218331,5.154188,0,0,0,200,4886,253.299,999.988037109375,,,,,,,,,,,,,0,,,,6.5514295,,,,,,261.8948517,,,,
,50915975.29,261.5569916,999.988037109375,2.76080611879317E-7,1.29135021849939E-7,1,4.99626677034896,40.0298881530762,2.00182795903858,1.01999996695668,2.80675640611796E-6,2.56520835140959E-6,0.25,1.77356239671449E-7,2.763265603315E-7,1.778320903891E-7,261.3727112,261.741272,999.988037109375,999.988037109375,51.5484008432747,14.8506067121305,5.527248,0,0,0,200,4886,252.97635,999.988037109375,,,,,,,,,,,,,0,,,,6.5514295,,,,,,261.5569916,,,,
,50915980.26,261.2112427,999.988037109375,3.24844230416291E-7,1.25076749299339E-7,1,4.99626677034896,40.0298881530762,2.00174964082271,1.01999996695668,3.55312560262746E-6,1.55288060915966E-6,0.25,8.03849575225846E-8,3.25242289977505E-7,8.07648299154754E-8,261.0497742,261.3727112,999.988037109375,999.988037109375,51.8657420220824,14.8468115625513,5.154188,0,0,0,200,4886,252.66295,999.988037109375,,,,,,,,,,,,,0,,,,6.48630735,,,,,,261.2112427,,,,
,50915985.26,260.8653717,999.988037109375,2.4441129310486E-7,1.20709505887266E-7,1,4.99626677034896,40.0298881530762,2.0017692438714,1.03000004310161,2.50582467583645E-6,2.1479576989486E-6,0.25,1.46243044288467E-7,2.44643776832543E-7,1.46653471575278E-7,260.6809692,261.0497742,999.988037109375,999.988037109375,51.678151177467,14.8512711888284,5.154188,0,0,0,200,4886,252.34175,999.988037109375,,,,,,,,,,,,,0,,,,6.48630735,,,,,,260.8653717,,,,
,50915990.24,260.53121945,999.988037109375,2.19518085480589E-7,1.24355856835693E-7,1,4.99626677034896,40.0298881530762,2.0017742760821,1.01999996695668,2.48869133138883E-6,5.3782177302943E-7,0.25,9.52976305794712E-9,2.19829203887502E-7,9.72332731902418E-9,260.3814697,260.6809692,999.988037109375,999.988037109375,52.013469812217,14.8502834305977,5.154188,0,0,0,200,4886,252.01935,999.988037109375,,,,,,,,,,,,,0,,,,6.5187058,,,,,,260.53121945,,,,
,50915995.225,260.20031735,999.988037109375,4.27919919356865E-7,1.24314876090356E-7,1,4.99626677034896,40.0298881530762,2.00176932372978,1.01999996695668,4.86120160822885E-6,9.91160849053007E-7,0.25,1.35634553543827E-8,4.28535789578434E-7,1.39341913956666E-8,260.019165,260.3814697,999.988037109375,999.988037109375,51.8977887913709,14.8518389130914,5.154188,0,0,0,200,4886,251.70595,999.988037109375,,,,,,,,,,,,,0,,,,6.45423125,,,,,,260.20031735,,,,
,50916000.235,259.8427887,999.988037109375,1.98106898321646E-7,1.32587631579676E-7,1,4.99626677034896,40.0298881530762,2.00174883268427,1.01999996695668,1.72176059177818E-6,3.54934851614914E-6,0.25,2.76850817017287E-7,1.98172429851666E-7,2.77422873443543E-7,259.6664124,260.019165,999.988037109375,999.988037109375,52.2323257976017,14.8498799572375,5.154188,0,0,0,200,4886,251.34905,999.988037109375,,,,,,,,,,,,,0,,,,6.4218328,,,,,,259.8427887,,,,
,50916005.265,259.51812745,999.988037109375,1.46386086758996E-7,1.19280626052231E-7,1,4.99626677034896,40.0298881530762,2.00178041292011,1.01999996695668,1.62617736284697E-6,5.54339096562593E-7,0.25,2.34854228441715E-8,1.46584988463592E-7,2.36408493002229E-8,259.3698425,259.6664124,999.988037109375,999.988037109375,51.8524543372555,14.8516647306665,5.154188,0,0,0,200,4886,251.0275,999.988037109375,,,,,,,,,,,,,0,,,,6.4218328,,,,,,259.51812745,,,,
,50916010.255,259.1886139,999.988037109375,3.41028438542045E-7,1.25443156762972E-7,1,4.99626677034896,40.0298881530762,2.00170816366834,1.01999996695668,3.7183362230402E-6,1.70054562127454E-6,0.25,9.05339879604841E-8,3.41466434880631E-7,9.09510149400535E-8,259.0073853,259.3698425,999.988037109375,999.988037109375,51.8336952527939,14.8480723296842,5.527248,0,0,0,200,4886,250.7139,999.988037109375,,,,,,,,,,,,,0,,,,6.3897567,,,,,,259.1886139,,,,
,50916015.25,258.85188295,999.988037109375,3.33783161957807E-9,1.29545953550189E-7,1,4.99626677034896,40.0298881530762,2.00173300381641,1.01999996695668,-6.70987936290824E-7,4.15107364850507E-6,0.25,3.6284468429149E-7,3.04350408913537E-9,3.63397379121753E-7,258.6963806,259.0073853,999.988037109375,999.988037109375,52.0611491518901,14.8510202701224,4.781127,0,0,0,200,4886,250.3916,999.988037109375,,,,,,,,,,,,,0,,,,6.3579991,,,,,,258.85188295,,,,
,50916020.25,258.5206299,999.988037109375,1.49572244451618E-7,1.27819815611323E-7,1,4.99626677034896,40.0298881530762,2.00173940345655,1.01999996695668,1.83012170568091E-6,-4.1853370183237E-7,0.25,-6.22323103100322E-8,1.49852218922697E-7,-6.2203807054845E-8,258.3448792,258.6963806,999.988037109375,999.988037109375,51.8039933690632,14.8487954360406,5.154188,0,0,0,200,4886,250.08475,999.988037109375,,,,,,,,,,,,,0,,,,6.3262415,,,,,,258.5206299,,,,
,50916025.25,258.1929932,999.988037109375,1.25839290467968E-7,1.19469251063549E-7,1,4.99626677034896,40.0298881530762,2.00173756434503,1.01999996695668,1.77776863317514E-6,-1.74324769743951E-6,0.25,-1.74143688141495E-7,1.2617725794568E-7,-1.7430775347923E-7,258.0411072,258.3448792,999.988037109375,999.988037109375,52.1096101200824,14.8501013811415,5.527248,0,0,0,200,4886,249.73405,999.988037109375,,,,,,,,,,,,,0,,,,6.29479955,,,,,,258.1929932,,,,
,50916030.235,257.86132815,999.988037109375,9.94798970696254E-8,1.29149733169833E-7,1,4.99626677034896,40.0298881530762,2.00176110519213,1.01999996695668,9.79261484445323E-7,1.11256349882695E-6,0.25,8.0376259995411E-8,9.95677161311718E-8,8.05835308665213E-8,257.6815491,258.0411072,999.988037109375,999.988037109375,51.9571925588324,14.8542928965049,5.154188,0,0,0,200,4886,249.3978,999.988037109375,,,,,,,,,,,,,0,,,,6.29479955,,,,,,257.86132815,,,,
,50916035.25,257.5018921,999.988037109375,1.59845328765863E-7,1.30218562235887E-7,1,4.99626677034896,40.0298881530762,2.00169998108424,1.01999996695668,1.4569572051104E-6,2.46855734145536E-6,0.25,1.88758849314711E-7,1.59938923598447E-7,1.89187187555805E-7,257.3222351,257.6815491,999.988037109375,999.988037109375,51.8243157105632,14.8481608976753,4.781127,0,0,0,200,4886,249.0786,999.988037109375,,,,,,,,,,,,,0,,,,6.29479955,,,,,,257.5018921,,,,
,50916040.245,257.1662903,999.988037109375,2.32145330545255E-7,1.30145155802965E-7,1,4.99626677034896,40.0298881530762,2.0016894857724,1.01999996695668,2.67421955618224E-6,3.22466592595846E-7,0.25,-1.14906352232374E-8,2.32521352310348E-7,-1.13156865274106E-8,257.0103455,257.3222351,999.988037109375,999.988037109375,51.8891908776593,14.8521536799574,5.154188,0,0,0,200,4886,248.72845,999.988037109375,,,,,,,,,,,,,0,,,,6.2014086,,,,,,257.1662903,,,,
,50916045.21,256.8579407,999.988037109375,2.62559819591793E-7,1.13003926816727E-7,1,4.99626677034896,40.0298881530762,2.00173477349075,1.01999996695668,2.86618584281964E-6,1.29104447917278E-6,0.25,6.80943322141503E-8,2.62920589933968E-7,6.84213348325045E-8,256.7055359,257.0103455,999.988037109375,999.988037109375,51.9032601910055,14.8526889160451,5.154188,0,0,0,200,4886,248.40645,999.988037109375,,,,,,,,,,,,,0,,,,6.2014086,,,,,,256.8579407,,,,
,50916050.215,256.51602175,999.988037109375,3.35000882471422E-7,1.2088173263224E-7,1,4.99626677034896,40.0298881530762,2.00160803808,1.01999996695668,3.5780459612697E-6,2.10743767178377E-6,0.25,1.27175612232019E-7,3.35431735235487E-7,1.27658965722068E-7,256.3265076,256.7055359,999.988037109375,999.988037109375,51.8579257368901,14.8486732949575,5.527248,0,0,0,200,4886,248.08535,999.988037109375,,,,,,,,,,,,,0,,,,6.2322285,,,,,,256.51602175,,,,
,50916055.225,256.17437745,999.988037109375,4.26746971539838E-7,1.17142199905895E-7,1,4.99626677034896,40.0298881530762,2.00175459827077,1.01999996695668,5.10792242489319E-6,-5.27161570670747E-7,0.25,-1.19165735703253E-7,4.27536017757651E-7,-1.19001622276166E-7,256.0222473,256.3265076,999.988037109375,999.988037109375,51.698473518967,14.8519400918358,5.154188,0,0,0,200,4886,247.74855,999.988037109375,,,,,,,,,,,,,0,,,,6.1702795,,,,,,256.17437745,,,,
,50916060.225,255.8424072,999.988037109375,1.53901452494587E-7,1.11348504365085E-7,1,4.99626677034896,40.0298881530762,2.0016235586913,1.01999996695668,1.47254181543452E-6,1.969242269634E-6,0.25,1.46058332460191E-7,1.54029736809885E-7,1.46424944362949E-7,255.6625671,256.0222473,999.988037109375,999.988037109375,51.7305202882555,14.847286402476,5.154188,0,0,0,200,4886,247.4082,999.988037109375,,,,,,,,,,,,,0,,,,6.1394596,,,,,,255.8424072,,,,
,50916065.2,255.49508665,999.988037109375,4.58614398052534E-7,1.26089154180845E-7,1,4.99626677034896,40.0298881530762,2.00163957566187,1.01999996695668,4.99995194562581E-6,2.29276231219285E-6,0.25,1.22236458558522E-7,4.59264417139536E-7,1.22821698807494E-7,255.3276062,255.6625671,999.988037109375,999.988037109375,51.8376033953901,14.8509862942584,5.527248,0,0,0,200,4886,247.00395,999.988037109375,,,,,,,,,,,,,0,,,,6.1394596,,,,,,255.49508665,,,,
,50916070.185,255.16523745,999.988037109375,2.63413344838847E-7,1.25097866681844E-7,1,4.99626677034896,40.0298881530762,2.00168894900645,1.01999996695668,2.97231241239426E-6,7.30184667460959E-7,0.25,1.88456008845487E-8,2.63832980767578E-7,1.9098089056739E-8,255.0028687,255.3276062,999.988037109375,999.988037109375,51.8235340820439,14.8511904943219,5.527248,0,0,0,200,4886,246.63665,999.988037109375,,,,,,,,,,,,,0,,,,6.0787358,,,,,,255.16523745,,,,
,50916075.17,254.84323885,999.988037109375,-1.67251470019793E-8,1.31934994672727E-7,1,4.99626677034896,40.0298881530762,2.00168385264389,1.01999996695668,-3.91246917533726E-7,1.13719554103716E-6,0.25,1.02408149610069E-7,-1.68391803794832E-8,1.02564602649198E-7,254.683609,255.0028687,999.988037109375,999.988037109375,52.0377002963132,14.8516121975805,5.154188,0,0,0,200,4886,246.31675,999.988037109375,,,,,,,,,,,,,0,,,,6.0482223,,,,,,254.84323885,,,,
,50916094.97,253.4636993,999.988037109375,,,2,,,,1.03600017032027,,,,,,,253.4636993,253.4636993,999.988037109375,999.988037109375,,,4.781127,,,,-99999999,4886,245.0808,999.988037109375,,,,,,,,,,,,,,,,,,,,,,,253.4636993,,,,
touchdown = -4.86999982967973 mm,50916125.14,251.480545,999.988037109375,2.53581091494133E-7,1.138826050489E-7,1,4.99626677034896,40.0298881530762,2.00164311086726,1.01999996695668,3.06781679587466E-6,-5.01503080850249E-7,0.25,-8.72896766706876E-8,2.54109722730086E-7,-8.7229136632967E-8,251.480545,251.480545,999.988037109375,999.988037109375,51.7008184045247,14.8542831847013,5.154188,0,0,0,200,4886,243.093,999.988037109375,,,,,,,,,,,,,0,,,,5.7248006,,,,,,251.480545,,,,
,50916126.43,251.38368985,999.988037109375,2.43371029679543E-7,1.22142581526575E-7,1,4.99626677034896,40.0298881530762,2.00159907251509,1.01999996695668,2.76617035299309E-6,5.59300937977923E-7,0.25,7.30793095606322E-9,2.43801374352135E-7,7.52920354272571E-9,251.2868347,251.480545,999.988037109375,999.988037109375,51.9970556133132,14.8526581904984,5.527248,0,0,0,200,4886,243.0213,999.988037109375,,,,,,,,,,,,,0,,,,5.7248006,,,,,,251.38368985,,,,
,50916130.15,251.11946105,999.988037109375,3.03344809176335E-7,1.22251380148863E-7,1,4.99626677034896,40.0298881530762,2.00161641028922,1.01999996695668,2.84156582623327E-6,4.24030587980777E-6,0.25,3.19232995893285E-7,3.03618590027897E-7,3.20068596313377E-7,250.9520874,251.2868347,999.988037109375,999.988037109375,51.871213421717,14.8536509767213,5.527248,0,0,0,200,4886,242.7749,999.988037109375,,,,,,,,,,,,,0,,,,5.7248006,,,,,,251.11946105,,,,
,50916135.14,250.7921524,999.988037109375,5.37942893138543E-8,1.24382604226569E-7,1,4.99626677034896,40.0298881530762,2.00157834133374,1.01999996695668,4.04387763214536E-7,1.33352919498609E-6,0.25,1.07515521858098E-7,5.37997560668635E-8,1.07756903278669E-7,250.6322174,250.9520874,999.988037109375,999.988037109375,51.6797144345055,14.8527767328473,5.154188,0,0,0,200,4886,242.456,999.988037109375,,,,,,,,,,,,,0,,,,5.7248006,,,,,,250.7921524,,,,
,50916140.125,250.44841005,999.988037109375,3.13826756761833E-7,1.20631412098892E-7,1,4.99626677034896,40.0298881530762,2.0015536619038,1.03000004310161,3.41649181387941E-6,1.60084456001849E-6,0.25,8.64135491843571E-8,3.1432641316885E-7,8.68411798252361E-8,250.2646027,250.6322174,999.988037109375,999.988037109375,51.7547507723516,14.8540532182195,5.154188,0,0,0,200,4886,242.13765,999.988037109375,,,,,,,,,,,,,0,,,,5.6681781,,,,,,250.44841005,,,,
,50916145.135,250.11194615,999.988037109375,2.95791936700123E-7,1.36770455579552E-7,1,4.99626677034896,40.0298881530762,2.00162128536028,1.01999996695668,3.31531424033674E-6,9.53687055471244E-7,0.25,3.28512728515459E-8,2.96308268867982E-7,3.31663147960826E-8,249.9592896,250.2646027,999.988037109375,999.988037109375,51.7969587123901,14.8535115883009,5.527248,0,0,0,200,4886,241.78685,999.988037109375,,,,,,,,,,,,,0,,,,5.6115556,,,,,,250.11194615,,,,
,50916150.16,249.778183,999.988037109375,4.09687319603896E-7,1.26021072182161E-7,1,4.99626677034896,40.0298881530762,2.00153733067045,1.01999996695668,4.36729553787237E-6,2.63248629503387E-6,0.25,1.60301471724336E-7,4.10308526509386E-7,1.60951732452867E-7,249.5970764,249.9592896,999.988037109375,999.988037109375,52.0095616696209,14.8536882406064,5.154188,0,0,0,200,4886,241.47015,999.988037109375,,,,,,,,,,,,,0,,,,5.6115556,,,,,,249.778183,,,,
,50916155.16,249.4441986,999.988037109375,3.06106170751297E-7,1.26672707919968E-7,1,4.99626677034896,40.0298881530762,2.0016435257849,1.01999996695668,3.59517488740175E-6,2.78720229313924E-8,0.25,-4.99459263753775E-8,3.06720469303611E-7,-4.97748525376543E-8,249.2913208,249.5970764,999.988037109375,999.988037109375,51.5921720403516,14.8531432911551,5.154188,0,0,0,200,4886,241.1515,999.988037109375,,,,,,,,,,,,,0,,,,5.6115556,,,,,,249.4441986,,,,
,50916160.165,249.0996628,999.988037109375,2.62838318918702E-7,1.07513121763088E-7,1,4.99626677034896,40.0298881530762,2.00155523819893,1.01999996695668,2.86600332086423E-6,1.31475873771188E-6,0.25,7.00914150110854E-8,2.63271497944097E-7,7.04504149790135E-8,248.9080048,249.2913208,999.988037109375,999.988037109375,51.5272968732554,14.8520801111082,5.154188,0,0,0,200,4886,240.7974,999.988037109375,,,,,,,,,,,,,0,,,,5.55605315,,,,,,249.0996628,,,,
,50916165.155,248.748024,999.988037109375,1.29987268400037E-7,1.23808591568634E-7,1,4.99626677034896,40.0298881530762,2.00153472297637,1.01999996695668,1.53625194684285E-6,-4.43084716115397E-8,0.25,-2.61237162841931E-8,1.30255802549929E-7,-2.6060535909405E-8,248.5880432,248.9080048,999.988037109375,999.988037109375,52.2143483416594,14.8517027512077,5.154188,0,0,0,200,4886,240.4792,999.988037109375,,,,,,,,,,,,,0,,,,5.5281634,,,,,,248.748024,,,,
,50916170.125,248.43125915,999.988037109375,3.70542592380717E-7,1.21824418100424E-7,1,4.99626677034896,40.0298881530762,2.00156686356692,1.01999996695668,4.3453460944406E-6,7.24976778174369E-8,0.25,-5.70691537164455E-8,3.7129743160349E-7,-5.68562961536041E-8,248.2744751,248.5880432,999.988037109375,999.988037109375,51.8626155080055,14.8543466300706,5.527248,0,0,0,200,4886,240.16305,999.988037109375,,,,,,,,,,,,,0,,,,5.5281634,,,,,,248.43125915,,,,
,50916175.11,248.1195221,999.988037109375,3.30373740224563E-7,1.37225143115582E-7,1,4.99626677034896,40.0298881530762,2.00152588407333,1.01999996695668,3.30590777789474E-6,3.38558870205306E-6,0.25,2.39772496990923E-7,3.30798010665264E-7,2.40518811056992E-7,247.9645691,248.2744751,999.988037109375,999.988037109375,51.7578772864286,14.8528254497636,5.154188,0,0,0,200,4886,239.8094,999.988037109375,,,,,,,,,,,,,0,,,,5.44614645,,,,,,248.1195221,,,,
,50916180.095,247.76999665,999.988037109375,4.39998265417166E-8,1.15681985874978E-7,1,4.99626677034896,40.0298881530762,2.00155123265408,1.01999996695668,4.93932822110769E-7,1.37515517645326E-7,0.25,4.50509599496963E-9,4.40807348446095E-8,4.5520856637465E-9,247.5754242,247.9645691,999.988037109375,999.988037109375,51.8477645661401,14.8541104961144,4.781127,0,0,0,200,4886,239.4915,999.988037109375,,,,,,,,,,,,,0,,,,5.3917422,,,,,,247.76999665,,,,
,50916185.125,247.4199829,999.988037109375,2.6695177855798E-7,1.26066247363935E-7,1,4.99626677034896,40.0298881530762,2.00147479071139,1.01999996695668,2.57098122690519E-6,3.32165005480433E-6,0.25,2.45029458498318E-7,2.67256263736693E-7,2.45737810285828E-7,247.2645416,247.5754242,999.988037109375,999.988037109375,52.0627124089286,14.8535805162678,5.154188,0,0,0,200,4886,239.17505,999.988037109375,,,,,,,,,,,,,0,,,,5.41880845,,,,,,247.4199829,,,,
,50916190.135,247.0847168,999.988037109375,2.38979897004605E-7,1.18771468247865E-7,1,4.99626677034896,40.0298881530762,2.00158039701862,1.01999996695668,2.49062779433976E-6,1.87003987258091E-6,0.25,1.22758683968132E-7,2.39339472460916E-7,1.23207220649894E-7,246.904892,247.2645416,999.988037109375,999.988037109375,51.9345253317747,14.8541167881092,4.781127,0,0,0,200,4886,238.82025,999.988037109375,,,,,,,,,,,,,0,,,,5.39201115,,,,,,247.0847168,,,,
,50916195.13,246.74754335,999.988037109375,2.44312165981675E-7,1.17845585922038E-7,1,4.99626677034896,40.0298881530762,2.00151840122157,1.01999996695668,2.46096844694042E-6,2.40947283404633E-6,0.25,1.69058534411183E-7,2.44644525862691E-7,1.69604618581249E-7,246.5901947,246.904892,999.988037109375,999.988037109375,52.0525512381786,14.8545203992716,5.154188,0,0,0,200,4886,238.50375,999.988037109375,,,,,,,,,,,,,0,,,,5.3381476,,,,,,246.74754335,,,,
,50916200.12,246.4058609,999.988037109375,1.2930834709972E-7,1.18615235401267E-7,1,4.99626677034896,40.0298881530762,2.0014848012962,1.01999996695668,9.90189239593217E-7,3.1002093858636E-6,0.25,2.49193513148289E-7,1.2934580568915E-7,2.49799842102038E-7,246.2215271,246.5901947,999.988037109375,999.988037109375,52.0251942400055,14.8547808071497,4.781127,0,0,0,200,4886,238.186,999.988037109375,,,,,,,,,,,,,0,,,,5.31161665,,,,,,246.4058609,,,,
,50916205.125,246.0730133,999.988037109375,1.46730944947067E-7,1.1693648918726E-7,1,4.99626677034896,40.0298881530762,2.00150506939101,1.03000004310161,1.27029737855127E-6,2.66100563784356E-6,0.25,2.07768134787039E-7,1.46840645889528E-7,2.08310559518583E-7,245.9244995,246.2215271,999.988037109375,999.988037109375,51.6210922955631,14.8563692356876,5.527248,0,0,0,200,4886,237.82745,999.988037109375,,,,,,,,,,,,,0,,,,5.2588184,,,,,,246.0730133,,,,
,50916210.1,245.751297,999.988037109375,2.46736177941469E-7,1.2819098842336E-7,1,4.99626677034896,40.0298881530762,2.00148984973678,1.01999996695668,2.31245340380117E-6,3.44412902390887E-6,0.25,2.59186593960213E-7,2.47002386167793E-7,2.59922603336906E-7,245.5780945,245.9244995,999.988037109375,999.988037109375,51.945468131044,14.8548731058819,5.154188,0,0,0,200,4886,237.5097,999.988037109375,,,,,,,,,,,,,0,,,,5.2325511,,,,,,245.751297,,,,
,50916215.085,245.4094391,999.988037109375,3.5850268867685E-7,1.16507182072288E-7,1,4.99626677034896,40.0298881530762,2.00152963603126,1.01999996695668,3.98446754383395E-6,1.35607858155623E-6,0.25,5.73160485767795E-8,3.59174678683345E-7,5.77472997834736E-8,245.2407837,245.5780945,999.988037109375,999.988037109375,51.6695532637555,14.8568375990494,5.154188,0,0,0,200,4886,237.19385,999.988037109375,,,,,,,,,,,,,0,,,,5.2065451,,,,,,245.4094391,,,,
,50916220.1,245.0879288,999.988037109375,3.71258850131869E-7,1.09959739996393E-7,1,4.99626677034896,40.0298881530762,2.00135994386644,1.01999996695668,4.40722017260014E-6,-2.39104996225116E-7,0.25,-8.44686331219653E-8,3.72085954280268E-7,-8.43122873377094E-8,244.9350739,245.2407837,999.988037109375,999.988037109375,51.6586104644862,14.8544030738116,4.781127,0,0,0,200,4886,236.8389,999.988037109375,,,,,,,,,,,,,0,,,,5.1805391,,,,,,245.0879288,,,,
,50916225.1,244.74689485,999.988037109375,2.92658312033874E-7,1.13814124153137E-7,1,4.99626677034896,40.0298881530762,2.00147333515982,1.01999996695668,2.88833631902106E-6,3.23557452994379E-6,0.25,2.33065810036512E-7,2.93049269603229E-7,2.33799828674207E-7,244.5587158,244.9350739,999.988037109375,999.988037109375,52.0111249266593,14.8561388794233,5.527248,0,0,0,200,4886,236.52195,999.988037109375,,,,,,,,,,,,,0,,,,5.15479135,,,,,,244.74689485,,,,
,50916230.08,244.40369415,999.988037109375,2.64035889569539E-7,1.33857268907459E-7,1,4.99626677034896,40.0298881530762,2.00147691814165,1.01999996695668,3.00328227072889E-6,5.97349325259429E-7,0.25,7.08375262945034E-9,2.64571514245125E-7,7.3320116080386E-9,244.2486725,244.5587158,999.988037109375,999.988037109375,51.8063382546209,14.8585883967957,5.527248,0,0,0,200,4886,236.20545,999.988037109375,,,,,,,,,,,,,0,,,,5.1035521,,,,,,244.40369415,,,,
,50916235.08,244.09425355,999.988037109375,4.61785784798892E-7,1.20441656306867E-7,1,4.99626677034896,40.0298881530762,2.00142975537765,1.01999996695668,5.31053598303165E-6,7.05847156170384E-7,0.25,-1.72676664941375E-8,4.62754101106158E-7,-1.68937909515592E-8,243.9398346,244.2486725,999.988037109375,999.988037109375,51.647667665217,14.8527396789179,5.154188,0,0,0,200,4886,235.8489,999.988037109375,,,,,,,,,,,,,0,,,,5.0780606,,,,,,244.09425355,,,,
,50916240.08,243.7497406,999.988037109375,1.53785472942848E-7,1.23835240781168E-7,1,4.99626677034896,40.0298881530762,2.00144768275329,1.01999996695668,1.7091022130359E-6,5.82510794667682E-7,0.25,2.46543351578735E-8,1.54082900675259E-7,2.4842127735303E-8,243.5596466,243.9398346,999.988037109375,999.988037109375,51.9939290992363,14.8570839385684,5.154188,0,0,0,200,4886,235.53115,999.988037109375,,,,,,,,,,,,,0,,,,5.0780606,,,,,,243.7497406,,,,
,50916245.07,243.4069214,999.988037109375,3.5347719483566E-7,1.13919362409057E-7,1,4.99626677034896,40.0298881530762,2.00146592224711,1.01999996695668,4.14628079737984E-6,6.63785745352247E-8,0.25,-5.46928824811862E-8,3.54264298220432E-7,-5.44926566631337E-8,243.2541962,243.5596466,999.988037109375,999.988037109375,51.8618338794863,14.8560309964467,5.154188,0,0,0,200,4886,235.21545,999.988037109375,,,,,,,,,,,,,0,,,,5.05282235,,,,,,243.4069214,,,,
,50916250.085,243.09204865,999.988037109375,1.01451225902768E-8,1.29386949290759E-7,1,4.99626677034896,40.0298881530762,2.00140321360376,1.01999996695668,-6.08455333691212E-8,1.05263144686187E-6,0.25,9.03803763065491E-8,1.0085876376851E-8,9.05792767827889E-8,242.9299011,243.2541962,999.988037109375,999.988037109375,51.8493278231786,14.8549201338865,5.154188,0,0,0,200,4886,234.8588,999.988037109375,,,,,,,,,,,,,0,,,,5.00259665,,,,,,243.09204865,,,,
,50916255.12,242.73565675,999.988037109375,5.11488882277422E-7,1.13088621467856E-7,1,4.99626677034896,40.0298881530762,2.00144261488738,1.01999996695668,5.4416546917868E-6,3.35715216247921E-6,0.25,2.06229771653372E-7,5.12385947640556E-7,2.07122341376569E-7,242.5414124,242.9299011,999.988037109375,999.988037109375,51.8602706224478,14.8564039347187,5.154188,0,0,0,200,4886,234.54245,999.988037109375,,,,,,,,,,,,,0,,,,5.00259665,,,,,,242.73565675,,,,
,50916260.135,242.3842087,999.988037109375,2.19713724736181E-7,1.1207209810432E-7,1,4.99626677034896,40.0298881530762,2.00137776042483,1.01999996695668,2.56463287570254E-6,1.14845692192243E-7,0.25,-2.75573868579654E-8,2.20205641495128E-7,-2.74195184740862E-8,242.227005,242.5414124,999.988037109375,999.988037109375,52.158852716794,14.8587483452445,5.154188,0,0,0,200,4886,234.22495,999.988037109375,,,,,,,,,,,,,0,,,,4.9778576,,,,,,242.3842087,,,,
,50916265.055,242.0665817,999.988037109375,2.09945216613743E-7,1.09752583663947E-7,1,4.99626677034896,40.0298881530762,2.00147218827416,1.01999996695668,2.1650816265644E-6,1.77867311001505E-6,0.25,1.1970680513891E-7,2.10286918938015E-7,1.20150873228698E-7,241.9061584,242.227005,999.988037109375,999.988037109375,51.5210438451016,14.8578917125047,5.154188,0,0,0,200,4886,233.8671,999.988037109375,,,,,,,,,,,,,0,,,,4.95287015,,,,,,242.0665817,,,,
,50916270.045,241.7212982,999.988037109375,4.35583276144847E-7,1.25908091999861E-7,1,4.99626677034896,40.0298881530762,2.00148223286395,1.01999996695668,5.07298422101411E-6,2.96568615196199E-7,0.25,-4.86076564101563E-8,4.36563879671137E-7,-4.83213469681969E-8,241.536438,241.9061584,999.988037109375,999.988037109375,51.8790297069093,14.8608517762197,5.154188,0,0,0,200,4886,233.5526,999.988037109375,,,,,,,,,,,,,0,,,,4.95287015,,,,,,241.7212982,,,,
,50916275.06,241.3846283,999.988037109375,2.09643332153256E-7,1.21103509734498E-7,1,4.99626677034896,40.0298881530762,2.00142650268622,1.01999996695668,2.07897631458101E-6,2.26098930478193E-6,0.25,1.61962335293322E-7,2.09951318691123E-7,1.62501169121917E-7,241.2328186,241.536438,999.988037109375,999.988037109375,51.881374592467,14.8572871532236,4.781127,0,0,0,200,4886,233.2375,999.988037109375,,,,,,,,,,,,,0,,,,4.9281311,,,,,,241.3846283,,,,
,50916280.025,241.08164215,999.988037109375,2.5659717222691E-7,1.21264645024492E-7,1,4.99626677034896,40.0298881530762,2.00145926833801,1.01999996695668,3.00731991990903E-6,6.46195847053292E-8,0.25,-3.82679755265436E-8,2.57189623733133E-7,-3.81201309695661E-8,240.9304657,241.2328186,999.988037109375,999.988037109375,51.972825129217,14.8598910991351,5.154188,0,0,0,200,4886,232.8796,999.988037109375,,,,,,,,,,,,,0,,,,4.87938835,,,,,,241.08164215,,,,
,50916285.04,240.7398224,999.988037109375,1.0505521230731E-7,1.13594550387305E-7,1,4.99626677034896,40.0298881530762,2.00148413923611,1.01999996695668,1.08178310436204E-6,8.99806993758502E-7,0.25,6.07506300597763E-8,1.0523018820444E-7,6.09782569461966E-8,240.5491791,240.9304657,999.988037109375,999.988037109375,52.189336229044,14.8602723909918,4.781127,0,0,0,200,4886,232.5628,999.988037109375,,,,,,,,,,,,,0,,,,4.85489515,,,,,,240.7398224,,,,
,50916290.055,240.3971863,999.988037109375,1.68725538547586E-7,1.22729859156034E-7,1,4.99626677034896,40.0298881530762,2.00144110021333,1.01999996695668,1.94224158220192E-6,2.48454543428493E-7,0.25,-7.1416470349866E-9,1.69103141768829E-7,-7.00491997939795E-9,240.2451935,240.5491791,999.988037109375,999.988037109375,51.8774664498709,14.8586627140584,5.154188,0,0,0,200,4886,232.24545,999.988037109375,,,,,,,,,,,,,0,,,,4.8791447,,,,,,240.3971863,,,,
,50916295.04,240.0597458,999.988037109375,2.31157800845977E-7,1.1427297951501E-7,1,4.99626677034896,40.0298881530762,2.00138741254971,1.01999996695668,2.35797633647184E-6,2.10991695735228E-6,0.25,1.45053336506733E-7,2.31537848914596E-7,1.4558344134228E-7,239.8742981,240.2451935,999.988037109375,999.988037109375,51.6132760103708,14.8598031259152,5.527248,0,0,0,200,4886,231.8865,999.988037109375,,,,,,,,,,,,,0,,,,4.8308864,,,,,,240.0597458,,,,
,50916300.04,239.71284485,999.988037109375,3.51701590832243E-7,1.08363068993152E-7,1,4.99626677034896,40.0298881530762,2.00136574435542,1.01999996695668,3.73396197511702E-6,2.35526198585717E-6,0.25,1.45886239246612E-7,3.52351801811657E-7,1.46529678483482E-7,239.5513916,239.8742981,999.988037109375,999.988037109375,51.9345253317747,14.8590620540709,5.527248,0,0,0,200,4886,231.57215,999.988037109375,,,,,,,,,,,,,0,,,,4.7826281,,,,,,239.71284485,,,,
,50916305.105,239.37228395,999.988037109375,2.45326502065021E-7,1.17934491375414E-7,1,4.99626677034896,40.0298881530762,2.00137702568789,1.01999996695668,2.79382699978938E-6,5.37722144046098E-7,0.25,5.05588349616228E-9,2.45870786160647E-7,5.28998624313464E-9,239.1931763,239.5513916,999.988037109375,999.988037109375,52.5629546612363,14.8592146972413,4.781127,0,0,0,200,4886,231.25605,999.988037109375,,,,,,,,,,,,,0,,,,4.80663685,,,,,,239.37228395,,,,
,50916310.09,239.03771975,999.988037109375,3.49814790391827E-7,1.19385732094762E-7,1,4.99626677034896,40.0298881530762,2.00137586162782,1.01999996695668,3.84648710671153E-6,1.56894042425135E-6,0.25,7.73994220751914E-8,3.5053129988889E-7,7.78918173050102E-8,238.8822632,239.1931763,999.988037109375,999.988037109375,51.8024301120247,14.8589693199162,5.154188,0,0,0,200,4886,230.8964,999.988037109375,,,,,,,,,,,,,0,,,,4.80663685,,,,,,239.03771975,,,,
,50916315.01,238.7260895,999.988037109375,1.97972152272025E-7,1.2644846316597E-7,1,4.99626677034896,40.0298881530762,2.00132373637401,1.01999996695668,1.83025153611309E-6,2.91249977454291E-6,0.25,2.2095598696648E-7,1.98218393106229E-7,2.21635985463784E-7,238.5699158,238.8822632,999.988037109375,999.988037109375,51.7781996279286,14.8576033242028,4.781127,0,0,0,200,4886,230.58235,999.988037109375,,,,,,,,,,,,,0,,,,4.7588582,,,,,,238.7260895,,,,
,50916320.03,238.38806915,999.988037109375,1.66869632612106E-7,1.20492302885475E-7,1,4.99626677034896,40.0298881530762,2.00142019439458,1.01999996695668,1.61221453012474E-6,2.04955238639625E-6,0.25,1.50761131765806E-7,1.67111362242168E-7,1.51256195384704E-7,238.2062225,238.5699158,999.988037109375,999.988037109375,51.9954923562747,14.8606786713361,5.154188,0,0,0,200,4886,230.2671,999.988037109375,,,,,,,,,,,,,0,,,,4.7350883,,,,,,238.38806915,,,,
,50916325.03,238.0435333,999.988037109375,3.34812837610446E-7,1.12436560267512E-7,1,4.99626677034896,40.0298881530762,2.00134517625786,1.01999996695668,3.83313164531725E-6,6.16532625986206E-7,0.25,-3.37039741801383E-9,3.35581285880553E-7,-3.07188263402587E-9,237.8808441,238.2062225,999.988037109375,999.988037109375,52.0462982100247,14.859850308668,5.154188,0,0,0,200,4886,229.9069,999.988037109375,,,,,,,,,,,,,0,,,,4.7115545,,,,,,238.0435333,,,,
,50916329.99,237.72345735,999.988037109375,1.64160762153426E-7,1.20431146694815E-7,1,4.99626677034896,40.0298881530762,2.00134878187865,1.01999996695668,1.47336174194348E-6,2.6743643281507E-6,0.25,2.05894959576693E-7,1.64349288692572E-7,2.06518447165256E-7,237.5660706,237.8808441,999.988037109375,999.988037109375,52.2237278838901,14.8606385550185,5.527248,0,0,0,200,4886,229.56055,999.988037109375,,,,,,,,,,,,,0,,,,4.6880207,,,,,,237.72345735,,,,
,50916334.99,237.4031601,999.988037109375,2.06418560447719E-7,1.24210152435527E-7,1,4.99626677034896,40.0298881530762,2.00133894225902,1.01999996695668,2.12851832079312E-6,1.75127478710627E-6,0.25,1.17892499887237E-7,2.06787051047501E-7,1.18354204585594E-7,237.2402496,237.5660706,999.988037109375,999.988037109375,51.8571441083709,14.8621450905079,5.527248,0,0,0,200,4886,229.24565,999.988037109375,,,,,,,,,,,,,0,,,,4.664721,,,,,,237.4031601,,,,
,50916339.985,237.05506895,999.988037109375,2.81768657363212E-7,1.13964836652145E-7,1,4.99626677034896,40.0298881530762,2.0013041145552,1.01999996695668,2.89727760845007E-6,2.43850750527888E-6,0.25,1.65123758095788E-7,2.82271129237226E-7,1.65766245977188E-7,236.8698883,237.2402496,999.988037109375,999.988037109375,51.7508426297555,14.8573092207917,5.527248,0,0,0,200,4886,228.9154,999.988037109375,,,,,,,,,,,,,0,,,,4.6414213,,,,,,237.05506895,,,,
,50916344.975,236.7214737,999.988037109375,2.16467218984365E-7,1.21507471682171E-7,1,4.99626677034896,40.0298881530762,2.00133228642407,1.01999996695668,2.08945061633235E-6,2.67030220698754E-6,0.25,1.96577703921535E-7,2.16791440034326E-7,1.97235950289181E-7,236.5730591,236.8698883,999.988037109375,999.988037109375,52.3706740455055,14.8608415428392,5.154188,0,0,0,200,4886,228.56895,999.988037109375,,,,,,,,,,,,,0,,,,4.6414213,,,,,,236.7214737,,,,
,50916350.005,236.3827286,999.988037109375,4.34596824890135E-7,1.13226019270042E-7,1,4.99626677034896,40.0298881530762,2.00122744960445,1.01999996695668,4.88575925707464E-6,1.3247127052364E-6,0.25,4.15079733150665E-8,4.3557834724727E-7,4.20064145776953E-8,236.1923981,236.5730591,999.988037109375,999.988037109375,51.9102948476786,14.8591644510994,5.154188,0,0,0,200,4886,228.22345,999.988037109375,,,,,,,,,,,,,0,,,,4.6183531,,,,,,236.3827286,,,,
,50916354.985,236.0377808,999.988037109375,1.99570613764299E-7,1.21138220849838E-7,1,4.99626677034896,40.0298881530762,2.00126967943262,1.01999996695668,2.08057237520122E-6,1.56094722330692E-6,0.25,1.02408442462069E-7,1.99946771837553E-7,1.02834528176592E-7,235.8831635,236.1923981,999.988037109375,999.988037109375,51.9603190729093,14.8617514767695,5.154188,0,0,0,200,4886,227.8929,999.988037109375,,,,,,,,,,,,,0,,,,4.6183531,,,,,,236.0377808,,,,
,50916359.94,235.7230301,999.988037109375,3.1959349598782E-7,1.16839638975861E-7,1,4.99626677034896,40.0298881530762,2.0013089732818,1.01999996695668,3.64475952450649E-6,6.72536517285237E-7,0.25,4.12756303497241E-9,3.20347316988249E-7,4.43332504985129E-9,235.5628967,235.8831635,999.988037109375,999.988037109375,51.8336952527939,14.8604819387835,5.527248,0,0,0,200,4886,227.54855,999.988037109375,,,,,,,,,,,,,0,,,,4.5955143,,,,,,235.7230301,,,,
,50916364.955,235.3811798,999.988037109375,2.66447439731787E-7,1.21348507956737E-7,1,4.99626677034896,40.0298881530762,2.00128972975903,1.01999996695668,2.82193240647304E-6,1.8267061171133E-6,0.25,1.14205650229883E-7,2.66976472641948E-7,1.14724988213416E-7,235.1994629,235.5628967,999.988037109375,999.988037109375,51.8782480783901,14.8619187065395,5.154188,0,0,0,200,4886,227.23485,999.988037109375,,,,,,,,,,,,,0,,,,4.5724461,,,,,,235.3811798,,,,
,50916369.995,235.04779055,999.988037109375,2.1117730083767E-7,1.13542802234538E-7,1,4.99626677034896,40.0298881530762,2.00125990088744,1.01999996695668,2.25455645144056E-6,1.34268068374185E-6,0.25,8.13196858929082E-8,2.11607572876701E-7,8.17106841206725E-8,234.8961182,235.1994629,999.988037109375,999.988037109375,51.8907541346978,14.8602173720015,5.154188,0,0,0,200,4886,226.9354,999.988037109375,,,,,,,,,,,,,0,,,,4.5724461,,,,,,235.04779055,,,,
,50916374.98,234.71468355,999.988037109375,3.51760314179276E-7,1.25946618662708E-7,1,4.99626677034896,40.0298881530762,2.00127814250367,1.01999996695668,3.70821789259453E-6,2.51282327815203E-6,0.25,1.59624435899705E-7,3.52458555190433E-7,1.60336156356147E-7,234.5332489,234.8961182,999.988037109375,999.988037109375,51.9126397332363,14.8628241764746,5.154188,0,0,0,200,4886,226.59085,999.988037109375,,,,,,,,,,,,,0,,,,4.52699545,,,,,,234.71468355,,,,
,50916379.955,234.38134005,999.988037109375,4.19817074606323E-7,1.16987569172145E-7,1,4.99626677034896,40.0298881530762,2.00132697766401,1.01999996695668,4.78691842220548E-6,8.89923818698256E-7,0.25,5.9819094460235E-9,4.20827253891958E-7,6.38789823132328E-9,234.2294312,234.5332489,999.988037109375,999.988037109375,51.9392151028901,14.8634488764474,5.154188,0,0,0,200,4886,226.24575,999.988037109375,,,,,,,,,,,,,0,,,,4.5043836,,,,,,234.38134005,,,,
,50916384.97,234.0422745,999.988037109375,1.35057345594606E-7,1.10448883829406E-7,1,4.99626677034896,40.0298881530762,2.00127669481221,1.03000004310161,1.51640938712202E-6,4.23838899146544E-7,0.25,1.39580841349468E-8,1.35372745852571E-7,1.4118205443152E-8,233.8551178,234.2294312,999.988037109375,999.988037109375,51.871213421717,14.859687262653,5.527248,0,0,0,200,4886,225.91425,999.988037109375,,,,,,,,,,,,,0,,,,4.52699545,,,,,,234.0422745,,,,
,50916389.94,233.703598,999.988037109375,2.494814849354E-7,1.17206647894655E-7,1,4.99626677034896,40.0298881530762,2.00126366774926,1.01999996695668,2.97054930069881E-6,-2.06397356027724E-7,0.25,-6.07705111253149E-8,2.50148134789947E-7,-6.06855744822445E-8,233.5520782,233.8551178,999.988037109375,999.988037109375,51.515572445467,14.8622738434253,5.154188,0,0,0,200,4886,225.6013,999.988037109375,,,,,,,,,,,,,0,,,,4.5046084,,,,,,233.703598,,,,
,50916409.53,232.433197,999.988037109375,,,2,,,,1.03600017032027,,,,,,,232.433197,232.433197,999.988037109375,999.988037109375,,,5.154188,,,,-99999999,4886,224.2787,999.988037109375,,,,,,,,,,,,,,,,,,,,,,,232.433197,,,,
touchdown = -4.86999982967973 mm,50916439.305,230.4355927,999.988037109375,1.06258641520858E-7,1.20816053518313E-7,1,4.99626677034896,40.0298881530762,2.00123759428161,1.01999996695668,6.66021223134439E-7,3.41230445610237E-6,0.25,2.8030904348577E-7,1.06263867921176E-7,2.8112860661574E-7,230.4355927,230.4355927,999.988037109375,999.988037109375,51.7813261420055,14.8609111935269,5.154188,0,0,0,200,4886,222.2982,999.988037109375,,,,,,,,,,,,,0,,,,4.39333605,,,,,,230.4355927,,,,
,50916440.9,230.33215335,999.988037109375,1.52615217960267E-7,1.09247456190554E-7,1,4.99626677034896,40.0298881530762,2.00120066135298,1.01999996695668,1.46857645923675E-6,1.91063006419863E-6,0.25,1.41009625402302E-7,1.52872433273155E-7,1.41517013508323E-7,230.228714,230.4355927,999.988037109375,999.988037109375,51.6672083781978,14.8630209280892,5.154188,0,0,0,200,4886,222.1699,999.988037109375,,,,,,,,,,,,,0,,,,4.3713918,,,,,,230.33215335,,,,
,50916444.94,230.0726929,999.988037109375,2.55288728810611E-7,1.23127077737718E-7,1,4.99626677034896,40.0298881530762,2.0011953084678,1.01999996695668,2.52183960115351E-6,2.81497967127863E-6,0.25,2.02539498308213E-7,2.5575290514888E-7,2.03304918049839E-7,229.9166718,230.228714,999.988037109375,999.988037109375,52.1549445741978,14.8615785006441,5.154188,0,0,0,200,4886,221.9224,999.988037109375,,,,,,,,,,,,,0,,,,4.3713918,,,,,,230.0726929,,,,
,50916449.925,229.7243805,999.988037109375,3.45226139558436E-7,1.26882914306747E-7,1,4.99626677034896,40.0298881530762,2.00121963778319,1.01999996695668,3.67949831800521E-6,2.23493622276276E-6,0.25,1.3639272975524E-7,3.45989220961689E-7,1.37075979285504E-7,229.5320892,229.9166718,999.988037109375,999.988037109375,52.1924627431209,14.8629791452804,5.527248,0,0,0,200,4886,221.58025,999.988037109375,,,,,,,,,,,,,0,,,,4.3713918,,,,,,229.7243805,,,,
,50916454.925,229.3771591,999.988037109375,1.49618552122074E-7,1.22622102812294E-7,1,4.99626677034896,40.0298881530762,2.00116322712249,1.01999996695668,1.5833488618596E-6,1.03455824712463E-6,0.25,6.48820644369155E-8,1.49945518144734E-7,6.51941768972242E-8,229.222229,229.5320892,999.988037109375,999.988037109375,51.9603190729093,14.8639321687127,5.154188,0,0,0,200,4886,221.26795,999.988037109375,,,,,,,,,,,,,0,,,,4.3713918,,,,,,229.3771591,,,,
,50916459.915,229.046051,999.988037109375,1.61317083584507E-7,1.10912663958976E-7,1,4.99626677034896,40.0298881530762,2.00117815943032,1.01999996695668,1.71149456591721E-6,1.09027598657119E-6,0.25,6.77509291645233E-8,1.61673533329092E-7,6.80828071753727E-8,228.869873,229.222229,999.988037109375,999.988037109375,51.7430263445632,14.8632678270546,5.154188,0,0,0,200,4886,220.9337,999.988037109375,,,,,,,,,,,,,0,,,,4.3713918,,,,,,229.046051,,,,
,50916464.885,228.71871185,999.988037109375,4.23083337718375E-7,1.13172320316185E-7,1,4.99626677034896,40.0298881530762,2.00111526217212,1.01999996695668,4.61202840726192E-6,2.13869725878238E-6,0.25,1.14643003594559E-7,4.24083493628267E-7,1.15350809605449E-7,228.5675507,228.869873,999.988037109375,999.988037109375,51.7774179994093,14.8585971110304,5.527248,0,0,0,200,4886,220.591,999.988037109375,,,,,,,,,,,,,0,,,,4.3713918,,,,,,228.71871185,,,,
,50916469.885,228.38359835,999.988037109375,2.57099413156814E-7,1.1247326191669E-7,1,4.99626677034896,40.0298881530762,2.00123855283649,1.01999996695668,2.57365809336559E-6,2.63810469745269E-6,0.25,1.8673586322653E-7,2.57597388680915E-7,1.87475929111136E-7,228.199646,228.5675507,999.988037109375,999.988037109375,51.6945653763709,14.8636758359314,4.781127,0,0,0,200,4886,220.278,999.988037109375,,,,,,,,,,,,,0,,,,4.3713918,,,,,,228.38359835,,,,
,50916474.89,228.0504074,999.988037109375,3.05191026402166E-7,1.0478382590545E-7,1,4.99626677034896,40.0298881530762,2.00115280834533,1.01999996695668,3.33831489216178E-6,1.47686026713499E-6,0.25,7.69274804752229E-8,3.05925122631879E-7,7.74258226613266E-8,227.9011688,228.199646,999.988037109375,999.988037109375,51.9947107277555,14.8629678455397,5.154188,0,0,0,200,4886,219.9425,999.988037109375,,,,,,,,,,,,,0,,,,4.3496659,,,,,,228.0504074,,,,
,50916479.885,227.7106857,999.988037109375,3.28906417825829E-7,1.08764372410887E-7,1,4.99626677034896,40.0298881530762,2.00114384304756,1.01999996695668,3.31969378648296E-6,3.21542002863941E-6,0.25,2.24943734886175E-7,3.29564071796456E-7,2.25860358906051E-7,227.5202026,227.9011688,999.988037109375,999.988037109375,51.7953954553516,14.8628788253725,5.154188,0,0,0,200,4886,219.60695,999.988037109375,,,,,,,,,,,,,0,,,,4.32794,,,,,,227.7106857,,,,
,50916484.895,227.3658371,999.988037109375,9.64323967232792E-8,1.10077277269899E-7,1,4.99626677034896,40.0298881530762,2.00112012081201,1.01999996695668,1.21599228865152E-6,-4.74490244534706E-7,0.25,-5.8018831705294E-8,9.67464047465597E-8,-5.80804998675044E-8,227.2114716,227.5202026,999.988037109375,999.988037109375,52.0072167840632,14.8616500802392,5.154188,0,0,0,200,4886,219.2642,999.988037109375,,,,,,,,,,,,,0,,,,4.32794,,,,,,227.3658371,,,,
,50916489.9,227.06079865,999.988037109375,2.95851944337695E-7,1.14835246549259E-7,1,4.99626677034896,40.0298881530762,2.00115897817347,1.01999996695668,3.44506179514071E-6,2.12512469669761E-7,0.25,-3.2074110373472E-8,2.96677219341107E-7,-3.18730042010436E-8,226.9101257,227.2114716,999.988037109375,999.988037109375,51.6758062919093,14.8639927063239,5.527248,0,0,0,200,4886,218.92175,999.988037109375,,,,,,,,,,,,,0,,,,4.30642985,,,,,,227.06079865,,,,
,50916494.885,226.71755215,999.988037109375,1.72761849235914E-7,1.16054185057711E-7,1,4.99626677034896,40.0298881530762,2.00106064720721,1.01999996695668,1.75094348765605E-6,1.64658616842935E-6,0.25,1.14449482190702E-7,1.73116400229923E-7,1.1492613387991E-7,226.5249786,226.9101257,999.988037109375,999.988037109375,51.7023816615632,14.8623791815134,5.527248,0,0,0,200,4886,218.58135,999.988037109375,,,,,,,,,,,,,0,,,,4.2849197,,,,,,226.71755215,,,,
,50916499.855,226.37620545,999.988037109375,2.52505396834757E-7,1.1485602745259E-7,1,4.99626677034896,40.0298881530762,2.00114797064686,1.01999996695668,2.56406458014546E-6,2.37880702881076E-6,0.25,1.64832780076864E-7,2.53028799461249E-7,1.65525305895744E-7,226.2274323,226.5249786,999.988037109375,999.988037109375,51.8899725061786,14.863151152853,5.527248,0,0,0,200,4886,218.27045,999.988037109375,,,,,,,,,,,,,0,,,,4.2849197,,,,,,226.37620545,,,,
,50916504.885,226.0458527,999.988037109375,2.85140790269281E-7,1.29714190759513E-7,1,4.99626677034896,40.0298881530762,2.00112057232368,1.01999996695668,2.97064080673915E-6,2.24720348366216E-6,0.25,1.47732515198048E-7,2.85772394513504E-7,1.484127491529E-7,225.8642731,226.2274323,999.988037109375,999.988037109375,51.9571925588324,14.8646394571544,4.781127,0,0,0,200,4886,217.96335,999.988037109375,,,,,,,,,,,,,0,,,,4.2849197,,,,,,226.0458527,,,,
,50916509.885,225.71037295,999.988037109375,2.81061590582916E-7,1.16090256928041E-7,1,4.99626677034896,40.0298881530762,2.00104927913391,1.01999996695668,3.23618410522471E-6,4.15846579609718E-7,0.25,-1.1757274047657E-8,2.8184115956783E-7,-1.15145706890008E-8,225.5564728,225.8642731,999.988037109375,999.988037109375,51.904823448044,14.864120052808,5.154188,0,0,0,200,4886,217.62675,999.988037109375,,,,,,,,,,,,,0,,,,4.2849197,,,,,,225.71037295,,,,
,50916514.86,225.40428925,999.988037109375,1.9819783027313E-7,1.09764866222668E-7,1,4.99626677034896,40.0298881530762,2.00111677527564,1.01999996695668,2.14483693429163E-6,1.09523013966459E-6,0.25,6.18557473301161E-8,1.98681038989338E-7,6.22196069399001E-8,225.2521057,225.5564728,999.988037109375,999.988037109375,51.9040418195247,14.8651079683458,5.154188,0,0,0,200,4886,217.3166,999.988037109375,,,,,,,,,,,,,0,,,,4.2636232,,,,,,225.40428925,,,,
,50916519.875,225.05926515,999.988037109375,4.26845096290336E-7,1.05644208303984E-7,1,4.99626677034896,40.0298881530762,2.00109582380499,1.01999996695668,4.67279968401643E-6,2.04572477013601E-6,0.25,1.05836006572619E-7,4.27917643683516E-7,1.06546623737116E-7,224.8664246,225.2521057,999.988037109375,999.988037109375,52.2315441690825,14.8651895036958,5.154188,0,0,0,200,4886,216.97455,999.988037109375,,,,,,,,,,,,,0,,,,4.2423267,,,,,,225.05926515,,,,
,50916524.86,224.71479035,999.988037109375,1.65916588606627E-7,1.27133834582176E-7,1,4.99626677034896,40.0298881530762,2.00110043261806,1.01999996695668,1.74798462153801E-6,1.19446928678708E-6,0.25,7.6061912480859E-8,1.66301104845495E-7,7.64356590066087E-8,224.5631561,224.8664246,999.988037109375,999.988037109375,51.9884576996017,14.8664981812964,5.527248,0,0,0,200,4886,216.60645,999.988037109375,,,,,,,,,,,,,0,,,,4.2423267,,,,,,224.71479035,,,,
,50916529.87,224.4035339,999.988037109375,2.23377405122865E-7,1.16724875432368E-7,1,4.99626677034896,40.0298881530762,2.00109709310005,1.03000004310161,2.45347907571268E-6,1.02362619666293E-6,0.25,5.12770103779043E-8,2.23947756639703E-7,5.16396470697927E-8,224.2439117,224.5631561,999.988037109375,999.988037109375,51.4475707642939,14.8647543226943,5.154188,0,0,0,200,4886,216.2674,999.988037109375,,,,,,,,,,,,,0,,,,4.2423267,,,,,,224.4035339,,,,
,50916534.86,224.05911255,999.988037109375,2.94751053981491E-7,1.20638007676299E-7,1,4.99626677034896,40.0298881530762,2.00106599759063,1.01999996695668,3.10872556078733E-6,2.10206604546934E-6,0.25,1.33380337527816E-7,2.95442289902499E-7,1.3404367068766E-7,223.8743134,224.2439117,999.988037109375,999.988037109375,51.8626155080055,14.8642737535004,4.781127,0,0,0,200,4886,215.95645,999.988037109375,,,,,,,,,,,,,0,,,,4.22124215,,,,,,224.05911255,,,,
,50916539.84,223.7219849,999.988037109375,1.84916783601542E-7,1.11738168963166E-7,1,4.99626677034896,40.0298881530762,2.00107120251458,1.01999996695668,1.85426620653049E-6,1.87972827486368E-6,0.25,1.32740916719023E-7,1.85303983840069E-7,1.33295996250158E-7,223.5696564,223.8743134,999.988037109375,999.988037109375,51.9642272155055,14.8660193499954,5.154188,0,0,0,200,4886,215.61685,999.988037109375,,,,,,,,,,,,,0,,,,4.2001576,,,,,,223.7219849,,,,
,50916544.84,223.4043198,999.988037109375,4.03292054028454E-7,1.21603133551599E-7,1,4.99626677034896,40.0298881530762,2.00109581932684,1.01999996695668,4.16889598096947E-6,3.37114579474698E-6,0.25,2.25780602960392E-7,4.04203669373816E-7,2.26815864911551E-7,223.2389832,223.5696564,999.988037109375,999.988037109375,51.7547507723516,14.8660670957305,5.527248,0,0,0,200,4886,215.2777,999.988037109375,,,,,,,,,,,,,0,,,,4.2001576,,,,,,223.4043198,,,,
,50916549.82,223.04579165,999.988037109375,3.06365935979621E-7,1.10167581673304E-7,1,4.99626677034896,40.0298881530762,2.00109421417548,1.01999996695668,3.40481754215945E-6,1.17232026678093E-6,0.25,5.00631588292052E-8,3.07182653004623E-7,5.05088717115842E-8,222.8526001,223.2389832,999.988037109375,999.988037109375,52.2010606568324,14.8662664612588,5.154188,0,0,0,200,4886,214.96745,999.988037109375,,,,,,,,,,,,,0,,,,4.17928265,,,,,,223.04579165,,,,
,50916554.815,222.69651795,999.988037109375,2.54663121883168E-7,1.13614340210442E-7,1,4.99626677034896,40.0298881530762,2.00109836337812,1.01999996695668,2.39618774927897E-6,3.50891788515506E-6,0.25,2.63276552432776E-7,2.55124628768247E-7,2.64277686901839E-7,222.5404358,222.8526001,999.988037109375,999.988037109375,51.9165478758324,14.8660089145927,5.154188,0,0,0,200,4886,214.62895,999.988037109375,,,,,,,,,,,,,0,,,,4.1584077,,,,,,222.69651795,,,,
,50916559.82,222.3888321,999.988037109375,2.70974860301432E-7,1.23166909495713E-7,1,4.99626677034896,40.0298881530762,2.00098515598067,1.01999996695668,2.98185174910906E-6,1.20943811021987E-6,0.25,5.93728413708576E-8,2.71688344011711E-7,5.981222863462E-8,222.2372284,222.5404358,999.988037109375,999.988037109375,52.1064836060055,14.8661171316695,4.781127,0,0,0,200,4886,214.26085,999.988037109375,,,,,,,,,,,,,0,,,,4.17928265,,,,,,222.3888321,,,,
,50916564.825,222.0481949,999.988037109375,3.66741838267409E-7,1.10321769182412E-7,1,4.99626677034896,40.0298881530762,2.00105280302502,1.01999996695668,4.15452325156367E-6,9.44138209384671E-7,0.25,1.97621666833049E-8,3.67772296495893E-7,2.01849574399838E-8,221.8591614,222.2372284,999.988037109375,999.988037109375,51.9306171891786,14.8674005215644,5.154188,0,0,0,200,4886,213.9494,999.988037109375,,,,,,,,,,,,,0,,,,4.17928265,,,,,,222.0481949,,,,
,50916569.82,221.7068558,999.988037109375,1.87158865136733E-7,1.2166350621154E-7,1,4.99626677034896,40.0298881530762,2.00098482221307,1.01999996695668,1.74959449986572E-6,2.64521167010301E-6,0.25,1.99301087563106E-7,1.8749772233802E-7,2.00061443179344E-7,221.5545502,221.8591614,999.988037109375,999.988037109375,51.7484977441978,14.8664004328753,5.154188,0,0,0,200,4886,213.63895,999.988037109375,,,,,,,,,,,,,0,,,,4.1584077,,,,,,221.7068558,,,,
,50916574.815,221.37178805,999.988037109375,3.64106435733072E-7,1.20170188680842E-7,1,4.99626677034896,40.0298881530762,2.00108944199304,1.01999996695668,4.03127448478065E-6,1.48367001542311E-6,0.25,6.73945735297005E-8,3.65090281700615E-7,6.79541783378666E-8,221.1890259,221.5545502,999.988037109375,999.988037109375,51.8524543372555,14.8665499329719,5.527248,0,0,0,200,4886,213.2709,999.988037109375,,,,,,,,,,,,,0,,,,4.1584077,,,,,,221.37178805,,,,
,50916579.82,221.03726195,999.988037109375,1.84502251046321E-7,1.17206469685389E-7,1,4.99626677034896,40.0298881530762,2.00102361833638,1.01999996695668,1.93903079556578E-6,1.35713625564336E-6,0.25,8.70922581966714E-8,1.84949760445163E-7,8.75300703566536E-8,220.885498,221.1890259,999.988037109375,999.988037109375,51.9665721010632,14.8661549957106,5.154188,0,0,0,200,4886,212.9602,999.988037109375,,,,,,,,,,,,,0,,,,4.1584077,,,,,,221.03726195,,,,
,50916584.795,220.6993713,999.988037109375,3.83799586809711E-7,1.1413057447861E-7,1,4.99626677034896,40.0298881530762,2.00100922460925,1.01999996695668,4.22228897150758E-6,1.72128616314309E-6,0.25,8.48036369285133E-8,3.84831722824578E-7,8.54366749372531E-8,220.5132446,220.885498,999.988037109375,999.988037109375,52.0126881836978,14.8698172000831,5.154188,0,0,0,200,4886,212.64735,999.988037109375,,,,,,,,,,,,,0,,,,4.1584077,,,,,,220.6993713,,,,
,50916589.79,220.35423275,999.988037109375,1.50293934239002E-7,1.19284292831134E-7,1,4.99626677034896,40.0298881530762,2.00093721792658,1.01999996695668,1.74268091203622E-6,1.52718543096799E-7,0.25,-1.23858687565532E-8,1.50745849171983E-7,-1.22705539125891E-8,220.1952209,220.5132446,999.988037109375,999.988037109375,52.3503517040055,14.8645514317222,5.154188,0,0,0,200,4886,212.2798,999.988037109375,,,,,,,,,,,,,0,,,,4.13774015,,,,,,220.35423275,,,,
,50916594.79,220.03954315,999.988037109375,2.69049113247696E-7,1.06811710522831E-7,1,4.99626677034896,40.0298881530762,2.00088097818678,1.01999996695668,2.43077184809606E-6,4.29503772858209E-6,0.25,3.29567492909485E-7,2.69505887439018E-7,3.30806503907685E-7,219.8838654,220.1952209,999.988037109375,999.988037109375,51.7039449186016,14.8656693363603,5.154188,0,0,0,200,4886,211.9713,999.988037109375,,,,,,,,,,,,,0,,,,4.1170726,,,,,,220.03954315,,,,
,50916599.78,219.6990967,999.988037109375,2.2206764995694E-7,1.03464907678822E-7,1,4.99626677034896,40.0298881530762,2.00095674147974,1.01999996695668,2.61533821963624E-6,-9.88896011250946E-9,0.25,-3.89019345568696E-8,2.22761455545318E-7,-3.87918756238898E-8,219.514328,219.8838654,999.988037109375,999.988037109375,51.8837194780247,14.8665644308556,5.154188,0,0,0,200,4886,211.658,999.988037109375,,,,,,,,,,,,,0,,,,4.1170726,,,,,,219.6990967,,,,
,50916604.78,219.3628006,999.988037109375,2.33448666017621E-7,1.0495902368121E-7,1,4.99626677034896,40.0298881530762,2.00097572726927,1.01999996695668,2.52099054360096E-6,1.32327929874418E-6,0.25,7.57413607592363E-8,2.34062617640902E-7,7.62022003151639E-8,219.2112732,219.514328,999.988037109375,999.988037109375,52.0681838085632,14.8662841514741,5.154188,0,0,0,200,4886,211.29145,999.988037109375,,,,,,,,,,,,,0,,,,4.0966103,,,,,,219.3628006,,,,
,50916609.795,219.05117035,999.988037109375,2.41023090644017E-7,1.1122266971206E-7,1,4.99626677034896,40.0298881530762,2.00102728161962,1.01999996695668,2.62016575879832E-6,1.26532810420329E-6,0.25,6.93714011143034E-8,2.41668427291061E-7,6.98223209540906E-8,218.8910675,219.2112732,999.988037109375,999.988037109375,51.7922689412747,14.8689047342592,5.154188,0,0,0,200,4886,210.9533,999.988037109375,,,,,,,,,,,,,0,,,,4.0966103,,,,,,219.05117035,,,,
,50916614.78,218.712204,999.988037109375,3.50082831027029E-7,1.08545873991563E-7,1,4.99626677034896,40.0298881530762,2.00083982613825,1.01999996695668,3.6928634812258E-6,2.49506459278175E-6,0.25,1.58250507606451E-7,3.50965667241008E-7,1.59078761262236E-7,218.5333405,218.8910675,999.988037109375,999.988037109375,51.8587073654093,14.8630524621086,5.527248,0,0,0,200,4886,210.63805,999.988037109375,,,,,,,,,,,,,0,,,,4.1170726,,,,,,218.712204,,,,
,50916619.76,218.37615205,999.988037109375,1.54036336369093E-7,1.16715377885296E-7,1,4.99626677034896,40.0298881530762,2.00094373830066,1.01999996695668,1.33547317062547E-6,2.78787370398343E-6,0.25,2.17425470826421E-7,1.54275727080326E-7,2.18233511947957E-7,218.2189636,218.5333405,999.988037109375,999.988037109375,51.6609553500439,14.8664390065104,5.527248,0,0,0,200,4886,210.3,999.988037109375,,,,,,,,,,,,,0,,,,4.0966103,,,,,,218.37615205,,,,
,50916624.77,218.03313445,999.988037109375,2.04965643558233E-7,1.1308657563896E-7,1,4.99626677034896,40.0298881530762,2.0009989083657,1.01999996695668,1.73142913077804E-6,3.97630322379091E-6,0.25,3.12620979309409E-7,2.0526226097825E-7,3.13770167572403E-7,217.8473053,218.2189636,999.988037109375,999.988037109375,51.8196259394478,14.8686913378092,5.154188,0,0,0,200,4886,209.96275,999.988037109375,,,,,,,,,,,,,0,,,,4.076148,,,,,,218.03313445,,,,
,50916629.77,217.6940384,999.988037109375,2.80336500150425E-7,1.13231457182194E-7,1,4.99626677034896,40.0298881530762,2.00092783422242,1.01999996695668,3.0609884630249E-6,1.39318854851581E-6,0.25,7.38169918853527E-8,2.81106951181836E-7,7.4326798544524E-8,217.5407715,217.8473053,999.988037109375,999.988037109375,51.7758547423709,14.868834342936,5.154188,0,0,0,200,4886,209.648,999.988037109375,,,,,,,,,,,,,0,,,,4.076148,,,,,,217.6940384,,,,
,50916634.75,217.382988,999.988037109375,2.68908383268252E-7,1.11808098399339E-7,1,4.99626677034896,40.0298881530762,2.00100344470076,1.01999996695668,2.95439052991232E-6,1.23108988683616E-6,0.25,6.15930658896769E-8,2.69659679123381E-7,6.20555036598548E-8,217.2252045,217.5407715,999.988037109375,999.988037109375,51.7625670575439,14.8701648650193,5.154188,0,0,0,200,4886,209.3113,999.988037109375,,,,,,,,,,,,,0,,,,4.076148,,,,,,217.382988,,,,
,50916639.74,217.04322055,999.988037109375,3.67729618708454E-7,1.27396523956967E-7,1,4.99626677034896,40.0298881530762,2.00084755931125,1.01999996695668,3.52858021662682E-6,4.6679803001867E-6,0.25,3.45241139707856E-7,3.68492852760321E-7,3.46669036277959E-7,216.8612366,217.2252045,999.988037109375,999.988037109375,51.5640334136593,14.8660557988151,5.154188,0,0,0,200,4886,208.94535,999.988037109375,,,,,,,,,,,,,0,,,,4.05588935,,,,,,217.04322055,,,,
,50916644.75,216.70993045,999.988037109375,3.00874222548732E-7,1.17545026689247E-7,1,4.99626677034896,40.0298881530762,2.00096284875246,1.01999996695668,3.21206303308142E-6,1.92344959985663E-6,0.25,1.16661302627777E-7,3.01672458836061E-7,1.17327397334071E-7,216.5586243,216.8612366,999.988037109375,999.988037109375,52.1549445741978,14.8696841743023,5.154188,0,0,0,200,4886,208.5996,999.988037109375,,,,,,,,,,,,,0,,,,4.05588935,,,,,,216.70993045,,,,
,50916649.735,216.402504,999.988037109375,3.46264895620332E-7,1.14617749138749E-7,1,4.99626677034896,40.0298881530762,2.0009198832853,1.01999996695668,3.99837159860456E-6,4.52044496805474E-7,0.25,-1.97865480825664E-8,3.47346049265627E-7,-1.94897572163152E-8,216.2463837,216.5586243,999.988037109375,999.988037109375,51.904823448044,14.8691208237429,5.527248,0,0,0,200,4886,208.2905,999.988037109375,,,,,,,,,,,,,0,,,,4.076148,,,,,,216.402504,,,,
,50916654.765,216.0564499,999.988037109375,3.75793802547122E-7,1.14591989822906E-7,1,4.99626677034896,40.0298881530762,2.00095903943522,1.01999996695668,4.1231033026067E-6,1.75369090506692E-6,0.25,8.89774487775359E-8,3.76857540666776E-7,8.96397655850721E-8,215.8665161,216.2463837,999.988037109375,999.988037109375,51.34986719939,14.8696990086367,5.527248,0,0,0,200,4886,207.9532,999.988037109375,,,,,,,,,,,,,0,,,,4.076148,,,,,,216.0564499,,,,
,50916659.765,215.71274565,999.988037109375,1.13558499705367E-7,1.05566527883204E-7,1,4.99626677034896,40.0298881530762,2.00086240026935,1.01999996695668,7.95039473640558E-7,3.16167715113894E-6,0.25,2.57033450983074E-7,1.13642736602591E-7,2.57944757425751E-7,215.5589752,215.8665161,999.988037109375,999.988037109375,51.9814230429286,14.8666988048447,5.154188,0,0,0,200,4886,207.608,999.988037109375,,,,,,,,,,,,,0,,,,4.05588935,,,,,,215.71274565,,,,
,50916664.735,215.39575955,999.988037109375,2.30133677252322E-7,1.06316922510926E-7,1,4.99626677034896,40.0298881530762,2.00088509565477,1.01999996695668,2.19611346376527E-6,2.99331913441634E-6,0.25,2.22333912158923E-7,2.30615951266049E-7,2.2326181326364E-7,215.2325439,215.5589752,999.988037109375,999.988037109375,51.9274906751017,14.8710223249938,5.154188,0,0,0,200,4886,207.30055,999.988037109375,,,,,,,,,,,,,0,,,,4.05588935,,,,,,215.39575955,,,,
,50916669.74,215.0510559,999.988037109375,3.25583322776836E-7,1.0637720012788E-7,1,4.99626677034896,40.0298881530762,2.00092311231258,1.01999996695668,3.17432817046319E-6,3.8422542279713E-6,0.25,2.80208841158257E-7,3.26304630906738E-7,2.81419258924293E-7,214.8695679,215.2325439,999.988037109375,999.988037109375,51.7328651738132,14.8714908363646,5.154188,0,0,0,200,4886,206.96505,999.988037109375,,,,,,,,,,,,,0,,,,4.05588935,,,,,,215.0510559,,,,
,50916674.725,214.71759035,999.988037109375,2.22453992901482E-7,1.03751632904928E-7,1,4.99626677034896,40.0298881530762,2.00089606765182,1.01999996695668,2.47278822223101E-6,8.51049213366881E-7,0.25,3.63099612576637E-8,2.23110752495214E-7,3.66552615538622E-8,214.5656128,214.8695679,999.988037109375,999.988037109375,52.1189896623132,14.8686008186505,5.154188,0,0,0,200,4886,206.61905,999.988037109375,,,,,,,,,,,,,0,,,,4.0155734,,,,,,214.71759035,,,,
,50916679.72,214.40348815,999.988037109375,1.96523277748274E-7,1.03686608348511E-7,1,4.99626677034896,40.0298881530762,2.00085459741384,1.01999996695668,2.6010120528442E-6,-1.67922505961542E-6,0.25,-1.80509776521033E-7,1.97327656595911E-7,-1.80870098796101E-7,214.2413635,214.5656128,999.988037109375,999.988037109375,51.7524058867939,14.8677064263374,5.154188,0,0,0,200,4886,206.2827,999.988037109375,,,,,,,,,,,,,0,,,,4.03583205,,,,,,214.40348815,,,,
,50916684.72,214.0518112,999.988037109375,5.19623740903032E-7,1.02440026601015E-7,1,4.99626677034896,40.0298881530762,2.00097474313228,1.01999996695668,5.88064714157296E-6,1.37992140494268E-6,0.25,3.16375025472587E-8,5.21225261789127E-7,3.22809738984013E-8,213.8622589,214.2413635,999.988037109375,999.988037109375,51.9970556133132,14.8682799570922,5.154188,0,0,0,200,4886,205.9462,999.988037109375,,,,,,,,,,,,,0,,,,4.05588935,,,,,,214.0518112,,,,
,50916689.725,213.7113495,999.988037109375,1.06771183850339E-7,1.08791013995194E-7,1,4.99626677034896,40.0298881530762,2.00086978537868,1.01999996695668,4.85627808916321E-7,4.50168268736013E-6,0.25,3.75349645869816E-7,1.06714661199052E-7,3.76646886720892E-7,213.5604401,213.8622589,999.988037109375,999.988037109375,51.8524543372555,14.8722442317731,5.154188,0,0,0,200,4886,205.6276,999.988037109375,,,,,,,,,,,,,0,,,,4.0155734,,,,,,213.7113495,,,,
,50916694.715,213.40379335,999.988037109375,1.66762604185198E-7,1.08132380361502E-7,1,4.99626677034896,40.0298881530762,2.00086005443579,1.01999996695668,1.58040303680541E-6,2.2336379751144E-6,0.25,1.66744862402943E-7,1.671157417446E-7,1.6744844855243E-7,213.2471466,213.5604401,999.988037109375,999.988037109375,51.922019275467,14.8687739517657,5.154188,0,0,0,200,4886,205.29255,999.988037109375,,,,,,,,,,,,,0,,,,3.9955161,,,,,,213.40379335,,,,
,50916699.725,213.0684967,999.988037109375,1.69941424398248E-7,1.13006252965429E-7,1,4.99626677034896,40.0298881530762,2.00087836826904,1.01999996695668,1.54087500529028E-6,2.68297968217424E-6,0.25,2.05486884279855E-7,1.70265464559116E-7,2.06319334925697E-7,212.8898468,213.2471466,999.988037109375,999.988037109375,51.9157662473132,14.8704165472628,5.527248,0,0,0,200,4886,204.95645,999.988037109375,,,,,,,,,,,,,0,,,,3.9955161,,,,,,213.0684967,,,,
,50916704.725,212.73488615,999.988037109375,-8.39647357854029E-9,1.06263005835253E-7,1,4.99626677034896,40.0298881530762,2.00091562315186,1.01999996695668,-9.0272520890812E-8,-5.00403223195595E-8,0.25,-2.93688350760095E-9,-8.42017467160698E-9,-2.95511722955332E-9,212.5799255,212.8898468,999.988037109375,999.988037109375,51.9384334743709,14.8709226490197,5.154188,0,0,0,200,4886,204.6369,999.988037109375,,,,,,,,,,,,,0,,,,4.0155734,,,,,,212.73488615,,,,
,50916709.725,212.3869476,999.988037109375,1.95269403121724E-7,1.1070164625488E-7,1,4.99626677034896,40.0298881530762,2.00088899974944,1.01999996695668,2.35597653197608E-6,-3.33877261853539E-7,0.25,-6.26497304178031E-8,1.95961279981115E-7,-6.26439915071288E-8,212.1939697,212.5799255,999.988037109375,999.988037109375,51.8680869076401,14.8674925812528,5.154188,0,0,0,200,4886,204.30135,999.988037109375,,,,,,,,,,,,,0,,,,4.0356307,,,,,,212.3869476,,,,
,50916729.63,211.0467987,999.988037109375,,,2,,,,1.03600017032027,,,,,,,211.0467987,211.0467987,999.988037109375,999.988037109375,,,5.527248,,,,-99999999,4886,202.9884,999.988037109375,,,,,,,,,,,,,,,,,,,,,,,211.0467987,,,,
touchdown = -4.86999982967973 mm,50916759.935,209.0464478,999.988037109375,3.61424718746631E-7,9.62921638794183E-8,1,4.99626677034896,40.0298881530762,2.00075089245112,1.01999996695668,3.91602197735392E-6,1.97841322769217E-6,0.25,1.11049831892141E-7,3.62504718129087E-7,1.11808662061536E-7,209.0464478,209.0464478,999.988037109375,999.988037109375,51.9063867050824,14.8695315087644,5.154188,0,0,0,200,4886,200.9489,999.988037109375,,,,,,,,,,,,,0,,,,3.9955161,,,,,,209.0464478,,,,
,50916761.075,208.97755435,999.988037109375,2.16631261509361E-7,1.02685388114285E-7,1,4.99626677034896,40.0298881530762,2.00077023023847,1.01999996695668,2.49633387976369E-6,3.15621663519646E-7,0.25,-9.52503500982543E-9,2.17361246246043E-7,-9.32269894213959E-9,208.9086609,209.0464478,999.988037109375,999.988037109375,51.8665236506016,14.8682648172965,4.781127,0,0,0,200,4886,200.86325,999.988037109375,,,,,,,,,,,,,0,,,,3.9955161,,,,,,208.97755435,,,,
,50916764.665,208.73262785,999.988037109375,1.62065589926363E-7,1.11281895919915E-7,1,4.99626677034896,40.0298881530762,2.00076575815133,1.01999996695668,1.92061069545784E-6,-7.3453557173173E-8,0.25,-3.41933861519017E-8,1.62642367142639E-7,-3.41319561858928E-8,208.5565948,208.9086609,999.988037109375,999.988037109375,51.5898271547939,14.8683412018675,5.527248,0,0,0,200,4886,200.6153,999.988037109375,,,,,,,,,,,,,0,,,,3.9955161,,,,,,208.73262785,,,,
,50916769.665,208.40058895,999.988037109375,1.04219599575096E-7,1.08548565410841E-7,1,4.99626677034896,40.0298881530762,2.00079990170941,1.01999996695668,9.50115495645867E-7,1.61597559713322E-6,0.25,1.23426816559626E-7,1.04434124427933E-7,1.23952297969393E-7,208.2445831,208.5565948,999.988037109375,999.988037109375,51.9282723036209,14.8692701368706,5.154188,0,0,0,200,4886,200.29045,999.988037109375,,,,,,,,,,,,,0,,,,3.9756581,,,,,,208.40058895,,,,
,50916774.65,208.05460355,999.988037109375,1.28808931159965E-7,1.13977219421539E-7,1,4.99626677034896,40.0298881530762,2.0008708295578,1.01999996695668,9.50295480228189E-7,3.30473137789991E-6,0.25,2.66848876479006E-7,1.28951099736781E-7,2.67883829279996E-7,207.864624,208.2445831,999.988037109375,999.988037109375,51.891535763217,14.8726760165775,5.154188,0,0,0,200,4886,199.9564,999.988037109375,,,,,,,,,,,,,0,,,,3.9558001,,,,,,208.05460355,,,,
,50916779.635,207.71350095,999.988037109375,3.00762573461408E-7,1.07438274100277E-7,1,4.99626677034896,40.0298881530762,2.00089762459739,1.01999996695668,3.27979799480883E-6,1.5258628338929E-6,0.25,8.18580813198311E-8,3.016858094315E-7,8.24609420229818E-8,207.5623779,207.864624,999.988037109375,999.988037109375,52.1236794334286,14.8723733591383,5.154188,0,0,0,200,4886,199.6508,999.988037109375,,,,,,,,,,,,,0,,,,3.9361396,,,,,,207.71350095,,,,
,50916784.635,207.3866348,999.988037109375,3.13604722592923E-7,1.10808184512399E-7,1,4.99626677034896,40.0298881530762,2.00087476328679,1.01999996695668,3.20127300544281E-6,2.86645210515755E-6,0.25,1.96857185018342E-7,3.14449113324337E-7,1.97864008691064E-7,207.2108917,207.5623779,999.988037109375,999.988037109375,51.779762884967,14.8707194451289,5.527248,0,0,0,200,4886,199.32725,999.988037109375,,,,,,,,,,,,,0,,,,3.9164791,,,,,,207.3866348,,,,
,50916789.635,207.0639801,999.988037109375,3.59140105284881E-7,1.09027030817869E-7,1,4.99626677034896,40.0298881530762,2.00087452073388,1.01999996695668,3.60860026870939E-6,3.61840958671913E-6,0.25,2.54789314426207E-7,3.60078428535983E-7,2.56045155794602E-7,206.9170685,207.2108917,999.988037109375,999.988037109375,51.9259274180632,14.8718903496393,4.781127,0,0,0,200,4886,198.9663,999.988037109375,,,,,,,,,,,,,0,,,,3.9164791,,,,,,207.0639801,,,,
,50916794.625,206.7381058,999.988037109375,1.07977067941724E-7,1.09538321047879E-7,1,4.99626677034896,40.0298881530762,2.00081522976258,1.01999996695668,1.0642252336448E-6,1.20863732246879E-6,0.25,8.71612108699504E-8,1.08248624353148E-7,8.75758003583636E-8,206.5591431,206.9170685,999.988037109375,999.988037109375,51.901696933967,14.869247194041,4.781127,0,0,0,200,4886,198.6048,999.988037109375,,,,,,,,,,,,,0,,,,3.9164791,,,,,,206.7381058,,,,
,50916799.625,206.40821075,999.988037109375,2.32244958968062E-7,1.19485275490119E-7,1,4.99626677034896,40.0298881530762,2.00075764607981,1.01999996695668,2.66924318750455E-6,3.80621355769984E-7,0.25,-6.52422307138073E-9,2.33044230408157E-7,-6.29149797366242E-9,206.2572784,206.5591431,999.988037109375,999.988037109375,51.8602706224478,14.8688231921085,5.154188,0,0,0,200,4886,198.27835,999.988037109375,,,,,,,,,,,,,0,,,,3.9164791,,,,,,206.40821075,,,,
,50916804.635,206.08245085,999.988037109375,4.14571279809098E-7,1.02643929488534E-7,1,4.99626677034896,40.0298881530762,2.00084806746356,1.01999996695668,4.16252480646209E-6,4.19509754541596E-6,0.25,2.95696130099391E-7,4.15664604834681E-7,2.97164001120676E-7,205.9076233,206.2572784,999.988037109375,999.988037109375,52.138530375294,14.871870761828,5.154188,0,0,0,200,4886,197.97135,999.988037109375,,,,,,,,,,,,,0,,,,3.9361396,,,,,,206.08245085,,,,
,50916809.63,205.74808505,999.988037109375,1.340929686023E-7,1.09931735586217E-7,1,4.99626677034896,40.0298881530762,2.00083141421097,1.01999996695668,1.20632066426025E-6,2.17409732690399E-6,0.25,1.67082626663489E-7,1.34369127282841E-7,1.67804114862842E-7,205.5885468,205.9076233,999.988037109375,999.988037109375,51.8469829376209,14.8724424311471,5.154188,0,0,0,200,4886,197.61185,999.988037109375,,,,,,,,,,,,,0,,,,3.9558001,,,,,,205.74808505,,,,
,50916814.62,205.41773225,999.988037109375,1.73854761953849E-7,1.0826412586405E-7,1,4.99626677034896,40.0298881530762,2.00075559494927,1.01999996695668,1.7397583897945E-6,1.79303511785423E-6,0.25,1.26958747758934E-7,1.74313347692062E-7,1.27588156419712E-7,205.2469177,205.5885468,999.988037109375,999.988037109375,51.6461044081785,14.8704776753255,5.154188,0,0,0,200,4886,197.2866,999.988037109375,,,,,,,,,,,,,0,,,,3.9361396,,,,,,205.41773225,,,,
,50916819.62,205.08432005,999.988037109375,1.94500551414221E-7,9.79016082213766E-8,1,4.99626677034896,40.0298881530762,2.00075444489549,1.01999996695668,1.94983540989387E-6,1.98580927288414E-6,0.25,1.40271272904092E-7,1.95017463185237E-7,1.40971375425467E-7,204.9217224,205.2469177,999.988037109375,999.988037109375,52.1783934297748,14.8696086945619,5.154188,0,0,0,200,4886,196.98095,999.988037109375,,,,,,,,,,,,,0,,,,3.9361396,,,,,,205.08432005,,,,
,50916824.62,204.74584195,999.988037109375,1.96623326806716E-7,1.13070952514075E-7,1,4.99626677034896,40.0298881530762,2.0008018682264,1.01999996695668,1.94290545233733E-6,2.1725224943085E-6,0.25,1.56223615796824E-7,1.97131820926618E-7,1.56983472927951E-7,204.5699615,204.9217224,999.988037109375,999.988037109375,51.9040418195247,14.8700675464472,5.154188,0,0,0,200,4886,196.65,999.988037109375,,,,,,,,,,,,,0,,,,3.9361396,,,,,,204.74584195,,,,
,50916829.6,204.4131393,999.988037109375,1.63027556211732E-7,1.04040352580737E-7,1,4.99626677034896,40.0298881530762,2.00081139321866,1.01999996695668,1.81955429014428E-6,5.84231526252257E-7,0.25,2.31318073066198E-8,1.63569005844749E-7,2.33935286731494E-8,204.2563171,204.5699615,999.988037109375,999.988037109375,51.6617369785632,14.8742335575588,5.154188,0,0,0,200,4886,196.3237,999.988037109375,,,,,,,,,,,,,0,,,,3.9361396,,,,,,204.4131393,,,,
,50916834.61,204.0694046,999.988037109375,1.89091587920895E-7,1.03016154244297E-7,1,4.99626677034896,40.0298881530762,2.00077490888077,1.01999996695668,1.99914008487509E-6,1.32704258392902E-6,0.25,8.36005569552617E-8,1.89658504657337E-7,8.41030587959261E-8,203.8824921,204.2563171,999.988037109375,999.988037109375,51.9509395306786,14.8729728148451,5.154188,0,0,0,200,4886,195.9905,999.988037109375,,,,,,,,,,,,,0,,,,3.9558001,,,,,,204.0694046,,,,
,50916839.61,203.73451235,999.988037109375,3.60082495513825E-7,1.02187710723015E-7,1,4.99626677034896,40.0298881530762,2.00077285124565,1.01999996695668,3.86721491671034E-6,2.17545277372471E-6,0.25,1.28458884494903E-7,3.6120007564479E-7,1.29310880457782E-7,203.5865326,203.8824921,999.988037109375,999.988037109375,51.9681353581017,14.8729637388102,5.154188,0,0,0,200,4886,195.6322,999.988037109375,,,,,,,,,,,,,0,,,,3.9361396,,,,,,203.73451235,,,,
,50916844.585,203.407074,999.988037109375,3.82439418550462E-7,1.03755916332447E-7,1,4.99626677034896,40.0298881530762,2.00080042290762,1.01999996695668,4.21430684777526E-6,1.68694746455754E-6,0.25,8.1918225508268E-8,3.8369130799716E-7,8.26340966360844E-8,203.2276154,203.5865326,999.988037109375,999.988037109375,51.6304718377939,14.871148739116,5.154188,0,0,0,200,4886,195.2777,999.988037109375,,,,,,,,,,,,,0,,,,3.8970139,,,,,,203.407074,,,,
,50916849.585,203.04852295,999.988037109375,3.36940110807169E-7,1.01569236422527E-7,1,4.99626677034896,40.0298881530762,2.00068913983764,1.01999996695668,3.56614696989473E-6,2.34165525678312E-6,0.25,1.46956377732458E-7,3.37963153654304E-7,1.4785236274262E-7,202.8694305,203.2276154,999.988037109375,999.988037109375,51.8399482809478,14.8696955206664,5.154188,0,0,0,200,4886,194.9733,999.988037109375,,,,,,,,,,,,,0,,,,3.8970139,,,,,,203.04852295,,,,
,50916854.585,202.72183225,999.988037109375,2.81455148681387E-7,1.10103352594851E-7,1,4.99626677034896,40.0298881530762,2.00068365652855,1.01999996695668,3.27443837572518E-6,2.3192483685307E-7,0.25,-2.79668351855914E-8,2.82481959279885E-7,-2.77493882351032E-8,202.574234,202.8694305,999.988037109375,999.988037109375,51.8899725061786,14.8713655720048,4.781127,0,0,0,200,4886,194.64255,999.988037109375,,,,,,,,,,,,,0,,,,3.8970139,,,,,,202.72183225,,,,
,50916859.605,202.3906479,999.988037109375,1.21250284954644E-7,1.07805649577612E-7,1,4.99626677034896,40.0298881530762,2.00071213998831,1.01999996695668,1.34858669136579E-6,4.62043031468033E-7,0.25,1.96077912225884E-8,1.21658367242953E-7,1.98139339923452E-8,202.2070618,202.574234,999.988037109375,999.988037109375,51.667990006717,14.8719366468222,5.527248,0,0,0,200,4886,194.31325,999.988037109375,,,,,,,,,,,,,0,,,,3.8970139,,,,,,202.3906479,,,,
,50916864.59,202.05137635,999.988037109375,2.53619798385944E-7,1.01520815571308E-7,1,4.99626677034896,40.0298881530762,2.00071082513156,1.01999996695668,2.56996398778937E-6,2.4303146320789E-6,0.25,1.68976940982029E-7,2.54331790265914E-7,1.69864639681228E-7,201.8956909,202.2070618,999.988037109375,999.988037109375,51.8258789676016,14.8711430713634,5.154188,0,0,0,200,4886,194.00815,999.988037109375,,,,,,,,,,,,,0,,,,3.8970139,,,,,,202.05137635,,,,
,50916869.565,201.7167587,999.988037109375,3.30295247647995E-7,1.05882733964253E-7,1,4.99626677034896,40.0298881530762,2.00069782599151,1.01999996695668,3.4038241686756E-6,2.83319167816803E-6,0.25,1.91050278327512E-7,3.31258462522905E-7,1.92106126168604E-7,201.5378265,201.8956909,999.988037109375,999.988037109375,51.891535763217,14.8725877015886,4.781127,0,0,0,200,4886,193.64985,999.988037109375,,,,,,,,,,,,,0,,,,3.8775487,,,,,,201.7167587,,,,
,50916874.57,201.39430235,999.988037109375,1.85578418604461E-8,1.0826076963003E-7,1,4.99626677034896,40.0298881530762,2.00064085343042,1.01999996695668,2.45701770149692E-7,-1.5853034363625E-7,0.25,-1.70392860276794E-8,1.8643629454667E-8,-1.70792672301758E-8,201.2507782,201.5378265,999.988037109375,999.988037109375,51.6562655789285,14.8718041176864,4.781127,0,0,0,200,4886,193.2935,999.988037109375,,,,,,,,,,,,,0,,,,3.8775487,,,,,,201.39430235,,,,
,50916879.575,201.06726075,999.988037109375,3.02117947521321E-7,1.06368835767677E-7,1,4.99626677034896,40.0298881530762,2.00070302171204,1.01999996695668,3.41531293421871E-6,8.30887159581931E-7,0.25,2.08439129257866E-8,3.03179629851908E-7,2.12621536902631E-8,200.8837433,201.2507782,999.988037109375,999.988037109375,52.1440017749286,14.8735336803709,5.527248,0,0,0,200,4886,192.96265,999.988037109375,,,,,,,,,,,,,0,,,,3.8970139,,,,,,201.06726075,,,,
,50916884.57,200.73184205,999.988037109375,3.49665629671028E-7,1.08399379794789E-7,1,4.99626677034896,40.0298881530762,2.00072739195507,1.01999996695668,3.71311879148478E-6,2.36055522496128E-6,0.25,1.46401984208066E-7,3.50759028907253E-7,1.47327867089228E-7,200.5799408,200.8837433,999.988037109375,999.988037109375,51.7453712301209,14.8747117606133,5.154188,0,0,0,200,4886,192.6325,999.988037109375,,,,,,,,,,,,,0,,,,3.8970139,,,,,,200.73184205,,,,
,50916889.57,200.3964157,999.988037109375,2.64625631960274E-7,1.03442922591315E-7,1,4.99626677034896,40.0298881530762,2.00077306051155,1.01999996695668,2.7029536924816E-6,2.41194873749546E-6,0.25,1.65464017031389E-7,2.65393426507102E-7,1.66364273689747E-7,200.2128906,200.5799408,999.988037109375,999.988037109375,51.8110280257363,14.8718424712594,5.154188,0,0,0,200,4886,192.302,999.988037109375,,,,,,,,,,,,,0,,,,3.8775487,,,,,,200.3964157,,,,
,50916894.57,200.06144715,999.988037109375,9.54158855075172E-8,1.13941774069469E-7,1,4.99626677034896,40.0298881530762,2.00060905996134,1.01999996695668,5.65571480971498E-7,3.25534699990582E-6,0.25,2.68209016737971E-7,9.54550692019921E-8,2.6929083190787E-7,199.9100037,200.2128906,999.988037109375,999.988037109375,51.8579257368901,14.8710356539558,5.154188,0,0,0,200,4886,191.9706,999.988037109375,,,,,,,,,,,,,0,,,,3.8775487,,,,,,200.06144715,,,,
,50916899.535,199.74834445,999.988037109375,2.22444732094105E-7,1.05085971010028E-7,1,4.99626677034896,40.0298881530762,2.00060743680306,1.01999996695668,2.38638977706043E-6,1.35989733646817E-6,0.25,8.07416871366891E-8,2.23161164274612E-7,8.12904372020414E-8,199.5866852,199.9100037,999.988037109375,999.988037109375,51.8313503672362,14.8754493773034,5.154188,0,0,0,200,4886,191.61245,999.988037109375,,,,,,,,,,,,,0,,,,3.8970139,,,,,,199.74834445,,,,
,50916904.535,199.4001999,999.988037109375,2.43252387768533E-7,1.08630800031351E-7,1,4.99626677034896,40.0298881530762,2.0007466589344,1.01999996695668,2.41872251991213E-6,2.6019428706418E-6,0.25,1.85728573619568E-7,2.43926478075164E-7,1.86685819187896E-7,199.2137146,199.5866852,999.988037109375,999.988037109375,52.0353554107555,14.8735973954589,5.154188,0,0,0,200,4886,191.28085,999.988037109375,,,,,,,,,,,,,0,,,,3.8970139,,,,,,199.4001999,,,,
,50916909.55,199.0617523,999.988037109375,6.78004275915339E-8,1.05146993382761E-7,1,4.99626677034896,40.0298881530762,2.00065895854808,1.01999996695668,5.73391140295388E-7,1.31287781288274E-6,0.25,1.03135499638468E-7,6.79297824004009E-8,1.03591081669247E-7,198.90979,199.2137146,999.988037109375,999.988037109375,52.2252911409286,14.8724929856055,5.154188,0,0,0,200,4886,190.95155,999.988037109375,,,,,,,,,,,,,0,,,,3.8775487,,,,,,199.0617523,,,,
,50916914.54,198.7296295,999.988037109375,2.80451618301826E-7,9.99884928140369E-8,1,4.99626677034896,40.0298881530762,2.00067671767235,1.01999996695668,3.15489347079353E-6,8.62907535268653E-7,0.25,2.73468914882143E-8,2.81449633056594E-7,2.7771114558425E-8,198.549469,198.90979,999.988037109375,999.988037109375,51.8422931665055,14.8767750713124,5.154188,0,0,0,200,4886,190.5938,999.988037109375,,,,,,,,,,,,,0,,,,3.8775487,,,,,,198.7296295,,,,
,50916919.54,198.393692,999.988037109375,2.3860140183418E-7,1.02645738790323E-7,1,4.99626677034896,40.0298881530762,2.00065999340739,1.01999996695668,2.33102834402327E-6,2.79374697858311E-6,0.25,2.0329121613384E-7,2.39244828649212E-7,2.04315909030249E-7,198.237915,198.549469,999.988037109375,999.988037109375,52.2432685968709,14.8738415233595,5.154188,0,0,0,200,4886,190.28765,999.988037109375,,,,,,,,,,,,,0,,,,3.8775487,,,,,,198.393692,,,,
,50916924.525,198.07321165,999.988037109375,8.87940831929861E-8,1.03026067903019E-7,1,4.99626677034896,40.0298881530762,2.00070604211282,1.01999996695668,1.05775321617328E-6,-7.00227097732979E-8,0.25,-2.13429106396609E-8,8.91467682475284E-8,-2.13187652352025E-8,197.9085083,198.237915,999.988037109375,999.988037109375,51.854017594294,14.8763594763132,5.154188,0,0,0,200,4886,189.9587,999.988037109375,,,,,,,,,,,,,0,,,,3.8582771,,,,,,198.07321165,,,,
,50916929.51,197.72470095,999.988037109375,3.27780678743401E-7,1.10825708794572E-7,1,4.99626677034896,40.0298881530762,2.00061762787762,1.01999996695668,3.36933317133554E-6,2.86340821206847E-6,0.25,1.94089738326484E-7,3.28769490135311E-7,1.9518977933794E-7,197.5408936,197.9085083,999.988037109375,999.988037109375,51.6765879204285,14.8760960007297,5.154188,0,0,0,200,4886,189.62905,999.988037109375,,,,,,,,,,,,,0,,,,3.8582771,,,,,,197.72470095,,,,
,50916934.52,197.3573914,999.988037109375,1.49762640138128E-7,1.06620132646958E-7,1,4.99626677034896,40.0298881530762,2.00061213129791,1.01999996695668,1.35715580383364E-6,2.37163959159655E-6,0.25,1.8162230848763E-7,1.50107768317794E-7,1.82471891898716E-7,197.1738892,197.5408936,999.988037109375,999.988037109375,51.5569987569862,14.874479338709,5.154188,0,0,0,200,4886,189.29535,999.988037109375,,,,,,,,,,,,,0,,,,3.8582771,,,,,,197.3573914,,,,
,50916939.525,197.0235138,999.988037109375,1.64896226489494E-7,1.03808101389623E-7,1,4.99626677034896,40.0298881530762,2.00065872790275,1.01999996695668,1.40577078092362E-6,3.1279906096536E-6,0.25,2.45128734391256E-7,1.65224824724552E-7,2.4623517895379E-7,196.8731384,197.1738892,999.988037109375,999.988037109375,51.8469829376209,14.873798164028,5.154188,0,0,0,200,4886,188.9652,999.988037109375,,,,,,,,,,,,,0,,,,3.8390055,,,,,,197.0235138,,,,
,50916944.525,196.6929855,999.988037109375,1.58612848409059E-7,1.04102146742703E-7,1,4.99626677034896,40.0298881530762,2.00055460633417,1.01999996695668,1.79169314001566E-6,4.44930931800004E-7,0.25,1.16965842602131E-8,1.59192280967339E-7,1.19258913432393E-8,196.5128326,196.8731384,999.988037109375,999.988037109375,51.7375549449286,14.874314627321,5.527248,0,0,0,200,4886,188.66165,999.988037109375,,,,,,,,,,,,,0,,,,3.8582771,,,,,,196.6929855,,,,
,50916949.52,196.35791015,999.988037109375,2.17847680027224E-7,1.1499621470828E-7,1,4.99626677034896,40.0298881530762,2.00065637484972,1.01999996695668,2.15219688150106E-6,2.41200647722138E-6,0.25,1.73465153600084E-7,2.18461361164249E-7,1.74371162626526E-7,196.2029877,196.5128326,999.988037109375,999.988037109375,51.6320350948324,14.8758983802855,5.154188,0,0,0,200,4886,188.35255,999.988037109375,,,,,,,,,,,,,0,,,,3.8582771,,,,,,196.35791015,,,,
,50916954.535,196.01428225,999.988037109375,1.18447697572097E-7,1.00798381837566E-7,1,4.99626677034896,40.0298881530762,2.0006417631202,1.01999996695668,8.99284397057142E-7,2.89152144096274E-6,0.25,2.32416672859338E-7,1.1862018992348E-7,2.33430221172903E-7,195.8255768,196.2029877,999.988037109375,999.988037109375,51.8047749975824,14.8734185417605,5.154188,0,0,0,200,4886,188.02275,999.988037109375,,,,,,,,,,,,,0,,,,3.8390055,,,,,,196.01428225,,,,
,50916959.535,195.6777115,999.988037109375,1.52106020081374E-7,1.13245660762024E-7,1,4.99626677034896,40.0298881530762,2.00058762615578,1.01999996695668,1.37948087601359E-6,2.40269295679927E-6,0.25,1.83924002260441E-7,1.5246328620028E-7,1.84797162291541E-7,195.5298462,195.8255768,999.988037109375,999.988037109375,52.2174748557363,14.874084652674,5.154188,0,0,0,200,4886,187.66705,999.988037109375,,,,,,,,,,,,,0,,,,3.8390055,,,,,,195.6777115,,,,
,50916964.52,195.35378265,999.988037109375,-8.39771404058507E-7,1.42416221356321E-6,1,4.99626677034896,40.0298881530762,2.00067513740888,1.01999996695668,-1.19265400679903E-5,1.18721252332662E-5,0.25,1.1815951149376E-6,-8.44343947092935E-7,1.18507487920863E-6,195.1777191,195.5298462,999.988037109375,999.988037109375,51.962663958467,14.8771897811373,5.154188,0,0,0,200,4886,187.35855,999.988037109375,,,,,,,,,,,,,0,,,,3.8582771,,,,,,195.35378265,,,,
,50916969.51,195.02493285,999.988037109375,1.97610629187249E-7,1.07921298455472E-7,1,4.99626677034896,40.0298881530762,2.000622289382,1.03000004310161,2.09885711856216E-6,1.33326086796316E-6,0.25,8.26446567183454E-8,1.98262750699407E-7,8.31920943910001E-8,194.8721466,195.1777191,999.988037109375,999.988037109375,51.8555808513324,14.8740717912428,5.154188,0,0,0,200,4886,187.02995,999.988037109375,,,,,,,,,,,,,0,,,,3.8775487,,,,,,195.02493285,,,,
,50916974.5,194.6912689,999.988037109375,1.17363366313314E-7,1.09927840233781E-7,1,4.99626677034896,40.0298881530762,2.00062727632094,1.01999996695668,1.06583400018154E-6,1.84582387254491E-6,0.25,1.41199558679341E-7,1.17642591279105E-7,1.41876136161992E-7,194.5103912,194.8721466,999.988037109375,999.988037109375,51.6148392674093,14.8776015973815,5.527248,0,0,0,200,4886,186.69975,999.988037109375,,,,,,,,,,,,,0,,,,3.8582771,,,,,,194.6912689,,,,
,50916979.485,194.35350035,999.988037109375,2.83730935877123E-7,1.07689674555185E-7,1,4.99626677034896,40.0298881530762,2.00064917203407,1.01999996695668,2.93967279349608E-6,2.34583655331267E-6,0.25,1.56369095676384E-7,2.84628131472415E-7,1.57303186506372E-7,194.1966095,194.5103912,999.988037109375,999.988037109375,52.4074105859094,14.877276053453,5.154188,0,0,0,200,4886,186.38955,999.988037109375,,,,,,,,,,,,,0,,,,3.8582771,,,,,,194.35350035,,,,
,50916984.485,194.0124054,999.988037109375,3.39644040786968E-7,1.10891895627179E-7,1,4.99626677034896,40.0298881530762,2.00061329358672,1.01999996695668,3.53682731199735E-6,2.7038334954895E-6,0.25,1.78070275339781E-7,3.40732169841334E-7,1.79156657148734E-7,193.8282013,194.1966095,999.988037109375,999.988037109375,52.0478614670632,14.874179073414,4.781127,0,0,0,200,4886,186.0357,999.988037109375,,,,,,,,,,,,,0,,,,3.8582771,,,,,,194.0124054,,,,
,50916989.49,193.67619325,999.988037109375,2.0758820005979E-7,1.02895765341032E-7,1,4.99626677034896,40.0298881530762,2.00053005465834,1.01999996695668,2.26324334879831E-6,1.05986697068783E-6,0.25,5.70370362426679E-8,2.0831711868813E-7,5.75039276963222E-8,193.5241852,193.8282013,999.988037109375,999.988037109375,51.8368217668709,14.873715394094,5.527248,0,0,0,200,4886,185.7058,999.988037109375,,,,,,,,,,,,,0,,,,3.8390055,,,,,,193.67619325,,,,
,50916994.505,193.33879855,999.988037109375,4.46067190537881E-8,1.06675321476153E-7,1,4.99626677034896,40.0298881530762,2.00056164823153,1.01999996695668,6.50648195197918E-8,2.68452841503369E-6,0.25,2.26973395725251E-7,4.4506839511989E-8,2.27900773666688E-7,193.1534119,193.5241852,999.988037109375,999.988037109375,51.7586589149478,14.8758718897232,5.527248,0,0,0,200,4886,185.39355,999.988037109375,,,,,,,,,,,,,0,,,,3.8390055,,,,,,193.33879855,,,,
,50916999.5,193.0014801,999.988037109375,3.93703288864515E-7,1.06024218408025E-7,1,4.99626677034896,40.0298881530762,2.0005387639001,1.01999996695668,4.64142438535068E-6,-2.4769045666023E-8,0.25,-6.96761023106955E-8,3.95307257228408E-7,-6.94728096854033E-8,192.8495483,193.1534119,999.988037109375,999.988037109375,51.8180626824093,14.8761307675342,5.154188,0,0,0,200,4886,185.04015,999.988037109375,,,,,,,,,,,,,0,,,,3.8390055,,,,,,193.0014801,,,,
,50917004.47,192.6929321,999.988037109375,3.25489099164999E-7,1.11359014834008E-7,1,4.99626677034896,40.0298881530762,2.00050554893338,1.01999996695668,3.21039391572873E-6,3.63488467110653E-6,0.25,2.61868554067473E-7,3.26434421348206E-7,2.63273893356348E-7,192.5363159,192.8495483,999.988037109375,999.988037109375,51.6640818641208,14.8760072385722,5.527248,0,0,0,200,4886,184.7114,999.988037109375,,,,,,,,,,,,,0,,,,3.8199253,,,,,,192.6929321,,,,
,50917009.475,192.34952545,999.988037109375,3.08829913116884E-7,1.0929161152406E-7,1,4.99626677034896,40.0298881530762,2.00057812926295,1.01999996695668,3.21387453798046E-6,2.47127578633251E-6,0.25,1.63016869323164E-7,3.09832625011886E-7,1.6402216866496E-7,192.162735,192.5363159,999.988037109375,999.988037109375,51.7563140293901,14.8760397080401,5.154188,0,0,0,200,4886,184.3728,999.988037109375,,,,,,,,,,,,,0,,,,3.8199253,,,,,,192.34952545,,,,
,50917014.475,191.9990158,999.988037109375,2.17270675339136E-7,1.12959038444919E-7,1,4.99626677034896,40.0298881530762,2.00056406241434,1.01999996695668,2.51818826230832E-6,2.39210227235298E-7,0.25,-1.63534202387629E-8,2.18136623717356E-7,-1.61545389287448E-8,191.8352966,192.162735,999.988037109375,999.988037109375,51.9212376469478,14.8751081618809,5.154188,0,0,0,200,4886,184.01945,999.988037109375,,,,,,,,,,,,,0,,,,3.8199253,,,,,,191.9990158,,,,
,50917019.51,191.65180205,999.988037109375,4.04215852984338E-7,1.08389688030555E-7,1,4.99626677034896,40.0298881530762,2.00052041344977,1.01999996695668,4.44935228918645E-6,1.818325743575E-6,0.25,8.9594019403402E-8,4.05686231110557E-7,9.04335313496969E-8,191.4683075,191.8352966,999.988037109375,999.988037109375,51.7359916878901,14.8738328877019,5.527248,0,0,0,200,4886,183.7158,999.988037109375,,,,,,,,,,,,,0,,,,3.8008451,,,,,,191.65180205,,,,
,50917024.5,191.3125,999.988037109375,3.33966847072348E-7,1.06375091674256E-7,1,4.99626677034896,40.0298881530762,2.00044673454751,1.01999996695668,3.50654573282774E-6,2.49043216122048E-6,0.25,1.60384206432569E-7,3.35080423471986E-7,1.61417777190329E-7,191.1566925,191.4683075,999.988037109375,999.988037109375,52.0095616696209,14.8778978336224,5.154188,0,0,0,200,4886,183.42665,999.988037109375,,,,,,,,,,,,,0,,,,3.8199253,,,,,,191.3125,,,,
,50917044.11,190.028656,999.988037109375,,,2,,,,1.03600017032027,,,,,,,190.028656,190.028656,999.988037109375,999.988037109375,,,5.154188,,,,-99999999,4886,182.128,999.988037109375,,,,,,,,,,,,,,,,,,,,,,,190.028656,,,,
touchdown = -4.86999982967973 mm,50917073.87,188.006485,999.988037109375,1.28264900565046E-7,1.03827497007164E-7,1,4.99626677034896,40.0298881530762,2.00052732257286,1.01999996695668,1.15782465457213E-6,2.05906237552189E-6,0.25,1.57930819241548E-7,1.28584906872809E-7,1.58725819513085E-7,188.006485,188.006485,999.988037109375,999.988037109375,51.8696501646786,14.8732345533248,5.527248,0,0,0,200,4886,180.1827,999.988037109375,,,,,,,,,,,,,0,,,,3.8390055,,,,,,188.006485,,,,
,50917075.43,187.9038925,999.988037109375,3.81368381545565E-7,1.07601985383014E-7,1,4.99626677034896,40.0298881530762,2.00057426506416,1.01999996695668,4.06719217343857E-6,2.48103453272333E-6,0.25,1.51386145294387E-7,3.82716219011563E-7,1.52470307481748E-7,187.8013,188.006485,999.988037109375,999.988037109375,51.975951643294,14.8758624534726,5.154188,0,0,0,200,4886,180.02925,999.988037109375,,,,,,,,,,,,,0,,,,3.80103495,,,,,,187.9038925,,,,
,50917079.435,187.6203842,999.988037109375,2.81237336970495E-7,1.0163846953036E-7,1,4.99626677034896,40.0298881530762,2.00051529434752,1.01999996695668,2.81465722075347E-6,2.90583121631869E-6,0.25,2.05684925029826E-7,2.82116306035053E-7,2.06865898240316E-7,187.4394684,187.8013,999.988037109375,999.988037109375,51.8532359657747,14.8773638107468,5.154188,0,0,0,200,4886,179.7295,999.988037109375,,,,,,,,,,,,,0,,,,3.80103495,,,,,,187.6203842,,,,
,50917084.415,187.28232575,999.988037109375,1.9263778469418E-7,1.12074798950935E-7,1,4.99626677034896,40.0298881530762,2.00063054479476,1.01999996695668,1.74651871302428E-6,3.04892618213263E-6,0.25,2.33368340318411E-7,1.93126036988718E-7,2.34553701820861E-7,187.1251831,187.4394684,999.988037109375,999.988037109375,51.911858104717,14.8788713723011,5.154188,0,0,0,200,4886,179.436,999.988037109375,,,,,,,,,,,,,0,,,,3.8199253,,,,,,187.28232575,,,,
,50917089.4,186.96855925,999.988037109375,4.66526875466416E-7,1.08047665828251E-7,1,4.99626677034896,40.0298881530762,2.00046760724291,1.01999996695668,4.92477041247102E-6,3.32934945378622E-6,0.25,2.10910070257693E-7,4.68156032309425E-7,2.12350144297158E-7,186.8119354,187.1251831,999.988037109375,999.988037109375,51.9900209566401,14.8742169124275,4.781127,0,0,0,200,4886,179.13275,999.988037109375,,,,,,,,,,,,,0,,,,3.78195475,,,,,,186.96855925,,,,
,50917094.42,186.62569425,999.988037109375,4.24117444713472E-7,1.04758702143753E-7,1,4.99626677034896,40.0298881530762,2.00053080046191,1.01999996695668,4.5494084399801E-6,2.6062371575698E-6,0.25,1.54985233038055E-7,4.25648785854564E-7,1.56148164340592E-7,186.4394531,186.8119354,999.988037109375,999.988037109375,52.4113187285055,14.8772935230844,5.154188,0,0,0,200,4886,178.8298,999.988037109375,,,,,,,,,,,,,0,,,,3.78195475,,,,,,186.62569425,,,,
,50917099.415,186.28684995,999.988037109375,4.7957247970476E-7,1.03994119378121E-7,1,4.99626677034896,40.0298881530762,2.00054893418321,1.01999996695668,5.45476541054643E-6,1.13749109210675E-6,0.25,1.71287154857061E-8,4.81507638052048E-7,1.78020236862286E-8,186.1342468,186.4394531,999.988037109375,999.988037109375,52.0095616696209,14.8781181837998,4.781127,0,0,0,200,4886,178.4796,999.988037109375,,,,,,,,,,,,,0,,,,3.78195475,,,,,,186.28684995,,,,
,50917104.395,185.9543533,999.988037109375,4.83192963282948E-7,1.01292902363202E-7,1,4.99626677034896,40.0298881530762,2.00065249301634,1.01999996695668,5.18202052250588E-6,2.97809418391745E-6,0.25,1.77321439988294E-7,4.84945879615011E-7,1.78656388285836E-7,185.7744598,186.1342468,999.988037109375,999.988037109375,52.5981279446017,14.8800272665617,5.154188,0,0,0,200,4886,178.12825,999.988037109375,,,,,,,,,,,,,0,,,,3.78195475,,,,,,185.9543533,,,,
,50917109.41,185.61112975,999.988037109375,3.20780517042469E-7,1.0721611322805E-7,1,4.99626677034896,40.0298881530762,2.0004549226933,1.01999996695668,3.15944351019118E-6,3.6120133396029E-6,0.25,2.60595438508251E-7,3.21766808950515E-7,2.62069929223259E-7,185.4477997,185.7744598,999.988037109375,999.988037109375,51.9790781573709,14.87689228695,5.154188,0,0,0,200,4886,177.83175,999.988037109375,,,,,,,,,,,,,0,,,,3.8008451,,,,,,185.61112975,,,,
,50917114.385,185.26831055,999.988037109375,3.05379064821956E-7,1.06205933218598E-7,1,4.99626677034896,40.0298881530762,2.00049355347251,1.01999996695668,3.35656000899499E-6,1.40583706657764E-6,0.25,7.04538768024346E-8,3.06545725422854E-7,7.11306919137261E-8,185.0888214,185.4477997,999.988037109375,999.988037109375,51.7203591175055,14.8767220132942,5.154188,0,0,0,200,4886,177.50575,999.988037109375,,,,,,,,,,,,,0,,,,3.8008451,,,,,,185.26831055,,,,
,50917119.405,184.9340439,999.988037109375,1.55841493985757E-7,1.02393583965342E-7,1,4.99626677034896,40.0298881530762,2.00053242625182,1.01999996695668,1.53604141531619E-6,1.74881952368943E-6,0.25,1.26071141036384E-7,1.5632388250363E-7,1.26789029581747E-7,184.7792664,185.0888214,999.988037109375,999.988037109375,52.1002305778517,14.8762054775774,5.154188,0,0,0,200,4886,177.15485,999.988037109375,,,,,,,,,,,,,0,,,,3.78195475,,,,,,184.9340439,,,,
,50917124.445,184.6268387,999.988037109375,4.49413002779852E-7,1.05701679142929E-7,1,4.99626677034896,40.0298881530762,2.00044242357198,1.01999996695668,4.92587045355962E-6,2.14936736289656E-6,0.25,1.10712271757315E-7,4.5112947422684E-7,1.11742373865813E-7,184.474411,184.7792664,999.988037109375,999.988037109375,51.7914873127555,14.8747864890659,5.527248,0,0,0,200,4886,176.83235,999.988037109375,,,,,,,,,,,,,0,,,,3.78195475,,,,,,184.6268387,,,,
,50917129.425,184.2838516,999.988037109375,2.41004101493788E-7,1.04588190609145E-7,1,4.99626677034896,40.0298881530762,2.00057281916105,1.01999996695668,2.44326253164332E-6,2.30973929717414E-6,0.25,1.60463293970542E-7,2.41797887169137E-7,1.61436098688633E-7,184.0932922,184.474411,999.988037109375,999.988037109375,52.0025270129478,14.8789644228695,5.154188,0,0,0,200,4886,176.4821,999.988037109375,,,,,,,,,,,,,0,,,,3.8008451,,,,,,184.2838516,,,,
,50917134.4,183.94068145,999.988037109375,3.28971191263222E-7,1.12147046946385E-7,1,4.99626677034896,40.0298881530762,2.00048847674002,1.01999996695668,3.37975967344703E-6,2.89153532830922E-6,0.25,1.96211695516519E-7,3.30086773934554E-7,1.97448262095034E-7,183.7880707,184.0932922,999.988037109375,999.988037109375,51.7836710275632,14.8765204168114,5.527248,0,0,0,200,4886,176.1311,999.988037109375,,,,,,,,,,,,,0,,,,3.8008451,,,,,,183.94068145,,,,
,50917139.405,183.62901305,999.988037109375,8.49279150397807E-8,1.10926829104246E-7,1,4.99626677034896,40.0298881530762,2.00039308835499,1.01999996695668,9.00464065888595E-7,5.83423995866828E-7,0.25,3.64084396586524E-8,8.52348963706124E-8,3.66690915094411E-8,183.4699554,183.7880707,999.988037109375,999.988037109375,51.9939290992363,14.8753985119133,5.154188,0,0,0,200,4886,175.8319,999.988037109375,,,,,,,,,,,,,0,,,,3.78195475,,,,,,183.62901305,,,,
,50917144.435,183.28015135,999.988037109375,3.06703816434614E-7,1.07488580180793E-7,1,4.99626677034896,40.0298881530762,2.00041643654788,1.01999996695668,3.36612934052594E-6,1.44148970993066E-6,0.25,7.33329620051703E-8,3.078902430654E-7,7.40338670909998E-8,183.0903473,183.4699554,999.988037109375,999.988037109375,52.1729220301401,14.8766392968031,5.154188,0,0,0,200,4886,175.50695,999.988037109375,,,,,,,,,,,,,0,,,,3.78195475,,,,,,183.28015135,,,,
,50917149.405,182.92961885,999.988037109375,1.09648665197718E-7,1.07154016539589E-7,1,4.99626677034896,40.0298881530762,2.00040717616874,1.01999996695668,1.17972245294915E-6,6.53471311537098E-7,0.25,3.82856007655161E-8,1.10058374818251E-7,3.85873804843939E-8,182.7688904,183.0903473,999.988037109375,999.988037109375,52.4363308411209,14.8782606674852,5.527248,0,0,0,200,4886,175.1571,999.988037109375,,,,,,,,,,,,,0,,,,3.8008451,,,,,,182.92961885,,,,
,50917154.345,182.6101761,999.988037109375,2.87508816740967E-7,1.08843737681038E-7,1,4.99626677034896,40.0298881530762,2.0004244464119,1.01999996695668,3.22929906736466E-6,9.2137363532501E-7,0.25,3.11760550369194E-8,2.88675193514445E-7,3.1678858746095E-8,182.4514618,182.7688904,999.988037109375,999.988037109375,51.9024785624863,14.8761597191969,5.527248,0,0,0,200,4886,174.8086,999.988037109375,,,,,,,,,,,,,0,,,,3.8008451,,,,,,182.6101761,,,,
,50917159.335,182.27124025,999.988037109375,3.84647835571158E-7,1.19552812818856E-7,1,4.99626677034896,40.0298881530762,2.00046347894648,1.01999996695668,4.15602204291525E-6,2.19127260984714E-6,0.25,1.25460150364767E-7,3.86103655819252E-7,1.26486937347355E-7,182.0910187,182.4514618,999.988037109375,999.988037109375,52.2831316513517,14.8766046256208,5.154188,0,0,0,200,4886,174.4839,999.988037109375,,,,,,,,,,,,,0,,,,3.78195475,,,,,,182.27124025,,,,
,50917164.36,181.9392624,999.988037109375,2.09879531871421E-7,9.6791453845998E-8,1,4.99626677034896,40.0298881530762,2.00028928791581,1.01999996695668,2.17227989012079E-6,1.75068336386091E-6,0.25,1.16961470926598E-7,2.10612791568057E-7,1.17727741595241E-7,181.7875061,182.0910187,999.988037109375,999.988037109375,51.9493762736401,14.8787691473504,5.154188,0,0,0,200,4886,174.1577,999.988037109375,,,,,,,,,,,,,0,,,,3.7630644,,,,,,181.9392624,,,,
,50917169.36,181.6035385,999.988037109375,1.47424097462524E-7,1.08238285947547E-7,1,4.99626677034896,40.0298881530762,2.00036895581624,1.01999996695668,1.25601931531014E-6,2.80282948952234E-6,0.25,2.19600647879298E-7,1.47761281795607E-7,2.20721484174744E-7,181.4195709,181.7875061,999.988037109375,999.988037109375,51.9822046714478,14.8746582706616,5.527248,0,0,0,200,4886,173.831,999.988037109375,,,,,,,,,,,,,0,,,,3.78195475,,,,,,181.6035385,,,,
,50917174.34,181.25993345,999.988037109375,2.54053168082795E-7,1.05411292079157E-7,1,4.99626677034896,40.0298881530762,2.00040821174417,1.01999996695668,2.45351199691149E-6,3.14600086217168E-6,0.25,2.3128056068987E-7,2.54828105145851E-7,2.32593072076533E-7,181.100296,181.4195709,999.988037109375,999.988037109375,52.0291023826017,14.8790105831023,5.154188,0,0,0,200,4886,173.5305,999.988037109375,,,,,,,,,,,,,0,,,,3.78195475,,,,,,181.25993345,,,,
,50917179.35,180.92340085,999.988037109375,1.54121754377493E-7,9.88969736148652E-8,1,4.99626677034896,40.0298881530762,2.0004036184231,1.01999996695668,1.33494877836351E-6,2.80302963695331E-6,0.25,2.18458919277082E-7,1.54490667871553E-7,2.19589321773797E-7,180.7465057,181.100296,999.988037109375,999.988037109375,51.7969587123901,14.8797786077049,5.154188,0,0,0,200,4886,173.20655,999.988037109375,,,,,,,,,,,,,0,,,,3.78195475,,,,,,180.92340085,,,,
,50917184.35,180.5941467,999.988037109375,2.08957838611613E-7,1.05921190977178E-7,1,4.99626677034896,40.0298881530762,2.00046328627025,1.01999996695668,2.17603083497179E-6,1.66722943142384E-6,0.25,1.09806806371895E-7,2.09703895010165E-7,1.10549109868463E-7,180.4417877,180.7465057,999.988037109375,999.988037109375,51.7953954553516,14.8792167851326,5.154188,0,0,0,200,4886,172.8555,999.988037109375,,,,,,,,,,,,,0,,,,3.78195475,,,,,,180.5941467,,,,
,50917189.35,180.25315095,999.988037109375,1.24414977301004E-7,1.01075269870155E-7,1,4.99626677034896,40.0298881530762,2.00029477607008,1.01999996695668,1.25969560412994E-6,1.20144642335108E-6,0.25,8.36261728898307E-8,1.24836241261162E-7,8.41472247533702E-8,180.0645142,180.4417877,999.988037109375,999.988037109375,52.0502063526209,14.8783634780425,5.154188,0,0,0,200,4886,172.50605,999.988037109375,,,,,,,,,,,,,0,,,,3.78195475,,,,,,180.25315095,,,,
,50917194.335,179.91308595,999.988037109375,2.50353966902268E-7,1.0037581014171E-7,1,4.99626677034896,40.0298881530762,2.00042496981785,1.01999996695668,2.59423089076969E-6,2.07261387592728E-6,0.25,1.38119055057123E-7,2.51243575179832E-7,1.39041042806489E-7,179.7616577,180.0645142,999.988037109375,999.988037109375,51.7313019167747,14.8789289849017,5.154188,0,0,0,200,4886,172.18185,999.988037109375,,,,,,,,,,,,,0,,,,3.8008451,,,,,,179.91308595,,,,
,50917199.32,179.60313415,999.988037109375,3.37972313191524E-7,1.1604577965049E-7,1,4.99626677034896,40.0298881530762,2.00044991372993,1.01999996695668,3.77291822098322E-6,1.22060091665936E-6,0.25,4.86417184641929E-8,3.39358355961249E-7,4.92978141984443E-8,179.4446106,179.7616577,999.988037109375,999.988037109375,51.7484977441978,14.8778948395704,5.527248,0,0,0,200,4886,171.87705,999.988037109375,,,,,,,,,,,,,0,,,,3.78195475,,,,,,179.60313415,,,,
,50917204.33,179.25333405,999.988037109375,2.91620604591905E-7,9.98839909358046E-8,1,4.99626677034896,40.0298881530762,2.00042725247395,1.01999996695668,3.27752167805288E-6,9.24723934173377E-7,0.25,3.07451966774205E-8,2.92834476671356E-7,3.12645385691066E-8,179.0620575,179.4446106,999.988037109375,999.988037109375,51.7070714326785,14.8800792141551,5.527248,0,0,0,200,4886,171.52795,999.988037109375,,,,,,,,,,,,,0,,,,3.80103495,,,,,,179.25333405,,,,
,50917209.36,178.9042969,999.988037109375,2.12703990430991E-7,1.02998846885673E-7,1,4.99626677034896,40.0298881530762,2.0003480019242,1.01999996695668,2.29766056630935E-6,1.21552480499507E-6,0.25,6.96961906529644E-8,2.13528679859394E-7,7.02799100424503E-8,178.7465363,179.0620575,999.988037109375,999.988037109375,51.2974980886016,14.8761760830822,5.154188,0,0,0,200,4886,171.17935,999.988037109375,,,,,,,,,,,,,0,,,,3.8199253,,,,,,178.9042969,,,,
,50917214.335,178.58971405,999.988037109375,1.726518595091E-7,9.95567952771246E-8,1,4.99626677034896,40.0298881530762,2.00038954014743,1.01999996695668,1.75890704849407E-6,1.60524905123454E-6,0.25,1.10614616630377E-7,1.73250660189549E-7,1.11323162693264E-7,178.4328918,178.7465363,999.988037109375,999.988037109375,51.678151177467,14.8808537647227,5.527248,0,0,0,200,4886,170.8732,999.988037109375,,,,,,,,,,,,,0,,,,3.78195475,,,,,,178.58971405,,,,
,50917219.31,178.2568283,999.988037109375,1.46799702371936E-7,1.06953342538536E-7,1,4.99626677034896,40.0298881530762,2.00044094589168,1.01999996695668,1.14818971073983E-6,3.38915256646753E-6,0.25,2.70893168180927E-7,1.47073402144835E-7,2.72263444072205E-7,178.0807648,178.4328918,999.988037109375,999.988037109375,51.8579257368901,14.8778588598406,5.527248,0,0,0,200,4886,170.5253,999.988037109375,,,,,,,,,,,,,0,,,,3.78195475,,,,,,178.2568283,,,,
,50917224.31,177.91752625,999.988037109375,3.11683601156824E-7,1.06575042470001E-7,1,4.99626677034896,40.0298881530762,2.00043726947309,1.01999996695668,3.47927038738349E-6,1.12761704025217E-6,0.25,4.50193614669059E-8,3.12977094375828E-7,4.56330850383087E-8,177.7542877,178.0807648,999.988037109375,999.988037109375,52.2495216250248,14.8787523678356,5.154188,0,0,0,200,4886,170.17785,999.988037109375,,,,,,,,,,,,,0,,,,3.8008451,,,,,,177.91752625,,,,
,50917229.295,177.59565735,999.988037109375,2.89901565565069E-7,1.00952932099049E-7,1,4.99626677034896,40.0298881530762,2.00032072167817,1.01999996695668,2.74675813841863E-6,3.8992335296459E-6,0.25,2.90907337235348E-7,2.90772476069145E-7,2.92563783338642E-7,177.437027,177.7542877,999.988037109375,999.988037109375,51.945468131044,14.8777032152214,5.154188,0,0,0,200,4886,169.8718,999.988037109375,,,,,,,,,,,,,0,,,,3.8008451,,,,,,177.59565735,,,,
,50917234.295,177.2507019,999.988037109375,3.26338561924125E-7,1.00755782514859E-7,1,4.99626677034896,40.0298881530762,2.00034958482486,1.01999996695668,3.86123105696561E-6,-9.21937213147039E-8,0.25,-6.40637583856829E-8,3.27849235508121E-7,-6.39033032842575E-8,177.0643768,177.437027,999.988037109375,999.988037109375,51.6156208959285,14.8770649335765,5.527248,0,0,0,200,4886,169.5471,999.988037109375,,,,,,,,,,,,,0,,,,3.8008451,,,,,,177.2507019,,,,
,50917239.28,176.909996,999.988037109375,4.6935841278189E-7,1.65603181082604E-7,1,4.99626677034896,40.0298881530762,2.00035415184372,1.01999996695668,5.46934493433656E-6,3.57794776190489E-7,0.25,-4.92994421646485E-8,4.71478478180722E-7,-4.888042210212E-8,176.7556152,177.0643768,999.988037109375,999.988037109375,51.8290054816786,14.8768923994833,5.154188,0,0,0,200,4886,169.19855,999.988037109375,,,,,,,,,,,,,0,,,,3.8008451,,,,,,176.909996,,,,
,50917244.28,176.57220455,999.988037109375,1.34479666862357E-7,1.09934197876698E-7,1,4.99626677034896,40.0298881530762,2.00037939609851,1.01999996695668,1.54691567430712E-6,2.20126364421366E-7,0.25,-3.851156217677E-9,1.35074621470234E-7,-3.68570287944506E-9,176.3887939,176.7556152,999.988037109375,999.988037109375,52.1705771445824,14.8765554735962,5.154188,0,0,0,200,4886,168.86755,999.988037109375,,,,,,,,,,,,,0,,,,3.78195475,,,,,,176.57220455,,,,
,50917249.29,176.2274475,999.988037109375,2.67961807009374E-7,1.10975437350107E-7,1,4.99626677034896,40.0298881530762,2.0003593472546,1.01999996695668,2.6356209433289E-6,3.04138355964838E-6,0.25,2.19706202227819E-7,2.6884112306899E-7,2.21036241927948E-7,176.0661011,176.3887939,999.988037109375,999.988037109375,51.7922689412747,14.8744999667014,5.154188,0,0,0,200,4886,168.56655,999.988037109375,,,,,,,,,,,,,0,,,,3.78195475,,,,,,176.2274475,,,,
,50917254.285,175.91407015,999.988037109375,4.22366619813814E-7,1.13362946369947E-7,1,4.99626677034896,40.0298881530762,2.00039377071325,1.01999996695668,4.59975588576881E-6,2.19942498108498E-6,0.25,1.19643056445941E-7,4.24064311103908E-7,1.20745761390216E-7,175.7620392,176.0661011,999.988037109375,999.988037109375,51.7273937741786,14.8774935921483,5.527248,0,0,0,200,4886,168.24185,999.988037109375,,,,,,,,,,,,,0,,,,3.78195475,,,,,,175.91407015,,,,
,50917259.26,175.57429505,999.988037109375,1.27769652447368E-7,1.11493947431039E-7,1,4.99626677034896,40.0298881530762,2.00037185170791,1.01999996695668,1.68745619053488E-6,-1.05905974718264E-6,0.25,-1.14450024166945E-7,1.2849029708254E-7,-1.14780784575646E-7,175.3865509,175.7620392,999.988037109375,999.988037109375,52.3738005595825,14.8807287188978,5.154188,0,0,0,200,4886,167.88615,999.988037109375,,,,,,,,,,,,,0,,,,3.78195475,,,,,,175.57429505,,,,
,50917264.265,175.2294235,999.988037109375,2.77771053247881E-7,1.02455500678633E-7,1,4.99626677034896,40.0298881530762,2.00041319442231,1.01999996695668,2.84850967580353E-6,2.47545653695638E-6,0.25,1.68567527348736E-7,2.78769575145829E-7,1.6969434975946E-7,175.0722961,175.3865509,999.988037109375,999.988037109375,52.1830832008901,14.8792817899754,4.781127,0,0,0,200,4886,167.5619,999.988037109375,,,,,,,,,,,,,0,,,,3.78195475,,,,,,175.2294235,,,,
,50917269.275,174.92034145,999.988037109375,3.6197423279693E-7,1.05612679554112E-7,1,4.99626677034896,40.0298881530762,2.0002758342748,1.01999996695668,4.27577798003051E-6,-5.99186487567109E-8,0.25,-6.73696093750769E-8,3.63672454465609E-7,-6.71709577967669E-8,174.7683868,175.0722961,999.988037109375,999.988037109375,52.0752184652363,14.877823975084,5.527248,0,0,0,200,4886,167.21415,999.988037109375,,,,,,,,,,,,,0,,,,3.78195475,,,,,,174.92034145,,,,
,50917274.27,174.58409115,999.988037109375,1.34364675693066E-7,1.52651657930327E-7,1,4.99626677034896,40.0298881530762,2.00034061185003,1.01999996695668,1.57193138872796E-6,6.68971056698516E-8,0.25,-1.72210497234881E-8,1.34985790404459E-7,-1.71124015824809E-8,174.3997955,174.7683868,999.988037109375,999.988037109375,52.4144452425825,14.8722931328633,5.154188,0,0,0,200,4886,166.8573,999.988037109375,,,,,,,,,,,,,0,,,,3.8008451,,,,,,174.58409115,,,,
,50917279.25,174.2413559,999.988037109375,2.48805452335025E-7,1.02815207845562E-7,1,4.99626677034896,40.0298881530762,2.00031807504974,1.01999996695668,2.63544092270445E-6,1.72778358818234E-6,0.25,1.08225082720393E-7,2.49764684007192E-7,1.09051193595633E-7,174.0829163,174.3997955,999.988037109375,999.988037109375,52.1275875760247,14.8753297661103,5.154188,0,0,0,200,4886,166.55735,999.988037109375,,,,,,,,,,,,,0,,,,3.8008451,,,,,,174.2413559,,,,
,50917284.28,173.9032288,999.988037109375,3.49391221410284E-7,1.01019358317805E-7,1,4.99626677034896,40.0298881530762,2.00045146358988,1.01999996695668,3.81060234901377E-6,1.7888751342579E-6,0.25,9.62822587543345E-8,3.50818439180425E-7,9.71964338118663E-8,173.7235413,174.0829163,999.988037109375,999.988037109375,51.7383365734478,14.8784076618891,5.154188,0,0,0,200,4886,166.23315,999.988037109375,,,,,,,,,,,,,0,,,,3.78195475,,,,,,173.9032288,,,,
,50917289.275,173.56912995,999.988037109375,3.21723338376661E-7,9.83479636366728E-8,1,4.99626677034896,40.0298881530762,2.00035447825947,1.01999996695668,3.50388655193083E-6,1.67527677886515E-6,0.25,9.11129526059915E-8,3.23036988824762E-7,9.19679514376384E-8,173.4147186,173.7235413,999.988037109375,999.988037109375,52.1307140901017,14.8763158181113,5.527248,0,0,0,200,4886,165.87445,999.988037109375,,,,,,,,,,,,,0,,,,3.7630644,,,,,,173.56912995,,,,
,50917294.225,173.2345581,999.988037109375,3.64549541308786E-7,9.89220423336198E-8,1,4.99626677034896,40.0298881530762,2.00037826061384,1.01999996695668,3.94160851601288E-6,2.06595420106472E-6,0.25,1.17883368976815E-7,3.66020956810536E-7,1.18920292407006E-7,173.0543976,173.4147186,999.988037109375,999.988037109375,52.1596343453132,14.8734004544653,5.154188,0,0,0,200,4886,165.5515,999.988037109375,,,,,,,,,,,,,0,,,,3.78195475,,,,,,173.2345581,,,,
,50917299.255,172.894104,999.988037109375,3.44064640576085E-7,1.06586104261695E-7,1,4.99626677034896,40.0298881530762,2.00033509506338,1.01999996695668,3.78656855175309E-6,1.56254477551887E-6,0.25,7.74259760003383E-8,3.45503806098873E-7,7.82548398618286E-8,172.7338104,173.0543976,999.988037109375,999.988037109375,51.7445896016016,14.877284708643,5.154188,0,0,0,200,4886,165.2506,999.988037109375,,,,,,,,,,,,,0,,,,3.8008451,,,,,,172.894104,,,,
,50917304.265,172.55818175,999.988037109375,3.12421495750967E-7,1.04433250739456E-7,1,4.99626677034896,40.0298881530762,2.00032879949332,1.01999996695668,3.20837825348786E-6,2.75832866501521E-6,0.25,1.87312242394691E-7,3.13567254945775E-7,1.88594211961773E-7,172.3825531,172.7338104,999.988037109375,999.988037109375,52.108046863044,14.8743048820624,5.527248,0,0,0,200,4886,164.9137,999.988037109375,,,,,,,,,,,,,0,,,,3.8008451,,,,,,172.55818175,,,,
,50917309.24,172.21660615,999.988037109375,2.1732701772483E-7,1.04988138184926E-7,1,4.99626677034896,40.0298881530762,2.0003235875835,1.01999996695668,2.1524582304903E-6,2.38105336210467E-6,0.25,1.70679661411497E-7,2.18068987640556E-7,1.71756073483793E-7,172.0506592,172.3825531,999.988037109375,999.988037109375,52.0642756659671,14.8746872264829,5.154188,0,0,0,200,4886,164.5687,999.988037109375,,,,,,,,,,,,,0,,,,3.8008451,,,,,,172.21660615,,,,
,50917314.225,171.8911133,999.988037109375,2.73515427901129E-7,1.05173460271894E-7,1,4.99626677034896,40.0298881530762,2.00030358067626,1.01999996695668,3.07782672356853E-6,8.48183538093251E-7,0.25,2.71311469409159E-8,2.74715491050566E-7,2.76393343777209E-8,171.7315674,172.0506592,999.988037109375,999.988037109375,52.3487884469671,14.8775174451303,5.527248,0,0,0,200,4886,164.24645,999.988037109375,,,,,,,,,,,,,0,,,,3.8008451,,,,,,171.8911133,,,,
,50917321.71,171.4067917,999.988037109375,3.39205933389698E-7,1.06506861822227E-7,1,4.99626677034896,40.0298881530762,2.00031909130438,1.01999996695668,3.89693357617085E-6,5.87022558514981E-7,0.25,-6.96358079924874E-9,3.4075638666149E-7,-6.5153451929146E-9,171.082016,171.7315674,999.988037109375,999.988037109375,51.8970071628516,14.8761575786596,5.527248,0,0,0,200,4886,163.76615,999.988037109375,,,,,,,,,,,,,0,,,,3.78195475,,,,,,171.4067917,,,,
,50917329.215,170.89536285,999.988037109375,1.33569252644879E-7,1.04449550264241E-7,1,4.99626677034896,40.0298881530762,2.00030749827553,1.01999996695668,1.53318764501075E-6,2.38867949751443E-7,0.25,-2.06907724314456E-9,1.34180873666426E-7,-1.88873450355244E-9,170.7087097,171.082016,999.988037109375,999.988037109375,51.6851858341401,14.878897308699,5.154188,0,0,0,200,4886,163.2616,999.988037109375,,,,,,,,,,,,,0,,,,3.7630644,,,,,,170.89536285,,,,
,50917334.225,170.5537796,999.988037109375,2.71367837541648E-7,1.04981814317981E-7,1,4.99626677034896,40.0298881530762,2.00036812099625,1.01999996695668,2.77442378276634E-6,2.46903986097189E-6,0.25,1.69067405347755E-7,2.72366323636791E-7,1.70226247081274E-7,170.3988495,170.7087097,999.988037109375,999.988037109375,52.0814714933901,14.880193607702,5.154188,0,0,0,200,4886,162.9221,999.988037109375,,,,,,,,,,,,,0,,,,3.7630644,,,,,,170.5537796,,,,
,50917339.22,170.21476745,999.988037109375,2.6706110030676E-7,1.09796403126285E-7,1,4.99626677034896,40.0298881530762,2.00036047632013,1.01999996695668,2.96872508961143E-6,1.04194488298515E-6,0.25,4.51527870068951E-8,2.6821900170447E-7,4.57410631928076E-8,170.0306854,170.3988495,999.988037109375,999.988037109375,52.1346222326978,14.8798348999202,5.154188,0,0,0,200,4886,162.5991,999.988037109375,,,,,,,,,,,,,0,,,,3.78195475,,,,,,170.21476745,,,,
,50917344.205,169.8787613,999.988037109375,2.57802048861287E-7,1.05288610396063E-7,1,4.99626677034896,40.0298881530762,2.00027531623831,1.01999996695668,2.60436853792207E-6,2.52772352377961E-6,0.25,1.76526092469581E-7,2.58731656851072E-7,1.77705326931067E-7,169.7268372,170.0306854,999.988037109375,999.988037109375,52.0384819248324,14.875400712533,5.154188,0,0,0,200,4886,162.2532,999.988037109375,,,,,,,,,,,,,0,,,,3.78195475,,,,,,169.8787613,,,,
,50917363.56,168.6114349,999.988037109375,,,2,,,,1.03600017032027,,,,,,,168.6114349,168.6114349,999.988037109375,999.988037109375,,,5.154188,,,,-99999999,4886,160.986,999.988037109375,,,,,,,,,,,,,,,,,,,,,,,168.6114349,,,,
touchdown = -4.86999982967973 mm,50917392.765,166.6339798,999.988037109375,4.45756375837262E-7,1.01595836062728E-7,1,4.99626677034896,40.0298881530762,2.00027830704762,1.01999996695668,4.83836072905328E-6,2.42087520228354E-6,0.25,1.34880777323231E-7,4.47644777174134E-7,1.36169352423502E-7,166.6006622,166.6672974,999.988037109375,999.988037109375,51.7547507723516,14.8785294372402,5.154188,0,0,0,200,4886,159.0584,999.988037109375,,,,,,,,,,,,,0,,,,3.8008451,,,,,,166.6339798,,,,
,50917394.75,166.4761276,999.988037109375,2.51144557717624E-7,9.80925614965741E-8,1,4.99626677034896,40.0298881530762,2.00029031177399,1.01999996695668,2.70275718021854E-6,1.49938989663996E-6,0.25,8.78211695909042E-8,2.52192076219341E-7,8.86034116288314E-8,166.351593,166.6006622,999.988037109375,999.988037109375,51.9696986151401,14.8794114392335,5.527248,0,0,0,200,4886,158.9209,999.988037109375,,,,,,,,,,,,,0,,,,3.78195475,,,,,,166.4761276,,,,
,50917399.165,166.19496155,999.988037109375,2.39722833606762E-7,1.02713276629815E-7,1,4.99626677034896,40.0298881530762,2.00030326121365,1.01999996695668,2.87420604026253E-6,-2.82380326531987E-7,0.25,-6.5838485197699E-8,2.40945773091898E-7,-6.57929651218021E-8,166.0383301,166.351593,999.988037109375,999.988037109375,52.1291508330632,14.8803021428894,5.154188,0,0,0,200,4886,158.6445,999.988037109375,,,,,,,,,,,,,0,,,,3.7630644,,,,,,166.19496155,,,,
,50917404.165,165.8583908,999.988037109375,3.32427444442036E-7,1.06775417020894E-7,1,4.99626677034896,40.0298881530762,2.00030748560094,1.01999996695668,3.76230443733415E-6,9.0932263470493E-7,0.25,2.2318581920174E-8,3.33958377432359E-7,2.29168029457612E-8,165.6784515,166.0383301,999.988037109375,999.988037109375,52.1142998911978,14.8792948713466,5.154188,0,0,0,200,4886,158.322,999.988037109375,,,,,,,,,,,,,0,,,,3.7630644,,,,,,165.8583908,,,,
,50917409.185,165.52659605,999.988037109375,3.94273972998348E-7,8.97587560401772E-8,1,4.99626677034896,40.0298881530762,2.00022071997201,1.01999996695668,4.31383024428217E-6,1.94175436100577E-6,0.25,1.0187001947843E-7,3.95981149235651E-7,1.02937067958226E-7,165.3747406,165.6784515,999.988037109375,999.988037109375,51.6304718377939,14.8808049549486,5.154188,0,0,0,200,4886,157.9781,999.988037109375,,,,,,,,,,,,,0,,,,3.7630644,,,,,,165.52659605,,,,
,50917414.215,165.18779755,999.988037109375,1.33656793257706E-7,1.01671097501733E-7,1,4.99626677034896,40.0298881530762,2.00027286616802,1.01999996695668,1.376204266423E-6,1.16014098677025E-6,0.25,7.83656709126927E-8,1.34171250970799E-7,7.89353864397898E-8,165.0008545,165.3747406,999.988037109375,999.988037109375,51.6672083781978,14.8808549945645,5.527248,0,0,0,200,4886,157.656,999.988037109375,,,,,,,,,,,,,0,,,,3.74436165,,,,,,165.18779755,,,,
,50917419.185,164.8486786,999.988037109375,2.89442543656361E-7,1.04026245029051E-7,1,4.99626677034896,40.0298881530762,2.00023831227766,1.01999996695668,3.0865794532029E-6,1.89325618973949E-6,0.25,1.15634315641991E-7,2.90639662775401E-7,1.16615026065406E-7,164.6965027,165.0008545,999.988037109375,999.988037109375,52.1823015723709,14.8800686458832,5.154188,0,0,0,200,4886,157.3315,999.988037109375,,,,,,,,,,,,,0,,,,3.74436165,,,,,,164.8486786,,,,
,50917424.15,164.523674,999.988037109375,3.82464313437174E-7,9.31998902239567E-8,1,4.99626677034896,40.0298881530762,2.00027204511118,1.01999996695668,4.27896314971349E-6,1.3356978320757E-6,0.25,5.09536578814319E-8,3.84201925743665E-7,5.17696837841795E-8,164.3508453,164.6965027,999.988037109375,999.988037109375,52.351914961044,14.8810855974108,5.154188,0,0,0,200,4886,156.9882,999.988037109375,,,,,,,,,,,,,0,,,,3.74436165,,,,,,164.523674,,,,
,50917429.15,164.18081665,999.988037109375,3.60939409383022E-7,9.77410566781222E-8,1,4.99626677034896,40.0298881530762,2.00037157046025,1.01999996695668,4.19001341438982E-6,3.77895023228104E-7,0.25,-2.90037443242122E-8,3.62698664587038E-7,-2.85978891988201E-8,164.010788,164.3508453,999.988037109375,999.988037109375,52.2229462553709,14.8808845426648,5.154188,0,0,0,200,4886,156.64575,999.988037109375,,,,,,,,,,,,,0,,,,3.74436165,,,,,,164.18081665,,,,
,50917434.155,163.86286165,999.988037109375,3.55453020503833E-7,9.92401737471049E-8,1,4.99626677034896,40.0298881530762,2.00023329556984,1.01999996695668,3.60496125883466E-6,3.40556324238245E-6,0.25,2.36366399509455E-7,3.56788606009457E-7,2.3802903717216E-7,163.7149353,164.010788,999.988037109375,999.988037109375,51.7453712301209,14.8811367528833,5.154188,0,0,0,200,4886,156.32145,999.988037109375,,,,,,,,,,,,,0,,,,3.7630644,,,,,,163.86286165,,,,
,50917439.15,163.52532195,999.988037109375,1.44452151765171E-7,9.74067471567534E-8,1,4.99626677034896,40.0298881530762,2.00022064010247,1.01999996695668,1.62227514331183E-6,4.68627684010244E-7,0.25,1.61115443936538E-8,1.45117025583184E-7,1.64073150008737E-8,163.3357086,163.7149353,999.988037109375,999.988037109375,51.5015031321208,14.8775249984217,5.154188,0,0,0,200,4886,156.00055,999.988037109375,,,,,,,,,,,,,0,,,,3.74436165,,,,,,163.52532195,,,,
,50917444.13,163.1796112,999.988037109375,3.69507353907008E-7,1.04351877959789E-7,1,4.99626677034896,40.0298881530762,2.00019014990003,1.01999996695668,4.11933454664437E-6,1.3757412234382E-6,0.25,5.66703671252249E-8,3.71188065680681E-7,5.75029276312923E-8,163.0235138,163.3357086,999.988037109375,999.988037109375,51.8774664498709,14.8803150897814,5.154188,0,0,0,200,4886,155.67835,999.988037109375,,,,,,,,,,,,,0,,,,3.74436165,,,,,,163.1796112,,,,
,50917449.16,162.8396988,999.988037109375,3.78127111947677E-7,9.28893015721306E-8,1,4.99626677034896,40.0298881530762,2.00020372254707,1.01999996695668,4.28969846692829E-6,9.75953090389739E-7,0.25,2.02698878862905E-8,3.79907888722911E-7,2.09435480837862E-8,162.6558838,163.0235138,999.988037109375,999.988037109375,52.0181595833324,14.8787331307935,5.527248,0,0,0,200,4886,155.32915,999.988037109375,,,,,,,,,,,,,0,,,,3.74436165,,,,,,162.8396988,,,,
,50917454.165,162.5119171,999.988037109375,2.39839070614298E-7,1.07801354489104E-7,1,4.99626677034896,40.0298881530762,2.00019808204072,1.01999996695668,2.55354537780884E-6,1.59304247763197E-6,0.25,9.79212070192991E-8,2.40840661969077E-7,9.87580569659422E-8,162.3679504,162.6558838,999.988037109375,999.988037109375,51.8782480783901,14.8779121869715,5.154188,0,0,0,200,4886,155.0079,999.988037109375,,,,,,,,,,,,,0,,,,3.7256589,,,,,,162.5119171,,,,
,50917459.155,162.17988585,999.988037109375,4.24885534643403E-7,1.20470647113606E-7,1,4.99626677034896,40.0298881530762,2.00040606703158,1.01999996695668,4.842297755614E-6,9.7109374786632E-7,0.25,1.17983779008944E-8,4.26911074997499E-7,1.2506840562319E-8,161.9918213,162.3679504,999.988037109375,999.988037109375,51.8923173917363,14.877422992632,5.154188,0,0,0,200,4886,154.68695,999.988037109375,,,,,,,,,,,,,0,,,,3.7256589,,,,,,162.17988585,,,,
,50917464.155,161.82575225,999.988037109375,2.44016176257983E-7,1.02942586942259E-7,1,4.99626677034896,40.0298881530762,2.00019233746468,1.01999996695668,2.40010821172228E-6,2.77281487428869E-6,0.25,2.00233330359203E-7,2.44884076908839E-7,2.01573990559238E-7,161.6596832,161.9918213,999.988037109375,999.988037109375,52.1807383153324,14.879367428553,5.154188,0,0,0,200,4886,154.3157,999.988037109375,,,,,,,,,,,,,0,,,,3.74436165,,,,,,161.82575225,,,,
,50917469.11,161.50448605,999.988037109375,1.55092836006763E-7,9.8503920531878E-8,1,4.99626677034896,40.0298881530762,2.00028185295284,1.01999996695668,1.9845838933302E-6,-9.09051658463422E-7,0.25,-1.06036599289123E-7,1.56005442189463E-7,-1.06309187746832E-7,161.3492889,161.6596832,999.988037109375,999.988037109375,51.7977403409093,14.8802813599946,5.527248,0,0,0,200,4886,153.99465,999.988037109375,,,,,,,,,,,,,0,,,,3.7630644,,,,,,161.50448605,,,,
,50917474.095,161.1658783,999.988037109375,4.11980358200316E-7,1.10878899196805E-7,1,4.99626677034896,40.0298881530762,2.00032283699998,1.01999996695668,4.23360937297527E-6,3.62765285735842E-6,0.25,2.46000553397437E-7,4.1359269917097E-7,2.47828718262065E-7,160.9824677,161.3492889,999.988037109375,999.988037109375,52.2307625405632,14.8819868015026,5.154188,0,0,0,200,4886,153.67345,999.988037109375,,,,,,,,,,,,,0,,,,3.74436165,,,,,,161.1658783,,,,
,50917479.095,160.8253174,999.988037109375,3.27073376075121E-7,1.15163092212892E-7,1,4.99626677034896,40.0298881530762,2.00029226578776,1.01999996695668,3.22255690894503E-6,3.68598544200854E-6,0.25,2.65684742428493E-7,3.28246266911114E-7,2.67480777170078E-7,160.6681671,160.9824677,999.988037109375,999.988037109375,51.8438564235439,14.8817761004043,5.527248,0,0,0,200,4886,153.3435,999.988037109375,,,,,,,,,,,,,0,,,,3.74436165,,,,,,160.8253174,,,,
,50917484.105,160.4909744,999.988037109375,1.11980842418312E-7,9.79159900959523E-8,1,4.99626677034896,40.0298881530762,2.00026972952101,1.01999996695668,9.82617140659894E-7,1.96430383215016E-6,0.25,1.52295322442327E-7,1.12287465519327E-7,1.53209512378358E-7,160.3137817,160.6681671,999.988037109375,999.988037109375,52.0720919511594,14.8792536355627,5.154188,0,0,0,200,4886,153.02275,999.988037109375,,,,,,,,,,,,,0,,,,3.7630644,,,,,,160.4909744,,,,
,50917489.11,160.14850615,999.988037109375,1.03369882238761E-7,1.01631286443966E-7,1,4.99626677034896,40.0298881530762,2.00025533861016,1.01999996695668,1.27215907384191E-6,-3.11329566951063E-7,0.25,-4.49516847919163E-8,1.03943210200906E-7,-4.50088695767103E-8,159.9832306,160.3137817,999.988037109375,999.988037109375,52.2166932272171,14.8792712967924,5.154188,0,0,0,200,4886,152.6809,999.988037109375,,,,,,,,,,,,,0,,,,3.74436165,,,,,,160.14850615,,,,
,50917494.13,159.81557465,999.988037109375,2.08532262403396E-7,1.00472530015954E-7,1,4.99626677034896,40.0298881530762,2.00021702728994,1.01999996695668,2.42234164680997E-6,2.09977461918111E-7,0.25,-1.75000098472196E-8,2.09576475666343E-7,-1.72583489206128E-8,159.6479187,159.9832306,999.988037109375,999.988037109375,51.9384334743709,14.8783456885663,5.527248,0,0,0,200,4886,152.35015,999.988037109375,,,,,,,,,,,,,0,,,,3.74436165,,,,,,159.81557465,,,,
,50917499.155,159.46845245,999.988037109375,3.31320074062486E-7,1.0080123481473E-7,1,4.99626677034896,40.0298881530762,2.00028297428083,1.01999996695668,3.4312997066924E-6,2.76308480882787E-6,0.25,1.84346407935013E-7,3.32648794175292E-7,1.85768153493622E-7,159.2889862,159.6479187,999.988037109375,999.988037109375,52.5293446349094,14.8805219089578,5.527248,0,0,0,200,4886,152.0302,999.988037109375,,,,,,,,,,,,,0,,,,3.72584485,,,,,,159.46845245,,,,
,50917504.1,159.12944795,999.988037109375,2.19394197927284E-7,1.01085012406284E-7,1,4.99626677034896,40.0298881530762,2.00032919188892,1.01999996695668,2.1805335207306E-6,2.36314453288305E-6,0.25,1.68649632146601E-7,2.20202036080156E-7,1.69821292463321E-7,158.9699097,159.2889862,999.988037109375,999.988037109375,52.006435155544,14.8800924238401,5.154188,0,0,0,200,4886,151.7104,999.988037109375,,,,,,,,,,,,,0,,,,3.7071421,,,,,,159.12944795,,,,
,50917509.07,158.8161545,999.988037109375,3.54424881918918E-7,1.01031704174808E-7,1,4.99626677034896,40.0298881530762,2.00025557815564,1.01999996695668,4.05974767247423E-6,6.91445105718151E-7,0.25,-5.3417424287625E-10,3.56163646044937E-7,2.40982382981145E-11,158.6623993,158.9699097,999.988037109375,999.988037109375,51.8446380520632,14.8797093485237,5.527248,0,0,0,200,4886,151.3914,999.988037109375,,,,,,,,,,,,,0,,,,3.74436165,,,,,,158.8161545,,,,
,50917514.095,158.46754455,999.988037109375,1.1402695078516E-7,9.56188759395857E-8,1,4.99626677034896,40.0298881530762,2.00021307320978,1.01999996695668,1.12612319562097E-6,1.2696213528524E-6,0.25,9.12724972491222E-8,1.14442288352315E-7,9.19019433000154E-8,158.2726898,158.6623993,999.988037109375,999.988037109375,51.8477645661401,14.8817623670314,5.154188,0,0,0,200,4886,151.0704,999.988037109375,,,,,,,,,,,,,0,,,,3.74436165,,,,,,158.46754455,,,,
,50917519.1,158.110878,999.988037109375,2.47159133487726E-7,1.00967662835373E-7,1,4.99626677034896,40.0298881530762,2.00019847968383,1.01999996695668,2.40528169973337E-6,2.95933521258837E-6,0.25,2.15944375004782E-7,2.48031877352227E-7,2.17401150248373E-7,157.9490662,158.2726898,999.988037109375,999.988037109375,52.0595858948517,14.880375352723,5.154188,0,0,0,200,4886,150.7145,999.988037109375,,,,,,,,,,,,,0,,,,3.74436165,,,,,,158.110878,,,,
,50917524.1,157.7955933,999.988037109375,4.28834649625565E-7,9.25239834985251E-8,1,4.99626677034896,40.0298881530762,2.00026928144506,1.01999996695668,4.79499943447833E-6,1.51873027163205E-6,0.25,5.89085829617739E-8,4.30855239135606E-7,5.98844571032407E-8,157.6421204,157.9490662,999.988037109375,999.988037109375,52.036918667794,14.8800696608431,5.527248,0,0,0,200,4886,150.3741,999.988037109375,,,,,,,,,,,,,0,,,,3.7630644,,,,,,157.7955933,,,,
,50917529.085,157.45482635,999.988037109375,4.42250424261658E-7,1.08198624585597E-7,1,4.99626677034896,40.0298881530762,2.00021666648372,1.01999996695668,5.31739515326411E-6,-6.00690885704295E-7,0.25,-1.28472711061195E-7,4.44641414929786E-7,-1.28398425247092E-7,157.2675323,157.6421204,999.988037109375,999.988037109375,52.0791266078324,14.8815247874713,5.154188,0,0,0,200,4886,150.054,999.988037109375,,,,,,,,,,,,,0,,,,3.72584485,,,,,,157.45482635,,,,
,50917534.085,157.10202785,999.988037109375,2.11316262334474E-7,1.01281620349733E-7,1,4.99626677034896,40.0298881530762,2.00024190291049,1.01999996695668,2.27104318791615E-6,1.28238938364131E-6,0.25,7.56561913612662E-8,2.1224064716232E-7,7.63706145038715E-8,156.9365234,157.2675323,999.988037109375,999.988037109375,52.2729704806017,14.8826894402819,5.154188,0,0,0,200,4886,149.7189,999.988037109375,,,,,,,,,,,,,0,,,,3.72584485,,,,,,157.10202785,,,,
,50917539.085,156.7793121,999.988037109375,2.68969749354704E-7,9.90743202735639E-8,1,4.99626677034896,40.0298881530762,2.00010060969307,1.01999996695668,2.51684402703644E-6,3.8057177804021E-6,0.25,2.86105521559269E-7,2.69841930870998E-7,2.879583207272E-7,156.6221008,156.9365234,999.988037109375,999.988037109375,52.057241009294,14.8782547196367,5.154188,0,0,0,200,4886,149.40025,999.988037109375,,,,,,,,,,,,,0,,,,3.74436165,,,,,,156.7793121,,,,
,50917544.1,156.440361,999.988037109375,3.96086978405167E-7,1.01764679919342E-7,1,4.99626677034896,40.0298881530762,2.00037995281968,1.01999996695668,4.55663588284716E-6,6.61656715867144E-7,0.25,-1.03171090500585E-8,3.98071550097209E-7,-9.72738084304629E-9,156.2586212,156.6221008,999.988037109375,999.988037109375,51.9806414144093,14.8825059607508,5.154188,0,0,0,200,4886,149.1024,999.988037109375,,,,,,,,,,,,,0,,,,3.7256589,,,,,,156.440361,,,,
,50917549.1,156.1049118,999.988037109375,4.4537050241263E-7,1.05059427103261E-7,1,4.99626677034896,40.0298881530762,2.00017911007067,1.01999996695668,5.09822576219794E-6,8.88944162201631E-7,0.25,1.06079040362976E-9,4.47585553897399E-7,1.78906309184908E-9,155.9512024,156.2586212,999.988037109375,999.988037109375,52.4879183233902,14.8799892580923,5.154188,0,0,0,200,4886,148.78735,999.988037109375,,,,,,,,,,,,,0,,,,3.7256589,,,,,,156.1049118,,,,
,50917554.095,155.7587204,999.988037109375,3.01568517444449E-7,9.96795126221094E-8,1,4.99626677034896,40.0298881530762,2.00014009404854,1.01999996695668,3.0185319869694E-6,3.12371674138108E-6,0.25,2.20928121850595E-7,3.0271247692602E-7,2.22521024451492E-7,155.5662384,155.9512024,999.988037109375,999.988037109375,52.006435155544,14.8809557940917,5.527248,0,0,0,200,4886,148.44675,999.988037109375,,,,,,,,,,,,,0,,,,3.7071421,,,,,,155.7587204,,,,
,50917559.08,155.41231535,999.988037109375,1.87495413190569E-7,9.46465169680264E-8,1,4.99626677034896,40.0298881530762,2.00021002024543,1.01999996695668,1.63014491350788E-6,3.37687767827093E-6,0.25,2.62632589647707E-7,1.88002986523062E-7,2.64251077566841E-7,155.2583923,155.5662384,999.988037109375,999.988037109375,51.9939290992363,14.8794254089098,4.781127,0,0,0,200,4886,148.1273,999.988037109375,,,,,,,,,,,,,0,,,,3.72584485,,,,,,155.41231535,,,,
,50917564.03,155.07427215,999.988037109375,4.66154897836604E-7,1.03115467531112E-7,1,4.99626677034896,40.0298881530762,2.00018816234208,1.01999996695668,5.50307213211314E-6,-3.94567457573652E-8,0.25,-8.35897118391503E-8,4.68625058559299E-7,-8.32439406056338E-8,154.890152,155.2583923,999.988037109375,999.988037109375,52.1533813171594,14.8802736855869,5.527248,0,0,0,200,4886,147.8094,999.988037109375,,,,,,,,,,,,,0,,,,3.74436165,,,,,,155.07427215,,,,
,50917569.055,154.736702,999.988037109375,1.57679054997665E-7,1.08436464821114E-7,1,4.99626677034896,40.0298881530762,2.00027596752748,1.01999996695668,1.48210607067271E-6,2.1935104275534E-6,0.25,1.64416865721422E-7,1.58199217868756E-7,1.65500612785914E-7,154.583252,154.890152,999.988037109375,999.988037109375,52.2159115986978,14.8784500814883,5.527248,0,0,0,200,4886,147.4691,999.988037109375,,,,,,,,,,,,,0,,,,3.7256589,,,,,,154.736702,,,,
,50917574.04,154.42959595,999.988037109375,1.89510574422388E-7,8.97825069543445E-8,1,4.99626677034896,40.0298881530762,2.00011057833594,1.01999996695668,1.9314888916561E-6,1.76186356733378E-6,0.25,1.21264583267309E-7,1.9026215169665E-7,1.22186361386753E-7,154.2759399,154.583252,999.988037109375,999.988037109375,51.7516242582747,14.8808854278168,5.527248,0,0,0,200,4886,147.129,999.988037109375,,,,,,,,,,,,,0,,,,3.74436165,,,,,,154.42959595,,,,
,50917579.065,154.07993315,999.988037109375,3.54530090863729E-7,9.39947587326532E-8,1,4.99626677034896,40.0298881530762,2.00004372836864,1.01999996695668,3.67386106833499E-6,2.94356400598165E-6,0.25,1.96083378572521E-7,3.55989081607471E-7,1.97657085266184E-7,153.8839264,154.2759399,999.988037109375,999.988037109375,51.8876276206209,14.880048031551,5.154188,0,0,0,200,4886,146.79,999.988037109375,,,,,,,,,,,,,0,,,,3.72584485,,,,,,154.07993315,,,,
,50917584.065,153.7185898,999.988037109375,3.15383851779951E-7,1.00261506874704E-7,1,4.99626677034896,40.0298881530762,2.00021944463699,1.01999996695668,3.80303685976948E-6,-4.8991779780164E-7,0.25,-9.70073250937013E-8,3.17134850827092E-7,-9.69724316746739E-8,153.5532532,153.8839264,999.988037109375,999.988037109375,52.0040902699863,14.88234278371,5.154188,0,0,0,200,4886,146.49195,999.988037109375,,,,,,,,,,,,,0,,,,3.72584485,,,,,,153.7185898,,,,
,50917589.045,153.3964386,999.988037109375,2.30499667980725E-7,1.00084976048465E-7,1,4.99626677034896,40.0298881530762,2.000182055655,1.01999996695668,2.25139596108886E-6,2.71280877532963E-6,0.25,1.97237327062898E-7,2.31334853314154E-7,1.98617416890837E-7,153.239624,153.5532532,999.988037109375,999.988037109375,52.2917295650632,14.8831256039374,5.154188,0,0,0,200,4886,146.1723,999.988037109375,,,,,,,,,,,,,0,,,,3.74436165,,,,,,153.3964386,,,,
,50917594.075,153.0463867,999.988037109375,3.36236674649975E-7,9.32601171361465E-8,1,4.99626677034896,40.0298881530762,2.0002096383494,1.01999996695668,3.829092388779E-6,7.88819928876243E-7,0.25,1.10563433915641E-8,3.37919152498846E-7,1.16743364204552E-8,152.8531494,153.239624,999.988037109375,999.988037109375,52.0353554107555,14.8841840700209,5.527248,0,0,0,200,4886,145.87695,999.988037109375,,,,,,,,,,,,,0,,,,3.7256589,,,,,,153.0463867,,,,
,50917599.055,152.6928711,999.988037109375,2.07038506462156E-7,9.04983998376728E-8,1,4.99626677034896,40.0298881530762,2.00029313889381,1.01999996695668,1.90564283334267E-6,3.11567586757176E-6,0.25,2.36427677019427E-7,2.07692333780856E-7,2.37972598889085E-7,152.5325928,152.8531494,999.988037109375,999.988037109375,52.4347675840825,14.8836649720808,5.527248,0,0,0,200,4886,145.7706,999.988037109375,,,,,,,,,,,,,0,,,,3.7256589,,,,,,152.6928711,,,,
,50917604.025,152.38594055,999.988037109375,4.7658180833609E-8,9.44598676338823E-8,1,4.99626677034896,40.0298881530762,2.00008500703867,1.01999996695668,6.03658440542969E-8,2.9168057815808E-6,0.25,2.46494387342632E-7,4.74880687997004E-8,2.47825901781394E-7,152.2392883,152.5325928,999.988037109375,999.988037109375,52.3730189310632,14.8813998563059,5.154188,0,0,0,200,4886,145.85515,999.988037109375,,,,,,,,,,,,,0,,,,3.7256589,,,,,,152.38594055,,,,
,50917609.045,152.0587387,999.988037109375,1.52990180128363E-7,1.03998280320616E-7,1,4.99626677034896,40.0298881530762,2.00018754309728,1.01999996695668,1.80571593699509E-6,-9.86487040828181E-9,0.25,-2.71686004893816E-8,1.53814116410691E-7,-2.70519581264472E-8,151.8781891,152.2392883,999.988037109375,999.988037109375,52.3511333325248,14.8763900768364,5.154188,0,0,0,200,4886,146.19575,999.988037109375,,,,,,,,,,,,,0,,,,3.7256589,,,,,,152.0587387,,,,
,50917614.035,151.73908995,999.988037109375,2.90895972790298E-7,1.00500268429567E-7,1,4.99626677034896,40.0298881530762,2.00009883154687,1.01999996695668,3.01571916993028E-6,2.40972846478038E-6,0.25,1.60388133689908E-7,2.92114256909221E-7,1.61688237297071E-7,151.5999908,151.8781891,999.988037109375,999.988037109375,51.5960801829478,14.8813211210827,5.527248,0,0,0,200,4886,146.77095,999.988037109375,,,,,,,,,,,,,0,,,,3.7071421,,,,,,151.73908995,,,,
,50917619.015,151.4904022,999.988037109375,3.96875681470736E-7,1.12073406860993E-7,1,4.99626677034896,40.0298881530762,2.00018566508918,1.01999996695668,4.15846650211052E-6,3.03294644020183E-6,0.25,1.96572071804568E-7,3.98580477335558E-7,1.98230280381448E-7,151.3808136,151.5999908,999.988037109375,999.988037109375,51.7789812564478,14.8815735063559,5.527248,0,0,0,200,4886,147.3713,999.988037109375,,,,,,,,,,,,,0,,,,3.7071421,,,,,,151.4904022,,,,
,50917624.055,151.2826767,999.988037109375,2.85131351396972E-7,1.06473893914915E-7,1,4.99626677034896,40.0298881530762,2.0001297494337,1.01999996695668,2.98833820404635E-6,2.17447010567137E-6,0.25,1.40836418227568E-7,2.8636037427353E-7,1.4202437979193E-7,151.1845398,151.3808136,999.988037109375,999.988037109375,51.6140576388901,14.8825132605249,5.154188,0,0,0,200,4886,147.9121,999.988037109375,,,,,,,,,,,,,0,,,,3.7071421,,,,,,151.2826767,,,,
,50917629.005,151.1268692,999.988037109375,2.35024069445718E-7,9.48327844949919E-8,1,4.99626677034896,40.0298881530762,2.0001977205435,1.01999996695668,2.45887615116465E-6,1.81808606416751E-6,0.25,1.18329857574585E-7,2.36035745247522E-7,1.19319607015325E-7,151.0691986,151.1845398,999.988037109375,999.988037109375,51.759440543467,14.8823544587115,5.527248,0,0,0,200,4886,148.34935,999.988037109375,,,,,,,,,,,,,0,,,,3.7071421,,,,,,151.1268692,,,,
,50917633.975,151.0224304,999.988037109375,3.25824694292627E-7,9.64855459057066E-8,1,4.99626677034896,40.0298881530762,2.0000762872823,1.03000004310161,3.60544292488818E-6,1.37580786562232E-6,0.25,6.41129425120081E-8,3.27391878464829E-7,6.49715165970964E-8,150.9756622,151.0691986,999.988037109375,999.988037109375,51.7836710275632,14.8817895479613,4.781127,0,0,0,200,4886,148.65745,999.988037109375,,,,,,,,,,,,,0,,,,3.7256589,,,,,,151.0224304,,,,
,50917639,150.9536972,999.988037109375,3.24531851708106E-7,1.14681882987602E-7,1,4.99626677034896,40.0298881530762,2.00017515421882,1.01999996695668,3.47152684641183E-6,2.06725091678242E-6,0.25,1.24699383750253E-7,3.25995267164744E-7,1.25865864346676E-7,150.9317322,150.9756622,999.988037109375,999.988037109375,52.6575317120633,14.8830597773425,5.527248,0,0,0,200,4886,148.87665,999.988037109375,,,,,,,,,,,,,0,,,,3.7256589,,,,,,150.9536972,,,,
,50917643.99,150.91789245,999.988037109375,2.10152272412726E-7,9.93031309231227E-8,1,4.99626677034896,40.0298881530762,2.00024454094624,1.01999996695668,1.91455767637568E-6,3.27887011511676E-6,0.25,2.50137742070725E-7,2.10825990250466E-7,2.51762447739977E-7,150.9040527,150.9317322,999.988037109375,999.988037109375,51.9298355606593,14.8800353720465,5.154188,0,0,0,200,4886,149.0089,999.988037109375,,,,,,,,,,,,,0,,,,3.74436165,,,,,,150.91789245,,,,
,50917649.005,150.89686585,999.988037109375,2.59102790075731E-7,1.0186529532031E-7,1,4.99626677034896,40.0298881530762,2.00010882943562,1.01999996695668,2.53222916046286E-6,3.04262526892243E-6,0.25,2.21114625645323E-7,2.60075593001218E-7,2.22669323852387E-7,150.889679,150.9040527,999.988037109375,999.988037109375,52.2815683943132,14.8795931481391,5.154188,0,0,0,200,4886,149.14025,999.988037109375,,,,,,,,,,,,,0,,,,3.74436165,,,,,,150.89686585,,,,
,50917653.99,150.88614655,999.988037109375,2.19498122523289E-7,1.07613071089117E-7,1,4.99626677034896,40.0298881530762,2.00020855994057,1.01999996695668,2.31919427009442E-6,1.56596024506051E-6,0.25,9.89871313862749E-8,2.20465521095845E-7,9.98502159624685E-8,150.8826141,150.889679,999.988037109375,999.988037109375,52.1307140901017,14.8848388735629,5.527248,0,0,0,200,4886,149.2711,999.988037109375,,,,,,,,,,,,,0,,,,3.7256589,,,,,,150.88614655,,,,
,50917658.96,150.88153075,999.988037109375,2.60732783277146E-7,1.05850194520364E-7,1,4.99626677034896,40.0298881530762,2.00006676511449,1.01999996695668,2.75335361456284E-6,1.8677914339292E-6,0.25,1.18261850798349E-7,2.6188091861279E-7,1.19290492622426E-7,150.8804474,150.8826141,999.988037109375,999.988037109375,51.9204560184286,14.8810422653097,5.154188,0,0,0,200,4886,149.29395,999.988037109375,,,,,,,,,,,,,0,,,,3.7256589,,,,,,150.88153075,,,,
,50917663.96,150.8802719,999.988037109375,4.14100922535956E-7,9.91396151107844E-8,1,4.99626677034896,40.0298881530762,2.00015436076204,1.01999996695668,4.59561133854293E-6,1.67223701724955E-6,0.25,7.48165345048518E-8,4.1610676448007E-7,7.58703570781005E-8,150.8800964,150.8804474,999.988037109375,999.988037109375,51.8673052791209,14.8814831989991,5.527248,0,0,0,200,4886,149.2061,999.988037109375,,,,,,,,,,,,,0,,,,3.7256589,,,,,,150.8802719,,,,
,50917668.95,150.87741085,999.988037109375,2.43866040028828E-7,9.4001433596957E-8,1,4.99626677034896,40.0298881530762,2.00012567699491,1.01999996695668,2.80363677171133E-6,4.18778499144492E-7,0.25,-5.35804648456788E-9,2.45127128954753E-7,-4.99082326108888E-9,150.8747253,150.8800964,999.988037109375,999.988037109375,51.8164994253709,14.8841749381827,5.154188,0,0,0,200,4886,149.0955,999.988037109375,,,,,,,,,,,,,0,,,,3.7071421,,,,,,150.87741085,,,,
,50917673.975,150.86648555,999.988037109375,4.30892875799968E-7,9.84506714849172E-8,1,4.99626677034896,40.0298881530762,2.00007418885692,1.01999996695668,4.41306059294422E-6,3.88485205358363E-6,0.25,2.65123691240528E-7,4.32676281011964E-7,2.67183366323671E-7,150.8582458,150.8747253,999.988037109375,999.988037109375,52.1299324615824,14.8826270602316,5.527248,0,0,0,200,4886,149.00715,999.988037109375,,,,,,,,,,,,,0,,,,3.7071421,,,,,,150.86648555,,,,
,50917678.97,150.8474426,999.988037109375,2.06957861158218E-7,1.05118564044703E-7,1,4.99626677034896,40.0298881530762,2.00014381094217,1.01999996695668,2.22824038865558E-6,1.23435424610582E-6,0.25,7.21936541454986E-8,2.07903803221793E-7,7.28998852810192E-8,150.8366394,150.8582458,999.988037109375,999.988037109375,51.7078530611978,14.8827259852155,5.154188,0,0,0,200,4886,148.96235,999.988037109375,,,,,,,,,,,,,0,,,,3.7256589,,,,,,150.8474426,,,,
,50917683.945,150.8199692,999.988037109375,1.84707989830801E-7,9.68316242213195E-8,1,4.99626677034896,40.0298881530762,2.00004911798257,1.01999996695668,2.22555787642064E-6,-2.76826293210073E-7,0.25,-5.59234526398824E-8,1.85747463433336E-7,-5.59112810234784E-8,150.803299,150.8366394,999.988037109375,999.988037109375,51.4780542765439,14.8825970812766,5.527248,0,0,0,200,4886,148.94035,999.988037109375,,,,,,,,,,,,,0,,,,3.7256589,,,,,,150.8199692,,,,
,50917688.96,150.7852173,999.988037109375,3.48002759186952E-7,9.63538128481207E-8,1,4.99626677034896,40.0298881530762,2.00020431340548,1.01999996695668,3.87530370491723E-6,1.32890835572574E-6,0.25,5.61987280680927E-8,3.49699595686462E-7,5.7051751562671E-8,150.7671356,150.803299,999.988037109375,999.988037109375,52.3394089047363,14.882466801654,5.154188,0,0,0,200,4886,148.919,999.988037109375,,,,,,,,,,,,,0,,,,3.7071421,,,,,,150.7852173,,,,
,50917693.985,150.74829865,999.988037109375,1.09847518983347E-7,9.81845939336671E-8,1,4.99626677034896,40.0298881530762,2.00014443829816,1.01999996695668,8.19072487785788E-7,2.7703595825695E-6,0.25,2.22995173695186E-7,1.10050425124249E-7,2.24319237280689E-7,150.7294617,150.7671356,999.988037109375,999.988037109375,52.4558715541017,14.8807725588804,5.154188,0,0,0,200,4886,148.919,999.988037109375,,,,,,,,,,,,,0,,,,3.7071421,,,,,,150.74829865,,,,
,50917698.985,150.7139435,999.988037109375,1.22878340605717E-7,9.6656402534582E-8,1,4.99626677034896,40.0298881530762,2.00012553832758,1.01999996695668,1.34392876216985E-6,6.11015511053166E-7,0.25,3.22241385236521E-8,1.23457672264543E-7,3.25890139244312E-8,150.6984253,150.7294617,999.988037109375,999.988037109375,51.637506494467,14.8803440150801,5.154188,0,0,0,200,4886,148.91965,999.988037109375,,,,,,,,,,,,,0,,,,3.7256589,,,,,,150.7139435,,,,
,50917703.955,150.67917635,999.988037109375,2.91754529254979E-7,1.02899723907309E-7,1,4.99626677034896,40.0298881530762,1.99993266684083,1.01999996695668,3.23362531104825E-6,1.20063060691896E-6,0.25,5.46819221222433E-8,2.93165754517567E-7,5.54361169845897E-8,150.6599274,150.6984253,999.988037109375,999.988037109375,52.1697955160632,14.8813192687705,5.154188,0,0,0,200,4886,148.91965,999.988037109375,,,,,,,,,,,,,0,,,,3.7071421,,,,,,150.67917635,,,,
,50917708.94,150.641861,999.988037109375,3.17099070490533E-7,1.02366463186904E-7,1,4.99626677034896,40.0298881530762,2.00010697211157,1.01999996695668,3.62474186750415E-6,6.65639404277718E-7,0.25,3.60564320996871E-9,3.18723761172302E-7,4.13836202981607E-9,150.6237946,150.6599274,999.988037109375,999.988037109375,52.2080953135055,14.882052408227,5.154188,0,0,0,200,4886,148.919,999.988037109375,,,,,,,,,,,,,0,,,,3.6886253,,,,,,150.641861,,,,
,50917713.93,150.60857395,999.988037109375,5.22098030465548E-7,1.0160565102035E-7,1,4.99626677034896,40.0298881530762,2.00008157447365,1.01999996695668,5.7405559170933E-6,2.41905025794203E-6,0.25,1.21458777404109E-7,5.24586251124422E-7,1.22930030424445E-7,150.5933533,150.6237946,999.988037109375,999.988037109375,52.2245095124094,14.8826786049536,5.154188,0,0,0,200,4886,148.919,999.988037109375,,,,,,,,,,,,,0,,,,3.6886253,,,,,,150.60857395,,,,
,50917718.92,150.57577515,999.988037109375,1.92639436271373E-7,1.00696457866766E-7,1,4.99626677034896,40.0298881530762,2.00006796280071,1.01999996695668,1.88469384270087E-6,2.25024454530221E-6,0.25,1.63357717426462E-7,1.93365486273371E-7,1.64510399226994E-7,150.558197,150.5933533,999.988037109375,999.988037109375,51.7914873127555,14.8776604606735,5.154188,0,0,0,200,4886,148.9183,999.988037109375,,,,,,,,,,,,,0,,,,3.6886253,,,,,,150.57577515,,,,
,50917723.915,150.5414276,999.988037109375,4.00727521364967E-7,9.17706087258414E-8,1,4.99626677034896,40.0298881530762,2.0001337591038,1.01999996695668,4.21752896865706E-6,2.95416764760174E-6,0.25,1.89038376666199E-7,4.02482645732497E-7,1.9066089919386E-7,150.5246582,150.558197,999.988037109375,999.988037109375,51.7524058867939,14.882214198071,5.527248,0,0,0,200,4886,148.89625,999.988037109375,,,,,,,,,,,,,0,,,,3.6886253,,,,,,150.5414276,,,,
,50917728.9,150.5099716,999.988037109375,1.81641476365444E-7,9.6621098670071E-8,1,4.99626677034896,40.0298881530762,2.0000820627689,1.01999996695668,1.58285398689335E-6,3.25178190890431E-6,0.25,2.52692360607344E-7,1.82166245139077E-7,2.54287328041555E-7,150.495285,150.5246582,999.988037109375,999.988037109375,52.3433170473325,14.8835688622857,5.527248,0,0,0,200,4886,148.8749,999.988037109375,,,,,,,,,,,,,0,,,,3.6886253,,,,,,150.5099716,,,,
,50917733.9,150.4784393,999.988037109375,1.29882692307624E-7,9.9581814967597E-8,1,4.99626677034896,40.0298881530762,2.00006614087003,1.01999996695668,1.42182307624718E-6,6.3816380269105E-7,0.25,3.33914666765152E-8,1.30496996306485E-7,3.37740222751263E-8,150.4615936,150.495285,999.988037109375,999.988037109375,52.4691592389286,14.8823844477255,5.154188,0,0,0,200,4885,148.8749,999.988037109375,,,,,,,,,,,,,0,,,,3.6886253,,,,,,150.4784393,,,,
,50917738.915,150.4453201,999.988037109375,1.50886786409965E-7,9.8225300578866E-8,1,4.99626677034896,40.0298881530762,2.00010770118439,1.01999996695668,1.60451007635919E-6,1.01640230805003E-6,0.25,6.28036458846021E-8,1.5156162819717E-7,6.33717135665324E-8,150.4290466,150.4615936,999.988037109375,999.988037109375,52.1525996886401,14.8818118848524,4.781127,0,0,0,200,4885,148.8749,999.988037109375,,,,,,,,,,,,,0,,,,3.6886253,,,,,,150.4453201,,,,
,50917743.9,150.416069,999.988037109375,3.32368382967752E-7,9.9651415761535E-8,1,4.99626677034896,40.0298881530762,2.00023117870523,1.01999996695668,3.47375609509399E-6,2.59280020356389E-6,0.25,1.69227662941498E-7,3.33805086515232E-7,1.7063812285094E-7,150.4030914,150.4290466,999.988037109375,999.988037109375,52.5965646875633,14.8841525744577,5.154188,0,0,0,200,4885,148.8749,999.988037109375,,,,,,,,,,,,,0,,,,3.7071421,,,,,,150.416069,,,,
,50917748.895,150.38713835,999.988037109375,2.55128023672482E-7,1.00084096837388E-7,1,4.99626677034896,40.0298881530762,2.00015261819396,1.01999996695668,2.65434047752347E-6,2.06020619542463E-6,0.25,1.360143557827E-7,2.56221146526393E-7,1.37128629946713E-7,150.3711853,150.4030914,999.988037109375,999.988037109375,52.0400451818709,14.8809629290958,5.527248,0,0,0,200,4885,148.8749,999.988037109375,,,,,,,,,,,,,0,,,,3.7256589,,,,,,150.38713835,,,,
,50917753.915,150.3571167,999.988037109375,1.33909707262586E-7,9.18653990550407E-8,1,4.99626677034896,40.0298881530762,2.00017645889186,1.01999996695668,1.35472159083528E-6,1.30523370568418E-6,0.25,9.09360886280103E-8,1.34451868831671E-7,9.16216723242574E-8,150.3430481,150.3711853,999.988037109375,999.988037109375,51.9157662473132,14.8833466448764,5.154188,0,0,0,200,4885,148.8749,999.988037109375,,,,,,,,,,,,,0,,,,3.7256589,,,,,,150.3571167,,,,
,50917758.905,150.32975005,999.988037109375,2.4537789692095E-7,9.12628385894736E-8,1,4.99626677034896,40.0298881530762,2.00000477353128,1.01999996695668,2.34222811690373E-6,3.20581231303319E-6,0.25,2.37730694443824E-7,2.46256322392113E-7,2.39353274626547E-7,150.316452,150.3430481,999.988037109375,999.988037109375,52.4769755241209,14.881526541084,4.781127,0,0,0,200,4885,148.89625,999.988037109375,,,,,,,,,,,,,0,,,,3.7256589,,,,,,150.32975005,,,,
,50917763.885,150.3056488,999.988037109375,2.60764851523783E-7,1.0452922747015E-7,1,4.99626677034896,40.0298881530762,2.00003082972173,1.01999996695668,2.71650204283365E-6,2.08428514678621E-6,0.25,1.37157878315705E-7,2.61885909476066E-7,1.38287360587045E-7,150.2948456,150.316452,999.988037109375,999.988037109375,52.4035024433132,14.8814765951313,5.527248,0,0,0,200,4885,148.9176,999.988037109375,,,,,,,,,,,,,0,,,,3.7071421,,,,,,150.3056488,,,,
,50917768.88,150.2818985,999.988037109375,2.15841003390405E-7,9.33152110848028E-8,1,4.99626677034896,40.0298881530762,1.99999583706434,1.01999996695668,2.3224532328765E-6,1.29484497414905E-6,0.25,7.59539629449317E-8,2.16830010704496E-7,7.66953275120628E-8,150.2689514,150.2948456,999.988037109375,999.988037109375,51.9954923562747,14.881214707818,5.154188,0,0,0,200,4885,148.9181,999.988037109375,,,,,,,,,,,,,0,,,,3.7071421,,,,,,150.2818985,,,,
,50917773.88,150.257843,999.988037109375,2.84917903494982E-7,9.67613340982255E-8,1,4.99626677034896,40.0298881530762,2.00011140310287,1.01999996695668,3.2376066570189E-6,7.10467644500789E-7,0.25,1.30510032384686E-8,2.86365049519785E-7,1.35802611757142E-8,150.2467346,150.2689514,999.988037109375,999.988037109375,52.1307140901017,14.8793120887958,5.527248,0,0,0,200,4885,148.9193,999.988037109375,,,,,,,,,,,,,0,,,,3.7256589,,,,,,150.257843,,,,
,50917778.91,150.23603055,999.988037109375,2.35860702782763E-7,1.03373044488319E-7,1,4.99626677034896,40.0298881530762,2.00014438172894,1.01999996695668,2.486048502247E-6,1.71753433437382E-6,0.25,1.0940853054696E-7,2.3689894381007E-7,1.10354883001763E-7,150.2253265,150.2467346,999.988037109375,999.988037109375,51.9806414144093,14.8816174613937,5.527248,0,0,0,200,4885,148.92,999.988037109375,,,,,,,,,,,,,0,,,,3.7071421,,,,,,150.23603055,,,,
,50917783.89,150.2172699,999.988037109375,3.78824914327126E-7,9.8857275292379E-8,1,4.99626677034896,40.0298881530762,2.00015390800347,1.01999996695668,4.31694366787328E-6,8.73969516461292E-7,0.25,1.11814183097513E-8,3.80759527169364E-7,1.18531908645534E-8,150.2092133,150.2253265,999.988037109375,999.988037109375,52.3120519065632,14.8812216448675,5.527248,0,0,0,200,4885,148.94205,999.988037109375,,,,,,,,,,,,,0,,,,3.6886253,,,,,,150.2172699,,,,
,50917788.86,150.19962315,999.988037109375,4.71670301137209E-7,9.38851009415329E-8,1,4.99626677034896,40.0298881530762,2.00015997870265,1.01999996695668,5.07482124339789E-6,2.83429782999672E-6,0.25,1.66371776192387E-7,4.73832261054775E-7,1.67993964365761E-7,150.190033,150.2092133,999.988037109375,999.988037109375,52.3261212199094,14.8815835347064,5.527248,0,0,0,200,4885,148.9641,999.988037109375,,,,,,,,,,,,,0,,,,3.7071421,,,,,,150.19962315,,,,
,50917793.895,150.18109135,999.988037109375,2.47963399614592E-7,1.01129367406178E-7,1,4.99626677034896,40.0298881530762,2.00018288664845,1.01999996695668,2.43451803014301E-6,2.8478417092952E-6,0.25,2.0600831842136E-7,2.48908058508011E-7,2.07472304859772E-7,150.1721497,150.190033,999.988037109375,999.988037109375,51.6304718377939,14.8825504140995,5.154188,0,0,0,200,4885,148.98545,999.988037109375,,,,,,,,,,,,,0,,,,3.7071421,,,,,,150.18109135,,,,
,50917798.885,150.1654358,999.988037109375,4.17365457176052E-7,9.6518842526429E-8,1,4.99626677034896,40.0298881530762,2.00016631381089,1.01999996695668,4.69355297669372E-6,1.32715963436254E-6,0.25,4.41224266636328E-8,4.19446070158422E-7,4.50262676702608E-8,150.1587219,150.1721497,999.988037109375,999.988037109375,52.1565078312363,14.8839150166964,5.527248,0,0,0,200,4885,148.98545,999.988037109375,,,,,,,,,,,,,0,,,,3.6886253,,,,,,150.1654358,,,,
,50917803.85,150.15169525,999.988037109375,2.46817065491502E-7,1.04256020562022E-7,1,4.99626677034896,40.0298881530762,2.00015273222336,1.01999996695668,2.59244120299081E-6,1.85032276724634E-6,0.25,1.19117720824151E-7,2.47896832212128E-7,1.20131949670763E-7,150.1446686,150.1587219,999.988037109375,999.988037109375,51.4209953946401,14.8868380802073,5.154188,0,0,0,200,4885,148.98545,999.988037109375,,,,,,,,,,,,,0,,,,3.6886253,,,,,,150.15169525,,,,
,50917808.85,150.1390076,999.988037109375,1.56175253338299E-7,9.60197872894222E-8,1,4.99626677034896,40.0298881530762,2.0001115700922,1.01999996695668,1.9671208326366E-6,-7.30053743894372E-7,0.25,-9.05880404171782E-8,1.57127457142182E-7,-9.08022044850264E-8,150.1333466,150.1446686,999.988037109375,999.988037109375,51.8852827350632,14.8821092748447,5.154188,0,0,0,200,4885,149.0068,999.988037109375,,,,,,,,,,,,,0,,,,3.6886253,,,,,,150.1390076,,,,
,50917813.845,150.12666325,999.988037109375,3.52812130200952E-7,9.30529622123348E-8,1,4.99626677034896,40.0298881530762,2.00003430856875,1.01999996695668,3.96910451920591E-6,1.11169190365515E-6,0.25,3.6413831770534E-8,3.54572815366093E-7,3.71732423981125E-8,150.1199799,150.1333466,999.988037109375,999.988037109375,52.5379425486209,14.8843246774839,5.154188,0,0,0,200,4885,149.0068,999.988037109375,,,,,,,,,,,,,0,,,,3.6886253,,,,,,150.12666325,,,,
,50917818.835,150.1135712,999.988037109375,1.66168758312778E-7,9.97944440740192E-8,1,4.99626677034896,40.0298881530762,2.00000885266992,1.01999996695668,1.59637519103043E-6,2.11157464129044E-6,0.25,1.55803467698548E-7,1.66773440791402E-7,1.56876322201857E-7,150.1071625,150.1199799,999.988037109375,999.988037109375,51.8250973390824,14.8812216340651,5.154188,0,0,0,200,4885,149.0068,999.988037109375,,,,,,,,,,,,,0,,,,3.7071421,,,,,,150.1135712,,,,
,50917823.85,150.10110475,999.988037109375,2.25795873069591E-7,9.9397192278099E-8,1,4.99626677034896,40.0298881530762,2.00006771902225,1.01999996695668,2.68559331254697E-6,-1.34138586441004E-7,0.25,-5.05275840776386E-8,2.27042480659396E-7,-5.04224071890905E-8,150.095047,150.1071625,999.988037109375,999.988037109375,52.5269997493517,14.8819961148788,5.154188,0,0,0,200,4885,149.0068,999.988037109375,,,,,,,,,,,,,0,,,,3.7071421,,,,,,150.10110475,,,,
,50917828.845,150.0897751,999.988037109375,3.18657124701078E-7,9.60792684128301E-8,1,4.99626677034896,40.0298881530762,2.00008390167969,1.01999996695668,3.53220578071304E-6,1.31092899478253E-6,0.25,5.96783631383861E-8,3.2020430866488E-7,6.05024908993295E-8,150.0845032,150.095047,999.988037109375,999.988037109375,52.1127366341594,14.8831820777265,5.154188,0,0,0,200,4885,149.0075,999.988037109375,,,,,,,,,,,,,0,,,,3.6886253,,,,,,150.0897751,,,,
,50917833.845,150.0787964,999.988037109375,3.47476881301931E-7,1.01521827411574E-7,1,4.99626677034896,40.0298881530762,2.00010703227705,1.01999996695668,3.76186830154076E-6,1.95210689445911E-6,0.25,1.10703569478445E-7,3.49090183559122E-7,1.11837653348809E-7,150.0730896,150.0845032,999.988037109375,999.988037109375,51.9095132191593,14.879359489293,5.527248,0,0,0,200,4885,149.007,999.988037109375,,,,,,,,,,,,,0,,,,3.6886253,,,,,,150.0787964,,,,
,50917838.86,150.0673828,999.988037109375,3.17315806475776E-7,1.04573397659644E-7,1,4.99626677034896,40.0298881530762,2.00003498142249,1.01999996695668,3.51212454461364E-6,1.33524381831068E-6,0.25,6.20345171028224E-8,3.18852463445741E-7,6.28686697636238E-8,150.061676,150.0730896,999.988037109375,999.988037109375,52.1541629456786,14.8798230954623,5.527248,0,0,0,200,4885,149.00715,999.988037109375,,,,,,,,,,,,,0,,,,3.6702927,,,,,,150.0673828,,,,
,50917843.875,150.05680085,999.988037109375,2.24225449291027E-7,9.51569238658536E-8,1,4.99626677034896,40.0298881530762,2.00003257087321,1.01999996695668,2.12135464928753E-6,3.0401419903527E-6,0.25,2.26896166466697E-7,2.25014795014298E-7,2.28430156554911E-7,150.0519257,150.061676,999.988037109375,999.988037109375,52.4144452425825,14.8844032801592,5.154188,0,0,0,200,4885,149.0085,999.988037109375,,,,,,,,,,,,,0,,,,3.6888095,,,,,,150.05680085,,,,
,50917848.85,150.0475998,999.988037109375,2.57785215286226E-7,1.02991429428779E-7,1,4.99626677034896,40.0298881530762,1.99988953678143,1.01999996695668,2.59245999613542E-6,2.60044641687058E-6,0.25,1.82751684078064E-7,2.58819473209924E-7,1.84112172899149E-7,150.0432739,150.0519257,999.988037109375,999.988037109375,52.5223099782363,14.8799938014842,5.154188,0,0,0,200,4885,149.0513,999.988037109375,,,,,,,,,,,,,0,,,,3.6888095,,,,,,150.0475998,,,,
,50917853.835,150.0388794,999.988037109375,3.63724822650211E-7,9.79849086271914E-8,1,4.99626677034896,40.0298881530762,2.00009761683063,1.01999996695668,3.77648783018906E-6,2.98153486504999E-6,0.25,1.97790252797506E-7,3.65281580054072E-7,1.99399845944687E-7,150.0344849,150.0432739,999.988037109375,999.988037109375,52.2463951109478,14.884487519686,5.527248,0,0,0,200,4885,149.0727,999.988037109375,,,,,,,,,,,,,0,,,,3.6888095,,,,,,150.0388794,,,,
,50917858.83,150.03198245,999.988037109375,2.97856813199242E-7,9.52682222221623E-8,1,4.99626677034896,40.0298881530762,1.99999124317899,1.01999996695668,3.54824205221565E-6,-2.10012268173744E-7,0.25,-6.95402478880776E-8,2.99506550433043E-7,-6.94168690227842E-8,150.02948,150.0344849,999.988037109375,999.988037109375,52.4621245822556,14.8820359125769,5.527248,0,0,0,200,4881,149.0727,999.988037109375,,,,,,,,,,,,,0,,,,3.7256589,,,,,,150.03198245,,,,
,50918194.19,188.7493744,999.988037109375,,,2,,,,1.03600017032027,,,,,,,188.7493744,188.7493744,999.988037109375,999.988037109375,,,5.154188,,,,-99999999,4886,191.8033,999.988037109375,,,,,,,,,,,,,,,,,,,,,,,188.7493744,,,,
,50918557.91,166.8851776,999.988037109375,,,2,,,,1.03600017032027,,,,,,,166.8851776,166.8851776,999.988037109375,999.988037109375,,,5.527248,,,,-99999999,4886,157.5411,999.988037109375,,,,,,,,,,,,,,,,,,,,,,,166.8851776,,,,
,50918923.015,149.72819515,999.988037109375,3.78339922212629E-7,9.20487361203866E-8,1,4.99626677034896,40.0298881530762,1.99963248098903,1.01999996695668,4.53407043700462E-6,-4.28409997050585E-7,0.25,-1.02452511091394E-7,3.8046176821154E-7,-1.02368057879207E-7,149.7269897,149.7294006,999.988037109375,999.988037109375,52.1924627431209,14.8828662323995,5.527248,0,0,0,200,4881,148.83395,999.988037109375,,,,,,,,,,,,,0,,,,3.78195475,,,,,,149.72819515,,,,
,50918935.11,149.7254944,999.988037109375,2.03638351484269E-7,9.59432599440342E-8,1,4.99626677034896,40.0298881530762,1.99976703323505,1.01999996695668,1.95107554620695E-6,2.61683902326459E-6,0.25,1.93501762521824E-7,2.04376479127971E-7,1.94832727133137E-7,149.7254944,149.7254944,999.988037109375,999.988037109375,51.8876276206209,14.8822922994855,5.154188,0,0,0,200,4886,148.72345,999.988037109375,,,,,,,,,,,,,0,,,,3.7630644,,,,,,149.7254944,,,,
,50918938,149.72452545,999.988037109375,1.99180667993472E-7,9.80680782351976E-8,1,4.99626677034896,40.0298881530762,1.99975533843655,1.01999996695668,1.93857475083975E-6,2.38372626592762E-6,0.25,1.73912942434901E-7,1.99927122063125E-7,1.75135765664426E-7,149.7235565,149.7254944,999.988037109375,999.988037109375,52.1580710882748,14.8828001312395,5.154188,0,0,0,200,4886,148.5911,999.988037109375,,,,,,,,,,,,,0,,,,3.7630644,,,,,,149.72452545,,,,
,50918943.015,149.7203903,999.988037109375,2.22683549638283E-7,9.85813957672628E-8,1,4.99626677034896,40.0298881530762,1.9996815863379,1.01999996695668,2.56739710407378E-6,3.37272916854123E-7,0.25,-8.82996473067421E-9,2.23848694596184E-7,-8.51284535845759E-9,149.7172241,149.7235565,999.988037109375,999.988037109375,52.270625595044,14.8845032784442,5.527248,0,0,0,200,4886,148.4561,999.988037109375,,,,,,,,,,,,,0,,,,3.7630644,,,,,,149.7203903,,,,
,50918950.515,149.69424435,999.988037109375,3.37814729048598E-7,9.91908177780133E-8,1,4.99626677034896,40.0298881530762,1.99970575274818,1.01999996695668,3.19551153197779E-6,4.57938854712082E-6,0.25,3.41820430642943E-7,3.39002685651853E-7,3.44138170225482E-7,149.6712646,149.7172241,999.988037109375,999.988037109375,52.4566531826209,14.883677787721,5.154188,0,0,0,200,4886,148.27785,999.988037109375,,,,,,,,,,,,,0,,,,3.74436165,,,,,,149.69424435,,,,
,50918958.025,149.65009305,999.988037109375,3.34704715045035E-7,9.93395302247946E-8,1,4.99626677034896,40.0298881530762,1.99976054004484,1.01999996695668,3.55537340053053E-6,2.27347537951484E-6,0.25,1.40983855224938E-7,3.36204006231049E-7,1.42259896422973E-7,149.6289215,149.6712646,999.988037109375,999.988037109375,52.8920202678325,14.8837465293117,5.154188,0,0,0,200,4886,148.05855,999.988037109375,,,,,,,,,,,,,0,,,,3.7256589,,,,,,149.65009305,,,,
,50918963.025,149.60800935,999.988037109375,3.43409150046215E-7,1.02539635195647E-7,1,4.99626677034896,40.0298881530762,1.99962177552783,1.01999996695668,3.73958957882041E-6,1.79735234644545E-6,0.25,9.79203584912783E-8,3.45023907762339E-7,9.89888802784849E-8,149.5870972,149.6289215,999.988037109375,999.988037109375,52.3581679891978,14.879876461892,5.527248,0,0,0,200,4886,147.92715,999.988037109375,,,,,,,,,,,,,0,,,,3.7256589,,,,,,149.60800935,,,,
,50918968.005,149.55939485,999.988037109375,1.92509984953843E-7,1.00253599172259E-7,1,4.99626677034896,40.0298881530762,1.99972158938798,1.01999996695668,2.15250528818175E-6,6.81623953517067E-7,0.25,2.64251195998227E-8,1.93461986563149E-7,2.68772761353235E-8,149.5316925,149.5870972,999.988037109375,999.988037109375,52.1010122063709,14.8822866727842,5.154188,0,0,0,200,4886,147.8379,999.988037109375,,,,,,,,,,,,,0,,,,3.74436165,,,,,,149.55939485,,,,
,50918972.975,149.5065384,999.988037109375,2.24116655651299E-7,9.18759239212339E-8,1,4.99626677034896,40.0298881530762,1.9997267327948,1.01999996695668,2.2631725373001E-6,2.20542541526172E-6,0.25,1.54055474934049E-7,2.25022787755833E-7,1.55219957228724E-7,149.4813843,149.5316925,999.988037109375,999.988037109375,51.9720435006978,14.8791039416151,5.154188,0,0,0,200,4886,147.70695,999.988037109375,,,,,,,,,,,,,0,,,,3.7630644,,,,,,149.5065384,,,,
,50918978,149.4475098,999.988037109375,3.24570733998747E-7,9.65904056043695E-8,1,4.99626677034896,40.0298881530762,1.99970152495981,1.01999996695668,3.71215379341337E-6,6.6603944242739E-7,0.25,2.35845613296799E-9,3.26245681896722E-7,2.90415532621376E-9,149.4136353,149.4813843,999.988037109375,999.988037109375,51.9665721010632,14.8822645080008,5.154188,0,0,0,200,4886,147.55425,999.988037109375,,,,,,,,,,,,,0,,,,3.7630644,,,,,,149.4475098,,,,
,50918983,149.3809128,999.988037109375,2.1644261328382E-7,9.52663852910719E-8,1,4.99626677034896,40.0298881530762,1.99959195681403,1.01999996695668,2.33212834806888E-6,1.2771638099464E-6,0.25,7.43208901725505E-8,2.17440146405631E-7,7.50616604461835E-8,149.3481903,149.4136353,999.988037109375,999.988037109375,52.0400451818709,14.8799196994082,5.527248,0,0,0,200,4886,147.4224,999.988037109375,,,,,,,,,,,,,0,,,,3.74436165,,,,,,149.3809128,,,,
,50918987.945,149.3160248,999.988037109375,8.65635665053523E-8,1.02021883694726E-7,1,4.99626677034896,40.0298881530762,1.99973687044439,1.01999996695668,6.00365072933705E-7,2.44413812157741E-6,0.25,1.98547914098216E-7,8.66842692907474E-8,1.99718143891345E-7,149.2838593,149.3481903,999.988037109375,999.988037109375,52.4496185259478,14.8810217441956,5.527248,0,0,0,200,4886,147.2704,999.988037109375,,,,,,,,,,,,,0,,,,3.74436165,,,,,,149.3160248,,,,
,50918992.945,149.2430115,999.988037109375,3.53640178859019E-7,9.78622620349985E-8,1,4.99626677034896,40.0298881530762,1.99969391648503,1.01999996695668,3.93193161569034E-6,1.38113242720511E-6,0.25,5.98036247315813E-8,3.55372139064331E-7,6.0697173709849E-8,149.2021637,149.2838593,999.988037109375,999.988037109375,52.0189412118517,14.8827341722694,5.527248,0,0,0,200,4886,147.09695,999.988037109375,,,,,,,,,,,,,0,,,,3.74436165,,,,,,149.2430115,,,,
,50918997.955,149.16150665,999.988037109375,3.28602772795909E-7,1.05095547314752E-7,1,4.99626677034896,40.0298881530762,1.99971562340746,1.01999996695668,3.36639763382869E-6,2.95369517300483E-6,0.25,2.01429280210704E-7,3.29971246850675E-7,2.03015951765347E-7,149.1208496,149.2021637,999.988037109375,999.988037109375,52.2956377076594,14.8807523480295,5.154188,0,0,0,200,4886,146.9232,999.988037109375,,,,,,,,,,,,,0,,,,3.74436165,,,,,,149.16150665,,,,
,50919002.945,149.08224485,999.988037109375,2.86480370229468E-7,8.67666796877125E-8,1,4.99626677034896,40.0298881530762,1.99964833663394,1.01999996695668,2.81485492360402E-6,3.27243525294417E-6,0.25,2.36513633441128E-7,2.87572471783501E-7,2.38213539204668E-7,149.0436401,149.1208496,999.988037109375,999.988037109375,51.8946622772939,14.8801336949015,5.527248,0,0,0,200,4886,146.74985,999.988037109375,,,,,,,,,,,,,0,,,,3.7630644,,,,,,149.08224485,,,,
,50919007.945,148.99317165,999.988037109375,3.62864950116521E-7,9.91769160492304E-8,1,4.99626677034896,40.0298881530762,1.99967303438975,1.01999996695668,4.13904538771522E-6,8.08982820705221E-7,0.25,8.25151730365808E-9,3.6473167493933E-7,8.89662657830769E-9,148.9427032,149.0436401,999.988037109375,999.988037109375,52.1299324615824,14.8828366340072,5.527248,0,0,0,200,4886,146.57695,999.988037109375,,,,,,,,,,,,,0,,,,3.7630644,,,,,,148.99317165,,,,
,50919012.945,148.8949966,999.988037109375,3.74268229895998E-7,9.90693945795692E-8,1,4.99626677034896,40.0298881530762,1.99965959524114,1.01999996695668,4.31118628484821E-6,5.8964139187919E-7,0.25,-1.28643290595493E-8,3.76229970161703E-7,-1.23086481380172E-8,148.84729,148.9427032,999.988037109375,999.988037109375,52.1987157712748,14.885815860378,5.527248,0,0,0,200,4886,146.4031,999.988037109375,,,,,,,,,,,,,0,,,,3.7630644,,,,,,148.8949966,,,,
,50919018.005,148.79045865,999.988037109375,4.55727957398976E-8,1.04321769466439E-7,1,4.99626677034896,40.0298881530762,1.99975078272437,1.01999996695668,5.02871449172637E-7,2.00349665680482E-7,0.25,9.65859014870005E-9,4.57930677620303E-8,9.78463582017362E-9,148.7336273,148.84729,999.988037109375,999.988037109375,52.0666205515247,14.8869361561709,5.154188,0,0,0,200,4886,146.1868,999.988037109375,,,,,,,,,,,,,0,,,,3.78195475,,,,,,148.79045865,,,,
,50919023.005,148.6801529,999.988037109375,3.67401010618582E-8,9.72755741011483E-8,1,4.99626677034896,40.0298881530762,1.99957222902324,1.01999996695668,3.18764393525145E-7,6.6516753894124E-7,0.25,5.17711281308907E-8,3.68442345897422E-8,5.21011516510187E-8,148.6266785,148.7336273,999.988037109375,999.988037109375,51.850891080217,14.8850940309226,5.154188,0,0,0,200,4886,145.93035,999.988037109375,,,,,,,,,,,,,0,,,,3.78195475,,,,,,148.6801529,,,,
,50919027.93,148.5719452,999.988037109375,3.80577248661344E-7,9.3422725243841E-8,1,4.99626677034896,40.0298881530762,1.99969626719542,1.01999996695668,4.19220701835816E-6,1.71472055114927E-6,0.25,8.42917988432444E-8,3.82411629828841E-7,8.53669368855329E-8,148.5172119,148.6266785,999.988037109375,999.988037109375,51.945468131044,14.8884788172646,5.527248,0,0,0,200,4886,145.6755,999.988037109375,,,,,,,,,,,,,0,,,,3.7630644,,,,,,148.5719452,,,,
,50919032.945,148.4441452,999.988037109375,2.43106473549476E-7,1.04291540486991E-7,1,4.99626677034896,40.0298881530762,1.99955600941698,1.01999996695668,2.60506182628257E-6,1.51788301404302E-6,0.25,9.07504658287563E-8,2.44216686794896E-7,9.16301442592239E-8,148.3710785,148.5172119,999.988037109375,999.988037109375,52.3675475314286,14.884342787435,5.154188,0,0,0,200,4886,145.4202,999.988037109375,,,,,,,,,,,,,0,,,,3.7630644,,,,,,148.4441452,,,,
,50919037.945,148.308815,999.988037109375,2.21771477105541E-7,9.93335052605576E-8,1,4.99626677034896,40.0298881530762,1.99955467180683,1.01999996695668,2.32980564582419E-6,1.65586136597674E-6,0.25,1.06467710326225E-7,2.22744553802366E-7,1.07394619274889E-7,148.2465515,148.3710785,999.988037109375,999.988037109375,51.7047265471209,14.8857543882192,5.154188,0,0,0,200,4886,145.12355,999.988037109375,,,,,,,,,,,,,0,,,,3.7630644,,,,,,148.308815,,,,
,50919042.9,148.1782074,999.988037109375,3.54922441626041E-7,1.06983542726762E-7,1,4.99626677034896,40.0298881530762,1.9995932379027,1.01999996695668,4.03622372156192E-6,8.61827728272239E-7,0.25,1.422278528691E-8,3.5674365689899E-7,1.48967850135925E-8,148.1098633,148.2465515,999.988037109375,999.988037109375,51.9462497595632,14.8819598544192,5.154188,0,0,0,200,4886,144.78655,999.988037109375,,,,,,,,,,,,,0,,,,3.7630644,,,,,,148.1782074,,,,
,50919047.885,148.02056125,999.988037109375,2.31296653134196E-7,1.00759871996905E-7,1,4.99626677034896,40.0298881530762,1.99956681494952,1.01999996695668,2.67278019935476E-6,3.14691765850372E-7,0.25,-1.22977452160964E-8,2.32520793474145E-7,-1.19693141410878E-8,147.9312592,148.1098633,999.988037109375,999.988037109375,52.3057988784094,14.8851087577454,5.527248,0,0,0,200,4886,144.4504,999.988037109375,,,,,,,,,,,,,0,,,,3.7630644,,,,,,148.02056125,,,,
,50919052.895,147.85250095,999.988037109375,1.54055575135171E-7,9.58133641133831E-8,1,4.99626677034896,40.0298881530762,1.99963607350814,1.01999996695668,1.74850664626245E-6,3.94323294544276E-7,0.25,7.93853382011066E-9,1.54844046295385E-7,8.24215146785169E-9,147.7737427,147.9312592,999.988037109375,999.988037109375,51.7055081756401,14.8829077944693,5.154188,0,0,0,200,4886,144.10955,999.988037109375,,,,,,,,,,,,,0,,,,3.7630644,,,,,,147.85250095,,,,
,50919057.915,147.67308045,999.988037109375,1.05436975048489E-7,1.0086579795637E-7,1,4.99626677034896,40.0298881530762,1.99960399383257,1.01999996695668,8.00801975488659E-7,2.57151263346956E-6,0.25,2.06428029000732E-7,1.05633393630699E-7,2.07683643018214E-7,147.5724182,147.7737427,999.988037109375,999.988037109375,52.4269512988902,14.8883052130553,5.154188,0,0,0,200,4886,143.72935,999.988037109375,,,,,,,,,,,,,0,,,,3.7630644,,,,,,147.67308045,,,,
,50919062.9,147.4861221,999.988037109375,2.49844228115659E-7,1.07395842058023E-7,1,4.99626677034896,40.0298881530762,1.99965359705933,1.01999996695668,2.9966182198698E-6,-2.95820611506412E-7,0.25,-6.88069326159865E-8,2.51264840844989E-7,-6.8736875047774E-8,147.399826,147.5724182,999.988037109375,999.988037109375,52.1260243189863,14.8861266171622,5.154188,0,0,0,200,4886,143.3489,999.988037109375,,,,,,,,,,,,,0,,,,3.7630644,,,,,,147.4861221,,,,
,50919067.88,147.2876358,999.988037109375,4.01151282448736E-7,1.06987253490503E-7,1,4.99626677034896,40.0298881530762,1.99962044184104,1.01999996695668,4.5107526501397E-6,1.27251208704935E-6,0.25,4.21205538375741E-8,4.031717158199E-7,4.30315618185015E-8,147.1754456,147.399826,999.988037109375,999.988037109375,51.861052250967,14.8863155298341,5.154188,0,0,0,200,4886,142.9626,999.988037109375,,,,,,,,,,,,,0,,,,3.7630644,,,,,,147.2876358,,,,
,50919072.91,147.07223515,999.988037109375,2.08440931249434E-7,9.8933502505932E-8,1,4.99626677034896,40.0298881530762,1.99962890602867,1.01999996695668,2.29928445531942E-6,9.20199405119946E-7,0.25,4.45007584339027E-8,2.0945237278177E-7,4.50939387004738E-8,146.9690247,147.1754456,999.988037109375,999.988037109375,51.8329136242747,14.8840633096934,5.527248,0,0,0,200,4886,142.53545,999.988037109375,,,,,,,,,,,,,0,,,,3.74436165,,,,,,147.07223515,,,,
,50919077.915,146.84233095,999.988037109375,3.124609651669E-7,9.78707301508327E-8,1,4.99626677034896,40.0298881530762,1.99965982547816,1.01999996695668,3.69054393218888E-6,-3.75773023256641E-8,0.25,-5.70334595586003E-8,3.14193302899755E-7,-5.67882405826665E-8,146.7156372,146.9690247,999.988037109375,999.988037109375,52.0885061500632,14.8836599695103,5.154188,0,0,0,200,4886,142.10645,999.988037109375,,,,,,,,,,,,,0,,,,3.7256589,,,,,,146.84233095,,,,
,50919098.05,145.8240662,999.988037109375,,,2,,,,1.03600017032027,,,,,,,145.8240662,145.8240662,999.988037109375,999.988037109375,,,5.154188,,,,-99999999,4886,140.3536,999.988037109375,,,,,,,,,,,,,,,,,,,,,,,145.8240662,,,,
touchdown = -4.86999982967973 mm,50919128.125,143.9476166,999.988037109375,2.2223317290246E-7,9.84953969703226E-8,1,4.99626677034896,40.0298881530762,1.99950175879741,1.01999996695668,2.23378672707058E-6,2.24529487508551E-6,0.25,1.5782236846377E-7,2.2311953298057E-7,1.59063705350989E-7,143.9476166,143.9476166,999.988037109375,999.988037109375,51.7703833427362,14.8814458875626,5.527248,0,0,0,200,4886,137.4177,999.988037109375,,,,,,,,,,,,,0,,,,3.7630644,,,,,,143.9476166,,,,
,50919129.27,143.8761673,999.988037109375,2.45638360384902E-7,9.22459851050629E-8,1,4.99626677034896,40.0298881530762,1.99965055050177,1.01999996695668,2.45081871718236E-6,2.58885054979533E-6,0.25,1.83778506398541E-7,2.4660099435125E-7,1.85200722002994E-7,143.804718,143.9476166,999.988037109375,999.988037109375,51.9548476732747,14.8841494116325,5.154188,0,0,0,200,4886,137.31945,999.988037109375,,,,,,,,,,,,,0,,,,3.74436165,,,,,,143.8761673,,,,
,50919132.87,143.6083679,999.988037109375,2.44588261996788E-7,1.03707929444389E-7,1,4.99626677034896,40.0298881530762,1.99959767666461,1.01999996695668,2.81119901366848E-6,4.22862419722694E-7,0.25,-5.1761178671645E-9,2.4589302245434E-7,-4.75358167888598E-9,143.4120178,143.804718,999.988037109375,999.988037109375,51.7313019167747,14.8835023739569,5.527248,0,0,0,200,4886,136.96395,999.988037109375,,,,,,,,,,,,,0,,,,3.74436165,,,,,,143.6083679,,,,
,50919137.85,143.24249265,999.988037109375,3.0812058703136E-7,9.59305049654222E-8,1,4.99626677034896,40.0298881530762,1.99951474390297,1.01999996695668,3.58475930926341E-6,2.80236888689705E-7,0.25,-2.85688983821986E-8,3.09807524665143E-7,-2.81502877033289E-8,143.0729675,143.4120178,999.988037109375,999.988037109375,52.3362823906594,14.8848408644714,5.154188,0,0,0,200,4886,136.4506,999.988037109375,,,,,,,,,,,,,0,,,,3.7630644,,,,,,143.24249265,,,,
,50919142.835,142.89362335,999.988037109375,3.3106229324109E-7,9.63975748448817E-8,1,4.99626677034896,40.0298881530762,1.9996083030516,1.01999996695668,3.44989389049779E-6,2.63613831837644E-6,0.25,1.73195593368192E-7,3.32498293304951E-7,1.74731291870442E-7,142.7142792,143.0729675,999.988037109375,999.988037109375,51.901696933967,14.8838102287791,5.527248,0,0,0,200,4886,135.97535,999.988037109375,,,,,,,,,,,,,0,,,,3.7630644,,,,,,142.89362335,,,,
,50919147.835,142.51151275,999.988037109375,2.04248907324252E-7,9.14378991182777E-8,1,4.99626677034896,40.0298881530762,1.99956393231631,1.01999996695668,2.22744808803657E-6,1.05086977680705E-6,0.25,5.65997477729724E-8,2.05229498157965E-7,5.72827927338613E-8,142.3087463,142.7142792,999.988037109375,999.988037109375,51.9071683336016,14.8830825112994,5.154188,0,0,0,200,4886,135.5153,999.988037109375,,,,,,,,,,,,,0,,,,3.7630644,,,,,,142.51151275,,,,
,50919152.825,142.12496945,999.988037109375,2.79566466866422E-7,9.83147464584422E-8,1,4.99626677034896,40.0298881530762,1.99953798777754,1.01999996695668,2.96199439345471E-6,1.94257990199945E-6,0.25,1.21496403088661E-7,2.80827254335388E-7,1.22669597064265E-7,141.9411926,142.3087463,999.988037109375,999.988037109375,52.4824469237556,14.8835168962808,5.527248,0,0,0,200,4886,135.0009,999.988037109375,,,,,,,,,,,,,0,,,,3.7630644,,,,,,142.12496945,,,,
,50919157.81,141.72901915,999.988037109375,2.28048041404503E-7,9.9594452427196E-8,1,4.99626677034896,40.0298881530762,1.99946947496051,1.01999996695668,2.34301200064727E-6,2.00896811053908E-6,0.25,1.36165745376494E-7,2.29007241463669E-7,1.37323779909138E-7,141.5168457,141.9411926,999.988037109375,999.988037109375,52.2190381127747,14.8807444605085,5.154188,0,0,0,200,4886,134.50735,999.988037109375,,,,,,,,,,,,,0,,,,3.74436165,,,,,,141.72901915,,,,
,50919162.81,141.3339615,999.988037109375,2.88114679657789E-7,9.12488975026494E-8,1,4.99626677034896,40.0298881530762,1.99959778043934,1.01999996695668,3.40074756309664E-6,-1.9342515491948E-8,0.25,-5.13011347204188E-8,2.89752054628698E-7,-5.10270436617476E-8,141.1510773,141.5168457,999.988037109375,999.988037109375,52.3276844769478,14.8833672780801,5.154188,0,0,0,200,4886,134.0146,999.988037109375,,,,,,,,,,,,,0,,,,3.7256589,,,,,,141.3339615,,,,
,50919167.805,140.96897125,999.988037109375,1.4869834181727E-7,9.94758203337109E-8,1,4.99626677034896,40.0298881530762,1.99956275929971,1.01999996695668,1.48087098600024E-6,1.58268759011789E-6,0.25,1.12592655126582E-7,1.4927858945799E-7,1.13479850725428E-7,140.7868652,141.1510773,999.988037109375,999.988037109375,51.8422931665055,14.8838071641384,5.527248,0,0,0,200,4886,133.50755,999.988037109375,,,,,,,,,,,,,0,,,,3.7256589,,,,,,140.96897125,,,,
,50919172.8,140.5527649,999.988037109375,3.22981622259805E-7,8.90664598794629E-8,1,4.99626677034896,40.0298881530762,1.99951721564611,1.01999996695668,3.78535613206435E-6,1.34354455658943E-7,0.25,-4.38913235593334E-8,3.2479749244687E-7,-4.3505014330537E-8,140.3186646,140.7868652,999.988037109375,999.988037109375,52.5934381734863,14.8819820682823,5.154188,0,0,0,200,4886,133.05055,999.988037109375,,,,,,,,,,,,,0,,,,3.74436165,,,,,,140.5527649,,,,
,50919177.82,140.13206485,999.988037109375,2.86969874811933E-7,9.27232844879434E-8,1,4.99626677034896,40.0298881530762,1.99954079860075,1.01999996695668,3.48391853842941E-6,-5.80553675510305E-7,0.25,-1.00118124885943E-7,2.88704582434266E-7,-1.00100285611116E-7,139.9454651,140.3186646,999.988037109375,999.988037109375,51.6468860366978,14.8862135069254,5.154188,0,0,0,200,4886,132.57015,999.988037109375,,,,,,,,,,,,,0,,,,3.74436165,,,,,,140.13206485,,,,
,50919182.86,139.7255707,999.988037109375,2.89881211683225E-7,9.22282315480819E-8,1,4.99626677034896,40.0298881530762,1.9995543528363,1.01999996695668,3.17317269018276E-6,1.42326848901495E-6,0.25,7.43477045570295E-8,2.91295449578791E-7,7.53119457429445E-8,139.5056763,139.9454651,999.988037109375,999.988037109375,51.9040418195247,14.8842705770587,5.154188,0,0,0,200,4886,132.0738,999.988037109375,,,,,,,,,,,,,0,,,,3.74436165,,,,,,139.7255707,,,,
,50919187.825,139.31159975,999.988037109375,4.03156036921924E-7,9.55758593232139E-8,1,4.99626677034896,40.0298881530762,1.99948177830546,1.01999996695668,4.34008800055004E-6,2.40267996503965E-6,0.25,1.40358753723297E-7,4.05052867913447E-7,1.41904261426113E-7,139.1175232,139.5056763,999.988037109375,999.988037109375,52.2151299701786,14.8822042053844,5.527248,0,0,0,200,4886,131.59635,999.988037109375,,,,,,,,,,,,,0,,,,3.74436165,,,,,,139.31159975,,,,
,50919192.785,138.8801346,999.988037109375,2.85919784118866E-7,9.49462768729753E-8,1,4.99626677034896,40.0298881530762,1.99952474388314,1.01999996695668,3.07943069762302E-6,1.6962248357498E-6,0.25,9.88575399925612E-8,2.87267838862788E-7,9.99540529424406E-8,138.642746,139.1175232,999.988037109375,999.988037109375,52.1463466604863,14.8821421119765,5.154188,0,0,0,200,4886,131.1184,999.988037109375,,,,,,,,,,,,,0,,,,3.7256589,,,,,,138.8801346,,,,
,50919197.79,138.4487915,999.988037109375,3.13309318922527E-7,1.02083124803791E-7,1,4.99626677034896,40.0298881530762,1.99959470839737,1.01999996695668,3.34727649144805E-6,2.01711292191174E-6,0.25,1.22147899225244E-7,3.14760704344371E-7,1.23428702428336E-7,138.254837,138.642746,999.988037109375,999.988037109375,52.2932928221017,14.8852568239883,5.527248,0,0,0,200,4886,130.6399,999.988037109375,,,,,,,,,,,,,0,,,,3.7256589,,,,,,138.4487915,,,,
,50919202.78,138.06010435,999.988037109375,3.66983581039668E-7,9.49547749643848E-8,1,4.99626677034896,40.0298881530762,1.99959145192563,1.01999996695668,4.39778206096596E-6,-4.06322737488121E-7,0.25,-9.87044581310395E-8,3.69166507665691E-7,-9.85074844759275E-8,137.8653717,138.254837,999.988037109375,999.988037109375,52.3097070210055,14.8852780917811,5.154188,0,0,0,200,4886,130.16085,999.988037109375,,,,,,,,,,,,,0,,,,3.7256589,,,,,,138.06010435,,,,
,50919207.78,137.6213684,999.988037109375,4.2445744853683E-7,9.99129719068764E-8,1,4.99626677034896,40.0298881530762,1.99961098508562,1.01999996695668,4.84300437742873E-6,9.44024350528701E-7,0.25,9.29165473062838E-9,4.26739983339355E-7,1.01927171452605E-8,137.3773651,137.8653717,999.988037109375,999.988037109375,52.2979825932171,14.8875963221364,5.527248,0,0,0,200,4886,129.6819,999.988037109375,,,,,,,,,,,,,0,,,,3.74436165,,,,,,137.6213684,,,,
,50919212.765,137.17134855,999.988037109375,4.20770938678923E-7,9.98008869934633E-8,1,4.99626677034896,40.0298881530762,1.9995205886133,1.01999996695668,4.68493810211808E-6,1.60805732208192E-6,0.25,6.79052086028589E-8,4.22919007284996E-7,6.91224584414395E-8,136.965332,137.3773651,999.988037109375,999.988037109375,51.7641303145824,14.8873058707066,5.154188,0,0,0,200,4886,129.1835,999.988037109375,,,,,,,,,,,,,0,,,,3.7630644,,,,,,137.17134855,,,,
,50919217.76,136.7636795,999.988037109375,2.94103528818392E-7,9.5692189746703E-8,1,4.99626677034896,40.0298881530762,1.99949360912516,1.01999996695668,2.98102039437166E-6,2.82747707879046E-6,0.25,1.9620441367086E-7,2.95304875439992E-7,1.97868165436409E-7,136.562027,136.965332,999.988037109375,999.988037109375,52.1416568893709,14.8828015788423,5.154188,0,0,0,200,4886,128.6865,999.988037109375,,,,,,,,,,,,,0,,,,3.74436165,,,,,,136.7636795,,,,
,50919222.79,136.3123474,999.988037109375,2.13244585874158E-7,9.15067153667081E-8,1,4.99626677034896,40.0298881530762,1.99942641024326,1.01999996695668,2.36054278056639E-6,8.94340127077566E-7,0.25,4.13428905657935E-8,2.14321926903602E-7,4.20031815056907E-8,136.0626678,136.562027,999.988037109375,999.988037109375,51.6765879204285,14.8807825377741,5.154188,0,0,0,200,4886,128.24175,999.988037109375,,,,,,,,,,,,,0,,,,3.74436165,,,,,,136.3123474,,,,
,50919227.77,135.86637875,999.988037109375,5.9963369319914E-8,8.6434062158638E-8,1,4.99626677034896,40.0298881530762,1.99950560512808,1.01999996695668,4.23226105034645E-7,1.6473649951787E-6,0.25,1.33504877209939E-7,6.00165344964776E-8,1.34356428506053E-7,135.6700897,136.0626678,999.988037109375,999.988037109375,52.8380879000056,14.8819803509673,5.527248,0,0,0,200,4886,127.76055,999.988037109375,,,,,,,,,,,,,0,,,,3.74436165,,,,,,135.86637875,,,,
,50919232.755,135.4512329,999.988037109375,2.47353686624087E-7,9.92774807347096E-8,1,4.99626677034896,40.0298881530762,1.9994474483148,1.01999996695668,2.45223535512621E-6,2.69637941985098E-6,0.25,1.92804886673432E-7,2.48307066293471E-7,1.94369331523617E-7,135.2323761,135.6700897,999.988037109375,999.988037109375,52.4511817829863,14.8842082036353,5.154188,0,0,0,200,4886,127.2624,999.988037109375,,,,,,,,,,,,,0,,,,3.7256589,,,,,,135.4512329,,,,
,50919237.78,134.9948654,999.988037109375,3.22621127636699E-7,9.52796568906116E-8,1,4.99626677034896,40.0298881530762,1.99960857916948,1.01999996695668,3.23628597512354E-6,3.29893193878353E-6,0.25,2.32416562411118E-7,3.23904216748094E-7,2.34358840716062E-7,134.7573547,135.2323761,999.988037109375,999.988037109375,52.1541629456786,14.8885601051559,5.527248,0,0,0,200,4886,126.81555,999.988037109375,,,,,,,,,,,,,0,,,,3.74436165,,,,,,134.9948654,,,,
,50919242.755,134.51868435,999.988037109375,2.91807807030626E-7,9.48313521774569E-8,1,4.99626677034896,40.0298881530762,1.99947650076148,1.01999996695668,3.18593732913178E-6,1.48163893095533E-6,0.25,7.90644336221221E-8,2.93242511620522E-7,8.01078041910244E-8,134.280014,134.7573547,999.988037109375,999.988037109375,51.6922204908132,14.8857312588026,5.154188,0,0,0,200,4886,126.33425,999.988037109375,,,,,,,,,,,,,0,,,,3.7630644,,,,,,134.51868435,,,,
,50919247.74,134.07368465,999.988037109375,1.990923392428E-7,9.58928489871879E-8,1,4.99626677034896,40.0298881530762,1.99952445406971,1.01999996695668,2.09033139588174E-6,1.49470156414639E-6,0.25,9.61815889915713E-8,1.9998342130712E-7,9.71283508618234E-8,133.8673553,134.280014,999.988037109375,999.988037109375,51.935306960294,14.8825896620866,5.527248,0,0,0,200,4886,125.8684,999.988037109375,,,,,,,,,,,,,0,,,,3.7630644,,,,,,134.07368465,,,,
,50919252.74,133.64175415,999.988037109375,2.75262840551437E-7,1.00579310309198E-7,1,4.99626677034896,40.0298881530762,1.99952721936051,1.01999996695668,2.80827444825543E-6,2.54103877381434E-6,0.25,1.74402322826456E-7,2.76407904002174E-7,1.75943555719562E-7,133.416153,133.8673553,999.988037109375,999.988037109375,52.0564593807747,14.8865979357913,5.527248,0,0,0,200,4886,125.42135,999.988037109375,,,,,,,,,,,,,0,,,,3.7630644,,,,,,133.64175415,,,,
,50919257.755,133.1944809,999.988037109375,1.38315403055282E-7,9.64292590284711E-8,1,4.99626677034896,40.0298881530762,1.99953857682418,1.01999996695668,1.32653867303289E-6,1.76739382339401E-6,0.25,1.30462284351268E-7,1.38799632072398E-7,1.31475184262431E-7,132.9728088,133.416153,999.988037109375,999.988037109375,52.4730673815248,14.882809053217,5.154188,0,0,0,200,4886,124.9387,999.988037109375,,,,,,,,,,,,,0,,,,3.74436165,,,,,,133.1944809,,,,
,50919262.75,132.7540512,999.988037109375,3.2975489588379E-7,8.74774650533642E-8,1,4.99626677034896,40.0298881530762,1.99955509618762,1.01999996695668,3.59998820258679E-6,1.67705646409618E-6,0.25,8.95592569521061E-8,3.31382034593665E-7,9.07593706149484E-8,132.5352936,132.9728088,999.988037109375,999.988037109375,52.0048718985055,14.886797361896,5.527248,0,0,0,200,4886,124.45535,999.988037109375,,,,,,,,,,,,,0,,,,3.7256589,,,,,,132.7540512,,,,
,50919267.725,132.31606295,999.988037109375,3.47801824842019E-7,9.35700515190027E-8,1,4.99626677034896,40.0298881530762,1.99945924847486,1.01999996695668,3.62431635750954E-6,2.76925036681014E-6,0.25,1.81810600383152E-7,3.49331370308695E-7,1.83564207260857E-7,132.0968323,132.5352936,999.988037109375,999.988037109375,52.4285145559286,14.883232912067,5.527248,0,0,0,200,4886,123.991,999.988037109375,,,,,,,,,,,,,0,,,,3.74436165,,,,,,132.31606295,,,,
,50919272.755,131.8412018,999.988037109375,2.07904319510862E-7,9.09397683122069E-8,1,4.99626677034896,40.0298881530762,1.99952879685675,1.01999996695668,2.11449908654217E-6,1.95735661199013E-6,0.25,1.3503836468159E-7,2.08761994223914E-7,1.3623608570008E-7,131.5855713,132.0968323,999.988037109375,999.988037109375,52.2424869683517,14.887326405255,5.527248,0,0,0,200,4886,123.54225,999.988037109375,,,,,,,,,,,,,0,,,,3.72584485,,,,,,131.8412018,,,,
,50919277.75,131.37158205,999.988037109375,3.32884742539374E-7,1.07867528641454E-7,1,4.99626677034896,40.0298881530762,1.9995683249888,1.01999996695668,3.65441864941468E-6,1.5759867187559E-6,0.25,8.01784191169723E-8,3.34554603900301E-7,8.13486220755038E-8,131.1575928,131.5855713,999.988037109375,999.988037109375,52.219819741294,14.8852050572171,5.527248,0,0,0,200,4886,123.0752,999.988037109375,,,,,,,,,,,,,0,,,,3.6886253,,,,,,131.37158205,,,,
,50919282.725,130.91856385,999.988037109375,1.65973244498603E-7,1.04406776205333E-7,1,4.99626677034896,40.0298881530762,1.99948091051385,1.01999996695668,1.57671133147012E-6,2.20771880351634E-6,0.25,1.64126456989472E-7,1.66534307078639E-7,1.65401417864466E-7,130.6795349,131.1575928,999.988037109375,999.988037109375,52.3909963870055,14.881951024815,5.154188,0,0,0,200,4886,122.6249,999.988037109375,,,,,,,,,,,,,0,,,,3.6886253,,,,,,130.91856385,,,,
,50919287.71,130.4847946,999.988037109375,1.85297828143714E-7,8.88246133334871E-8,1,4.99626677034896,40.0298881530762,1.99959003342989,1.01999996695668,2.09947427726284E-6,4.99156154344975E-7,0.25,1.1613674665278E-8,1.86301976312651E-7,1.20871197231852E-8,130.2900543,130.6795349,999.988037109375,999.988037109375,52.1572894597555,14.8865877921053,5.527248,0,0,0,200,4886,122.18335,999.988037109375,,,,,,,,,,,,,0,,,,3.7071421,,,,,,130.4847946,,,,
,50919292.705,130.03586575,999.988037109375,3.55705367279759E-7,8.8311126649263E-8,1,4.99626677034896,40.0298881530762,1.99958463030822,1.01999996695668,3.99450005203416E-6,1.16546104284033E-6,0.25,4.03838075944439E-8,3.57595347352176E-7,4.13982022120043E-8,129.7816772,130.2900543,999.988037109375,999.988037109375,52.1299324615824,14.8859255966501,5.154188,0,0,0,200,4886,121.7403,999.988037109375,,,,,,,,,,,,,0,,,,3.7071421,,,,,,130.03586575,,,,
,50919297.72,129.5721893,999.988037109375,2.31648888072243E-7,9.92397188417726E-8,1,4.99626677034896,40.0298881530762,1.9994312000446,1.01999996695668,2.5703181311745E-6,9.37910793689351E-7,0.25,4.19219373970152E-8,2.32846235116178E-7,4.26732156071271E-8,129.3627014,129.7816772,999.988037109375,999.988037109375,52.1963708857171,14.8834005730316,5.154188,0,0,0,200,4886,121.25465,999.988037109375,,,,,,,,,,,,,0,,,,3.7071421,,,,,,129.5721893,,,,
,50919302.76,129.15299225,999.988037109375,4.03991074072048E-7,9.06424411653938E-8,1,4.99626677034896,40.0298881530762,1.99951587132821,1.01999996695668,4.55108076458755E-6,1.23995098604443E-6,0.25,3.85472354935408E-8,4.06158526652154E-7,3.96710521428461E-8,128.9432831,129.3627014,999.988037109375,999.988037109375,52.3276844769478,14.8865447620663,5.154188,0,0,0,200,4886,120.7697,999.988037109375,,,,,,,,,,,,,0,,,,3.7071421,,,,,,129.15299225,,,,
,50919307.765,128.681221,999.988037109375,3.07010029768653E-7,9.92305603045906E-8,1,4.99626677034896,40.0298881530762,1.99949762818874,1.01999996695668,3.14297228452977E-6,2.77108254401452E-6,0.25,1.88955879329983E-7,3.08298178967324E-7,1.90706361711311E-7,128.4191589,128.9432831,999.988037109375,999.988037109375,52.2729704806017,14.8832216246771,5.527248,0,0,0,200,4886,120.35075,999.988037109375,,,,,,,,,,,,,0,,,,3.7071421,,,,,,128.681221,,,,
,50919312.73,128.2132034,999.988037109375,3.17694203535523E-7,9.28063840472423E-8,1,4.99626677034896,40.0298881530762,1.99943827015984,1.01999996695668,3.51771803764081E-6,1.3292237880478E-6,0.25,6.12261659631824E-8,3.19332762690684E-7,6.22918618665454E-8,128.0072479,128.4191589,999.988037109375,999.988037109375,51.962663958467,14.885080475098,5.154188,0,0,0,200,4886,119.91505,999.988037109375,,,,,,,,,,,,,0,,,,3.7256589,,,,,,128.2132034,,,,
,50919317.71,127.7638092,999.988037109375,2.54524423524238E-7,9.88178777734048E-8,1,4.99626677034896,40.0298881530762,1.99944804379819,1.01999996695668,2.65228875337768E-6,2.02672826395587E-6,0.25,1.33020762809738E-7,2.5564603027534E-7,1.3434907742519E-7,127.5203705,128.0072479,999.988037109375,999.988037109375,52.4652510963325,14.8830089648956,5.154188,0,0,0,200,4886,119.4634,999.988037109375,,,,,,,,,,,,,0,,,,3.74436165,,,,,,127.7638092,,,,
,50919322.705,127.31453325,999.988037109375,1.71394031474165E-7,9.03435343555026E-8,1,4.99626677034896,40.0298881530762,1.99959734422224,1.01999996695668,1.65483014949287E-6,2.12566504191647E-6,0.25,1.55989721264281E-7,1.71996052485509E-7,1.57260031766345E-7,127.108696,127.5203705,999.988037109375,999.988037109375,52.1658873734671,14.8854611826444,5.154188,0,0,0,200,4886,118.99225,999.988037109375,,,,,,,,,,,,,0,,,,3.7630644,,,,,,127.31453325,,,,
,50919327.71,126.85940555,999.988037109375,4.59570604339169E-7,9.04834392191077E-8,1,4.99626677034896,40.0298881530762,1.99946362442081,1.01999996695668,4.86649389995443E-6,3.21066257004521E-6,0.25,2.00979767921238E-7,4.61686104944451E-7,2.03175043692752E-7,126.6101151,127.108696,999.988037109375,999.988037109375,52.3558231036401,14.8856861855008,5.154188,0,0,0,200,4886,118.5377,999.988037109375,,,,,,,,,,,,,0,,,,3.74436165,,,,,,126.85940555,,,,
,50919332.695,126.40980915,999.988037109375,3.26164702482073E-7,1.05656862289834E-7,1,4.99626677034896,40.0298881530762,1.99951004236318,1.01999996695668,3.56624655364038E-6,1.62800454610818E-6,0.25,8.5823727732269E-8,3.27799125699812E-7,8.70676837178397E-8,126.2095032,126.6101151,999.988037109375,999.988037109375,52.2878214224671,14.8835759675613,5.527248,0,0,0,200,4886,118.1184,999.988037109375,,,,,,,,,,,,,0,,,,3.74436165,,,,,,126.40980915,,,,
,50919337.675,125.99840545,999.988037109375,3.36899072656741E-7,9.46759975468536E-8,1,4.99626677034896,40.0298881530762,1.99945846790989,1.01999996695668,3.71192505947846E-6,1.51709619960599E-6,0.25,7.42856135187732E-8,3.38621752385117E-7,7.54950414640466E-8,125.7873077,126.2095032,999.988037109375,999.988037109375,52.4597796966979,14.8844653666304,5.154188,0,0,0,200,4886,117.6813,999.988037109375,,,,,,,,,,,,,0,,,,3.7630644,,,,,,125.99840545,,,,
,50919357.36,124.1597977,999.988037109375,,,2,,,,1.03600017032027,,,,,,,124.1597977,124.1597977,999.988037109375,999.988037109375,,,5.154188,,,,-99999999,4886,115.9114,999.988037109375,,,,,,,,,,,,,,,,,,,,,,,124.1597977,,,,
touchdown = -4.86999982967973 mm,50919387.825,121.4299622,999.988037109375,2.01898456994864E-7,9.39034956372552E-8,1,4.99626677034896,40.0298881530762,1.97589894060841,1.01999996695668,2.24267031070454E-6,6.49580345441965E-7,0.25,2.24644202850161E-8,2.0299213873282E-7,2.30979220144122E-8,121.4299622,121.4299622,999.988037109375,999.988037109375,51.9845495570055,14.8878661512779,5.154188,0,0,0,200,4886,113.2774,999.988037109375,,,,,,,,,,,,,0,,,,3.6886253,,,,,,121.4299622,,,,
,50919389.005,121.33121495,999.988037109375,3.47126249628717E-7,8.72399635541889E-8,1,4.99626677034896,40.0298881530762,1.97590243262688,1.01999996695668,3.4080642182528E-6,3.70801030982291E-6,0.25,2.67409227860792E-7,3.48433151547974E-7,2.69803106068892E-7,121.2324677,121.4299622,999.988037109375,999.988037109375,52.2065320564671,14.8867804964897,5.527248,0,0,0,200,4886,113.17735,999.988037109375,,,,,,,,,,,,,0,,,,3.6886253,,,,,,121.33121495,,,,
,50919392.63,121.0148354,999.988037109375,3.53175532678529E-7,9.79444444724242E-8,1,4.99626677034896,40.0298881530762,1.97576500486983,1.01999996695668,3.96475113019515E-6,8.9349281049587E-7,0.25,1.78574274725021E-8,3.5514375254176E-7,1.88493081008822E-8,120.7972031,121.2324677,999.988037109375,999.988037109375,51.8211891964863,14.8828624951774,5.527248,0,0,0,200,4886,112.8471,999.988037109375,,,,,,,,,,,,,0,,,,3.7071421,,,,,,121.0148354,,,,
,50919397.63,120.5627251,999.988037109375,2.92281880129209E-7,9.39264362139819E-8,1,4.99626677034896,40.0298881530762,1.97592234828119,1.01999996695668,3.06645654072307E-6,1.98319402470413E-6,0.25,1.24583803331648E-7,2.93633460861212E-7,1.26036222501351E-7,120.3282471,120.7972031,999.988037109375,999.988037109375,52.2886030509863,14.886342627801,5.527248,0,0,0,200,4886,112.40295,999.988037109375,,,,,,,,,,,,,0,,,,3.7256589,,,,,,120.5627251,,,,
,50919402.645,120.08247375,999.988037109375,2.6113111066634E-7,9.8349902894164E-8,1,4.99626677034896,40.0298881530762,1.97595774760597,1.01999996695668,3.05923266029832E-6,-7.67182275369559E-8,0.25,-5.19131366966024E-8,2.62755226608632E-7,-5.154278560315E-8,119.8367004,120.3282471,999.988037109375,999.988037109375,51.7883607986786,14.887512969036,5.527248,0,0,0,200,4886,111.9745,999.988037109375,,,,,,,,,,,,,0,,,,3.7071421,,,,,,120.08247375,,,,
,50919407.645,119.62870785,999.988037109375,2.33914520137469E-7,1.04692851373441E-7,1,4.99626677034896,40.0298881530762,1.97591812516416,1.01999996695668,2.39063663360255E-6,1.9541768837749E-6,0.25,1.32101639093252E-7,2.34912261271614E-7,1.33458184924083E-7,119.4207153,119.8367004,999.988037109375,999.988037109375,52.1322773471401,14.8901737357298,5.527248,0,0,0,200,4886,111.5445,999.988037109375,,,,,,,,,,,,,0,,,,3.6886253,,,,,,119.62870785,,,,
,50919412.62,119.2160339,999.988037109375,2.9860574547481E-7,9.97798661286431E-8,1,4.99626677034896,40.0298881530762,1.97595868650668,1.01999996695668,3.14095447799773E-6,1.97919338579992E-6,0.25,1.23117848307707E-7,2.99995563107801E-7,1.24594913544168E-7,119.0113525,119.4207153,999.988037109375,999.988037109375,52.0220677259286,14.88544913402,5.527248,0,0,0,200,4886,111.11495,999.988037109375,,,,,,,,,,,,,0,,,,3.7071421,,,,,,119.2160339,,,,
,50919417.61,118.7697601,999.988037109375,4.35059722434478E-7,9.55505674405852E-8,1,4.99626677034896,40.0298881530762,1.97590670546808,1.01999996695668,5.02006778219939E-6,3.16291353386011E-7,0.25,-4.730107526717E-8,4.37674204704275E-7,-4.64390346321947E-8,118.5281677,119.0113525,999.988037109375,999.988037109375,51.914984618794,14.8863719971407,5.527248,0,0,0,200,4886,110.7056,999.988037109375,,,,,,,,,,,,,0,,,,3.7071421,,,,,,118.7697601,,,,
,50919422.6,118.3007736,999.988037109375,2.29865799699391E-7,9.68539734198039E-8,1,4.99626677034896,40.0298881530762,1.97583117299372,1.01999996695668,2.80041093470804E-6,-6.89377970819862E-7,0.25,-1.00620358611357E-7,2.31447057506118E-7,-1.00594615608071E-7,118.0733795,118.5281677,999.988037109375,999.988037109375,52.1760485442171,14.8887892106231,5.527248,0,0,0,200,4886,110.2872,999.988037109375,,,,,,,,,,,,,0,,,,3.7071421,,,,,,118.3007736,,,,
,50919427.625,117.8373451,999.988037109375,2.67303420317163E-7,9.93922061325286E-8,1,4.99626677034896,40.0298881530762,1.97590607840706,1.01999996695668,2.76636516214421E-6,2.03325225992549E-6,0.25,1.332922212729E-7,2.68485112389752E-7,1.34762214103149E-7,117.6013107,118.0733795,999.988037109375,999.988037109375,51.9806414144093,14.8865592467365,5.154188,0,0,0,200,4886,109.8541,999.988037109375,,,,,,,,,,,,,0,,,,3.7071421,,,,,,117.8373451,,,,
,50919432.645,117.3670349,999.988037109375,2.48729490715124E-7,9.25349546508784E-8,1,4.99626677034896,40.0298881530762,1.97586284528623,1.01999996695668,2.48105920298372E-6,2.42971181962822E-6,0.25,1.71508796583702E-7,2.49702134761786E-7,1.73154166517286E-7,117.1327591,117.6013107,999.988037109375,999.988037109375,52.3784903306978,14.8889206029762,5.154188,0,0,0,200,4886,109.441,999.988037109375,,,,,,,,,,,,,0,,,,3.6886253,,,,,,117.3670349,,,,
,50919437.595,116.92185595,999.988037109375,2.61936208276868E-7,9.24423503822008E-8,1,4.99626677034896,40.0298881530762,1.9758487400158,1.01999996695668,2.74119061135765E-6,1.81621371784984E-6,0.25,1.15051875723875E-7,2.63133529029449E-7,1.1641346359171E-7,116.7109528,117.1327591,999.988037109375,999.988037109375,51.698473518967,14.8874090072309,5.154188,0,0,0,200,4886,109.0001,999.988037109375,,,,,,,,,,,,,0,,,,3.6886253,,,,,,116.92185595,,,,
,50919442.585,116.5069046,999.988037109375,1.84317062003273E-7,9.03114481916658E-8,1,4.99626677034896,40.0298881530762,1.97579742088597,1.01999996695668,1.82405584346607E-6,1.8836487291727E-6,0.25,1.34433590654304E-7,1.85014517324949E-7,1.35702872285016E-7,116.3028564,116.7109528,999.988037109375,999.988037109375,51.6898756052555,14.8860089861005,5.527248,0,0,0,200,4886,108.54945,999.988037109375,,,,,,,,,,,,,0,,,,3.6886253,,,,,,116.5069046,,,,
,50919447.6,116.06953045,999.988037109375,2.89247046068902E-7,9.16662525766891E-8,1,4.99626677034896,40.0298881530762,1.97581034757081,1.01999996695668,3.40675502410852E-6,-1.89776646368332E-7,0.25,-6.68028455292112E-8,2.91092088241045E-7,-6.64030666614217E-8,115.8362045,116.3028564,999.988037109375,999.988037109375,51.6429778941016,14.8884954931986,5.527248,0,0,0,200,4886,108.15125,999.988037109375,,,,,,,,,,,,,0,,,,3.7071421,,,,,,116.06953045,,,,
,50919452.585,115.5917053,999.988037109375,3.20005780981239E-7,9.19676239173467E-8,1,4.99626677034896,40.0298881530762,1.97577791974223,1.01999996695668,3.44446397048222E-6,1.66555434035495E-6,0.25,9.16908527129429E-8,3.21597772399835E-7,9.30922463962522E-8,115.3472061,115.8362045,999.988037109375,999.988037109375,51.8360401383516,14.8887794883904,5.527248,0,0,0,200,4886,107.716,999.988037109375,,,,,,,,,,,,,0,,,,3.7256589,,,,,,115.5917053,,,,
,50919457.57,115.1529617,999.988037109375,1.49770025456419E-7,9.72892219128978E-8,1,4.99626677034896,40.0298881530762,1.97579568627537,1.01999996695668,1.24354560705726E-6,2.90910467497975E-6,0.25,2.3094667068342E-7,1.49997518746947E-7,2.32688744815415E-7,114.9587173,115.3472061,999.988037109375,999.988037109375,52.1932443716401,14.8856986408674,5.527248,0,0,0,200,4886,107.25325,999.988037109375,,,,,,,,,,,,,0,,,,3.7256589,,,,,,115.1529617,,,,
,50919462.56,114.70509335,999.988037109375,2.69129187318738E-7,9.81753013870844E-8,1,4.99626677034896,40.0298881530762,1.9757175261679,1.01999996695668,3.04500011904808E-6,5.44128749989934E-7,0.25,1.46561720394303E-9,2.70676188437679E-7,2.21920378813499E-9,114.4514694,114.9587173,999.988037109375,999.988037109375,52.067402180044,14.889026929066,5.527248,0,0,0,200,4886,106.83815,999.988037109375,,,,,,,,,,,,,0,,,,3.7256589,,,,,,114.70509335,,,,
,50919467.56,114.25198365,999.988037109375,2.46405371073908E-7,9.44446883895382E-8,1,4.99626677034896,40.0298881530762,1.97576617185083,1.01999996695668,2.49607137862611E-6,2.18450510116476E-6,0.25,1.50235707003233E-7,2.47407598097048E-7,1.51788892626277E-7,114.0524979,114.4514694,999.988037109375,999.988037109375,52.2878214224671,14.8869867409291,5.154188,0,0,0,200,4886,106.4275,999.988037109375,,,,,,,,,,,,,0,,,,3.6888095,,,,,,114.25198365,,,,
,50919472.575,113.80838395,999.988037109375,1.83399866992036E-7,9.65013137923927E-8,1,4.99626677034896,40.0298881530762,1.9757728960885,1.01999996695668,1.96438632549735E-6,1.01034929857941E-6,0.25,5.74617658100169E-8,1.84296680150995E-7,5.83081483292137E-8,113.56427,114.0524979,999.988037109375,999.988037109375,51.6203106670439,14.8865092368248,5.527248,0,0,0,200,4886,105.99065,999.988037109375,,,,,,,,,,,,,0,,,,3.6888095,,,,,,113.80838395,,,,
,50919477.575,113.33172605,999.988037109375,2.05012772958217E-7,1.03578633557446E-7,1,4.99626677034896,40.0298881530762,1.9757156460852,1.01999996695668,2.44282754266973E-6,-2.97275487278508E-7,0.25,-6.17458858817574E-8,2.06370859134655E-7,-6.15227067688303E-8,113.0991821,113.56427,999.988037109375,999.988037109375,52.1455650319671,14.8892793073629,5.527248,0,0,0,200,4886,105.5595,999.988037109375,,,,,,,,,,,,,0,,,,3.7071421,,,,,,113.33172605,,,,
,50919482.57,112.9066391,999.988037109375,2.85239852304331E-7,9.13758009250167E-8,1,4.99626677034896,40.0298881530762,1.97572815293367,1.01999996695668,3.03714499049215E-6,1.67504675875845E-6,0.25,9.85146168618494E-8,2.86606691379017E-7,9.98955670009099E-8,112.7140961,113.0991821,999.988037109375,999.988037109375,52.3816168447748,14.8884638673471,5.527248,0,0,0,200,4886,105.1441,999.988037109375,,,,,,,,,,,,,0,,,,3.6886253,,,,,,112.9066391,,,,
,50919487.565,112.4739418,999.988037109375,3.87680752028918E-7,9.66605426363329E-8,1,4.99626677034896,40.0298881530762,1.9757128343675,1.01999996695668,4.17754023559582E-6,1.98966450114075E-6,0.25,1.08549794738947E-7,3.89608873728735E-7,1.10288819503269E-7,112.2337875,112.7140961,999.988037109375,999.988037109375,52.0259758685247,14.8875463859703,5.527248,0,0,0,200,4886,104.69205,999.988037109375,,,,,,,,,,,,,0,,,,3.6886253,,,,,,112.4739418,,,,
,50919492.565,112.0189514,999.988037109375,3.13760426034666E-7,9.73863689523374E-8,1,4.99626677034896,40.0298881530762,1.97571186209009,1.01999996695668,3.35973017952298E-6,1.73298222430962E-6,0.25,9.86798795763561E-8,3.15288543155366E-7,1.00156545118235E-7,111.8041153,112.2337875,999.988037109375,999.988037109375,52.2034055423901,14.8880189125762,5.154188,0,0,0,200,4886,104.26505,999.988037109375,,,,,,,,,,,,,0,,,,3.6702927,,,,,,112.0189514,,,,
,50919497.57,111.5643959,999.988037109375,3.07501768526722E-7,9.95184474741134E-8,1,4.99626677034896,40.0298881530762,1.97577845008805,1.01999996695668,3.27370064211431E-6,1.80875450760732E-6,0.25,1.0644340726597E-7,3.08969888736214E-7,1.07953285090795E-7,111.3246765,111.8041153,999.988037109375,999.988037109375,52.301109107294,14.8847601919575,5.154188,0,0,0,200,4886,103.8533,999.988037109375,,,,,,,,,,,,,0,,,,3.6702927,,,,,,111.5643959,,,,
,50919502.595,111.1035118,999.988037109375,3.19049967477655E-7,9.69557500475175E-8,1,4.99626677034896,40.0298881530762,1.97583964373487,1.01999996695668,3.6385641754895E-6,4.80810857011211E-7,0.25,-1.28207915578885E-8,3.2093262767971E-7,-1.19599521467805E-8,110.8823471,111.3246765,999.988037109375,999.988037109375,51.5648150421785,14.8902780911023,5.154188,0,0,0,200,4886,103.4157,999.988037109375,,,,,,,,,,,,,0,,,,3.6886253,,,,,,111.1035118,,,,
,50919507.58,110.67934035,999.988037109375,2.20083254687204E-7,9.72021505765815E-8,1,4.99626677034896,40.0298881530762,1.97575471869499,1.01999996695668,2.17051624364515E-6,2.28986947559556E-6,0.25,1.64061886018304E-7,2.20872074489343E-7,1.65660385479377E-7,110.4763336,110.8823471,999.988037109375,999.988037109375,52.1346222326978,14.8859929734386,5.527248,0,0,0,200,4886,103.0004,999.988037109375,,,,,,,,,,,,,0,,,,3.6702927,,,,,,110.67934035,,,,
,50919512.57,110.251667,999.988037109375,3.92590985231967E-7,1.0134154178813E-7,1,4.99626677034896,40.0298881530762,1.97577792788662,1.01999996695668,4.20528185445631E-6,2.16038587069891E-6,0.25,1.22727838371764E-7,3.94497041436035E-7,1.24605209369566E-7,110.0270004,110.4763336,999.988037109375,999.988037109375,52.2143483416594,14.8896683259916,5.527248,0,0,0,200,4886,102.5583,999.988037109375,,,,,,,,,,,,,0,,,,3.6519601,,,,,,110.251667,,,,
,50919517.57,109.80205535,999.988037109375,3.99397054012408E-7,9.93675858135239E-8,1,4.99626677034896,40.0298881530762,1.975766248993,1.01999996695668,4.53127925880318E-6,7.3723032394041E-7,0.25,-4.12311364184141E-9,4.01720425452041E-7,-2.95108006994231E-9,109.5771103,110.0270004,999.988037109375,999.988037109375,51.9056050765632,14.8861205023668,5.527248,0,0,0,200,4886,102.1568,999.988037109375,,,,,,,,,,,,,0,,,,3.6702927,,,,,,109.80205535,,,,
,50919522.525,109.3597908,999.988037109375,2.36651713430169E-7,8.71868327021039E-8,1,4.99626677034896,40.0298881530762,1.97575549460227,1.01999996695668,2.31506696608091E-6,2.57032757036796E-6,0.25,1.85941719261056E-7,2.37460766345828E-7,1.8773135322839E-7,109.1424713,109.5771103,999.988037109375,999.988037109375,52.1721404016209,14.8857008284323,5.527248,0,0,0,200,4886,101.75885,999.988037109375,,,,,,,,,,,,,0,,,,3.6702927,,,,,,109.3597908,,,,
,50919527.535,108.89939115,999.988037109375,2.3500784059411E-7,9.65279428076829E-8,1,4.99626677034896,40.0298881530762,1.97573136351418,1.01999996695668,2.59465873788502E-6,8.46435660051153E-7,0.25,3.40014256308212E-8,2.36264703053065E-7,3.49123360803361E-8,108.656311,109.1424713,999.988037109375,999.988037109375,51.6828409485824,14.8866881132071,5.527248,0,0,0,200,4886,101.3056,999.988037109375,,,,,,,,,,,,,0,,,,3.6519601,,,,,,108.89939115,,,,
,50919532.54,108.42056275,999.988037109375,3.51471786098493E-7,9.97510864491929E-8,1,4.99626677034896,40.0298881530762,1.97577718743907,1.01999996695668,3.75793881033441E-6,1.97332363073249E-6,0.25,1.13306634622427E-7,3.53159837989043E-7,1.15038188848533E-7,108.1848145,108.656311,999.988037109375,999.988037109375,51.7688200856978,14.8871253859078,5.527248,0,0,0,200,4886,100.901,999.988037109375,,,,,,,,,,,,,0,,,,3.6702927,,,,,,108.42056275,,,,
,50919537.53,107.98233035,999.988037109375,4.4537877282416E-7,1.02015802705589E-7,1,4.99626677034896,40.0298881530762,1.97563569657508,1.01999996695668,4.65867113589044E-6,3.094132267242E-6,0.25,1.96001917954205E-7,4.47352794069386E-7,1.98509832284716E-7,107.7798462,108.1848145,999.988037109375,999.988037109375,51.6054597251785,14.8888333184536,5.527248,0,0,0,200,4886,100.47265,999.988037109375,,,,,,,,,,,,,0,,,,3.6886253,,,,,,107.98233035,,,,
,50919542.56,107.5734482,999.988037109375,2.8686759606177E-7,9.84578502097993E-8,1,4.99626677034896,40.0298881530762,1.97581402618268,1.01999996695668,3.22987270965056E-6,6.72582988193134E-7,0.25,9.63756809335818E-9,2.88497832276556E-7,1.05849460102312E-8,107.3670502,107.7798462,999.988037109375,999.988037109375,51.9947107277555,14.8893810541233,5.527248,0,0,0,200,4886,100.01885,999.988037109375,,,,,,,,,,,,,0,,,,3.6702927,,,,,,107.5734482,,,,
,50919547.545,107.1277504,999.988037109375,2.47611891020839E-7,1.01607477762955E-7,1,4.99626677034896,40.0298881530762,1.97579020139919,1.01999996695668,2.49409008919144E-6,2.27417770156484E-6,0.25,1.57863090999275E-7,2.48550773157849E-7,1.59551791591349E-7,106.8884506,107.3670502,999.988037109375,999.988037109375,51.9142029902747,14.8860556945691,5.527248,0,0,0,200,4886,99.6175,999.988037109375,,,,,,,,,,,,,0,,,,3.6519601,,,,,,107.1277504,,,,
,50919552.54,106.651783,999.988037109375,2.580111373726E-7,1.00440786957446E-7,1,4.99626677034896,40.0298881530762,1.97579624843295,1.01999996695668,2.47351077613196E-6,3.09191676596522E-6,0.25,2.28260396924087E-7,2.58784337732478E-7,2.30395210546964E-7,106.4151154,106.8884506,999.988037109375,999.988037109375,51.8063382546209,14.8885183456839,5.154188,0,0,0,200,4886,99.1893,999.988037109375,,,,,,,,,,,,,0,,,,3.6702927,,,,,,106.651783,,,,
,50919560.03,105.9925919,999.988037109375,1.14031193011712E-7,9.69558565953734E-8,1,4.99626677034896,40.0298881530762,1.97578572706106,1.01999996695668,9.06615921792247E-7,2.44153170503724E-6,0.25,1.95806478322823E-7,1.1406615907301E-7,1.97303095903482E-7,105.5700684,106.4151154,999.988037109375,999.988037109375,52.0173779548132,14.8888641645704,5.154188,0,0,0,200,4886,98.54885,999.988037109375,,,,,,,,,,,,,0,,,,3.6702927,,,,,,105.9925919,,,,
,50919567.48,105.3455849,999.988037109375,2.83768149147202E-7,9.53903006606285E-8,1,4.99626677034896,40.0298881530762,1.97583027079342,1.01999996695668,2.71172592724233E-6,3.44981381698685E-6,0.25,2.55373860248189E-7,2.8458529250768E-7,2.57766201799071E-7,105.1211014,105.5700684,999.988037109375,999.988037109375,52.3331558765825,14.8917310837816,5.154188,0,0,0,200,4886,97.93285,999.988037109375,,,,,,,,,,,,,0,,,,3.63380955,,,,,,105.3455849,,,,
,50919572.52,104.8709221,999.988037109375,2.47457206434843E-7,1.02342916316255E-7,1,4.99626677034896,40.0298881530762,1.97577033277202,1.01999996695668,2.1783058814282E-6,4.08156121652179E-6,0.25,3.1746561074895E-7,2.47856010823983E-7,3.20105621853153E-7,104.6207428,105.1211014,999.988037109375,999.988037109375,52.3097070210055,14.8887861165055,5.154188,0,0,0,200,4886,97.5164,999.988037109375,,,,,,,,,,,,,0,,,,3.63380955,,,,,,104.8709221,,,,
,50919577.54,104.43325805,999.988037109375,2.69575821744081E-7,9.41832722982876E-8,1,4.99626677034896,40.0298881530762,1.97556000217332,1.01999996695668,2.8553631594625E-6,1.66540572725697E-6,0.25,1.00279150972816E-7,2.70805299031838E-7,1.01741913853352E-7,104.2457733,104.6207428,999.988037109375,999.988037109375,52.0580226378132,14.8830509891904,5.527248,0,0,0,200,4886,97.0881,999.988037109375,,,,,,,,,,,,,0,,,,3.6702927,,,,,,104.43325805,,,,
,50919596.95,102.6921539,999.988037109375,,,2,,,,1.03600017032027,,,,,,,102.6921539,102.6921539,999.988037109375,999.988037109375,,,5.527248,,,,-99999999,4886,95.4665,999.988037109375,,,,,,,,,,,,,,,,,,,,,,,102.6921539,,,,
touchdown = -4.86999982967973 mm,50919625.43,100.1689377,999.988037109375,2.49111404936708E-7,9.27328407295178E-8,1,4.99626677034896,40.0298881530762,1.9992351684637,1.01999996695668,2.60255330648277E-6,1.93505229488458E-6,0.25,1.25663469332667E-7,2.50098209790272E-7,1.27265026210015E-7,100.1689377,100.1689377,999.988037109375,999.988037109375,51.6758062919093,14.8835167932084,5.527248,0,0,0,200,4886,93.0767,999.988037109375,,,,,,,,,,,,,0,,,,3.6519601,,,,,,100.1689377,,,,
,50919627.71,99.95947265,999.988037109375,3.02589397702984E-7,9.59717058439807E-8,1,4.99626677034896,40.0298881530762,1.99923403098276,1.01999996695668,3.24096384034533E-6,1.89183956965648E-6,0.25,1.12588815628235E-7,3.03927111343693E-7,1.1430799999298E-7,99.7500076,100.1689377,999.988037109375,999.988037109375,52.2229462553709,14.8885540566892,5.154188,0,0,0,200,4886,92.875,999.988037109375,,,,,,,,,,,,,0,,,,3.63380955,,,,,,99.95947265,,,,
,50919632.445,99.5366058,999.988037109375,2.65180559597939E-7,9.03053302590182E-8,1,4.99626677034896,40.0298881530762,1.99928168577231,1.01999996695668,3.08983038824062E-6,2.23131227050177E-7,0.25,-2.66323071901736E-8,2.66796258721878E-7,-2.58371647615731E-8,99.323204,99.7500076,999.988037109375,999.988037109375,52.1088284915632,14.8871357712058,5.527248,0,0,0,200,4886,92.45785,999.988037109375,,,,,,,,,,,,,0,,,,3.63380955,,,,,,99.5366058,,,,
,50919637.44,99.095005,999.988037109375,8.85342481300622E-8,1.03103256239765E-7,1,4.99626677034896,40.0298881530762,1.99938987306927,1.01999996695668,1.08284442838426E-6,-2.19927050834691E-7,0.25,-3.46031736295851E-8,8.91660158433809E-8,-3.44823460163425E-8,98.866806,99.323204,999.988037109375,999.988037109375,52.2268543979671,14.8852352608712,5.154188,0,0,0,200,4886,92.0408,999.988037109375,,,,,,,,,,,,,0,,,,3.6519601,,,,,,99.095005,,,,
,50919642.445,98.6404419,999.988037109375,3.79408456110097E-7,9.28887708547608E-8,1,4.99626677034896,40.0298881530762,1.99924430649868,1.01999996695668,3.80753685175134E-6,3.84376920216484E-6,0.25,2.69657308427036E-7,3.8059992977299E-7,2.72578090597565E-7,98.4140778,98.866806,999.988037109375,999.988037109375,52.148691546044,14.8853932087617,5.154188,0,0,0,200,4886,91.6366,999.988037109375,,,,,,,,,,,,,0,,,,3.6519601,,,,,,98.6404419,,,,
,50919647.45,98.1806984,999.988037109375,2.55699283304377E-7,1.05661526978958E-7,1,4.99626677034896,40.0298881530762,1.99937558493887,1.01999996695668,2.98989021867461E-6,1.552159319396E-7,0.25,-3.09370047631695E-8,2.57273814153561E-7,-3.01775382906276E-8,97.947319,98.4140778,999.988037109375,999.988037109375,52.4238247848132,14.8854236274504,5.527248,0,0,0,200,4886,91.2182,999.988037109375,,,,,,,,,,,,,0,,,,3.6519601,,,,,,98.1806984,,,,
,50919652.46,97.7259445,999.988037109375,1.62520743397022E-7,9.77860291760048E-8,1,4.99626677034896,40.0298881530762,1.99934843199496,1.01999996695668,1.69990558696024E-6,1.25030664749906E-6,0.25,8.0898688578686E-8,1.6314982221413E-7,8.196028016024E-8,97.50457,97.947319,999.988037109375,999.988037109375,52.1471282890055,14.8903548177885,5.154188,0,0,0,200,4886,90.8136,999.988037109375,,,,,,,,,,,,,0,,,,3.6519601,,,,,,97.7259445,,,,
,50919657.46,97.30603025,999.988037109375,3.54621133258654E-7,1.0705134129365E-7,1,4.99626677034896,40.0298881530762,1.99933719508765,1.01999996695668,3.92922020517024E-6,1.46341594632676E-6,0.25,6.60687669296411E-8,3.56396131699577E-7,6.77652869507974E-8,97.1074905,97.50457,999.988037109375,999.988037109375,52.2768786231978,14.8872024680546,5.527248,0,0,0,200,4886,90.3822,999.988037109375,,,,,,,,,,,,,0,,,,3.6519601,,,,,,97.30603025,,,,
,50919662.43,96.87720105,999.988037109375,3.28915086895536E-7,1.12235360424756E-7,1,4.99626677034896,40.0298881530762,1.99930508778648,1.01999996695668,3.52545351955799E-6,2.03989445084229E-6,0.25,1.20879194458997E-7,3.30332914002395E-7,1.22801511991906E-7,96.6469116,97.1074905,999.988037109375,999.988037109375,51.9157662473132,14.888714354885,5.527248,0,0,0,200,4886,89.96345,999.988037109375,,,,,,,,,,,,,0,,,,3.6519601,,,,,,96.87720105,,,,
,50919667.43,96.4499359,999.988037109375,2.50794092616268E-7,9.75983867172527E-8,1,4.99626677034896,40.0298881530762,1.99929152653485,1.01999996695668,2.6708206663364E-6,1.65428177627104E-6,0.25,1.00799443633445E-7,2.51837264620411E-7,1.02321231860113E-7,96.2529602,96.6469116,999.988037109375,999.988037109375,52.4316410700055,14.8869865659792,5.527248,0,0,0,200,4886,89.5445,999.988037109375,,,,,,,,,,,,,0,,,,3.63380955,,,,,,96.4499359,,,,
,50919672.43,96.01338575,999.988037109375,9.55493924304174E-8,1.01779987944752E-7,1,4.99626677034896,40.0298881530762,1.9992923057604,1.01999996695668,9.22302047013164E-7,1.17701803856539E-6,0.25,8.61499885137331E-8,9.57623080006535E-8,8.7003257728815E-8,95.7738113,96.2529602,999.988037109375,999.988037109375,52.2737521091209,14.887708831751,5.527248,0,0,0,200,4886,89.11185,999.988037109375,,,,,,,,,,,,,0,,,,3.63380955,,,,,,96.01338575,,,,
,50919677.41,95.53331755,999.988037109375,2.64240817424216E-7,1.08550699083826E-7,1,4.99626677034896,40.0298881530762,1.99920330169255,1.01999996695668,3.30001828488935E-6,-1.04863345761901E-6,0.25,-1.37611340695854E-7,2.66266519443918E-7,-1.37373432837144E-7,95.2928238,95.7738113,999.988037109375,999.988037109375,52.3331558765825,14.8856401773754,5.527248,0,0,0,200,4886,88.70545,999.988037109375,,,,,,,,,,,,,0,,,,3.63380955,,,,,,95.53331755,,,,
,50919682.415,95.09444045,999.988037109375,3.95578211908086E-7,9.56426825190345E-8,1,4.99626677034896,40.0298881530762,1.99925218307764,1.01999996695668,4.28716161359359E-6,2.17952239984832E-6,0.25,1.21431218160195E-7,3.97341916258569E-7,1.23653243171944E-7,94.8960571,95.2928238,999.988037109375,999.988037109375,52.2612460528132,14.8851918078548,5.154188,0,0,0,200,4886,88.27185,999.988037109375,,,,,,,,,,,,,0,,,,3.59768905,,,,,,95.09444045,,,,
,50919687.405,94.6527748,999.988037109375,3.32882427229121E-7,9.67980365300078E-8,1,4.99626677034896,40.0298881530762,1.9992636827209,1.01999996695668,4.19154566023598E-6,-1.51685011653322E-6,0.25,-1.90484172213376E-7,3.35505522086017E-7,-1.90254375480175E-7,94.4094925,94.8960571,999.988037109375,999.988037109375,52.2471767394671,14.887269393058,5.527248,0,0,0,200,4886,87.83825,999.988037109375,,,,,,,,,,,,,0,,,,3.59768905,,,,,,94.6527748,,,,
,50919692.4,94.1878662,999.988037109375,2.72519736473228E-7,1.00512747851733E-7,1,4.99626677034896,40.0298881530762,1.99929277623486,1.01999996695668,3.20015796934587E-6,8.58175899932181E-8,0.25,-4.00028199736156E-8,2.7421148305888E-7,-3.91516718895545E-8,93.9662399,94.4094925,999.988037109375,999.988037109375,52.2698439665248,14.888504151383,5.527248,0,0,0,200,4886,87.4318,999.988037109375,,,,,,,,,,,,,0,,,,3.615659,,,,,,94.1878662,,,,
,50919697.415,93.75196455,999.988037109375,2.75113913258675E-7,9.30398090487029E-8,1,4.99626677034896,40.0298881530762,1.99929151147313,1.01999996695668,2.84726072463588E-6,2.28560655135167E-6,0.25,1.51662039058718E-7,2.76055066197136E-7,1.53609440273322E-7,93.5376892,93.9662399,999.988037109375,999.988037109375,52.0447349529863,14.8905216672821,5.154188,0,0,0,200,4886,87.024,999.988037109375,,,,,,,,,,,,,0,,,,3.59768905,,,,,,93.75196455,,,,
,50919702.45,93.2976341,999.988037109375,4.78419099067287E-8,1.00492245039837E-7,1,4.99626677034896,40.0298881530762,1.99934015171811,1.01999996695668,5.26248027786689E-7,2.18990817767911E-7,0.25,1.0784441222296E-8,4.80666382110842E-8,1.10370968442662E-8,93.057579,93.5376892,999.988037109375,999.988037109375,52.4167901281402,14.8869095258807,5.154188,0,0,0,200,4886,86.58965,999.988037109375,,,,,,,,,,,,,0,,,,3.5797191,,,,,,93.2976341,,,,
,50919707.46,92.84706875,999.988037109375,3.51966518235925E-7,1.01531934537211E-7,1,4.99626677034896,40.0298881530762,1.99930274846412,1.01999996695668,3.86309030474926E-6,1.65857137711652E-6,0.25,8.34794369645751E-8,3.53595269134613E-7,8.5372890832136E-8,92.6365585,93.057579,999.988037109375,999.988037109375,52.5645179182748,14.8880234191337,5.154188,0,0,0,200,4886,86.15635,999.988037109375,,,,,,,,,,,,,0,,,,3.59768905,,,,,,92.84706875,,,,
,50919712.4,92.40852735,999.988037109375,3.31101472661533E-7,9.86907046480448E-8,1,4.99626677034896,40.0298881530762,1.99921153651542,1.01999996695668,3.60723980302883E-6,1.7126762298206E-6,0.25,9.18415855329592E-8,3.32572123522939E-7,9.3707309463495E-8,92.1804962,92.6365585,999.988037109375,999.988037109375,51.9056050765632,14.8874987673785,5.154188,0,0,0,200,4886,85.74885,999.988037109375,,,,,,,,,,,,,0,,,,3.615659,,,,,,92.40852735,,,,
,50919717.37,91.93956375,999.988037109375,2.05412572585987E-7,9.25437036074903E-8,1,4.99626677034896,40.0298881530762,1.9992467648095,1.01999996695668,2.58243447703973E-6,-9.1229564799245E-7,0.25,-1.1552400012247E-7,2.07031503948357E-7,-1.15320311881861E-7,91.6986313,92.1804962,999.988037109375,999.988037109375,51.8860643635824,14.8899665094029,5.527248,0,0,0,200,4886,85.36795,999.988037109375,,,,,,,,,,,,,0,,,,3.59768905,,,,,,91.93956375,,,,
,50919722.425,91.47701645,999.988037109375,1.39871986891595E-7,1.08436990475192E-7,1,4.99626677034896,40.0298881530762,1.99913275948942,1.01999996695668,1.29182360743291E-6,2.05238686327769E-6,0.25,1.54874901504064E-7,1.40004033459832E-7,1.56315794489284E-7,91.2554016,91.6986313,999.988037109375,999.988037109375,52.6387726276017,14.887450269518,5.527248,0,0,0,200,4886,84.93335,999.988037109375,,,,,,,,,,,,,0,,,,3.59768905,,,,,,91.47701645,,,,
,50919727.415,91.04236985,999.988037109375,3.3092315006238E-7,1.08914882110354E-7,1,4.99626677034896,40.0298881530762,1.99925123125384,1.01999996695668,3.80002006848284E-6,5.94927411883984E-7,0.25,-5.79355046660667E-9,3.32777901800913E-7,-4.4370073063721E-9,90.8293381,91.2554016,999.988037109375,999.988037109375,52.1549445741978,14.8897698611887,5.154188,0,0,0,200,4886,84.49855,999.988037109375,,,,,,,,,,,,,0,,,,3.59768905,,,,,,91.04236985,,,,
,50919732.385,90.5849228,999.988037109375,2.42772440942656E-7,1.14939633436771E-7,1,4.99626677034896,40.0298881530762,1.99921133210049,1.01999996695668,2.46807013894122E-6,2.26717153321971E-6,0.25,1.5566339735766E-7,2.43452654496968E-7,1.57549488259692E-7,90.3405075,90.8293381,999.988037109375,999.988037109375,52.006435155544,14.8854287616074,5.154188,0,0,0,200,4886,84.08785,999.988037109375,,,,,,,,,,,,,0,,,,3.5797191,,,,,,90.5849228,,,,
,50919737.41,90.13978195,999.988037109375,1.41245038939231E-7,1.04375872644867E-7,1,4.99626677034896,40.0298881530762,1.99922574712777,1.01999996695668,1.45167937000851E-6,1.22846495648E-6,0.25,8.26490494869561E-8,1.41668434608202E-7,8.37067497704745E-8,89.9390564,90.3405075,999.988037109375,999.988037109375,52.568426060871,14.887328634687,5.527248,0,0,0,200,4886,83.648,999.988037109375,,,,,,,,,,,,,0,,,,3.59768905,,,,,,90.13978195,,,,
,50919742.395,89.7070427,999.988037109375,1.03068259546392E-7,1.11428151209691E-7,1,4.99626677034896,40.0298881530762,1.99918641349393,1.01999996695668,7.36352019358947E-7,2.74505479468721E-6,0.25,2.21804921918957E-7,1.0267696812666E-7,2.23464383838441E-7,89.475029,89.9390564,999.988037109375,999.988037109375,51.8751215643132,14.8885669004922,5.154188,0,0,0,200,4886,83.2253,999.988037109375,,,,,,,,,,,,,0,,,,3.615659,,,,,,89.7070427,,,,
,50919747.37,89.24282835,999.988037109375,2.27863741352734E-7,1.09035762587744E-7,1,4.99626677034896,40.0298881530762,1.99925866897147,1.01999996695668,2.39962435290298E-6,1.65055878271886E-6,0.25,1.0438287837987E-7,2.28654416151143E-7,1.059435586597E-7,89.0106277,89.475029,999.988037109375,999.988037109375,51.9767332718132,14.8881118096807,5.154188,0,0,0,200,4886,82.8184,999.988037109375,,,,,,,,,,,,,0,,,,3.59768905,,,,,,89.24282835,,,,
,50919752.35,88.7839584,999.988037109375,2.50430484147476E-7,1.1088167787919E-7,1,4.99626677034896,40.0298881530762,1.99911179229723,1.01999996695668,2.8269031546231E-6,7.27011538909518E-7,0.25,1.97566159063093E-8,2.51706726424158E-7,2.09626245064285E-8,88.5572891,89.0106277,999.988037109375,999.988037109375,52.4527450400248,14.8887536923869,5.154188,0,0,0,200,4886,82.3973,999.988037109375,,,,,,,,,,,,,0,,,,3.59768905,,,,,,88.7839584,,,,
,50919757.34,88.3529167,999.988037109375,3.73313755629539E-7,1.02614222012709E-7,1,4.99626677034896,40.0298881530762,1.99913693710893,1.01999996695668,4.06394739893633E-6,1.94218162196776E-6,0.25,1.04437438316358E-7,3.7487587668539E-7,1.06655657942835E-7,88.1485443,88.5572891,999.988037109375,999.988037109375,52.8419960426017,14.8888979416416,5.154188,0,0,0,200,4886,81.98595,999.988037109375,,,,,,,,,,,,,0,,,,3.59768905,,,,,,88.3529167,,,,
,50919762.335,87.9060402,999.988037109375,1.97288050448573E-7,1.04059376252237E-7,1,4.99626677034896,40.0298881530762,1.9992459393241,1.01999996695668,2.3258475618929E-6,7.68143102606552E-9,0.25,-3.38187495202631E-8,1.98504808483537E-7,-3.31207628880239E-8,87.6635361,88.1485443,999.988037109375,999.988037109375,52.4894815804286,14.8932940396493,5.527248,0,0,0,200,4886,81.57595,999.988037109375,,,,,,,,,,,,,0,,,,3.59768905,,,,,,87.9060402,,,,
,50919767.345,87.44700625,999.988037109375,3.20434751372203E-7,9.79205994094583E-8,1,4.99626677034896,40.0298881530762,1.99908075795256,1.01999996695668,3.32648721575694E-6,2.59045915252666E-6,0.25,1.70310713921484E-7,3.21391129136341E-7,1.72670757609934E-7,87.2304764,87.6635361,999.988037109375,999.988037109375,52.0455165815055,14.889796241482,5.527248,0,0,0,200,4886,81.13905,999.988037109375,,,,,,,,,,,,,0,,,,3.5798975,,,,,,87.44700625,,,,
,50919772.36,86.98783875,999.988037109375,3.09876762317385E-7,1.07670111782608E-7,1,4.99626677034896,40.0298881530762,1.99920401839027,1.01999996695668,3.17970133572618E-6,2.7180330885566E-6,0.25,1.83283832336463E-7,3.10703932897444E-7,1.85674475386881E-7,86.7452011,87.2304764,999.988037109375,999.988037109375,52.0158146977747,14.8889754036325,5.154188,0,0,0,200,4886,80.7299,999.988037109375,,,,,,,,,,,,,0,,,,3.56192755,,,,,,86.98783875,,,,
,50919777.345,86.5448723,999.988037109375,2.43895410520339E-7,1.09399281880868E-7,1,4.99626677034896,40.0298881530762,1.99920921854565,1.01999996695668,2.42627021474015E-6,2.57513153769859E-6,0.25,1.82334369090458E-7,2.44359608204661E-7,1.84425920773599E-7,86.3445435,86.7452011,999.988037109375,999.988037109375,52.0502063526209,14.8919954609885,5.154188,0,0,0,200,4886,80.2962,999.988037109375,,,,,,,,,,,,,0,,,,3.5797191,,,,,,86.5448723,,,,
,50919782.335,86.106987,999.988037109375,1.85764138378954E-7,1.10678772665468E-7,1,4.99626677034896,40.0298881530762,1.99913931028393,1.01999996695668,1.94956861757075E-6,1.37969121590119E-6,0.25,8.80518601930062E-8,1.86342271337257E-7,8.93796319990556E-8,85.8694305,86.3445435,999.988037109375,999.988037109375,52.6309563424094,14.8919590896686,5.154188,0,0,0,200,4886,79.85935,999.988037109375,,,,,,,,,,,,,0,,,,3.56192755,,,,,,86.106987,,,,
,50919787.34,85.6587524,999.988037109375,1.82844857739917E-7,1.08847081517307E-7,1,4.99626677034896,40.0298881530762,1.99921367933004,1.01999996695668,2.04086295235869E-6,6.61276652603499E-7,0.25,2.5778558453054E-8,1.83690150114589E-7,2.67694382912638E-8,85.4480743,85.8694305,999.988037109375,999.988037109375,52.0627124089286,14.8917051637381,5.154188,0,0,0,200,4886,79.43465,999.988037109375,,,,,,,,,,,,,0,,,,3.544136,,,,,,85.6587524,,,,
,50919792.32,85.2045631,999.988037109375,1.64785932468719E-7,1.11452184009826E-7,1,4.99626677034896,40.0298881530762,1.99919763417719,1.01999996695668,1.82849399079947E-6,6.57227625138745E-7,0.25,2.85809446632864E-8,1.65517404141862E-7,2.95083509999833E-8,84.9610519,85.4480743,999.988037109375,999.988037109375,52.2002790283132,14.8882074301506,5.154188,0,0,0,200,4886,79.0255,999.988037109375,,,,,,,,,,,,,0,,,,3.544136,,,,,,85.2045631,,,,
,50919797.33,84.72276685,999.988037109375,2.43674405028887E-7,1.19332209519415E-7,1,4.99626677034896,40.0298881530762,1.99924871349726,1.01999996695668,2.50997715055549E-6,2.07882667771396E-6,0.25,1.38985881052858E-7,2.44287811775934E-7,1.40872438641149E-7,84.4844818,84.9610519,999.988037109375,999.988037109375,52.609070743871,14.8909609284371,5.154188,0,0,0,200,4886,78.61585,999.988037109375,,,,,,,,,,,,,0,,,,3.544136,,,,,,84.72276685,,,,
,50919802.33,84.27817915,999.988037109375,3.61394620716583E-7,1.11088127669173E-7,1,4.99626677034896,40.0298881530762,1.99914016083494,1.01999996695668,3.97230154111992E-6,1.65479057078459E-6,0.25,8.1311926299435E-8,3.62883869468067E-7,8.34709412460741E-8,84.0718765,84.4844818,999.988037109375,999.988037109375,51.9790781573709,14.8913993323395,5.527248,0,0,0,200,4886,78.1783,999.988037109375,,,,,,,,,,,,,0,,,,3.56192755,,,,,,84.27817915,,,,
,50919807.315,83.83114625,999.988037109375,2.316799815705E-7,1.19273265219421E-7,1,4.99626677034896,40.0298881530762,1.999119811412,1.01999996695668,2.32222229243034E-6,2.34027840892157E-6,0.25,1.63939671350602E-7,2.32083520999075E-7,1.65910832802131E-7,83.590416,84.0718765,999.988037109375,999.988037109375,52.5692076893902,14.892689268627,5.154188,0,0,0,200,4886,77.75645,999.988037109375,,,,,,,,,,,,,0,,,,3.5797191,,,,,,83.83114625,,,,
,50919812.335,83.3496399,999.988037109375,1.71675465649047E-7,1.24756778994661E-7,1,4.99626677034896,40.0298881530762,1.99915611212553,1.01999996695668,1.92041006853683E-6,5.94541080448454E-7,0.25,2.1873989070676E-8,1.72451021266452E-7,2.28267217146084E-8,83.1088638,83.590416,999.988037109375,999.988037109375,52.1408752608517,14.8900740088163,5.527248,0,0,0,200,4886,77.31885,999.988037109375,,,,,,,,,,,,,0,,,,3.56192755,,,,,,83.3496399,,,,
,50919817.31,82.90748975,999.988037109375,3.8205195421455E-7,1.13691442472474E-7,1,4.99626677034896,40.0298881530762,1.99909054993642,1.01999996695668,4.00015625039802E-6,2.88187906553972E-6,0.25,1.84913465337953E-7,3.83089723817328E-7,1.87745964819442E-7,82.7061157,83.1088638,999.988037109375,999.988037109375,52.0861612645055,14.8879663225476,5.527248,0,0,0,200,4886,76.88015,999.988037109375,,,,,,,,,,,,,0,,,,3.56192755,,,,,,82.90748975,,,,
,50919836.55,81.1329727,999.988037109375,,,2,,,,1.03600017032027,,,,,,,81.1329727,81.1329727,999.988037109375,999.988037109375,,,5.154188,,,,-99999999,4886,75.2528,999.988037109375,,,,,,,,,,,,,,,,,,,,,,,81.1329727,,,,
touchdown = -4.86999982967973 mm,50919864.83,78.568222,999.988037109375,4.36793634935896E-7,1.23158564228914E-7,1,4.99626677034896,40.0298881530762,1.99894774290134,1.01999996695668,4.5893148243159E-6,3.18480422977887E-6,0.25,2.01729510025808E-7,4.37777478673935E-7,2.05044745840095E-7,78.568222,78.568222,999.988037109375,999.988037109375,52.8365246429671,14.887451152355,5.527248,0,0,0,200,4886,72.8261,999.988037109375,,,,,,,,,,,,,0,,,,3.5089071,,,,,,78.568222,,,,
,50919867.305,78.33603285,999.988037109375,2.29476775033265E-7,1.2324301210239E-7,1,4.99626677034896,40.0298881530762,1.99897193306693,1.01999996695668,2.28291779102433E-6,2.40178228095531E-6,0.25,1.69694258475073E-7,2.29640065862194E-7,1.71740303437224E-7,78.1038437,78.568222,999.988037109375,999.988037109375,52.4574348111402,14.8882638489083,5.154188,0,0,0,200,4886,72.60695,999.988037109375,,,,,,,,,,,,,0,,,,3.5089071,,,,,,78.33603285,,,,
,50919872.29,77.8517151,999.988037109375,1.57312984638834E-7,1.18890517236369E-7,1,4.99626677034896,40.0298881530762,1.99907039880726,1.01999996695668,1.77992830734809E-6,4.23972323454072E-7,0.25,9.41179933139444E-9,1.57996852272092E-7,1.03172832044432E-8,77.5995865,78.1038437,999.988037109375,999.988037109375,52.5692076893902,14.8895039691118,5.527248,0,0,0,200,4886,72.16295,999.988037109375,,,,,,,,,,,,,0,,,,3.52652155,,,,,,77.8517151,,,,
,50919877.33,77.39704135,999.988037109375,3.77004137902434E-7,1.17826437267891E-7,1,4.99626677034896,40.0298881530762,1.99897922596644,1.01999996695668,4.12865412015013E-6,1.79232207151996E-6,0.25,9.04365798620783E-8,3.78247652498486E-7,9.29393369870331E-8,77.1944962,77.5995865,999.988037109375,999.988037109375,52.2166932272171,14.887188277469,5.154188,0,0,0,200,4886,71.717,999.988037109375,,,,,,,,,,,,,0,,,,3.544136,,,,,,77.39704135,,,,
,50919882.28,76.9571419,999.988037109375,2.54081198190334E-7,1.27240177966962E-7,1,4.99626677034896,40.0298881530762,1.9990365703462,1.01999996695668,2.68772653347112E-6,1.74587643814221E-6,0.25,1.07989727862647E-7,2.54640333676249E-7,1.09901874225193E-7,76.7197876,77.1944962,999.988037109375,999.988037109375,52.4121003570248,14.894752115648,5.154188,0,0,0,200,4886,71.2735,999.988037109375,,,,,,,,,,,,,0,,,,3.52652155,,,,,,76.9571419,,,,
,50919887.25,76.50305555,999.988037109375,1.73214838238011E-7,1.26299870560797E-7,1,4.99626677034896,40.0298881530762,1.99896916912928,1.01999996695668,1.74271954014425E-6,1.69792300793774E-6,0.25,1.18030100575022E-7,1.73332937610776E-7,1.19539680556353E-7,76.2863235,76.7197876,999.988037109375,999.988037109375,52.1221161763901,14.886808824222,5.154188,0,0,0,200,4886,70.8377,999.988037109375,,,,,,,,,,,,,0,,,,3.5089071,,,,,,76.50305555,,,,
,50919892.25,76.0266609,999.988037109375,2.73625756716944E-7,1.15583387094117E-7,1,4.99626677034896,40.0298881530762,1.99895920534237,1.01999996695668,2.82609171052754E-6,2.2651917721511E-6,0.25,1.49973670225566E-7,2.7399632534803E-7,1.52199617676851E-7,75.7669983,76.2863235,999.988037109375,999.988037109375,52.2432685968709,14.8898970476314,5.527248,0,0,0,200,4886,70.41835,999.988037109375,,,,,,,,,,,,,0,,,,3.5089071,,,,,,76.0266609,,,,
,50919897.23,75.554924,999.988037109375,2.36839566097209E-7,1.21807865561908E-7,1,4.99626677034896,40.0298881530762,1.99903649023789,1.01999996695668,2.69884627784288E-6,5.25203308024393E-7,0.25,4.22944533058396E-9,2.37860547131897E-7,5.60737903279068E-9,75.3428497,75.7669983,999.988037109375,999.988037109375,52.473849010044,14.8894388813473,5.154188,0,0,0,200,4886,69.97005,999.988037109375,,,,,,,,,,,,,0,,,,3.5089071,,,,,,75.554924,,,,
,50919902.24,75.101387,999.988037109375,2.65528095819944E-7,1.17071972354854E-7,1,4.99626677034896,40.0298881530762,1.99904114546125,1.01999996695668,2.81450428043815E-6,1.7868300338599E-6,0.25,1.09538689547583E-7,2.6604967838544E-7,1.11554042657343E-7,74.8599243,75.3428497,999.988037109375,999.988037109375,52.5629546612363,14.8921610664919,5.154188,0,0,0,200,4886,69.5219,999.988037109375,,,,,,,,,,,,,0,,,,3.52652155,,,,,,75.101387,,,,
,50919907.235,74.6141281,999.988037109375,3.33271442415877E-7,1.20549849853858E-7,1,4.99626677034896,40.0298881530762,1.99904578724492,1.01999996695668,3.73008470034973E-6,1.12027559896894E-6,0.25,3.92775448598089E-8,3.34474308503687E-7,4.13943840263324E-8,74.3683319,74.8599243,999.988037109375,999.988037109375,52.1479099175247,14.8907468551866,5.154188,0,0,0,200,4886,69.09965,999.988037109375,,,,,,,,,,,,,0,,,,3.544136,,,,,,74.6141281,,,,
,50919912.225,74.15415575,999.988037109375,3.16960767300259E-7,1.27622457103816E-7,1,4.99626677034896,40.0298881530762,1.99905565493114,1.01999996695668,3.48993441717245E-6,1.39089394843594E-6,0.25,6.58195467048055E-8,3.1791649717021E-7,6.79676298268086E-8,73.9399796,74.3683319,999.988037109375,999.988037109375,51.9814230429286,14.8901218915552,5.154188,0,0,0,200,4886,68.67775,999.988037109375,,,,,,,,,,,,,0,,,,3.52652155,,,,,,74.15415575,,,,
,50919917.225,73.6866112,999.988037109375,2.2886808638625E-7,1.38747072062615E-7,1,4.99626677034896,40.0298881530762,1.99898055881396,1.01999996695668,2.58280237649906E-6,6.46401973927018E-7,0.25,1.62027133717588E-8,2.29727437802311E-7,1.76324057617765E-8,73.4332428,73.9399796,999.988037109375,999.988037109375,52.3089253924863,14.8890607892639,5.154188,0,0,0,200,4886,68.2329,999.988037109375,,,,,,,,,,,,,0,,,,3.52652155,,,,,,73.6866112,,,,
,50919922.225,73.21837615,999.988037109375,3.45791495009852E-7,1.35075694145972E-7,1,4.99626677034896,40.0298881530762,1.99905130687093,1.01999996695668,3.66983494949889E-6,2.29356590270852E-6,0.25,1.39708497498413E-7,3.46373803154107E-7,1.42359472294401E-7,73.0035095,73.4332428,999.988037109375,999.988037109375,52.1830832008901,14.891434858884,5.154188,0,0,0,200,4886,67.78785,999.988037109375,,,,,,,,,,,,,0,,,,3.544136,,,,,,73.21837615,,,,
,50919927.25,72.74866105,999.988037109375,3.46555611705362E-7,1.21157081209048E-7,1,4.99626677034896,40.0298881530762,1.99901256269416,1.01999996695668,3.79338401139953E-6,1.6419961800904E-6,0.25,8.2549332499919E-8,3.47456868157638E-7,8.49830732124768E-8,72.4938126,73.0035095,999.988037109375,999.988037109375,52.2487399965055,14.887098666342,5.527248,0,0,0,200,4886,67.34955,999.988037109375,,,,,,,,,,,,,0,,,,3.52652155,,,,,,72.74866105,,,,
,50919932.245,72.2456322,999.988037109375,2.20476346791831E-7,1.15296466279238E-7,1,4.99626677034896,40.0298881530762,1.99913259212346,1.01999996695668,2.52672302438214E-6,4.0181580967296E-7,0.25,-3.75217844440061E-9,2.21374931442802E-7,-2.41860736900464E-9,71.9974518,72.4938126,999.988037109375,999.988037109375,51.8360401383516,14.8897459317094,5.154188,0,0,0,200,4886,66.88575,999.988037109375,,,,,,,,,,,,,0,,,,3.4914675,,,,,,72.2456322,,,,
,50919937.22,71.78606415,999.988037109375,3.9005873752886E-7,1.30883788562113E-7,1,4.99626677034896,40.0298881530762,1.99911794359313,1.01999996695668,4.32303309538054E-6,1.5420314223175E-6,0.25,6.60933962444337E-8,3.91169115655494E-7,6.87593193864605E-8,71.5746765,71.9974518,999.988037109375,999.988037109375,52.2018422853517,14.8927671417162,5.527248,0,0,0,200,4886,66.4043,999.988037109375,,,,,,,,,,,,,0,,,,3.4740279,,,,,,71.78606415,,,,
,50919942.21,71.31155015,999.988037109375,2.02077092819028E-7,1.2014759032464E-7,1,4.99626677034896,40.0298881530762,1.99903205496221,1.01999996695668,2.00111713212194E-6,2.1474703074818E-6,0.25,1.52292856618223E-7,2.01900129811027E-7,1.54133258766547E-7,71.0484238,71.5746765,999.988037109375,999.988037109375,52.4785387811594,14.8902239669803,5.527248,0,0,0,200,4886,65.95865,999.988037109375,,,,,,,,,,,,,0,,,,3.4914675,,,,,,71.31155015,,,,
,50919947.195,70.8056984,999.988037109375,4.18755566467463E-7,1.38852960803524E-7,1,4.99626677034896,40.0298881530762,1.99898100731061,1.01999996695668,4.75556650990257E-6,1.00118196762845E-6,0.25,1.3660459788572E-8,4.20238898787537E-7,1.63418332501102E-8,70.562973,71.0484238,999.988037109375,999.988037109375,52.5942198020056,14.8880585835202,5.154188,0,0,0,200,4886,65.5335,999.988037109375,,,,,,,,,,,,,0,,,,3.4914675,,,,,,70.8056984,,,,
,50919952.195,70.3198242,999.988037109375,2.06325517246401E-7,1.33359493215492E-7,1,4.99626677034896,40.0298881530762,1.99912302661822,1.01999996695668,2.26848057730897E-6,9.1543706861272E-7,0.25,4.36786850690285E-8,2.06805990821154E-7,4.51459203710975E-8,70.0766754,70.562973,999.988037109375,999.988037109375,51.8970071628516,14.8902572032149,5.154188,0,0,0,200,4886,65.09125,999.988037109375,,,,,,,,,,,,,0,,,,3.4740279,,,,,,70.3198242,,,,
,50919957.2,69.86048505,999.988037109375,3.16100347898162E-7,1.3266548458875E-7,1,4.99626677034896,40.0298881530762,1.99909234580198,1.01999996695668,2.99831071856418E-6,4.09864769607199E-6,0.25,3.02986603049982E-7,3.15297601273264E-7,3.0609283591732E-7,69.6442947,70.0766754,999.988037109375,999.988037109375,51.9024785624863,14.8922816883878,5.154188,0,0,0,200,4886,64.62775,999.988037109375,,,,,,,,,,,,,0,,,,3.4740279,,,,,,69.86048505,,,,
,50919962.185,69.379631,999.988037109375,4.05451072436249E-7,1.38311718907272E-7,1,4.99626677034896,40.0298881530762,1.9991202280071,1.01999996695668,4.23511763703484E-6,3.05273902448804E-6,0.25,1.9560840079E-7,4.05608936738901E-7,1.9890610814928E-7,69.1149673,69.6442947,999.988037109375,999.988037109375,52.8443409281594,14.8891843536911,5.154188,0,0,0,200,4886,64.1633,999.988037109375,,,,,,,,,,,,,0,,,,3.4914675,,,,,,69.379631,,,,
,50919967.18,68.89754865,999.988037109375,3.86416635838257E-7,1.32120012976095E-7,1,4.99626677034896,40.0298881530762,1.9991167868965,1.01999996695668,4.23740069966174E-6,1.7697439683257E-6,0.25,8.66208267515429E-8,3.87171542626313E-7,8.94279132580384E-8,68.68013,69.1149673,999.988037109375,999.988037109375,51.9501579021593,14.8923234323854,5.154188,0,0,0,200,4886,63.70195,999.988037109375,,,,,,,,,,,,,0,,,,3.4914675,,,,,,68.89754865,,,,
,50919972.19,68.4218559,999.988037109375,2.42051723098389E-7,1.33083543948857E-7,1,4.99626677034896,40.0298881530762,1.99911211339012,1.01999996695668,2.39523962159109E-6,2.57072079693277E-6,0.25,1.82317336289765E-7,2.41659799583361E-7,1.84508851962783E-7,68.1635818,68.68013,999.988037109375,999.988037109375,52.4504001544671,14.8897057797891,5.527248,0,0,0,200,4886,63.23185,999.988037109375,,,,,,,,,,,,,0,,,,3.4740279,,,,,,68.4218559,,,,
,50919977.205,67.89978025,999.988037109375,3.3018514373377E-7,1.31749364082839E-7,1,4.99626677034896,40.0298881530762,1.9991308964883,1.01999996695668,3.6572129427998E-6,1.30204119521395E-6,0.25,5.55956434951929E-8,3.30884237936553E-7,5.79563428579875E-8,67.6359787,68.1635818,999.988037109375,999.988037109375,52.0869428930247,14.8921823060885,5.154188,0,0,0,200,4886,62.7891,999.988037109375,,,,,,,,,,,,,0,,,,3.4740279,,,,,,67.89978025,,,,
,50919982.235,67.382885,999.988037109375,1.34007516211317E-7,1.40171904446649E-7,1,4.99626677034896,40.0298881530762,1.99907159339054,1.01999996695668,1.52483991654544E-6,2.9838118273724E-7,0.25,2.40870112214751E-9,1.34412096298564E-7,3.30825029780039E-9,67.1297913,67.6359787,999.988037109375,999.988037109375,52.3949045296017,14.8905501815321,5.154188,0,0,0,200,4886,62.3461,999.988037109375,,,,,,,,,,,,,0,,,,3.4740279,,,,,,67.382885,,,,
,50919987.21,66.8980141,999.988037109375,2.39574086147695E-7,1.35588006205979E-7,1,4.99626677034896,40.0298881530762,1.99896932039178,1.01999996695668,2.54909654646377E-6,1.53008210001227E-6,0.25,9.16236139037368E-8,2.39687708120979E-7,9.35093070798991E-8,66.6662369,67.1297913,999.988037109375,999.988037109375,52.1705771445824,14.891053878303,5.154188,0,0,0,200,4886,61.88025,999.988037109375,,,,,,,,,,,,,0,,,,3.4740279,,,,,,66.8980141,,,,
,50919992.18,66.4130707,999.988037109375,2.71897482597598E-7,1.40014520674555E-7,1,4.99626677034896,40.0298881530762,1.99903413368014,1.01999996695668,2.66765933146774E-6,3.00686805736251E-6,0.25,2.15295081065858E-7,2.71242719828541E-7,2.17766054068277E-7,66.1599045,66.6662369,999.988037109375,999.988037109375,52.3175233061978,14.8912457865811,5.154188,0,0,0,200,4886,61.43255,999.988037109375,,,,,,,,,,,,,0,,,,3.45676185,,,,,,66.4130707,,,,
,50919997.18,65.89733125,999.988037109375,3.10977307824992E-7,1.44947691553783E-7,1,4.99626677034896,40.0298881530762,1.99909930053864,1.01999996695668,3.01630684602974E-6,3.63308021883032E-6,0.25,2.63249846127774E-7,3.10070273041583E-7,2.66115090751557E-7,65.634758,66.1599045,999.988037109375,999.988037109375,52.4105370999863,14.8933635410627,5.154188,0,0,0,200,4886,60.98745,999.988037109375,,,,,,,,,,,,,0,,,,3.45676185,,,,,,65.89733125,,,,
,50920002.165,65.41327665,999.988037109375,2.19231101459495E-7,1.43428800032389E-7,1,4.99626677034896,40.0298881530762,1.99912635828601,1.01999996695668,2.04756608892164E-6,3.00386002030616E-6,0.25,2.24389277205938E-7,2.18290558196412E-7,2.26505400544766E-7,65.1917953,65.634758,999.988037109375,999.988037109375,52.0650572944863,14.8899914130274,5.154188,0,0,0,200,4886,60.4866,999.988037109375,,,,,,,,,,,,,0,,,,3.4740279,,,,,,65.41327665,,,,
,50920007.165,64.92864605,999.988037109375,2.87744425553628E-7,1.38172389122653E-7,1,4.99626677034896,40.0298881530762,1.99903636826297,1.01999996695668,3.21899077466389E-6,9.41548321686178E-7,0.25,3.15003978404303E-8,2.88279743710778E-7,3.35705816593703E-8,64.6654968,65.1917953,999.988037109375,999.988037109375,52.5355976630632,14.8906224218044,5.527248,0,0,0,200,4886,60.00385,999.988037109375,,,,,,,,,,,,,0,,,,3.4740279,,,,,,64.92864605,,,,
,50920012.15,64.4092903,999.988037109375,2.63314416962819E-7,1.3644727900572E-7,1,4.99626677034896,40.0298881530762,1.99902549779922,1.01999996695668,2.86701535571032E-6,1.30307445681477E-6,0.25,6.75235345212589E-8,2.63505450848312E-7,6.95238627788308E-8,64.1530838,64.6654968,999.988037109375,999.988037109375,52.2581195387363,14.891125992561,5.154188,0,0,0,200,4886,59.54895,999.988037109375,,,,,,,,,,,,,0,,,,3.45676185,,,,,,64.4092903,,,,
,50920017.135,63.88889695,999.988037109375,2.24039990913403E-7,1.54619003426075E-7,1,4.99626677034896,40.0298881530762,1.9989568335288,1.01999996695668,1.92128315264896E-6,4.02621769164879E-6,0.25,3.1325848131038E-7,2.22383591857502E-7,3.15576279888969E-7,63.6247101,64.1530838,999.988037109375,999.988037109375,52.4472736403902,14.8892557357347,5.527248,0,0,0,200,4886,59.0747,999.988037109375,,,,,,,,,,,,,0,,,,3.4394958,,,,,,63.88889695,,,,
,50920022.155,63.3557072,999.988037109375,4.36651265112824E-7,1.50073590522619E-7,1,4.99626677034896,40.0298881530762,1.99893980185074,1.01999996695668,4.92628428490641E-6,1.18366625414623E-6,0.25,2.6295926583695E-8,4.37461813413025E-7,2.94306867497241E-8,63.0867043,63.6247101,999.988037109375,999.988037109375,51.8360401383516,14.8889488840281,5.154188,0,0,0,200,4886,58.6187,999.988037109375,,,,,,,,,,,,,0,,,,3.4394958,,,,,,63.3557072,,,,
,50920027.2,62.8309231,999.988037109375,2.90401176703074E-7,1.51676854629991E-7,1,4.99626677034896,40.0298881530762,1.99907209200164,1.01999996695668,2.93194875358836E-6,2.72560825594436E-6,0.25,1.87468755012623E-7,2.89698597965999E-7,1.89930521179336E-7,62.5751419,63.0867043,999.988037109375,999.988037109375,52.4144452425825,14.8915080135954,5.154188,0,0,0,200,4886,58.12555,999.988037109375,,,,,,,,,,,,,0,,,,3.45676185,,,,,,62.8309231,,,,
,50920032.18,62.35404205,999.988037109375,2.56754275210114E-7,1.31203868202482E-7,1,4.99626677034896,40.0298881530762,1.99901027698474,1.01999996695668,2.45220821612935E-6,3.19513544569893E-6,0.25,2.34653680491107E-7,2.55600230035874E-7,2.36958551453079E-7,62.1329422,62.5751419,999.988037109375,999.988037109375,52.0455165815055,14.8902432166683,5.154188,0,0,0,200,4886,57.61385,999.988037109375,,,,,,,,,,,,,0,,,,3.43966725,,,,,,62.35404205,,,,
,50920037.13,61.8591728,999.988037109375,3.52747374621124E-7,1.47450496241009E-7,1,4.99626677034896,40.0298881530762,1.99904067354564,1.01999996695668,3.63812041825168E-6,2.8712932104566E-6,0.25,1.89217917439812E-7,3.52060647923622E-7,1.92105374601872E-7,61.5854034,62.1329422,999.988037109375,999.988037109375,51.7406814590055,14.8907274931683,5.154188,0,0,0,200,4886,57.1479,999.988037109375,,,,,,,,,,,,,0,,,,3.4224012,,,,,,61.8591728,,,,
,50920042.16,61.325325,999.988037109375,2.49043721528912E-7,1.47654819304949E-7,1,4.99626677034896,40.0298881530762,1.99903153906495,1.01999996695668,2.42095265716218E-6,2.85549244698408E-6,0.25,2.06276539915843E-7,2.47998486309328E-7,2.08435807778572E-7,61.0652466,61.5854034,999.988037109375,999.988037109375,52.301109107294,14.8893705487893,5.154188,0,0,0,200,4886,56.67145,999.988037109375,,,,,,,,,,,,,0,,,,3.4224012,,,,,,61.325325,,,,
,50920061.33,59.234005,999.988037109375,,,2,,,,1.03600017032027,,,,,,,59.234005,59.234005,999.988037109375,999.988037109375,,,5.154188,,,,-99999999,4886,54.7366,999.988037109375,,,,,,,,,,,,,,,,,,,,,,,59.234005,,,,
touchdown = -4.86999982967973 mm,50920088.72,56.2499313,999.988037109375,4.0180333428387E-7,1.72565419443133E-7,1,4.99626677034896,40.0298881530762,1.99899747049832,1.01999996695668,4.30664439741295E-6,2.31274772037402E-6,0.25,1.31711566136E-7,4.00987136384312E-7,1.3475066569483E-7,56.2499313,56.2499313,999.988037109375,999.988037109375,51.9908025851594,14.8917214475125,5.154188,0,0,0,200,4886,51.9733,999.988037109375,,,,,,,,,,,,,0,,,,3.4053066,,,,,,56.2499313,,,,
,50920089.195,56.18715095,999.988037109375,3.63953487488051E-7,1.48166897868481E-7,1,4.99626677034896,40.0298881530762,1.99889607882213,1.01999996695668,3.81092493985197E-6,2.59945712953906E-6,0.25,1.63648718085886E-7,3.6287921068042E-7,1.66417420306049E-7,56.1243706,56.2499313,999.988037109375,999.988037109375,51.8602706224478,14.8863227372903,5.527248,0,0,0,200,4886,51.92525,999.988037109375,,,,,,,,,,,,,0,,,,3.4053066,,,,,,56.18715095,,,,
,50920092.095,55.86796,999.988037109375,3.33194614536928E-7,1.47732579459547E-7,1,4.99626677034896,40.0298881530762,1.9990044501069,1.01999996695668,3.28915874541173E-6,3.50121974115564E-6,0.25,2.48364108843197E-7,3.31445952322733E-7,2.50915398304766E-7,55.6115494,56.1243706,999.988037109375,999.988037109375,52.2010606568324,14.8904926846018,5.154188,0,0,0,200,4886,51.61675,999.988037109375,,,,,,,,,,,,,0,,,,3.4053066,,,,,,55.86796,,,,
,50920097.08,55.32178115,999.988037109375,2.28441125936317E-7,1.30580244072094E-7,1,4.99626677034896,40.0298881530762,1.99896837705284,1.01999996695668,2.41347989716017E-6,1.50741544632155E-6,0.25,9.18325806872889E-8,2.27789066441151E-7,9.35453297775782E-8,55.0320129,55.6115494,999.988037109375,999.988037109375,52.423043156294,14.8888778488313,5.154188,0,0,0,200,4886,51.104,999.988037109375,,,,,,,,,,,,,0,,,,3.4053066,,,,,,55.32178115,,,,
,50920102.095,54.7388191,999.988037109375,2.63976875839365E-7,1.50451963148156E-7,1,4.99626677034896,40.0298881530762,1.99909828778989,1.01999996695668,2.84133101156775E-6,1.44563529187496E-6,0.25,8.00921075872513E-8,2.63375715551144E-7,8.20556664797283E-8,54.4456253,55.0320129,999.988037109375,999.988037109375,52.2979825932171,14.8926694841891,5.527248,0,0,0,200,4886,50.5976,999.988037109375,,,,,,,,,,,,,0,,,,3.4053066,,,,,,54.7388191,,,,
,50920107.085,54.14740945,999.988037109375,3.10976487231301E-7,1.68996218083418E-7,1,4.99626677034896,40.0298881530762,1.99905404488477,1.01999996695668,2.95069279295454E-6,3.9277151418899E-6,0.25,2.89949994934252E-7,3.08758695163933E-7,2.9220822645103E-7,53.8491936,54.4456253,999.988037109375,999.988037109375,52.0931959211786,14.889416470691,5.527248,0,0,0,200,4886,50.03635,999.988037109375,,,,,,,,,,,,,0,,,,3.4053066,,,,,,54.14740945,,,,
,50920112.07,53.5828686,999.988037109375,2.26172370072612E-7,1.53074837274764E-7,1,4.99626677034896,40.0298881530762,1.99900022233319,1.01999996695668,2.01804597915122E-6,3.57304689199604E-6,0.25,2.73924515848827E-7,2.24052043643352E-7,2.7550470447545E-7,53.3165436,53.8491936,999.988037109375,999.988037109375,52.4683776104094,14.8919249805924,5.527248,0,0,0,200,4886,49.4688,999.988037109375,,,,,,,,,,,,,0,,,,3.3883821,,,,,,53.5828686,,,,
,50920117.08,53.0084114,999.988037109375,1.33494411130055E-7,1.50181030950377E-7,1,4.99626677034896,40.0298881530762,1.99900967348704,1.01999996695668,1.43723140442416E-6,7.24172101487206E-7,0.25,3.99348335829467E-8,1.33126309243351E-7,4.09045155743165E-8,52.7002792,53.3165436,999.988037109375,999.988037109375,52.4972978656209,14.8926378336709,5.527248,0,0,0,200,4886,48.934,999.988037109375,,,,,,,,,,,,,0,,,,3.3714576,,,,,,53.0084114,,,,
,50920122.12,52.39889335,999.988037109375,2.38559485513185E-7,1.52900713539364E-7,1,4.99626677034896,40.0298881530762,1.99899656031279,1.01999996695668,2.64634183114914E-6,8.53255384038854E-7,0.25,3.26112171173535E-8,2.38150488107932E-7,3.43559967752963E-8,52.0975075,52.7002792,999.988037109375,999.988037109375,51.7953954553516,14.8879400689897,5.527248,0,0,0,200,4886,48.4009,999.988037109375,,,,,,,,,,,,,0,,,,3.3714576,,,,,,52.39889335,,,,
,50920127.11,51.79335595,999.988037109375,2.52120985666025E-7,1.39594697363356E-7,1,4.99626677034896,40.0298881530762,1.99904180886959,1.01999996695668,2.83427707295988E-6,6.88612069211694E-7,0.25,1.57306030264138E-8,2.51786479850395E-7,1.75804610468241E-8,51.4892044,52.0975075,999.988037109375,999.988037109375,52.1244610619478,14.8901584707859,5.527248,0,0,0,200,4886,47.8695,999.988037109375,,,,,,,,,,,,,0,,,,3.3714576,,,,,,51.79335595,,,,
,50920132.085,51.1611843,999.988037109375,1.63783708821022E-7,1.58259923917252E-7,1,4.99626677034896,40.0298881530762,1.99902763737451,1.01999996695668,1.57584726467977E-6,1.93739400178224E-6,0.25,1.4133107097572E-7,1.62570495273643E-7,1.42388765407566E-7,50.8331642,51.4892044,999.988037109375,999.988037109375,52.1502548030824,14.8918751209818,5.154188,0,0,0,200,4886,47.2658,999.988037109375,,,,,,,,,,,,,0,,,,3.35470115,,,,,,51.1611843,,,,
,50920137.08,50.5531845,999.988037109375,2.5853159502202E-7,1.53807358684466E-7,1,4.99626677034896,40.0298881530762,1.99906634647778,1.01999996695668,2.61968668816657E-6,2.31218725784771E-6,0.25,1.57496671600898E-7,2.57057146064475E-7,1.59198546935053E-7,50.2732048,50.8331642,999.988037109375,999.988037109375,51.6281269522362,14.8900245032166,5.527248,0,0,0,200,4886,46.6684,999.988037109375,,,,,,,,,,,,,0,,,,3.3379447,,,,,,50.5531845,,,,
,50920142.04,49.95751955,999.988037109375,2.26069489713105E-7,1.55507050710163E-7,1,4.99626677034896,40.0298881530762,1.99903275751188,1.01999996695668,2.68408589140708E-6,-1.930309925745E-7,0.25,-5.71804424210953E-8,2.2617052519008E-7,-5.54493728262373E-8,49.6418343,50.2732048,999.988037109375,999.988037109375,52.568426060871,14.8922674263366,5.154188,0,0,0,200,4886,46.1214,999.988037109375,,,,,,,,,,,,,0,,,,3.35470115,,,,,,49.95751955,,,,
,50920147.03,49.31219865,999.988037109375,3.06056938105478E-7,1.61976370665759E-7,1,4.99626677034896,40.0298881530762,1.99895097529575,1.01999996695668,3.37121690992994E-6,1.21144066557631E-6,0.25,5.22436542250182E-8,3.0519801850368E-7,5.43858816131089E-8,48.982563,49.6418343,999.988037109375,999.988037109375,52.5582648901209,14.8910575797443,5.154188,0,0,0,200,4886,45.56655,999.988037109375,,,,,,,,,,,,,0,,,,3.3714576,,,,,,49.31219865,,,,
,50920152.045,48.6512222,999.988037109375,2.06780457860679E-7,1.57458013843332E-7,1,4.99626677034896,40.0298881530762,1.99888943564338,1.01999996695668,2.46159177465629E-6,-2.19235658790252E-7,0.25,-5.60485199608215E-8,2.06823537964997E-7,-5.44571694339528E-8,48.3198814,48.982563,999.988037109375,999.988037109375,52.5285630063902,14.8898489355365,5.154188,0,0,0,200,4886,44.94735,999.988037109375,,,,,,,,,,,,,0,,,,3.3714576,,,,,,48.6512222,,,,
,50920157.045,48.02176855,999.988037109375,1.92121563533369E-7,1.60955649366214E-7,1,4.99626677034896,40.0298881530762,1.99905219148679,1.01999996695668,1.9117705020796E-6,1.90746320251607E-6,0.25,1.33835808589987E-7,1.9079057296309E-7,1.349550550779E-7,47.7236557,48.3198814,999.988037109375,999.988037109375,52.0212860974094,14.8923278914865,5.527248,0,0,0,200,4886,44.32055,999.988037109375,,,,,,,,,,,,,0,,,,3.3381114,,,,,,48.02176855,,,,
,50920162.03,47.38581465,999.988037109375,1.38844622785164E-7,1.54317373385354E-7,1,4.99626677034896,40.0298881530762,1.99898999001612,1.01999996695668,1.38314919988178E-6,1.36843877703529E-6,0.25,9.58645499938842E-8,1.37871007813664E-7,9.66526011546787E-8,47.0479736,47.7236557,999.988037109375,999.988037109375,52.0986673208132,14.8927366054217,5.527248,0,0,0,200,4886,43.7499,999.988037109375,,,,,,,,,,,,,0,,,,3.3047652,,,,,,47.38581465,,,,
,50920167.045,46.73898315,999.988037109375,2.38616328864178E-7,1.49846471815183E-7,1,4.99626677034896,40.0298881530762,1.99895353650876,1.01999996695668,2.43006874545711E-6,2.05092013507463E-6,0.25,1.38298088486026E-7,2.37099773090475E-7,1.39672104421908E-7,46.4299927,47.0479736,999.988037109375,999.988037109375,52.2034055423901,14.8924770614965,5.154188,0,0,0,200,4886,43.1626,999.988037109375,,,,,,,,,,,,,0,,,,3.2883403,,,,,,46.73898315,,,,
,50920172.055,46.084425,999.988037109375,3.04836054507067E-8,1.70734516480885E-7,1,4.99626677034896,40.0298881530762,1.99908845212137,1.01999996695668,1.28644664392894E-7,1.28618239172258E-6,0.25,1.0789810941425E-7,2.9653484651061E-8,1.07850420552677E-7,45.7388573,46.4299927,999.988037109375,999.988037109375,52.4715041244863,14.8923007596394,5.154188,0,0,0,200,4886,42.568,999.988037109375,,,,,,,,,,,,,0,,,,3.2719154,,,,,,46.084425,,,,
,50920177.055,45.3751469,999.988037109375,2.7076083295812E-7,1.61181990762943E-7,1,4.99626677034896,40.0298881530762,1.99889165235809,1.01999996695668,2.84564163327304E-6,1.82465110756102E-6,0.25,1.12750360862816E-7,2.69274406290482E-7,1.14336393569718E-7,45.0114365,45.7388573,999.988037109375,999.988037109375,52.1291508330632,14.8914973675571,5.527248,0,0,0,200,4886,41.9045,999.988037109375,,,,,,,,,,,,,0,,,,3.2719154,,,,,,45.3751469,,,,
,50920182.055,44.65443805,999.988037109375,5.25644924981841E-7,1.78673918522384E-7,1,4.99626677034896,40.0298881530762,1.99888520741214,1.01999996695668,5.93796830564193E-6,1.20514046468239E-6,0.25,1.29964672612035E-8,5.24095909145452E-7,1.65692912747017E-8,44.2974396,45.0114365,999.988037109375,999.988037109375,51.9868944425632,14.8882494304391,5.527248,0,0,0,200,4886,41.2218,999.988037109375,,,,,,,,,,,,,0,,,,3.2719154,,,,,,44.65443805,,,,
,50920187.025,43.9697285,999.988037109375,2.79540857706044E-7,1.69162946496924E-7,1,4.99626677034896,40.0298881530762,1.99896479254466,1.01999996695668,2.97230194952072E-6,1.68539505353564E-6,0.25,9.90038605086912E-8,2.78047961034003E-7,1.00612759024165E-7,43.6420174,44.2974396,999.988037109375,999.988037109375,51.6890939767362,14.8935173612104,5.527248,0,0,0,200,4886,40.5975,999.988037109375,,,,,,,,,,,,,0,,,,3.25565385,,,,,,43.9697285,,,,
,50920192,43.27879905,999.988037109375,2.73614546242206E-7,1.67279809258367E-7,1,4.99626677034896,40.0298881530762,1.99901486054104,1.01999996695668,2.71608608720875E-6,2.73808120411658E-6,0.25,1.9289285580496E-7,2.71472680499173E-7,1.94134857354166E-7,42.9155807,43.6420174,999.988037109375,999.988037109375,52.0924142926594,14.8934627367168,5.527248,0,0,0,200,4886,39.9513,999.988037109375,,,,,,,,,,,,,0,,,,3.2393923,,,,,,43.27879905,,,,
,50920197.01,42.4896984,999.988037109375,2.80075104363867E-7,1.5993391461294E-7,1,4.99626677034896,40.0298881530762,1.99892176614842,1.01999996695668,3.20190329107989E-6,4.1925238646623E-7,0.25,-1.26390178866208E-8,2.7925175185389E-7,-1.07377820251223E-8,42.0638161,42.9155807,999.988037109375,999.988037109375,52.0853796359863,14.8909938200582,5.154188,0,0,0,200,4886,39.31725,999.988037109375,,,,,,,,,,,,,0,,,,3.2073523,,,,,,42.4896984,,,,
,50920202,41.74814605,999.988037109375,3.32308656982277E-7,1.73164240941787E-7,1,4.99626677034896,40.0298881530762,1.99893658219251,1.01999996695668,3.32057895257037E-6,3.19690937906416E-6,0.25,2.23084787318375E-7,3.29717339672935E-7,2.24505862138806E-7,41.432476,42.0638161,999.988037109375,999.988037109375,52.1705771445824,14.8930959900567,5.154188,0,0,0,200,4886,38.62325,999.988037109375,,,,,,,,,,,,,0,,,,3.1753123,,,,,,41.74814605,,,,
,50920206.99,41.0084419,999.988037109375,2.17992256544233E-7,2.08398037805846E-7,1,4.99626677034896,40.0298881530762,1.99881947441613,1.01999996695668,2.13518354524376E-6,2.33848292549196E-6,0.25,1.67685297242621E-7,2.16133135155072E-7,1.68498125141568E-7,40.5844078,41.432476,999.988037109375,999.988037109375,51.8477645661401,14.8929315197117,5.527248,0,0,0,200,4886,37.8873,999.988037109375,,,,,,,,,,,,,0,,,,3.15953075,,,,,,41.0084419,,,,
,50920212,40.16405105,999.988037109375,2.88855421314746E-7,1.59406441674702E-7,1,4.99626677034896,40.0298881530762,1.99887276555673,1.01999996695668,3.46969800514285E-6,-5.23730074800238E-7,0.25,-9.72795019418784E-8,2.88408609890217E-7,-9.5077726333726E-8,39.7436943,40.5844078,999.988037109375,999.988037109375,52.3573863606786,14.8910437845093,5.527248,0,0,0,200,4886,37.20915,999.988037109375,,,,,,,,,,,,,0,,,,3.1437492,,,,,,40.16405105,,,,
,50920216.99,39.40223695,999.988037109375,3.64158127492814E-7,1.89083275752428E-7,1,4.99626677034896,40.0298881530762,1.99894205230979,1.01999996695668,3.83490039852837E-6,2.38784414072066E-6,0.25,1.46282182135163E-7,3.61843156608104E-7,1.48012490366613E-7,39.0607796,39.7436943,999.988037109375,999.988037109375,52.2088769420248,14.892329479451,5.154188,0,0,0,200,4886,36.519,999.988037109375,,,,,,,,,,,,,0,,,,3.1281246,,,,,,39.40223695,,,,
,50920236.48,36.0856323,999.988037109375,,,2,,,,1.03600017032027,,,,,,,36.0856323,36.0856323,999.988037109375,999.988037109375,,,5.154188,,,,-99999999,4886,33.4644,999.988037109375,,,,,,,,,,,,,,,,,,,,,,,36.0856323,,,,
touchdown = -4.86999982967973 mm,50920264.725,32.9426384,999.988037109375,2.28388314962549E-7,1.18855638197618E-7,1,4.99626677034896,40.0298881530762,1.99887604852985,1.01999996695668,2.28860797893137E-6,2.1510026143631E-6,0.25,1.49637938571482E-7,2.26493546635902E-7,1.50270392982468E-7,32.9426384,32.9426384,999.988037109375,999.988037109375,52.0705286941209,14.891823147903,5.154188,0,0,0,200,4886,32.0465,999.988037109375,,,,,,,,,,,,,0,,,,3.0815613,,,,,,32.9426384,,,,
,50920267.14,32.72534945,999.988037109375,3.83982053267335E-7,1.42471490502314E-7,1,4.99626677034896,40.0298881530762,1.99889877424606,1.01999996695668,4.01770966928915E-6,2.651368323195E-6,0.25,1.66415891448967E-7,3.81274242896014E-7,1.6784250267002E-7,32.5080605,32.9426384,999.988037109375,999.988037109375,52.3980310436786,14.8936211004346,5.154188,0,0,0,200,4886,31.6963,999.988037109375,,,,,,,,,,,,,0,,,,3.0510825,,,,,,32.72534945,,,,
,50920271.985,32.22907545,999.988037109375,2.41156406756974E-7,1.52618410910088E-7,1,4.99626677034896,40.0298881530762,1.99889576854789,1.01999996695668,2.57782567067065E-6,1.35443550201233E-6,0.25,7.71158858009337E-8,2.39595925982492E-7,7.81102715996745E-8,31.9500904,32.5080605,999.988037109375,999.988037109375,52.1275875760247,14.8930977388431,5.154188,0,0,0,200,4886,30.9479,999.988037109375,,,,,,,,,,,,,0,,,,3.035767,,,,,,32.22907545,,,,
,50920276.955,31.6032009,999.988037109375,1.53005844458845E-7,1.34573811797856E-7,1,4.99626677034896,40.0298881530762,1.99877480738907,1.01999996695668,1.6199690990564E-6,9.46627064287944E-7,0.25,5.66573750541335E-8,1.5196333296342E-7,5.72343009425291E-8,31.2563114,31.9500904,999.988037109375,999.988037109375,52.087724521544,14.8900313427739,5.154188,0,0,0,200,4886,30.1589,999.988037109375,,,,,,,,,,,,,0,,,,3.035767,,,,,,31.6032009,,,,
,50920281.97,30.84696005,999.988037109375,1.27619042035414E-7,1.57420393119816E-7,1,4.99626677034896,40.0298881530762,1.99883891140442,1.01999996695668,1.01130564349177E-6,2.72165918457019E-6,0.25,2.17871092771708E-7,1.25812065795077E-7,2.17511718576791E-7,30.4376087,31.2563114,999.988037109375,999.988037109375,51.9712618721786,14.8897213196054,5.527248,0,0,0,200,4886,29.3721,999.988037109375,,,,,,,,,,,,,0,,,,3.00559105,,,,,,30.84696005,,,,
,50920287.01,30.1055908,999.988037109375,2.36372815526476E-7,1.735448045666E-7,1,4.99626677034896,40.0298881530762,1.9990428490914,1.01999996695668,2.81433881508724E-6,-3.09697016180972E-7,0.25,-6.89072304732876E-8,2.35586611803205E-7,-6.72933212982766E-8,29.7735729,30.4376087,999.988037109375,999.988037109375,52.3120519065632,14.8959204735945,5.154188,0,0,0,200,4886,28.7821,999.988037109375,,,,,,,,,,,,,0,,,,3.00559105,,,,,,30.1055908,,,,
,50920291.985,29.5285511,999.988037109375,3.31261633786071E-7,1.17275951091216E-7,1,4.99626677034896,40.0298881530762,1.99888976131466,1.01999996695668,3.84263088324735E-6,1.40988795421497E-7,0.25,-4.57897573372516E-8,3.29877294295554E-7,-4.37839071542441E-8,29.2835293,29.7735729,999.988037109375,999.988037109375,52.0205044688901,14.8906419907974,5.154188,0,0,0,200,4886,28.5168,999.988037109375,,,,,,,,,,,,,0,,,,3.00559105,,,,,,29.5285511,,,,
