[Header]
; VSM Data File (default extension .dat)
; Copyright (c) 2003-2013, Quantum Design, Inc. All rights reserved.
TITLE,YCOB TB010X20 070826 1000 OE FCC
FILEOPENTIME,50385878.41,08/07/2026,12:28 pm
BYAPP,VSM,2.0,2.0
INFO,PPMS VSM Option Release 1.4.10 Build 1,APPNAME
INFO,Quantum Design Linear Motor Servo Controller,MOTOR_MODULE_NAME
INFO,3101-100 M1,MOTOR_HW_VERSION
INFO,MMC920,MOTOR_SERIAL_NUMBER
INFO,SRV No X-over 01.03.11,MOTOR_SOFTWARE_VERSION
INFO,Quantum Design VSM Detection Module,VSM_MODULE_NAME
INFO,3101-150 F0,VSM_HW_VERSION
INFO,VSM672,VSM_SERIAL_NUMBER
INFO,VSM No X-over 01.02.05 May 20 2008 13:51:47,VSM_SOFTWARE_VERSION
INFO,659,PREAMP_SERIAL_NUMBER
INFO,749,COIL_SERIAL_NUMBER
INFO,0,MOMENT_UNITS
INFO,YCOB,SAMPLE_MATERIAL
INFO,YCOB TB010X20 single crystal,SAMPLE_COMMENT
INFO,2.6,SAMPLE_MASS
INFO,,SAMPLE_VOLUME
INFO,590.5,SAMPLE_MOLECULAR_WEIGHT
INFO,,SAMPLE_SIZE
INFO,many crystals mosaic,SAMPLE_SHAPE
DATATYPE,COMMENT,1
DATATYPE,TIME,2
STARTUPAXIS,X,2
STARTUPAXIS,Y1,5
[Data]
Comment,Time Stamp (sec),Temperature (K),Magnetic Field (Oe),Moment (emu),M. Std. Err. (emu),Transport Action,Averaging Time (sec),Frequency (Hz),Peak Amplitude (mm),Center Position (mm),Coil Signal' (mV),Coil Signal" (mV),Range (mV),M. Quad. Signal (emu),M. Raw' (emu),M. Raw" (emu),Min. Temperature (K),Max. Temperature (K),Min. Field (Oe),Max. Field (Oe),Mass (grams),Motor Lag (deg),Pressure (Torr),VSM Status (code),Motor Status (code),Measure Status (code),Measure Count,PPMS Status (code),System Temp. (K),System Field (Oe),Sample Position (deg),Bridge 1 Resistance (ohms),Bridge 1 Excitation (µA),Bridge 2 Resistance (ohms),Bridge 2 Excitation (µA),Bridge 3 Resistance (ohms),Bridge 3 Excitation (µA),Bridge 4 Resistance (ohms),Bridge 4 Excitation (µA),Signal 1 Vin (V),Signal 2 Vin (V),Digital Inputs (code),Drive 1 Iout (mA),Drive 1 Ipower (W),Drive 2 Iout (mA),Drive 2 Ipower (W),Pressure (),Map 20 (),Map 21 (),Map 22 (),Map 23 (),Map 24 (),Map 25 (),Map 26 (),Map 27 (),Map 28 (),Map 29 ()
,50386009.77,299.84381105,999.840454101562,1.16910359934188E-5,1.63271314888601E-7,1,4.99626677034896,40.0298881530762,1.9885953833416,13.849999755621,0.000132152795556472,2.47028515866289E-5,0.25,1.81218742661585E-7,1.16906357777894E-5,1.88971982302426E-7,299.8433838,299.8442383,999.840454101562,999.840454101562,61.0623831793526,20.7833146931832,5.900308,0,0,0,200,4881,300.1653,999.840454101562,,,,,,,,,,,,,0,,,,4.4152803,,,,,,299.84381105,,,,
,50386021.945,299.84358215,999.840454101562,1.14883261973514E-5,1.54514384114156E-7,1,4.99626677034896,40.0298881530762,1.98884931902272,13.849999755621,0.000129593359433501,2.59381621296069E-5,0.25,3.24582786185175E-7,1.14878357864213E-5,3.32198255743665E-7,299.8432007,299.8439636,999.840454101562,999.840454101562,60.9787489277949,20.7790708204431,5.900308,0,0,0,200,4882,300.1597,999.840454101562,,,,,,,,,,,,,0,,,,4.4152803,,,,,,299.84358215,,,,
,50386024.735,299.8430481,999.840454101562,1.1645965665168E-5,1.6299596839543E-7,1,4.99626677034896,40.0298881530762,1.98848025714154,13.849999755621,0.000131752585895287,2.392458071251E-5,0.25,1.20368064678723E-7,1.1645606946438E-5,1.28095799298424E-7,299.8428955,299.8432007,999.840454101562,999.840454101562,61.0701994645449,20.7857548786024,5.527248,0,0,0,200,4882,300.0689,999.840454101562,,,,,,,,,,,,,0,,,,4.4374449,,,,,,299.8430481,,,,
,50386029.725,299.8404541,999.840454101562,1.15085838525554E-5,1.76077685579781E-7,1,4.99626677034896,40.0298881530762,1.98870242384945,13.849999755621,0.000130015275416744,2.47971676949248E-5,0.25,2.20606328521988E-7,1.15081624184961E-5,2.28245920374439E-7,299.8380127,299.8428955,999.840454101562,999.840454101562,61.1936967705834,20.7830387613371,5.900308,0,0,0,200,4882,299.88885,999.840454101562,,,,,,,,,,,,,0,,,,4.4596095,,,,,,299.8404541,,,,
,50386034.74,299.83226015,999.840454101562,1.15678308707959E-5,1.68877471935117E-7,1,4.99626677034896,40.0298881530762,1.98863427259898,13.849999755621,0.000130577031739837,2.55285635665241E-5,0.25,2.75075659253015E-7,1.15673747997485E-5,2.82758849045075E-7,299.8265076,299.8380127,999.840454101562,999.840454101562,61.1671214009295,20.7853085620923,5.900308,0,0,0,200,4882,299.70905,999.840454101562,,,,,,,,,,,,,0,,,,4.4596095,,,,,,299.83226015,,,,
,50386039.725,299.81562805,999.840454101562,1.16563803144733E-5,1.68267985056322E-7,1,4.99626677034896,40.0298881530762,1.9885359622647,13.849999755621,0.000131562108649374,2.57715678428651E-5,0.25,2.8148035944065E-7,1.16559245948566E-5,2.8922794144057E-7,299.8047485,299.8265076,999.840454101562,999.840454101562,61.077234121218,20.7866537795817,5.900308,0,0,0,200,4882,299.52945,999.840454101562,,,,,,,,,,,,,0,,,,4.4374449,,,,,,299.81562805,,,,
,50386044.7,299.7925415,999.840454101562,1.16431865063402E-5,1.63464985051941E-7,1,4.99626677034896,40.0298881530762,1.9884893599129,13.849999755621,0.000131224792542445,2.68275048414515E-5,0.25,3.7695202962242E-7,1.16426772349008E-5,3.84693120732844E-7,299.7803345,299.8047485,999.840454101562,999.840454101562,61.1108441475449,20.7870459308751,5.900308,0,0,0,200,4886,299.39385,999.840454101562,,,,,,,,,,,,,0,,,,4.4152803,,,,,,299.7925415,,,,
,50386049.71,299.7618103,999.840454101562,1.15493287082825E-5,1.57443993299298E-7,1,4.99626677034896,40.0298881530762,1.98853081017108,13.849999755621,0.000131023340632573,2.16177847445344E-5,0.25,-6.67337577298042E-8,1.15491299004192E-5,-5.90412307022701E-8,299.7432861,299.7803345,999.840454101562,999.840454101562,61.1030278623526,20.7845204804412,5.527248,0,0,0,200,4886,299.25845,999.840454101562,,,,,,,,,,,,,0,,,,4.4374449,,,,,,299.7618103,,,,
,50386054.71,299.72457885,999.840454101562,1.18545140490019E-5,1.44715184895439E-7,1,4.99626677034896,40.0298881530762,1.98852855432873,13.849999755621,0.000133878303509408,2.57418934121665E-5,0.25,2.4498107903507E-7,1.18541172989375E-5,2.52876226471511E-7,299.7058716,299.7432861,999.840454101562,999.840454101562,61.0600382937949,20.7853074842136,5.527248,0,0,0,200,4886,299.07945,999.840454101562,,,,,,,,,,,,,0,,,,4.4596095,,,,,,299.72457885,,,,
,50386059.7,299.6812439,999.840454101562,1.1552157753689E-5,1.56718017303622E-7,1,4.99626677034896,40.0298881530762,1.98854167382454,13.849999755621,0.00013051725574784,2.47779992361894E-5,0.25,2.11594077657672E-7,1.1551807686384E-5,2.19292914534341E-7,299.6566162,299.7058716,999.840454101562,999.840454101562,61.0608199223142,20.7852870770268,5.527248,0,0,0,200,4886,298.9429,999.840454101562,,,,,,,,,,,,,0,,,,4.4374449,,,,,,299.6812439,,,,
,50386064.7,299.63316345,999.840454101562,1.17275596998272E-5,1.58260169680119E-7,1,4.99626677034896,40.0298881530762,1.98850882038465,13.849999755621,0.000132570747807655,2.47230717211611E-5,0.25,1.76791744625734E-7,1.17272505421781E-5,1.84612728858841E-7,299.6097107,299.6566162,999.840454101562,999.840454101562,61.5829477731604,20.7858227364767,5.900308,0,0,0,200,4886,298.80655,999.840454101562,,,,,,,,,,,,,0,,,,4.4152803,,,,,,299.63316345,,,,
,50386084.53,299.3843994,999.840454101562,,,2,,,,13.8759997678399,,,,,,,299.3843994,299.3843994,999.840454101562,999.840454101562,,,5.900308,,,,-99999999,4886,298.0023,999.840454101562,,,,,,,,,,,,,,,,,,,,,,,299.3843994,,,,
touchdown = 8.46999976783991 mm,50386114.325,298.8114929,999.840454101562,1.14974265854556E-5,1.69807171942484E-7,1,4.99626677034896,40.0298881530762,2.00021387729842,13.8600002974272,0.000130640574035198,2.47347846430846E-5,0.25,2.04847849077148E-7,1.14974513799363E-5,2.12598878037079E-7,298.8114929,298.8114929,999.840454101562,999.840454101562,61.1718111720449,20.7788487847156,5.900308,0,0,0,200,4886,296.28675,999.840454101562,,,,,,,,,,,,,0,,,,4.4596095,,,,,,298.8114929,,,,
,50386115.795,298.77482605,999.840454101562,1.15925622142495E-5,1.55811494688142E-7,1,4.99626677034896,40.0298881530762,2.00008200341023,13.8600002974272,0.000132144923724936,2.24139208517691E-5,0.25,-1.49308140122769E-8,1.15927521674485E-5,-7.11457825765654E-9,298.7381592,298.8114929,999.840454101562,999.840454101562,61.0623831793526,20.7851694365062,5.900308,0,0,0,200,4886,296.1523,999.840454101562,,,,,,,,,,,,,0,,,,4.4374449,,,,,,298.77482605,,,,
,50386119.68,298.6744385,999.840454101562,1.1554117200916E-5,1.59046890704438E-7,1,4.99626677034896,40.0298881530762,2.0001346777584,13.8600002974272,0.000131218435980464,2.52186545026565E-5,0.25,2.37671397760429E-7,1.15541791707311E-5,2.45475040721146E-7,298.6107178,298.7381592,999.840454101562,999.840454101562,61.067072950468,20.7838424505725,5.527248,0,0,0,200,4886,295.88105,999.840454101562,,,,,,,,,,,,,0,,,,4.4152803,,,,,,298.6744385,,,,
,50386124.68,298.5350342,999.840454101562,1.1271364722593E-5,1.60799693967116E-7,1,4.99626677034896,40.0298881530762,2.00005401547299,13.8699999079108,0.000128087599197125,2.41057942141945E-5,0.25,1.88419072852855E-7,1.12715127178965E-5,1.96043303989261E-7,298.4593506,298.6107178,999.840454101562,999.840454101562,61.0240833819103,20.7841733953557,5.527248,0,0,0,200,4886,295.5095,999.840454101562,,,,,,,,,,,,,0,,,,4.4374449,,,,,,298.5350342,,,,
,50386129.67,298.38583375,999.840454101562,1.14395161789593E-5,1.61797098851496E-7,1,4.99626677034896,40.0298881530762,2.00006005810203,13.8699999079108,0.000129761750954546,2.58567677597266E-5,0.25,3.13282029279419E-7,1.14396467515138E-5,3.21039093155248E-7,298.3123169,298.4593506,999.840454101562,999.840454101562,61.046750608968,20.7850336551132,5.900308,0,0,0,200,4886,295.0499,999.840454101562,,,,,,,,,,,,,0,,,,4.4374449,,,,,,298.38583375,,,,
,50386134.655,298.22309875,999.840454101562,1.1451084405252E-5,1.62025728189704E-7,1,4.99626677034896,40.0298881530762,1.99999518391126,13.8600002974272,0.000129808251662214,2.63589633632251E-5,0.25,3.55412834145546E-7,1.14512555358932E-5,3.63195636194606E-7,298.1338806,298.3123169,999.840454101562,999.840454101562,61.324228733295,20.7854687733917,5.527248,0,0,0,200,4886,294.58885,999.840454101562,,,,,,,,,,,,,0,,,,4.4152803,,,,,,298.22309875,,,,
,50386139.655,298.04484555,999.840454101562,1.14582643394998E-5,1.5836266864853E-7,1,4.99626677034896,40.0298881530762,2.00008636920273,13.8699999079108,0.000129885675818108,2.64380189268504E-5,0.25,3.60991821661382E-7,1.14585074519343E-5,3.68796648768718E-7,297.9558105,298.1338806,999.840454101562,999.840454101562,61.2921819640065,20.7869519648292,5.900308,0,0,0,200,4886,294.12785,999.840454101562,,,,,,,,,,,,,0,,,,4.4374449,,,,,,298.04484555,,,,
,50386144.65,297.8478546,999.840454101562,1.14118874072237E-5,1.575799764919E-7,1,4.99626677034896,40.0298881530762,2.00019595349632,13.8699999079108,0.000129630170266995,2.47969753543479E-5,0.25,2.24784535760184E-7,1.14123044539737E-5,2.32569575697976E-7,297.7398987,297.9558105,999.840454101562,999.840454101562,61.0733259786218,20.7826064849904,5.527248,0,0,0,200,4886,293.6243,999.840454101562,,,,,,,,,,,,,0,,,,4.4596095,,,,,,297.8478546,,,,
,50386149.62,297.63876345,999.840454101562,1.11242842821926E-5,1.54208815828711E-7,1,4.99626677034896,40.0298881530762,2.00008552683297,13.8600002974272,0.000126376066523126,2.40626925524453E-5,0.25,2.0960511718399E-7,1.1124783672168E-5,2.17210247288531E-7,297.5376282,297.7398987,999.840454101562,999.840454101562,61.0913034345642,20.7855219615218,5.527248,0,0,0,200,4886,293.1348,999.840454101562,,,,,,,,,,,,,0,,,,4.4374449,,,,,,297.63876345,,,,
,50386154.64,297.42359925,999.840454101562,1.12924902354841E-5,1.61382789317966E-7,1,4.99626677034896,40.0298881530762,1.99995372755857,13.8600002974272,0.000128046645330305,2.5789778998494E-5,0.25,3.3249592146805E-7,1.12930055065712E-5,3.40241566362098E-7,297.3095703,297.5376282,999.840454101562,999.840454101562,61.1374195171988,20.7873825873243,5.527248,0,0,0,200,4886,292.6288,999.840454101562,,,,,,,,,,,,,0,,,,4.4152803,,,,,,297.42359925,,,,
,50386159.64,297.1826019,999.840454101562,1.16326011149776E-5,1.65992381273015E-7,1,4.99626677034896,40.0298881530762,2.00000003270724,13.8600002974272,0.000132295458846494,2.42966989703342E-5,0.25,1.43257803070186E-7,1.16333725560211E-5,1.51241906844866E-7,297.0556335,297.3095703,999.840454101562,999.840454101562,61.2202721402372,20.7879036491079,5.527248,0,0,0,200,4886,292.1076,999.840454101562,,,,,,,,,,,,,0,,,,4.4152803,,,,,,297.1826019,,,,
,50386164.62,296.9414215,999.840454101562,1.12816840858827E-5,1.66684836790269E-7,1,4.99626677034896,40.0298881530762,1.99996591338553,13.8600002974272,0.000128173450676086,2.43249518117462E-5,0.25,2.05726654800932E-7,1.12824877291152E-5,2.13492808960554E-7,296.8272095,297.0556335,999.840454101562,999.840454101562,61.2273067969103,20.7869742662214,5.900308,0,0,0,200,4886,291.60175,999.840454101562,,,,,,,,,,,,,0,,,,4.4152803,,,,,,296.9414215,,,,
,50386169.62,296.683136,999.840454101562,1.12722297197928E-5,1.6198345769869E-7,1,4.99626677034896,40.0298881530762,1.99993984401246,13.8699999079108,0.000127900596626347,2.52701423309591E-5,0.25,2.90267563944146E-7,1.12730827604606E-5,2.98054020624292E-7,296.5390625,296.8272095,999.840454101562,999.840454101562,61.1952600276219,20.787277867256,5.527248,0,0,0,200,4886,291.0707,999.840454101562,,,,,,,,,,,,,0,,,,4.4152803,,,,,,296.683136,,,,
,50386177.12,296.24761965,999.840454101562,1.13214054941669E-5,1.67766340921103E-7,1,4.99626677034896,40.0298881530762,1.99996364574035,13.8600002974272,0.000128427307818574,2.55846479534551E-5,0.25,3.09367623341348E-7,1.13224334266564E-5,3.17222302446691E-7,295.9561768,296.5390625,999.840454101562,999.840454101562,61.2773310221411,20.7882080550854,5.527248,0,0,0,200,4886,290.21435,999.840454101562,,,,,,,,,,,,,0,,,,4.4374449,,,,,,296.24761965,,,,
,50386184.62,295.79504395,999.840454101562,1.1397329343797E-5,1.63946270337389E-7,1,4.99626677034896,40.0298881530762,1.99986023081618,13.8600002974272,0.000129701024634669,2.33183282706283E-5,0.25,9.75752912408483E-8,1.13987046211165E-5,1.05487399393677E-7,295.6339111,295.9561768,999.840454101562,999.840454101562,61.280457536218,20.7896415282481,5.900308,0,0,0,200,4886,289.40025,999.840454101562,,,,,,,,,,,,,0,,,,4.4596095,,,,,,295.79504395,,,,
,50386189.625,295.475708,999.840454101562,1.13553117238145E-5,1.63448382183018E-7,1,4.99626677034896,40.0298881530762,1.99981249089256,13.8600002974272,0.000128784937921761,2.57854968290945E-5,0.25,3.21247726025734E-7,1.13566618798063E-5,3.29180686390034E-7,295.3175049,295.6339111,999.840454101562,999.840454101562,61.1233502038526,20.7899744978516,5.527248,0,0,0,200,4886,288.8551,999.840454101562,,,,,,,,,,,,,0,,,,4.4596095,,,,,,295.475708,,,,
,50386194.625,295.1690216,999.840454101562,1.13401839079655E-5,1.72821361652899E-7,1,4.99626677034896,40.0298881530762,2.00001616184737,13.8600002974272,0.000129115016065403,2.29012785946613E-5,0.25,7.05191509886243E-8,1.13418361693818E-5,7.84254548795694E-8,295.0205383,295.3175049,999.840454101562,999.840454101562,61.1116257760642,20.7877063227332,5.900308,0,0,0,200,4886,288.31255,999.840454101562,,,,,,,,,,,,,0,,,,4.4374449,,,,,,295.1690216,,,,
,50386199.625,294.8384857,999.840454101562,1.148194055696E-5,1.67525361327658E-7,1,4.99626677034896,40.0298881530762,1.99990477894046,13.8699999079108,0.000130390336516901,2.51364018238349E-5,0.25,2.42456647726934E-7,1.14836359758943E-5,2.50509916437185E-7,294.6564331,295.0205383,999.840454101562,999.840454101562,61.2632617087949,20.7891350647495,5.900308,0,0,0,200,4886,287.72845,999.840454101562,,,,,,,,,,,,,0,,,,4.4152803,,,,,,294.8384857,,,,
,50386204.64,294.4750366,999.840454101562,1.12931900887688E-5,1.53472666198967E-7,1,4.99626677034896,40.0298881530762,1.99986986328941,13.8600002974272,0.000128502447434548,2.32258930217782E-5,0.25,1.07084791569048E-7,1.12951029200338E-5,1.15005171797085E-7,294.2936401,294.6564331,999.840454101562,999.840454101562,61.1366378886795,20.7895312752078,5.527248,0,0,0,200,4886,287.14045,999.840454101562,,,,,,,,,,,,,0,,,,4.4374449,,,,,,294.4750366,,,,
,50386209.65,294.1211395,999.840454101562,1.14337110608896E-5,1.57147963372958E-7,1,4.99626677034896,40.0298881530762,1.99998172442258,13.8600002974272,0.000129472320721667,2.72465897336896E-5,0.25,4.35662809034658E-7,1.14355698950644E-5,4.43762057894737E-7,293.9486389,294.2936401,999.840454101562,999.840454101562,61.2788942791796,20.7872918116608,5.900308,0,0,0,200,4886,286.63555,999.840454101562,,,,,,,,,,,,,0,,,,4.4596095,,,,,,294.1211395,,,,
,50386214.625,293.77519225,999.840454101562,1.16205378158368E-5,1.81419173634672E-7,1,4.99626677034896,40.0298881530762,2.00001598750623,13.8600002974272,0.000131950547947529,2.55939830099287E-5,0.25,2.58647246353458E-7,1.16227065456927E-5,2.66864609155914E-7,293.6017456,293.9486389,999.840454101562,999.840454101562,61.4594504671219,20.7875584514637,5.900308,0,0,0,200,4886,286.13075,999.840454101562,,,,,,,,,,,,,0,,,,4.4374449,,,,,,293.77519225,,,,
,50386219.585,293.42800905,999.840454101562,1.1404723070856E-5,1.42222379793861E-7,1,4.99626677034896,40.0298881530762,1.99986818672746,13.8600002974272,0.000129756725938958,2.35720609202712E-5,0.25,1.18257035023232E-7,1.14070949219601E-5,1.2631515728208E-7,293.2542725,293.6017456,999.840454101562,999.840454101562,61.3539306170257,20.7903477323993,5.900308,0,0,0,200,4886,285.55925,999.840454101562,,,,,,,,,,,,,0,,,,4.4374449,,,,,,293.42800905,,,,
,50386224.61,293.04475405,999.840454101562,1.15577286828029E-5,1.6844573105446E-7,1,4.99626677034896,40.0298881530762,1.99982321726331,13.8600002974272,0.000131757954278113,2.23595710034756E-5,0.25,-1.42908762747222E-8,1.15603928085715E-5,-6.13215714617817E-9,292.8352356,293.2542725,999.840454101562,999.840454101562,61.2648249658334,20.7916113992723,5.900308,0,0,0,200,4886,284.9306,999.840454101562,,,,,,,,,,,,,0,,,,4.4596095,,,,,,293.04475405,,,,
,50386229.595,292.65382385,999.840454101562,1.16548122583173E-5,1.67272120743411E-7,1,4.99626677034896,40.0298881530762,1.99982275923388,13.8699999079108,0.000132552253259763,2.43864094531677E-5,0.25,1.4689069131148E-7,1.16575555775338E-5,1.55176672215451E-7,292.4724121,292.8352356,999.840454101562,999.840454101562,61.4000466996603,20.7923561789105,5.900308,0,0,0,200,4886,284.3691,999.840454101562,,,,,,,,,,,,,0,,,,4.4596095,,,,,,292.65382385,,,,
,50386234.565,292.2817383,999.840454101562,1.15717230311836E-5,1.69609788485956E-7,1,4.99626677034896,40.0298881530762,1.99976307261881,13.8699999079108,0.000131805089475263,2.30440280924833E-5,0.25,4.33313345344301E-8,1.15746808334133E-5,5.15526939775344E-8,292.0910645,292.4724121,999.840454101562,999.840454101562,61.2632617087949,20.792855733144,5.900308,0,0,0,200,4886,283.82455,999.840454101562,,,,,,,,,,,,,0,,,,4.4596095,,,,,,292.2817383,,,,
,50386239.58,291.8614502,999.840454101562,1.15128910034691E-5,1.65423707060189E-7,1,4.99626677034896,40.0298881530762,1.99991303148939,13.8600002974272,0.000131005251014073,2.37544644908265E-5,0.25,1.15520683821877E-7,1.15159638430208E-5,1.23741085754167E-7,291.6318359,292.0910645,999.840454101562,999.840454101562,61.3687815588911,20.7907969684823,5.527248,0,0,0,200,4886,283.23865,999.840454101562,,,,,,,,,,,,,0,,,,4.48199655,,,,,,291.8614502,,,,
,50386244.605,291.4454498,999.840454101562,1.16202358430289E-5,1.64541151407386E-7,1,4.99626677034896,40.0298881530762,1.99989344310305,13.8699999079108,0.000131660003501301,2.72955030237365E-5,0.25,4.07789544295984E-7,1.1623311150708E-5,4.16191944650104E-7,291.2590637,291.6318359,999.840454101562,999.840454101562,61.2960901066026,20.7889916832704,5.900308,0,0,0,200,4886,282.6933,999.840454101562,,,,,,,,,,,,,0,,,,4.48199655,,,,,,291.4454498,,,,
,50386249.595,291.0350952,999.840454101562,1.15925009546197E-5,1.60713843238105E-7,1,4.99626677034896,40.0298881530762,1.99981147637705,13.8600002974272,0.000131750876243134,2.48421694100483E-5,0.25,1.97332170082304E-7,1.15958964757203E-5,2.05677528182242E-7,290.8111267,291.2590637,999.840454101562,999.840454101562,61.4180241556026,20.790686966768,5.527248,0,0,0,200,4886,282.10695,999.840454101562,,,,,,,,,,,,,0,,,,4.4596095,,,,,,291.0350952,,,,
,50386254.585,290.60191345,999.840454101562,1.15996655098165E-5,1.60478403396825E-7,1,4.99626677034896,40.0298881530762,1.99989725260735,13.8600002974272,0.000131264973750637,2.8220969723515E-5,0.25,4.92374031171349E-7,1.16030402069292E-5,5.00843245453576E-7,290.3927002,290.8111267,999.840454101562,999.840454101562,61.4070813563334,20.7918289261294,5.527248,0,0,0,200,4886,281.52215,999.840454101562,,,,,,,,,,,,,0,,,,4.4596095,,,,,,290.60191345,,,,
,50386259.58,290.16630555,999.840454101562,1.16064915468104E-5,1.75499333453273E-7,1,4.99626677034896,40.0298881530762,1.99987671300988,13.8699999079108,0.000132127925264541,2.36476210301802E-5,0.25,8.99666341002082E-8,1.16103465240102E-5,9.83336978383891E-8,289.9399109,290.3927002,999.840454101562,999.840454101562,61.3765978440834,20.7903079592141,5.527248,0,0,0,200,4886,280.9381,999.840454101562,,,,,,,,,,,,,0,,,,4.48199655,,,,,,290.16630555,,,,
,50386264.58,289.7389984,999.840454101562,1.16391579852955E-5,1.60777363822199E-7,1,4.99626677034896,40.0298881530762,1.99991568422741,13.8699999079108,0.000132205018868129,2.5465784208942E-5,0.25,2.43784446497418E-7,1.16430999302147E-5,2.52251321807609E-7,289.5380859,289.9399109,999.840454101562,999.840454101562,61.0631648078718,20.7911991819879,5.900308,0,0,0,200,4886,280.36695,999.840454101562,,,,,,,,,,,,,0,,,,4.48199655,,,,,,289.7389984,,,,
,50386269.565,289.33409115,999.840454101562,1.15081004841971E-5,1.61888773955827E-7,1,4.99626677034896,40.0298881530762,1.99995496437301,13.8600002974272,0.000130737409633903,2.5082814586114E-5,0.25,2.32503157648861E-7,1.15121786865109E-5,2.4089601903218E-7,289.1300964,289.5380859,999.840454101562,999.840454101562,61.3289185044103,20.7906897183858,5.900308,0,0,0,200,4886,279.78265,999.840454101562,,,,,,,,,,,,,0,,,,4.4596095,,,,,,289.33409115,,,,
,50386274.555,288.8863525,999.840454101562,1.16352957209345E-5,1.75232740830571E-7,1,4.99626677034896,40.0298881530762,1.99989142853668,13.8600002974272,0.000132277190382583,2.47949698433788E-5,0.25,1.85511784765304E-7,1.16396501440315E-5,1.94004052249254E-7,288.6426086,289.1300964,999.840454101562,999.840454101562,61.2632617087949,20.7913991017766,5.900308,0,0,0,200,4886,279.1801,999.840454101562,,,,,,,,,,,,,0,,,,4.4374449,,,,,,288.8863525,,,,
,50386279.56,288.43489075,999.840454101562,1.1685764478614E-5,1.56493690196527E-7,1,4.99626677034896,40.0298881530762,1.99982805573359,13.8600002974272,0.000132484394684029,2.70355831203539E-5,0.25,3.734439211224E-7,1.16902001455839E-5,3.82071558814955E-7,288.2271729,288.6426086,999.840454101562,999.840454101562,61.3758162155642,20.7917359493069,5.527248,0,0,0,200,4886,278.6327,999.840454101562,,,,,,,,,,,,,0,,,,4.45983195,,,,,,288.43489075,,,,
,50386284.54,288.0028534,999.840454101562,1.19103641944455E-5,1.71054387454691E-7,1,4.99626677034896,40.0298881530762,1.99998633338556,13.8699999079108,0.000135337087657005,2.58384573284555E-5,0.25,2.29794216410179E-7,1.19151874301799E-5,2.3855249691376E-7,287.7785339,288.2271729,999.840454101562,999.840454101562,61.1866621139103,20.7896891546906,5.900308,0,0,0,200,4886,278.04855,999.840454101562,,,,,,,,,,,,,0,,,,4.48199655,,,,,,288.0028534,,,,
,50386289.57,287.53585815,999.840454101562,1.16102861825506E-5,1.67964102286618E-7,1,4.99626677034896,40.0298881530762,1.99987664938692,13.8699999079108,0.000131760040922468,2.6137992109937E-5,0.25,3.07436868752866E-7,1.16151303436073E-5,3.16037709760209E-7,287.2931824,287.7785339,999.840454101562,999.840454101562,61.483680951218,20.7888309474612,5.527248,0,0,0,200,4886,277.424,999.840454101562,,,,,,,,,,,,,0,,,,4.4596095,,,,,,287.53585815,,,,
,50386294.555,287.07473755,999.840454101562,1.15939793335246E-5,1.69488733936706E-7,1,4.99626677034896,40.0298881530762,1.99974862011183,13.8699999079108,0.000131677738248997,2.54656024886429E-5,0.25,2.51321041441025E-7,1.15990578467543E-5,2.59911238789273E-7,286.8562927,287.2931824,999.840454101562,999.840454101562,61.3336082755257,20.7908318595928,5.900308,0,0,0,200,4886,276.84215,999.840454101562,,,,,,,,,,,,,0,,,,4.4596095,,,,,,287.07473755,,,,
,50386299.55,286.6043701,999.840454101562,1.18397246298787E-5,1.6349720933496E-7,1,4.99626677034896,40.0298881530762,1.99973468220538,13.8600002974272,0.000134581441470993,2.53554398805039E-5,0.25,1.99590212136208E-7,1.18451617435853E-5,2.08360560642686E-7,286.3524475,286.8562927,999.840454101562,999.840454101562,61.4383464971026,20.7918584883445,5.900308,0,0,0,200,4886,276.30045,999.840454101562,,,,,,,,,,,,,0,,,,4.4374449,,,,,,286.6043701,,,,
,50386304.55,286.13137815,999.840454101562,1.17973579847397E-5,1.59716774411341E-7,1,4.99626677034896,40.0298881530762,1.99976738532752,13.8600002974272,0.000134190745353037,2.47602160469975E-5,0.25,1.5452699372163E-7,1.18030176938762E-5,1.6327001029883E-7,285.9103088,286.3524475,999.840454101562,999.840454101562,61.446162782295,20.7925749931329,5.900308,0,0,0,200,4886,275.7118,999.840454101562,,,,,,,,,,,,,0,,,,4.4374449,,,,,,286.13137815,,,,
,50386309.525,285.65841675,999.840454101562,1.16016321355869E-5,1.71062959991015E-7,1,4.99626677034896,40.0298881530762,1.9996797024273,13.8699999079108,0.000131854306956203,2.4974314195128E-5,0.25,2.06808340443809E-7,1.16073636714548E-5,2.1545826007645E-7,285.4065247,285.9103088,999.840454101562,999.840454101562,61.1757193146411,20.792876799923,5.900308,0,0,0,200,4886,275.137,999.840454101562,,,,,,,,,,,,,0,,,,4.48199655,,,,,,285.65841675,,,,
,50386314.505,285.1915131,999.840454101562,1.19304688843556E-5,1.70272490547234E-7,1,4.99626677034896,40.0298881530762,1.99970911770723,13.8600002974272,0.000135752922907221,2.47645465500338E-5,0.25,1.32083925228665E-7,1.19366314584049E-5,1.40962894647144E-7,284.9765015,285.4065247,999.840454101562,999.840454101562,61.504003292718,20.7918826907341,5.527248,0,0,0,200,4886,274.5548,999.840454101562,,,,,,,,,,,,,0,,,,4.48199655,,,,,,285.1915131,,,,
,50386319.515,284.69845585,999.840454101562,1.17021560378153E-5,1.63946920930834E-7,1,4.99626677034896,40.0298881530762,1.99981315951411,13.8600002974272,0.000132834007983694,2.6222482952263E-5,0.25,2.98834350645253E-7,1.17082921529221E-5,3.07660384489907E-7,284.4204102,284.9765015,999.840454101562,999.840454101562,61.3547122455449,20.7913335604023,5.900308,0,0,0,200,4886,273.9592,999.840454101562,,,,,,,,,,,,,0,,,,4.4596095,,,,,,284.69845585,,,,
,50386324.515,284.2044678,999.840454101562,1.17878627906266E-5,1.65392473863995E-7,1,4.99626677034896,40.0298881530762,1.99988529824462,13.8699999079108,0.000134114060848819,2.46610787824726E-5,0.25,1.47086738681358E-7,1.17943764755913E-5,1.55920347413043E-7,283.9885254,284.4204102,999.840454101562,999.840454101562,61.2593535661988,20.7893104195809,5.900308,0,0,0,200,4886,273.33905,999.840454101562,,,,,,,,,,,,,0,,,,4.48199655,,,,,,284.2044678,,,,
,50386329.48,283.71313475,999.840454101562,1.17393852949536E-5,1.61472445315326E-7,1,4.99626677034896,40.0298881530762,1.99998537737916,13.8600002974272,0.000133711410884617,2.37422678912381E-5,0.25,7.46307542291813E-8,1.1746142369841E-5,8.34117830736956E-8,283.4377441,283.9885254,999.840454101562,999.840454101562,61.2515372810065,20.7890493261422,5.900308,0,0,0,200,4886,272.7479,999.840454101562,,,,,,,,,,,,,0,,,,4.48199655,,,,,,283.71313475,,,,
,50386334.5,283.21131895,999.840454101562,1.1997520246145E-5,1.66930940170364E-7,1,4.99626677034896,40.0298881530762,1.99969866864987,13.8699999079108,0.00013671541686583,2.37940610467088E-5,0.25,3.52510710801696E-8,1.20046828993211E-5,4.42253427930549E-8,282.9848938,283.4377441,999.840454101562,999.840454101562,61.1413276597949,20.7939711234676,5.900308,0,0,0,200,4886,272.1581,999.840454101562,,,,,,,,,,,,,0,,,,4.48199655,,,,,,283.21131895,,,,
,50386339.485,282.7206726,999.840454101562,1.1720081339735E-5,1.69593282202174E-7,1,4.99626677034896,40.0298881530762,1.99978458720681,13.8600002974272,0.000132751334300062,2.7984563260627E-5,0.25,4.50083994767559E-7,1.17269836722619E-5,4.59130573912097E-7,282.4564514,282.9848938,999.840454101562,999.840454101562,61.4578872100834,20.7926125340759,5.900308,0,0,0,200,4886,271.57855,999.840454101562,,,,,,,,,,,,,0,,,,4.5043836,,,,,,282.7206726,,,,
,50386344.465,282.1997528,999.840454101562,1.18683421564858E-5,1.51983608112083E-7,1,4.99626677034896,40.0298881530762,2.00020987154567,13.8699999079108,0.000135327318629862,2.3276399576504E-5,0.25,1.13177863748862E-8,1.18758970547618E-5,2.02273896506781E-8,281.9430542,282.4564514,999.840454101562,999.840454101562,61.6876859947373,20.781799577961,5.527248,0,0,0,200,4886,270.9985,999.840454101562,,,,,,,,,,,,,0,,,,4.5043836,,,,,,282.1997528,,,,
,50386349.48,281.69602965,999.840454101562,1.20058222428132E-5,1.76547509131646E-7,1,4.99626677034896,40.0298881530762,1.99991074623394,13.8699999079108,0.000136351989718779,2.6618895612238E-5,0.25,2.81163807587251E-7,1.20134893736873E-5,2.90377123270726E-7,281.4490051,281.9430542,999.840454101562,999.840454101562,61.5720049738911,20.7907688560571,5.527248,0,0,0,200,4886,270.4175,999.840454101562,,,,,,,,,,,,,0,,,,4.48199655,,,,,,281.69602965,,,,
,50386354.49,281.18722535,999.840454101562,1.18492454580107E-5,1.59944873560534E-7,1,4.99626677034896,40.0298881530762,1.9998136595864,13.8699999079108,0.00013474153964312,2.52684066843647E-5,0.25,1.89543846869834E-7,1.18571051955577E-5,1.9860653759538E-7,280.9254456,281.4490051,999.840454101562,999.840454101562,61.2210537687565,20.793257085239,5.527248,0,0,0,200,4886,269.8233,999.840454101562,,,,,,,,,,,,,0,,,,4.48199655,,,,,,281.18722535,,,,
,50386359.49,280.68644715,999.840454101562,1.19623132538701E-5,1.67403099219518E-7,1,4.99626677034896,40.0298881530762,1.99972839654276,13.8699999079108,0.000136207356919688,2.44386271159386E-5,0.25,9.7458070317252E-8,1.19705439424938E-5,1.06569497635272E-7,280.4474487,280.9254456,999.840454101562,999.840454101562,61.4711748949103,20.7966180241653,5.527248,0,0,0,200,4886,269.23215,999.840454101562,,,,,,,,,,,,,0,,,,4.48199655,,,,,,280.68644715,,,,
,50386364.505,280.1726837,999.840454101562,1.17853397547509E-5,1.71989323619267E-7,1,4.99626677034896,40.0298881530762,1.99989433406763,13.8600002974272,0.000133984673739918,2.53704340021523E-5,0.25,2.09204655118088E-7,1.17935905757091E-5,2.18286902434394E-7,279.8979187,280.4474487,999.840454101562,999.840454101562,61.5079114353142,20.7908871040707,5.527248,0,0,0,200,4886,268.65625,999.840454101562,,,,,,,,,,,,,0,,,,4.4596095,,,,,,280.1726837,,,,
,50386369.485,279.6589203,999.840454101562,1.19866783679517E-5,1.71464611953219E-7,1,4.99626677034896,40.0298881530762,1.99960803429754,13.8600002974272,0.000136129443287226,2.65506887214968E-5,0.25,2.78519940717537E-7,1.19952515114295E-5,2.87833258663486E-7,279.4199219,279.8979187,999.840454101562,999.840454101562,61.1256950894103,20.7958013448395,5.900308,0,0,0,200,4886,268.0774,999.840454101562,,,,,,,,,,,,,0,,,,4.4374449,,,,,,279.6589203,,,,
,50386388.91,277.6998596,999.840454101562,,,2,,,,13.8959999201298,,,,,,,277.6998596,277.6998596,999.840454101562,999.840454101562,,,5.900308,,,,-99999999,4886,265.7553,999.840454101562,,,,,,,,,,,,,,,,,,,,,,,277.6998596,,,,
touchdown = 8.48999992012978 mm,50386419.52,274.4440308,999.840454101562,1.1932187157806E-5,1.6025177765466E-7,1,4.99626677034896,40.0298881530762,1.99970132096732,13.8900000602007,0.000135306425671386,2.78201290540008E-5,0.25,3.98347550690563E-7,1.19429617078296E-5,4.08028680386898E-7,274.4440308,274.4440308,999.840454101562,999.840454101562,61.3625285307373,20.7949890214456,5.900308,0,0,0,200,4886,262.2434,999.840454101562,,,,,,,,,,,,,0,,,,4.4596095,,,,,,274.4440308,,,,
,50386420.755,274.29072575,999.840454101562,1.2130313671035E-5,1.48329702757676E-7,1,4.99626677034896,40.0298881530762,1.99981538372501,13.8900000602007,0.000138280247095356,2.40810331585811E-5,0.25,3.64698866275325E-8,1.21416246195869E-5,4.59764580838935E-8,274.1374207,274.4440308,999.840454101562,999.840454101562,61.2609168232372,20.792829151535,5.527248,0,0,0,200,4886,262.08645,999.840454101562,,,,,,,,,,,,,0,,,,4.4596095,,,,,,274.29072575,,,,
,50386424.415,273.8956604,999.840454101562,1.22681772064434E-5,1.66181148226975E-7,1,4.99626677034896,40.0298881530762,1.99983018151766,13.880000449717,0.000139324369357947,2.74567842671942E-5,0.25,3.0879548470653E-7,1.22795862538869E-5,3.1868680680719E-7,273.6539001,274.1374207,999.840454101562,999.840454101562,61.4938421219681,20.7933202837272,5.900308,0,0,0,200,4886,261.6795,999.840454101562,,,,,,,,,,,,,0,,,,4.4596095,,,,,,273.8956604,,,,
,50386429.4,273.36318965,999.840454101562,1.20987647522704E-5,1.77282588681389E-7,1,4.99626677034896,40.0298881530762,1.99997965519941,13.8900000602007,0.000137570252717317,2.61604775701355E-5,0.25,2.23884793089862E-7,1.21103210117951E-5,2.33593055561826E-7,273.0724792,273.6539001,999.840454101562,999.840454101562,61.4750830375065,20.7917252785827,5.527248,0,0,0,200,4886,261.09175,999.840454101562,,,,,,,,,,,,,0,,,,4.4596095,,,,,,273.36318965,,,,
,50386434.405,272.82991025,999.840454101562,1.22431129459104E-5,1.7567058950967E-7,1,4.99626677034896,40.0298881530762,2.00001385032445,13.880000449717,0.000138809832120328,2.88516922133122E-5,0.25,4.35008470226365E-7,1.22548879867626E-5,4.45069524407493E-7,272.5873413,273.0724792,999.840454101562,999.840454101562,61.3062512773526,20.7896583603192,5.900308,0,0,0,200,4886,260.503,999.840454101562,,,,,,,,,,,,,0,,,,4.4596095,,,,,,272.82991025,,,,
,50386439.435,272.28826905,999.840454101562,1.21078070815079E-5,1.52483937161992E-7,1,4.99626677034896,40.0298881530762,1.99979025607811,13.880000449717,0.000137481628076124,2.72577119767206E-5,0.25,3.18599399501697E-7,1.21197857237509E-5,3.28469906001731E-7,271.9891968,272.5873413,999.840454101562,999.840454101562,61.2992166206796,20.7939446364251,5.900308,0,0,0,200,4886,259.945,999.840454101562,,,,,,,,,,,,,0,,,,4.48199655,,,,,,272.28826905,,,,
,50386444.415,271.7346802,999.840454101562,1.20812555863668E-5,1.70538728925047E-7,1,4.99626677034896,40.0298881530762,2.00000764864301,13.8900000602007,0.000136928246347916,2.87735324505875E-5,0.25,4.55697922289272E-7,1.20933497570642E-5,4.65720778308331E-7,271.4801636,271.9891968,999.840454101562,999.840454101562,61.3023431347565,20.7892673705088,5.527248,0,0,0,200,4886,259.3722,999.840454101562,,,,,,,,,,,,,0,,,,4.48199655,,,,,,271.7346802,,,,
,50386449.4,271.19625855,999.840454101562,1.21295730360661E-5,1.53152165321959E-7,1,4.99626677034896,40.0298881530762,1.99992327303789,13.8900000602007,0.000138028595754555,2.56408282840183E-5,0.25,1.72838065262455E-7,1.21421860293148E-5,1.82633971571771E-7,270.9123535,271.4801636,999.840454101562,999.840454101562,61.158523487218,20.7896261702048,5.900308,0,0,0,200,4886,258.85805,999.840454101562,,,,,,,,,,,,,0,,,,4.4596095,,,,,,271.19625855,,,,
,50386456.915,270.3724823,999.840454101562,1.23557342522276E-5,1.66671562769078E-7,1,4.99626677034896,40.0298881530762,1.99978475594047,13.880000449717,0.00014021884896808,2.8330218824063E-5,0.25,3.69970569075064E-7,1.23688116427235E-5,3.80191662093987E-7,269.8326111,270.9123535,999.840454101562,999.840454101562,61.575131487968,20.7947899689718,5.900308,0,0,0,200,4886,258.26365,999.840454101562,,,,,,,,,,,,,0,,,,4.48199655,,,,,,270.3724823,,,,
,50386464.425,269.58636475,999.840454101562,1.20857082706324E-5,1.42477082571955E-7,1,4.99626677034896,40.0298881530762,1.99995037687975,13.8900000602007,0.000137765462714952,2.42293552067744E-5,0.25,5.64047724549601E-8,1.20991012008908E-5,6.60942264919507E-8,269.3401184,269.8326111,999.840454101562,999.840454101562,61.3273552473719,20.7906610770676,5.900308,0,0,0,200,4886,257.8058,999.840454101562,,,,,,,,,,,,,0,,,,4.48199655,,,,,,269.58636475,,,,
,50386469.445,269.070343,999.840454101562,1.24676636519718E-5,1.6625143079639E-7,1,4.99626677034896,40.0298881530762,1.99988245745834,13.8900000602007,0.000141623636970316,2.78820744299941E-5,0.25,3.11271975525776E-7,1.24815212682162E-5,3.21564977134591E-7,268.8005676,269.3401184,999.840454101562,999.840454101562,61.1616500012949,20.7930986250794,5.527248,0,0,0,200,4886,257.596,999.840454101562,,,,,,,,,,,,,0,,,,4.48199655,,,,,,269.070343,,,,
,50386474.42,268.56199645,999.840454101562,1.24116574746194E-5,1.45556905548776E-7,1,4.99626677034896,40.0298881530762,2.00012185996553,13.880000449717,0.000141234004903167,2.64290138962277E-5,0.25,1.93162553252524E-7,1.24257842544834E-5,2.03290797173957E-7,268.3234253,268.8005676,999.840454101562,999.840454101562,61.7674121036988,20.7878115878791,5.900308,0,0,0,200,4886,257.38635,999.840454101562,,,,,,,,,,,,,0,,,,4.48199655,,,,,,268.56199645,,,,
,50386479.385,268.1114044,999.840454101562,1.24182791514429E-5,1.62774061166333E-7,1,4.99626677034896,40.0298881530762,1.99972082228533,13.8900000602007,0.000141305639072456,2.63165123478254E-5,0.25,1.82562145614689E-7,1.24326333566182E-5,1.92695454960715E-7,267.8993835,268.3234253,999.840454101562,999.840454101562,61.527452148295,20.7949595071684,5.527248,0,0,0,200,4886,257.19725,999.840454101562,,,,,,,,,,,,,0,,,,4.48199655,,,,,,268.1114044,,,,
,50386484.395,267.63778685,999.840454101562,1.24117239624478E-5,1.44891938172001E-7,1,4.99626677034896,40.0298881530762,1.99988643039108,13.8900000602007,0.000141295174329112,2.60101675308604E-5,0.25,1.5659696277946E-7,1.24263129918227E-5,1.66709140116476E-7,267.3761902,267.8993835,999.840454101562,999.840454101562,61.3898855289103,20.792542125966,5.900308,0,0,0,200,4886,256.9488,999.840454101562,,,,,,,,,,,,,0,,,,4.48199655,,,,,,267.63778685,,,,
,50386489.375,267.16770935,999.840454101562,1.27148951058825E-5,1.47857195264901E-7,1,4.99626677034896,40.0298881530762,1.99995601426338,13.880000449717,0.000144615481056914,2.74555797434613E-5,0.25,2.31289633642433E-7,1.27300085734755E-5,2.41753401169858E-7,266.9592285,267.3761902,999.840454101562,999.840454101562,61.3461143318334,20.7922217171864,5.900308,0,0,0,200,4886,256.6043,999.840454101562,,,,,,,,,,,,,0,,,,4.48199655,,,,,,267.16770935,,,,
,50386494.405,266.73213195,999.840454101562,1.25478397058983E-5,1.51962684180051E-7,1,4.99626677034896,40.0298881530762,1.99979014039385,13.880000449717,0.000142345532555694,2.92031957603569E-5,0.25,4.13189142485277E-7,1.25628116986087E-5,4.23760023484257E-7,266.5050354,266.9592285,999.840454101562,999.840454101562,61.5251072627373,20.7940609780137,5.900308,0,0,0,200,4886,256.28115,999.840454101562,,,,,,,,,,,,,0,,,,4.5043836,,,,,,266.73213195,,,,
,50386499.405,266.2999573,999.840454101562,1.2627725470754E-5,1.45777427688986E-7,1,4.99626677034896,40.0298881530762,1.99971011438693,13.880000449717,0.000143807065864448,2.61242108165956E-5,0.25,1.29673013486859E-7,1.26432276546601E-5,1.39979155281622E-7,266.0948792,266.5050354,999.840454101562,999.840454101562,61.4875890938142,20.7957775125579,5.900308,0,0,0,200,4886,255.9706,999.840454101562,,,,,,,,,,,,,0,,,,4.5043836,,,,,,266.2999573,,,,
,50386504.36,265.89616395,999.840454101562,1.24614061590041E-5,1.52734360475995E-7,1,4.99626677034896,40.0298881530762,1.99965999385491,13.880000449717,0.000141803974651418,2.64098755613013E-5,0.25,1.8316825733433E-7,1.2476848448813E-5,1.93427880386339E-7,265.6974487,266.0948792,999.840454101562,999.840454101562,61.1999497987372,20.7955172691904,5.900308,0,0,0,200,4886,255.58425,999.840454101562,,,,,,,,,,,,,0,,,,4.5043836,,,,,,265.89616395,,,,
,50386509.4,265.4675293,999.840454101562,1.25954559512236E-5,1.43046804332576E-7,1,4.99626677034896,40.0298881530762,1.99976661171117,13.880000449717,0.000142729166993421,3.02602295102741E-5,0.25,4.97547305510209E-7,1.26110145832816E-5,5.08336929298107E-7,265.2376099,265.6974487,999.840454101562,999.840454101562,61.4422546396988,20.7948449030423,5.900308,0,0,0,200,4886,255.14925,999.840454101562,,,,,,,,,,,,,0,,,,4.5043836,,,,,,265.4675293,,,,
,50386514.39,265.03567505,999.840454101562,1.25457874789667E-5,1.67112424453152E-7,1,4.99626677034896,40.0298881530762,1.99985011886149,13.880000449717,0.000142511823565324,2.81695642110176E-5,0.25,3.2263888581803E-7,1.25616271657352E-5,3.33191017467378E-7,264.8337402,265.2376099,999.840454101562,999.840454101562,61.3218838477373,20.7931216458942,5.900308,0,0,0,200,4886,254.75275,999.840454101562,,,,,,,,,,,,,0,,,,4.5043836,,,,,,265.03567505,,,,
,50386519.405,264.60824585,999.840454101562,1.25928771702637E-5,1.39415136500463E-7,1,4.99626677034896,40.0298881530762,1.99988488413975,13.880000449717,0.000143262827154622,2.70402955551953E-5,0.25,2.15510846566618E-7,1.26090655288697E-5,2.25986181486161E-7,264.3827515,264.8337402,999.840454101562,999.840454101562,61.2898370784488,20.7901259230389,5.527248,0,0,0,200,4886,254.35475,999.840454101562,,,,,,,,,,,,,0,,,,4.5043836,,,,,,264.60824585,,,,
,50386524.405,264.19316105,999.840454101562,1.2444967975333E-5,1.3746522341895E-7,1,4.99626677034896,40.0298881530762,1.99977936557691,13.880000449717,0.000141649903070092,2.62852496022516E-5,0.25,1.74702903338563E-7,1.24611908321563E-5,1.85025932523046E-7,264.0035706,264.3827515,999.840454101562,999.840454101562,61.1217869468141,20.7939407351936,5.900308,0,0,0,200,4886,253.9834,999.840454101562,,,,,,,,,,,,,0,,,,4.5043836,,,,,,264.19316105,,,,
,50386529.35,263.81323245,999.840454101562,1.2524426777444E-5,1.43333524223641E-7,1,4.99626677034896,40.0298881530762,1.99996389882497,13.8900000602007,0.000142823393561362,2.49680260184838E-5,0.25,4.54174583580458E-8,1.25410372339768E-5,5.56541760655333E-8,263.6228943,264.0035706,999.840454101562,999.840454101562,61.3812876151988,20.7898436681109,5.900308,0,0,0,200,4886,253.59745,999.840454101562,,,,,,,,,,,,,0,,,,4.52699545,,,,,,263.81323245,,,,
,50386534.325,263.39842225,999.840454101562,1.27726990665921E-5,1.42150241124284E-7,1,4.99626677034896,40.0298881530762,2.00001625848151,13.8900000602007,0.000145287884061061,2.76418431703613E-5,0.25,2.3714915783288E-7,1.27896817631049E-5,2.47867721998347E-7,263.1739502,263.6228943,999.840454101562,999.840454101562,61.1170971756988,20.7891280680087,5.900308,0,0,0,200,4886,253.1597,999.840454101562,,,,,,,,,,,,,0,,,,4.52699545,,,,,,263.39842225,,,,
,50386539.32,262.949173,999.840454101562,1.25647615008391E-5,1.6238505941329E-7,1,4.99626677034896,40.0298881530762,1.99976142006437,13.880000449717,0.000143077307506282,2.61974832888802E-5,0.25,1.46368983582711E-7,1.25817498726204E-5,1.56819250317674E-7,262.7243958,263.1739502,999.840454101562,999.840454101562,61.3539306170257,20.7920863953093,5.900308,0,0,0,200,4886,252.7367,999.840454101562,,,,,,,,,,,,,0,,,,4.48199655,,,,,,262.949173,,,,
,50386544.345,262.5343781,999.840454101562,1.25502569215695E-5,1.55023258873828E-7,1,4.99626677034896,40.0298881530762,1.99984388767353,13.8900000602007,0.000142908492677566,2.62357496131363E-5,0.25,1.52057477792885E-7,1.25674155435732E-5,1.62527085959593E-7,262.3443604,262.7243958,999.840454101562,999.840454101562,61.4492892963719,20.7934981413344,5.527248,0,0,0,200,4886,252.3052,999.840454101562,,,,,,,,,,,,,0,,,,4.48199655,,,,,,262.5343781,,,,
,50386549.335,262.120224,999.840454101562,1.25781197865432E-5,1.43100257500169E-7,1,4.99626677034896,40.0298881530762,1.99984360572329,13.880000449717,0.000143557776556751,2.43666531747224E-5,0.25,-1.65674984796189E-8,1.25956496385689E-5,-6.28642088843387E-9,261.8960876,262.3443604,999.840454101562,999.840454101562,61.3953569285449,20.7951123301922,5.527248,0,0,0,200,4886,251.8744,999.840454101562,,,,,,,,,,,,,0,,,,4.5043836,,,,,,262.120224,,,,
,50386554.345,261.695755,999.840454101562,1.25136455686508E-5,1.37887619889598E-7,1,4.99626677034896,40.0298881530762,1.99987886576267,13.880000449717,0.000142337726349618,2.70998063772533E-5,0.25,2.33890321911563E-7,1.25310789283756E-5,2.44491807007223E-7,261.4954224,261.8960876,999.840454101562,999.840454101562,61.5196358631027,20.7932509498239,5.900308,0,0,0,200,4886,251.4521,999.840454101562,,,,,,,,,,,,,0,,,,4.5043836,,,,,,261.695755,,,,
,50386559.37,261.2709961,999.840454101562,1.27241403889866E-5,1.47806368376427E-7,1,4.99626677034896,40.0298881530762,1.99982509172396,13.880000449717,0.000144743882902398,2.74777976785599E-5,0.25,2.31003893531295E-7,1.27420744956983E-5,2.41798989652746E-7,261.0465698,261.4954224,999.840454101562,999.840454101562,61.6282822272758,20.7948315239666,5.900308,0,0,0,200,4886,251.02845,999.840454101562,,,,,,,,,,,,,0,,,,4.5043836,,,,,,261.2709961,,,,
,50386564.35,260.85668945,999.840454101562,1.2571518119448E-5,1.48339424203938E-7,1,4.99626677034896,40.0298881530762,1.99995890118973,13.880000449717,0.000143139962802678,2.64436365900303E-5,0.25,1.66283529064298E-7,1.25894826173744E-5,1.76884513572955E-7,260.6668091,261.0465698,999.840454101562,999.840454101562,61.3132859340257,20.7891875154739,5.900308,0,0,0,200,4886,250.6048,999.840454101562,,,,,,,,,,,,,0,,,,4.52699545,,,,,,260.85668945,,,,
,50386569.34,260.4386139,999.840454101562,1.26193530595196E-5,1.48209854384655E-7,1,4.99626677034896,40.0298881530762,1.99980720665768,13.880000449717,0.00014362336292823,2.685317292649E-5,0.25,1.94099134595741E-7,1.26375605947373E-5,2.04803068007999E-7,260.2104187,260.6668091,999.840454101562,999.840454101562,61.4907156078911,20.7960892699298,5.527248,0,0,0,200,4886,250.19645,999.840454101562,,,,,,,,,,,,,0,,,,4.52699545,,,,,,260.4386139,,,,
,50386574.34,260.01153565,999.840454101562,1.27037859176131E-5,1.46062321266071E-7,1,4.99626677034896,40.0298881530762,1.99979073075504,13.880000449717,0.000144586090042493,2.70294811803317E-5,0.25,1.95063046101233E-7,1.27223181291464E-5,2.05862644265963E-7,259.8126526,260.2104187,999.840454101562,999.840454101562,61.5344868049681,20.7956255366361,5.900308,0,0,0,200,4886,249.7728,999.840454101562,,,,,,,,,,,,,0,,,,4.52699545,,,,,,260.01153565,,,,
,50386579.335,259.6105194,999.840454101562,1.27557584150357E-5,1.61623528108357E-7,1,4.99626677034896,40.0298881530762,1.99983531883577,13.880000449717,0.000144952300485251,2.84885372277284E-5,0.25,3.13918360856303E-7,1.27744591711304E-5,3.24963231797948E-7,259.4083862,259.8126526,999.840454101562,999.840454101562,61.5993619720642,20.7921300392846,5.900308,0,0,0,200,4886,249.3276,999.840454101562,,,,,,,,,,,,,0,,,,4.5496073,,,,,,259.6105194,,,,
,50386584.305,259.1715393,999.840454101562,1.27718606146713E-5,1.3920567020165E-7,1,4.99626677034896,40.0298881530762,1.99972886014999,13.880000449717,0.000145259667736395,2.7767396352131E-5,0.25,2.48032120796967E-7,1.2790849112468E-5,2.59018455713142E-7,258.9346924,259.4083862,999.840454101562,999.840454101562,61.4985318930834,20.7962585802841,5.900308,0,0,0,200,4886,248.8986,999.840454101562,,,,,,,,,,,,,0,,,,4.52699545,,,,,,259.1715393,,,,
,50386589.275,258.7502594,999.840454101562,1.29472069359813E-5,1.36836053080547E-7,1,4.99626677034896,40.0298881530762,1.99977870771623,13.880000449717,0.000147175647684932,2.86413331345532E-5,0.25,2.94496105406092E-7,1.29666238768713E-5,3.05722797248895E-7,258.5658264,258.9346924,999.840454101562,999.840454101562,61.3640917877757,20.7968925992614,5.527248,0,0,0,200,4886,248.5118,999.840454101562,,,,,,,,,,,,,0,,,,4.5043836,,,,,,258.7502594,,,,
,50386594.3,258.3351898,999.840454101562,1.29128898371388E-5,1.47596504236205E-7,1,4.99626677034896,40.0298881530762,1.99964135848672,13.880000449717,0.00014648191876292,3.02956605632776E-5,0.25,4.45445337710386E-7,1.29323283652242E-5,4.56901696283945E-7,258.1045532,258.5658264,999.840454101562,999.840454101562,61.4195874126411,20.796554935748,5.900308,0,0,0,200,4886,248.08815,999.840454101562,,,,,,,,,,,,,0,,,,4.52699545,,,,,,258.3351898,,,,
,50386599.32,257.90782165,999.840454101562,1.29120006268041E-5,1.47615351688453E-7,1,4.99626677034896,40.0298881530762,1.99967960784897,13.880000449717,0.000146657086075419,2.9241111589479E-5,0.25,3.53074620026756E-7,1.29317203106243E-5,3.64416367371903E-7,257.7110901,258.1045532,999.840454101562,999.840454101562,61.4625769811988,20.7980167069797,5.527248,0,0,0,200,4886,247.6641,999.840454101562,,,,,,,,,,,,,0,,,,4.5496073,,,,,,257.90782165,,,,
,50386604.295,257.5215912,999.840454101562,1.27375349648096E-5,1.43858260029572E-7,1,4.99626677034896,40.0298881530762,1.99980645729243,13.880000449717,0.000144667072448524,2.89604672697394E-5,0.25,3.58124244595545E-7,1.27571630503179E-5,3.69353250954464E-7,257.3320923,257.7110901,999.840454101562,999.840454101562,61.6783064525065,20.795830722421,5.900308,0,0,0,200,4886,247.27595,999.840454101562,,,,,,,,,,,,,0,,,,4.5496073,,,,,,257.5215912,,,,
,50386623.89,255.9420471,999.840454101562,,,2,,,,13.9259996829033,,,,,,,255.9420471,255.9420471,999.840454101562,999.840454101562,,,5.527248,,,,-99999999,4886,245.644,999.840454101562,,,,,,,,,,,,,,,,,,,,,,,255.9420471,,,,
touchdown = 8.51999968290329 mm,50386653.89,253.4173737,999.840454101562,1.29655536212782E-5,1.46786071862545E-7,1,4.99626677034896,40.0298881530762,1.99973753743625,13.9199998229742,0.000147410127020197,2.86891681755398E-5,0.25,2.94814353026136E-7,1.29875688955244E-5,3.06403820149783E-7,253.4173737,253.4173737,999.840454101562,999.840454101562,61.3640917877757,20.7909962638652,5.527248,0,0,0,200,4886,243.12825,999.840454101562,,,,,,,,,,,,,0,,,,4.5043836,,,,,,253.4173737,,,,
,50386655.33,253.28336335,999.840454101562,1.31689029237119E-5,1.39206569612973E-7,1,4.99626677034896,40.0298881530762,1.99974098987956,13.9199998229742,0.000149869034814886,2.82863422986808E-5,0.25,2.24698896987912E-7,1.31913928267E-5,2.36350771820477E-7,253.149353,253.4173737,999.840454101562,999.840454101562,61.2429393672949,20.7907468066836,5.900308,0,0,0,200,4886,242.987,999.840454101562,,,,,,,,,,,,,0,,,,4.52699545,,,,,,253.28336335,,,,
,50386659.315,252.92137145,999.840454101562,1.30966060108506E-5,1.46622019085159E-7,1,4.99626677034896,40.0298881530762,1.99967608436291,13.9100002124906,0.000148777673769072,2.96848121606953E-5,0.25,3.5962079125555E-7,1.31190317842007E-5,3.7146770147976E-7,252.6933899,253.149353,999.840454101562,999.840454101562,61.6228108276411,20.7906600778477,5.900308,0,0,0,200,4886,242.6339,999.840454101562,,,,,,,,,,,,,0,,,,4.5496073,,,,,,252.92137145,,,,
,50386664.33,252.49163055,999.840454101562,1.31942178278042E-5,1.42088416668607E-7,1,4.99626677034896,40.0298881530762,1.99973109418456,13.9100002124906,0.000149769484327493,3.06282467555861E-5,0.25,4.25438496380553E-7,1.32169666778925E-5,4.37513963072814E-7,252.2898712,252.6933899,999.840454101562,999.840454101562,61.6431331691411,20.7913568082285,5.900308,0,0,0,200,4886,242.2097,999.840454101562,,,,,,,,,,,,,0,,,,4.5496073,,,,,,252.49163055,,,,
,50386669.235,252.0761261,999.840454101562,1.30556788841129E-5,1.39360960880963E-7,1,4.99626677034896,40.0298881530762,1.99991571772489,13.9100002124906,0.000148000358510447,3.15478016797117E-5,0.25,5.29404324788016E-7,1.30782969209035E-5,5.41570967176532E-7,251.862381,252.2898712,999.840454101562,999.840454101562,61.6759615669488,20.7885941587396,5.900308,0,0,0,200,4886,241.85535,999.840454101562,,,,,,,,,,,,,0,,,,4.5496073,,,,,,252.0761261,,,,
,50386674.235,251.669281,999.840454101562,1.31176668849845E-5,1.42537400522562E-7,1,4.99626677034896,40.0298881530762,1.9998390913562,13.9100002124906,0.00014890940741467,3.0472487102323E-5,0.25,4.24632544102787E-7,1.31406822647109E-5,4.36695534500841E-7,251.476181,251.862381,999.840454101562,999.840454101562,61.6353168839488,20.791000322423,5.527248,0,0,0,200,4886,241.46905,999.840454101562,,,,,,,,,,,,,0,,,,4.5496073,,,,,,251.669281,,,,
,50386679.275,251.28503415,999.840454101562,1.31105111897728E-5,1.40831477869607E-7,1,4.99626677034896,40.0298881530762,1.99966415033157,13.9100002124906,0.000148896567865996,2.99939668744481E-5,0.25,3.84093266043273E-7,1.31337345808044E-5,3.96109014958986E-7,251.0938873,251.476181,999.840454101562,999.840454101562,61.4399097541411,20.7921362557362,5.900308,0,0,0,200,4886,241.01345,999.840454101562,,,,,,,,,,,,,0,,,,4.5496073,,,,,,251.28503415,,,,
,50386684.265,250.8630676,999.840454101562,1.30263844564879E-5,1.42514598046198E-7,1,4.99626677034896,40.0298881530762,1.99965671203126,13.9100002124906,0.000148118354486498,2.87767396618745E-5,0.25,2.91795299107152E-7,1.30497398885979E-5,3.03601070150986E-7,250.6322479,251.0938873,999.840454101562,999.840454101562,61.5219807486604,20.7944422575549,5.900308,0,0,0,200,4886,240.5886,999.840454101562,,,,,,,,,,,,,0,,,,4.5496073,,,,,,250.8630676,,,,
,50386689.21,250.44924165,999.840454101562,1.3110207937426E-5,1.4402349850045E-7,1,4.99626677034896,40.0298881530762,1.99963742613653,13.9199998229742,0.000148992518707713,2.94287944948688E-5,0.25,3.34535960750817E-7,1.31338788769475E-5,3.46521077917134E-7,250.2662354,250.6322479,999.840454101562,999.840454101562,61.453197438968,20.7912742817879,5.527248,0,0,0,200,4886,240.16405,999.840454101562,,,,,,,,,,,,,0,,,,4.5724461,,,,,,250.44924165,,,,
,50386694.195,250.045105,999.840454101562,1.32464454429802E-5,1.37782595744208E-7,1,4.99626677034896,40.0298881530762,1.99966706521262,13.9100002124906,0.000150286974933475,3.12441735974367E-5,0.25,4.70158592218114E-7,1.32704452313676E-5,4.82541423052249E-7,249.8239746,250.2662354,999.840454101562,999.840454101562,61.7783549029681,20.7933376398929,5.527248,0,0,0,200,4886,239.7382,999.840454101562,,,,,,,,,,,,,0,,,,4.5952849,,,,,,250.045105,,,,
,50386699.235,249.6359024,999.840454101562,1.31853980858854E-5,1.51877444560782E-7,1,4.99626677034896,40.0298881530762,1.99970611062109,13.9199998229742,0.000150046572717907,2.84883705505758E-5,0.25,2.39073981637694E-7,1.320968574214E-5,2.51006155132513E-7,249.4478302,249.8239746,999.840454101562,999.840454101562,61.4586688386027,20.7907608946338,5.900308,0,0,0,200,4886,239.31225,999.840454101562,,,,,,,,,,,,,0,,,,4.5724461,,,,,,249.6359024,,,,
,50386704.235,249.2141266,999.840454101562,1.32102276945004E-5,1.48854468685418E-7,1,4.99626677034896,40.0298881530762,1.99958677910117,13.9199998229742,0.00014985175184004,3.12938805067558E-5,0.25,4.80681957081572E-7,1.32345562600884E-5,4.93118443861865E-7,248.980423,249.4478302,999.840454101562,999.840454101562,61.6149945424488,20.7916188641806,5.527248,0,0,0,200,4886,238.8593,999.840454101562,,,,,,,,,,,,,0,,,,4.5496073,,,,,,249.2141266,,,,
,50386709.2,248.79623415,999.840454101562,1.31777156220313E-5,1.40316024318849E-7,1,4.99626677034896,40.0298881530762,1.99966324295698,13.9100002124906,0.000149710260869874,2.99355666225524E-5,0.25,3.67090992653581E-7,1.32022860151652E-5,3.79314563611181E-7,248.6120453,248.980423,999.840454101562,999.840454101562,61.6704901673142,20.7906244052177,5.527248,0,0,0,200,4886,238.47145,999.840454101562,,,,,,,,,,,,,0,,,,4.5724461,,,,,,248.79623415,,,,
,50386714.195,248.3882675,999.840454101562,1.32623380523866E-5,1.36422146907643E-7,1,4.99626677034896,40.0298881530762,1.99977317088465,13.9199998229742,0.000150630096669784,3.04319107856255E-5,0.25,3.95884429178485E-7,1.32872425467517E-5,4.08267388757948E-7,248.1644897,248.6120453,999.840454101562,999.840454101562,61.2359047106219,20.7905483489479,5.527248,0,0,0,200,4886,238.0466,999.840454101562,,,,,,,,,,,,,0,,,,4.5952849,,,,,,248.3882675,,,,
,50386719.195,247.9663162,999.840454101562,1.32525478134773E-5,1.44301737686488E-7,1,4.99626677034896,40.0298881530762,1.99960925090422,13.9100002124906,0.000150311177006566,3.15662346061279E-5,0.25,4.9707029145984E-7,1.3277550918784E-5,5.09670146669015E-7,247.7681427,248.1644897,999.840454101562,999.840454101562,61.4844625797373,20.7937091074955,5.900308,0,0,0,200,4886,237.62195,999.840454101562,,,,,,,,,,,,,0,,,,4.5724461,,,,,,247.9663162,,,,
,50386724.2,247.5314636,999.840454101562,1.30442457451368E-5,1.49474061838581E-7,1,4.99626677034896,40.0298881530762,1.99986856259627,13.9199998229742,0.000147576115857046,3.33713606381617E-5,0.25,6.90420480756486E-7,1.30688876450423E-5,7.03244405155658E-7,247.2947845,247.7681427,999.840454101562,999.840454101562,61.6329719983911,20.7886248254451,5.527248,0,0,0,200,4886,237.19605,999.840454101562,,,,,,,,,,,,,0,,,,4.5496073,,,,,,247.5314636,,,,
,50386729.18,247.0985107,999.840454101562,1.30756864284585E-5,1.48740938287195E-7,1,4.99626677034896,40.0298881530762,1.99953778687473,13.9100002124906,0.000148641183456497,2.9180028211575E-5,0.25,3.18260978889618E-7,1.3100925683604E-5,3.30422260998691E-7,246.9022369,247.2947845,999.840454101562,999.840454101562,61.4946237504873,20.794099413037,5.527248,0,0,0,200,4886,236.77085,999.840454101562,,,,,,,,,,,,,0,,,,4.5496073,,,,,,247.0985107,,,,
,50386734.175,246.71321105,999.840454101562,1.32334570790919E-5,1.39123865114875E-7,1,4.99626677034896,40.0298881530762,1.9997153530055,13.9199998229742,0.00015005211126525,3.18570394581467E-5,0.25,5.25469742277481E-7,1.32590088269572E-5,5.3820561839842E-7,246.5241852,246.9022369,999.840454101562,999.840454101562,61.476646294545,20.7903132702561,5.900308,0,0,0,200,4886,236.3776,999.840454101562,,,,,,,,,,,,,0,,,,4.5724461,,,,,,246.71321105,,,,
,50386739.175,246.3244629,999.840454101562,1.32524995035057E-5,1.35857365966456E-7,1,4.99626677034896,40.0298881530762,1.99961397640711,13.9100002124906,0.000150318043724754,3.15796983565346E-5,0.25,4.97986610571477E-7,1.32783021418902E-5,5.10717546013472E-7,246.1247406,246.5241852,999.840454101562,999.840454101562,61.5063481782757,20.7912078771931,5.900308,0,0,0,200,4886,235.9588,999.840454101562,,,,,,,,,,,,,0,,,,4.5724461,,,,,,246.3244629,,,,
,50386744.18,245.8887024,999.840454101562,1.3178320801713E-5,1.36567864451472E-7,1,4.99626677034896,40.0298881530762,1.99977224100176,13.9199998229742,0.000149333227220441,3.23236378151194E-5,0.25,5.7556545063556E-7,1.32041188506E-5,5.88418614179867E-7,245.6526642,246.1247406,999.840454101562,999.840454101562,61.6384433980258,20.7900451658762,5.900308,0,0,0,200,4886,235.5403,999.840454101562,,,,,,,,,,,,,0,,,,4.5724461,,,,,,245.8887024,,,,
,50386749.185,245.45848085,999.840454101562,1.32102182741097E-5,1.29118101159941E-7,1,4.99626677034896,40.0298881530762,1.99961485155263,13.9100002124906,0.0001500115571739,3.04968555214242E-5,0.25,4.10234159036321E-7,1.32364358085121E-5,4.22817805993912E-7,245.2642975,245.6526642,999.840454101562,999.840454101562,61.8807482389873,20.7931695289414,5.527248,0,0,0,200,4886,235.1139,999.840454101562,,,,,,,,,,,,,0,,,,4.5952849,,,,,,245.45848085,,,,
,50386754.195,245.03385165,999.840454101562,1.33350529785651E-5,1.45650100869355E-7,1,4.99626677034896,40.0298881530762,1.99956075402221,13.9100002124906,0.000151090837307512,3.275222750115E-5,0.25,5.86426120171499E-7,1.33615726070212E-5,5.99510621666868E-7,244.8034058,245.2642975,999.840454101562,999.840454101562,61.4625769811988,20.7960728795865,5.527248,0,0,0,200,4886,234.6883,999.840454101562,,,,,,,,,,,,,0,,,,4.5952849,,,,,,245.03385165,,,,
,50386759.195,244.6172333,999.840454101562,1.34269240580623E-5,1.3700851237742E-7,1,4.99626677034896,40.0298881530762,1.99974147163325,13.9100002124906,0.000152635884272496,3.01261045779818E-5,0.25,3.40376353924567E-7,1.34540552645692E-5,3.53073448163867E-7,244.4310608,244.8034058,999.840454101562,999.840454101562,61.5790396305642,20.7920147940466,5.527248,0,0,0,200,4886,234.2938,999.840454101562,,,,,,,,,,,,,0,,,,4.5952849,,,,,,244.6172333,,,,
,50386764.185,244.20394135,999.840454101562,1.32905809237876E-5,1.42013752912115E-7,1,4.99626677034896,40.0298881530762,1.99971011355895,13.9100002124906,0.00015075615872432,3.17471139917928E-5,0.25,5.05665681294827E-7,1.3317487435198E-5,5.18610540742544E-7,243.9768219,244.4310608,999.840454101562,999.840454101562,61.5047849212373,20.7939014014182,5.900308,0,0,0,200,4886,233.89995,999.840454101562,,,,,,,,,,,,,0,,,,4.5952849,,,,,,244.20394135,,,,
,50386769.17,243.78717805,999.840454101562,1.3526638551937E-5,1.48281886573405E-7,1,4.99626677034896,40.0298881530762,1.99965072387236,13.9100002124906,0.000153395369606243,3.25232649875509E-5,0.25,5.33250373347406E-7,1.35542128104838E-5,5.46498353478209E-7,243.5975342,243.9768219,999.840454101562,999.840454101562,61.5798212590834,20.795000664386,5.527248,0,0,0,200,4886,233.47395,999.840454101562,,,,,,,,,,,,,0,,,,4.5952849,,,,,,243.78717805,,,,
,50386774.17,243.3731537,999.840454101562,1.33349337418129E-5,1.47486255393954E-7,1,4.99626677034896,40.0298881530762,1.99969862068023,13.9100002124906,0.000151195252646277,3.22497759550543E-5,0.25,5.41977609856643E-7,1.33623047722652E-5,5.55105715609863E-7,243.1487732,243.5975342,999.840454101562,999.840454101562,61.5329235479296,20.7941214427995,5.527248,0,0,0,200,4886,233.0578,999.840454101562,,,,,,,,,,,,,0,,,,4.5724461,,,,,,243.3731537,,,,
,50386779.17,242.94843295,999.840454101562,1.3594997585749E-5,1.30767369110668E-7,1,4.99626677034896,40.0298881530762,1.99968119812204,13.9100002124906,0.00015425206614014,3.22537354352121E-5,0.25,4.97762202947647E-7,1.36231632600641E-5,5.11066117678227E-7,242.7480927,243.1487732,999.840454101562,999.840454101562,61.4813360656603,20.7924604583363,5.527248,0,0,0,200,4886,232.6419,999.840454101562,,,,,,,,,,,,,0,,,,4.5496073,,,,,,242.94843295,,,,
,50386784.18,242.52484135,999.840454101562,1.33604334155402E-5,1.32031658640586E-7,1,4.99626677034896,40.0298881530762,1.99971381118938,13.9100002124906,0.000151626666393875,3.1515247884593E-5,0.25,4.73122528470511E-7,1.33883347485088E-5,4.8619730481567E-7,242.30159,242.7480927,999.840454101562,999.840454101562,61.4078629848527,20.7909474815703,5.900308,0,0,0,200,4886,232.21455,999.840454101562,,,,,,,,,,,,,0,,,,4.5724461,,,,,,242.52484135,,,,
,50386789.18,242.1002579,999.840454101562,1.34949241021951E-5,1.23859571466931E-7,1,4.99626677034896,40.0298881530762,1.99975783234873,13.9100002124906,0.000153080891274658,3.22874875948563E-5,0.25,5.17603526179237E-7,1.35232799444593E-5,5.30929465463446E-7,241.8989258,242.30159,999.840454101562,999.840454101562,61.9206112934681,20.7906129097026,5.900308,0,0,0,200,4886,231.78645,999.840454101562,,,,,,,,,,,,,0,,,,4.5724461,,,,,,242.1002579,,,,
,50386794.14,241.7083664,999.840454101562,1.36966465478421E-5,1.43418787709954E-7,1,4.99626677034896,40.0298881530762,1.99969457484089,13.9199998229742,0.000155541125769248,3.17505449375067E-5,0.25,4.36066007635955E-7,1.37257031186366E-5,4.49434479354113E-7,241.517807,241.8989258,999.840454101562,999.840454101562,61.6548575969296,20.793931633448,5.527248,0,0,0,200,4886,231.35855,999.840454101562,,,,,,,,,,,,,0,,,,4.5724461,,,,,,241.7083664,,,,
,50386799.135,241.2884445,999.840454101562,1.34048793560936E-5,1.43214724263659E-7,1,4.99626677034896,40.0298881530762,1.99959892361688,13.9100002124906,0.000151879075928001,3.30833677394903E-5,0.25,6.02797362708033E-7,1.34333626083574E-5,6.16296130052662E-7,241.059082,241.517807,999.840454101562,999.840454101562,61.6681452817565,20.7929683243691,5.527248,0,0,0,200,4886,230.9309,999.840454101562,,,,,,,,,,,,,0,,,,4.5724461,,,,,,241.2884445,,,,
,50386804.12,240.8621521,999.840454101562,1.34496118838845E-5,1.37396677036552E-7,1,4.99626677034896,40.0298881530762,1.99955736759211,13.9100002124906,0.000152499704536723,3.25250297559856E-5,0.25,5.46225988036719E-7,1.34784528969176E-5,5.59678096298652E-7,240.6652222,241.059082,999.840454101562,999.840454101562,61.7955507303912,20.7952401058874,5.527248,0,0,0,200,4886,230.51685,999.840454101562,,,,,,,,,,,,,0,,,,4.5496073,,,,,,240.8621521,,,,
,50386809.12,240.4750214,999.840454101562,1.32252663921686E-5,1.37645668175661E-7,1,4.99626677034896,40.0298881530762,1.9995621207056,13.9199998229742,0.000150236348207287,3.03593091115632E-5,0.25,3.94884326914376E-7,1.32539427780746E-5,4.07833649755848E-7,240.2848206,240.6652222,999.840454101562,999.840454101562,61.5391765760834,20.7958296385737,5.900308,0,0,0,200,4886,230.10295,999.840454101562,,,,,,,,,,,,,0,,,,4.5496073,,,,,,240.4750214,,,,
,50386814.15,240.0426407,999.840454101562,1.34986005192019E-5,1.44005244487498E-7,1,4.99626677034896,40.0298881530762,1.99962652082069,13.9100002124906,0.00015332434123702,3.112928469278E-5,0.25,4.15375508462646E-7,1.35280717729099E-5,4.28651900888273E-7,239.8004608,240.2848206,999.840454101562,999.840454101562,61.7588141899873,20.7930590039279,5.900308,0,0,0,200,4886,229.70705,999.840454101562,,,,,,,,,,,,,0,,,,4.5724461,,,,,,240.0426407,,,,
,50386819.155,239.592659,999.840454101562,1.35665305227246E-5,1.37901048029932E-7,1,4.99626677034896,40.0298881530762,1.99955968191864,13.9100002124906,0.000153942232743883,3.21693820446301E-5,0.25,4.94851735913471E-7,1.35963024014807E-5,5.08400219080556E-7,239.3848572,239.8004608,999.840454101562,999.840454101562,61.6423515406219,20.7960882006113,5.527248,0,0,0,200,4886,229.3119,999.840454101562,,,,,,,,,,,,,0,,,,4.5724461,,,,,,239.592659,,,,
,50386824.15,239.1952057,999.840454101562,1.34324258826691E-5,1.33128143309703E-7,1,4.99626677034896,40.0298881530762,1.99972539502093,13.9199998229742,0.000152451538482772,3.17562997371488E-5,0.25,4.81345134058765E-7,1.34621056112467E-5,4.947754241597E-7,239.0055542,239.3848572,999.840454101562,999.840454101562,61.5594989175834,20.7923796776171,5.900308,0,0,0,200,4886,228.88385,999.840454101562,,,,,,,,,,,,,0,,,,4.5496073,,,,,,239.1952057,,,,
,50386829.135,238.7803116,999.840454101562,1.33958350808947E-5,1.43308411331512E-7,1,4.99626677034896,40.0298881530762,1.99969682120679,13.9199998229742,0.000152262437686668,3.03499014952121E-5,0.25,3.64420574353123E-7,1.34257427807367E-5,3.77588617096943E-7,238.555069,239.0055542,999.840454101562,999.840454101562,61.5524642609104,20.7907815737474,5.527248,0,0,0,200,4886,228.4545,999.840454101562,,,,,,,,,,,,,0,,,,4.5724461,,,,,,238.7803116,,,,
,50386834.1,238.36454775,999.840454101562,1.33888821784827E-5,1.40554735775369E-7,1,4.99626677034896,40.0298881530762,1.99972465011677,13.9199998229742,0.000152103327214355,3.08280095044332E-5,0.25,4.07374816621776E-7,1.34189374024304E-5,4.20666686963301E-7,238.1740265,238.555069,999.840454101562,999.840454101562,61.4617953526796,20.7924389308769,5.900308,0,0,0,200,4886,228.0423,999.840454101562,,,,,,,,,,,,,0,,,,4.5952849,,,,,,238.36454775,,,,
,50386839.1,237.9396286,999.840454101562,1.36185099239145E-5,1.42318360106125E-7,1,4.99626677034896,40.0298881530762,1.99951395806444,13.9199998229742,0.000154236738475308,3.40533939451297E-5,0.25,6.5072469602917E-7,1.36490726329694E-5,6.6481947387522E-7,237.7052307,238.1740265,999.840454101562,999.840454101562,61.4234955552373,20.7954092198146,5.900308,0,0,0,200,4886,227.6308,999.840454101562,,,,,,,,,,,,,0,,,,4.5952849,,,,,,237.9396286,,,,
,50386846.6,237.3007202,999.840454101562,1.334073487856E-5,1.41908648378942E-7,1,4.99626677034896,40.0298881530762,1.99964511531204,13.9100002124906,0.000151480350025664,3.11618036279846E-5,0.25,4.44777725097497E-7,1.33711627802348E-5,4.58194789340975E-7,236.8962097,237.7052307,999.840454101562,999.840454101562,61.4985318930834,20.79548187138,5.900308,0,0,0,200,4886,227.0207,999.840454101562,,,,,,,,,,,,,0,,,,4.5952849,,,,,,237.3007202,,,,
,50386854.11,236.6725311,999.840454101562,1.36413961810294E-5,1.31458472845451E-7,1,4.99626677034896,40.0298881530762,1.99963507373097,13.9199998229742,0.000154257671776293,3.55993498902775E-5,0.25,7.81786917167079E-7,1.36725166824952E-5,7.96321757774536E-7,236.4488525,236.8962097,999.840454101562,999.840454101562,61.5313602908911,20.7950321185241,5.900308,0,0,0,200,4886,226.40965,999.840454101562,,,,,,,,,,,,,0,,,,4.6183531,,,,,,236.6725311,,,,
,50386859.105,236.2584915,999.840454101562,1.361987422644E-5,1.4393422219859E-7,1,4.99626677034896,40.0298881530762,1.9996681964844,13.9100002124906,0.000154502941117661,3.27178249101683E-5,0.25,5.33036097731491E-7,1.3651380951011E-5,5.47005369272085E-7,236.0681305,236.4488525,999.840454101562,999.840454101562,61.6837778521411,20.7935865663105,5.527248,0,0,0,200,4886,226.0112,999.840454101562,,,,,,,,,,,,,0,,,,4.6414213,,,,,,236.2584915,,,,
,50386864.07,235.87350465,999.840454101562,1.36907413852714E-5,1.33429095195327E-7,1,4.99626677034896,40.0298881530762,1.99965002252272,13.9100002124906,0.00015526094531754,3.31611611214612E-5,0.25,5.59681456728894E-7,1.37225808343876E-5,5.73813484714758E-7,235.6788788,236.0681305,999.840454101562,999.840454101562,61.6376617695065,20.7941588114979,5.900308,0,0,0,200,4886,225.63195,999.840454101562,,,,,,,,,,,,,0,,,,4.6414213,,,,,,235.87350465,,,,
,50386883.47,234.3067474,999.840454101562,,,2,,,,13.965999987483,,,,,,,234.3067474,234.3067474,999.840454101562,999.840454101562,,,5.900308,,,,-99999999,4886,223.9553,999.840454101562,,,,,,,,,,,,,,,,,,,,,,,234.3067474,,,,
touchdown = 8.55999998748302 mm,50386914.57,231.6394348,999.840454101562,1.38553988294379E-5,1.43603939125066E-7,1,4.99626677034896,40.0298881530762,1.99968296347035,13.9600001275539,0.000156403626528192,3.79519309603182E-5,0.25,9.50122199001355E-7,1.38893723103029E-5,9.65778336784215E-7,231.6394348,231.6394348,999.840454101562,999.840454101562,61.453197438968,20.7942004631788,5.900308,0,0,0,200,4886,221.4195,999.840454101562,,,,,,,,,,,,,0,,,,4.5952849,,,,,,231.6394348,,,,
,50386915.6,231.54896545,999.840454101562,1.36738272624733E-5,1.40763465431534E-7,1,4.99626677034896,40.0298881530762,1.99962507330654,13.9499995857477,0.000154644663100426,3.57342127609531E-5,0.25,7.87127443951811E-7,1.37075440815001E-5,8.02208309909183E-7,231.4584961,231.6394348,999.840454101562,999.840454101562,61.6063966287373,20.7933250324977,5.900308,0,0,0,200,4886,221.33175,999.840454101562,,,,,,,,,,,,,0,,,,4.5952849,,,,,,231.54896545,,,,
,50386919.075,231.2300339,999.840454101562,1.38175400694377E-5,1.3592065141928E-7,1,4.99626677034896,40.0298881530762,1.99962317024231,13.9499995857477,0.000155630756859421,3.98529207055959E-5,0.25,1.12305326054198E-6,1.38514557125523E-5,1.13915147895411E-6,231.0015717,231.4584961,999.840454101562,999.840454101562,61.7377102199681,20.7934316012221,5.900308,0,0,0,200,4886,221.06025,999.840454101562,,,,,,,,,,,,,0,,,,4.6183531,,,,,,231.2300339,,,,
,50386924.06,230.80801395,999.840454101562,1.36929400174E-5,1.41668403044136E-7,1,4.99626677034896,40.0298881530762,1.99967463690081,13.9499995857477,0.000154635865090126,3.71450619661481E-5,0.25,9.07161671078613E-7,1.37269543402671E-5,9.22637038939145E-7,230.6144562,231.0015717,999.840454101562,999.840454101562,61.5563724035065,20.7925811665618,5.527248,0,0,0,200,4886,220.65375,999.840454101562,,,,,,,,,,,,,0,,,,4.6183531,,,,,,230.80801395,,,,
,50386929.025,230.4182358,999.840454101562,1.39216477002175E-5,1.35712909104413E-7,1,4.99626677034896,40.0298881530762,1.99960187018163,13.9499995857477,0.000156849537855407,3.99014072237822E-5,0.25,1.10934583583429E-6,1.39562438404826E-5,1.1256020535264E-6,230.2220154,230.6144562,999.840454101562,999.840454101562,61.5329235479296,20.7944799795528,5.527248,0,0,0,200,4886,220.2463,999.840454101562,,,,,,,,,,,,,0,,,,4.5952849,,,,,,230.4182358,,,,
,50386934.035,229.9997101,999.840454101562,1.38101741761017E-5,1.34317368832531E-7,1,4.99626677034896,40.0298881530762,1.99956479915883,13.9499995857477,0.000155515929017202,4.00329261016375E-5,0.25,1.13992625733978E-6,1.38446612485356E-5,1.15620244031246E-6,229.7774048,230.2220154,999.840454101562,999.840454101562,61.446162782295,20.7965897314518,5.900308,0,0,0,200,4886,219.8163,999.840454101562,,,,,,,,,,,,,0,,,,4.6183531,,,,,,229.9997101,,,,
,50386939.04,229.58929445,999.840454101562,1.38611612871968E-5,1.39254999395781E-7,1,4.99626677034896,40.0298881530762,1.99959282128033,13.9499995857477,0.000155938050588557,4.10951813204619E-5,0.25,1.22406012664837E-6,1.38959007200107E-5,1.2406526610881E-6,229.4011841,229.7774048,999.840454101562,999.840454101562,61.5899824298334,20.7956252617207,5.900308,0,0,0,200,4886,219.3849,999.840454101562,,,,,,,,,,,,,0,,,,4.6414213,,,,,,229.58929445,,,,
,50386944.03,229.1650467,999.840454101562,1.39947896614098E-5,1.47877463541412E-7,1,4.99626677034896,40.0298881530762,1.9995655110899,13.9499995857477,0.000157701576868166,3.99738741908889E-5,0.25,1.10297748075572E-6,1.40302050661629E-5,1.11943055580495E-6,228.9289093,229.4011841,999.840454101562,999.840454101562,61.5649703172181,20.7962586139248,5.527248,0,0,0,200,4886,219.0145,999.840454101562,,,,,,,,,,,,,0,,,,4.6414213,,,,,,229.1650467,,,,
,50386949.015,228.7367096,999.840454101562,1.39170185837573E-5,1.42423302878624E-7,1,4.99626677034896,40.0298881530762,1.9996486292727,13.9499995857477,0.000156679484488146,4.06550548165845E-5,0.25,1.17570148836661E-6,1.39523727160637E-5,1.19231933627881E-6,228.5445099,228.9289093,999.840454101562,999.840454101562,61.5305786623719,20.792822112228,5.527248,0,0,0,200,4886,218.5849,999.840454101562,,,,,,,,,,,,,0,,,,4.6414213,,,,,,228.7367096,,,,
,50386954,228.3441925,999.840454101562,1.39644080992889E-5,1.43200016406045E-7,1,4.99626677034896,40.0298881530762,1.99961041341459,13.9600001275539,0.000157092112718997,4.14952657335116E-5,0.25,1.24112102072625E-6,1.40000169406553E-5,1.25800688207286E-6,228.1438751,228.5445099,999.840454101562,999.840454101562,61.3906671574296,20.7934023320065,5.900308,0,0,0,200,4886,218.1537,999.840454101562,,,,,,,,,,,,,0,,,,4.6183531,,,,,,228.3441925,,,,
,50386959.015,227.9126358,999.840454101562,1.39051127990215E-5,1.37602894948746E-7,1,4.99626677034896,40.0298881530762,1.9997412716989,13.9600001275539,0.000156033847034019,4.36776856727637E-5,0.25,1.44199482159692E-6,1.39405819155461E-5,1.45940804730197E-6,227.6813965,228.1438751,999.840454101562,999.840454101562,61.3977018141027,20.7930965728215,5.900308,0,0,0,200,4886,217.7191,999.840454101562,,,,,,,,,,,,,0,,,,4.6183531,,,,,,227.9126358,,,,
,50386964.015,227.48711395,999.840454101562,1.3966093004331E-5,1.36173811762348E-7,1,4.99626677034896,40.0298881530762,1.99961355485946,13.9499995857477,0.000157125171554836,4.14484205460697E-5,0.25,1.23654952119862E-6,1.40021352268217E-5,1.25352983910673E-6,227.2928314,227.6813965,999.840454101562,999.840454101562,61.4977502645642,20.7940915921608,5.527248,0,0,0,200,4886,217.28455,999.840454101562,,,,,,,,,,,,,0,,,,4.6183531,,,,,,227.48711395,,,,
,50386969,227.09436795,999.840454101562,1.38843878262639E-5,1.50433773592548E-7,1,4.99626677034896,40.0298881530762,1.99980043996106,13.9499995857477,0.000155528444385508,4.52600983991434E-5,0.25,1.58376559508367E-6,1.39200636709003E-5,1.60164755311883E-6,226.8959045,227.2928314,999.840454101562,999.840454101562,61.6110863998527,20.7918555312497,5.527248,0,0,0,200,4886,216.8527,999.840454101562,,,,,,,,,,,,,0,,,,4.6183531,,,,,,227.09436795,,,,
,50386974,226.6681976,999.840454101562,1.40769303302732E-5,1.35194181784929E-7,1,4.99626677034896,40.0298881530762,1.9997958824855,13.9499995857477,0.00015837576076246,4.18681057149822E-5,0.25,1.25381497240058E-6,1.4113658819791E-5,1.27105415713204E-6,226.4404907,226.8959045,999.840454101562,999.840454101562,61.649386197295,20.7927143335901,5.527248,0,0,0,200,4886,216.4224,999.840454101562,,,,,,,,,,,,,0,,,,4.6183531,,,,,,226.6681976,,,,
,50386978.99,226.24015045,999.840454101562,1.39297357103356E-5,1.37282180655255E-7,1,4.99626677034896,40.0298881530762,1.99974051962613,13.9499995857477,0.000156352378863297,4.35644987746822E-5,0.25,1.42751777993108E-6,1.39661077487164E-5,1.44513144398757E-6,226.0398102,226.4404907,999.840454101562,999.840454101562,61.7228592781027,20.7947908529003,5.527248,0,0,0,200,4886,216.05115,999.840454101562,,,,,,,,,,,,,0,,,,4.5952849,,,,,,226.24015045,,,,
,50386983.98,225.815506,999.840454101562,1.41888857663379E-5,1.39510353299479E-7,1,4.99626677034896,40.0298881530762,1.9997440845457,13.9499995857477,0.000159041631810876,4.56731507587471E-5,0.25,1.56760590776095E-6,1.42260357045188E-5,1.5859088372558E-6,225.5912018,226.0398102,999.840454101562,999.840454101562,61.5282337768142,20.7932029756129,5.527248,0,0,0,200,4886,215.67845,999.840454101562,,,,,,,,,,,,,0,,,,4.5952849,,,,,,225.815506,,,,
,50386988.99,225.3896408,999.840454101562,1.40889561857758E-5,1.36236242190388E-7,1,4.99626677034896,40.0298881530762,1.99989929672084,13.9600001275539,0.000158195497882335,4.38378007179425E-5,0.25,1.42370224324141E-6,1.41261871961436E-5,1.44156991759281E-6,225.1880798,225.5912018,999.840454101562,999.840454101562,61.3937936715065,20.7897317011865,5.527248,0,0,0,200,4886,215.2469,999.840454101562,,,,,,,,,,,,,0,,,,4.6183531,,,,,,225.3896408,,,,
,50386993.99,225.00378415,999.840454101562,1.39626910815887E-5,1.34741461438675E-7,1,4.99626677034896,40.0298881530762,1.99986103825276,13.9600001275539,0.000156199232233416,4.68182638684667E-5,0.25,1.70615956132127E-6,1.39994839812112E-5,1.72473453836128E-6,224.8194885,225.1880798,999.840454101562,999.840454101562,61.4266220693142,20.7885477516726,5.900308,0,0,0,200,4886,214.8144,999.840454101562,,,,,,,,,,,,,0,,,,4.6414213,,,,,,225.00378415,,,,
,50386999.02,224.58058165,999.840454101562,1.41532593079224E-5,1.3571518578789E-7,1,4.99626677034896,40.0298881530762,1.99982633970579,13.9499995857477,0.000159018607551627,4.34413913103028E-5,0.25,1.37795070036539E-6,1.41911142849583E-5,1.3958659933435E-6,224.3416748,224.8194885,999.840454101562,999.840454101562,61.5180726060642,20.7922222410906,5.527248,0,0,0,200,4886,214.3826,999.840454101562,,,,,,,,,,,,,0,,,,4.6183531,,,,,,224.58058165,,,,
,50387004.005,224.1477051,999.840454101562,1.41609687909877E-5,1.28623814430164E-7,1,4.99626677034896,40.0298881530762,1.99976153716426,13.9600001275539,0.000159166340617263,4.30929911548819E-5,0.25,1.346162527516E-6,1.4199092509575E-5,1.36405321862307E-6,223.9537354,224.3416748,999.840454101562,999.840454101562,61.3429878177565,20.7920759877886,5.900308,0,0,0,200,4886,213.95135,999.840454101562,,,,,,,,,,,,,0,,,,4.5952849,,,,,,224.1477051,,,,
,50387008.95,223.7581635,999.840454101562,1.42105011912351E-5,1.38979102036238E-7,1,4.99626677034896,40.0298881530762,1.9997793426069,13.9499995857477,0.000159450316360655,4.48578271169077E-5,0.25,1.49201946772733E-6,1.4248811336368E-5,1.51041989288213E-6,223.5625916,223.9537354,999.840454101562,999.840454101562,61.7384918484873,20.7922841568784,5.527248,0,0,0,200,4886,213.5477,999.840454101562,,,,,,,,,,,,,0,,,,4.5952849,,,,,,223.7581635,,,,
,50387013.95,223.34294895,999.840454101562,1.42771946208398E-5,1.39916959469682E-7,1,4.99626677034896,40.0298881530762,1.99966930808601,13.9499995857477,0.000160413521228015,4.37767418394506E-5,0.25,1.38609258045952E-6,1.4316005949209E-5,1.40431694402061E-6,223.1233063,223.5625916,999.840454101562,999.840454101562,61.6939390228911,20.7936511979946,5.900308,0,0,0,200,4886,213.14415,999.840454101562,,,,,,,,,,,,,0,,,,4.6183531,,,,,,223.34294895,,,,
,50387018.95,222.9155655,999.840454101562,1.4173782167869E-5,1.42129440699479E-7,1,4.99626677034896,40.0298881530762,1.99953779830418,13.9499995857477,0.00015918922699582,4.37775290451782E-5,0.25,1.40402315416335E-6,1.42124972506367E-5,1.42224880001488E-6,222.7078247,223.1233063,999.840454101562,999.840454101562,61.5852926587181,20.7948026641734,5.527248,0,0,0,200,4886,212.7426,999.840454101562,,,,,,,,,,,,,0,,,,4.6414213,,,,,,222.9155655,,,,
,50387023.95,222.47837065,999.840454101562,1.42412166243773E-5,1.2890687418921E-7,1,4.99626677034896,40.0298881530762,1.99958903888382,13.9499995857477,0.000160013276180538,4.36353471683014E-5,0.25,1.37984086420577E-6,1.42803652784677E-5,1.39812315175876E-6,222.2489166,222.7078247,999.840454101562,999.840454101562,61.6517310828527,20.7951859434617,5.900308,0,0,0,200,4886,212.31235,999.840454101562,,,,,,,,,,,,,0,,,,4.6414213,,,,,,222.47837065,,,,
,50387028.945,222.05436705,999.840454101562,1.42864846307449E-5,1.32010369701012E-7,1,4.99626677034896,40.0298881530762,1.99966693185832,13.9499995857477,0.000160607388976433,4.33258832399998E-5,0.25,1.34476903617152E-6,1.43260095669031E-5,1.36305352033536E-6,221.8598175,222.2489166,999.840454101562,999.840454101562,61.6775248239873,20.7913935422849,5.900308,0,0,0,200,4886,211.88185,999.840454101562,,,,,,,,,,,,,0,,,,4.6414213,,,,,,222.05436705,,,,
,50387033.955,221.66636655,999.840454101562,1.43099296604987E-5,1.32576959828492E-7,1,4.99626677034896,40.0298881530762,1.99954596751326,13.9499995857477,0.000160356026704488,4.63598911560997E-5,0.25,1.60643054225027E-6,1.43494506925894E-5,1.62554370654346E-6,221.4729156,221.8598175,999.840454101562,999.840454101562,61.5204174916219,20.7936486632008,5.900308,0,0,0,200,4886,211.4787,999.840454101562,,,,,,,,,,,,,0,,,,4.6414213,,,,,,221.66636655,,,,
,50387038.96,221.2449417,999.840454101562,1.42757482133577E-5,1.44589533902942E-7,1,4.99626677034896,40.0298881530762,1.99953179447346,13.9499995857477,0.000160469883654216,4.33560726140284E-5,0.25,1.3493213712356E-6,1.43156426274992E-5,1.36771263070101E-6,221.0169678,221.4729156,999.840454101562,999.840454101562,61.5907640583527,20.7949173251167,5.900308,0,0,0,200,4886,211.10365,999.840454101562,,,,,,,,,,,,,0,,,,4.6414213,,,,,,221.2449417,,,,
,50387043.945,220.81315615,999.840454101562,1.43713977852847E-5,1.43149047884271E-7,1,4.99626677034896,40.0298881530762,1.99943705642161,13.9499995857477,0.000161293136371052,4.50876117600955E-5,0.25,1.48456913527283E-6,1.44116483823045E-5,1.50350585821152E-6,220.6093445,221.0169678,999.840454101562,999.840454101562,61.4860258367757,20.7959665830182,5.900308,0,0,0,200,4886,210.6992,999.840454101562,,,,,,,,,,,,,0,,,,4.664721,,,,,,220.81315615,,,,
,50387048.97,220.3818436,999.840454101562,1.44169443262901E-5,1.40974171876524E-7,1,4.99626677034896,40.0298881530762,1.99982019690583,13.9499995857477,0.000161795406429534,4.5478018166832E-5,0.25,1.51011441921825E-6,1.44575179546245E-5,1.52923181034351E-6,220.1543427,220.6093445,999.840454101562,999.840454101562,61.6908125088142,20.7916625227832,5.900308,0,0,0,200,4886,210.2708,999.840454101562,,,,,,,,,,,,,0,,,,4.664721,,,,,,220.3818436,,,,
,50387053.96,219.96465305,999.840454101562,1.43055619054834E-5,1.40659309331457E-7,1,4.99626677034896,40.0298881530762,1.99946604862361,13.9499995857477,0.000160356743031054,4.60765978307758E-5,0.25,1.58216094272657E-6,1.43459445406567E-5,1.60143299311703E-6,219.7749634,220.1543427,999.840454101562,999.840454101562,61.6017068576219,20.7968167131112,5.527248,0,0,0,200,4886,209.87135,999.840454101562,,,,,,,,,,,,,0,,,,4.6414213,,,,,,219.96465305,,,,
,50387058.96,219.55005645,999.840454101562,1.44589490066436E-5,1.32965351292918E-7,1,4.99626677034896,40.0298881530762,1.99947692450277,13.9499995857477,0.000162199769969956,4.58681790009106E-5,0.25,1.53752887326828E-6,1.45000355660154E-5,1.55688715155931E-6,219.3251495,219.7749634,999.840454101562,999.840454101562,61.7455265051604,20.7964827576473,5.900308,0,0,0,200,4886,209.4381,999.840454101562,,,,,,,,,,,,,0,,,,4.6414213,,,,,,219.55005645,,,,
,50387063.955,219.13491055,999.840454101562,1.432097895702E-5,1.34520222975425E-7,1,4.99626677034896,40.0298881530762,1.99947201562434,13.9499995857477,0.000160586041668053,4.58275157895817E-5,0.25,1.55751832121223E-6,1.436184389435E-5,1.57685467711532E-6,218.9446716,219.3251495,999.840454101562,999.840454101562,61.4516341819296,20.7966896528258,5.900308,0,0,0,200,4886,209.0054,999.840454101562,,,,,,,,,,,,,0,,,,4.6414213,,,,,,219.13491055,,,,
,50387068.91,218.73795315,999.840454101562,1.44525248510334E-5,1.40025209343206E-7,1,4.99626677034896,40.0298881530762,1.99957049014908,13.9499995857477,0.000162030786003785,4.64856466834272E-5,0.25,1.59229995353612E-6,1.44939427852198E-5,1.61193280982862E-6,218.5312347,218.9446716,999.840454101562,999.840454101562,61.5063481782757,20.7967689550197,5.900308,0,0,0,200,4886,208.59965,999.840454101562,,,,,,,,,,,,,0,,,,4.664721,,,,,,218.73795315,,,,
,50387073.91,218.3078308,999.840454101562,1.4449349645651E-5,1.2927555793533E-7,1,4.99626677034896,40.0298881530762,1.99964230231754,13.9499995857477,0.000162021965452409,4.63677900534209E-5,0.25,1.58229211051322E-6,1.44909835577904E-5,1.60195454435225E-6,218.0844269,218.5312347,999.840454101562,999.840454101562,61.5383949475642,20.7953754665281,5.900308,0,0,0,200,4886,208.16445,999.840454101562,,,,,,,,,,,,,0,,,,4.6880207,,,,,,218.3078308,,,,
,50387078.9,217.8653641,999.840454101562,1.42408909772422E-5,1.30647831409234E-7,1,4.99626677034896,40.0298881530762,1.99966329568242,13.9499995857477,0.000159566950384986,4.64097785711968E-5,0.25,1.62153831990973E-6,1.42820787582244E-5,1.64116407411424E-6,217.6463013,218.0844269,999.840454101562,999.840454101562,61.7775732744488,20.7942847599359,5.527248,0,0,0,200,4886,207.7583,999.840454101562,,,,,,,,,,,,,0,,,,4.664721,,,,,,217.8653641,,,,
,50387083.9,217.4546509,999.840454101562,1.43930750276711E-5,1.45165547666129E-7,1,4.99626677034896,40.0298881530762,1.99950119304797,13.9499995857477,0.000161314258279595,4.65975697278053E-5,0.25,1.61211955224553E-6,1.44349344880226E-5,1.63193598057378E-6,217.2630005,217.6463013,999.840454101562,999.840454101562,61.6142129139296,20.7981790312143,5.900308,0,0,0,200,4886,207.3314,999.840454101562,,,,,,,,,,,,,0,,,,4.6414213,,,,,,217.4546509,,,,
,50387088.93,217.0389786,999.840454101562,1.43401978694362E-5,1.3737470610805E-7,1,4.99626677034896,40.0298881530762,1.99965823843796,13.9499995857477,0.000160725245829778,4.64930074445538E-5,0.25,1.61162930612793E-6,1.43821040069721E-5,1.63144852543043E-6,216.8149567,217.2630005,999.840454101562,999.840454101562,61.6775248239873,20.793614534392,5.900308,0,0,0,200,4886,206.93435,999.840454101562,,,,,,,,,,,,,0,,,,4.664721,,,,,,217.0389786,,,,
,50387093.975,216.61277775,999.840454101562,1.42077969371183E-5,1.39025950182621E-7,1,4.99626677034896,40.0298881530762,1.99960848524232,13.9499995857477,0.000158819306626954,4.85181289514105E-5,0.25,1.81151988856525E-6,1.42493013375927E-5,1.83187217278825E-6,216.4105988,216.8149567,999.840454101562,999.840454101562,61.5368316905257,20.7965472958499,5.527248,0,0,0,200,4886,206.52915,999.840454101562,,,,,,,,,,,,,0,,,,4.664721,,,,,,216.61277775,,,,
,50387098.945,216.2244339,999.840454101562,1.42957554799678E-5,1.32099064135657E-7,1,4.99626677034896,40.0298881530762,1.99961953217476,13.9499995857477,0.000159707675743344,4.93903365297258E-5,0.25,1.87265399801769E-6,1.43376541229064E-5,1.89334941254126E-6,216.038269,216.4105988,999.840454101562,999.840454101562,61.5892008013142,20.7949947969629,5.527248,0,0,0,200,4886,206.0942,999.840454101562,,,,,,,,,,,,,0,,,,4.6414213,,,,,,216.2244339,,,,
,50387103.89,215.8138504,999.840454101562,1.42445249299836E-5,1.37838690877746E-7,1,4.99626677034896,40.0298881530762,1.99983441322309,13.9499995857477,0.000158961029208849,5.03446474397214E-5,0.25,1.96438626181676E-6,1.42863707612327E-5,1.98537468132109E-6,215.5894318,216.038269,999.840454101562,999.840454101562,61.5321419194104,20.7920905716302,5.900308,0,0,0,200,4886,205.6863,999.840454101562,,,,,,,,,,,,,0,,,,4.664721,,,,,,215.8138504,,,,
,50387108.89,215.3935013,999.840454101562,1.42063516861463E-5,1.42567884992548E-7,1,4.99626677034896,40.0298881530762,1.99970012197035,13.9499995857477,0.000158544816577112,5.01042067363319E-5,0.25,1.95006707140199E-6,1.42482986794062E-5,1.97103961654934E-6,215.1975708,215.5894318,999.840454101562,999.840454101562,61.4719565234296,20.7951390784671,5.900308,0,0,0,200,4886,205.24935,999.840454101562,,,,,,,,,,,,,0,,,,4.664721,,,,,,215.3935013,,,,
,50387113.915,214.95983885,999.840454101562,1.41076361731899E-5,1.36426778586976E-7,1,4.99626677034896,40.0298881530762,1.99964472973058,13.9499995857477,0.000158182198147022,4.54311684144999E-5,0.25,1.55811077516157E-6,1.41499003629484E-5,1.57782521297491E-6,214.7221069,215.1975708,999.840454101562,999.840454101562,61.524325634218,20.7947023444397,5.900308,0,0,0,200,4886,204.85345,999.840454101562,,,,,,,,,,,,,0,,,,4.664721,,,,,,214.95983885,,,,
,50387118.94,214.5291824,999.840454101562,1.41305259481374E-5,1.33038304747242E-7,1,4.99626677034896,40.0298881530762,1.9998106662283,13.9499995857477,0.000158401443072097,4.58142501548222E-5,0.25,1.58729600608454E-6,1.41730400745314E-5,1.60718531971147E-6,214.3362579,214.7221069,999.840454101562,999.840454101562,61.5329235479296,20.7951766298974,5.900308,0,0,0,200,4886,204.4587,999.840454101562,,,,,,,,,,,,,0,,,,4.6880207,,,,,,214.5291824,,,,
,50387123.91,214.14144135,999.840454101562,1.45983873891803E-5,1.38379989580846E-7,1,4.99626677034896,40.0298881530762,1.9996798104535,13.9499995857477,0.000163761186360275,4.66102377546695E-5,0.25,1.57693705448103E-6,1.46425684946622E-5,1.59735051293529E-6,213.9466248,214.3362579,999.840454101562,999.840454101562,61.6955022799296,20.7961657282551,5.900308,0,0,0,200,4886,204.02415,999.840454101562,,,,,,,,,,,,,0,,,,4.6880207,,,,,,214.14144135,,,,
,50387143.33,212.5377045,999.840454101562,,,2,,,,14.0159999025464,,,,,,,212.5377045,212.5377045,999.840454101562,999.840454101562,,,5.900308,,,,-99999999,4886,202.3781,999.840454101562,,,,,,,,,,,,,,,,,,,,,,,212.5377045,,,,
touchdown = 8.60999990254641 mm,50387173.485,210.0267181,999.840454101562,1.56272644286904E-5,1.34448330384752E-7,1,4.99626677034896,40.0298881530762,1.99982567511552,14.0000004321337,0.000173751776323867,5.91712941222766E-5,0.25,2.49816337952054E-6,1.5675868057615E-5,2.52335008748768E-6,210.0267181,210.0267181,999.840454101562,999.840454101562,61.6149945424488,20.7958663938975,5.527248,0,0,0,200,4886,199.8729,999.840454101562,,,,,,,,,,,,,0,,,,4.664721,,,,,,210.0267181,,,,
,50387174.945,209.88960265,999.840454101562,1.59474052217305E-5,1.26678432553652E-7,1,4.99626677034896,40.0298881530762,1.99987410958072,14.0000004321337,0.000177811180127881,5.74964500678379E-5,0.25,2.29663916202169E-6,1.59973524816386E-5,2.3215384625534E-6,209.7524872,210.0267181,999.840454101562,999.840454101562,61.557935660545,20.7913719592943,5.527248,0,0,0,200,4886,199.73045,999.840454101562,,,,,,,,,,,,,0,,,,4.664721,,,,,,209.88960265,,,,
,50387178.835,209.55845645,999.840454101562,1.58892400693545E-5,1.35858085741494E-7,1,4.99626677034896,40.0298881530762,1.99979163167802,14.0000004321337,0.000176465379301756,6.1324928141273E-5,0.25,2.64161585615738E-6,1.59387975805778E-5,2.66765008264161E-6,209.3644257,209.7524872,999.840454101562,999.840454101562,61.5977987150258,20.793326856446,5.900308,0,0,0,200,4886,199.4254,999.840454101562,,,,,,,,,,,,,0,,,,4.664721,,,,,,209.55845645,,,,
,50387183.845,209.14198305,999.840454101562,1.60128055629206E-5,1.53934495664964E-7,1,4.99626677034896,40.0298881530762,1.99984723136424,14.0000004321337,0.000178358638786712,5.88063602771756E-5,0.25,2.39987460450558E-6,1.60632588416754E-5,2.42532273260991E-6,208.9195404,209.3644257,999.840454101562,999.840454101562,61.4977502645642,20.7916241604648,5.900308,0,0,0,200,4886,199.04255,999.840454101562,,,,,,,,,,,,,0,,,,4.6414213,,,,,,209.14198305,,,,
,50387188.845,208.71910095,999.840454101562,1.65160040149169E-5,1.39904816418252E-7,1,4.99626677034896,40.0298881530762,1.99981178037468,14.0000004321337,0.000183843709393156,6.13503123001364E-5,0.25,2.53613605611815E-6,1.65682102077671E-5,2.56266983757439E-6,208.5186615,208.9195404,999.840454101562,999.840454101562,61.4547606960065,20.7937214151575,5.900308,0,0,0,200,4886,198.6311,999.840454101562,,,,,,,,,,,,,0,,,,4.664721,,,,,,208.71910095,,,,
,50387193.845,208.2988968,999.840454101562,1.62128996727814E-5,1.39087913224682E-7,1,4.99626677034896,40.0298881530762,1.99986822056166,14.0000004321337,0.000180771928310959,5.85067724568487E-5,0.25,2.33908668479463E-6,1.62645399247639E-5,2.36471598878582E-6,208.0791321,208.5186615,999.840454101562,999.840454101562,61.6814329665834,20.7936407562052,5.900308,0,0,0,200,4886,198.1925,999.840454101562,,,,,,,,,,,,,0,,,,4.6880207,,,,,,208.2988968,,,,
,50387198.845,207.8911438,999.840454101562,1.63819175889028E-5,1.42550446448164E-7,1,4.99626677034896,40.0298881530762,1.99987956665504,14.0000004321337,0.000182566117794042,5.96651947218707E-5,0.25,2.41130107867234E-6,1.64342665683607E-5,2.43743866672102E-6,207.7031555,208.0791321,999.840454101562,999.840454101562,61.5227623771796,20.7939484026849,5.900308,0,0,0,200,4886,197.7815,999.840454101562,,,,,,,,,,,,,0,,,,4.664721,,,,,,207.8911438,,,,
,50387203.835,207.4658203,999.840454101562,1.65935416914495E-5,1.26149768655629E-7,1,4.99626677034896,40.0298881530762,1.99959235662547,14.0000004321337,0.000185395312382074,5.75492453823504E-5,0.25,2.19052381866388E-6,1.66470807734136E-5,2.2162340222532E-6,207.2284851,207.7031555,999.840454101562,999.840454101562,61.2718596225065,20.7948301319865,5.527248,0,0,0,200,4886,197.36575,999.840454101562,,,,,,,,,,,,,0,,,,4.6414213,,,,,,207.4658203,,,,
,50387208.82,207.04522705,999.840454101562,1.66154593835723E-5,1.45644301073265E-7,1,4.99626677034896,40.0298881530762,1.99981888176695,14.0100000426173,0.000185232365058997,6.01439739759993E-5,0.25,2.41305983318149E-6,1.66690595768283E-5,2.43962881960377E-6,206.861969,207.2284851,999.840454101562,999.840454101562,61.4289669548719,20.7944880839389,5.900308,0,0,0,200,4886,196.94885,999.840454101562,,,,,,,,,,,,,0,,,,4.6882548,,,,,,207.04522705,,,,
,50387213.815,206.6437073,999.840454101562,1.63712251891643E-5,1.3764922530693E-7,1,4.99626677034896,40.0298881530762,1.99980700827725,14.0000004321337,0.000182391251717477,5.99590012093804E-5,0.25,2.43864946976976E-6,1.64241880601976E-5,2.46511643135269E-6,206.4254456,206.861969,999.840454101562,999.840454101562,61.4414730111796,20.7951123080275,5.900308,0,0,0,200,4886,196.53745,999.840454101562,,,,,,,,,,,,,0,,,,4.6882548,,,,,,206.6437073,,,,
,50387218.845,206.2048111,999.840454101562,1.64775194765988E-5,1.39247900497995E-7,1,4.99626677034896,40.0298881530762,2.00000896334691,14.0000004321337,0.000183746272269804,5.94771454126674E-5,0.25,2.37766298169156E-6,1.65311537858191E-5,2.40412182230682E-6,205.9841766,206.4254456,999.840454101562,999.840454101562,61.6032701146604,20.7937151697329,5.900308,0,0,0,200,4886,196.15495,999.840454101562,,,,,,,,,,,,,0,,,,4.6414213,,,,,,206.2048111,,,,
,50387223.82,205.79505155,999.840454101562,1.65883537188992E-5,1.53140209761753E-7,1,4.99626677034896,40.0298881530762,1.99979775979316,14.0000004321337,0.000185312469503325,5.78512139270097E-5,0.25,2.21685756129905E-6,1.66427715957289E-5,2.24297087802284E-6,205.6059265,205.9841766,999.840454101562,999.840454101562,61.6165577994873,20.7931542366363,5.527248,0,0,0,200,4886,195.744,999.840454101562,,,,,,,,,,,,,0,,,,4.6882548,,,,,,205.79505155,,,,
,50387228.805,205.37950895,999.840454101562,1.68141841792098E-5,1.31632844903458E-7,1,4.99626677034896,40.0298881530762,1.99972420773294,14.0000004321337,0.000188452424320621,5.50134418884321E-5,0.25,1.92999391792288E-6,1.68699289360484E-5,1.95545645257652E-6,205.1530914,205.6059265,999.840454101562,999.840454101562,61.4320934689488,20.7943490610294,5.900308,0,0,0,200,4886,195.30485,999.840454101562,,,,,,,,,,,,,0,,,,4.7115545,,,,,,205.37950895,,,,
,50387233.835,204.967247,999.840454101562,1.67417165720757E-5,1.32603220853836E-7,1,4.99626677034896,40.0298881530762,1.9997274015242,14.0000004321337,0.000187192728822478,5.74045365705327E-5,0.25,2.15142669235866E-6,1.67971922620841E-5,2.17765461525148E-6,204.7814026,205.1530914,999.840454101562,999.840454101562,61.4578872100834,20.7939069406272,5.900308,0,0,0,200,4886,194.8664,999.840454101562,,,,,,,,,,,,,0,,,,4.7115545,,,,,,204.967247,,,,
,50387238.82,204.553772,999.840454101562,1.67800588836603E-5,1.50693110867468E-7,1,4.99626677034896,40.0298881530762,2.00008984939661,14.0100000426173,0.000187353634832104,5.93131117142838E-5,0.25,2.31077192882749E-6,1.68357178554373E-5,2.33767777032069E-6,204.3261414,204.7814026,999.840454101562,999.840454101562,61.4469444108142,20.7869451679749,5.900308,0,0,0,200,4886,194.4509,999.840454101562,,,,,,,,,,,,,0,,,,4.7350883,,,,,,204.553772,,,,
,50387243.79,204.13678745,999.840454101562,1.68967332246813E-5,1.32480796032452E-7,1,4.99626677034896,40.0298881530762,2.00010882996912,14.0100000426173,0.000189107503279641,5.71198368310504E-5,0.25,2.09880975867114E-6,1.69532703510797E-5,2.12518939246979E-6,203.9474335,204.3261414,999.840454101562,999.840454101562,61.7166062499488,20.7898399163099,5.900308,0,0,0,200,4886,194.063,999.840454101562,,,,,,,,,,,,,0,,,,4.7350883,,,,,,204.13678745,,,,
,50387248.775,203.72747805,999.840454101562,1.68683247049782E-5,1.27833542728184E-7,1,4.99626677034896,40.0298881530762,1.99964062621897,14.0000004321337,0.000188562189802027,5.81075438321241E-5,0.25,2.19106095678507E-6,1.69248858692865E-5,2.21781581815982E-6,203.5075226,203.9474335,999.840454101562,999.840454101562,61.6259373417181,20.7950758307061,5.900308,0,0,0,200,4886,193.623,999.840454101562,,,,,,,,,,,,,0,,,,4.7115545,,,,,,203.72747805,,,,
,50387253.805,203.30898285,999.840454101562,1.72537899018566E-5,1.37877244029667E-7,1,4.99626677034896,40.0298881530762,2.00011458378866,14.0000004321337,0.000192989862585522,5.90262563363385E-5,0.25,2.20405156773226E-6,1.73119231804707E-5,2.23137628081447E-6,203.1104431,203.5075226,999.840454101562,999.840454101562,61.8737135823142,20.7885518519162,5.527248,0,0,0,200,4886,193.18225,999.840454101562,,,,,,,,,,,,,0,,,,4.7115545,,,,,,203.30898285,,,,
,50387258.82,202.9117508,999.840454101562,1.697746936442E-5,1.31775744534973E-7,1,4.99626677034896,40.0298881530762,2.00013628052503,14.0000004321337,0.000190206637531354,5.63141718184532E-5,0.25,2.01408977650863E-6,1.70350694962997E-5,2.04051318576553E-6,202.7130585,203.1104431,999.840454101562,999.840454101562,61.6407882835834,20.7904198446573,5.900308,0,0,0,200,4886,192.7702,999.840454101562,,,,,,,,,,,,,0,,,,4.6882548,,,,,,202.9117508,,,,
,50387263.79,202.48554995,999.840454101562,1.69657352223693E-5,1.40501104916927E-7,1,4.99626677034896,40.0298881530762,2.00051128479799,14.0100000426173,0.000190084626302525,5.64445367719535E-5,0.25,2.02649662782976E-6,1.70235188497826E-5,2.0530329960916E-6,202.2580414,202.7130585,999.840454101562,999.840454101562,61.5133828349488,20.7829440064659,5.527248,0,0,0,200,4886,192.35635,999.840454101562,,,,,,,,,,,,,0,,,,4.6882548,,,,,,202.48554995,,,,
,50387268.775,202.0535431,999.840454101562,1.70878104313281E-5,1.21591612599103E-7,1,4.99626677034896,40.0298881530762,2.00031387122853,14.0100000426173,0.000191562428963967,5.61149637916505E-5,0.25,1.97709452698764E-6,1.71463268754419E-5,2.00367816116808E-6,201.8490448,202.2580414,999.840454101562,999.840454101562,61.4039548422565,20.7871463081411,5.900308,0,0,0,200,4886,191.94195,999.840454101562,,,,,,,,,,,,,0,,,,4.7350883,,,,,,202.0535431,,,,
,50387273.775,201.6324463,999.840454101562,1.70447339656497E-5,1.32844677959419E-7,1,4.99626677034896,40.0298881530762,2.00011546784673,14.0000004321337,0.000191005694432516,5.63097806750106E-5,0.25,2.00185501040887E-6,1.71033053913434E-5,2.02855989487798E-6,201.4158478,201.8490448,999.840454101562,999.840454101562,61.4070813563334,20.7891284972162,5.527248,0,0,0,200,4886,191.5294,999.840454101562,,,,,,,,,,,,,0,,,,4.7350883,,,,,,201.6324463,,,,
,50387278.78,201.230629,999.840454101562,1.70899643092519E-5,1.25008217005004E-7,1,4.99626677034896,40.0298881530762,1.99988712468937,14.0000004321337,0.000191783601282465,5.4765874662065E-5,0.25,1.85950503014821E-6,1.71490862958442E-5,1.88583323657393E-6,201.0454102,201.4158478,999.840454101562,999.840454101562,61.771320246295,20.7913052713972,5.900308,0,0,0,200,4886,191.11555,999.840454101562,,,,,,,,,,,,,0,,,,4.7115545,,,,,,201.230629,,,,
,50387283.78,200.81510165,999.840454101562,1.73810958666683E-5,1.40795573476507E-7,1,4.99626677034896,40.0298881530762,1.99967724454693,14.0100000426173,0.000194904237025496,5.6449956477682E-5,0.25,1.95723448966034E-6,1.74413853978344E-5,1.98433471959424E-6,200.5847931,201.0454102,999.840454101562,999.840454101562,61.8361954133912,20.7942115384269,5.527248,0,0,0,200,4886,190.67545,999.840454101562,,,,,,,,,,,,,0,,,,4.6880207,,,,,,200.81510165,,,,
,50387288.775,200.38809205,999.840454101562,1.72218752316692E-5,1.25925132584098E-7,1,4.99626677034896,40.0298881530762,1.99960000756492,14.0000004321337,0.000193096660955168,5.60350469848842E-5,0.25,1.94829922133805E-6,1.72818437482162E-5,1.97526740213728E-6,200.191391,200.5847931,999.840454101562,999.840454101562,61.6337536269103,20.7976297476804,5.900308,0,0,0,200,4886,190.26085,999.840454101562,,,,,,,,,,,,,0,,,,4.6880207,,,,,,200.38809205,,,,
,50387293.785,199.9649582,999.840454101562,1.73301567296121E-5,1.32973372262419E-7,1,4.99626677034896,40.0298881530762,1.9995548553359,14.0000004321337,0.000194236060132472,5.6813929857812E-5,0.25,1.99784037471821E-6,1.73907004314214E-5,2.02519437192105E-6,199.7385254,200.191391,999.840454101562,999.840454101562,61.4594504671219,20.7954738890658,5.527248,0,0,0,200,4886,189.8718,999.840454101562,,,,,,,,,,,,,0,,,,4.6880207,,,,,,199.9649582,,,,
,50387298.775,199.5438919,999.840454101562,1.7395317371183E-5,1.22339106898666E-7,1,4.99626677034896,40.0298881530762,2.000093411049,14.0100000426173,0.000195046440124707,5.68833442869911E-5,0.25,1.99133932109673E-6,1.74563448017429E-5,2.01882998262863E-6,199.3492584,199.7385254,999.840454101562,999.840454101562,61.8510463552566,20.7870214975033,5.900308,0,0,0,200,4886,189.46125,999.840454101562,,,,,,,,,,,,,0,,,,4.6880207,,,,,,199.5438919,,,,
,50387303.74,199.12654875,999.840454101562,1.74255240016182E-5,1.36976585459314E-7,1,4.99626677034896,40.0298881530762,1.99995769102784,14.0000004321337,0.00019560449627467,5.56415488485811E-5,0.25,1.87777514355485E-6,1.74870315379354E-5,1.90497069795346E-6,198.9038391,199.3492584,999.840454101562,999.840454101562,61.7627223325834,20.7896061616694,5.527248,0,0,0,200,4886,189.05,999.840454101562,,,,,,,,,,,,,0,,,,4.7115545,,,,,,199.12654875,,,,
,50387308.725,198.7060547,999.840454101562,1.74737944013092E-5,1.32064768543915E-7,1,4.99626677034896,40.0298881530762,1.99972964732838,14.0000004321337,0.000196067716302774,5.61403840956693E-5,0.25,1.9135252711638E-6,1.7535676629289E-5,1.94099278912526E-6,198.5082703,198.9038391,999.840454101562,999.840454101562,61.7158246214296,20.793999418759,5.900308,0,0,0,200,4886,188.63515,999.840454101562,,,,,,,,,,,,,0,,,,4.7350883,,,,,,198.7060547,,,,
,50387313.725,198.28276065,999.840454101562,1.74680987057385E-5,1.37734099118131E-7,1,4.99626677034896,40.0298881530762,1.99974644967811,14.0000004321337,0.000195947526060244,5.64765202410252E-5,0.25,1.94373367594658E-6,1.75301667952534E-5,1.97138759852856E-6,198.057251,198.5082703,999.840454101562,999.840454101562,61.6759615669488,20.7922364735626,5.527248,0,0,0,200,4886,188.24685,999.840454101562,,,,,,,,,,,,,0,,,,4.7115545,,,,,,198.28276065,,,,
,50387318.75,197.8669968,999.840454101562,1.73753399170504E-5,1.38684094281398E-7,1,4.99626677034896,40.0298881530762,1.99970376853033,14.0100000426173,0.000194777551626883,5.69234938186735E-5,0.25,1.99869863900425E-6,1.74372364367156E-5,2.02653258868018E-6,197.6767426,198.057251,999.840454101562,999.840454101562,61.5423030901604,20.7932013606687,5.900308,0,0,0,200,4886,187.8301,999.840454101562,,,,,,,,,,,,,0,,,,4.6880207,,,,,,197.8669968,,,,
,50387323.735,197.4492569,999.840454101562,1.74498748665463E-5,1.28307267779404E-7,1,4.99626677034896,40.0298881530762,1.99983537163369,14.0000004321337,0.000195475565010764,5.80610417810562E-5,0.25,2.08494777282132E-6,1.75121816730659E-5,2.11327670001011E-6,197.2217712,197.6767426,999.840454101562,999.840454101562,61.8596442689681,20.7929806859384,5.527248,0,0,0,200,4886,187.41285,999.840454101562,,,,,,,,,,,,,0,,,,4.6880207,,,,,,197.4492569,,,,
,50387328.71,197.01411435,999.840454101562,1.77727034134678E-5,1.38177212599669E-7,1,4.99626677034896,40.0298881530762,1.99977653181278,14.0000004321337,0.000199180862826332,5.85995694914926E-5,0.25,2.07670030650417E-6,1.78364705599384E-5,2.10546559634811E-6,196.8064575,197.2217712,999.840454101562,999.840454101562,61.5899824298334,20.7951315418502,5.527248,0,0,0,200,4886,187.02995,999.840454101562,,,,,,,,,,,,,0,,,,4.6880207,,,,,,197.01411435,,,,
,50387333.71,196.58128355,999.840454101562,1.77302528319057E-5,1.40733795501599E-7,1,4.99626677034896,40.0298881530762,1.99980587098019,14.0000004321337,0.000198718616608305,5.84148981235948E-5,0.25,2.06762801530782E-6,1.77941214486299E-5,2.0963989846412E-6,196.3561096,196.8064575,999.840454101562,999.840454101562,61.6454780546988,20.7938624293305,5.900308,0,0,0,200,4886,186.62035,999.840454101562,,,,,,,,,,,,,0,,,,4.6880207,,,,,,196.58128355,,,,
,50387338.71,196.1558838,999.840454101562,1.78525530752106E-5,1.23910298989881E-7,1,4.99626677034896,40.0298881530762,1.99974147184783,14.0000004321337,0.000200055666287263,5.89933563863705E-5,0.25,2.09725948985965E-6,1.79170881877771E-5,2.12638168256525E-6,195.955658,196.3561096,999.840454101562,999.840454101562,61.6517310828527,20.7934195565399,5.527248,0,0,0,200,4886,186.17665,999.840454101562,,,,,,,,,,,,,0,,,,4.7115545,,,,,,196.1558838,,,,
,50387343.725,195.75802615,999.840454101562,1.76996071110028E-5,1.20172469161136E-6,1,4.99626677034896,40.0298881530762,1.99962753826228,14.0000004321337,0.000195541514515973,7.47681030407491E-5,0.25,3.50304429537866E-6,1.77621157949564E-5,3.53737059379619E-6,195.5603943,195.955658,999.840454101562,999.840454101562,61.5204174916219,20.7975036876764,5.527248,0,0,0,200,4886,185.75915,999.840454101562,,,,,,,,,,,,,0,,,,4.7115545,,,,,,195.75802615,,,,
,50387348.725,195.3691864,999.840454101562,1.8012926228556E-5,1.34123820336406E-7,1,4.99626677034896,40.0298881530762,1.99956833967403,14.0000004321337,0.000202294468423162,5.6876722477217E-5,0.25,1.88483992922561E-6,1.80787717905418E-5,1.91353038842762E-6,195.1779785,195.5603943,999.840454101562,999.840454101562,61.5469928612758,20.7963758142564,5.900308,0,0,0,200,4886,185.34155,999.840454101562,,,,,,,,,,,,,0,,,,4.6880207,,,,,,195.3691864,,,,
,50387353.71,194.9389038,999.840454101562,1.83665691747942E-5,1.32514739822394E-7,1,4.99626677034896,40.0298881530762,1.99964118660416,14.0000004321337,0.000206003320927125,5.95867751300324E-5,0.25,2.06086284237295E-6,1.84337955713575E-5,2.0907363095694E-6,194.6998291,195.1779785,999.840454101562,999.840454101562,61.4367832400642,20.7926838694776,5.900308,0,0,0,200,4886,184.92445,999.840454101562,,,,,,,,,,,,,0,,,,4.6880207,,,,,,194.9389038,,,,
,50387358.71,194.5058136,999.840454101562,1.81230916244017E-5,1.365144489013E-7,1,4.99626677034896,40.0298881530762,1.99961170293872,14.0000004321337,0.000203743384547226,5.60502883015385E-5,0.25,1.79331708850153E-6,1.81899690170559E-5,1.82197134685532E-6,194.3117981,194.6998291,999.840454101562,999.840454101562,61.504003292718,20.7951256635436,5.527248,0,0,0,200,4886,184.5176,999.840454101562,,,,,,,,,,,,,0,,,,4.6880207,,,,,,194.5058136,,,,
,50387363.71,194.0808716,999.840454101562,1.83993278857362E-5,1.38216018830062E-7,1,4.99626677034896,40.0298881530762,1.99962577052775,14.0000004321337,0.000206888281191077,5.6700598094898E-5,0.25,1.80264583197591E-6,1.8467498291697E-5,1.83175813625268E-6,193.8499451,194.3117981,999.840454101562,999.840454101562,61.6009252291027,20.795436613351,5.900308,0,0,0,200,4886,184.10765,999.840454101562,,,,,,,,,,,,,0,,,,4.7115545,,,,,,194.0808716,,,,
,50387368.695,193.650795,999.840454101562,1.87526728999732E-5,1.32499115412327E-7,1,4.99626677034896,40.0298881530762,1.99952581828849,14.0000004321337,0.000210837690472811,5.7884335568093E-5,0.25,1.84566472444319E-6,1.8822402637101E-5,1.87545819585542E-6,193.4516449,193.8499451,999.840454101562,999.840454101562,61.5970170865065,20.7976990818942,5.900308,0,0,0,200,4886,183.7132,999.840454101562,,,,,,,,,,,,,0,,,,4.7350883,,,,,,193.650795,,,,
,50387373.695,193.2571106,999.840454101562,1.86802900565372E-5,1.27369968722387E-7,1,4.99626677034896,40.0298881530762,1.99965386598827,14.0000004321337,0.000210318903712643,5.60348808379647E-5,0.25,1.69592884606248E-6,1.87501584413132E-5,1.72514955719535E-6,193.0625763,193.4516449,999.840454101562,999.840454101562,61.6165577994873,20.7956899081344,5.900308,0,0,0,200,4886,183.29535,999.840454101562,,,,,,,,,,,,,0,,,,4.7350883,,,,,,193.2571106,,,,
,50387378.695,192.82621765,999.840454101562,1.86354279519826E-5,1.34006336026026E-7,1,4.99626677034896,40.0298881530762,1.99965185452656,14.0000004321337,0.000209681282820965,5.66894755248458E-5,0.25,1.76072590350126E-6,1.87053024754231E-5,1.79023465493768E-6,192.589859,193.0625763,999.840454101562,999.840454101562,61.598580343545,20.7958652526946,5.900308,0,0,0,200,4886,182.8765,999.840454101562,,,,,,,,,,,,,0,,,,4.7350883,,,,,,192.82621765,,,,
,50387397.92,191.2764893,999.840454101562,,,2,,,,14.0560002071261,,,,,,,191.2764893,191.2764893,999.840454101562,999.840454101562,,,5.900308,,,,-99999999,4886,181.2368,999.840454101562,,,,,,,,,,,,,,,,,,,,,,,191.2764893,,,,
touchdown = 8.65000020712614 mm,50387427.9,188.6809082,999.840454101562,1.94457884483576E-5,1.28588499411435E-7,1,4.99626677034896,40.0298881530762,1.99984431639465,14.0399998053908,0.000220269547147617,5.08807264639761E-5,0.25,1.11215871546409E-6,1.95221716891907E-5,1.1410102435502E-6,188.6809082,188.6809082,999.840454101562,999.840454101562,61.3625285307373,20.7919718788518,5.900308,0,0,0,200,4886,178.825,999.840454101562,,,,,,,,,,,,,0,,,,4.7115545,,,,,,188.6809082,,,,
,50387429.555,188.5452118,999.840454101562,1.93280249906654E-5,1.12655417714404E-7,1,4.99626677034896,40.0298881530762,1.9997219382779,14.0399998053908,0.000218355221698492,5.38844845793843E-5,0.25,1.39517137809341E-6,1.94036666798728E-5,1.42503079317544E-6,188.4095154,188.6809082,999.840454101562,999.840454101562,61.5602805461027,20.793032903338,5.900308,0,0,0,200,4886,178.72825,999.840454101562,,,,,,,,,,,,,0,,,,4.7588582,,,,,,188.5452118,,,,
,50387433.68,188.18132785,999.840454101562,1.92975620634906E-5,1.19234801989147E-7,1,4.99626677034896,40.0298881530762,1.99960078947752,14.0500003471971,0.000218232196975124,5.2449343103866E-5,0.25,1.27509010954711E-6,1.93734566621915E-5,1.30450336772312E-6,187.9531403,188.4095154,999.840454101562,999.840454101562,61.4617953526796,20.7962072006752,5.900308,0,0,0,200,4886,178.40815,999.840454101562,,,,,,,,,,,,,0,,,,4.7826281,,,,,,188.18132785,,,,
,50387438.665,187.76705935,999.840454101562,1.94390304215188E-5,1.23802712835619E-7,1,4.99626677034896,40.0298881530762,1.99959635214927,14.0399998053908,0.000219705464151761,5.35861590151311E-5,0.25,1.35007600405758E-6,1.95156514484541E-5,1.38006835320381E-6,187.5809784,187.9531403,999.840454101562,999.840454101562,61.3797243581603,20.7955356853286,5.900308,0,0,0,200,4886,177.9607,999.840454101562,,,,,,,,,,,,,0,,,,4.7826281,,,,,,187.76705935,,,,
,50387443.65,187.35673525,999.840454101562,1.94816770107962E-5,1.21740331093462E-7,1,4.99626677034896,40.0298881530762,1.99960743186912,14.0399998053908,0.000220297705232701,5.3085412766683E-5,0.25,1.29882464888645E-6,1.95587869326588E-5,1.32875605039515E-6,187.1324921,187.5809784,999.840454101562,999.840454101562,61.5626254316604,20.7957366513255,5.900308,0,0,0,200,4886,177.55735,999.840454101562,,,,,,,,,,,,,0,,,,4.7588582,,,,,,187.35673525,,,,
,50387448.645,186.9431534,999.840454101562,1.95667624568062E-5,1.11998869710672E-7,1,4.99626677034896,40.0298881530762,1.99960577495962,14.0399998053908,0.000221267455377134,5.32893720166785E-5,0.25,1.30193149265533E-6,1.96444686275233E-5,1.33207139778901E-6,186.7538147,187.1324921,999.840454101562,999.840454101562,61.5399582046026,20.7944667206976,5.900308,0,0,0,200,4886,177.1785,999.840454101562,,,,,,,,,,,,,0,,,,4.7588582,,,,,,186.9431534,,,,
,50387453.635,186.52672575,999.840454101562,1.93836641141917E-5,1.24022798749998E-7,1,4.99626677034896,40.0298881530762,1.99957327575595,14.0399998053908,0.000219951875770157,4.83867388003982E-5,0.25,9.04680775157161E-7,1.94613871809972E-5,9.33067740266139E-7,186.2996368,186.7538147,999.840454101562,999.840454101562,61.6673636532373,20.7932364276111,5.527248,0,0,0,200,4886,176.75525,999.840454101562,,,,,,,,,,,,,0,,,,4.7826281,,,,,,186.52672575,,,,
,50387458.625,186.10035705,999.840454101562,1.9425445098867E-5,1.27221860979323E-7,1,4.99626677034896,40.0298881530762,1.99970265858454,14.0399998053908,0.000220337875299766,4.91046222404052E-5,0.25,9.59870192886822E-7,1.9503529005057E-5,9.88627628515342E-7,185.9010773,186.2996368,999.840454101562,999.840454101562,61.5102563208719,20.7928097182527,5.900308,0,0,0,200,4886,176.332,999.840454101562,,,,,,,,,,,,,0,,,,4.7588582,,,,,,186.10035705,,,,
,50387463.635,185.6730347,999.840454101562,1.96180030924849E-5,1.30174054717053E-7,1,4.99626677034896,40.0298881530762,1.99968835938184,14.0399998053908,0.000222484820129315,4.98170338493803E-5,0.25,9.89001248557066E-7,1.96970996935067E-5,1.01821840885906E-6,185.4449921,185.9010773,999.840454101562,999.840454101562,61.6939390228911,20.794463270513,5.900308,0,0,0,200,4886,175.9078,999.840454101562,,,,,,,,,,,,,0,,,,4.7350883,,,,,,185.6730347,,,,
,50387468.65,185.254509,999.840454101562,1.95638341368983E-5,1.27486797740956E-7,1,4.99626677034896,40.0298881530762,1.99962753628821,14.0399998053908,0.000222141089428223,4.8080956157508E-5,0.25,8.46522643633864E-7,1.96431489348274E-5,8.75179301851747E-7,185.0640259,185.4449921,999.840454101562,999.840454101562,61.669708538795,20.7947231863743,5.900308,0,0,0,200,4886,175.4838,999.840454101562,,,,,,,,,,,,,0,,,,4.7350883,,,,,,185.254509,,,,
,50387473.615,184.8393631,999.840454101562,1.96619432666603E-5,1.32146557098623E-7,1,4.99626677034896,40.0298881530762,1.99967562655591,14.0399998053908,0.000223262787615685,4.83256753781194E-5,0.25,8.50853599609091E-7,1.97419125940026E-5,8.79743390212646E-7,184.6147003,185.0640259,999.840454101562,999.840454101562,61.4993135216027,20.7936372546449,5.527248,0,0,0,200,4886,175.08315,999.840454101562,,,,,,,,,,,,,0,,,,4.7588582,,,,,,184.8393631,,,,
,50387478.61,184.4034271,999.840454101562,1.96308605718969E-5,1.16294390097415E-7,1,4.99626677034896,40.0298881530762,1.99975566517218,14.0399998053908,0.000223233798779633,4.64308794722883E-5,0.25,6.90264725232305E-7,1.97111782828056E-5,7.1854512935495E-7,184.1921539,184.6147003,999.840454101562,999.840454101562,61.6446964261796,20.7927682636335,5.527248,0,0,0,200,4886,174.6565,999.840454101562,,,,,,,,,,,,,0,,,,4.7826281,,,,,,184.4034271,,,,
,50387483.61,184.00149535,999.840454101562,1.98778943603162E-5,1.33506846729931E-7,1,4.99626677034896,40.0298881530762,1.99961908789571,14.0399998053908,0.00022618246701322,4.61304034841299E-5,0.25,6.21743602335242E-7,1.99595726325223E-5,6.50153047174937E-7,183.8108368,184.1921539,999.840454101562,999.840454101562,61.5204174916219,20.793085071481,5.527248,0,0,0,200,4886,174.23105,999.840454101562,,,,,,,,,,,,,0,,,,4.7588582,,,,,,184.00149535,,,,
,50387488.615,183.58543395,999.840454101562,1.97955369970504E-5,1.15462059949846E-7,1,4.99626677034896,40.0298881530762,1.99954951392299,14.0399998053908,0.000224965449718598,4.75432534414444E-5,0.25,7.59379785558872E-7,1.98769528327149E-5,7.88343316155255E-7,183.3600311,183.8108368,999.840454101562,999.840454101562,61.6384433980258,20.794291520123,5.900308,0,0,0,200,4886,173.8306,999.840454101562,,,,,,,,,,,,,0,,,,4.7588582,,,,,,183.58543395,,,,
,50387493.61,183.16921995,999.840454101562,1.98680025225561E-5,1.27551837386496E-7,1,4.99626677034896,40.0298881530762,1.9995604645899,14.0399998053908,0.000225919915467248,4.69789494273815E-5,0.25,6.97457841112703E-7,1.99500586434908E-5,7.26352971268026E-7,182.9784088,183.3600311,999.840454101562,999.840454101562,61.7353653344104,20.7958586226264,5.900308,0,0,0,200,4886,173.4054,999.840454101562,,,,,,,,,,,,,0,,,,4.7588582,,,,,,183.16921995,,,,
,50387498.605,182.74773405,999.840454101562,1.96250491732488E-5,1.23159864460733E-7,1,4.99626677034896,40.0298881530762,1.99958959946746,14.0399998053908,0.000223566225483114,4.4057567229504E-5,0.25,4.83590549221874E-7,1.97066290375295E-5,5.11366431756519E-7,182.5170593,182.9784088,999.840454101562,999.840454101562,61.669708538795,20.7958247442203,5.900308,0,0,0,200,4886,172.981,999.840454101562,,,,,,,,,,,,,0,,,,4.7350883,,,,,,182.74773405,,,,
,50387503.61,182.33527375,999.840454101562,1.97919233982258E-5,1.16826930110281E-7,1,4.99626677034896,40.0298881530762,1.99968392173311,14.0500003471971,0.00022534354941405,4.52314907644936E-5,0.25,5.57260270107819E-7,1.98743607581184E-5,5.85652534449117E-7,182.1534882,182.5170593,999.840454101562,999.840454101562,61.6040517431796,20.7952733404188,5.900308,0,0,0,200,4886,172.5808,999.840454101562,,,,,,,,,,,,,0,,,,4.7350883,,,,,,182.33527375,,,,
,50387508.59,181.9194336,999.840454101562,1.96067779298827E-5,1.10176697410341E-7,1,4.99626677034896,40.0298881530762,1.99958284437504,14.0399998053908,0.00022297526431892,4.62777839246336E-5,0.25,6.80543955736999E-7,1.9688528779685E-5,7.09301266413818E-7,181.685379,182.1534882,999.840454101562,999.840454101562,61.6431331691411,20.7948532565606,5.527248,0,0,0,200,4886,172.17855,999.840454101562,,,,,,,,,,,,,0,,,,4.7588582,,,,,,181.9194336,,,,
,50387513.585,181.48983,999.840454101562,1.97356272063979E-5,1.10648628380351E-7,1,4.99626677034896,40.0298881530762,1.99960984115924,14.0399998053908,0.000224636375070665,4.54764342949305E-5,0.25,5.88201789371995E-7,1.98183074861001E-5,6.16830913490298E-7,181.294281,181.685379,999.840454101562,999.840454101562,61.6712717958334,20.7955624547124,5.527248,0,0,0,200,4886,171.77575,999.840454101562,,,,,,,,,,,,,0,,,,4.7826281,,,,,,181.48983,,,,
,50387518.605,181.0621109,999.840454101562,1.97610333002126E-5,1.20555533077488E-7,1,4.99626677034896,40.0298881530762,1.99956081516498,14.0399998053908,0.00022501020412744,4.50279435623662E-5,0.25,5.44593033921405E-7,1.98441408967227E-5,5.7316715882881E-7,180.8299408,181.294281,999.840454101562,999.840454101562,61.6306271128334,20.7964430850963,5.900308,0,0,0,200,4886,171.34975,999.840454101562,,,,,,,,,,,,,0,,,,4.7588582,,,,,,181.0621109,,,,
,50387523.65,180.62636565,999.840454101562,1.97272661646283E-5,1.17873225783003E-7,1,4.99626677034896,40.0298881530762,1.99956540410213,14.0399998053908,0.000224675802302567,4.46802982341717E-5,0.25,5.19851587957357E-7,1.98105298635064E-5,5.48371950078488E-7,180.4227905,180.8299408,999.840454101562,999.840454101562,61.6142129139296,20.7949516905256,5.900308,0,0,0,200,4886,170.92365,999.840454101562,,,,,,,,,,,,,0,,,,4.7588582,,,,,,180.62636565,,,,
,50387528.625,180.2148132,999.840454101562,1.99597510511506E-5,3.32902867714636E-7,1,4.99626677034896,40.0298881530762,1.99962976034816,14.0399998053908,0.000227497288398338,4.42540816168237E-5,0.25,4.42443390678409E-7,2.0044361068455E-5,4.7103963018273E-7,180.0068359,180.4227905,999.840454101562,999.840454101562,61.5337051764488,20.7958627053206,5.900308,0,0,0,200,4886,170.50255,999.840454101562,,,,,,,,,,,,,0,,,,4.7588582,,,,,,180.2148132,,,,
,50387533.565,179.81378935,999.840454101562,1.99893791815032E-5,1.19842087256036E-7,1,4.99626677034896,40.0298881530762,1.9995174391553,14.0399998053908,0.000227610841730311,4.55692385664576E-5,0.25,5.52380912067494E-7,2.00742145864628E-5,5.81583532941437E-7,179.6207428,180.0068359,999.840454101562,999.840454101562,61.5743498594488,20.7971727496628,5.900308,0,0,0,200,4886,170.08055,999.840454101562,,,,,,,,,,,,,0,,,,4.7350883,,,,,,179.81378935,,,,
,50387538.57,179.39559935,999.840454101562,1.98611431720423E-5,1.25066327232388E-7,1,4.99626677034896,40.0298881530762,1.99953865340388,14.0399998053908,0.000226412099522134,4.37849480214197E-5,0.25,4.18257117751765E-7,1.99458661894509E-5,4.4680579507916E-7,179.1704559,179.6207428,999.840454101562,999.840454101562,61.5759131164873,20.7952135588207,5.900308,0,0,0,200,4886,169.6757,999.840454101562,,,,,,,,,,,,,0,,,,4.7588582,,,,,,179.39559935,,,,
,50387543.575,178.96956635,999.840454101562,1.99611520163704E-5,1.1775689052269E-7,1,4.99626677034896,40.0298881530762,1.99961685158211,14.0399998053908,0.000227460235664464,4.46100678590378E-5,0.25,4.72927896470008E-7,2.00464930281467E-5,5.01940537652449E-7,178.7686768,179.1704559,999.840454101562,999.840454101562,61.6337536269103,20.7971303779686,5.900308,0,0,0,200,4886,169.27,999.840454101562,,,,,,,,,,,,,0,,,,4.7826281,,,,,,178.96956635,,,,
,50387548.56,178.54792025,999.840454101562,1.99532891939018E-5,1.17001127182792E-7,1,4.99626677034896,40.0298881530762,1.99962320287008,14.0399998053908,0.000227230239778135,4.54323181579895E-5,0.25,5.45990868158309E-7,2.00387559907614E-5,5.75403223985118E-7,178.3271637,178.7686768,999.840454101562,999.840454101562,61.5907640583527,20.7951466765539,5.900308,0,0,0,200,4886,168.86575,999.840454101562,,,,,,,,,,,,,0,,,,4.7826281,,,,,,178.54792025,,,,
,50387553.545,178.1277466,999.840454101562,2.0045714367448E-5,1.17943674138265E-7,1,4.99626677034896,40.0298881530762,1.999692640849,14.0399998053908,0.00022843964150171,4.47920603561491E-5,0.25,4.73900909804104E-7,2.01319365764045E-5,5.03223038032936E-7,177.9283295,178.3271637,999.840454101562,999.840454101562,61.5977987150258,20.7945938850899,5.527248,0,0,0,200,4886,168.46045,999.840454101562,,,,,,,,,,,,,0,,,,4.7826281,,,,,,178.1277466,,,,
,50387558.555,177.70264435,999.840454101562,2.00216421415382E-5,1.17973010546156E-7,1,4.99626677034896,40.0298881530762,1.99959738032931,14.0399998053908,0.00022797185279087,4.58208028510561E-5,0.25,5.67976075054095E-7,2.01078916204488E-5,5.97774332143969E-7,177.4769592,177.9283295,999.840454101562,999.840454101562,61.6564208539681,20.7952669029287,5.527248,0,0,0,200,4886,168.03955,999.840454101562,,,,,,,,,,,,,0,,,,4.7588582,,,,,,177.70264435,,,,
,50387563.58,177.2777023,999.840454101562,2.00846266137351E-5,1.19506810383661E-7,1,4.99626677034896,40.0298881530762,1.99962077865965,14.0399998053908,0.000229101436335262,4.35954458453622E-5,0.25,3.62494114426265E-7,2.0171692142786E-5,3.91579186702723E-7,177.0784454,177.4769592,999.840454101562,999.840454101562,61.6947206514104,20.7976960013848,5.527248,0,0,0,200,4886,167.64325,999.840454101562,,,,,,,,,,,,,0,,,,4.7350883,,,,,,177.2777023,,,,
,50387568.55,176.88794705,999.840454101562,2.01551841946099E-5,1.09671450071515E-7,1,4.99626677034896,40.0298881530762,1.99948695966603,14.0399998053908,0.000229444949206817,4.63642333450738E-5,0.25,5.92481254529204E-7,2.02424798470108E-5,6.22764849276241E-7,176.6974487,177.0784454,999.840454101562,999.840454101562,61.5509010038719,20.7983558728296,5.900308,0,0,0,200,4886,167.23795,999.840454101562,,,,,,,,,,,,,0,,,,4.7588582,,,,,,176.88794705,,,,
,50387573.55,176.4599228,999.840454101562,1.99303875002238E-5,1.14419866080855E-7,1,4.99626677034896,40.0298881530762,1.99956896347459,14.0399998053908,0.000227285178590739,4.35920297418148E-5,0.25,3.88478670574331E-7,2.00172386810735E-5,4.1766916159158E-7,176.2223969,176.6974487,999.840454101562,999.840454101562,61.4672667523142,20.7985778173013,5.527248,0,0,0,200,4886,166.7855,999.840454101562,,,,,,,,,,,,,0,,,,4.7826281,,,,,,176.4599228,,,,
,50387578.55,176.0317307,999.840454101562,1.99770663020652E-5,1.142359509615E-7,1,4.99626677034896,40.0298881530762,1.99941193111974,14.0399998053908,0.000227856732662407,4.3380761405553E-5,0.25,3.62138627251548E-7,2.00644176858373E-5,3.91381324686923E-7,175.8410645,176.2223969,999.840454101562,999.840454101562,61.6611106250834,20.7963222459674,5.900308,0,0,0,200,4886,166.35485,999.840454101562,,,,,,,,,,,,,0,,,,4.7826281,,,,,,176.0317307,,,,
,50387583.52,175.63754275,999.840454101562,2.00779187495438E-5,1.2127092418946E-7,1,4.99626677034896,40.0298881530762,1.99962795306331,14.0399998053908,0.000228795173526909,4.49921181675728E-5,0.25,4.85119994523682E-7,2.01657827460055E-5,5.15138137156896E-7,175.434021,175.8410645,999.840454101562,999.840454101562,61.504003292718,20.7956686268259,5.527248,0,0,0,200,4886,165.97005,999.840454101562,,,,,,,,,,,,,0,,,,4.7588582,,,,,,175.63754275,,,,
,50387588.52,175.20511625,999.840454101562,2.01980419836965E-5,1.1213232888223E-7,1,4.99626677034896,40.0298881530762,1.99953596643222,14.0399998053908,0.000230155113829038,4.52705576485387E-5,0.25,4.88860868127059E-7,2.0286695311616E-5,5.19161792592168E-7,174.9762115,175.434021,999.840454101562,999.840454101562,61.5321419194104,20.796781107405,5.527248,0,0,0,200,4886,165.57395,999.840454101562,,,,,,,,,,,,,0,,,,4.7588582,,,,,,175.20511625,,,,
,50387593.555,174.78918455,999.840454101562,2.02270638009657E-5,1.31778730193516E-7,1,4.99626677034896,40.0298881530762,1.99957512505363,14.0399998053908,0.000230601090653289,4.47073046399562E-5,0.25,4.34433806380547E-7,2.03161741758437E-5,4.64639068646736E-7,174.6021576,174.9762115,999.840454101562,999.840454101562,61.6572024824873,20.7963586071148,5.527248,0,0,0,200,4886,165.15525,999.840454101562,,,,,,,,,,,,,0,,,,4.7826281,,,,,,174.78918455,,,,
,50387598.545,174.3736038,999.840454101562,2.02613687802048E-5,1.33309398661773E-7,1,4.99626677034896,40.0298881530762,1.99961934116414,14.0399998053908,0.000230604651195025,4.70868774201406E-5,0.25,6.36258069108843E-7,2.03505999705993E-5,6.67517466353075E-7,174.14505,174.6021576,999.840454101562,999.840454101562,61.5219807486604,20.7976933766012,5.527248,0,0,0,200,4886,164.7243,999.840454101562,,,,,,,,,,,,,0,,,,4.7588582,,,,,,174.3736038,,,,
,50387603.53,173.95674895,999.840454101562,2.01590582111724E-5,1.18531438510026E-7,1,4.99626677034896,40.0298881530762,1.99974338790433,14.0399998053908,0.000229555232524049,4.62780165747509E-5,0.25,5.82751802766842E-7,2.02481605516601E-5,6.1373513777304E-7,173.7684479,174.14505,999.840454101562,999.840454101562,61.7455265051604,20.7966138220979,5.527248,0,0,0,200,4886,164.31475,999.840454101562,,,,,,,,,,,,,0,,,,4.7588582,,,,,,173.95674895,,,,
,50387608.545,173.53372195,999.840454101562,2.01725256595135E-5,1.12752964720659E-7,1,4.99626677034896,40.0298881530762,1.99958002289822,14.0399998053908,0.000230216614659447,4.32597615540019E-5,0.25,3.16846573585347E-7,2.0262318556297E-5,3.4676564306125E-7,173.298996,173.7684479,999.840454101562,999.840454101562,61.3156308195834,20.7963144409269,5.527248,0,0,0,200,4886,163.90565,999.840454101562,,,,,,,,,,,,,0,,,,4.7588582,,,,,,173.53372195,,,,
,50387613.54,173.1028519,999.840454101562,2.02719251488836E-5,1.22307552086748E-7,1,4.99626677034896,40.0298881530762,1.99959115381206,14.0399998053908,0.000230804936158568,4.66785005802898E-5,0.25,5.98361564593634E-7,2.03620251054049E-5,6.29789820946245E-7,172.9067078,173.298996,999.840454101562,999.840454101562,61.5860742872373,20.7967212909013,5.900308,0,0,0,200,4886,163.49015,999.840454101562,,,,,,,,,,,,,0,,,,4.7588582,,,,,,173.1028519,,,,
,50387618.525,172.68049625,999.840454101562,2.04047931880936E-5,1.05206152167116E-7,1,4.99626677034896,40.0298881530762,1.99954941213042,14.0399998053908,0.000232698929007337,4.4753898541041E-5,0.25,4.07295937188089E-7,2.04960179146245E-5,4.38158186682553E-7,172.4542847,172.9067078,999.840454101562,999.840454101562,61.5149460919873,20.797747404891,5.527248,0,0,0,200,4886,163.09665,999.840454101562,,,,,,,,,,,,,0,,,,4.7826281,,,,,,172.68049625,,,,
,50387623.525,172.25649265,999.840454101562,2.04621833399097E-5,1.11069844937417E-7,1,4.99626677034896,40.0298881530762,1.99968849486653,14.0399998053908,0.000233718056668935,4.28668313319132E-5,0.25,2.32139420709805E-7,2.05541744392122E-5,2.62400843378953E-7,172.0587006,172.4542847,999.840454101562,999.840454101562,61.6446964261796,20.7946755334598,5.527248,0,0,0,200,4886,162.68705,999.840454101562,,,,,,,,,,,,,0,,,,4.7826281,,,,,,172.25649265,,,,
,50387628.515,171.8334351,999.840454101562,2.04534411034374E-5,1.2432665632752E-7,1,4.99626677034896,40.0298881530762,1.99959809131256,14.0399998053908,0.000233066131831043,4.60207228844648E-5,0.25,5.09248382284926E-7,2.05452533034273E-5,5.40857549380191E-7,171.6081696,172.0587006,999.840454101562,999.840454101562,61.618902685045,20.7952628199657,5.527248,0,0,0,200,4886,162.27685,999.840454101562,,,,,,,,,,,,,0,,,,4.7826281,,,,,,171.8334351,,,,
,50387633.475,171.40740205,999.840454101562,2.04345165997129E-5,1.14590054221678E-7,1,4.99626677034896,40.0298881530762,1.99962970097602,14.0399998053908,0.000233230987871967,4.38010542655417E-5,0.25,3.18329516388452E-7,2.05267753367302E-5,3.49154148456459E-7,171.2066345,171.6081696,999.840454101562,999.840454101562,61.6728350528719,20.795742777209,5.527248,0,0,0,200,4886,161.87395,999.840454101562,,,,,,,,,,,,,0,,,,4.7826281,,,,,,171.40740205,,,,
,50387652.77,169.8412933,999.840454101562,,,2,,,,14.1159997326732,,,,,,,169.8412933,169.8412933,999.840454101562,999.840454101562,,,5.527248,,,,-99999999,4886,160.2544,999.840454101562,,,,,,,,,,,,,,,,,,,,,,,169.8412933,,,,
touchdown = 8.70999973267317 mm,50387682.115,167.31907655,999.840454101562,2.08785684432952E-5,1.21970028305786E-7,1,4.99626677034896,40.0298881530762,1.97379807375535,14.1000002622604,0.000234830045744147,4.74737853961106E-5,0.25,6.13175518246504E-7,2.09748961684343E-5,6.47134149763605E-7,167.2844391,167.353714,999.840454101562,999.840454101562,61.524325634218,20.7984970420123,5.900308,0,0,0,200,4886,157.8652,999.840454101562,,,,,,,,,,,,,0,,,,4.7826281,,,,,,167.31907655,,,,
,50387684.1,167.12361145,999.840454101562,2.08595825329978E-5,1.18367056160279E-7,1,4.99626677034896,40.0298881530762,1.97364976125609,14.1000002622604,0.000235095484215253,4.4548869416378E-5,0.25,3.57911621140048E-7,2.09563213310236E-5,3.90700644465378E-7,166.9627838,167.2844391,999.840454101562,999.840454101562,61.5391765760834,20.8006599839594,6.273368,0,0,0,200,4886,157.70335,999.840454101562,,,,,,,,,,,,,0,,,,4.80663685,,,,,,167.12361145,,,,
,50387688.455,166.76000215,999.840454101562,2.07238983303745E-5,1.13877000999408E-7,1,4.99626677034896,40.0298881530762,1.97368258922266,14.1000002622604,0.000233227145399639,4.62702108190294E-5,0.25,5.33296013876492E-7,2.08199590470479E-5,5.66803427466187E-7,166.5572205,166.9627838,999.840454101562,999.840454101562,61.5712233453719,20.7989782395812,5.900308,0,0,0,200,4886,157.35635,999.840454101562,,,,,,,,,,,,,0,,,,4.80663685,,,,,,166.76000215,,,,
,50387693.48,166.3360367,999.840454101562,2.0860305767283E-5,1.22457210561088E-7,1,4.99626677034896,40.0298881530762,1.97369156154258,14.1000002622604,0.000234632035017458,4.73561962240425E-5,0.25,6.05754790137799E-7,2.095714912364E-5,6.39924416328153E-7,166.1148529,166.5572205,999.840454101562,999.840454101562,61.5079114353142,20.7986016648594,5.900308,0,0,0,200,4886,156.96265,999.840454101562,,,,,,,,,,,,,0,,,,4.7826281,,,,,,166.3360367,,,,
,50387698.47,165.9215164,999.840454101562,2.0882512372709E-5,1.22532116173651E-7,1,4.99626677034896,40.0298881530762,1.974075282043,14.1000002622604,0.000235118967170817,4.63051758620739E-5,0.25,5.08038105216107E-7,2.09798526966197E-5,5.41907613992497E-7,165.7281799,166.1148529,999.840454101562,999.840454101562,61.6650187676796,20.7942955591701,5.900308,0,0,0,200,4886,156.5499,999.840454101562,,,,,,,,,,,,,0,,,,4.7826281,,,,,,165.9215164,,,,
,50387703.43,165.50627135,999.840454101562,2.09051421065746E-5,1.13749443564921E-7,1,4.99626677034896,40.0298881530762,1.97385400537654,14.1000002622604,0.000235343152223322,4.63985981737015E-5,0.25,5.12685763589171E-7,2.10028279127137E-5,5.46736627582398E-7,165.2843628,165.7281799,999.840454101562,999.840454101562,61.4993135216027,20.7976064513662,5.900308,0,0,0,200,4886,156.1377,999.840454101562,,,,,,,,,,,,,0,,,,4.80663685,,,,,,165.50627135,,,,
,50387708.46,165.0844574,999.840454101562,2.09338580156498E-5,1.18507988291975E-7,1,4.99626677034896,40.0298881530762,1.97367828796734,14.1000002622604,0.000235995669579806,4.44423093972935E-5,0.25,3.34877100957659E-7,2.10321990209882E-5,3.682596032044E-7,164.884552,165.2843628,999.840454101562,999.840454101562,61.588419172795,20.8002380411199,5.527248,0,0,0,200,4886,155.72145,999.840454101562,,,,,,,,,,,,,0,,,,4.80663685,,,,,,165.0844574,,,,
,50387713.445,164.69867705,999.840454101562,2.104130734683E-5,1.16277872198624E-7,1,4.99626677034896,40.0298881530762,1.97357358258486,14.1000002622604,0.000236889940194002,4.64589569081387E-5,0.25,4.94852437115259E-7,2.11401393497889E-5,5.29282181490771E-7,164.5128021,164.884552,999.840454101562,999.840454101562,61.6220291991219,20.7989604678104,5.900308,0,0,0,200,4886,155.3051,999.840454101562,,,,,,,,,,,,,0,,,,4.7826281,,,,,,164.69867705,,,,
,50387718.43,164.27270505,999.840454101562,2.10086030429648E-5,1.24250394468805E-7,1,4.99626677034896,40.0298881530762,1.97358187619366,14.1000002622604,0.000236696774210851,4.53907534587957E-5,0.25,4.05786101824537E-7,2.1107668664199E-5,4.3987354797661E-7,164.032608,164.5128021,999.840454101562,999.840454101562,61.6712717958334,20.8016603916939,5.900308,0,0,0,200,4886,154.8883,999.840454101562,,,,,,,,,,,,,0,,,,4.7826281,,,,,,164.27270505,,,,
,50387723.435,163.8415756,999.840454101562,2.10223131942115E-5,1.1572885044826E-7,1,4.99626677034896,40.0298881530762,1.97369150678152,14.1000002622604,0.000236819575283426,4.56973234788178E-5,0.25,4.30158897108784E-7,2.11216607751857E-5,4.64517849414628E-7,163.6505432,164.032608,999.840454101562,999.840454101562,61.4860258367757,20.8004198879282,5.527248,0,0,0,200,4886,154.45715,999.840454101562,,,,,,,,,,,,,0,,,,4.7826281,,,,,,163.8415756,,,,
,50387728.42,163.4278946,999.840454101562,2.1181650327262E-5,1.22079930916733E-7,1,4.99626677034896,40.0298881530762,1.9737043978521,14.1000002622604,0.000238337291926233,4.76827584903233E-5,0.25,5.78214675255799E-7,2.12817743852195E-5,6.13648087964774E-7,163.205246,163.6505432,999.840454101562,999.840454101562,61.8096200437373,20.8023989157958,5.900308,0,0,0,200,4886,154.06945,999.840454101562,,,,,,,,,,,,,0,,,,4.7588582,,,,,,163.4278946,,,,
,50387733.42,162.979126,999.840454101562,2.12526639097352E-5,1.12486117275048E-7,1,4.99626677034896,40.0298881530762,1.97368884764761,14.1000002622604,0.000239440657139885,4.60789372549556E-5,0.25,4.24003055708218E-7,2.13536341946658E-5,4.58938437820828E-7,162.753006,163.205246,999.840454101562,999.840454101562,61.496968636045,20.8014542811215,5.527248,0,0,0,200,4886,153.67305,999.840454101562,,,,,,,,,,,,,0,,,,4.7588582,,,,,,162.979126,,,,
,50387738.42,162.55527495,999.840454101562,2.13868574412284E-5,1.27936638756025E-7,1,4.99626677034896,40.0298881530762,1.97370079574935,14.1000002622604,0.000240317873030359,5.00885942395935E-5,0.25,7.55411996686201E-7,2.14882064965557E-5,7.92280202779084E-7,162.3575439,162.753006,999.840454101562,999.840454101562,61.4977502645642,20.7999213532489,5.900308,0,0,0,200,4886,153.25385,999.840454101562,,,,,,,,,,,,,0,,,,4.80663685,,,,,,162.55527495,,,,
,50387743.42,162.1353683,999.840454101562,2.13839956352617E-5,1.36175115289507E-7,1,4.99626677034896,40.0298881530762,1.97371376016738,14.1000002622604,0.000240212915258048,5.05313755748582E-5,0.25,7.94865362774951E-7,2.14855179294462E-5,8.32052888854987E-7,161.9131927,162.3575439,999.840454101562,999.840454101562,61.7869528166796,20.8010777424818,5.900308,0,0,0,200,4886,152.8572,999.840454101562,,,,,,,,,,,,,0,,,,4.78286695,,,,,,162.1353683,,,,
,50387748.405,161.72200775,999.840454101562,2.16036176607946E-5,1.12702781757208E-7,1,4.99626677034896,40.0298881530762,1.97367823362455,14.1000002622604,0.000242669394100857,5.11034245391071E-5,0.25,8.07619903448978E-7,2.17064202335395E-5,8.45351600572684E-7,161.5308228,161.9131927,999.840454101562,999.840454101562,61.5743498594488,20.8017638370549,5.900308,0,0,0,200,4886,152.4502,999.840454101562,,,,,,,,,,,,,0,,,,4.7588582,,,,,,161.72200775,,,,
,50387753.415,161.3092194,999.840454101562,2.16701140338084E-5,1.26471559807441E-7,1,4.99626677034896,40.0298881530762,1.97377242825432,14.1000002622604,0.000243639604636163,5.00447815549519E-5,0.25,7.0216224752449E-7,2.17736452263307E-5,7.39637960503716E-7,161.087616,161.5308228,999.840454101562,999.840454101562,61.6267189702373,20.798252319066,5.900308,0,0,0,200,4886,152.0201,999.840454101562,,,,,,,,,,,,,0,,,,4.80663685,,,,,,161.3092194,,,,
,50387758.415,160.8967514,999.840454101562,2.15303649101177E-5,1.18530365363432E-7,1,4.99626677034896,40.0298881530762,1.97374557348026,14.1000002622604,0.000242156526184104,4.92065630708711E-5,0.25,6.51912597392294E-7,2.16335419370864E-5,6.89070088912454E-7,160.7058868,161.087616,999.840454101562,999.840454101562,61.5845110301988,20.8002345767963,5.527248,0,0,0,200,4886,151.60025,999.840454101562,,,,,,,,,,,,,0,,,,4.8306456,,,,,,160.8967514,,,,
,50387763.43,160.4856796,999.840454101562,2.17592736605506E-5,1.03748636845975E-7,1,4.99626677034896,40.0298881530762,1.97372483492975,14.1000002622604,0.000244909898229405,4.86911745767056E-5,0.25,5.66849488575987E-7,2.18639376206243E-5,6.04095560564988E-7,160.2654724,160.7058868,999.840454101562,999.840454101562,61.6275005987565,20.797139058138,5.527248,0,0,0,200,4886,151.20175,999.840454101562,,,,,,,,,,,,,0,,,,4.80663685,,,,,,160.4856796,,,,
,50387768.425,160.07953645,999.840454101562,2.16691696366945E-5,1.13267288545262E-7,1,4.99626677034896,40.0298881530762,1.97366813006875,14.1000002622604,0.00024387906788911,4.85623391978062E-5,0.25,5.70872006081522E-7,2.17736277606527E-5,6.08141447634355E-7,159.8936005,160.2654724,999.840454101562,999.840454101562,61.5501193753527,20.7986138605048,5.900308,0,0,0,200,4886,150.7807,999.840454101562,,,,,,,,,,,,,0,,,,4.80663685,,,,,,160.07953645,,,,
,50387773.38,159.65364075,999.840454101562,2.15537581745699E-5,1.17997088886387E-7,1,4.99626677034896,40.0298881530762,1.97394178712183,14.1000002622604,0.000242714698447763,4.77309206840057E-5,0.25,5.16427579745384E-7,2.16579919810728E-5,5.53390578876128E-7,159.413681,159.8936005,999.840454101562,999.840454101562,61.5798212590834,20.7961094076946,5.900308,0,0,0,200,4886,150.3742,999.840454101562,,,,,,,,,,,,,0,,,,4.80663685,,,,,,159.65364075,,,,
,50387778.37,159.21860505,999.840454101562,2.19587700241628E-5,1.21881760348174E-7,1,4.99626677034896,40.0298881530762,1.97364921741501,14.1000002622604,0.000247156287105179,4.91285153029266E-5,0.25,5.7083623000767E-7,2.20651509047305E-5,6.08858329112453E-7,159.0235291,159.413681,999.840454101562,999.840454101562,61.6103047713334,20.8000921756471,5.900308,0,0,0,200,4886,149.9673,999.840454101562,,,,,,,,,,,,,0,,,,4.80663685,,,,,,159.21860505,,,,
,50387783.36,158.7968903,999.840454101562,2.16297173719683E-5,1.1544383866566E-7,1,4.99626677034896,40.0298881530762,1.97377752409682,14.1000002622604,0.000243648346493599,4.7361359497102E-5,0.25,4.70651388425844E-7,2.1734898454853E-5,5.07798291360851E-7,158.5702515,159.0235291,999.840454101562,999.840454101562,61.6071782572565,20.7978426230609,5.900308,0,0,0,200,4886,149.56615,999.840454101562,,,,,,,,,,,,,0,,,,4.80663685,,,,,,158.7968903,,,,
,50387788.36,158.37339785,999.840454101562,2.18501150161943E-5,1.23618718120082E-7,1,4.99626677034896,40.0298881530762,1.97353593716886,14.1000002622604,0.000246170765763182,4.74566502793271E-5,0.25,4.4149061399534E-7,2.1956671163419E-5,4.79001330920954E-7,158.1765442,158.5702515,999.840454101562,999.840454101562,61.5673152027757,20.801658007638,5.527248,0,0,0,200,4886,149.14445,999.840454101562,,,,,,,,,,,,,0,,,,4.7826281,,,,,,158.37339785,,,,
,50387793.405,157.94205475,999.840454101562,2.17792371586948E-5,1.15760531206871E-7,1,4.99626677034896,40.0298881530762,1.97375709574891,14.1000002622604,0.000245344464335636,4.76389448952378E-5,0.25,4.69153435344289E-7,2.18856524591342E-5,5.06838383194274E-7,157.7075653,158.1765442,999.840454101562,999.840454101562,61.5720049738911,20.8005498806183,5.527248,0,0,0,200,4886,148.72205,999.840454101562,,,,,,,,,,,,,0,,,,4.7826281,,,,,,157.94205475,,,,
,50387798.445,157.50243375,999.840454101562,2.19502203427978E-5,1.11263953325383E-7,1,4.99626677034896,40.0298881530762,1.97360921240051,14.1000002622604,0.000247580595144882,4.61210464711014E-5,0.25,3.05615508335425E-7,2.20580038337553E-5,3.42920599799981E-7,157.2973022,157.7075653,999.840454101562,999.840454101562,61.5852926587181,20.8006407064254,5.527248,0,0,0,200,4886,148.31795,999.840454101562,,,,,,,,,,,,,0,,,,4.7826281,,,,,,157.50243375,,,,
,50387803.4,157.09909055,999.840454101562,2.17970552659809E-5,1.20841286813287E-7,1,4.99626677034896,40.0298881530762,1.97388151550012,14.1000002622604,0.000245634169277942,4.72821626738159E-5,0.25,4.33899345557121E-7,2.19041055381111E-5,4.71743222260272E-7,156.9008789,157.2973022,999.840454101562,999.840454101562,61.5086930638334,20.7960835280697,5.527248,0,0,0,200,4886,147.8931,999.840454101562,,,,,,,,,,,,,0,,,,4.7826281,,,,,,157.09909055,,,,
,50387808.345,156.7094574,999.840454101562,2.18803078162695E-5,1.25219522423062E-7,1,4.99626677034896,40.0298881530762,1.97382105670879,14.1000002622604,0.000246461034128472,4.80819177131395E-5,0.25,4.90241561064931E-7,2.19878994974763E-5,5.28657997297207E-7,156.5180359,156.9008789,999.840454101562,999.840454101562,61.578258002045,20.7979438082229,5.527248,0,0,0,200,4886,147.46925,999.840454101562,,,,,,,,,,,,,0,,,,4.80663685,,,,,,156.7094574,,,,
,50387813.345,156.2813492,999.840454101562,2.20932114127992E-5,1.21356685344067E-7,1,4.99626677034896,40.0298881530762,1.97372319227102,14.1000002622604,0.000248947649955031,4.79813216508112E-5,0.25,4.44738728924355E-7,2.22021821985673E-5,4.83440717749546E-7,156.0446625,156.5180359,999.840454101562,999.840454101562,61.6658003961988,20.7981733044952,5.900308,0,0,0,200,4886,147.0448,999.840454101562,,,,,,,,,,,,,0,,,,4.80663685,,,,,,156.2813492,,,,
,50387818.35,155.85876465,999.840454101562,2.22060274503682E-5,1.12942465643099E-7,1,4.99626677034896,40.0298881530762,1.97366675915057,14.1000002622604,0.000250217977580811,4.82073327313033E-5,0.25,4.45256451280898E-7,2.23158074451221E-5,4.84295058381531E-7,155.6728668,156.0446625,999.840454101562,999.840454101562,61.6478229402565,20.7996395984683,5.900308,0,0,0,200,4886,146.66135,999.840454101562,,,,,,,,,,,,,0,,,,4.7588582,,,,,,155.85876465,,,,
,50387823.34,155.43427275,999.840454101562,2.21334345039523E-5,1.13332491917205E-7,1,4.99626677034896,40.0298881530762,1.97371223748099,14.1000002622604,0.000249378359307486,4.82253615397916E-5,0.25,4.59049319307582E-7,2.22430797169134E-5,4.98184515738521E-7,155.1956787,155.6728668,999.840454101562,999.840454101562,61.7752283888911,20.8005910807086,5.900308,0,0,0,200,4886,146.2785,999.840454101562,,,,,,,,,,,,,0,,,,4.7588582,,,,,,155.43427275,,,,
,50387828.34,155.00413515,999.840454101562,2.20671104460399E-5,1.14234112120195E-7,1,4.99626677034896,40.0298881530762,1.97372346873454,14.1000002622604,0.000248659151472121,4.79424406610635E-5,0.25,4.45204602942796E-7,2.21766955929208E-5,4.84324469518929E-7,154.8125916,155.1956787,999.840454101562,999.840454101562,61.5391765760834,20.7975317005888,5.900308,0,0,0,200,4886,145.85505,999.840454101562,,,,,,,,,,,,,0,,,,4.7826281,,,,,,155.00413515,,,,
,50387833.325,154.59406285,999.840454101562,2.24337643488259E-5,1.29413796497429E-7,1,4.99626677034896,40.0298881530762,1.97397120454492,14.1000002622604,0.000252368416420661,5.13928236518641E-5,0.25,6.86547989942021E-7,2.25450166795836E-5,7.27650396967064E-7,154.3755341,154.8125916,999.840454101562,999.840454101562,61.5368316905257,20.7948394555631,5.527248,0,0,0,200,4886,145.4515,999.840454101562,,,,,,,,,,,,,0,,,,4.7826281,,,,,,154.59406285,,,,
,50387838.31,154.15979005,999.840454101562,2.2420137597112E-5,1.15623567631765E-7,1,4.99626677034896,40.0298881530762,1.97367280105534,14.1000002622604,0.000252082080866326,5.19333987691818E-5,0.25,7.37154237705871E-7,2.25314910816666E-5,7.78645102620893E-7,153.944046,154.3755341,999.840454101562,999.840454101562,61.6829962236219,20.7986882191937,5.900308,0,0,0,200,4886,145.0672,999.840454101562,,,,,,,,,,,,,0,,,,4.7588582,,,,,,154.15979005,,,,
,50387843.335,153.7528305,999.840454101562,2.24011035254899E-5,1.13911005714176E-7,1,4.99626677034896,40.0298881530762,1.97405898020777,14.1000002622604,0.000252408782466289,4.90439975215248E-5,0.25,4.83877581263983E-7,2.25130205455729E-5,5.24236295319924E-7,153.561615,153.944046,999.840454101562,999.840454101562,61.6634555106411,20.7945992238113,5.527248,0,0,0,200,4886,144.64075,999.840454101562,,,,,,,,,,,,,0,,,,4.7588582,,,,,,153.7528305,,,,
,50387848.4,153.3308716,999.840454101562,2.23905583626342E-5,1.1174234755602E-7,1,4.99626677034896,40.0298881530762,1.97383022198219,14.1000002622604,0.00025207830237035,5.01001844891094E-5,0.25,5.79354178908656E-7,2.25025011219212E-5,6.20350201684063E-7,153.1001282,153.561615,999.840454101562,999.840454101562,61.6564208539681,20.7964417192805,5.900308,0,0,0,200,4886,144.21415,999.840454101562,,,,,,,,,,,,,0,,,,4.80663685,,,,,,153.3308716,,,,
,50387853.375,152.908638,999.840454101562,2.25090391437336E-5,1.26529747687938E-7,1,4.99626677034896,40.0298881530762,1.97374819882529,14.1000002622604,0.000253213936426568,5.14739252197509E-5,0.25,6.80426702464228E-7,2.26216503524209E-5,7.22302109332017E-7,152.7171478,153.1001282,999.840454101562,999.840454101562,61.7259857921796,20.800250048026,5.900308,0,0,0,200,4886,143.81275,999.840454101562,,,,,,,,,,,,,0,,,,4.8306456,,,,,,152.908638,,,,
,50387858.32,152.48582455,999.840454101562,2.25828292062299E-5,1.18686698819236E-7,1,4.99626677034896,40.0298881530762,1.97391291698279,14.1000002622604,0.000254261183947756,5.05181691889107E-5,0.25,5.82643216940697E-7,2.26962217523033E-5,6.24327755528989E-7,152.2545013,152.7171478,999.840454101562,999.840454101562,61.5532458894296,20.7957059012641,5.900308,0,0,0,200,4886,143.3905,999.840454101562,,,,,,,,,,,,,0,,,,4.8306456,,,,,,152.48582455,,,,
,50387863.305,152.06880185,999.840454101562,2.25767150916489E-5,1.18153793247805E-7,1,4.99626677034896,40.0298881530762,1.97373928533987,14.1000002622604,0.000254172937886241,5.05050664211629E-5,0.25,5.82699398141687E-7,2.26903145848825E-5,6.24546043384363E-7,151.8831024,152.2545013,999.840454101562,999.840454101562,61.6126496568911,20.7956119565328,5.527248,0,0,0,200,4886,142.9841,999.840454101562,,,,,,,,,,,,,0,,,,4.8306456,,,,,,152.06880185,,,,
,50387868.305,151.64808655,999.840454101562,2.25499690198756E-5,1.16261723326021E-7,1,4.99626677034896,40.0298881530762,1.97371220249989,14.1000002622604,0.000254133028043094,4.89230602147178E-5,0.25,4.47255571485148E-7,2.26639082645288E-5,4.88532841363201E-7,151.4130707,151.8831024,999.840454101562,999.840454101562,61.4453811537757,20.7949258763139,5.900308,0,0,0,200,4886,142.597,999.840454101562,,,,,,,,,,,,,0,,,,4.80663685,,,,,,151.64808655,,,,
,50387873.345,151.2309494,999.840454101562,2.25768339946424E-5,1.21112842701198E-7,1,4.99626677034896,40.0298881530762,1.97367691427573,14.1000002622604,0.00025437360097696,4.9332950361733E-5,0.25,4.78752445061429E-7,2.26910950405578E-5,5.20399535170863E-7,151.0488281,151.4130707,999.840454101562,999.840454101562,61.6626738821219,20.7979987385538,5.900308,0,0,0,200,4886,142.2169,999.840454101562,,,,,,,,,,,,,0,,,,4.7826281,,,,,,151.2309494,,,,
,50387878.33,150.83274075,999.840454101562,2.27337494189444E-5,1.16478081187587E-7,1,4.99626677034896,40.0298881530762,1.97392200106303,14.1000002622604,0.0002558594793931,5.1513103286333E-5,0.25,6.43799724329427E-7,2.28487478898846E-5,6.86735737294038E-7,150.6166534,151.0488281,999.840454101562,999.840454101562,61.6978471654873,20.7938661404053,5.900308,0,0,0,200,4886,141.8174,999.840454101562,,,,,,,,,,,,,0,,,,4.7826281,,,,,,150.83274075,,,,
,50387883.3,150.4009323,999.840454101562,2.2519930818495E-5,1.10517343657562E-7,1,4.99626677034896,40.0298881530762,1.97388627754756,14.1000002622604,0.000253660747279893,4.98112787902159E-5,0.25,5.29966574680509E-7,2.26342788517062E-5,5.72126443119932E-7,150.1852112,150.6166534,999.840454101562,999.840454101562,61.5852926587181,20.7956775458764,5.900308,0,0,0,200,4886,141.40865,999.840454101562,,,,,,,,,,,,,0,,,,4.7826281,,,,,,150.4009323,,,,
,50387888.29,149.983284,999.840454101562,2.27531932117226E-5,1.14562777284382E-7,1,4.99626677034896,40.0298881530762,1.97371707760812,14.1000002622604,0.000256041432544657,5.16513838599339E-5,0.25,6.52698430121726E-7,2.2868756646494E-5,6.96069545062946E-7,149.7813568,150.1852112,999.840454101562,999.840454101562,61.6822145951027,20.7984369209656,5.900308,0,0,0,200,4886,141.019,999.840454101562,,,,,,,,,,,,,0,,,,4.80663685,,,,,,149.983284,,,,
,50387907.52,148.3851471,999.840454101562,,,2,,,,14.1859998000264,,,,,,,148.3851471,148.3851471,999.840454101562,999.840454101562,,,5.527248,,,,-99999999,4886,139.4751,999.840454101562,,,,,,,,,,,,,,,,,,,,,,,148.3851471,,,,
touchdown = 8.77999980002642 mm,50387938.24,145.7994385,999.840454101562,2.30505321330839E-5,1.21449061452382E-7,1,4.99626677034896,40.0298881530762,1.99970296090794,14.1700003296137,0.000262929844668467,5.14718642303124E-5,0.25,5.2697596938973E-7,2.31701717518266E-5,5.72121304508318E-7,145.7994385,145.7994385,999.840454101562,999.840454101562,61.6853411091796,20.7969021221497,5.527248,0,0,0,200,4886,136.9918,999.840454101562,,,,,,,,,,,,,0,,,,4.8306456,,,,,,145.7994385,,,,
,50387939.52,145.71927645,999.840454101562,2.29574366830026E-5,1.11475821099523E-7,1,4.99626677034896,40.0298881530762,1.99963749357528,14.1700003296137,0.000262431569747688,4.79432947915968E-5,0.25,2.34952092644123E-7,2.30771673370216E-5,2.78445248856773E-7,145.6391144,145.7994385,999.840454101562,999.840454101562,61.5110379493911,20.7967924716763,5.527248,0,0,0,200,4886,136.8941,999.840454101562,,,,,,,,,,,,,0,,,,4.8306456,,,,,,145.71927645,,,,
,50387943.255,145.3951416,999.840454101562,2.30966788073981E-5,1.18112280595446E-7,1,4.99626677034896,40.0298881530762,1.99950921286279,14.1700003296137,0.000263394494717759,5.18025984329903E-5,0.25,5.48108828159614E-7,2.32167419372868E-5,5.93635172122022E-7,145.1511688,145.6391144,999.840454101562,999.840454101562,61.6517310828527,20.7975911415119,5.900308,0,0,0,200,4886,136.61735,999.840454101562,,,,,,,,,,,,,0,,,,4.80663685,,,,,,145.3951416,,,,
,50387948.265,144.96972655,999.840454101562,2.30966050735402E-5,1.10429033673525E-7,1,4.99626677034896,40.0298881530762,2.00011601414486,14.1700003296137,0.000263733165847665,5.03035278489606E-5,0.25,4.15718618795906E-7,2.32171489497095E-5,4.60730735039757E-7,144.7882843,145.1511688,999.840454101562,999.840454101562,61.6400066550642,20.7924118602668,5.900308,0,0,0,200,4886,136.25565,999.840454101562,,,,,,,,,,,,,0,,,,4.80663685,,,,,,144.96972655,,,,
,50387953.235,144.58966825,999.840454101562,2.32339437185695E-5,1.03734412422788E-7,1,4.99626677034896,40.0298881530762,1.99970691138875,14.1700003296137,0.000265064436944737,5.16825658506507E-5,0.25,5.13109880143959E-7,2.33552266218638E-5,5.59097224435467E-7,144.3910522,144.7882843,999.840454101562,999.840454101562,61.6431331691411,20.7963439689968,5.900308,0,0,0,200,4886,135.84025,999.840454101562,,,,,,,,,,,,,0,,,,4.8306456,,,,,,144.58966825,,,,
,50387958.225,144.1568069,999.840454101562,2.31930793019005E-5,1.05260551733853E-7,1,4.99626677034896,40.0298881530762,1.99935701248205,14.1799999400973,0.000264882171414724,4.96936762637555E-5,0.25,3.46956048054537E-7,2.33146923275826E-5,3.92195155325341E-7,143.9225616,144.3910522,999.840454101562,999.840454101562,61.6415699121027,20.8014531790595,5.900308,0,0,0,200,4886,135.4403,999.840454101562,,,,,,,,,,,,,0,,,,4.8306456,,,,,,144.1568069,,,,
,50387963.24,143.71487425,999.840454101562,2.32448524416015E-5,1.16144801029758E-7,1,4.99626677034896,40.0298881530762,1.99941040074598,14.1700003296137,0.000265171509224878,5.16153048355175E-5,0.25,5.05507988021676E-7,2.3366681453641E-5,5.51884546096997E-7,143.5071869,143.9225616,999.840454101562,999.840454101562,61.4524158104488,20.7994778725997,5.527248,0,0,0,200,4886,135.04305,999.840454101562,,,,,,,,,,,,,0,,,,4.80663685,,,,,,143.71487425,,,,
,50387968.25,143.30622865,999.840454101562,2.32886262619617E-5,1.12747486922552E-7,1,4.99626677034896,40.0298881530762,1.99938053743909,14.1799999400973,0.000266009358063098,4.97382618668597E-5,0.25,3.33844363031302E-7,2.341122057063E-5,3.79625671141476E-7,143.1052704,143.5071869,999.840454101562,999.840454101562,61.5133828349488,20.8005246756425,5.900308,0,0,0,200,4886,134.59765,999.840454101562,,,,,,,,,,,,,0,,,,4.7826281,,,,,,143.30622865,,,,
,50387973.235,142.9145813,999.840454101562,2.33900320575483E-5,1.13015453563927E-7,1,4.99626677034896,40.0298881530762,1.99966624156287,14.1700003296137,0.00026703999789833,5.0928518652675E-5,0.25,4.19500033200406E-7,2.35132112778863E-5,4.66117831106987E-7,142.7238922,143.1052704,999.840454101562,999.840454101562,61.7580325614681,20.7973546948063,5.527248,0,0,0,200,4886,134.2329,999.840454101562,,,,,,,,,,,,,0,,,,4.80663685,,,,,,142.9145813,,,,
,50387978.245,142.49217225,999.840454101562,2.34155340390938E-5,1.12328858772917E-7,1,4.99626677034896,40.0298881530762,1.99942368015596,14.1700003296137,0.000267532557114246,4.9644827644314E-5,0.25,3.03286562760731E-7,2.35392995320027E-5,3.49530625809713E-7,142.2604523,142.7238922,999.840454101562,999.840454101562,61.5321419194104,20.8000659982947,5.900308,0,0,0,200,4886,133.86585,999.840454101562,,,,,,,,,,,,,0,,,,4.8306456,,,,,,142.49217225,,,,
,50387983.245,142.06975555,999.840454101562,2.3492801093683E-5,1.02919275474678E-7,1,4.99626677034896,40.0298881530762,1.99943769629494,14.1700003296137,0.000268208894799395,5.10335696131841E-5,0.25,4.10970286444499E-7,2.36169937271485E-5,4.58155355818041E-7,141.8790588,142.2604523,999.840454101562,999.840454101562,61.5493377468334,20.7990839226506,5.900308,0,0,0,200,4886,133.45165,999.840454101562,,,,,,,,,,,,,0,,,,4.80663685,,,,,,142.06975555,,,,
,50387990.705,141.46710205,999.840454101562,2.34546914188838E-5,1.12655604158488E-7,1,4.99626677034896,40.0298881530762,1.99944916478793,14.1700003296137,0.000267882183734674,5.03515446675168E-5,0.25,3.57571132215385E-7,2.35790957424069E-5,4.04726250626494E-7,141.0551453,141.8790588,999.840454101562,999.840454101562,61.7080083362373,20.7994103812657,5.900308,0,0,0,200,4886,132.84535,999.840454101562,,,,,,,,,,,,,0,,,,4.80663685,,,,,,141.46710205,,,,
,50387998.23,140.86833955,999.840454101562,2.34088752228831E-5,1.12320978746159E-7,1,4.99626677034896,40.0298881530762,1.99942037075191,14.1700003296137,0.000266790029698595,5.35549002536372E-5,0.25,6.44876598204741E-7,2.35327822084061E-5,6.93812163734164E-7,140.6815338,141.0551453,999.840454101562,999.840454101562,61.6368801409873,20.7987773629479,5.900308,0,0,0,200,4886,132.2359,999.840454101562,,,,,,,,,,,,,0,,,,4.80663685,,,,,,140.86833955,,,,
,50388003.23,140.45565795,999.840454101562,2.35075860473398E-5,1.01634898666355E-7,1,4.99626677034896,40.0298881530762,1.99980927926985,14.1700003296137,0.000268366032294217,5.14750495782795E-5,0.25,4.45167920057167E-7,2.36326234834164E-5,4.93440774191613E-7,140.2297821,140.6815338,999.840454101562,999.840454101562,61.5563724035065,20.7946583223548,5.527248,0,0,0,200,4886,131.8535,999.840454101562,,,,,,,,,,,,,0,,,,4.80663685,,,,,,140.45565795,,,,
,50388008.195,140.0434265,999.840454101562,2.36205463547979E-5,1.19327364293779E-7,1,4.99626677034896,40.0298881530762,1.99969128572796,14.1700003296137,0.000269827443577031,5.0648610259679E-5,0.25,3.53556881397734E-7,2.37465836512325E-5,4.01770605021646E-7,139.8570709,140.2297821,999.840454101562,999.840454101562,61.331263389968,20.7955403065354,5.527248,0,0,0,200,4886,131.4788,999.840454101562,,,,,,,,,,,,,0,,,,4.8306456,,,,,,140.0434265,,,,
,50388013.215,139.6277542,999.840454101562,2.3598780133642E-5,1.11771225925941E-7,1,4.99626677034896,40.0298881530762,1.99998554887073,14.1799999400973,0.000269450416428707,5.15882281390273E-5,0.25,4.38458248411872E-7,2.37247472567214E-5,4.8730811555885E-7,139.3984375,139.8570709,999.840454101562,999.840454101562,61.2788942791796,20.7934109727123,5.900308,0,0,0,200,4886,131.0865,999.840454101562,,,,,,,,,,,,,0,,,,4.80663685,,,,,,139.6277542,,,,
,50388018.225,139.21237945,999.840454101562,2.38120769662466E-5,1.10083873843297E-7,1,4.99626677034896,40.0298881530762,1.99987781924606,14.1799999400973,0.00027215058250622,5.04485489435211E-5,0.25,3.02179750992595E-7,2.39396721379897E-5,3.50948453303886E-7,139.0263214,139.3984375,999.840454101562,999.840454101562,61.4914972364104,20.795317301393,5.900308,0,0,0,200,4886,130.6855,999.840454101562,,,,,,,,,,,,,0,,,,4.80663685,,,,,,139.21237945,,,,
,50388023.22,138.8036194,999.840454101562,2.37899071664141E-5,1.06181859276058E-7,1,4.99626677034896,40.0298881530762,1.99996526461908,14.1799999400973,0.000271633098849719,5.20166706604561E-5,0.25,4.42455293442502E-7,2.39173137430341E-5,4.92160087476313E-7,138.5809174,139.0263214,999.840454101562,999.840454101562,61.5688784598142,20.7933814028044,5.900308,0,0,0,200,4886,130.30085,999.840454101562,,,,,,,,,,,,,0,,,,4.80663685,,,,,,138.8036194,,,,
,50388028.195,138.3952866,999.840454101562,2.37345218472133E-5,1.15693768887574E-7,1,4.99626677034896,40.0298881530762,1.99977224732788,14.1700003296137,0.000270991093079698,5.18162355643794E-5,0.25,4.34661547621962E-7,2.3861853601495E-5,4.84433515702954E-7,138.2096558,138.5809174,999.840454101562,999.840454101562,61.5907640583527,20.7946447520359,5.900308,0,0,0,200,4886,129.9281,999.840454101562,,,,,,,,,,,,,0,,,,4.7826281,,,,,,138.3952866,,,,
,50388033.185,137.99076845,999.840454101562,2.39381382019613E-5,1.00663145196515E-7,1,4.99626677034896,40.0298881530762,1.99987543699666,14.1700003296137,0.000273363451023741,5.20793979349004E-5,0.25,4.22075895714428E-7,2.40668012699111E-5,4.7240947452073E-7,137.7718811,138.2096558,999.840454101562,999.840454101562,61.5892008013142,20.7924534856564,5.900308,0,0,0,200,4886,129.55575,999.840454101562,,,,,,,,,,,,,0,,,,4.7826281,,,,,,137.99076845,,,,
,50388038.195,137.58706665,999.840454101562,2.39723764624791E-5,1.07903484488516E-7,1,4.99626677034896,40.0298881530762,1.99987623340454,14.1799999400973,0.000273850954620748,5.16079594869316E-5,0.25,3.7474085349678E-7,2.41015192131194E-5,4.25130572261955E-7,137.4022522,137.7718811,999.840454101562,999.840454101562,61.5892008013142,20.7932832408302,5.527248,0,0,0,200,4886,129.1515,999.840454101562,,,,,,,,,,,,,0,,,,4.80663685,,,,,,137.58706665,,,,
,50388043.21,137.173851,999.840454101562,2.40524503470381E-5,1.13923389453583E-7,1,4.99626677034896,40.0298881530762,1.99990103317866,14.1700003296137,0.000275047629643271,5.01776355230066E-5,0.25,2.35741339354938E-7,2.41825135845572E-5,2.85785223805986E-7,136.9454498,137.4022522,999.840454101562,999.840454101562,61.5915456868719,20.7947213249269,5.900308,0,0,0,200,4886,128.7468,999.840454101562,,,,,,,,,,,,,0,,,,4.80663685,,,,,,137.173851,,,,
,50388048.185,136.73737335,999.840454101562,2.38554569206966E-5,1.19106974500072E-7,1,4.99626677034896,40.0298881530762,1.99976379403547,14.1799999400973,0.000272465703824757,5.15857316259086E-5,0.25,3.92644900423526E-7,2.39843554169628E-5,4.43369451118457E-7,136.5292969,136.9454498,999.840454101562,999.840454101562,61.6642371391604,20.7969507612285,5.900308,0,0,0,200,4886,128.37425,999.840454101562,,,,,,,,,,,,,0,,,,4.7826281,,,,,,136.73737335,,,,
,50388053.155,136.3397446,999.840454101562,2.40586876091961E-5,1.0994575851497E-7,1,4.99626677034896,40.0298881530762,1.99975060484864,14.1700003296137,0.000274676741933633,5.26677104344922E-5,0.25,4.51857361770444E-7,2.41887695718363E-5,5.0354112647646E-7,136.1501923,136.5292969,999.840454101562,999.840454101562,61.524325634218,20.7952053991515,5.527248,0,0,0,200,4886,128.0166,999.840454101562,,,,,,,,,,,,,0,,,,4.80663685,,,,,,136.3397446,,,,
,50388058.18,135.96034245,999.840454101562,2.40512088555176E-5,1.26904644047655E-7,1,4.99626677034896,40.0298881530762,1.9999130721995,14.1799999400973,0.000274754762714931,5.18428822172405E-5,0.25,3.8051168785965E-7,2.41815765584761E-5,4.32034559095864E-7,135.7704926,136.1501923,999.840454101562,999.840454101562,61.5219807486604,20.7930706128663,5.900308,0,0,0,200,4886,127.6289,999.840454101562,,,,,,,,,,,,,0,,,,4.80663685,,,,,,135.96034245,,,,
,50388063.22,135.5465851,999.840454101562,2.42517386827386E-5,1.08592139158484E-7,1,4.99626677034896,40.0298881530762,1.99968145042732,14.1700003296137,0.000276860644000275,5.31785682049728E-5,0.25,4.62774229884193E-7,2.43832302442375E-5,5.1541643250814E-7,135.3226776,135.7704926,999.840454101562,999.840454101562,61.7416183625642,20.7955486804106,5.900308,0,0,0,200,4886,127.225,999.840454101562,,,,,,,,,,,,,0,,,,4.7826281,,,,,,135.5465851,,,,
,50388068.205,135.1393509,999.840454101562,2.42066256111851E-5,1.13645570761046E-7,1,4.99626677034896,40.0298881530762,1.99966693404945,14.1799999400973,0.000276738747782229,5.08011660826108E-5,0.25,2.62745065924586E-7,2.4338485525121E-5,3.14439657825475E-7,134.9560242,135.3226776,999.840454101562,999.840454101562,61.527452148295,20.7972722572383,5.900308,0,0,0,200,4886,126.85375,999.840454101562,,,,,,,,,,,,,0,,,,4.7826281,,,,,,135.1393509,,,,
,50388073.15,134.7393265,999.840454101562,2.43203150893776E-5,1.2355326672457E-7,1,4.99626677034896,40.0298881530762,1.99972782505347,14.1799999400973,0.000277770536861118,5.26557579204173E-5,0.25,4.04659639556419E-7,2.445269657882E-5,4.57609471014593E-7,134.5226288,134.9560242,999.840454101562,999.840454101562,61.5813845161219,20.7973348707106,5.527248,0,0,0,200,4886,126.48165,999.840454101562,,,,,,,,,,,,,0,,,,4.7826281,,,,,,134.7393265,,,,
,50388078.135,134.33514405,999.840454101562,2.43368420477346E-5,1.17860091075318E-7,1,4.99626677034896,40.0298881530762,1.99971596727724,14.1700003296137,0.000277559779558707,5.50129576185974E-5,0.25,6.07352813233223E-7,2.44690848705848E-5,6.61694549130814E-7,134.1476593,134.5226288,999.840454101562,999.840454101562,61.5188542345834,20.7957284391007,5.900308,0,0,0,200,4886,126.10945,999.840454101562,,,,,,,,,,,,,0,,,,4.80663685,,,,,,134.33514405,,,,
,50388083.165,133.9232483,999.840454101562,2.45252163465452E-5,1.14210035422194E-7,1,4.99626677034896,40.0298881530762,1.99961389997297,14.1799999400973,0.000279976843163685,5.38118674229544E-5,0.25,4.69941221910718E-7,2.46589731266354E-5,5.24198006374874E-7,133.6988373,134.1476593,999.840454101562,999.840454101562,61.6017068576219,20.795839820686,5.527248,0,0,0,200,4886,125.701,999.840454101562,,,,,,,,,,,,,0,,,,4.80663685,,,,,,133.9232483,,,,
,50388088.2,133.5129471,999.840454101562,2.43909411162236E-5,1.16622362119169E-7,1,4.99626677034896,40.0298881530762,1.99964127978948,14.1700003296137,0.000278614591730793,5.25628286723353E-5,0.25,3.83698341540255E-7,2.45243391226421E-5,4.37447959197895E-7,133.3270569,133.6988373,999.840454101562,999.840454101562,61.8346321563527,20.7956350472894,5.527248,0,0,0,200,4886,125.33025,999.840454101562,,,,,,,,,,,,,0,,,,4.80663685,,,,,,133.5129471,,,,
,50388093.185,133.1448288,999.840454101562,2.45443165610389E-5,1.09470308429904E-7,1,4.99626677034896,40.0298881530762,1.9995298322622,14.1799999400973,0.00028007665473673,5.44976997740353E-5,0.25,5.26174538252753E-7,2.46784316662381E-5,5.81262864385104E-7,132.9626007,133.3270569,999.840454101562,999.840454101562,61.5360500620065,20.799464131937,5.900308,0,0,0,200,4886,124.99505,999.840454101562,,,,,,,,,,,,,0,,,,4.80663685,,,,,,133.1448288,,,,
,50388098.155,132.73405455,999.840454101562,2.44450594955235E-5,1.17016360543718E-7,1,4.99626677034896,40.0298881530762,1.99954745019053,14.1799999400973,0.000278832176662026,5.49525985273297E-5,0.25,5.82653817641596E-7,2.45786917387894E-5,6.38124704266644E-7,132.5055084,132.9626007,999.840454101562,999.840454101562,61.4086446133719,20.7989654347597,5.527248,0,0,0,200,4886,124.5853,999.840454101562,,,,,,,,,,,,,0,,,,4.80663685,,,,,,132.73405455,,,,
,50388103.135,132.3152084,999.840454101562,2.44888367184255E-5,1.17382845239986E-7,1,4.99626677034896,40.0298881530762,1.99958554612433,14.1799999400973,0.000279202757066568,5.5840971239787E-5,0.25,6.52265873107023E-7,2.46227497295832E-5,7.08497767996478E-7,132.1249084,132.5055084,999.840454101562,999.840454101562,61.4578872100834,20.7965868358427,5.900308,0,0,0,200,4886,124.1801,999.840454101562,,,,,,,,,,,,,0,,,,4.8306456,,,,,,132.3152084,,,,
,50388108.12,131.9385757,999.840454101562,2.44243650267822E-5,1.13038847459275E-7,1,4.99626677034896,40.0298881530762,1.99979252966218,14.1700003296137,0.000279004217823036,5.2758959922936E-5,0.25,3.93562931573258E-7,2.45586460687091E-5,4.48485274639076E-7,131.752243,132.1249084,999.840454101562,999.840454101562,61.690030880295,20.795905546961,5.527248,0,0,0,200,4886,123.8102,999.840454101562,,,,,,,,,,,,,0,,,,4.8306456,,,,,,131.9385757,,,,
,50388113.12,131.56428525,999.840454101562,2.45165572130596E-5,1.13167423077403E-7,1,4.99626677034896,40.0298881530762,1.9996708050949,14.1799999400973,0.000279782620300343,5.44650096537145E-5,0.25,5.26580883504955E-7,2.46512240233517E-5,5.82705058692969E-7,131.3763275,131.752243,999.840454101562,999.840454101562,61.4907156078911,20.7985454764395,5.900308,0,0,0,200,4886,123.43445,999.840454101562,,,,,,,,,,,,,0,,,,4.80663685,,,,,,131.56428525,,,,
,50388118.145,131.140419,999.840454101562,2.45682255797961E-5,1.08277612721194E-7,1,4.99626677034896,40.0298881530762,1.99979151843809,14.1799999400973,0.000280740098042648,5.25570011759442E-5,0.25,3.50530064035145E-7,2.47037567689534E-5,4.06061098853268E-7,130.9045105,131.3763275,999.840454101562,999.840454101562,61.5821661446411,20.7970509570939,5.527248,0,0,0,200,4886,123.0576,999.840454101562,,,,,,,,,,,,,0,,,,4.7826281,,,,,,131.140419,,,,
,50388123.145,130.72824095,999.840454101562,2.47818512500221E-5,1.00226598650746E-7,1,4.99626677034896,40.0298881530762,1.99974862452383,14.1700003296137,0.000283032860548403,5.38522352525806E-5,0.25,4.26549133453329E-7,2.4918590678002E-5,4.83238001127802E-7,130.5519714,130.9045105,999.840454101562,999.840454101562,62.0417637139489,20.7981150918732,5.900308,0,0,0,200,4886,122.6879,999.840454101562,,,,,,,,,,,,,0,,,,4.80663685,,,,,,130.72824095,,,,
,50388128.13,130.3380203,999.840454101562,2.49203898604179E-5,1.18364216179066E-7,1,4.99626677034896,40.0298881530762,1.99945328422135,14.1700003296137,0.000284673379753446,5.35875806830283E-5,0.25,3.79904950288496E-7,2.50581750162852E-5,4.3691207522794E-7,130.1240692,130.5519714,999.840454101562,999.840454101562,61.6853411091796,20.7994806479118,5.900308,0,0,0,200,4886,122.31795,999.840454101562,,,,,,,,,,,,,0,,,,4.8306456,,,,,,130.3380203,,,,
,50388133.11,129.93377685,999.840454101562,2.47247803281191E-5,1.12645925590376E-7,1,4.99626677034896,40.0298881530762,1.99969843418485,14.1700003296137,0.00028234601529945,5.39150321663167E-5,0.25,4.41390626537094E-7,2.48615233184406E-5,4.98577158766906E-7,129.7434845,130.1240692,999.840454101562,999.840454101562,61.5415214616411,20.7977150008549,5.900308,0,0,0,200,4886,121.95685,999.840454101562,,,,,,,,,,,,,0,,,,4.8306456,,,,,,129.93377685,,,,
,50388138.085,129.55984495,999.840454101562,2.47980480803088E-5,1.10445064199076E-7,1,4.99626677034896,40.0298881530762,1.99955947632302,14.1700003296137,0.00028297474016346,5.51787659577145E-5,0.25,5.39090720909258E-7,2.49351399992115E-5,5.97260731832697E-7,129.3762054,129.7434845,999.840454101562,999.840454101562,61.5094746923527,20.7994301384905,5.900308,0,0,0,200,4886,121.5885,999.840454101562,,,,,,,,,,,,,0,,,,4.8306456,,,,,,129.55984495,,,,
,50388143.095,129.16002655,999.840454101562,2.50461429190195E-5,1.04610760316156E-7,1,4.99626677034896,40.0298881530762,1.9996082796317,14.1700003296137,0.000286087424848936,5.41498582115644E-5,0.25,4.06026091221162E-7,2.51850852138777E-5,4.6430220617855E-7,128.9438477,129.3762054,999.840454101562,999.840454101562,61.7478713907181,20.800398882687,5.900308,0,0,0,200,4886,121.2011,999.840454101562,,,,,,,,,,,,,0,,,,4.8306456,,,,,,129.16002655,,,,
,50388148.11,128.763382,999.840454101562,2.48470023046095E-5,1.07260397365449E-7,1,4.99626677034896,40.0298881530762,1.9996209854998,14.1700003296137,0.000283557228499654,5.5221915535595E-5,0.25,5.3363041303188E-7,2.49847129151875E-5,5.92465814547495E-7,128.5829163,128.9438477,999.840454101562,999.840454101562,61.8940359238142,20.7986254786502,5.900308,0,0,0,200,4886,120.82105,999.840454101562,,,,,,,,,,,,,0,,,,4.8306456,,,,,,128.763382,,,,
,50388153.14,128.35819245,999.840454101562,2.49167495813231E-5,1.10058981492E-7,1,4.99626677034896,40.0298881530762,1.99955736448309,14.1799999400973,0.000284721789612842,5.32011534775213E-5,0.25,3.45011660824368E-7,2.50554504888006E-5,4.03230413990941E-7,128.1334686,128.5829163,999.840454101562,999.840454101562,61.7674121036988,20.797885573545,5.900308,0,0,0,200,4886,120.45855,999.840454101562,,,,,,,,,,,,,0,,,,4.8306456,,,,,,128.35819245,,,,
,50388172.16,126.8977051,999.840454101562,,,2,,,,14.2559998673797,,,,,,,126.8977051,126.8977051,999.840454101562,999.840454101562,,,5.900308,,,,-99999999,4886,119.0274,999.840454101562,,,,,,,,,,,,,,,,,,,,,,,126.8977051,,,,
touchdown = 8.84999986737967 mm,50388202.62,124.4651642,999.840454101562,2.54790317056401E-5,1.10451451034002E-7,1,4.99626677034896,40.0298881530762,1.99932347749756,14.2400003969669,0.000291218180020463,5.39023543662878E-5,0.25,3.06416795497939E-7,2.56225421619036E-5,3.68747939570724E-7,124.4651642,124.4651642,999.840454101562,999.840454101562,61.659547368045,20.8017323890646,5.900308,0,0,0,200,4886,116.791,999.840454101562,,,,,,,,,,,,,0,,,,4.8306456,,,,,,124.4651642,,,,
,50388204.11,124.35227205,999.840454101562,2.55718586609315E-5,1.21247738352617E-7,1,4.99626677034896,40.0298881530762,1.99926475280062,14.2400003969669,0.000292193527001107,5.45483246388011E-5,0.25,3.46805126624168E-7,2.57158354546199E-5,4.09694727090144E-7,124.2393799,124.4651642,999.840454101562,999.840454101562,61.6767431954681,20.80094828822,5.900308,0,0,0,200,4886,116.6668,999.840454101562,,,,,,,,,,,,,0,,,,4.85489515,,,,,,124.35227205,,,,
,50388208.085,124.0230255,999.840454101562,2.56001029536204E-5,1.14530587648942E-7,1,4.99626677034896,40.0298881530762,1.99932264596407,14.2400003969669,0.000292667176230959,5.37915520000773E-5,0.25,2.75440296311778E-7,2.57445371996411E-5,3.38255492587701E-7,123.8066711,124.2393799,999.840454101562,999.840454101562,61.5266705197757,20.8021891150243,5.900308,0,0,0,200,4886,116.3702,999.840454101562,,,,,,,,,,,,,0,,,,4.8308864,,,,,,124.0230255,,,,
,50388213.11,123.61673735,999.840454101562,2.5607671453787E-5,1.10861935747829E-7,1,4.99626677034896,40.0298881530762,1.9993615082121,14.2400003969669,0.000292353087666232,5.61703649096823E-5,0.25,4.81396313945675E-7,2.57518137270557E-5,5.45710172196958E-7,123.4268036,123.8066711,999.840454101562,999.840454101562,61.4070813563334,20.802032792043,5.900308,0,0,0,200,4886,116.0209,999.840454101562,,,,,,,,,,,,,0,,,,4.7826281,,,,,,123.61673735,,,,
,50388218.085,123.2175865,999.840454101562,2.56163062987976E-5,1.08723811360771E-7,1,4.99626677034896,40.0298881530762,1.99937071735626,14.2400003969669,0.000292920592119323,5.34922638005789E-5,0.25,2.45723572019076E-7,2.57612165206224E-5,3.09040288547118E-7,123.0083694,123.4268036,999.840454101562,999.840454101562,61.4477260393334,20.8000724623795,5.527248,0,0,0,200,4886,115.66645,999.840454101562,,,,,,,,,,,,,0,,,,4.80663685,,,,,,123.2175865,,,,
,50388223.045,122.8396797,999.840454101562,2.5636650760314E-5,1.22148754869787E-7,1,4.99626677034896,40.0298881530762,1.9994045142941,14.2400003969669,0.000293370410201081,5.23146960880042E-5,0.25,1.38974869099178E-7,2.57820686693272E-5,2.0206538431089E-7,122.67099,123.0083694,999.840454101562,999.840454101562,61.5368316905257,20.7995821450688,5.900308,0,0,0,200,4886,115.30195,999.840454101562,,,,,,,,,,,,,0,,,,4.8306456,,,,,,122.8396797,,,,
,50388228.03,122.4842911,999.840454101562,2.5701476301464E-5,1.04811702457493E-7,1,4.99626677034896,40.0298881530762,1.99944196479739,14.2400003969669,0.000293723357998788,5.47370293481613E-5,0.25,3.38804933242267E-7,2.58468859575164E-5,4.03540875397558E-7,122.2975922,122.67099,999.840454101562,999.840454101562,61.6634555106411,20.8022148080395,5.900308,0,0,0,200,4886,114.9201,999.840454101562,,,,,,,,,,,,,0,,,,4.8306456,,,,,,122.4842911,,,,
,50388233.07,122.076149,999.840454101562,2.58055325155466E-5,1.22100970531541E-7,1,4.99626677034896,40.0298881530762,1.99945064046169,14.2400003969669,0.000294633988830338,5.65877217337482E-5,0.25,4.81992698903221E-7,2.5951320920092E-5,5.48163748155772E-7,121.8547058,122.2975922,999.840454101562,999.840454101562,61.6556392254488,20.799858399897,5.900308,0,0,0,200,4886,114.5297,999.840454101562,,,,,,,,,,,,,0,,,,4.8306456,,,,,,122.076149,,,,
,50388238.065,121.675045,999.840454101562,2.57124935875682E-5,1.15343490256563E-7,1,4.99626677034896,40.0298881530762,1.99935956809402,14.2400003969669,0.000293809232324312,5.49424007271145E-5,0.25,3.5427410014258E-7,2.58582074375938E-5,4.19826810305583E-7,121.4953842,121.8547058,999.840454101562,999.840454101562,61.5305786623719,20.801328515666,5.900308,0,0,0,200,4886,114.17145,999.840454101562,,,,,,,,,,,,,0,,,,4.85489515,,,,,,121.675045,,,,
,50388243.025,121.31555555,999.840454101562,2.57359228651093E-5,1.03459163963579E-7,1,4.99626677034896,40.0298881530762,1.99936427638478,14.2400003969669,0.000293994900498035,5.54787549607259E-5,0.25,3.96678412360426E-7,2.5881774418056E-5,4.62877827415528E-7,121.1357269,121.4953842,999.840454101562,999.840454101562,61.6353168839488,20.7993075601005,5.900308,0,0,0,200,4886,113.80685,999.840454101562,,,,,,,,,,,,,0,,,,4.85489515,,,,,,121.31555555,,,,
,50388248.055,120.9152298,999.840454101562,2.58924393608786E-5,1.05458224005481E-7,1,4.99626677034896,40.0298881530762,1.9994252996165,14.2500000074506,0.000295766175464046,5.59732865496156E-5,0.25,4.12292721596425E-7,2.60392786567458E-5,4.79323707389319E-7,120.6947327,121.1357269,999.840454101562,999.840454101562,61.2640433373142,20.7992261679557,5.900308,0,0,0,200,4886,113.44175,999.840454101562,,,,,,,,,,,,,0,,,,4.8306456,,,,,,120.9152298,,,,
,50388253.05,120.51932525,999.840454101562,2.59619381743233E-5,1.08605935232258E-7,1,4.99626677034896,40.0298881530762,1.99943800520695,14.2400003969669,0.000296680513469737,5.54464928859407E-5,0.25,3.53904609053582E-7,2.61094569330242E-5,4.21112954935569E-7,120.3439178,120.6947327,999.840454101562,999.840454101562,61.6454780546988,20.8003193367849,5.527248,0,0,0,200,4886,113.09775,999.840454101562,,,,,,,,,,,,,0,,,,4.8306456,,,,,,120.51932525,,,,
,50388258.05,120.12800215,999.840454101562,2.58871857585008E-5,1.05922137452492E-7,1,4.99626677034896,40.0298881530762,1.99935095246737,14.2400003969669,0.000295673295843296,5.61067266518086E-5,0.25,4.24272045652732E-7,2.60342165136006E-5,4.92071199384698E-7,119.9120865,120.3439178,999.840454101562,999.840454101562,61.6439147976604,20.8026794325866,5.900308,0,0,0,200,4886,112.7164,999.840454101562,,,,,,,,,,,,,0,,,,4.80663685,,,,,,120.12800215,,,,
,50388263.03,119.72527315,999.840454101562,2.6157257381764E-5,1.09700338193389E-7,1,4.99626677034896,40.0298881530762,1.9994273817598,14.2400003969669,0.000298973030161698,5.55210756541272E-5,0.25,3.2588647463702E-7,2.63062053238691E-5,3.94187322146396E-7,119.5384598,119.9120865,999.840454101562,999.840454101562,61.6931573943719,20.8020574732649,5.527248,0,0,0,200,4886,112.33625,999.840454101562,,,,,,,,,,,,,0,,,,4.80663685,,,,,,119.72527315,,,,
,50388268.03,119.36304475,999.840454101562,2.60413892322937E-5,1.01630600171867E-7,1,4.99626677034896,40.0298881530762,1.99934556238535,14.2400003969669,0.000297259467881866,5.74647446754338E-5,0.25,5.15429738351071E-7,2.61892965881848E-5,5.84871689715804E-7,119.1876297,119.5384598,999.840454101562,999.840454101562,61.6939390228911,20.8005509436674,5.527248,0,0,0,200,4886,111.99105,999.840454101562,,,,,,,,,,,,,0,,,,4.80663685,,,,,,119.36304475,,,,
,50388273.04,119.0026207,999.840454101562,2.61567536461833E-5,1.07380854033637E-7,1,4.99626677034896,40.0298881530762,1.99929562647,14.2400003969669,0.000299040563918556,5.49979513186974E-5,0.25,2.7985061561508E-7,2.63060204199151E-5,3.48610259722063E-7,118.8176117,119.1876297,999.840454101562,999.840454101562,61.8205628430065,20.8017669999957,5.900308,0,0,0,200,4886,111.6271,999.840454101562,,,,,,,,,,,,,0,,,,4.80663685,,,,,,119.0026207,,,,
,50388278.01,118.59103775,999.840454101562,2.64089708307451E-5,1.05737629773448E-7,1,4.99626677034896,40.0298881530762,1.99933455226099,14.2400003969669,0.000301609727187663,5.73882211875693E-5,0.25,4.4442659886267E-7,2.65593813099868E-5,5.15175783844249E-7,118.3644638,118.8176117,999.840454101562,999.840454101562,61.5743498594488,20.8016154734265,5.527248,0,0,0,200,4886,111.2472,999.840454101562,,,,,,,,,,,,,0,,,,4.8306456,,,,,,118.59103775,,,,
,50388283,118.19223785,999.840454101562,2.6261116620364E-5,1.13901103940456E-7,1,4.99626677034896,40.0298881530762,1.99934261918133,14.2400003969669,0.000299922300870085,5.70755124684234E-5,0.25,4.42292694106729E-7,2.64108085671802E-5,5.13004880450036E-7,118.0200119,118.3644638,999.840454101562,999.840454101562,61.9596927194296,20.8000403059818,5.900308,0,0,0,200,4886,110.90845,999.840454101562,,,,,,,,,,,,,0,,,,4.8306456,,,,,,118.19223785,,,,
,50388288.015,117.8098221,999.840454101562,2.62414758222105E-5,1.16001987756452E-7,1,4.99626677034896,40.0298881530762,1.99948560150826,14.2400003969669,0.000300134842390715,5.46359052922915E-5,0.25,2.31994786780007E-7,2.63917132445485E-5,3.01810639835553E-7,117.5996323,118.0200119,999.840454101562,999.840454101562,61.6837778521411,20.7989845434623,5.527248,0,0,0,200,4886,110.5663,999.840454101562,,,,,,,,,,,,,0,,,,4.80663685,,,,,,117.8098221,,,,
,50388293.035,117.4212456,999.840454101562,2.62275672606516E-5,1.07899484794318E-7,1,4.99626677034896,40.0298881530762,1.99939134009078,14.2400003969669,0.000299575124228946,5.68503129499573E-5,0.25,4.27526342677551E-7,2.63773135398676E-5,4.98826287588959E-7,117.2428589,117.5996323,999.840454101562,999.840454101562,61.9753252898142,20.800781646134,5.900308,0,0,0,200,4886,110.19625,999.840454101562,,,,,,,,,,,,,0,,,,4.7826281,,,,,,117.4212456,,,,
,50388298.025,117.0682297,999.840454101562,2.63664835014333E-5,1.01781917938219E-7,1,4.99626677034896,40.0298881530762,1.99938566438601,14.2500000074506,0.000301292956541053,5.63933396877319E-5,0.25,3.63203240681979E-7,2.6517269339408E-5,4.34905994938691E-7,116.8936005,117.2428589,999.840454101562,999.840454101562,61.6368801409873,20.799487681523,5.900308,0,0,0,200,4886,109.82045,999.840454101562,,,,,,,,,,,,,0,,,,4.80663685,,,,,,117.0682297,,,,
,50388303.005,116.6741028,999.840454101562,2.65929214553237E-5,1.13263997100203E-7,1,4.99626677034896,40.0298881530762,1.99939076354384,14.2400003969669,0.000303789981551458,5.74123788274471E-5,0.25,4.12578764634585E-7,2.67449822849029E-5,4.85562982971401E-7,116.4546051,116.8936005,999.840454101562,999.840454101562,61.6908125088142,20.8012191329555,5.527248,0,0,0,200,4886,109.46025,999.840454101562,,,,,,,,,,,,,0,,,,4.80663685,,,,,,116.6741028,,,,
,50388307.975,116.2799263,999.840454101562,2.65625911287091E-5,1.11457767762047E-7,1,4.99626677034896,40.0298881530762,1.99948690843625,14.2400003969669,0.000303472644202122,5.72686167888125E-5,0.25,4.04643722153645E-7,2.67146042934961E-5,4.77887191840331E-7,116.1052475,116.4546051,999.840454101562,999.840454101562,61.9143582653143,20.8000354924327,5.900308,0,0,0,200,4886,109.1158,999.840454101562,,,,,,,,,,,,,0,,,,4.80663685,,,,,,116.2799263,,,,
,50388312.96,115.8986664,999.840454101562,2.67461309454936E-5,1.19516815404491E-7,1,4.99626677034896,40.0298881530762,1.99955220253284,14.2400003969669,0.000305433287291561,5.8514445015866E-5,0.25,4.81061296780699E-7,2.68990798259647E-5,5.55656821193264E-7,115.6920853,116.1052475,999.840454101562,999.840454101562,61.6908125088142,20.7983619594801,5.527248,0,0,0,200,4886,108.7451,999.840454101562,,,,,,,,,,,,,0,,,,4.80663685,,,,,,115.8986664,,,,
,50388317.965,115.5147591,999.840454101562,2.67477942112032E-5,1.06453902901584E-7,1,4.99626677034896,40.0298881530762,1.99928312945625,14.2500000074506,0.000305793063573331,5.63202730542912E-5,0.25,2.89431540015996E-7,2.69013530247708E-5,3.63345369467595E-7,115.3374329,115.6920853,999.840454101562,999.840454101562,61.507129806795,20.8024019040444,5.527248,0,0,0,200,4886,108.3801,999.840454101562,,,,,,,,,,,,,0,,,,4.80663685,,,,,,115.5147591,,,,
,50388325.49,114.9571495,999.840454101562,2.66078952577519E-5,1.13605731192609E-7,1,4.99626677034896,40.0298881530762,1.99941032416788,14.2400003969669,0.000304199329864663,5.61110089753111E-5,0.25,2.9443814609837E-7,2.67607504363239E-5,3.6861706862204E-7,114.5768661,115.3374329,999.840454101562,999.840454101562,61.4352199830257,20.8021463347953,5.900308,0,0,0,200,4886,107.84905,999.840454101562,,,,,,,,,,,,,0,,,,4.80663685,,,,,,114.9571495,,,,
,50388332.97,114.37123105,999.840454101562,2.66962387108859E-5,1.05729676103351E-7,1,4.99626677034896,40.0298881530762,1.99940795878602,14.2400003969669,0.000304864200449929,5.82978037901055E-5,0.25,4.69404298312184E-7,2.68492434429152E-5,5.45480724849171E-7,114.165596,114.5768661,999.840454101562,999.840454101562,61.7549060473911,20.8009771272453,5.900308,0,0,0,200,4886,107.30105,999.840454101562,,,,,,,,,,,,,0,,,,4.80663685,,,,,,114.37123105,,,,
,50388337.96,113.96004865,999.840454101562,2.68639512192649E-5,1.12811561943557E-7,1,4.99626677034896,40.0298881530762,1.99933396583091,14.2400003969669,0.000306930741361571,5.77309868481974E-5,0.25,3.90614079870634E-7,2.70182261232114E-5,4.67143800001468E-7,113.7545013,114.165596,999.840454101562,999.840454101562,61.5618438031411,20.8017059100677,5.527248,0,0,0,200,4886,106.9286,999.840454101562,,,,,,,,,,,,,0,,,,4.80663685,,,,,,113.96004865,,,,
,50388342.965,113.575798,999.840454101562,2.7016934053346E-5,1.08054069770234E-7,1,4.99626677034896,40.0298881530762,1.99943006858305,14.2400003969669,0.000308685470088136,5.81094328385759E-5,0.25,3.96498447767169E-7,2.71721485365937E-5,4.73920819223382E-7,113.3970947,113.7545013,999.840454101562,999.840454101562,61.6501678258142,20.8016445240959,5.900308,0,0,0,200,4886,106.5719,999.840454101562,,,,,,,,,,,,,0,,,,4.7826281,,,,,,113.575798,,,,
,50388347.945,113.2279625,999.840454101562,2.68560098433687E-5,1.01630232981267E-7,1,4.99626677034896,40.0298881530762,1.9993614088959,14.2400003969669,0.000306938410923638,5.71776808304273E-5,0.25,3.42744388300574E-7,2.7010492379811E-5,4.19832280133084E-7,113.0588303,113.3970947,999.840454101562,999.840454101562,61.5423030901604,20.8024870201679,5.527248,0,0,0,200,4886,106.2258,999.840454101562,,,,,,,,,,,,,0,,,,4.80663685,,,,,,113.2279625,,,,
,50388352.955,112.849144,999.840454101562,2.71974847301142E-5,1.14049053772724E-7,1,4.99626677034896,40.0298881530762,1.99966621803102,14.2400003969669,0.000310828841259107,5.82489331671394E-5,0.25,3.75955521214256E-7,2.73539090163485E-5,4.54644584977219E-7,112.6394577,113.0588303,999.840454101562,999.840454101562,61.3875406433526,20.7981898315159,5.527248,0,0,0,200,4886,105.86375,999.840454101562,,,,,,,,,,,,,0,,,,4.8306456,,,,,,112.849144,,,,
,50388357.955,112.46094515,999.840454101562,2.72952131829729E-5,1.13835084166779E-7,1,4.99626677034896,40.0298881530762,1.9994325128411,14.2400003969669,0.000312129324006041,5.71946703619911E-5,0.25,2.67083768786911E-7,2.74525662378913E-5,3.45891329300907E-7,112.2824326,112.6394577,999.840454101562,999.840454101562,61.5641886886988,20.80053991082,5.527248,0,0,0,200,4886,105.49085,999.840454101562,,,,,,,,,,,,,0,,,,4.80663685,,,,,,112.46094515,,,,
,50388362.93,112.0823517,999.840454101562,2.70610098861913E-5,1.09293305515935E-7,1,4.99626677034896,40.0298881530762,1.99935528936201,14.2400003969669,0.000309374860290048,5.70797540103645E-5,0.25,2.9730576970172E-7,2.72169657990447E-5,3.76100545081727E-7,111.8822708,112.2824326,999.840454101562,999.840454101562,61.7892977022373,20.8037760563568,5.527248,0,0,0,200,4886,105.11785,999.840454101562,,,,,,,,,,,,,0,,,,4.80663685,,,,,,112.0823517,,,,
,50388367.92,111.68512725,999.840454101562,2.73067631527026E-5,1.14284455841443E-7,1,4.99626677034896,40.0298881530762,1.99940891243577,14.2400003969669,0.000311746345090695,6.01799983054187E-5,0.25,5.24818505527304E-7,2.74635591795379E-5,6.06083138488475E-7,111.4879837,111.8822708,999.840454101562,999.840454101562,61.7580325614681,20.8025015562234,5.527248,0,0,0,200,4886,104.77085,999.840454101562,,,,,,,,,,,,,0,,,,4.8306456,,,,,,111.68512725,,,,
,50388372.93,111.2913742,999.840454101562,2.72452722171864E-5,1.14081279615757E-7,1,4.99626677034896,40.0298881530762,1.99949960287656,14.2400003969669,0.000311131770679115,5.96240131297745E-5,0.25,4.86247303803489E-7,2.7401883176019E-5,5.67561295057836E-7,111.0947647,111.4879837,999.840454101562,999.840454101562,61.7009736795642,20.8033303792443,5.527248,0,0,0,200,4886,104.42835,999.840454101562,,,,,,,,,,,,,0,,,,4.85489515,,,,,,111.2913742,,,,
,50388377.96,110.89453505,999.840454101562,2.72577629619705E-5,1.15472942052239E-7,1,4.99626677034896,40.0298881530762,1.99941942100555,14.2400003969669,0.000311373144582719,5.90133130298769E-5,0.25,4.30470019634676E-7,2.74146493487382E-5,5.11990020713387E-7,110.6943054,111.0947647,999.840454101562,999.840454101562,61.5329235479296,20.8028421124223,5.900308,0,0,0,200,4886,104.0556,999.840454101562,,,,,,,,,,,,,0,,,,4.85489515,,,,,,110.89453505,,,,
,50388382.935,110.53251265,999.840454101562,2.73528745595637E-5,1.16052724860773E-7,1,4.99626677034896,40.0298881530762,1.99942412873341,14.2400003969669,0.00031252765461149,5.88327299237316E-5,0.25,3.97745045068748E-7,2.7510436239751E-5,4.79822176443921E-7,110.3707199,110.6943054,999.840454101562,999.840454101562,61.8104016722565,20.8017640018616,5.900308,0,0,0,200,4886,103.70445,999.840454101562,,,,,,,,,,,,,0,,,,4.80663685,,,,,,110.53251265,,,,
,50388387.89,110.1818695,999.840454101562,2.73733252026934E-5,1.06636637694022E-7,1,4.99626677034896,40.0298881530762,1.99939511849873,14.2400003969669,0.000312629559574743,5.96128985706025E-5,0.25,4.61912596301622E-7,2.75308370689232E-5,5.4489218802247E-7,109.9930191,110.3707199,999.840454101562,999.840454101562,61.3891039003911,20.800576070251,5.900308,0,0,0,200,4886,103.35765,999.840454101562,,,,,,,,,,,,,0,,,,4.7826281,,,,,,110.1818695,,,,
,50388392.905,109.78852845,999.840454101562,2.74681297295263E-5,1.01502748582512E-7,1,4.99626677034896,40.0298881530762,1.99940374127101,14.2500000074506,0.000313778831108679,5.94445567848451E-5,0.25,4.30240201161981E-7,2.76263042297119E-5,5.13843107027388E-7,109.5840378,109.9930191,999.840454101562,999.840454101562,61.5438663471988,20.8023038782266,5.900308,0,0,0,200,4886,102.97315,999.840454101562,,,,,,,,,,,,,0,,,,4.80663685,,,,,,109.78852845,,,,
,50388397.915,109.38432695,999.840454101562,2.74948240165145E-5,1.11946654301591E-7,1,4.99626677034896,40.0298881530762,1.9993591652117,14.2400003969669,0.000313873773900964,6.06764261376492E-5,0.25,5.32750391307958E-7,2.76528772922433E-5,6.17547306225909E-7,109.1846161,109.5840378,999.840454101562,999.840454101562,61.4117711274488,20.8031546270343,5.900308,0,0,0,200,4886,102.5999,999.840454101562,,,,,,,,,,,,,0,,,,4.80663685,,,,,,109.38432695,,,,
,50388402.925,109.0148506,999.840454101562,2.75273768331359E-5,1.08829743903517E-7,1,4.99626677034896,40.0298881530762,1.9995151564037,14.2400003969669,0.000314487292990854,5.94922499544893E-5,0.25,4.22830924081112E-7,2.76859540543849E-5,5.07596537086469E-7,108.8450851,109.1846161,999.840454101562,999.840454101562,61.6165577994873,20.8005118140311,5.900308,0,0,0,200,4886,102.23785,999.840454101562,,,,,,,,,,,,,0,,,,4.7826281,,,,,,109.0148506,,,,
,50388407.91,108.63843155,999.840454101562,2.7562716360741E-5,1.11752510839935E-7,1,4.99626677034896,40.0298881530762,1.99945736953471,14.2400003969669,0.000314933021827771,5.92759812825576E-5,0.25,3.97472544842289E-7,2.77215924190041E-5,4.82692566896658E-7,108.431778,108.8450851,999.840454101562,999.840454101562,61.6822145951027,20.8022225070744,5.527248,0,0,0,200,4886,101.8901,999.840454101562,,,,,,,,,,,,,0,,,,4.80663685,,,,,,108.63843155,,,,
,50388412.885,108.2340851,999.840454101562,2.77845000520204E-5,1.08778135891616E-7,1,4.99626677034896,40.0298881530762,1.99945134118526,14.2400003969669,0.000317266781111389,6.0905563549728E-5,0.25,5.00802840877164E-7,2.79443831706477E-5,5.87795079331936E-7,108.0363922,108.431778,999.840454101562,999.840454101562,61.6689269102757,20.8021236941343,5.900308,0,0,0,200,4886,101.54275,999.840454101562,,,,,,,,,,,,,0,,,,4.8306456,,,,,,108.2340851,,,,
,50388417.9,107.8607521,999.840454101562,2.77910029723496E-5,1.06750896804681E-7,1,4.99626677034896,40.0298881530762,1.99990936782921,14.2400003969669,0.00031763681639901,5.96268346893068E-5,0.25,3.86397531160735E-7,2.79512771839717E-5,4.73254635048468E-7,107.685112,108.0363922,999.840454101562,999.840454101562,61.6142129139296,20.7973797220092,5.527248,0,0,0,200,4886,101.1954,999.840454101562,,,,,,,,,,,,,0,,,,4.8306456,,,,,,107.8607521,,,,
,50388422.925,107.48129655,999.840454101562,2.79035585585559E-5,1.10551800410505E-7,1,4.99626677034896,40.0298881530762,1.99948364340279,14.2400003969669,0.000319049089419398,5.87568291182196E-5,0.25,2.91436164139704E-7,2.80647652527568E-5,3.78641393526003E-7,107.2774811,107.685112,999.840454101562,999.840454101562,61.3891039003911,20.8027422282736,5.900308,0,0,0,200,4886,100.82115,999.840454101562,,,,,,,,,,,,,0,,,,4.8306456,,,,,,107.48129655,,,,
,50388427.9,107.10214615,999.840454101562,2.78508622399029E-5,1.13328863544788E-7,1,4.99626677034896,40.0298881530762,1.99946464144175,14.2400003969669,0.000318408525494839,5.88470856544837E-5,0.25,3.07942875950671E-7,2.80116958842466E-5,3.95644148972045E-7,106.9268112,107.2774811,999.840454101562,999.840454101562,61.6314087413527,20.8032615365787,5.527248,0,0,0,200,4886,100.4473,999.840454101562,,,,,,,,,,,,,0,,,,4.8306456,,,,,,107.10214615,,,,
,50388432.875,106.7494087,999.840454101562,2.78031973703163E-5,1.08091813561549E-7,1,4.99626677034896,40.0298881530762,1.99941098896202,14.2400003969669,0.00031790770458148,5.84424006897948E-5,0.25,2.80488132811505E-7,2.79638191481031E-5,3.6840997095687E-7,106.5720062,106.9268112,999.840454101562,999.840454101562,61.6321903698719,20.8037835488378,5.900308,0,0,0,200,4886,100.0996,999.840454101562,,,,,,,,,,,,,0,,,,4.8306456,,,,,,106.7494087,,,,
,50388452.05,105.3021317,999.840454101562,,,2,,,,14.3460000870228,,,,,,,105.3021317,105.3021317,999.840454101562,999.840454101562,,,5.900308,,,,-99999999,4886,98.7346,999.840454101562,,,,,,,,,,,,,,,,,,,,,,,105.3021317,,,,
touchdown = 8.94000008702278 mm,50388481.51,103.0773544,999.840454101562,2.83324884458617E-5,1.10572692139934E-7,1,4.99626677034896,40.0298881530762,1.9998015736453,14.3299996852875,0.000323544833316525,6.22783103520888E-5,0.25,5.1703699376398E-7,2.84950233649302E-5,6.13614616299427E-7,103.0773544,103.0773544,999.840454101562,999.840454101562,61.382069243718,20.8023780112129,5.900308,0,0,0,200,4886,96.6471,999.840454101562,,,,,,,,,,,,,0,,,,4.7826281,,,,,,103.0773544,,,,
,50388483.44,102.9281616,999.840454101562,2.84440807801274E-5,1.02398990112948E-7,1,4.99626677034896,40.0298881530762,1.99972458373538,14.3299996852875,0.000325170439584238,6.04282231978475E-5,0.25,3.36133852932824E-7,2.86078389721129E-5,4.32260196962897E-7,102.7789688,103.0773544,999.840454101562,999.840454101562,61.4696116378719,20.803630765392,5.900308,0,0,0,200,4886,96.51485,999.840454101562,,,,,,,,,,,,,0,,,,4.7826281,,,,,,102.9281616,,,,
,50388487.845,102.5697899,999.840454101562,2.84284656554603E-5,1.11127315977778E-7,1,4.99626677034896,40.0298881530762,1.99994980330499,14.3400002270937,0.000324920545192072,6.10095367652409E-5,0.25,3.884724481561E-7,2.85919007709721E-5,4.85410624833505E-7,102.360611,102.7789688,999.840454101562,999.840454101562,61.5086930638334,20.8012469324217,5.900308,0,0,0,200,4886,96.19305,999.840454101562,,,,,,,,,,,,,0,,,,4.7826281,,,,,,102.5697899,,,,
,50388492.845,102.1894455,999.840454101562,2.86129815513202E-5,1.06049857935482E-7,1,4.99626677034896,40.0298881530762,1.99976467367414,14.3299996852875,0.000326846042377355,6.22851066702437E-5,0.25,4.67647917004345E-7,2.87771442232947E-5,5.66276629823932E-7,102.01828,102.360611,999.840454101562,999.840454101562,61.5423030901604,20.8035670376011,5.527248,0,0,0,200,4886,95.84415,999.840454101562,,,,,,,,,,,,,0,,,,4.80663685,,,,,,102.1894455,,,,
,50388497.855,101.81549835,999.840454101562,2.86588343188322E-5,1.07800231216739E-7,1,4.99626677034896,40.0298881530762,1.99980024298619,14.3299996852875,0.000327039543337392,6.43134952900074E-5,0.25,6.36051827304733E-7,2.88226063502876E-5,7.36432282497702E-7,101.6127167,102.01828,999.840454101562,999.840454101562,61.8166547004104,20.803364358924,5.527248,0,0,0,200,4886,95.4961,999.840454101562,,,,,,,,,,,,,0,,,,4.8306456,,,,,,101.81549835,,,,
,50388502.86,101.4415779,999.840454101562,2.87327383982392E-5,1.15266829757172E-7,1,4.99626677034896,40.0298881530762,1.99981628282015,14.3299996852875,0.000328483075508262,6.10311207681439E-5,0.25,3.3598519380763E-7,2.88978313181605E-5,4.35561044492959E-7,101.2704391,101.6127167,999.840454101562,999.840454101562,61.7142613643912,20.802910261365,5.900308,0,0,0,200,4886,95.1196,999.840454101562,,,,,,,,,,,,,0,,,,4.78286695,,,,,,101.4415779,,,,
,50388507.825,101.0832977,999.840454101562,2.87015284279039E-5,1.15404230729708E-7,1,4.99626677034896,40.0298881530762,1.999802078702,14.3400002270937,0.000328448491139407,5.90898780618837E-5,0.25,1.71367090544266E-7,2.88668942972059E-5,2.70523236337097E-7,100.8961563,101.2704391,999.840454101562,999.840454101562,61.4367832400642,20.803185443705,5.527248,0,0,0,200,4886,94.77145,999.840454101562,,,,,,,,,,,,,0,,,,4.7588582,,,,,,101.0832977,,,,
,50388512.835,100.69351195,999.840454101562,2.88008702282614E-5,1.00102850128045E-7,1,4.99626677034896,40.0298881530762,1.99981336593444,14.3299996852875,0.000329434195409404,6.01683414592971E-5,0.25,2.47591810835621E-7,2.89664535326577E-5,3.48178594591149E-7,100.4908676,100.8961563,999.840454101562,999.840454101562,61.8948175523335,20.8037384987477,5.900308,0,0,0,200,4886,94.422,999.840454101562,,,,,,,,,,,,,0,,,,4.7826281,,,,,,100.69351195,,,,
,50388520.33,100.12739945,999.840454101562,2.88706383655527E-5,1.09909525650629E-7,1,4.99626677034896,40.0298881530762,1.99984748893794,14.3299996852875,0.000330191664820997,6.05670807274708E-5,0.25,2.69209259077211E-7,2.90363647329678E-5,3.71178559378732E-7,99.7639313,100.4908676,999.840454101562,999.840454101562,61.7009736795642,20.8048595427948,5.527248,0,0,0,200,4886,93.88355,999.840454101562,,,,,,,,,,,,,0,,,,4.7826281,,,,,,100.12739945,,,,
,50388527.8,99.5662918,999.840454101562,2.87521978238105E-5,1.18557098285966E-7,1,4.99626677034896,40.0298881530762,1.99978183782561,14.3400002270937,0.000328932273796292,5.96981935489875E-5,0.25,2.13166202144401E-7,2.89172601089506E-5,3.15377804458245E-7,99.3686523,99.7639313,999.840454101562,999.840454101562,61.5641886886988,20.8051979079831,5.900308,0,0,0,200,4886,93.3724,999.840454101562,,,,,,,,,,,,,0,,,,4.7826281,,,,,,99.5662918,,,,
,50388532.805,99.1878967,999.840454101562,2.89430253775199E-5,1.17606865057787E-7,1,4.99626677034896,40.0298881530762,1.99992834110032,14.3299996852875,0.000330695127010044,6.26397950444191E-5,0.25,4.35753267663252E-7,2.91082678774291E-5,5.40599057754931E-7,99.0071411,99.3686523,999.840454101562,999.840454101562,61.7478713907181,20.8027153538964,5.900308,0,0,0,200,4886,93.02315,999.840454101562,,,,,,,,,,,,,0,,,,4.7826281,,,,,,99.1878967,,,,
,50388540.29,98.6255188,999.840454101562,2.91178722758754E-5,1.08771422409429E-7,1,4.99626677034896,40.0298881530762,1.99995977315115,14.3400002270937,0.000332597826181251,6.35772174117958E-5,0.25,4.8605599699959E-7,2.92836845762716E-5,5.92903663929862E-7,98.2438965,99.0071411,999.840454101562,999.840454101562,61.1882253709488,20.7990944264244,5.900308,0,0,0,200,4886,92.47215,999.840454101562,,,,,,,,,,,,,0,,,,4.7588582,,,,,,98.6255188,,,,
,50388547.79,98.04452895,999.840454101562,2.92106084641515E-5,1.13440126249304E-7,1,4.99626677034896,40.0298881530762,2.0001874520438,14.3400002270937,0.000334197898643298,6.08685940571094E-5,0.25,2.31863110766651E-7,2.93776165943606E-5,3.38673339498547E-7,97.8451614,98.2438965,999.840454101562,999.840454101562,61.568096831295,20.7972618383641,5.527248,0,0,0,200,4886,91.93305,999.840454101562,,,,,,,,,,,,,0,,,,4.7350883,,,,,,98.04452895,,,,
,50388552.79,97.67368315,999.840454101562,2.90890004823635E-5,1.10902697685707E-7,1,4.99626677034896,40.0298881530762,2.00009709673472,14.3400002270937,0.000332303423307509,6.34109173040469E-5,0.25,4.74477584638336E-7,2.925425333991E-5,5.82958940426077E-7,97.5022049,97.8451614,999.840454101562,999.840454101562,61.5743498594488,20.7975545174654,5.900308,0,0,0,200,4886,91.58265,999.840454101562,,,,,,,,,,,,,0,,,,4.7350883,,,,,,97.67368315,,,,
,50388557.8,97.30378725,999.840454101562,2.90401500271595E-5,1.1711864418757E-7,1,4.99626677034896,40.0298881530762,2.00001492229513,14.3299996852875,0.000331848706425593,6.26208382734569E-5,0.25,4.13537339233176E-7,2.92051559943367E-5,5.22214201665677E-7,97.1053696,97.5022049,999.840454101562,999.840454101562,61.5821661446411,20.8013108960966,5.900308,0,0,0,200,4886,91.23225,999.840454101562,,,,,,,,,,,,,0,,,,4.7350883,,,,,,97.30378725,,,,
,50388562.815,96.90729145,999.840454101562,2.92668697404394E-5,1.03540948601158E-7,1,4.99626677034896,40.0298881530762,2.00012890712465,14.3299996852875,0.000334602224392275,6.22701538001764E-5,0.25,3.42477302914211E-7,2.94332547381488E-5,4.52315476142294E-7,96.7092133,97.1053696,999.840454101562,999.840454101562,61.8940359238142,20.7964047813751,5.527248,0,0,0,200,4886,90.881,999.840454101562,,,,,,,,,,,,,0,,,,4.7350883,,,,,,96.90729145,,,,
,50388567.785,96.54257965,999.840454101562,2.92991442781933E-5,1.07996971245745E-7,1,4.99626677034896,40.0298881530762,2.00001321516938,14.3299996852875,0.000334905553724872,6.25926228524292E-5,0.25,3.64603062533565E-7,2.9465421914565E-5,4.75433400207554E-7,96.375946,96.7092133,999.840454101562,999.840454101562,61.7259857921796,20.7998261917604,5.527248,0,0,0,200,4886,90.53005,999.840454101562,,,,,,,,,,,,,0,,,,4.7350883,,,,,,96.54257965,,,,
,50388572.79,96.1690254,999.840454101562,2.9331885555037E-5,1.08559834673692E-7,1,4.99626677034896,40.0298881530762,2.000040946739,14.3299996852875,0.000335417145592344,6.1885573060399E-5,0.25,2.96395526549435E-7,2.94983908086647E-5,4.07712546700592E-7,95.9621048,96.375946,999.840454101562,999.840454101562,61.6962839084488,20.7979937752629,5.527248,0,0,0,200,4886,90.1793,999.840454101562,,,,,,,,,,,,,0,,,,4.7350883,,,,,,96.1690254,,,,
,50388577.81,95.7861328,999.840454101562,2.93716733252047E-5,1.11853193635873E-7,1,4.99626677034896,40.0298881530762,2.00021838935615,14.3400002270937,0.000335938408856489,6.17414017081001E-5,0.25,2.75677050211868E-7,2.95382484864074E-5,3.87819785580812E-7,95.6101608,95.9621048,999.840454101562,999.840454101562,61.5501193753527,20.7960559107074,5.527248,0,0,0,200,4886,89.8145,999.840454101562,,,,,,,,,,,,,0,,,,4.7350883,,,,,,95.7861328,,,,
,50388582.78,95.4075813,999.840454101562,2.94903074578117E-5,1.09872554688619E-7,1,4.99626677034896,40.0298881530762,2.00011440884052,14.3299996852875,0.00033707984957527,6.31136269384127E-5,0.25,3.74341723521654E-7,2.96569541915905E-5,4.88271323897049E-7,95.2050018,95.6101608,999.840454101562,999.840454101562,61.6204659420834,20.7976291670124,5.900308,0,0,0,200,4886,89.463,999.840454101562,,,,,,,,,,,,,0,,,,4.7588582,,,,,,95.4075813,,,,
,50388587.75,95.0333557,999.840454101562,2.9351571223482E-5,1.23317467498302E-7,1,4.99626677034896,40.0298881530762,2.00009157034999,14.3400002270937,0.000335599616080731,6.21738937272686E-5,0.25,3.15815338437281E-7,2.95174233279991E-5,4.29637604406341E-7,94.8617096,95.2050018,999.840454101562,999.840454101562,62.0026822879873,20.7963105444459,5.527248,0,0,0,200,4886,89.125,999.840454101562,,,,,,,,,,,,,0,,,,4.7826281,,,,,,95.0333557,,,,
,50388592.74,94.65316775,999.840454101562,2.95735516076619E-5,1.07526409592746E-7,1,4.99626677034896,40.0298881530762,2.00018269646781,14.3299996852875,0.000338451070669778,6.09150516252966E-5,0.25,1.6628046641712E-7,2.97409883993793E-5,2.80898080217E-7,94.4446259,94.8617096,999.840454101562,999.840454101562,61.6712717958334,20.7971820774795,5.527248,0,0,0,200,4886,88.77275,999.840454101562,,,,,,,,,,,,,0,,,,4.7588582,,,,,,94.65316775,,,,
,50388597.78,94.2794075,999.840454101562,2.94670956725011E-5,1.17934582933081E-7,1,4.99626677034896,40.0298881530762,2.00012717527004,14.3299996852875,0.000336990103252924,6.20170338454136E-5,0.25,2.80380797921065E-7,2.96332037522695E-5,3.96071694928799E-7,94.1141891,94.4446259,999.840454101562,999.840454101562,61.6243740846796,20.7955816390601,5.527248,0,0,0,200,4886,88.4073,999.840454101562,,,,,,,,,,,,,0,,,,4.7350883,,,,,,94.2794075,,,,
,50388602.79,93.9115562,999.840454101562,2.97535097037081E-5,1.05087491592687E-7,1,4.99626677034896,40.0298881530762,2.00026862983309,14.3400002270937,0.000339953843858281,6.45244558640996E-5,0.25,4.48201806362388E-7,2.992028486232E-5,5.66803784699225E-7,93.7089233,94.1141891,999.840454101562,999.840454101562,61.7298939347758,20.7938821461324,5.900308,0,0,0,200,4886,88.0418,999.840454101562,,,,,,,,,,,,,0,,,,4.7350883,,,,,,93.9115562,,,,
,50388607.735,93.53087235,999.840454101562,2.98007481526045E-5,1.12525217100595E-7,1,4.99626677034896,40.0298881530762,2.00027123930093,14.3400002270937,0.000340556452460528,6.42504109738042E-5,0.25,4.15292792582486E-7,2.99676469646122E-5,5.34691829241475E-7,93.3528214,93.7089233,999.840454101562,999.840454101562,61.6470413117373,20.7921936897336,5.527248,0,0,0,200,4886,87.70255,999.840454101562,,,,,,,,,,,,,0,,,,4.7588582,,,,,,93.53087235,,,,
,50388612.725,93.1458588,999.840454101562,2.98833423877272E-5,1.14922156765646E-7,1,4.99626677034896,40.0298881530762,2.00055372996264,14.3400002270937,0.00034141786458938,6.51550902385004E-5,0.25,4.78350621172553E-7,3.00501782989184E-5,5.99238763899338E-7,92.9388962,93.3528214,999.840454101562,999.840454101562,61.679869709545,20.7887345791266,5.527248,0,0,0,200,4886,87.3637,999.840454101562,,,,,,,,,,,,,0,,,,4.7588582,,,,,,93.1458588,,,,
,50388617.75,92.74027635,999.840454101562,2.99827997515888E-5,1.14050999256462E-7,1,4.99626677034896,40.0298881530762,2.00039748561663,14.3299996852875,0.000342670334515185,6.45314102604846E-5,0.25,4.0614121532652E-7,3.01501379319071E-5,5.27934613453799E-7,92.5416565,92.9388962,999.840454101562,999.840454101562,61.5219807486604,20.7900299728245,5.900308,0,0,0,200,4886,86.98365,999.840454101562,,,,,,,,,,,,,0,,,,4.7350883,,,,,,92.74027635,,,,
,50388622.735,92.37018585,999.840454101562,2.97363123810067E-5,1.16953622151266E-7,1,4.99626677034896,40.0298881530762,2.0004424897628,14.3400002270937,0.000339759442224875,6.45569452207625E-5,0.25,4.50367569465685E-7,2.99017067829911E-5,5.72348101865734E-7,92.1987152,92.5416565,999.840454101562,999.840454101562,61.5360500620065,20.7880669631927,5.900308,0,0,0,200,4886,86.60405,999.840454101562,,,,,,,,,,,,,0,,,,4.7350883,,,,,,92.37018585,,,,
,50388627.7,92.01766205,999.840454101562,3.00665624054978E-5,1.13948385869202E-7,1,4.99626677034896,40.0298881530762,2.00046922188869,14.3299996852875,0.000343611398740425,6.48263753093934E-5,0.25,4.15452522574678E-7,3.02336145689866E-5,5.39404066016811E-7,91.8366089,92.1987152,999.840454101562,999.840454101562,61.6275005987565,20.789487295345,5.900308,0,0,0,200,4886,86.265,999.840454101562,,,,,,,,,,,,,0,,,,4.7350883,,,,,,92.01766205,,,,
,50388632.755,91.62722015,999.840454101562,2.99775583095239E-5,1.13935919306927E-7,1,4.99626677034896,40.0298881530762,2.0004014565538,14.3400002270937,0.000342598450154584,6.45213911738705E-5,0.25,4.03713693729387E-7,3.01438071961481E-5,5.28122795175934E-7,91.4178314,91.8366089,999.840454101562,999.840454101562,61.6783064525065,20.7900890531718,5.527248,0,0,0,200,4886,85.91145,999.840454101562,,,,,,,,,,,,,0,,,,4.7350883,,,,,,91.62722015,,,,
,50388637.765,91.2365799,999.840454101562,3.01475618392452E-5,1.01415102739718E-7,1,4.99626677034896,40.0298881530762,2.0003878740105,14.3400002270937,0.000344401116898844,6.56533099415389E-5,0.25,4.7207655422675E-7,3.03141136083959E-5,5.98461521571541E-7,91.0553284,91.4178314,999.840454101562,999.840454101562,61.9807966894489,20.793200582161,5.900308,0,0,0,200,4886,85.5566,999.840454101562,,,,,,,,,,,,,0,,,,4.7115545,,,,,,91.2365799,,,,
,50388642.725,90.864769,999.840454101562,3.01959360740939E-5,1.08492974432877E-7,1,4.99626677034896,40.0298881530762,2.00043772136123,14.3299996852875,0.000344955123730997,6.57729911681298E-5,0.25,4.7311417096462E-7,3.03623607850351E-5,6.00609526689222E-7,90.6742096,91.0553284,999.840454101562,999.840454101562,61.9628192335066,20.7889770568813,5.900308,0,0,0,200,4886,85.20365,999.840454101562,,,,,,,,,,,,,0,,,,4.6880207,,,,,,90.864769,,,,
,50388647.725,90.49912645,999.840454101562,3.02576038085689E-5,1.13984915030914E-7,1,4.99626677034896,40.0298881530762,2.00041447169798,14.3400002270937,0.000345415472439772,6.72561009955519E-5,0.25,5.91047033687524E-7,3.04234682317828E-5,7.20372604363035E-7,90.3240433,90.6742096,999.840454101562,999.840454101562,61.5735682309296,20.7913883167111,5.900308,0,0,0,200,4886,84.84995,999.840454101562,,,,,,,,,,,,,0,,,,4.7115545,,,,,,90.49912645,,,,
,50388652.705,90.12400055,999.840454101562,3.04269125500882E-5,1.15600361372906E-7,1,4.99626677034896,40.0298881530762,2.00045506765487,14.3400002270937,0.000347530811896176,6.65979234193487E-5,0.25,5.03072735776246E-7,3.05936608177775E-5,6.33547593244173E-7,89.9239578,90.3240433,999.840454101562,999.840454101562,61.6869043662181,20.7897854643606,5.527248,0,0,0,200,4886,84.4963,999.840454101562,,,,,,,,,,,,,0,,,,4.7115545,,,,,,90.12400055,,,,
,50388657.705,89.73974225,999.840454101562,3.04121310333695E-5,1.13015404915105E-7,1,4.99626677034896,40.0298881530762,2.00036476899558,14.3400002270937,0.000347511308546882,6.5592878228401E-5,0.25,4.17292465337179E-7,3.05787259293359E-5,5.48173891085951E-7,89.5555267,89.9239578,999.840454101562,999.840454101562,61.6720534243527,20.7906304578469,5.527248,0,0,0,200,4886,84.14235,999.840454101562,,,,,,,,,,,,,0,,,,4.7115545,,,,,,89.73974225,,,,
,50388662.695,89.3769798,999.840454101562,3.06474244657673E-5,1.26151307861634E-7,1,4.99626677034896,40.0298881530762,2.00046871761452,14.3299996852875,0.00035024958923099,6.58872367338188E-5,0.25,4.00742037824227E-7,3.08149222915463E-5,5.33498538364625E-7,89.1984329,89.5555267,999.840454101562,999.840454101562,62.1285244795835,20.7892280032457,5.527248,0,0,0,200,4886,83.78465,999.840454101562,,,,,,,,,,,,,0,,,,4.7350883,,,,,,89.3769798,,,,
,50388667.74,88.98587035,999.840454101562,3.05850009845543E-5,1.10631738054512E-7,1,4.99626677034896,40.0298881530762,2.0004142266082,14.3400002270937,0.00034945678754334,6.61217744488813E-5,0.25,4.31350171183521E-7,3.07515379864488E-5,5.65013833014221E-7,88.7733078,89.1984329,999.840454101562,999.840454101562,61.801803758545,20.7921104718997,5.900308,0,0,0,200,4886,83.4181,999.840454101562,,,,,,,,,,,,,0,,,,4.7350883,,,,,,88.98587035,,,,
,50388672.75,88.59806825,999.840454101562,3.06416505440703E-5,1.10276444480981E-7,1,4.99626677034896,40.0298881530762,2.00035307671849,14.3299996852875,0.000350268309448485,6.52119110182825E-5,0.25,3.41293424805747E-7,3.08084130481418E-5,4.75681732609077E-7,88.4228287,88.7733078,999.840454101562,999.840454101562,62.1785487048143,20.7930092839436,5.527248,0,0,0,200,4886,83.06615,999.840454101562,,,,,,,,,,,,,0,,,,4.7350883,,,,,,88.59806825,,,,
,50388677.73,88.21632005,999.840454101562,3.05069617034311E-5,1.10772412925212E-7,1,4.99626677034896,40.0298881530762,2.00047356046601,14.3299996852875,0.000348384409748491,6.69824020303255E-5,0.25,5.18195590872836E-7,3.06717403667748E-5,6.53929904995893E-7,88.0098114,88.4228287,999.840454101562,999.840454101562,61.7877344451988,20.7918249382842,5.527248,0,0,0,200,4886,82.72235,999.840454101562,,,,,,,,,,,,,0,,,,4.7350883,,,,,,88.21632005,,,,
,50388682.72,87.83753585,999.840454101562,3.0873902683622E-5,1.08923704441769E-7,1,4.99626677034896,40.0298881530762,2.00025921983795,14.3299996852875,0.000352596253908,6.74174420338787E-5,0.25,4.91753385241418E-7,3.10402795103757E-5,6.29952429862509E-7,87.6652603,88.0098114,999.840454101562,999.840454101562,61.9987741453912,20.7925855747973,5.900308,0,0,0,200,4886,82.36715,999.840454101562,,,,,,,,,,,,,0,,,,4.7115545,,,,,,87.83753585,,,,
,50388687.67,87.46144105,999.840454101562,3.08039577103451E-5,1.20164458761533E-7,1,4.99626677034896,40.0298881530762,2.0003070214592,14.3400002270937,0.000351500129016823,6.89734651117827E-5,0.25,6.38730503140081E-7,3.09687066871642E-5,7.78508663547576E-7,87.2576218,87.6652603,999.840454101562,999.840454101562,61.8057119011411,20.791179952998,5.527248,0,0,0,200,4886,81.9883,999.840454101562,,,,,,,,,,,,,0,,,,4.7115545,,,,,,87.46144105,,,,
,50388692.67,87.07989505,999.840454101562,3.08030951322894E-5,1.14596920523426E-7,1,4.99626677034896,40.0298881530762,2.00027883199527,14.3299996852875,0.000351284861503586,7.00813541577355E-5,0.25,7.34781292181254E-7,3.09668500878496E-5,8.76099415034678E-7,86.9021683,87.2576218,999.840454101562,999.840454101562,62.3450355794104,20.7935648065108,5.527248,0,0,0,200,4886,81.63445,999.840454101562,,,,,,,,,,,,,0,,,,4.7350883,,,,,,87.07989505,,,,
,50388697.665,86.71821215,999.840454101562,3.10388656014756E-5,1.16909959542041E-7,1,4.99626677034896,40.0298881530762,2.00018719612264,14.3299996852875,0.000354792309379714,6.58078217226928E-5,0.25,3.19762192497991E-7,3.1205217750134E-5,4.6085918223063E-7,86.534256,86.9021683,999.840454101562,999.840454101562,62.3677028064681,20.7959441483278,5.527248,0,0,0,200,4886,81.30365,999.840454101562,,,,,,,,,,,,,0,,,,4.6882548,,,,,,86.71821215,,,,
,50388702.68,86.32088855,999.840454101562,3.10679656893915E-5,1.18018857504362E-7,1,4.99626677034896,40.0298881530762,2.00018740121289,14.3400002270937,0.000354687856626188,6.8330093009118E-5,0.25,5.33982604253128E-7,3.12329209760392E-5,6.7742693616159E-7,86.1075211,86.534256,999.840454101562,999.840454101562,61.4672667523142,20.794815048562,5.900308,0,0,0,200,4886,80.948,999.840454101562,,,,,,,,,,,,,0,,,,4.664721,,,,,,86.32088855,,,,
,50388707.67,85.93452835,999.840454101562,3.09467583628925E-5,1.05034763603585E-7,1,4.99626677034896,40.0298881530762,2.00017452902552,14.3400002270937,0.000353266138497221,6.82229594540236E-5,0.25,5.44845200765736E-7,3.11103393245877E-5,6.88933784629676E-7,85.7615356,86.1075211,999.840454101562,999.840454101562,62.0104985731796,20.7980471600542,5.900308,0,0,0,200,4886,80.569,999.840454101562,,,,,,,,,,,,,0,,,,4.664721,,,,,,85.93452835,,,,
,50388712.665,85.5617485,999.840454101562,3.09348487014852E-5,1.1750450168026E-7,1,4.99626677034896,40.0298881530762,2.00019775777808,14.3299996852875,0.000353271467539716,6.73695669204646E-5,0.25,4.7137602370203E-7,3.109806220888E-5,6.16087986792444E-7,85.3619614,85.7615356,999.840454101562,999.840454101562,62.2692176130451,20.7957982008342,5.527248,0,0,0,200,4886,80.21465,999.840454101562,,,,,,,,,,,,,0,,,,4.6414213,,,,,,85.5617485,,,,
,50388731.19,84.1708221,999.840454101562,,,2,,,,14.4459999171495,,,,,,,84.1708221,84.1708221,999.840454101562,999.840454101562,,,5.900308,,,,-99999999,4886,78.905,999.840454101562,,,,,,,,,,,,,,,,,,,,,,,84.1708221,,,,
touchdown = 9.03999991714954 mm,50388760.39,81.9124527,999.840454101562,3.16780469530519E-5,1.11645152753961E-7,1,4.99626677034896,40.0298881530762,1.99996790243582,14.4300004467368,0.000361861070013792,6.76843968043133E-5,0.25,3.59704178618762E-7,3.18384722628896E-5,5.18305563414348E-7,81.8810272,81.9438782,999.840454101562,999.840454101562,61.9565662053527,20.7962642447001,5.900308,0,0,0,200,4886,76.8169,999.840454101562,,,,,,,,,,,,,0,,,,4.6414213,,,,,,81.9124527,,,,
,50388762.805,81.73221585,999.840454101562,3.16960978223974E-5,1.238205114701E-7,1,4.99626677034896,40.0298881530762,2.00008789937368,14.4400000572205,0.000361908181295151,6.87252296152572E-5,0.25,4.46644016524411E-7,3.18557787510592E-5,6.06338820432659E-7,81.5834045,81.8810272,999.840454101562,999.840454101562,61.740836734045,20.7960144135747,5.900308,0,0,0,200,4886,76.6523,999.840454101562,,,,,,,,,,,,,0,,,,4.6414213,,,,,,81.73221585,,,,
,50388767.65,81.3615379,999.840454101562,3.16860835496816E-5,1.12501432380622E-7,1,4.99626677034896,40.0298881530762,2.0000314675059,14.4400000572205,0.000362095952017043,6.68630446323433E-5,0.25,2.84805762317906E-7,3.18456130255153E-5,4.44845603611701E-7,81.1396713,81.5834045,999.840454101562,999.840454101562,61.7752283888911,20.7958649002757,5.527248,0,0,0,200,4886,76.29585,999.840454101562,,,,,,,,,,,,,0,,,,4.6414213,,,,,,81.3615379,,,,
,50388772.66,80.96084975,999.840454101562,3.18185202105657E-5,1.16639171307197E-7,1,4.99626677034896,40.0298881530762,2.0001690758291,14.4400000572205,0.000363481964719498,6.79431867701346E-5,0.25,3.54421358139619E-7,3.19773791782497E-5,5.16792516767398E-7,80.7820282,81.1396713,999.840454101562,999.840454101562,62.0339474287566,20.7959239398033,5.527248,0,0,0,200,4886,75.91625,999.840454101562,,,,,,,,,,,,,0,,,,4.6414213,,,,,,80.96084975,,,,
,50388777.635,80.5991173,999.840454101562,3.1780273855598E-5,1.21112790899429E-7,1,4.99626677034896,40.0298881530762,2.0000625132405,14.4300004467368,0.000362483471355251,7.08900910351435E-5,0.25,6.17853328226795E-7,3.19366425600908E-5,7.82584466429588E-7,80.4162064,80.7820282,999.840454101562,999.840454101562,61.7455265051604,20.7973024872888,5.527248,0,0,0,200,4886,75.56325,999.840454101562,,,,,,,,,,,,,0,,,,4.6183531,,,,,,80.5991173,,,,
,50388782.61,80.2132149,999.840454101562,3.17308291416582E-5,1.23269424488933E-7,1,4.99626677034896,40.0298881530762,2.00002200510973,14.4400000572205,0.000362038584014452,7.00002929599261E-5,0.25,5.4790508712851E-7,3.18864072025025E-5,7.13186699434544E-7,80.0102234,80.4162064,999.840454101562,999.840454101562,61.7900793307565,20.7962765326558,5.900308,0,0,0,200,4886,75.233,999.840454101562,,,,,,,,,,,,,0,,,,4.6183531,,,,,,80.2132149,,,,
,50388787.65,79.83177185,999.840454101562,3.20962389470891E-5,1.2342537350982E-7,1,4.99626677034896,40.0298881530762,1.99998387241825,14.4400000572205,0.000366288111462479,7.02346875596733E-5,0.25,5.03196374174877E-7,3.22527434410062E-5,6.71496332735177E-7,79.6533203,80.0102234,999.840454101562,999.840454101562,61.4977502645642,20.7987865164029,5.900308,0,0,0,200,4886,74.8482,999.840454101562,,,,,,,,,,,,,0,,,,4.6183531,,,,,,79.83177185,,,,
,50388792.66,79.4465332,999.840454101562,3.20711626508819E-5,1.14821660548436E-7,1,4.99626677034896,40.0298881530762,2.00007298520261,14.4400000572205,0.000366203511541213,6.90452205956083E-5,0.25,4.02205375232668E-7,3.22268946042842E-5,5.7127513039672E-7,79.2397461,79.6533203,999.840454101562,999.840454101562,61.4453811537757,20.7956396898274,5.527248,0,0,0,200,4886,74.45855,999.840454101562,,,,,,,,,,,,,0,,,,4.6183531,,,,,,79.4465332,,,,
,50388797.635,79.06175615,999.840454101562,3.19433530701939E-5,1.23890339881262E-7,1,4.99626677034896,40.0298881530762,1.99988102671431,14.4300004467368,0.000364800150730081,6.81829156420367E-5,0.25,3.4873561086161E-7,3.20976527257396E-5,5.18169021260085E-7,78.8837662,79.2397461,999.840454101562,999.840454101562,61.6728350528719,20.7998107263465,5.900308,0,0,0,200,4886,74.10045,999.840454101562,,,,,,,,,,,,,0,,,,4.6183531,,,,,,79.06175615,,,,
,50388802.635,78.6721611,999.840454101562,3.21317376575071E-5,1.14829393676993E-7,1,4.99626677034896,40.0298881530762,2.00023767549054,14.4400000572205,0.000366657629922528,7.05510447311599E-5,0.25,5.20467149892817E-7,3.22849423011416E-5,6.93023875618422E-7,78.460556,78.8837662,999.840454101562,999.840454101562,61.5024400356796,20.7952214990219,5.527248,0,0,0,200,4886,73.74465,999.840454101562,,,,,,,,,,,,,0,,,,4.5724461,,,,,,78.6721611,,,,
,50388807.62,78.27366255,999.840454101562,3.21973446112858E-5,1.38202674479197E-7,1,4.99626677034896,40.0298881530762,2.00000409301568,14.4400000572205,0.000368012466436792,6.69310528995341E-5,0.25,1.92164453956675E-7,3.23515079885109E-5,3.647617043144E-7,78.0867691,78.460556,999.840454101562,999.840454101562,61.5438663471988,20.7968202902768,5.900308,0,0,0,200,4886,73.397,999.840454101562,,,,,,,,,,,,,0,,,,4.5724461,,,,,,78.27366255,,,,
,50388812.595,77.9101982,999.840454101562,3.2273293982813E-5,1.20715472180728E-7,1,4.99626677034896,40.0298881530762,2.00000032699124,14.4400000572205,0.000368065588020963,7.16414167988435E-5,0.25,5.89377555147784E-7,3.24244749996062E-5,7.65637773051239E-7,77.7336273,78.0867691,999.840454101562,999.840454101562,62.0292576576412,20.797113331423,5.900308,0,0,0,200,4886,73.03305,999.840454101562,,,,,,,,,,,,,0,,,,4.5952849,,,,,,77.9101982,,,,
,50388817.57,77.52898405,999.840454101562,3.23606270272006E-5,1.28094350600278E-7,1,4.99626677034896,40.0298881530762,2.00014267893502,14.4400000572205,0.000368939533731612,7.25901105351407E-5,0.25,6.55347060554077E-7,3.25105632234178E-5,8.33788233171271E-7,77.3243408,77.7336273,999.840454101562,999.840454101562,61.6259373417181,20.7975973750397,5.900308,0,0,0,200,4886,72.6574,999.840454101562,,,,,,,,,,,,,0,,,,4.5952849,,,,,,77.52898405,,,,
,50388822.585,77.1124916,999.840454101562,3.23458336038916E-5,1.27203850401975E-7,1,4.99626677034896,40.0298881530762,2.00018330993634,14.4300004467368,0.000368853125968678,7.20412683261825E-5,0.25,6.08658887611587E-7,3.24946002416733E-5,7.8823137587393E-7,76.9006424,77.3243408,999.840454101562,999.840454101562,61.7189511355065,20.7970840835148,5.900308,0,0,0,200,4886,72.27445,999.840454101562,,,,,,,,,,,,,0,,,,4.5952849,,,,,,77.1124916,,,,
,50388827.585,76.711174,999.840454101562,3.25611790122394E-5,1.20198144056241E-7,1,4.99626677034896,40.0298881530762,2.00005567024767,14.4300004467368,0.000371518690295952,7.11069413920262E-5,0.25,4.88353087637512E-7,3.27102955212979E-5,6.69918124720737E-7,76.5217056,76.9006424,999.840454101562,999.840454101562,61.5821661446411,20.7980655387571,5.900308,0,0,0,200,4886,71.91085,999.840454101562,,,,,,,,,,,,,0,,,,4.5724461,,,,,,76.711174,,,,
,50388832.56,76.3364372,999.840454101562,3.26551044100033E-5,1.15440522134643E-7,1,4.99626677034896,40.0298881530762,2.00013489778345,14.4400000572205,0.000372549008753145,7.15390180934553E-5,0.25,5.08217644489289E-7,3.28031816646042E-5,6.917771423786E-7,76.1511688,76.5217056,999.840454101562,999.840454101562,61.6126496568911,20.7988089551711,5.900308,0,0,0,200,4886,71.549,999.840454101562,,,,,,,,,,,,,0,,,,4.5496073,,,,,,76.3364372,,,,
,50388837.575,75.9414787,999.840454101562,3.24822838806043E-5,1.24285922114324E-7,1,4.99626677034896,40.0298881530762,2.00015666216973,14.4300004467368,0.000370642110099555,7.07203226931141E-5,0.25,4.65819239698099E-7,3.26283710938622E-5,6.49646076881126E-7,75.7317886,76.1511688,999.840454101562,999.840454101562,61.5321419194104,20.797142050854,5.527248,0,0,0,200,4886,71.1775,999.840454101562,,,,,,,,,,,,,0,,,,4.5724461,,,,,,75.9414787,,,,
,50388842.57,75.5593147,999.840454101562,3.28112645847275E-5,1.23207284045134E-7,1,4.99626677034896,40.0298881530762,2.0002489606211,14.4400000572205,0.000374017204796025,7.35925767940222E-5,0.25,6.57611313392402E-7,3.29563839083869E-5,8.45512127962541E-7,75.3868408,75.7317886,999.840454101562,999.840454101562,61.5430847186796,20.7942933373617,5.900308,0,0,0,200,4886,70.82635,999.840454101562,,,,,,,,,,,,,0,,,,4.5724461,,,,,,75.5593147,,,,
,50388847.55,75.1798668,999.840454101562,3.27484738519378E-5,1.30152064138774E-7,1,4.99626677034896,40.0298881530762,2.00010328054774,14.4300004467368,0.000373364994741369,7.28395586417159E-5,0.25,6.02128963883628E-7,3.28921289601748E-5,7.90832593462105E-7,74.9728928,75.3868408,999.840454101562,999.840454101562,61.7275490492181,20.7979054975389,5.527248,0,0,0,200,4886,70.46275,999.840454101562,,,,,,,,,,,,,0,,,,4.52699545,,,,,,75.1798668,,,,
,50388852.565,74.78676225,999.840454101562,3.28728263029861E-5,1.21751863227858E-7,1,4.99626677034896,40.0298881530762,1.99992895354783,14.4300004467368,0.000374695431905878,7.33282902210415E-5,0.25,6.22346911847616E-7,3.30154033272703E-5,8.13258832141887E-7,74.6006317,74.9728928,999.840454101562,999.840454101562,61.4422546396988,20.7998572485464,5.900308,0,0,0,200,4886,70.1008,999.840454101562,,,,,,,,,,,,,0,,,,4.54983425,,,,,,74.78676225,,,,
,50388857.585,74.381443,999.840454101562,3.28909275855569E-5,1.30093028829582E-7,1,4.99626677034896,40.0298881530762,2.00004738664523,14.4300004467368,0.00037488076095336,7.35044831730625E-5,0.25,6.33014839519886E-7,3.30319013405029E-5,8.2554604631417E-7,74.1622543,74.6006317,999.840454101562,999.840454101562,61.9323357212566,20.7990853782205,5.900308,0,0,0,200,4886,69.72535,999.840454101562,,,,,,,,,,,,,0,,,,4.5724461,,,,,,74.381443,,,,
,50388862.59,73.9912376,999.840454101562,3.30066320022418E-5,1.3102283983864E-7,1,4.99626677034896,40.0298881530762,2.00014233322242,14.4400000572205,0.000376312184030849,7.3106572055187E-5,0.25,5.76308669835193E-7,3.31466791711913E-5,7.70803386221347E-7,73.8202209,74.1622543,999.840454101562,999.840454101562,61.2171456261603,20.7987061338612,5.900308,0,0,0,200,4886,69.3332,999.840454101562,,,,,,,,,,,,,0,,,,4.52699545,,,,,,73.9912376,,,,
,50388867.57,73.59651945,999.840454101562,3.30715528924786E-5,1.36261230798864E-7,1,4.99626677034896,40.0298881530762,2.00003928013556,14.4400000572205,0.000376906545446036,7.3852029577433E-5,0.25,6.29159898419175E-7,3.32098068167244E-5,8.25776161315186E-7,73.372818,73.8202209,999.840454101562,999.840454101562,61.7283306777373,20.7983297268139,5.527248,0,0,0,200,4886,68.9498,999.840454101562,,,,,,,,,,,,,0,,,,4.52699545,,,,,,73.59651945,,,,
,50388872.55,73.19306185,999.840454101562,3.32010638746656E-5,1.39593938844187E-7,1,4.99626677034896,40.0298881530762,2.00013385119011,14.4300004467368,0.00037806844116119,7.59079418913677E-5,0.25,7.84670536136333E-7,3.33372216034633E-5,9.84166852547644E-7,73.0133057,73.372818,999.840454101562,999.840454101562,61.8408851845065,20.7961044247209,5.900308,0,0,0,200,4886,68.5819,999.840454101562,,,,,,,,,,,,,0,,,,4.5496073,,,,,,73.19306185,,,,
,50388877.535,72.8168335,999.840454101562,3.31417995085726E-5,1.27815723792958E-7,1,4.99626677034896,40.0298881530762,2.00017708928333,14.4400000572205,0.000377942694099367,7.25883781435708E-5,0.25,5.03553441450651E-7,3.32776284576024E-5,7.02940845508213E-7,72.6203613,73.0133057,999.840454101562,999.840454101562,61.7291123062565,20.7973362285737,5.900308,0,0,0,200,4886,68.2222,999.840454101562,,,,,,,,,,,,,0,,,,4.5046084,,,,,,72.8168335,,,,
,50388882.535,72.4097061,999.840454101562,3.33531807725486E-5,1.33391884904694E-7,1,4.99626677034896,40.0298881530762,1.99999802540723,14.4400000572205,0.000379972032220714,7.48949696161257E-5,0.25,6.67350556000835E-7,3.34869897850346E-5,8.70221528597538E-7,72.1990509,72.6203613,999.840454101562,999.840454101562,61.750997904795,20.7986325089072,5.900308,0,0,0,200,4886,67.83625,999.840454101562,,,,,,,,,,,,,0,,,,4.48199655,,,,,,72.4097061,,,,
,50388887.55,72.0211067,999.840454101562,3.33963514896381E-5,1.32519212997539E-7,1,4.99626677034896,40.0298881530762,2.00006493551906,14.4300004467368,0.000380665433425625,7.37904003600192E-5,0.25,5.61724802515085E-7,3.35290120432028E-5,7.65945869461559E-7,71.8431625,72.1990509,999.840454101562,999.840454101562,61.6947206514104,20.7990624614817,5.527248,0,0,0,200,4886,67.45505,999.840454101562,,,,,,,,,,,,,0,,,,4.5043836,,,,,,72.0211067,,,,
,50388892.54,71.6249275,999.840454101562,3.34273173580477E-5,1.4570585050864E-7,1,4.99626677034896,40.0298881530762,2.00001458174217,14.4400000572205,0.000381058076199948,7.34478670220453E-5,0.25,5.25271107090195E-7,3.35583235257246E-5,7.31057189960378E-7,71.4066925,71.8431625,999.840454101562,999.840454101562,61.7384918484873,20.7976979837346,5.900308,0,0,0,200,4886,67.0747,999.840454101562,,,,,,,,,,,,,0,,,,4.48199655,,,,,,71.6249275,,,,
,50388897.525,71.2209778,999.840454101562,3.3399192127563E-5,1.33640963202934E-7,1,4.99626677034896,40.0298881530762,2.00021258752283,14.4400000572205,0.000380743196606585,7.34331140988607E-5,0.25,5.27202538326272E-7,3.35280986178673E-5,7.34301005623879E-7,71.0352631,71.4066925,999.840454101562,999.840454101562,62.0269127720835,20.7963107954926,5.527248,0,0,0,200,4886,66.706,999.840454101562,,,,,,,,,,,,,0,,,,4.4596095,,,,,,71.2209778,,,,
,50388902.5,70.81933975,999.840454101562,3.35372590622032E-5,1.19758077551977E-7,1,4.99626677034896,40.0298881530762,2.00018063380457,14.4400000572205,0.000382142220989953,7.45583556935547E-5,0.25,6.0023288471687E-7,3.36642250121686E-5,8.09944215416566E-7,70.6034164,71.0352631,999.840454101562,999.840454101562,62.0527065132181,20.799324978798,5.900308,0,0,0,200,4886,66.3368,999.840454101562,,,,,,,,,,,,,0,,,,4.4596095,,,,,,70.81933975,,,,
,50388907.535,70.4240379,999.840454101562,3.36459457537762E-5,1.17677301421412E-7,1,4.99626677034896,40.0298881530762,2.00013042782659,14.4300004467368,0.00038351064827608,7.38654120493548E-5,0.25,5.19407696926737E-7,3.3771647936555E-5,7.31016896277964E-7,70.2446594,70.6034164,999.840454101562,999.840454101562,61.8205628430065,20.799856670122,5.527248,0,0,0,200,4886,65.9528,999.840454101562,,,,,,,,,,,,,0,,,,4.4596095,,,,,,70.4240379,,,,
,50388912.555,70.0243263,999.840454101562,3.38222902918397E-5,1.41111748724584E-7,1,4.99626677034896,40.0298881530762,2.00032629027593,14.4400000572205,0.000385329130357399,7.53982702794237E-5,0.25,6.20606249548814E-7,3.39457826459225E-5,8.35238820095966E-7,69.8039932,70.2446594,999.840454101562,999.840454101562,61.412552755968,20.7945187185139,5.900308,0,0,0,200,4886,65.56865,999.840454101562,,,,,,,,,,,,,0,,,,4.4374449,,,,,,70.0243263,,,,
,50388917.575,69.58899305,999.840454101562,3.37186608386151E-5,1.20145252723678E-7,1,4.99626677034896,40.0298881530762,2.00015631070409,14.4300004467368,0.000384327478972194,7.38196632816654E-5,0.25,5.00171537014734E-7,3.38402125279845E-5,7.15250356691303E-7,69.3739929,69.8039932,999.840454101562,999.840454101562,61.8471382126604,20.7970289840943,5.900308,0,0,0,200,4886,65.18015,999.840454101562,,,,,,,,,,,,,0,,,,4.4374449,,,,,,69.58899305,,,,
,50388922.565,69.16485975,999.840454101562,3.39743508542047E-5,1.23287657412767E-7,1,4.99626677034896,40.0298881530762,1.99999933517865,14.4400000572205,0.00038714098943332,7.4635923193474E-5,0.25,5.25835301326294E-7,3.40944962668461E-5,7.44062104836832E-7,68.9557266,69.3739929,999.840454101562,999.840454101562,61.4743014089873,20.8008759241596,5.527248,0,0,0,200,4886,64.8207,999.840454101562,,,,,,,,,,,,,0,,,,4.41550065,,,,,,69.16485975,,,,
,50388927.51,68.7654457,999.840454101562,3.38584676031676E-5,1.30369171320444E-7,1,4.99626677034896,40.0298881530762,2.00008710292497,14.4300004467368,0.000385705707725074,7.497676185881E-5,0.25,5.74844955929328E-7,3.3975639388927E-5,7.93927499316478E-7,68.5751648,68.9557266,999.840454101562,999.840454101562,62.0956960817758,20.7998879315094,5.527248,0,0,0,200,4886,64.4621,999.840454101562,,,,,,,,,,,,,0,,,,4.3713918,,,,,,68.7654457,,,,
,50388932.495,68.38608935,999.840454101562,3.38619625912236E-5,1.45245724514613E-7,1,4.99626677034896,40.0298881530762,1.99994369408764,14.4300004467368,0.000385701154732107,7.49154479703023E-5,0.25,5.68217582391351E-7,3.39766815186642E-5,7.88819523631732E-7,68.1970139,68.5751648,999.840454101562,999.840454101562,62.1957445322374,20.801353607641,5.900308,0,0,0,200,4886,64.07395,999.840454101562,,,,,,,,,,,,,0,,,,4.3713918,,,,,,68.38608935,,,,
,50388937.495,67.98009875,999.840454101562,3.40118307592497E-5,1.28586076222557E-7,1,4.99626677034896,40.0298881530762,2.0001174148023,14.4300004467368,0.000387515351557453,7.46588485432249E-5,0.25,5.17625018907833E-7,3.41248314972551E-5,7.40540736982354E-7,67.7631836,68.1970139,999.840454101562,999.840454101562,61.679869709545,20.7975288822667,5.900308,0,0,0,200,4886,63.68455,999.840454101562,,,,,,,,,,,,,0,,,,4.3496659,,,,,,67.98009875,,,,
,50388942.525,67.54237365,999.840454101562,3.40886456694023E-5,1.34762080987661E-7,1,4.99626677034896,40.0298881530762,2.00006908232814,14.4400000572205,0.000388069912605185,7.64145178753986E-5,0.25,6.56816871223977E-7,3.41983879392225E-5,8.82206323388153E-7,67.3215637,67.7631836,999.840454101562,999.840454101562,61.6478229402565,20.8026832072899,5.900308,0,0,0,200,4886,63.296,999.840454101562,,,,,,,,,,,,,0,,,,4.32794,,,,,,67.54237365,,,,
,50388947.5,67.1272812,999.840454101562,3.43410249041914E-5,1.31691891663306E-7,1,4.99626677034896,40.0298881530762,2.0001437506769,14.4300004467368,0.000390922435297262,7.69989342406002E-5,0.25,6.62045645834521E-7,3.44488694893853E-5,8.90597315793139E-7,66.9329987,67.3215637,999.840454101562,999.840454101562,62.0316025431989,20.7980532821072,5.527248,0,0,0,200,4886,62.9073,999.840454101562,,,,,,,,,,,,,0,,,,4.30642985,,,,,,67.1272812,,,,
,50388952.475,66.72778705,999.840454101562,3.41743231858646E-5,1.33954177782466E-7,1,4.99626677034896,40.0298881530762,2.00031099500283,14.4400000572205,0.000389205866885587,7.56008992471154E-5,0.25,5.67632458254273E-7,3.42794863099475E-5,7.96250795476729E-7,66.5225754,66.9329987,999.840454101562,999.840454101562,61.872931953795,20.8000488726018,5.527248,0,0,0,200,4886,62.5184,999.840454101562,,,,,,,,,,,,,0,,,,4.2849197,,,,,,66.72778705,,,,
,50388957.515,66.3030548,999.840454101562,3.42344635978263E-5,1.28152418912153E-7,1,4.99626677034896,40.0298881530762,2.00017755990053,14.4400000572205,0.000389797180624011,7.59317657231311E-5,0.25,5.85396049775079E-7,3.43368834243167E-5,8.15928304622365E-7,66.0835342,66.5225754,999.840454101562,999.840454101562,61.8651156686027,20.800516383359,5.527248,0,0,0,200,4886,62.1287,999.840454101562,,,,,,,,,,,,,0,,,,4.2849197,,,,,,66.3030548,,,,
,50388962.565,65.89090345,999.840454101562,3.42968721613644E-5,1.21215065110806E-7,1,4.99626677034896,40.0298881530762,2.00027209932013,14.4400000572205,0.000390530610382325,7.58530196290028E-5,0.25,5.66202202230466E-7,3.43967252189448E-5,7.98532196555225E-7,65.6982727,66.0835342,999.840454101562,999.840454101562,61.5555907749873,20.7991352082409,5.527248,0,0,0,200,4886,61.73885,999.840454101562,,,,,,,,,,,,,0,,,,4.2636232,,,,,,65.89090345,,,,
,50388967.525,65.47414015,999.840454101562,3.43595077518181E-5,1.19446773061669E-7,1,4.99626677034896,40.0298881530762,2.00014254530264,14.4300004467368,0.000391101885268932,7.64720434114556E-5,0.25,6.08874741600932E-7,3.44565414436162E-5,8.43068715953722E-7,65.2500076,65.6982727,999.840454101562,999.840454101562,61.6587657395258,20.7993376052105,5.900308,0,0,0,200,4886,61.37725,999.840454101562,,,,,,,,,,,,,0,,,,4.2423267,,,,,,65.47414015,,,,
,50388972.46,65.0419998,999.840454101562,3.46048611109454E-5,1.25078135096527E-7,1,4.99626677034896,40.0298881530762,2.00023323421873,14.4400000572205,0.000393934025008562,7.67008819088311E-5,0.25,5.84282870717234E-7,3.46998411849458E-5,8.21433876336964E-7,64.833992,65.2500076,999.840454101562,999.840454101562,61.5532458894296,20.799368139482,5.527248,0,0,0,200,4886,60.9968,999.840454101562,,,,,,,,,,,,,0,,,,4.2636232,,,,,,65.0419998,,,,
,50388977.475,64.660244,999.840454101562,3.46841903032226E-5,1.38276461034375E-7,1,4.99626677034896,40.0298881530762,2.00031726338844,14.4300004467368,0.000394882877395226,7.64958355507092E-5,0.25,5.51113376331054E-7,3.47763718516213E-5,7.90147398571624E-7,64.486496,64.833992,999.840454101562,999.840454101562,61.6095231428142,20.7979060012005,5.900308,0,0,0,200,4886,60.59065,999.840454101562,,,,,,,,,,,,,0,,,,4.24253865,,,,,,64.660244,,,,
,50388982.515,64.25410845,999.840454101562,3.47493416233247E-5,1.34331717998074E-7,1,4.99626677034896,40.0298881530762,2.00030601246121,14.4300004467368,0.000395399963896833,7.76744266316999E-5,0.25,6.41990746856005E-7,3.48377498987353E-5,8.83128578450578E-7,64.0217209,64.486496,999.840454101562,999.840454101562,61.5759131164873,20.798201902896,5.900308,0,0,0,200,4886,60.18245,999.840454101562,,,,,,,,,,,,,0,,,,4.2001576,,,,,,64.25410845,,,,
,50389001.3,62.6492271,999.840454101562,,,2,,,,14.5459997472763,,,,,,,62.6492271,62.6492271,999.840454101562,999.840454101562,,,5.900308,,,,-99999999,4886,58.6656,999.840454101562,,,,,,,,,,,,,,,,,,,,,,,62.6492271,,,,
touchdown = 9.13999974727631 mm,50389028.99,60.2213326,999.840454101562,3.55987633390078E-5,1.50984472761607E-7,1,4.99626677034896,40.0298881530762,1.98863076083817,14.5300002768636,0.000402529017785835,7.84923337667741E-5,0.25,5.9606714484565E-7,3.56557520492715E-5,8.54135457689293E-7,60.2213326,60.2213326,999.840454101562,999.840454101562,61.923737807545,20.8010253713766,5.900308,0,0,0,200,4886,56.45,999.840454101562,,,,,,,,,,,,,0,,,,4.0966103,,,,,,60.2213326,,,,
,50389029.585,60.17971995,999.840454101562,3.56531694538548E-5,1.451335782923E-7,1,4.99626677034896,40.0298881530762,1.98870768749362,14.5300002768636,0.000403175650267758,7.85039174275737E-5,0.25,5.87144435945226E-7,3.57100421025708E-5,8.45659213078383E-7,60.1381073,60.2213326,999.840454101562,999.840454101562,61.6243740846796,20.796849374223,5.527248,0,0,0,200,4886,56.4215,999.840454101562,,,,,,,,,,,,,0,,,,4.0966103,,,,,,60.17971995,,,,
,50389032.525,59.92830275,999.840454101562,3.5670519701315E-5,1.40260883920292E-7,1,4.99626677034896,40.0298881530762,1.98894170973734,14.5300002768636,0.000403554254666764,7.76346068949785E-5,0.25,5.0648361469731E-7,3.57258043080418E-5,7.65521482912902E-7,59.7184982,60.1381073,999.840454101562,999.840454101562,61.6837778521411,20.7984472594638,5.900308,0,0,0,200,4886,56.1976,999.840454101562,,,,,,,,,,,,,0,,,,4.0966103,,,,,,59.92830275,,,,
,50389037.4,59.4841251,999.840454101562,3.57934646012134E-5,1.32693193404161E-7,1,4.99626677034896,40.0298881530762,1.9886996179209,14.5300002768636,0.000404636771793556,7.90894065080537E-5,0.25,6.13482922898861E-7,3.58439881205326E-5,8.74531026282396E-7,59.249752,59.7184982,999.840454101562,999.840454101562,61.5532458894296,20.8003286967554,5.527248,0,0,0,200,4886,55.7788,999.840454101562,,,,,,,,,,,,,0,,,,4.076148,,,,,,59.4841251,,,,
,50389042.39,59.0066509,999.840454101562,3.59020920515793E-5,1.42370215744063E-7,1,4.99626677034896,40.0298881530762,1.98875648531309,14.5300002768636,0.00040616351172317,7.74296330066115E-5,0.25,4.4743878916678E-7,3.59496710331176E-5,7.09935367551785E-7,58.7635498,59.249752,999.840454101562,999.840454101562,61.8096200437373,20.7979392355913,5.527248,0,0,0,200,4886,55.35245,999.840454101562,,,,,,,,,,,,,0,,,,4.076148,,,,,,59.0066509,,,,
,50389047.39,58.5741043,999.840454101562,3.60294190566605E-5,1.26892874632199E-7,1,4.99626677034896,40.0298881530762,1.98894764111368,14.5300002768636,0.000407193703693851,7.99319605964824E-5,0.25,6.44791016451069E-7,3.60712036346512E-5,9.09335949668703E-7,58.3846588,58.7635498,999.840454101562,999.840454101562,61.7932058448335,20.7958311697951,5.900308,0,0,0,200,4886,54.9151,999.840454101562,,,,,,,,,,,,,0,,,,4.05588935,,,,,,58.5741043,,,,
,50389052.4,58.13653375,999.840454101562,3.63992387672396E-5,1.51424792578299E-7,1,4.99626677034896,40.0298881530762,1.98907421838291,14.5300002768636,0.000411235305280081,8.13736004173704E-5,0.25,7.05789576445244E-7,3.64364786243866E-5,9.73872716026787E-7,57.8884087,58.3846588,999.840454101562,999.840454101562,61.8369770419104,20.7919101920239,5.527248,0,0,0,200,4886,54.4831,999.840454101562,,,,,,,,,,,,,0,,,,4.05588935,,,,,,58.13653375,,,,
,50389057.41,57.6880894,999.840454101562,3.63718897334268E-5,1.58373982267532E-7,1,4.99626677034896,40.0298881530762,1.98877793943713,14.5300002768636,0.000411143259414313,7.94641140392586E-5,0.25,5.4330402251605E-7,3.64058936894174E-5,8.11659647081516E-7,57.4877701,57.8884087,999.840454101562,999.840454101562,61.7181695069873,20.7991409150869,5.900308,0,0,0,200,4886,54.07035,999.840454101562,,,,,,,,,,,,,0,,,,4.03583205,,,,,,57.6880894,,,,
,50389062.395,57.2425213,999.840454101562,3.64912149752991E-5,1.31447824462347E-7,1,4.99626677034896,40.0298881530762,1.98871748193347,14.5300002768636,0.000412613488262719,7.86894282538412E-5,0.25,4.54087131663398E-7,3.65216841439369E-5,7.23811286745717E-7,56.9972725,57.4877701,999.840454101562,999.840454101562,61.3046880203142,20.8000780800929,5.527248,0,0,0,200,4886,53.66975,999.840454101562,,,,,,,,,,,,,0,,,,3.9955161,,,,,,57.2425213,,,,
,50389067.385,56.7505226,999.840454101562,3.66562585742771E-5,1.58600082850648E-7,1,4.99626677034896,40.0298881530762,1.98891444419794,14.5399998873472,0.000414263713990117,8.01739043918049E-5,0.25,5.5533323017884E-7,3.66813604402578E-5,8.2691128939315E-7,56.5037727,56.9972725,999.840454101562,999.840454101562,61.9995557739104,20.8006540069106,5.900308,0,0,0,200,4886,53.23265,999.840454101562,,,,,,,,,,,,,0,,,,4.0155734,,,,,,56.7505226,,,,
,50389072.385,56.3010559,999.840454101562,3.70438945571879E-5,1.41062671349492E-7,1,4.99626677034896,40.0298881530762,1.98866977584036,14.5300002768636,0.000418370662884635,8.19345446716655E-5,0.25,6.43022852090882E-7,3.70634553483575E-5,9.18007351139837E-7,56.0983391,56.5037727,999.840454101562,999.840454101562,61.8768400963912,20.801895290098,5.900308,0,0,0,200,4886,52.7687,999.840454101562,,,,,,,,,,,,,0,,,,3.9957154,,,,,,56.3010559,,,,
,50389077.385,55.8488903,999.840454101562,3.72273514014326E-5,1.5803401480078E-7,1,4.99626677034896,40.0298881530762,1.98865963091333,14.5300002768636,0.000420794300534675,8.00464012184719E-5,0.25,4.44193320514265E-7,3.72438601399556E-5,7.2076292525808E-7,55.5994415,56.0983391,999.840454101562,999.840454101562,61.730675563295,20.8031471340587,5.900308,0,0,0,200,4886,52.3569,999.840454101562,,,,,,,,,,,,,0,,,,3.9558001,,,,,,55.8488903,,,,
,50389082.385,55.38007165,999.840454101562,3.74955947710599E-5,1.59433033633311E-7,1,4.99626677034896,40.0298881530762,1.98886373337335,14.5300002768636,0.000423583285881854,8.19279988734798E-5,0.25,5.62407965047865E-7,3.75067589105918E-5,8.41286607847652E-7,55.1607018,55.5994415,999.840454101562,999.840454101562,61.7806997885258,20.7975720751465,5.527248,0,0,0,200,4886,51.9528,999.840454101562,,,,,,,,,,,,,0,,,,3.9558001,,,,,,55.38007165,,,,
,50389087.395,54.91180995,999.840454101562,3.77836047482843E-5,1.60654748285577E-7,1,4.99626677034896,40.0298881530762,1.98867866799439,14.5300002768636,0.000426526310195909,8.37475472050824E-5,0.25,6.73164589881431E-7,3.77889525323087E-5,9.54398290001527E-7,54.6629181,55.1607018,999.840454101562,999.840454101562,61.8580810119296,20.8028597606664,5.527248,0,0,0,200,4886,51.51245,999.840454101562,,,,,,,,,,,,,0,,,,3.9558001,,,,,,54.91180995,,,,
,50389092.385,54.4182205,999.840454101562,3.80072751386573E-5,1.53318888759449E-7,1,4.99626677034896,40.0298881530762,1.98862260775603,14.5300002768636,0.000429086232369315,8.36448438841225E-5,0.25,6.25294429534419E-7,3.80079401232266E-5,9.08254386893626E-7,54.1735229,54.6629181,999.840454101562,999.840454101562,61.5727866024104,20.801509576268,5.900308,0,0,0,200,4886,51.0764,999.840454101562,,,,,,,,,,,,,0,,,,3.9361396,,,,,,54.4182205,,,,
,50389097.415,53.93094825,999.840454101562,3.83261363358633E-5,1.49122288725633E-7,1,4.99626677034896,40.0298881530762,1.9886701638933,14.5300002768636,0.000432697994603624,8.39858350233552E-5,0.25,5.99446178755113E-7,3.83216926004945E-5,8.84751565506441E-7,53.6883736,54.1735229,999.840454101562,999.840454101562,61.5954538294681,20.8042553109104,5.900308,0,0,0,200,4886,50.62575,999.840454101562,,,,,,,,,,,,,0,,,,3.9164791,,,,,,53.93094825,,,,
,50389102.4,53.48160935,999.840454101562,3.84441449953501E-5,1.60523170522468E-7,1,4.99626677034896,40.0298881530762,1.98870826354425,14.5300002768636,0.000434106966463587,8.35134484060832E-5,0.25,5.37611075115014E-7,3.84348892153073E-5,8.23673304604735E-7,53.2748451,53.6883736,999.840454101562,999.840454101562,61.7150429929104,20.8002010111424,5.900308,0,0,0,200,4886,50.1849,999.840454101562,,,,,,,,,,,,,0,,,,3.8970139,,,,,,53.48160935,,,,
,50389107.345,53.01473425,999.840454101562,3.87908821997223E-5,1.57985635414232E-7,1,4.99626677034896,40.0298881530762,1.98859942008145,14.5300002768636,0.00043738184124366,8.73875944711977E-5,0.25,8.19723552732709E-7,3.87742116542301E-5,1.10806372718682E-6,52.7546234,53.2748451,999.840454101562,999.840454101562,61.9112317512373,20.8045961945088,5.527248,0,0,0,200,4886,49.7481,999.840454101562,,,,,,,,,,,,,0,,,,3.8775487,,,,,,53.01473425,,,,
,50389112.35,52.49222185,999.840454101562,3.91362428196908E-5,1.48918913439899E-7,1,4.99626677034896,40.0298881530762,1.98856324329472,14.5300002768636,0.00044177264778441,8.49650266563434E-5,0.25,5.45659661463738E-7,3.91159734292587E-5,8.36292092780131E-7,52.2298203,52.7546234,999.840454101562,999.840454101562,61.5993619720642,20.8050730770885,5.527248,0,0,0,200,4886,49.29145,999.840454101562,,,,,,,,,,,,,0,,,,3.8775487,,,,,,52.49222185,,,,
,50389117.36,51.9864979,999.840454101562,3.94853752486443E-5,1.48232565932689E-7,1,4.99626677034896,40.0298881530762,1.98869857853306,14.5300002768636,0.000445598452856905,8.61538238897579E-5,0.25,5.89607306222822E-7,3.94587744896434E-5,8.82314742672346E-7,51.7431755,52.2298203,999.840454101562,999.840454101562,61.8604258974873,20.8031414907035,5.900308,0,0,0,200,4886,48.8142,999.840454101562,,,,,,,,,,,,,0,,,,3.8775487,,,,,,51.9864979,,,,
,50389122.4,51.50154115,999.840454101562,3.96549369876802E-5,1.617606427405E-7,1,4.99626677034896,40.0298881530762,1.98858626823044,14.5300002768636,0.000447235695854258,8.75399046183208E-5,0.25,6.84051113941266E-7,3.96214994654615E-5,9.77300379268117E-7,51.2599068,51.7431755,999.840454101562,999.840454101562,61.7150429929104,20.8064321851739,5.527248,0,0,0,200,4886,48.32455,999.840454101562,,,,,,,,,,,,,0,,,,3.8775487,,,,,,51.50154115,,,,
,50389127.38,50.99484255,999.840454101562,4.00311999284969E-5,1.42300896969962E-7,1,4.99626677034896,40.0298881530762,1.98856292830336,14.5300002768636,0.000451496610660911,8.78746069586412E-5,0.25,6.4848673018064E-7,3.99921418308138E-5,9.43813560606229E-7,50.7297783,51.2599068,999.840454101562,999.840454101562,62.0433269709873,20.8033955319669,5.900308,0,0,0,200,4886,47.87005,999.840454101562,,,,,,,,,,,,,0,,,,3.8775487,,,,,,50.99484255,,,,
,50389132.36,50.51238635,999.840454101562,4.03790818611127E-5,1.57191143635327E-7,1,4.99626677034896,40.0298881530762,1.98864419783882,14.5300002768636,0.000455459458750164,8.81478134622699E-5,0.25,6.1228443154165E-7,4.03343167861053E-5,9.09358658084413E-7,50.2949944,50.7297783,999.840454101562,999.840454101562,61.7549060473911,20.8020154321371,5.527248,0,0,0,200,4886,47.41355,999.840454101562,,,,,,,,,,,,,0,,,,3.8582771,,,,,,50.51238635,,,,
,50389137.36,50.04288295,999.840454101562,4.06695045521104E-5,1.58783954186044E-7,1,4.99626677034896,40.0298881530762,1.98859930306094,14.5300002768636,0.000458429298303705,9.00594333528939E-5,0.25,7.31849587628688E-7,4.06177046279981E-5,1.02992188688385E-6,49.7907715,50.2949944,999.840454101562,999.840454101562,61.8643340400835,20.8046066611845,5.900308,0,0,0,200,4886,46.9435,999.840454101562,,,,,,,,,,,,,0,,,,3.8390055,,,,,,50.04288295,,,,
,50389142.34,49.50984765,999.840454101562,4.11526337680561E-5,1.53219684928767E-7,1,4.99626677034896,40.0298881530762,1.98862954383028,14.5300002768636,0.000463838721823664,9.09638611957542E-5,0.25,7.28091383372038E-7,4.10940840099622E-5,1.02849118027555E-6,49.2289238,49.7907715,999.840454101562,999.840454101562,62.2246647874489,20.7996370282984,5.900308,0,0,0,200,4886,46.4453,999.840454101562,,,,,,,,,,,,,0,,,,3.8390055,,,,,,49.50984765,,,,
,50389147.325,48.9863453,999.840454101562,4.12160405698488E-5,1.48680279410173E-7,1,4.99626677034896,40.0298881530762,1.98866986557607,14.5300002768636,0.000464650546105021,9.02141025935831E-5,0.25,6.52695430575187E-7,4.11519454940252E-5,9.52344265660176E-7,48.7437668,49.2289238,999.840454101562,999.840454101562,62.2246647874489,20.8020761734049,5.900308,0,0,0,200,4886,45.9604,999.840454101562,,,,,,,,,,,,,0,,,,3.80103495,,,,,,48.9863453,,,,
,50389152.31,48.47579005,999.840454101562,4.14885842247612E-5,1.40184433214767E-7,1,4.99626677034896,40.0298881530762,1.98866570688003,14.5300002768636,0.000467685434941392,9.06222727322537E-5,0.25,6.42833988537146E-7,4.14181713084664E-5,9.43043197844692E-7,48.2078133,48.7437668,999.840454101562,999.840454101562,61.7955507303912,20.8029116178414,5.900308,0,0,0,200,4886,45.47575,999.840454101562,,,,,,,,,,,,,0,,,,3.7630644,,,,,,48.47579005,,,,
,50389157.32,47.96740535,999.840454101562,4.17622440279183E-5,1.39573933940114E-7,1,4.99626677034896,40.0298881530762,1.98868694819106,14.5300002768636,0.000470508704683768,9.23308828121089E-5,0.25,7.4784637791853E-7,4.16847288963149E-5,1.04830723930265E-6,47.7269974,48.2078133,999.840454101562,999.840454101562,61.5735682309296,20.8022014889739,5.900308,0,0,0,200,4886,44.99575,999.840454101562,,,,,,,,,,,,,0,,,,3.7630644,,,,,,47.96740535,,,,
,50389162.32,47.4255371,999.840454101562,4.18996897329463E-5,1.45759272454583E-7,1,4.99626677034896,40.0298881530762,1.9887813191755,14.5300002768636,0.000472073853019528,9.22581943251576E-5,0.25,7.19465003692311E-7,4.18159578285006E-5,1.01918540162287E-6,47.1240768,47.7269974,999.840454101562,999.840454101562,61.8393219274681,20.7999195100509,5.527248,0,0,0,200,4886,44.48805,999.840454101562,,,,,,,,,,,,,0,,,,3.74436165,,,,,,47.4255371,,,,
,50389167.335,46.84506035,999.840454101562,4.20114562198673E-5,1.59592953816941E-7,1,4.99626677034896,40.0298881530762,1.98860676172264,14.5300002768636,0.000473224373015876,9.24618579866871E-5,0.25,7.21433000876657E-7,4.1921068505693E-5,1.01993858541587E-6,46.5660439,47.1240768,999.840454101562,999.840454101562,61.8072751581796,20.8005495455601,5.900308,0,0,0,200,4886,43.95285,999.840454101562,,,,,,,,,,,,,0,,,,3.7256589,,,,,,46.84506035,,,,
,50389172.35,46.27915195,999.840454101562,4.21533193274429E-5,1.63054233571673E-7,1,4.99626677034896,40.0298881530762,1.98869323643046,14.5300002768636,0.000475353079809571,8.95140036861776E-5,0.25,4.37953152487352E-7,4.20588008672189E-5,7.36105588809634E-7,45.99226,46.5660439,999.840454101562,999.840454101562,61.8870012671412,20.8014695038594,5.527248,0,0,0,200,4886,43.458,999.840454101562,,,,,,,,,,,,,0,,,,3.7256589,,,,,,46.27915195,,,,
,50389177.325,45.72896385,999.840454101562,4.21628898514828E-5,1.64931388867446E-7,1,4.99626677034896,40.0298881530762,1.98862844813037,14.5300002768636,0.00047505909596015,9.13337494472918E-5,0.25,6.00619450368222E-7,4.20614637365948E-5,8.96432148742852E-7,45.4656677,45.99226,999.840454101562,999.840454101562,61.7900793307565,20.8018461299397,5.527248,0,0,0,200,4886,42.9659,999.840454101562,,,,,,,,,,,,,0,,,,3.7071421,,,,,,45.72896385,,,,
,50389182.295,45.2082462,999.840454101562,4.21292530364053E-5,1.54189655544886E-7,1,4.99626677034896,40.0298881530762,1.98867264460917,14.5300002768636,0.000474473097916589,9.21134673186338E-5,0.25,6.78579046002276E-7,4.20217145792084E-5,9.71812477539714E-7,44.9508247,45.4656677,999.840454101562,999.840454101562,61.6618922536027,20.8041436508693,5.900308,0,0,0,200,4886,42.4729,999.840454101562,,,,,,,,,,,,,0,,,,3.6702927,,,,,,45.2082462,,,,
,50389187.33,44.6276569,999.840454101562,4.2339755481293E-5,1.54921437503272E-7,1,4.99626677034896,40.0298881530762,1.98872996287936,14.5300002768636,0.000477077819029789,9.09204136412043E-5,0.25,5.38964156522375E-7,4.22264475546627E-5,8.31490006397721E-7,44.3044891,44.9508247,999.840454101562,999.840454101562,61.9636008620258,20.8037807519545,5.900308,0,0,0,200,4886,41.91975,999.840454101562,,,,,,,,,,,,,0,,,,3.6519601,,,,,,44.6276569,,,,
,50389192.33,44.02911185,999.840454101562,4.22859753069944E-5,1.58473235236739E-7,1,4.99626677034896,40.0298881530762,1.98878873970911,14.5300002768636,0.000476284750239892,9.15287027502597E-5,0.25,6.05893909781064E-7,4.21661485589848E-5,8.95187835878768E-7,43.7537346,44.3044891,999.840454101562,999.840454101562,61.8893461526989,20.7986737193052,5.900308,0,0,0,200,4886,41.35495,999.840454101562,,,,,,,,,,,,,0,,,,3.63380955,,,,,,44.02911185,,,,
,50389197.275,43.46637535,999.840454101562,4.23375452269739E-5,1.45184196392951E-7,1,4.99626677034896,40.0298881530762,1.98855973231971,14.5300002768636,0.00047683139831352,9.11715332523617E-5,0.25,5.6941564265365E-7,4.22124318322668E-5,8.56684722335731E-7,43.1790161,43.7537346,999.840454101562,999.840454101562,61.852609612295,20.8024568345004,5.900308,0,0,0,200,4886,40.8498,999.840454101562,,,,,,,,,,,,,0,,,,3.59768905,,,,,,43.46637535,,,,
,50389202.315,42.85251615,999.840454101562,4.23305431695167E-5,1.62315542256215E-7,1,4.99626677034896,40.0298881530762,1.98860924776465,14.5300002768636,0.000476398931025062,9.28597781824498E-5,0.25,7.23585572792107E-7,4.21989943208076E-5,1.00771676854E-6,42.5260162,43.1790161,999.840454101562,999.840454101562,62.1511917066412,20.7994807245541,5.527248,0,0,0,200,4886,40.32835,999.840454101562,,,,,,,,,,,,,0,,,,3.56192755,,,,,,42.85251615,,,,
,50389221.44,40.5498314,999.840454101562,,,2,,,,14.6260003564358,,,,,,,40.5498314,40.5498314,999.840454101562,999.840454101562,,,5.900308,,,,-99999999,4886,38.1179,999.840454101562,,,,,,,,,,,,,,,,,,,,,,,40.5498314,,,,
touchdown = 9.22000035643578 mm,50389249.97,36.6814804,999.840454101562,4.32705612412158E-5,1.88048830053138E-7,1,4.99626677034896,40.0298881530762,2.00035528321378,14.6199995651841,0.000489545478946716,9.3093593447498E-5,0.25,5.71742425806637E-7,4.30870398262329E-5,8.31197821240174E-7,36.6814804,36.6814804,999.840454101562,999.840454101562,61.3945753000257,20.8010517600759,5.527248,0,0,0,200,4886,34.6296,999.840454101562,,,,,,,,,,,,,0,,,,3.3379447,,,,,,36.6814804,,,,
,50389252.36,36.35692595,999.840454101562,4.33273156547395E-5,1.7532006912241E-7,1,4.99626677034896,40.0298881530762,2.00013142938296,14.6199995651841,0.000490032202892913,9.36443471585868E-5,0.25,6.13264337425572E-7,4.31411272161905E-5,8.71180312047251E-7,36.0323715,36.6814804,999.840454101562,999.840454101562,61.7252041636604,20.8035188524932,5.527248,0,0,0,200,4886,34.31815,999.840454101562,,,,,,,,,,,,,0,,,,3.32135495,,,,,,36.35692595,,,,
,50389257.225,35.68387985,999.840454101562,4.35646633486683E-5,1.95215653582795E-7,1,4.99626677034896,40.0298881530762,2.00030559276152,14.6199995651841,0.000492655886761783,9.45073930055689E-5,0.25,6.50269321396498E-7,4.33737619799703E-5,9.06606219107325E-7,35.3353882,36.0323715,999.840454101562,999.840454101562,61.5321419194104,20.8019011062174,5.900308,0,0,0,200,4886,33.79665,999.840454101562,,,,,,,,,,,,,0,,,,3.3047652,,,,,,35.68387985,,,,
,50389262.255,35.09617995,999.840454101562,4.36427437636034E-5,1.83596474719917E-7,1,4.99626677034896,40.0298881530762,2.00025119166638,14.6099999547005,0.000493908961864372,9.23856199521662E-5,0.25,4.51414408136489E-7,4.34509231800776E-5,7.07542042596792E-7,34.8569717,35.3353882,999.840454101562,999.840454101562,62.048798370622,20.8025972064762,5.900308,0,0,0,200,4886,33.51255,999.840454101562,,,,,,,,,,,,,0,,,,3.3047652,,,,,,35.09617995,,,,
,50389267.24,34.63732715,999.840454101562,4.36777231988993E-5,2.45408634523561E-7,1,4.99626677034896,40.0298881530762,2.00017086473474,14.6199995651841,0.000493854175799512,9.48688847322788E-5,0.25,6.65223802136555E-7,4.34839601629793E-5,9.20091904629525E-7,34.4176826,34.8569717,999.840454101562,999.840454101562,61.954221319795,20.8036942272291,5.900308,0,0,0,200,4886,33.41185,999.840454101562,,,,,,,,,,,,,0,,,,3.2883403,,,,,,34.63732715,,,,
,50389272.24,34.2862415,999.840454101562,4.39008005574129E-5,1.42243152658931E-7,1,4.99626677034896,40.0298881530762,2.00009774593375,14.6099999547005,0.00049660043377601,9.39521652328196E-5,0.25,5.45838486687432E-7,4.37063260133668E-5,8.02095084915436E-7,34.1548004,34.4176826,999.840454101562,999.840454101562,61.9862680890835,20.8041521335048,5.527248,0,0,0,200,4886,33.32845,999.840454101562,,,,,,,,,,,,,0,,,,3.2719154,,,,,,34.2862415,,,,
,50389277.25,34.0092106,999.840454101562,4.39872348084182E-5,1.67627322468168E-7,1,4.99626677034896,40.0298881530762,2.00031368347919,14.6099999547005,0.000497722396247147,9.35365553986263E-5,0.25,4.94358903998834E-7,4.37914537193567E-5,7.50294527025562E-7,33.8636208,34.1548004,999.840454101562,999.840454101562,62.0644309410066,20.8040685997725,5.527248,0,0,0,200,4886,33.13145,999.840454101562,,,,,,,,,,,,,0,,,,3.25565385,,,,,,34.0092106,,,,
,50389282.21,33.6778431,999.840454101562,4.40585021586167E-5,1.37458113254392E-7,1,4.99626677034896,40.0298881530762,2.00059837001701,14.6099999547005,0.000498154934020105,9.60348475811206E-5,0.25,7.03601360528767E-7,4.38586468263362E-5,9.56881018039032E-7,33.4920654,33.8636208,999.840454101562,999.840454101562,61.4922788649296,20.7955639817407,5.900308,0,0,0,200,4886,32.72725,999.840454101562,,,,,,,,,,,,,0,,,,3.22329225,,,,,,33.6778431,,,,
,50389287.235,33.22961045,999.840454101562,4.40711884338711E-5,1.25032744095483E-7,1,4.99626677034896,40.0298881530762,2.00046600570881,14.6099999547005,0.000498721661090135,9.32247716255079E-5,0.25,4.5795418300433E-7,4.38689398784761E-5,7.09157708664644E-7,32.9671555,33.4920654,999.840454101562,999.840454101562,61.8666789256412,20.7997082735419,5.900308,0,0,0,200,4886,32.10295,999.840454101562,,,,,,,,,,,,,0,,,,3.22329225,,,,,,33.22961045,,,,
,50389292.23,32.71283725,999.840454101562,4.41247288732526E-5,1.42554937814742E-7,1,4.99626677034896,40.0298881530762,2.0003463382062,14.6199995651841,0.000499032591611748,9.45983622626417E-5,0.25,5.74115322602092E-7,4.39178845691101E-5,8.217901253812E-7,32.458519,32.9671555,999.840454101562,999.840454101562,61.639225026545,20.8010888233789,5.900308,0,0,0,200,4886,31.44895,999.840454101562,,,,,,,,,,,,,0,,,,3.22329225,,,,,,32.71283725,,,,
,50389297.205,32.1623373,999.840454101562,4.44761604508791E-5,1.27771192407281E-7,1,4.99626677034896,40.0298881530762,2.00024283216799,14.6199995651841,0.000503060301862164,9.47161548307556E-5,0.25,5.26153117953724E-7,4.42651568108414E-5,7.73410800270036E-7,31.8661556,32.458519,999.840454101562,999.840454101562,61.5876375442758,20.8029091737385,5.527248,0,0,0,200,4886,30.91595,999.840454101562,,,,,,,,,,,,,0,,,,3.19125225,,,,,,32.1623373,,,,
,50389302.245,31.64327905,999.840454101562,4.45425344385178E-5,1.2225538627269E-7,1,4.99626677034896,40.0298881530762,2.00022043721787,14.6099999547005,0.000503698072563633,9.53372577187815E-5,0.25,5.71599901376426E-7,4.43290205014496E-5,8.17116712729624E-7,31.4204025,31.8661556,999.840454101562,999.840454101562,61.7697569892565,20.8020186836706,5.527248,0,0,0,200,4886,30.5215,999.840454101562,,,,,,,,,,,,,0,,,,3.15953075,,,,,,31.64327905,,,,
,50389307.22,31.19990445,999.840454101562,4.44730581997011E-5,1.11660211152048E-7,1,4.99626677034896,40.0298881530762,2.00031173499057,14.6099999547005,0.000502504025429408,9.75603074803868E-5,0.25,7.80982909586218E-7,4.42575604749478E-5,1.02394079542468E-6,30.9794064,31.4204025,999.840454101562,999.840454101562,61.9323357212566,20.8019219322696,5.900308,0,0,0,200,4886,30.27175,999.840454101562,,,,,,,,,,,,,0,,,,3.1437492,,,,,,31.19990445,,,,
,50389312.21,30.809454,999.840454101562,4.46130960999745E-5,1.17141633183204E-7,1,4.99626677034896,40.0298881530762,2.00038530845141,14.6199995651841,0.000504582906259745,9.50837640186658E-5,0.25,5.3872872764086E-7,4.43972961803923E-5,7.82598860759069E-7,30.6395016,30.9794064,999.840454101562,999.840454101562,61.4954053790065,20.8020271840737,5.900308,0,0,0,200,4886,30.0538,999.840454101562,,,,,,,,,,,,,0,,,,3.1437492,,,,,,30.809454,,,,
,50389317.21,30.4843836,999.840454101562,4.46496506246357E-5,1.10796048824091E-7,1,4.99626677034896,40.0298881530762,2.00029511996882,14.6199995651841,0.000505090223376946,9.44104907510717E-5,0.25,4.74833621879846E-7,4.44326825520088E-5,7.17867811617259E-7,30.3292656,30.6395016,999.840454101562,999.840454101562,61.7189511355065,20.8027748322406,5.900308,0,0,0,200,4886,29.7605,999.840454101562,,,,,,,,,,,,,0,,,,3.1437492,,,,,,30.4843836,,,,
,50389322.18,30.1323967,999.840454101562,4.48270831898326E-5,1.07607548328418E-7,1,4.99626677034896,40.0298881530762,2.00012809353765,14.6199995651841,0.000507016496896872,9.48889287167567E-5,0.25,4.88595718510669E-7,4.46074024051327E-5,7.30756592868622E-7,29.9355278,30.3292656,999.840454101562,999.840454101562,61.537613319045,20.8038346164824,5.900308,0,0,0,200,4886,29.3635,999.840454101562,,,,,,,,,,,,,0,,,,3.1281246,,,,,,30.1323967,,,,
,50389327.175,29.7264557,999.840454101562,4.48193038721547E-5,1.12417276588383E-7,1,4.99626677034896,40.0298881530762,2.00019232188739,14.6199995651841,0.000506839252312499,9.53295954239481E-5,0.25,5.3110446748201E-7,4.45973225588745E-5,7.70878669317486E-7,29.5173836,29.9355278,999.840454101562,999.840454101562,61.8252526141219,20.8049273560848,5.527248,0,0,0,200,4886,28.8716,999.840454101562,,,,,,,,,,,,,0,,,,3.09703065,,,,,,29.7264557,,,,
,50389332.175,29.22810745,999.840454101562,4.48972612960271E-5,1.16209692771094E-7,1,4.99626677034896,40.0298881530762,2.00010185039762,14.6199995651841,0.00050760743828516,9.58696732406461E-5,0.25,5.68012055261821E-7,4.46725828120996E-5,8.05810325777853E-7,28.9388313,29.5173836,999.840454101562,999.840454101562,62.0323841717181,20.8059614207138,5.900308,0,0,0,200,4886,28.3418,999.840454101562,,,,,,,,,,,,,0,,,,3.0662458,,,,,,29.22810745,,,,
,50389337.19,28.6786823,999.840454101562,4.50516184154543E-5,1.15189324929441E-7,1,4.99626677034896,40.0298881530762,2.00007206821134,14.6099999547005,0.000509066563952279,9.76605626005444E-5,0.25,7.01376293735859E-7,4.4823626960929E-5,9.37342228488255E-7,28.4185333,28.9388313,999.840454101562,999.840454101562,61.578258002045,20.8061869734038,5.527248,0,0,0,200,4886,27.8452,999.840454101562,,,,,,,,,,,,,0,,,,3.035767,,,,,,28.6786823,,,,
,50389342.18,28.2147884,999.840454101562,4.52803360574205E-5,1.11615607345855E-7,1,4.99626677034896,40.0298881530762,2.0002868989428,14.6199995651841,0.000512010354702112,9.63248799912002E-5,0.25,5.44234789387501E-7,4.50506335146574E-5,7.80641404413427E-7,28.0110435,28.4185333,999.840454101562,999.840454101562,61.7087899647565,20.8040970990517,5.900308,0,0,0,200,4886,27.44335,999.840454101562,,,,,,,,,,,,,0,,,,3.0206037,,,,,,28.2147884,,,,
,50389347.185,27.8361797,999.840454101562,4.5351078693368E-5,9.34937391807512E-8,1,4.99626677034896,40.0298881530762,2.00041957994898,14.6099999547005,0.000513035517604535,9.53137801168246E-5,0.25,4.43402046257271E-7,4.51205094033675E-5,6.79515028057714E-7,27.6613159,28.0110435,999.840454101562,999.840454101562,61.9933027457566,20.8004672242301,5.900308,0,0,0,200,4886,27.1301,999.840454101562,,,,,,,,,,,,,0,,,,3.00559105,,,,,,27.8361797,,,,
,50389352.185,27.45905015,999.840454101562,4.54325243455983E-5,1.10966437182689E-7,1,4.99626677034896,40.0298881530762,2.00037935034032,14.6099999547005,0.000513739998100542,9.65957347631932E-5,0.25,5.43675877251638E-7,4.52000394683214E-5,7.78593960645035E-7,27.2567844,27.6613159,999.840454101562,999.840454101562,62.1894915040835,20.8015587458726,5.527248,0,0,0,200,4886,26.823,999.840454101562,,,,,,,,,,,,,0,,,,2.97571505,,,,,,27.45905015,,,,
,50389357.2,27.05735775,999.840454101562,4.55306257109918E-5,1.04482644274565E-7,1,4.99626677034896,40.0298881530762,2.00024821791143,14.6099999547005,0.000514856093086015,9.64962473582436E-5,0.25,5.19768199302565E-7,4.52965744438547E-5,7.5396020895899E-7,26.8579311,27.2567844,999.840454101562,999.840454101562,61.9518764342373,20.8020268575763,5.900308,0,0,0,200,4886,26.4364,999.840454101562,,,,,,,,,,,,,0,,,,2.97571505,,,,,,27.05735775,,,,
,50389362.195,26.65883825,999.840454101562,4.57562640233344E-5,1.05063601465276E-7,1,4.99626677034896,40.0298881530762,2.00031305280703,14.6099999547005,0.000517284226451651,9.76795856693039E-5,0.25,5.86099429392112E-7,4.55193647299798E-5,8.19580156636538E-7,26.4597454,26.8579311,999.840454101562,999.840454101562,61.6869043662181,20.8013578673725,5.900308,0,0,0,200,4886,25.97835,999.840454101562,,,,,,,,,,,,,0,,,,2.97571505,,,,,,26.65883825,,,,
,50389367.15,26.2127819,999.840454101562,4.58619914850421E-5,1.08149272934105E-7,1,4.99626677034896,40.0298881530762,2.00021990658654,14.6199995651841,0.000518190512975583,9.93288823715999E-5,0.25,7.15229935888071E-7,4.56225934658702E-5,9.47080177677971E-7,25.9658184,26.4597454,999.840454101562,999.840454101562,61.6869043662181,20.8040554486815,5.527248,0,0,0,200,4886,25.5065,999.840454101562,,,,,,,,,,,,,0,,,,2.94613615,,,,,,26.2127819,,,,
,50389372.15,25.75097275,999.840454101562,4.60034697995805E-5,1.05508093292451E-7,1,4.99626677034896,40.0298881530762,2.00033839929739,14.6099999547005,0.00052007291905664,9.81128811734859E-5,0.25,5.84174343631695E-7,4.57628543194288E-5,8.16034500963843E-7,25.5361271,25.9658184,999.840454101562,999.840454101562,61.7111348503142,20.8008556053339,5.527248,0,0,0,200,4886,25.04835,999.840454101562,,,,,,,,,,,,,0,,,,2.9168512,,,,,,25.75097275,,,,
,50389377.15,25.3094406,999.840454101562,4.5959405021244E-5,9.72840045848583E-8,1,4.99626677034896,40.0298881530762,2.00025775044168,14.6099999547005,0.000519603801986187,9.76705588961017E-5,0.25,5.54561972672341E-7,4.57181952943706E-5,7.85163460238615E-7,25.0827541,25.5361271,999.840454101562,999.840454101562,61.984704832045,20.801534105034,5.900308,0,0,0,200,4886,24.6332,999.840454101562,,,,,,,,,,,,,0,,,,2.9022818,,,,,,25.3094406,,,,
,50389382.17,24.86620995,999.840454101562,4.61284792338529E-5,1.0062861146541E-7,1,4.99626677034896,40.0298881530762,2.00038940927377,14.6099999547005,0.000521416624795018,9.87313966866231E-5,0.25,6.19112621451335E-7,4.58852748634836E-5,8.4924223501265E-7,24.6496658,25.0827541,999.840454101562,999.840454101562,61.9026338375258,20.8003845901218,5.900308,0,0,0,200,4886,24.2666,999.840454101562,,,,,,,,,,,,,0,,,,2.9022818,,,,,,24.86620995,,,,
,50389387.195,24.4404974,999.840454101562,4.63770743357123E-5,9.93856159479853E-8,1,4.99626677034896,40.0298881530762,2.00034751808862,14.6099999547005,0.000524546499955131,9.73282321759505E-5,0.25,4.52906120656033E-7,4.61326602531558E-5,6.84204710167643E-7,24.231329,24.6496658,999.840454101562,999.840454101562,61.8205628430065,20.8018412024938,5.900308,0,0,0,200,4886,23.8966,999.840454101562,,,,,,,,,,,,,0,,,,2.8878572,,,,,,24.4404974,,,,
,50389392.16,24.05730345,999.840454101562,4.63015267229662E-5,1.00097629960299E-7,1,4.99626677034896,40.0298881530762,2.00040319107647,14.6099999547005,0.000523529403067598,9.81297750629302E-5,0.25,5.3771446273695E-7,4.60563611125315E-5,7.67282130709359E-7,23.8832779,24.231329,999.840454101562,999.840454101562,61.9002889519681,20.8021832384672,5.900308,0,0,0,200,4886,23.5231,999.840454101562,,,,,,,,,,,,,0,,,,2.8591516,,,,,,24.05730345,,,,
,50389397.12,23.65403175,999.840454101562,4.66099999546376E-5,1.11399055529198E-7,1,4.99626677034896,40.0298881530762,2.00024390663051,14.6099999547005,0.000527080561439199,9.81342620227146E-5,0.25,4.85789139707469E-7,4.63626869252102E-5,7.16177424935279E-7,23.4247856,23.8832779,999.840454101562,999.840454101562,62.4192902887374,20.8019806273638,5.527248,0,0,0,200,4886,23.0851,999.840454101562,,,,,,,,,,,,,0,,,,2.8307313,,,,,,23.65403175,,,,
,50389402.14,23.18354035,999.840454101562,4.68599649978423E-5,1.04109718023666E-7,1,4.99626677034896,40.0298881530762,2.00029691098577,14.6099999547005,0.000529701745930247,9.98590137704166E-5,0.25,5.95096645858256E-7,4.66100245483664E-5,8.25160086254167E-7,22.9422951,23.4247856,999.840454101562,999.840454101562,61.7627223325834,20.799727273073,5.900308,0,0,0,200,4886,22.61245,999.840454101562,,,,,,,,,,,,,0,,,,2.8307313,,,,,,23.18354035,,,,
,50389407.165,22.7062092,999.840454101562,4.69219328468695E-5,9.9833590781257E-8,1,4.99626677034896,40.0298881530762,2.0005528197278,14.6199995651841,0.000530331316786966,0.000100735967957572,0.25,6.6146636206464E-7,4.66707415665503E-5,8.9067967367583E-7,22.4701233,22.9422951,999.840454101562,999.840454101562,61.466485123795,20.799811985245,5.900308,0,0,0,200,4886,22.1959,999.840454101562,,,,,,,,,,,,,0,,,,2.8307313,,,,,,22.7062092,,,,
,50389412.145,22.28953555,999.840454101562,4.70073016783116E-5,9.85518776559546E-8,1,4.99626677034896,40.0298881530762,2.00025195252459,14.6199995651841,0.000531501167888466,9.92677400987239E-5,0.25,5.18952424900207E-7,4.67558559637507E-5,7.48647951913347E-7,22.1089478,22.4701233,999.840454101562,999.840454101562,61.5337051764488,20.8026930310781,5.527248,0,0,0,200,4886,21.80595,999.840454101562,,,,,,,,,,,,,0,,,,2.78873395,,,,,,22.28953555,,,,
,50389417.15,21.89223865,999.840454101562,4.71693535759042E-5,1.09128901260096E-7,1,4.99626677034896,40.0298881530762,2.00030868663463,14.6199995651841,0.000533354791895346,9.95427210394662E-5,0.25,5.15272837952946E-7,4.6916617040945E-5,7.45166824330018E-7,21.6755295,22.1089478,999.840454101562,999.840454101562,61.8150914433719,20.7999132736858,5.527248,0,0,0,200,4886,21.4248,999.840454101562,,,,,,,,,,,,,0,,,,2.7471541,,,,,,21.89223865,,,,
,50389422.14,21.48992065,999.840454101562,4.74207207172499E-5,1.08764559560928E-7,1,4.99626677034896,40.0298881530762,2.00012205307252,14.6099999547005,0.000536242513518754,9.95053735467692E-5,0.25,4.69335103767549E-7,4.71664625691267E-5,7.00130634783955E-7,21.3043118,21.6755295,999.840454101562,999.840454101562,61.8721503252758,20.8036099419578,5.527248,0,0,0,200,4886,21.03355,999.840454101562,,,,,,,,,,,,,0,,,,2.7334323,,,,,,21.48992065,,,,
,50389427.1,21.0863438,999.840454101562,4.74961664129811E-5,1.01902453291037E-7,1,4.99626677034896,40.0298881530762,2.00019849726192,14.6099999547005,0.000537171443508389,9.93223028450579E-5,0.25,4.40210738697697E-7,4.72412894647079E-5,6.71012610451742E-7,20.8683758,21.3043118,999.840454101562,999.840454101562,62.1144551662373,20.8026720455032,5.527248,0,0,0,200,4886,20.6443,999.840454101562,,,,,,,,,,,,,0,,,,2.71984695,,,,,,21.0863438,,,,
,50389432.09,20.66546155,999.840454101562,4.77795481374292E-5,1.01044891883587E-7,1,4.99626677034896,40.0298881530762,2.00043516548595,14.6099999547005,0.00054025576704804,0.000100939200535742,0.25,5.32807351484404E-7,4.75223752738662E-5,7.64013987869304E-7,20.4625473,20.8683758,999.840454101562,999.840454101562,61.7197327640258,20.7993443766723,5.900308,0,0,0,200,4886,20.2281,999.840454101562,,,,,,,,,,,,,0,,,,2.7062616,,,,,,20.66546155,,,,
,50389450.55,19.0773258,999.840454101562,,,2,,,,14.6859998819828,,,,,,,19.0773258,19.0773258,999.840454101562,999.840454101562,,,5.900308,,,,-99999999,4886,18.7328,999.840454101562,,,,,,,,,,,,,,,,,,,,,,,19.0773258,,,,
touchdown = 9.2799998819828 mm,50389478.485,16.7209015,999.840454101562,4.97639353317369E-5,1.05437912274814E-7,1,4.99626677034896,40.0298881530762,2.00026156793309,14.6800000220537,0.000562539905222984,0.000105697838024362,0.25,6.07343772946131E-7,4.94952779965216E-5,8.46335470133187E-7,16.7209015,16.7209015,999.840454101562,999.840454101562,61.6259373417181,20.7998123096727,5.527248,0,0,0,200,4882,16.3873,999.840454101562,,,,,,,,,,,,,0,,,,2.5234809,,,,,,16.7209015,,,,
,50389479.035,16.6764107,999.840454101562,5.0029284620889E-5,9.95660853558417E-8,1,4.99626677034896,40.0298881530762,2.00038138672942,14.6700004115701,0.000565505524108679,0.000106645669444342,0.25,6.43961448426113E-7,4.97590398416414E-5,8.84049402729786E-7,16.6319199,16.7209015,999.840454101562,999.840454101562,62.0159699728143,20.7956543037757,5.900308,0,0,0,200,4882,16.3497,999.840454101562,,,,,,,,,,,,,0,,,,2.510939,,,,,,16.6764107,,,,
,50389482.055,16.42281345,999.840454101562,5.04008312886096E-5,1.07423923290198E-7,1,4.99626677034896,40.0298881530762,2.00026674369518,14.6700004115701,0.00056980439301214,0.000106691955383891,0.25,5.83425593179262E-7,5.01289403734766E-5,8.25646026887218E-7,16.213707,16.6319199,999.840454101562,999.840454101562,61.5774763735257,20.7978273825371,5.900308,0,0,0,200,4882,16.12965,999.840454101562,,,,,,,,,,,,,0,,,,2.4859799,,,,,,16.42281345,,,,
,50389487.055,15.98069715,999.840454101562,5.07314682478164E-5,1.10830469171665E-7,1,4.99626677034896,40.0298881530762,2.00016463658911,14.6700004115701,0.000573627285292286,0.000106748178162506,0.25,5.30876532340462E-7,5.04581413824902E-5,7.74988043587009E-7,15.7476873,16.213707,999.840454101562,999.840454101562,61.9018522090066,20.7997437879692,5.900308,0,0,0,200,4882,15.70045,999.840454101562,,,,,,,,,,,,,0,,,,2.4612689,,,,,,15.98069715,,,,
,50389492.065,15.517498,999.840454101562,5.11971994469129E-5,1.04406321144101E-7,1,4.99626677034896,40.0298881530762,2.00026717329474,14.6700004115701,0.000578950554654623,0.000107573431049854,0.25,5.21613410905302E-7,5.09215068408697E-5,7.68042515342095E-7,15.2873087,15.7476873,999.840454101562,999.840454101562,61.7705386177758,20.7975231918195,5.900308,0,0,0,200,4882,15.24545,999.840454101562,,,,,,,,,,,,,0,,,,2.4368036,,,,,,15.517498,,,,
,50389497.065,15.12288525,999.840454101562,5.15785750306118E-5,1.02821985664153E-7,1,4.99626677034896,40.0298881530762,2.00021945141759,14.6800000220537,0.000583195000956168,0.000108690146849157,0.25,5.53545486561864E-7,5.13007540405276E-5,8.01661607018331E-7,14.9584618,15.2873087,999.840454101562,999.840454101562,61.7252041636604,20.7987711159815,5.900308,0,0,0,200,4882,14.87885,999.840454101562,,,,,,,,,,,,,0,,,,2.40065075,,,,,,15.12288525,,,,
,50389502.05,14.76040985,999.840454101562,5.18965322008384E-5,1.08192850647676E-7,1,4.99626677034896,40.0298881530762,2.00018131698919,14.6700004115701,0.000586612040031443,0.000110317018614522,0.25,6.41590108906708E-7,5.16166418807501E-5,8.90785260949134E-7,14.5623579,14.9584618,999.840454101562,999.840454101562,61.9565662053527,20.801617026043,5.900308,0,0,0,200,4886,14.5342,999.840454101562,,,,,,,,,,,,,0,,,,2.3886001,,,,,,14.76040985,,,,
,50389507.055,14.3263054,999.840454101562,5.23747805586959E-5,1.13232920371931E-7,1,4.99626677034896,40.0298881530762,2.0002164204975,14.6700004115701,0.00059189703909035,0.000112085863846985,0.25,7.13729030952476E-7,5.2092052989179E-5,9.64868625146534E-7,14.0902529,14.5623579,999.840454101562,999.840454101562,61.8229077285642,20.8002542481649,5.900308,0,0,0,200,4886,14.1129,999.840454101562,,,,,,,,,,,,,0,,,,2.3767879,,,,,,14.3263054,,,,
,50389512.06,13.8506203,999.840454101562,5.30228776050978E-5,1.12787232421278E-7,1,4.99626677034896,40.0298881530762,2.0001109176764,14.6700004115701,0.000599174382311803,0.000113567663125915,0.25,7.31422124362965E-7,5.27366768329275E-5,9.85623407978789E-7,13.6109877,14.0902529,999.840454101562,999.840454101562,61.7517795333142,20.8034626362635,5.527248,0,0,0,200,4882,13.6511,999.840454101562,,,,,,,,,,,,,0,,,,2.3413502,,,,,,13.8506203,,,,
,50389517.045,13.4348011,999.840454101562,5.35757182548208E-5,1.04848939741313E-7,1,4.99626677034896,40.0298881530762,2.00019037773925,14.6700004115701,0.00060558064220849,0.000113983626952504,0.25,6.70845392358724E-7,5.32869232796514E-5,9.28061659959024E-7,13.2586145,13.6109877,999.840454101562,999.840454101562,62.5380978236605,20.8012809882977,5.900308,0,0,0,200,4882,13.2398,999.840454101562,,,,,,,,,,,,,0,,,,2.30661345,,,,,,13.4348011,,,,
,50389522.03,13.05668445,999.840454101562,5.39132754733762E-5,1.02364623276954E-7,1,4.99626677034896,40.0298881530762,2.00012936073942,14.6700004115701,0.000609786710845144,0.000112372682023274,0.25,4.69747183976899E-7,5.36237112126665E-5,7.29679020872464E-7,12.8547544,13.2586145,999.840454101562,999.840454101562,61.7134797358719,20.7992472815705,5.900308,0,0,0,200,4882,12.8741,999.840454101562,,,,,,,,,,,,,0,,,,2.2835715,,,,,,13.05668445,,,,
,50389527.06,12.6283202,999.840454101562,5.45564826709355E-5,1.09975894923754E-7,1,4.99626677034896,40.0298881530762,2.00036908768761,14.6700004115701,0.00061660115787854,0.000116759342446639,0.25,7.43060834703409E-7,5.42622164345415E-5,1.004668303104E-6,12.401886,12.8547544,999.840454101562,999.840454101562,61.7877344451988,20.7994003699468,5.527248,0,0,0,200,4886,12.4411,999.840454101562,,,,,,,,,,,,,0,,,,2.2498603,,,,,,12.6283202,,,,
,50389532.06,12.2041974,999.840454101562,5.50945150428517E-5,1.15917796512148E-7,1,4.99626677034896,40.0298881530762,2.00011102395546,14.6700004115701,0.000623018693601872,0.000115542796545684,0.25,5.42611688343206E-7,5.47984113189355E-5,8.07906826701718E-7,12.0065088,12.401886,999.840454101562,999.840454101562,61.7588141899873,20.8027783570602,5.527248,0,0,0,200,4882,11.9811,999.840454101562,,,,,,,,,,,,,0,,,,2.2161491,,,,,,12.2041974,,,,
,50389537.015,11.7796297,999.840454101562,5.55482797986131E-5,1.16355377555074E-7,1,4.99626677034896,40.0298881530762,2.00002156900454,14.6700004115701,0.000627854708301439,0.000118024529057216,0.25,6.82591257440613E-7,5.52491286933792E-5,9.49350472568257E-7,11.5527506,12.0065088,999.840454101562,999.840454101562,61.6892492517758,20.8041775717143,5.527248,0,0,0,200,4882,11.56515,999.840454101562,,,,,,,,,,,,,0,,,,2.19422975,,,,,,11.7796297,,,,
,50389541.99,11.35049535,999.840454101562,5.62444798132575E-5,1.41477886366819E-7,1,4.99626677034896,40.0298881530762,1.99997319424736,14.6700004115701,0.000635971845927456,0.000118005475317124,0.25,5.5910479344266E-7,5.59422715785936E-5,8.29911301695673E-7,11.1482401,11.5527506,999.840454101562,999.840454101562,61.5430847186796,20.8040300826779,5.527248,0,0,0,200,4882,11.144,999.840454101562,,,,,,,,,,,,,0,,,,2.1508236,,,,,,11.35049535,,,,
,50389547,10.93702935,999.840454101562,5.67400182902219E-5,9.49194896664108E-8,1,4.99626677034896,40.0298881530762,2.00000657108138,14.6700004115701,0.000641297872814128,0.00012068946383229,0.25,7.09019822512371E-7,5.64344871526922E-5,9.81441017436625E-7,10.7258186,11.1482401,999.840454101562,999.840454101562,61.8690238111989,20.8049216921316,5.527248,0,0,0,200,4882,10.75945,999.840454101562,,,,,,,,,,,,,0,,,,2.10827625,,,,,,10.93702935,,,,
,50389552.025,10.51719425,999.840454101562,5.71584090361481E-5,1.16517718220433E-7,1,4.99626677034896,40.0298881530762,2.00017897173636,14.6700004115701,0.000646094018433769,0.000121510803827713,0.25,7.07302628311864E-7,5.68507026139222E-5,9.81770342171783E-7,10.3085699,10.7258186,999.840454101562,999.840454101562,62.2246647874489,20.8011421010179,5.900308,0,0,0,200,4882,10.3665,999.840454101562,,,,,,,,,,,,,0,,,,2.0768421,,,,,,10.51719425,,,,
,50390070.39,8.1199017,999.840454101562,,,2,,,,14.9160002363324,,,,,,,8.1199017,8.1199017,999.840454101562,999.840454101562,,,5.527248,,,,-99999999,4887,8.1148,999.840454101562,,,,,,,,,,,,,,,,,,,,,,,8.1199017,,,,
,50390656.14,7.00823095,999.840454101562,5.89121802522131E-5,1.08707708169332E-7,1,4.99626677034896,40.0298881530762,1.97344266656074,14.8999998345971,0.000657391868164281,0.000123868729680703,0.25,7.49185607482549E-7,5.85952035854781E-5,1.03197203172148E-6,7.0056963,7.0107656,999.840454101562,999.840454101562,61.6165577994873,20.8172416633875,5.900308,0,0,0,200,4886,7.01035,999.840454101562,,,,,,,,,,,,,0,,,,0.9339426,,,,,,7.00823095,,,,
,50390661.155,6.93621515,999.840454101562,5.89761882040177E-5,1.07514126100165E-7,1,4.99626677034896,40.0298881530762,1.97345895379987,14.8999998345971,0.000658657601050173,0.000120887958533736,0.25,4.71353635783245E-7,5.86602270193782E-5,7.55929355780122E-7,6.866734,7.0056963,999.840454101562,999.840454101562,61.7494346477565,20.8174043778673,5.527248,0,0,0,200,4886,6.9176,999.840454101562,,,,,,,,,,,,,0,,,,0.929324,,,,,,6.93621515,,,,
,50390666.185,6.75155755,999.840454101562,5.92667143209431E-5,1.12652089848147E-7,1,4.99626677034896,40.0298881530762,1.97339993598056,14.8999998345971,0.000661690548164986,0.000122580557286974,0.25,5.72082224379261E-7,5.89487262585864E-5,8.57536556388601E-7,6.6363811,6.866734,999.840454101562,999.840454101562,62.0816267684296,20.8172801321701,5.900308,0,0,0,200,4886,6.70885,999.840454101562,,,,,,,,,,,,,0,,,,0.9200405,,,,,,6.75155755,,,,
,50390671.2,6.49414705,999.840454101562,5.9556034386368E-5,1.08894350612171E-7,1,4.99626677034896,40.0298881530762,1.97335408783476,14.8999998345971,0.000664959229093113,0.000122873030336124,0.25,5.47761682501253E-7,5.92366371538596E-5,8.34753862082339E-7,6.351913,6.6363811,999.840454101562,999.840454101562,61.7134797358719,20.8177233131596,5.900308,0,0,0,200,4886,6.4381,999.840454101562,,,,,,,,,,,,,0,,,,0.91546785,,,,,,6.49414705,,,,
,50390689.3,5.3827424,999.840454101562,,,2,,,,15.1260004383922,,,,,,,5.3827424,5.3827424,999.840454101562,999.840454101562,,,5.900308,,,,-99999999,4886,5.3414,999.840454101562,,,,,,,,,,,,,,,,,,,,,,,5.3827424,,,,
touchdown = 9.72000043839216 mm,50390715.765,4.0380764,999.840454101562,6.40584012740345E-5,1.0322831439094E-7,1,4.99626677034896,40.0298881530762,1.99995363220614,15.1199996471405,0.00072420439307564,0.000135085599198198,0.25,6.9735508437538E-7,6.37143881201528E-5,1.00546909417842E-6,4.0380764,4.0380764,999.840454101562,999.840454101562,61.6869043662181,20.8090545862953,5.900308,0,0,0,200,4886,4.0018,999.840454101562,,,,,,,,,,,,,0,,,,0.6817902,,,,,,4.0380764,,,,
,50390717.265,3.9834299,999.840454101562,6.45300071212108E-5,1.00595022566244E-7,1,4.99626677034896,40.0298881530762,1.99956192424947,15.1199996471405,0.000729403347457366,0.000136035507370694,0.25,7.00791727942474E-7,6.41834696323132E-5,1.01118313761999E-6,3.9287834,4.0380764,999.840454101562,999.840454101562,61.7572509329488,20.8132892371103,5.900308,0,0,0,200,4886,3.94485,999.840454101562,,,,,,,,,,,,,0,,,,0.6717253,,,,,,3.9834299,,,,
,50390721.115,3.8316567,999.840454101562,6.54071337909417E-5,1.0596239943042E-7,1,4.99626677034896,40.0298881530762,1.99951581247414,15.1199996471405,0.000739403629044846,0.000137299198279473,0.25,6.58894112344267E-7,6.50561362114304E-5,9.73777961242629E-7,3.73453,3.9287834,999.840454101562,999.840454101562,61.801803758545,20.8162637399246,5.527248,0,0,0,200,4886,3.80075,999.840454101562,,,,,,,,,,,,,0,,,,0.64554155,,,,,,3.8316567,,,,
,50390726.11,3.64829925,999.840454101562,6.59168841911393E-5,1.04156630231104E-7,1,4.99626677034896,40.0298881530762,1.99951543853965,15.1100000366569,0.000744919609510339,0.000139775020919053,0.25,7.88166402193007E-7,6.55625461876262E-5,1.10484421050823E-6,3.5620685,3.73453,999.840454101562,999.840454101562,61.7955507303912,20.813938108133,6.273368,0,0,0,200,4886,3.62315,999.840454101562,,,,,,,,,,,,,0,,,,0.61408925,,,,,,3.64829925,,,,
,50390731.105,3.46986355,999.840454101562,6.64146215597066E-5,1.0099802969854E-7,1,4.99626677034896,40.0298881530762,1.99942088670763,15.1199996471405,0.000750790616052157,0.000139227023868263,0.25,6.53083426054011E-7,6.60582932550528E-5,9.72902371092412E-7,3.3776586,3.5620685,999.840454101562,999.840454101562,61.6235924561604,20.8152513390733,5.900308,0,0,0,200,4886,3.45035,999.840454101562,,,,,,,,,,,,,0,,,,0.5841694,,,,,,3.46986355,,,,
,50390736.085,3.30902995,999.840454101562,6.7005438086244E-5,1.06310216870838E-7,1,4.99626677034896,40.0298881530762,1.99946614635905,15.1100000366569,0.000757499011369893,0.000140393644686469,0.25,6.52274582587522E-7,6.66459705330172E-5,9.74973768438055E-7,3.2404013,3.3776586,999.840454101562,999.840454101562,61.8510463552566,20.8141735612732,5.900308,0,0,0,200,4886,3.3062,999.840454101562,,,,,,,,,,,,,0,,,,0.55842725,,,,,,3.30902995,,,,
,50390741.11,3.1854985,999.840454101562,6.74038528444598E-5,9.92841854065756E-8,1,4.99626677034896,40.0298881530762,1.99945818961801,15.1100000366569,0.000761663104222686,0.000143150984864774,0.25,8.25973153294932E-7,6.7041419679115E-5,1.14968808781839E-6,3.1305957,3.2404013,999.840454101562,999.840454101562,62.0112802016989,20.8145927991251,5.900308,0,0,0,200,4886,3.18175,999.840454101562,,,,,,,,,,,,,0,,,,0.53135185,,,,,,3.1854985,,,,
,50390746.095,3.10119415,999.840454101562,6.76832568964008E-5,9.98037122914178E-8,1,4.99626677034896,40.0298881530762,1.99936972992987,15.1100000366569,0.000765007357502768,0.000142487608314078,0.25,7.18947788732382E-7,6.73198577693897E-5,1.04459187630791E-6,3.0717926,3.1305957,999.840454101562,999.840454101562,61.9104501227181,20.8156058292008,5.527248,0,0,0,200,4886,3.09675,999.840454101562,,,,,,,,,,,,,0,,,,0.50533705,,,,,,3.10119415,,,,
,50390751.06,3.0486462,999.840454101562,6.79254777281122E-5,9.70755572410554E-8,1,4.99626677034896,40.0298881530762,1.9994728200149,15.1199996471405,0.00076750982243971,0.000144561966781276,0.25,8.590477801806E-7,6.75601077980021E-5,1.18512596136307E-6,3.0254998,3.0717926,999.840454101562,999.840454101562,61.6204659420834,20.8143786049686,5.900308,0,0,0,200,4886,3.0502,999.840454101562,,,,,,,,,,,,,0,,,,0.49034365,,,,,,3.0486462,,,,
,50390756.075,3.02067065,999.840454101562,6.77912394004676E-5,9.67902674498601E-8,1,4.99626677034896,40.0298881530762,1.99951982283938,15.1100000366569,0.000766296874251555,0.000142643884366839,0.25,7.12920005164875E-7,6.74272941217984E-5,1.03912175957415E-6,3.0158415,3.0254998,999.840454101562,999.840454101562,62.2293545585643,20.816037327227,5.900308,0,0,0,200,4885,3.0174,999.840454101562,,,,,,,,,,,,,0,,,,0.48064395,,,,,,3.02067065,,,,
,50390761.085,3.01579975,999.840454101562,6.8072128317366E-5,1.01441609846024E-7,1,4.99626677034896,40.0298881530762,1.99994439435947,15.1100000366569,0.000769579883775387,0.000143536119688356,0.25,7.39907814497136E-7,6.77065579786062E-5,1.0673333665828E-6,3.015758,3.0158415,999.840454101562,999.840454101562,61.8494830982181,20.8054450702666,5.900308,0,0,0,200,4885,3.01225,999.840454101562,,,,,,,,,,,,,0,,,,0.47347755,,,,,,3.01579975,,,,
,50390766.08,3.01622125,999.840454101562,6.79323888067235E-5,1.05935925911037E-7,1,4.99626677034896,40.0298881530762,1.99976040443264,15.1199996471405,0.000767570268815132,0.000145297018595109,0.25,9.20987653053427E-7,6.75666800736164E-5,1.24677010547895E-6,3.015758,3.0166845,999.840454101562,999.840454101562,61.8752768393527,20.8127444186715,5.900308,0,0,0,200,4885,3.021,999.840454101562,,,,,,,,,,,,,0,,,,0.46645295,,,,,,3.01622125,,,,
,50390771.085,3.0081507,999.840454101562,6.81384714099393E-5,1.01351623768673E-7,1,4.99626677034896,40.0298881530762,1.99952557910012,15.1199996471405,0.000770109324242272,0.000144029217437206,0.25,7.74348741688191E-7,6.7772380514082E-5,1.10191409788362E-6,2.9996169,3.0166845,999.840454101562,999.840454101562,61.6212475706027,20.8148947341789,5.900308,0,0,0,200,4885,3.01195,999.840454101562,,,,,,,,,,,,,0,,,,0.45949815,,,,,,3.0081507,,,,
,50390776.09,3.00208215,999.840454101562,6.80159211562054E-5,1.02239098463014E-7,1,4.99626677034896,40.0298881530762,1.99951774594897,15.1199996471405,0.000768986737868441,0.000142255774531344,0.25,6.39277350773727E-7,6.76511393050694E-5,9.66964390769057E-7,2.9996169,3.0045474,999.840454101562,999.840454101562,61.8354137848719,20.8133045161893,5.527248,0,0,0,200,4885,2.99915,999.840454101562,,,,,,,,,,,,,0,,,,0.457203,,,,,,3.00208215,,,,
,50390781.09,3.00507895,999.840454101562,6.80512174766463E-5,1.06315615112383E-7,1,4.99626677034896,40.0298881530762,1.99951482025758,15.1100000366569,0.000768953904606619,0.000144787196070065,0.25,8.56640364700046E-7,6.76851899170261E-5,1.18334340732582E-6,3.0045474,3.0056105,999.840454101562,999.840454101562,61.9753252898142,20.8153718981069,5.900308,0,0,0,200,4885,3.00795,999.840454101562,,,,,,,,,,,,,0,,,,0.4549307,,,,,,3.00507895,,,,
,50390786.07,3.00252855,999.840454101562,6.80002354262728E-5,1.00985719365907E-7,1,4.99626677034896,40.0298881530762,1.99979165079685,15.1199996471405,0.000768484360270487,0.000144668096632146,0.25,8.53375638829658E-7,6.76344948079058E-5,1.17984787137226E-6,2.9994466,3.0056105,999.840454101562,999.840454101562,62.2692176130451,20.8146092496438,5.900308,0,0,0,200,4885,3.0074,999.840454101562,,,,,,,,,,,,,0,,,,0.4549307,,,,,,3.00252855,,,,
,50390791.055,2.9940834,999.840454101562,6.80995369892937E-5,1.04953581330641E-7,1,4.99626677034896,40.0298881530762,1.99970044709466,15.1199996471405,0.000769986645685679,0.000142514128477862,0.25,6.46338849900997E-7,6.77342760031615E-5,9.74395362099043E-7,2.9887202,2.9994466,999.840454101562,999.840454101562,62.0566146558143,20.8161361729057,5.900308,0,0,0,200,4885,2.99525,999.840454101562,,,,,,,,,,,,,0,,,,0.4549307,,,,,,2.9940834,,,,
,50390796.045,2.9837816,999.840454101562,6.79140654438265E-5,1.02657414566909E-7,1,4.99626677034896,40.0298881530762,1.99999399418577,15.1100000366569,0.000767940431619468,0.000142468138117,0.25,6.73030403606778E-7,6.75496605805139E-5,1.00004214839545E-6,2.978843,2.9887202,999.840454101562,999.840454101562,62.2309178156027,20.8036849508405,5.900308,0,0,0,200,4885,2.98195,999.840454101562,,,,,,,,,,,,,0,,,,0.45040865,,,,,,2.9837816,,,,
,50390801.055,2.9828881,999.840454101562,6.79538981960014E-5,1.01622185205029E-7,1,4.99626677034896,40.0298881530762,1.99952547876428,15.1100000366569,0.000768169934434317,0.000142802033641891,0.25,6.98339149755986E-7,6.75891583114166E-5,1.02541021362877E-6,2.978843,2.9869332,999.840454101562,999.840454101562,61.9464050346027,20.8146564630772,5.527248,0,0,0,200,4885,2.9817,999.840454101562,,,,,,,,,,,,,0,,,,0.45040865,,,,,,2.9828881,,,,
,50390806.07,2.97417685,999.840454101562,6.79607995599145E-5,1.11711820057768E-7,1,4.99626677034896,40.0298881530762,1.99950041120034,15.1100000366569,0.00076820267731537,0.000143020757578998,0.25,7.16594183393328E-7,6.75959339612895E-5,1.04360176919597E-6,2.9614205,2.9869332,999.840454101562,999.840454101562,61.8713686967565,20.8141127644926,5.900308,0,0,0,200,4885,2.9806,999.840454101562,,,,,,,,,,,,,0,,,,0.44818125,,,,,,2.97417685,,,,
,50390811.07,2.97797485,999.840454101562,6.80630898181263E-5,1.07554325663502E-7,1,4.99626677034896,40.0298881530762,1.99937593111324,15.1199996471405,0.000769140491418806,0.000144213417641285,0.25,8.04735541780727E-7,6.76972513127104E-5,1.13177236864595E-6,2.9614205,2.9945292,999.840454101562,999.840454101562,61.5673152027757,20.8167461545841,5.900308,0,0,0,200,4886,2.9911,999.840454101562,,,,,,,,,,,,,0,,,,0.4437041,,,,,,2.97797485,,,,
,50390816.065,2.9772546,999.840454101562,6.80974171492169E-5,1.0231091407722E-7,1,4.99626677034896,40.0298881530762,1.99984788907818,15.1100000366569,0.00076974379637146,0.000144076861219696,0.25,7.83799184991444E-7,6.77314980110241E-5,1.11111443721646E-6,2.95998,2.9945292,999.840454101562,999.840454101562,62.2574931852566,20.810158457589,5.527248,0,0,0,200,4885,2.9858,999.840454101562,,,,,,,,,,,,,0,,,,0.4459315,,,,,,2.9772546,,,,
,50390821.035,2.95400605,999.840454101562,6.83096252933657E-5,1.04499814448897E-7,1,4.99626677034896,40.0298881530762,1.99941773251515,15.1199996471405,0.000772262450030368,0.00014290943798423,0.25,6.46116577762462E-7,6.79432475383304E-5,9.75196924603387E-7,2.9480321,2.95998,999.840454101562,999.840454101562,61.801803758545,20.8134273371462,5.900308,0,0,0,200,4886,2.9734,999.840454101562,,,,,,,,,,,,,0,,,,0.4459315,,,,,,2.95400605,,,,
,50390826.04,2.9600297,999.840454101562,6.8075578189454E-5,9.94403172770886E-8,1,4.99626677034896,40.0298881530762,1.99937868704301,15.1100000366569,0.00076942821001857,0.000143409496555886,0.25,7.31536450166402E-7,6.77100292716687E-5,1.05902329418858E-6,2.9480321,2.9720273,999.840454101562,999.840454101562,61.6212475706027,20.8163963395032,5.527248,0,0,0,200,4885,2.98425,999.840454101562,,,,,,,,,,,,,0,,,,0.4437041,,,,,,2.9600297,,,,
,50390831.04,2.9859966,999.840454101562,6.79994692302969E-5,1.13218480824907E-7,1,4.99626677034896,40.0298881530762,1.99938467057023,15.1199996471405,0.000768503169461948,0.000143631863636061,0.25,7.64478143348764E-7,6.76341651297674E-5,1.09141934786651E-6,2.9720273,2.9999659,999.840454101562,999.840454101562,61.6673636532373,20.8175682727317,5.527248,0,0,0,200,4885,2.9957,999.840454101562,,,,,,,,,,,,,0,,,,0.44818125,,,,,,2.9859966,,,,
,50390836.025,3.00761435,999.840454101562,6.80607667765325E-5,1.04907846086795E-7,1,4.99626677034896,40.0298881530762,1.99931648720832,15.1199996471405,0.000769170936848621,0.000143756737618433,0.25,7.65173214877836E-7,6.76951337247625E-5,1.0924091122964E-6,2.9999659,3.0152628,999.840454101562,999.840454101562,61.8533912408142,20.818110188201,5.527248,0,0,0,200,4885,3.0152,999.840454101562,,,,,,,,,,,,,0,,,,0.4549307,,,,,,3.00761435,,,,
,50390841.025,3.024595,999.840454101562,6.79031782954783E-5,1.05094118985699E-7,1,4.99626677034896,40.0298881530762,1.99933452861957,15.1100000366569,0.00076751044869815,0.000142775568030755,0.25,7.06039512108789E-7,6.75386713492262E-5,1.03282274766197E-6,3.0152628,3.0339272,999.840454101562,999.840454101562,62.0581779128527,20.8169322826366,5.900308,0,0,0,200,4885,3.0294,999.840454101562,,,,,,,,,,,,,0,,,,0.45949815,,,,,,3.024595,,,,
,50390846.02,3.0305394,999.840454101562,6.81017367512731E-5,1.08989164225246E-7,1,4.99626677034896,40.0298881530762,1.99916633097349,15.1199996471405,0.000769627963657177,0.000143553047372658,0.25,7.40910412846843E-7,6.7736004342003E-5,1.06847476490289E-6,3.0271516,3.0339272,999.840454101562,999.840454101562,61.7173878784681,20.8208558367785,5.900308,0,0,0,200,4886,3.03405,999.840454101562,,,,,,,,,,,,,0,,,,0.46645295,,,,,,3.0305394,,,,
,50390851.025,3.02659585,999.840454101562,6.80311464891021E-5,1.09797925740195E-7,1,4.99626677034896,40.0298881530762,1.99927646330162,15.1100000366569,0.000768531812568492,0.000145344271556936,0.25,9.10807485266076E-7,6.7664962350502E-5,1.23712480362745E-6,3.0260401,3.0271516,999.840454101562,999.840454101562,61.9276459501412,20.8190634918144,5.900308,0,0,0,200,4885,3.0341,999.840454101562,,,,,,,,,,,,,0,,,,0.4711126,,,,,,3.02659585,,,,
,50390856.005,3.0203135,999.840454101562,6.77953210997365E-5,1.01523627226518E-7,1,4.99626677034896,40.0298881530762,1.99913167716309,15.1100000366569,0.000765845456764786,0.00014465622563532,0.25,8.92262521163528E-7,6.74304811114448E-5,1.2175305035926E-6,3.0145869,3.0260401,999.840454101562,999.840454101562,61.8080567866989,20.8173114529719,5.900308,0,0,0,200,4885,3.04075,999.840454101562,,,,,,,,,,,,,0,,,,0.47347755,,,,,,3.0203135,,,,
,50390860.98,3.006863,999.840454101562,6.79277642626355E-5,9.94118505195501E-8,1,4.99626677034896,40.0298881530762,1.9991132287451,15.1100000366569,0.000767562626355879,0.000143638072776562,0.25,7.79235923277485E-7,6.75627699753177E-5,1.10574961640534E-6,2.9991391,3.0145869,999.840454101562,999.840454101562,61.8174363289296,20.8201698647989,5.900308,0,0,0,200,4886,3.02625,999.840454101562,,,,,,,,,,,,,0,,,,0.47823125,,,,,,3.006863,,,,
,50390865.99,3.0015831,999.840454101562,6.81248862922466E-5,1.07429080886472E-7,1,4.99626677034896,40.0298881530762,1.99956934991581,15.1100000366569,0.000770012791775994,0.000143769857876354,0.25,7.53563210701417E-7,6.77589686996849E-5,1.08117296135371E-6,2.9991391,3.0040271,999.840454101562,999.840454101562,61.9245194360642,20.8129068757452,5.900308,0,0,0,200,4885,3.01385,999.840454101562,,,,,,,,,,,,,0,,,,0.4830327,,,,,,3.0015831,,,,
,50390871.015,3.00255585,999.840454101562,6.81004444857516E-5,1.09649640127058E-7,1,4.99626677034896,40.0298881530762,1.99937622878626,15.1199996471405,0.00076945790337858,0.000144890604288182,0.25,8.57987517319851E-7,6.77341485634793E-5,1.18492302190373E-6,3.0010846,3.0040271,999.840454101562,999.840454101562,61.7502162762758,20.8169512313465,5.900308,0,0,0,200,4885,3.00475,999.840454101562,,,,,,,,,,,,,0,,,,0.49034365,,,,,,3.00255585,,,,
,50390876,3.0064583,999.840454101562,6.79793660168969E-5,1.03827378430383E-7,1,4.99626677034896,40.0298881530762,1.9992549692237,15.1100000366569,0.000768207219910405,0.000143701944599217,0.25,7.74974853126366E-7,6.76141180758034E-5,1.10176238992868E-6,3.0010846,3.011832,999.840454101562,999.840454101562,61.5360500620065,20.8180586730169,5.900308,0,0,0,200,4885,2.9919,999.840454101562,,,,,,,,,,,,,0,,,,0.49278055,,,,,,3.0064583,,,,
,50390880.985,3.0108409,999.840454101562,6.80268872082836E-5,1.07436243365738E-7,1,4.99626677034896,40.0298881530762,1.9992099990916,15.1100000366569,0.000768871144307693,0.000142981367306139,0.25,7.03278393459672E-7,6.76617356545872E-5,1.03067849491063E-6,3.0098498,3.011832,999.840454101562,999.840454101562,61.6400066550642,20.8193601414826,5.900308,0,0,0,200,4885,3.00315,999.840454101562,,,,,,,,,,,,,0,,,,0.4903192,,,,,,3.0108409,,,,
,50390886.025,3.00427535,999.840454101562,6.80187528405092E-5,1.03378620273607E-7,1,4.99626677034896,40.0298881530762,1.99926532072473,15.1100000366569,0.000768755533389811,0.000143218682585408,0.25,7.25329618287868E-7,6.76535370868785E-5,1.05257286585886E-6,2.9987009,3.0098498,999.840454101562,999.840454101562,61.5868559157565,20.8191849150194,5.900308,0,0,0,200,4885,3.0087,999.840454101562,,,,,,,,,,,,,0,,,,0.4952667,,,,,,3.00427535,,,,
,50390891.01,3.00080755,999.840454101562,6.81164271406478E-5,1.09795968323351E-7,1,4.99626677034896,40.0298881530762,1.99920231244252,15.1100000366569,0.000769928496591806,0.000142894335807845,0.25,6.79943142535678E-7,6.77509128816304E-5,1.00790318538913E-6,2.9987009,3.0029142,999.840454101562,999.840454101562,61.9792334324104,20.820885859426,5.527248,0,0,0,200,4885,3.0009,999.840454101562,,,,,,,,,,,,,0,,,,0.49772805,,,,,,3.00080755,,,,
,50390895.975,3.00249945,999.840454101562,6.8010176522142E-5,1.08175726355986E-7,1,4.99626677034896,40.0298881530762,1.99919819816749,15.1100000366569,0.000768571236951949,0.0001435542222255,0.25,7.56871124529339E-7,6.7644852804655E-5,1.0839049042228E-6,3.0020847,3.0029142,999.840454101562,999.840454101562,62.0128434587373,20.8195088483686,5.900308,0,0,0,200,4885,2.99165,999.840454101562,,,,,,,,,,,,,0,,,,0.4952419,,,,,,3.00249945,,,,
,50390901,2.9994614,999.840454101562,6.81431069769721E-5,9.6154531547308E-8,1,4.99626677034896,40.0298881530762,1.99923697871921,15.1100000366569,0.000769950879617559,0.000144617953180084,0.25,8.27279074579999E-7,6.77767336277698E-5,1.15458553978171E-6,2.9968381,3.0020847,999.840454101562,999.840454101562,61.9565662053527,20.8181541989638,5.527248,0,0,0,200,4885,2.99675,999.840454101562,,,,,,,,,,,,,0,,,,0.49772805,,,,,,2.9994614,,,,
,50390906,2.9979495,999.840454101562,6.78635636130392E-5,9.72517600518602E-8,1,4.99626677034896,40.0298881530762,1.99952217361662,15.1100000366569,0.000766870974046411,0.00014418988678838,0.25,8.36744863970321E-7,6.74986306130132E-5,1.16264024020185E-6,2.9968381,2.9990609,999.840454101562,999.840454101562,62.3551967501604,20.8148879785297,5.527248,0,0,0,200,4885,3.0087,999.840454101562,,,,,,,,,,,,,0,,,,0.5002142,,,,,,2.9979495,,,,
,50390910.975,3.00048925,999.840454101562,6.81847670602833E-5,9.47594316851753E-8,1,4.99626677034896,40.0298881530762,1.99927301794635,15.1100000366569,0.000770254665999972,0.000145736654545385,0.25,9.18553526389923E-7,6.78177279006632E-5,1.24557743823406E-6,2.9990609,3.0019176,999.840454101562,999.840454101562,61.9190480364296,20.8167947616683,5.900308,0,0,0,200,4885,3.0171,999.840454101562,,,,,,,,,,,,,0,,,,0.50272525,,,,,,3.00048925,,,,
,50390915.96,3.00740205,999.840454101562,6.80454807136506E-5,9.46629251469549E-8,1,4.99626677034896,40.0298881530762,1.99927437020448,15.1100000366569,0.000768737060371661,0.000145123233292168,0.25,8.88787124547383E-7,6.76793272158026E-5,1.21529130444659E-6,3.0019176,3.0128865,999.840454101562,999.840454101562,61.8447933271027,20.8187134934376,5.900308,0,0,0,200,4885,3.01045,999.840454101562,,,,,,,,,,,,,0,,,,0.5052363,,,,,,3.00740205,,,,
,50390920.95,3.00547085,999.840454101562,6.81058427516521E-5,1.05547573331739E-7,1,4.99626677034896,40.0298881530762,1.99931795112331,15.1100000366569,0.000769609093360843,0.00014426162631153,0.25,8.01850561663507E-7,6.77397914372754E-5,1.12911084904791E-6,2.9980552,3.0128865,999.840454101562,999.840454101562,61.6814329665834,20.8188453152015,5.900308,0,0,0,200,4885,3.0023,999.840454101562,,,,,,,,,,,,,0,,,,0.5052363,,,,,,3.00547085,,,,
,50390925.945,2.9990132,999.840454101562,6.80487211615582E-5,1.10990797582932E-7,1,4.99626677034896,40.0298881530762,1.99927255257253,15.1100000366569,0.000769272245900067,0.000142281872596791,0.25,6.37300154444095E-7,6.76837744697625E-5,9.65157370402958E-7,2.9980552,2.9999712,999.840454101562,999.840454101562,61.8752768393527,20.8183842507178,5.527248,0,0,0,200,4885,3.0012,999.840454101562,,,,,,,,,,,,,0,,,,0.5052363,,,,,,2.9990132,,,,
,50390930.94,2.99825955,999.840454101562,6.8054053067542E-5,1.03085762627379E-7,1,4.99626677034896,40.0298881530762,1.99959706682589,15.1100000366569,0.000769095082938493,0.000144348156577246,0.25,8.16875390301226E-7,6.76882038783019E-5,1.14380368143881E-6,2.9965479,2.9999712,999.840454101562,999.840454101562,62.2223199018912,20.8100835886333,5.527248,0,0,0,200,4885,3.0004,999.840454101562,,,,,,,,,,,,,0,,,,0.50272525,,,,,,2.99825955,,,,
,50390935.93,2.99976405,999.840454101562,6.79499265362025E-5,1.04258118704009E-7,1,4.99626677034896,40.0298881530762,1.99943167777045,15.1100000366569,0.000768197227954226,0.000142179678814376,0.25,6.44640682281277E-7,6.75854694591384E-5,9.71977955440479E-7,2.9965479,3.0029802,999.840454101562,999.840454101562,61.7619407040642,20.8167856653135,5.900308,0,0,0,200,4885,3.0098,999.840454101562,,,,,,,,,,,,,0,,,,0.50272525,,,,,,2.99976405,,,,
,50390940.92,3.0020517,999.840454101562,6.8005046080459E-5,1.08962835855116E-7,1,4.99626677034896,40.0298881530762,1.99934718357879,15.1199996471405,0.0007684342340796,0.000144315628168162,0.25,8.24110455867665E-7,6.76394223298793E-5,1.15076172106034E-6,3.0011232,3.0029802,999.840454101562,999.840454101562,61.6603289965642,20.8156559375104,5.900308,0,0,0,200,4885,3.0098,999.840454101562,,,,,,,,,,,,,0,,,,0.50777255,,,,,,3.0020517,,,,
,50390945.93,2.9980928,999.840454101562,6.79453262842426E-5,1.02835201686681E-7,1,4.99626677034896,40.0298881530762,1.99947977163898,15.1100000366569,0.000767999800582545,0.000143103319581395,0.25,7.2672115744013E-7,6.75804940901317E-5,1.05359957980335E-6,2.9950624,3.0011232,999.840454101562,999.840454101562,61.5735682309296,20.813422149837,5.900308,0,0,0,200,4885,3.0036,999.840454101562,,,,,,,,,,,,,0,,,,0.5128705,,,,,,2.9980928,,,,
,50390950.98,3.0015272,999.840454101562,6.7990358700566E-5,1.00813779247894E-7,1,4.99626677034896,40.0298881530762,1.99936027920748,15.1199996471405,0.000768487184376329,0.000143063825425791,0.25,7.16059183852657E-7,6.76253390095319E-5,1.04321350923307E-6,2.9950624,3.007992,999.840454101562,999.840454101562,61.7017553080835,20.8164123310493,5.900308,0,0,0,200,4885,3.00145,999.840454101562,,,,,,,,,,,,,0,,,,0.5128705,,,,,,3.0015272,,,,
,50390955.985,3.0047935,999.840454101562,6.80269543565109E-5,1.00729780897501E-7,1,4.99626677034896,40.0298881530762,1.99943794629357,15.1199996471405,0.000768762749685229,0.000144096120542445,0.25,8.00335216391637E-7,6.76613298903228E-5,1.1272195501885E-6,3.001595,3.007992,999.840454101562,999.840454101562,62.065994198045,20.8185172814088,5.527248,0,0,0,200,4885,3.00255,999.840454101562,,,,,,,,,,,,,0,,,,0.5103088,,,,,,3.0047935,,,,
,50390960.92,3.0011023,999.840454101562,6.7954007453843E-5,1.08135160087329E-7,1,4.99626677034896,40.0298881530762,1.99945972487975,15.1100000366569,0.000767883853064317,0.000144299658740627,0.25,8.30963427242596E-7,6.75886217224299E-5,1.15732980728271E-6,3.0006096,3.001595,999.840454101562,999.840454101562,62.312988810122,20.8169771193355,5.900308,0,0,0,200,4885,2.99635,999.840454101562,,,,,,,,,,,,,0,,,,0.5103088,,,,,,3.0011023,,,,
,50390965.9,3.00089225,999.840454101562,6.81831891276287E-5,1.05993722235624E-7,1,4.99626677034896,40.0298881530762,1.99941208219654,15.1199996471405,0.000770525073758765,0.000144389725591178,0.25,7.99033539267406E-7,6.78167401622609E-5,1.12668530957871E-6,3.0006096,3.0011749,999.840454101562,999.840454101562,62.0206597439296,20.8181924176895,5.900308,0,0,0,200,4885,2.98905,999.840454101562,,,,,,,,,,,,,0,,,,0.5103088,,,,,,3.00089225,,,,
,50390970.915,3.00031065,999.840454101562,6.80233801542945E-5,1.06198628092557E-7,1,4.99626677034896,40.0298881530762,1.99935552101377,15.1100000366569,0.000769185220751684,0.00014127009088077,0.25,5.51895131603763E-7,6.76589839668151E-5,8.80083128891059E-7,2.9994464,3.0011749,999.840454101562,999.840454101562,61.7470897621988,20.817332181872,5.900308,0,0,0,200,4885,2.99515,999.840454101562,,,,,,,,,,,,,0,,,,0.5103088,,,,,,3.00031065,,,,
,50390975.92,2.9985286,999.840454101562,6.79445980923888E-5,1.08989866834511E-7,1,4.99626677034896,40.0298881530762,1.999285949174,15.1100000366569,0.000767606762909053,0.00014487931818687,0.25,8.84859088851007E-7,6.75789999977594E-5,1.2108930789191E-6,2.9976108,2.9994464,999.840454101562,999.840454101562,61.8455749556219,20.8202686021223,5.900308,0,0,0,200,4885,2.99725,999.840454101562,,,,,,,,,,,,,0,,,,0.5103088,,,,,,2.9985286,,,,
,50390980.915,3.00186895,999.840454101562,6.81835034390939E-5,9.96621338627391E-8,1,4.99626677034896,40.0298881530762,1.99923530593034,15.1100000366569,0.000770639570617791,0.000143375102280294,0.25,7.10445975350127E-7,6.78174840439482E-5,1.03857033423679E-6,2.9976108,3.0061271,999.840454101562,999.840454101562,62.1558814777566,20.8192104582389,5.527248,0,0,0,200,4885,2.9959,999.840454101562,,,,,,,,,,,,,0,,,,0.5128705,,,,,,3.00186895,,,,
,50390985.9,3.0072235,999.840454101562,6.79509055693744E-5,9.42894313223197E-8,1,4.99626677034896,40.0298881530762,1.99940075335108,15.1100000366569,0.000768040562445961,0.000143071983687505,0.25,7.23451638286545E-7,6.75860597814727E-5,1.05037460727552E-6,3.0061271,3.0083199,999.840454101562,999.840454101562,62.0972593388143,20.8160024318928,5.900308,0,0,0,200,4885,2.9967,999.840454101562,,,,,,,,,,,,,0,,,,0.5128705,,,,,,3.0072235,,,,
,50390990.89,3.0030009,999.840454101562,6.79699238094179E-5,1.14845525202026E-7,1,4.99626677034896,40.0298881530762,1.99938447467119,15.1199996471405,0.000768117413629887,0.000143864825946408,0.25,7.90230799090249E-7,6.76046517541986E-5,1.11689124991255E-6,2.9976819,3.0083199,999.840454101562,999.840454101562,62.055833027295,20.8170825002913,5.900308,0,0,0,200,4881,2.99885,999.840454101562,,,,,,,,,,,,,0,,,,0.5103088,,,,,,3.0030009,,,,
