{"sw":[1.0016025641025641e6],"dataImag":[[-12086.229,-254749.95,-367688.2,-25816.068,13706.07,-6291.581,-6276.656,10230.721,15356.375,-6983.7373,-21627.846,-7069.9146,15705.627,12402.193,-9261.986,-4660.859,18876.12,24436.621,5139.889,-7856.2563,5464.812,19049.781,7435.607,-14559.875,-12429.336,10908.027,15597.687,-4842.927,-15234.49,1022.6225,16966.367,4912.847,-17074.525,-14882.453,7642.276,9907.166,-12076.598,-20148.93,-1155.606,16685.91,4455.983,-15712.08,-8096.0166,14655.238,16048.807,-7999.8086,-18923.168,-1221.4669,13119.202,-1334.804,-21369.664,-15073.539,6750.0283,9707.133,-9540.502,-15690.383,3577.5784,16998.2,3564.1877,-14220.281,-5118.7056,17071.61,17454.625,-5978.324,-16266.373,2027.0845,15240.303,819.8968,-16939.504,-8400.395,14664.545,14913.948,-5459.1196,-12142.532,6304.274,19923.168,4283.9297,-14948.8955,-7174.44,14840.795,13493.441,-7891.484,-15520.306,3123.8079,18428.93,5301.7134,-13094.981,-3077.7026,18202.887,15525.052,-8492.439,-13432.468,8617.3,19975.674,821.1368,-17860.66,-6880.186,13208.794,9989.944,-10808.25,-14792.094,5895.989,16981.627,-2608.719,-20691.395,-9423.475,11655.581,11765.099,-9693.8,-14322.726,6451.737,17222.943,-673.9192,-18044.355,-7260.298,13551.41,8363.641,-13304.321,-14945.523,4892.593,13971.865,-2832.0244,-20616.828,-9800.176,12545.336,7854.229,-14334.299,-15904.604,3199.425,12388.509,-4028.4949,-18685.861,-3485.661,16498.57,8510.452,-13469.6,-14722.5,8323.137,16319.54,-3526.9404,-20822.46,-6350.98,16064.865,10310.183,-10222.936,-9878.54,11678.733,18863.605,-212.0664,-13569.793,480.36172,21119.703,13639.727,-7030.6733,-6814.5107,15974.3125,24008.201,4850.7783,-9524.921,5367.968,25441.703,17733.322,-1711.2277,640.84216,23418.666,31594.363,10999.565,-2110.138,13769.582,32603.873,21854.547,-1501.4155,135.42365,22099.822,27678.537,6395.1885,-8315.538,6177.058,24283.227,14065.547,-9573.883,-9175.223,13323.596,17011.252,-6592.988,-20477.176,-6773.724,7333.7583,-6549.627,-30881.139,-28891.49,-6621.3213,-3856.849,-28485.45,-43435.81,-28895.174,-12362.084,-24635.574,-47150.75,-42670.44,-20693.594,-18033.266,-40233.766,-51257.22,-34174.45,-17735.309,-29338.975,-50491.457,-43429.16,-17647.969,-13725.256,-34456.492,-43285.105,-24056.586,-7434.348,-16891.783,-34614.355,-25372.271,-847.2838,4625.255,-15138.204,-22205.125,-275.4119,15295.575,3534.4382,-13618.999,-4564.976,19943.453,23941.066,3850.84,-3436.9802,15889.975,30870.186,17334.297,-2060.8948,7302.187,32546.828,33753.82,10924.331,4649.339,21626.729,35624.133,22491.406,1613.9503,8446.5,30043.932,27897.355,6682.8594,-698.1268,17662.492,29566.58,11682.921,-9118.616,-847.07776,20648.291,21574.094,-964.3433,-10281.065,9319.2705,19874.55,1817.6385,-16639.52,-7230.2773,13826.448,12608.401,-10082.32,-17119.045,3397.624,16751.621,313.30432,-19686.549,-8930.75,14203.321,10956.79,-11744.298,-16217.533,3612.693,14551.718,-2360.2615,-20366.404,-8511.071,12886.984,7946.796,-14849.305,-17666.21,5080.4375,17028.645,-547.4758,-19113.648,-7921.8125,12388.828,9049.989,-10984.536,-15571.402,5229.8267,16208.117,-2251.0908,-18465.994,-4392.3066,16923.475,10464.528,-13283.957,-14145.436,7348.4663,15297.832,-3763.669,-19401.021,-6107.781,13652.402,6815.109,-15380.023,-14982.92,7803.7466,17027.857,-1516.8458,-17089.83,-6402.409,12657.672,7633.4785,-12505.139,-13816.01,8116.9946,16109.485,-4096.2534,-18542.787,-4803.722,14569.433,6683.3223,-13469.008,-12703.59,9187.615,16968.395,-2762.2756,-18482.324,-5294.3037,15913.214,8279.332,-15364.423,-13737.255,10481.419,18171.041,-2191.9429,-16024.565,-1950.181,15360.587,6113.057,-14270.422,-13029.218,10949.018,17895.277,-4650.2505,-18810.496,-920.17694,16733.34,6064.8765,-14751.434,-11334.146,11970.067,17027.625,-5340.6904,-17533.395,-1192.6276,15814.093,6039.8413,-15061.497,-12234.057,10629.609,16666.562,-3103.588,-15018.964,-1738.3486,14532.515,4652.853,-18034.045,-13202.341,11872.282,15954.391,-5756.604,-17111.803,361.14572,16019.703,3962.502,-17090.906,-10002.787,13700.133,16963.643,-3922.905,-13765.393,4473.2095,18478.162,5217.7163,-14523.441,-10134.078,10007.552,13678.263,-7206.768,-17294.582,1402.1688,18674.287,3594.6016,-18138.426,-10715.929,12718.0625,15106.399,-6560.971,-15006.322,4481.8774,17311.338,1329.9446,-18063.848,-10986.357,12923.529,15364.193,-8600.25,-18415.549,2744.2874,18982.18,2464.476,-17233.662,-7958.3105,13572.818,13232.681,-7732.2773,-12553.64,5962.497,17793.242,2481.772,-15960.256,-7382.072,15229.985,14167.292,-7975.633,-15699.784,5382.955,18995.82,1711.6504,-18463.658,-9271.433,13737.848,12608.771,-9553.356,-12329.853,7408.6562,18798.459,1786.7288,-17072.832,-6431.442,14637.976,11777.651,-10101.605,-14563.6455,7567.0103,20125.004,638.56287,-19631.465,-8090.9077,14192.943,8993.512,-12722.111,-14470.014,6173.4253,16063.207,-887.6729,-16595.352,-6442.542,13113.458,10595.865,-11380.578,-14367.816,8184.5254,18704.494,591.7589,-16829.328,-6105.609,14102.922,8679.269,-12884.955,-15117.902,6872.0923,17405.826,-823.6344,-18019.482,-6208.391,13240.2705,8684.249,-13311.424,-15016.695,8499.559,17638.18,-959.71704,-17854.21,-5014.7407,16030.682,7388.4546,-13264.641,-12813.321,11381.22,18481.145,-2897.3684,-17561.293,-2215.5664,16759.754,6858.4863,-15802.557,-14773.277,7822.017,15439.772,-4514.1284,-19213.096,-4109.9434,15640.044,5890.643]],"spec":[0.0],"history":["RS2D Spinit data loaded from C:\\Users\\TXB909\\Documents\\strain-cell"],"hyper":[0],"dFilter":0.0,"ref":[1.69e7],"wholeEcho":[0.0],"freq":[1.69e7],