{"sw":[1.0016025641025641e6],"dataImag":[[-5423.094,-170273.45,-285906.7,-21964.217,13506.49,-5898.777,-6175.1733,10370.933,16176.336,-7224.74,-23774.605,-5191.528,16681.984,14357.56,-5488.423,-1938.9539,21153.957,23905.35,4090.8152,-7704.2573,5616.0117,20106.447,7400.3667,-14951.659,-12486.965,10655.084,13334.391,-8530.879,-17488.494,213.98367,17796.148,4974.763,-17000.416,-13135.684,6635.9536,7813.1675,-13701.853,-23974.336,-5141.5103,14164.085,4630.242,-15677.662,-9065.812,13099.121,14324.669,-7685.379,-18888.76,-2308.5518,12104.556,-913.2073,-20345.363,-13777.868,7589.122,8714.61,-10538.882,-16269.369,2578.9893,17325.857,5123.3105,-11688.06,-4068.2646,16702.986,16860.43,-6823.0234,-16014.024,3138.162,16268.343,728.3993,-17468.477,-8445.662,14203.705,15467.962,-5543.7437,-13311.068,6136.5913,19789.338,3107.901,-16472.525,-7744.838,14436.639,13604.865,-5547.8735,-11446.999,6696.389,17468.11,3064.988,-13833.125,-2559.4678,20480.682,16429.102,-6787.7017,-11910.482,7341.7217,17149.766,250.3596,-15990.497,-4815.368,15053.847,12363.758,-7857.821,-14975.657,4627.103,17481.97,-485.81824,-20738.914,-9052.882,14431.706,11717.702,-11678.456,-16050.964,5000.332,16182.049,-494.55655,-17651.94,-7460.7847,12746.982,10231.354,-12290.072,-15350.692,6177.3755,15586.123,-2610.94,-17947.621,-7427.878,12767.364,9664.262,-11860.698,-14099.076,7840.9473,15755.838,-2079.7952,-15227.607,-3561.8823,15138.378,10119.111,-13127.993,-15897.601,6142.607,15518.3,-2728.271,-19401.672,-5306.909,15959.376,9063.979,-10903.2,-11280.293,9686.625,20077.104,2014.6642,-14361.28,-750.88165,19899.344,12110.1875,-8829.18,-5941.0776,17828.104,26184.506,6444.626,-8267.675,5385.4277,26518.068,20009.965,-296.9068,-64.597824,22673.07,30616.22,10319.733,-4241.321,10272.883,29365.453,22249.807,-600.401,222.11865,23138.512,25683.422,4253.713,-10430.445,4673.9927,22232.764,10430.8125,-10467.576,-7878.395,11381.79,13486.166,-9421.228,-22951.219,-9596.001,6790.887,-5252.678,-28940.842,-29593.145,-7875.494,-3743.4988,-27304.453,-42035.65,-27138.041,-12010.288,-25416.54,-46959.938,-42108.723,-21534.102,-17032.863,-37898.242,-49789.6,-33077.46,-17159.494,-28733.703,-48163.527,-43794.473,-21420.486,-15437.822,-33665.902,-41791.633,-21589.22,-4789.49,-14111.985,-30751.658,-24385.96,1748.3286,5939.0767,-14694.026,-22553.666,-1614.8739,15189.371,3554.3523,-13968.3125,-3559.092,21337.617,22587.268,2021.2267,-5117.8477,16152.263,32313.879,18378.125,-1270.8555,8163.8926,31317.525,32098.01,11925.137,4851.2734,23140.818,35292.203,19704.723,-369.6019,7247.7754,31073.514,29149.527,5302.1343,-1472.5156,16390.775,28753.57,13337.371,-7832.9272,-419.19656,19305.422,18966.031,-3817.9534,-11486.274,9233.082,21025.596,2511.1309,-15044.642,-6530.671,14123.921,11833.274,-10473.897,-17122.24,2462.6494,13417.19,-2590.3865,-21460.936,-11857.52,11844.261,10062.639,-13310.892,-17075.123,4314.0977,14609.65,-1802.6704,-19366.766,-9286.939,11276.66,8672.733,-13358.006,-15688.713,6787.027,15785.648,-2162.5542,-19203.348,-7380.7476,13696.78,9297.123,-12160.2705,-16102.116,6298.3403,16431.287,-955.3427,-16226.617,-4696.8164,14957.08,10413.189,-11890.199,-14897.973,7149.313,17293.22,-593.4195,-16906.324,-5354.5337,14550.181,9347.643,-13948.783,-16176.228,6505.052,14809.501,-3941.1416,-18623.143,-6370.046,13441.478,7308.454,-15941.898,-17161.129,4688.9985,13192.859,-3269.8777,-16811.184,-2570.1807,14918.592,5930.1543,-16341.746,-15453.62,6261.6074,13822.866,-4275.8037,-18497.865,-3342.0474,15254.131,6307.033,-14047.13,-13051.105,9058.476,15977.514,-3228.286,-16226.277,-884.1965,16499.324,7525.071,-13718.77,-13105.43,10312.245,16515.506,-4194.58,-17682.475,-1686.3975,15814.932,4714.993,-15899.636,-12486.263,9232.288,14348.5,-4026.9285,-17423.865,-2564.8027,15997.739,6937.064,-14150.946,-12204.515,9329.355,15458.848,-3807.6199,-16116.825,-69.88948,15267.139,2624.065,-17010.246,-12034.849,12319.689,17308.123,-4158.945,-15412.333,1689.1166,17730.133,4874.8413,-16900.627,-11357.997,10579.327,15275.677,-3737.8967,-16055.245,-131.75702,16786.17,4411.6265,-16732.03,-11376.438,13713.512,14577.301,-9055.764,-18817.162,576.4818,16221.109,3131.2297,-15875.588,-8791.875,12942.464,14987.1875,-7699.539,-16213.841,3706.025,18171.043,4888.533,-16412.707,-10966.939,12428.584,13517.871,-7266.087,-15440.45,4944.7427,20116.213,4955.7563,-15682.747,-8881.674,13011.4,14557.398,-7594.0234,-14841.012,4494.7656,17687.957,2418.4368,-17559.523,-8087.034,15194.11,12927.11,-7789.2466,-13365.573,4480.3276,17737.494,2323.8652,-16346.017,-6714.995,17115.99,15186.827,-8123.366,-14201.829,5424.1016,18295.154,1867.5054,-16580.37,-6791.457,14715.89,13538.62,-9284.941,-14107.866,8032.3813,19414.271,349.88077,-18105.977,-7536.8525,12813.879,9754.101,-10972.025,-13844.227,7682.1577,18973.879,258.9539,-17360.592,-6926.1978,13395.28,9509.064,-11364.316,-13356.329,7225.057,15585.333,-2066.6519,-18456.291,-5823.336,15958.744,12527.158,-10594.779,-14815.269,6471.2544,17138.53,943.22736,-15604.977,-5729.816,15188.37,10010.557,-12750.804,-15527.892,5581.087,13958.823,-3621.1458,-19663.775,-6801.157,15764.433,10875.868,-12086.864,-14015.89,8566.966,17261.03,-1750.2078,-15196.27,-1022.6873,16094.136,6297.8887,-14814.479,-11040.809,10710.709,15695.525,-3157.3628,-15353.242,-907.509,15217.893,6679.8506]],"spec":[0.0],"history":["RS2D Spinit data loaded from C:\\Users\\TXB909\\Documents\\strain-cell"],"hyper":[0],"dFilter":0.0,"ref":[1.69e7],"wholeEcho":[0.0],"freq":[1.69e7],