{"sw":[1.0016025641025641e6],"dataImag":[[-25999.479,-418704.9,-484102.97,36348.547,7960.766,-27620.604,7019.811,22714.441,-80658.74,-191070.94,-71343.914,79547.03,35893.23,-84054.39,-139236.83,-48722.094,51672.848,41079.133,-9996.252,18313.006,73419.06,44310.336,-36526.734,-52099.773,15236.469,38441.35,-43202.863,-110653.08,-64341.758,10282.256,-19240.045,-96354.73,-85671.77,8781.634,37257.914,-46070.285,-119921.79,-69440.555,-5845.1133,-56452.625,-118313.45,-88176.875,26253.834,73001.15,-4363.1274,-55198.344,1711.8607,90099.18,59650.684,-27561.186,-26609.477,50537.8,64997.09,-35821.258,-111810.54,-68154.11,2625.341,8375.949,-46125.887,-35783.605,66965.29,62612.95,-28842.03,-55801.61,2909.6536,63434.613,26397.277,-42543.46,-16358.817,88529.59,112752.13,24798.984,-33186.273,20453.691,75342.0,37275.645,-39960.58,-25504.855,54368.44,47229.066,-41287.152,-95050.57,-15584.576,64158.383,18303.732,-60998.285,-52070.074,28736.178,59639.965,-12184.468,-45555.67,25278.19,81826.484,26247.33,-62789.977,-58281.367,14951.316,35552.434,-21730.24,-36803.656,48367.168,103394.5,37914.688,-44941.305,-28350.893,43568.99,43844.555,-45209.906,-76894.336,-3560.0735,65274.1,23704.018,-56416.95,-28974.188,63856.195,61114.227,-25635.383,-65261.94,3.29513,56101.355,9321.68,-62751.297,-38675.707,47353.78,51481.31,-27519.348,-55985.06,16054.57,68513.77,3181.7651,-69758.36,-45067.62,29175.002,32534.727,-40980.45,-62721.32,8335.504,47422.07,-29805.18,-104010.56,-67725.75,26002.729,30741.488,-53172.133,-74795.88,9891.542,56463.555,2398.263,-63943.445,-34832.016,48171.48,38098.652,-43465.29,-59620.57,15776.37,63231.89,5866.2627,-59636.742,-15912.381,65180.438,48881.38,-32771.305,-43095.844,39527.3,83337.85,12785.579,-59407.305,-17786.75,69610.46,56463.09,-17088.879,-30217.271,41206.184,81961.85,16415.701,-48594.066,2840.7627,84706.94,56696.863,-21070.287,-24994.773,56796.395,91351.35,15355.857,-53847.23,-11023.104,63624.168,37656.98,-48362.316,-55835.062,34291.668,76726.68,9979.907,-50480.22,-7292.423,65447.832,44362.164,-45800.383,-61494.594,17940.514,57193.098,-8562.826,-69832.055,-16053.515,48260.473,11446.041,-55945.473,-49152.03,38250.242,75325.07,-341.9827,-59931.543,-11098.651,62222.977,36039.46,-55982.87,-55340.63,32936.51,62742.56,-10054.465,-64649.816,-5174.062,63692.61,32116.37,-43721.1,-39042.457,38690.848,57084.76,-19057.84,-65840.13,-3806.3347,56980.395,20396.02,-56575.426,-45907.406,35171.992,58590.484,-21153.08,-71540.75,-10579.141,59037.56,20021.914,-62534.547,-51899.22,27479.184,42681.01,-23328.783,-59502.742,2992.0034,68403.42,24785.227,-61490.117,-45590.023,36147.953,46383.266,-26881.428,-73345.25,-941.0873,61162.047,13096.452,-61384.645,-47788.39,45840.31,55838.406,-26439.844,-61129.543,-135.81914,58850.098,15433.516,-61241.15,-36178.477,47474.25,52783.723,-27977.312,-64721.36,8627.091,74387.08,19265.873,-60294.42,-41935.246,43684.87,51961.832,-26286.611,-66757.555,4958.154,65635.61,8768.337,-65870.74,-31878.412,45903.402,42449.1,-38292.656,-70521.22,6230.5493,71153.45,15595.88,-61989.137,-32926.523,45717.47,47222.746,-37035.457,-60760.266,22657.684,73923.016,10446.245,-71977.516,-42968.816,39909.766,45201.125,-37264.79,-63010.008,17603.305,73141.75,22780.91,-50087.605,-30962.7,51572.906,47414.43,-32844.254,-55744.934,12942.048,60386.285,6921.344,-61471.93,-25742.266,47952.273,44475.97,-30750.736,-48414.062,27887.113,72820.44,7886.167,-66269.0,-42141.777,42025.65,37285.586,-40265.47,-55571.887,27236.082,79144.49,10096.786,-70143.68,-28538.092,51311.88,43103.0,-40387.773,-50935.227,27150.062,63142.598,-1051.8455,-61550.016,-17580.57,54033.242,34335.188,-46181.043,-56760.29,24525.842,67457.555,-4037.517,-69001.64,-13210.573,65872.86,37634.89,-48855.17,-63198.9,22949.752,66354.56,-9097.21,-68626.195,-18557.168,56579.78,33333.13,-48068.125,-54172.812,22560.78,61558.027,1656.6919,-57469.312,-10539.434,68020.484,43403.88,-47440.47,-57026.34,21000.545,51518.13,-19976.938,-68371.9,-14632.302,63860.93,33225.895,-59250.188,-53579.58,32449.496,68262.05,12095.893,-48024.246,-5178.2173,68326.63,37135.914,-43558.383,-37790.64,39773.746,62192.81,-11423.358,-59312.402,-1054.8855,55588.055,13164.141,-68195.81,-59020.82,31638.074,46997.227,-23476.807,-55675.49,4094.1582,73737.83,34546.336,-56888.195,-52073.754,33863.254,64562.613,-6985.941,-59230.79,-1849.0618,70049.734,26087.842,-51392.29,-32851.535,41170.086,55339.605,-19356.215,-65088.055,5046.758,60393.555,10430.174,-62142.87,-45174.156,28664.041,55273.273,-20124.498,-69949.01,1040.794,66735.914,19432.512,-54227.023,-39481.887,46607.543,53116.727,-29041.7,-70914.61,-323.00677,75316.945,25845.504,-60384.887,-42504.92,33277.633,34930.836,-32708.145,-57264.223,1314.7422,61892.465,10738.01,-65554.27,-34052.508,52360.746,50942.69,-24744.734,-54901.15,10502.878,60341.38,5068.1206,-69029.83,-45166.027,41647.523,58590.312,-24029.514,-49646.836,24501.912,72487.05,14687.883,-67852.25,-46066.31,29400.207,26635.805,-34051.777,-54838.52,5406.5815,57297.91,21550.139,-54775.125,-30870.447,46284.855,45353.207,-41023.85,-67395.08,14748.298,68244.81,10266.362,-64920.277,-30782.371,55537.13,56190.82,-27696.758,-48165.07,23851.816,58210.418,3826.346,-60548.207,-31757.045,56853.8,40383.707,-50882.844]],"spec":[0.0],"history":["RS2D Spinit data loaded from C:\\Users\\TXB909\\Documents\\strain-cell"],"hyper":[0],"dFilter":0.0,"ref":[1.69e7],"wholeEcho":[0.0],"freq":[1.69e7],