{"sw":[1.0016025641025641e6],"dataImag":[[-1969.436,-8991.896,14007.755,18385.766,4077.2405,-13396.874,-10515.924,8208.279,12522.667,-2634.0542,-10954.528,3119.7136,15787.571,2696.884,-19865.383,-17792.99,4032.9775,5087.125,-16071.733,-25513.656,-6305.906,13076.663,1812.3528,-17621.162,-11882.852,11918.111,15370.461,-7310.578,-21341.137,-6327.7007,8342.383,-2603.4695,-21417.6,-15559.211,10310.377,15511.419,-7914.3115,-18015.107,-829.91223,13173.711,-1178.1012,-22767.166,-16358.518,8107.2188,10944.173,-12237.813,-21169.047,-850.89545,17828.041,5275.563,-14144.142,-6728.79,15581.536,15948.574,-5720.679,-15263.874,2072.383,15756.106,1085.5685,-19484.809,-12675.147,11170.386,13975.672,-6972.1533,-14254.898,7678.7285,24610.227,8389.462,-12968.408,-4323.4395,19548.389,19347.268,-4366.6,-12057.376,5923.856,17833.82,1591.4166,-15971.316,-5101.222,18687.875,16884.205,-6981.994,-14353.632,5177.517,16876.691,1627.0898,-17195.723,-9367.871,13096.718,11084.514,-11936.941,-16053.944,4044.311,17221.744,1884.2024,-16806.88,-8508.239,12937.961,10350.3545,-10581.673,-14845.233,4410.979,15950.04,384.23785,-16919.021,-6099.4897,14471.751,11874.813,-10771.168,-16004.249,5144.794,16200.393,-2208.009,-18113.777,-6014.2725,13269.043,8915.746,-13572.847,-14845.655,8358.343,17747.07,-1094.0779,-17867.467,-5844.504,15176.57,11771.135,-10915.837,-14191.907,7328.675,16319.936,-2263.8472,-17738.574,-5337.159,14234.857,8260.206,-14269.459,-15193.823,8379.69,18034.656,-64.7772,-15631.736,-1158.6532,19131.21,12592.846,-8587.776,-7764.542,14090.896,20215.717,1786.1414,-11870.509,1286.2368,21681.338,15700.618,-5965.4834,-6533.1484,16822.15,26295.445,7707.411,-4425.2085,8514.526,26842.14,21870.215,-2049.8652,-3054.2937,21457.945,29432.03,10085.8545,-2699.423,12149.869,30297.592,19869.904,-3125.4192,-1633.9921,21312.018,25535.49,3950.4524,-9934.58,3284.6875,18504.38,5813.894,-17250.797,-14498.314,6434.857,10416.857,-11831.64,-26783.008,-13486.097,3336.6133,-8645.194,-30824.912,-29300.5,-8472.002,-6557.1675,-29496.582,-43660.36,-28705.54,-11957.702,-22895.225,-43065.05,-41198.875,-19302.752,-16107.4375,-36040.766,-47792.984,-31835.74,-15342.763,-25420.312,-45053.938,-38919.83,-15193.901,-11382.229,-30660.113,-38455.887,-19056.96,-1759.9287,-12251.884,-30783.242,-22472.783,2363.3892,8058.052,-10813.949,-17860.062,247.65027,16894.312,7556.9155,-8886.243,318.41763,24347.28,26361.441,6196.9805,-2638.8848,17064.69,32084.13,20346.945,2181.093,9926.339,33086.39,31679.639,8778.63,2550.626,21558.924,36007.746,20381.143,154.68813,10259.138,32595.23,28420.656,3835.5154,-3482.5447,14929.188,27834.174,12453.3,-8107.6343,1158.1907,23045.162,21105.895,-1659.8936,-8502.335,10615.544,22496.42,4295.4473,-15306.91,-5950.9014,15052.69,13244.665,-7964.2993,-14442.342,5279.459,17284.178,-812.9061,-19959.443,-10688.021,9483.485,9083.124,-13082.383,-15235.293,5543.0396,15002.172,-1477.021,-17720.816,-7284.4062,15622.575,11664.318,-11371.842,-14989.046,5532.252,15938.646,-56.465805,-16993.504,-7760.8237,11965.987,9882.003,-11225.572,-14676.581,7161.6816,17529.91,-901.09094,-18640.393,-7076.542,13033.574,6623.8906,-13492.928,-15427.717,4821.5625,14451.029,-2352.654,-16764.658,-4400.0566,14300.587,9675.799,-14619.773,-15552.892,7807.9863,15869.786,-4555.2837,-20656.086,-8041.784,12985.891,8594.821,-13376.472,-15441.137,6296.885,15720.606,-3629.7192,-19164.492,-6122.488,13357.6455,6201.3213,-13745.3,-11957.899,8802.428,16853.639,-4083.6602,-21108.822,-5458.246,14805.853,8502.096,-11119.143,-11066.315,10315.465,16178.37,-3789.2646,-16702.43,-687.66144,17830.492,7482.887,-15946.441,-13092.241,10713.522,17084.053,-3187.456,-14954.199,-996.544,15757.443,8025.462,-12580.813,-11706.601,10672.586,15536.816,-5615.765,-17103.572,-1284.6104,16095.548,5513.072,-16669.488,-13146.811,10739.008,15822.151,-5087.897,-18883.4,-2580.8914,15880.602,4326.0156,-18540.855,-13025.182,10652.217,13642.845,-6565.112,-17051.514,1284.3223,16938.887,4314.5527,-18154.268,-11124.784,12058.186,13270.626,-8038.3516,-17780.557,-281.4472,15915.141,3901.17,-15707.35,-9645.769,12754.637,14825.942,-7292.127,-18243.01,-1099.4056,15907.151,3173.6062,-17519.676,-10567.712,13812.096,15826.293,-6560.8945,-16388.793,2361.089,18875.564,5259.467,-15803.9375,-9494.041,13230.016,12911.045,-9700.4375,-16801.32,2614.775,17140.07,1755.7396,-18069.975,-8325.598,14169.928,11939.255,-8944.674,-14506.987,3894.0527,17287.271,1564.1095,-17785.086,-8548.616,14284.387,11242.201,-10119.276,-14630.229,4080.7793,15507.422,339.177,-18871.635,-8395.706,14029.833,11686.597,-9028.006,-13419.119,7061.9556,17617.676,-28.237972,-18684.146,-7898.947,14199.627,10528.541,-11356.081,-14905.961,6359.9033,18732.818,1462.0553,-16126.439,-4030.2942,16713.324,13765.666,-7987.614,-12765.592,5779.3677,15578.785,-2180.6113,-18713.232,-6783.9614,13683.227,11282.648,-10190.344,-14291.843,9471.368,19087.516,-1222.3417,-17442.232,-4317.752,15095.252,8986.064,-14353.601,-16444.031,6214.721,14458.504,-3342.811,-18225.41,-6214.8066,13739.739,9594.435,-9547.497,-11926.2,6834.877,16946.658,-1256.6194,-18376.555,-6170.017,14190.43,7523.178,-13001.469,-12988.227,7549.3438,15616.021,-2808.3655,-17457.146,-2015.1503,16075.989,7720.5435,-14671.182,-15203.2,8466.033,17771.836,-3312.7903,-17278.904,-2269.503,16891.176,8812.902]],"spec":[0.0],"history":["RS2D Spinit data loaded from C:\\Users\\Birmingham.DESKTOP-9DIJDH4\\Documents\\NMR analysis stuff"],"hyper":[0],"dFilter":0.0,"ref":[1.69e7],"wholeEcho":[0.0],"freq":[1.69e7],