{"sw":[1.0016025641025641e6],"dataImag":[[-91737.625,-924871.1,-668806.75,-12661.528,2394.6267,11499.492,-26792.723,-62090.445,7576.375,101550.08,104461.18,103444.93,80645.9,36228.74,25594.373,-48142.625,-67223.59,28855.76,100465.9,62929.367,-72136.336,-104236.95,15717.035,76570.75,57958.348,-24984.855,-71897.94,-40055.76,-77248.266,-136949.89,-116038.01,7990.0,85141.29,-9713.649,-104367.34,-82798.33,24780.162,30494.969,-77509.695,-99431.8,-19083.941,17891.893,-52435.426,-119684.766,-62599.26,19701.062,28210.926,-33438.848,-1802.0759,96451.58,121336.71,33655.645,-26946.346,40581.55,68082.805,-12933.086,-126060.58,-126108.695,-23864.527,34411.66,6611.166,-46015.504,-48283.31,-24224.768,-50785.77,-97451.91,-69348.42,32431.27,33654.305,-40406.348,-68558.01,19856.947,104446.805,20667.465,-96476.984,-89891.414,44338.11,128463.04,48306.477,-51273.355,-5292.0234,74188.11,21017.533,-73880.62,-42001.07,81802.945,93453.96,307.89624,-69970.47,-12562.197,52724.79,16463.072,-35689.508,-36666.094,18995.877,39078.992,-39571.28,-85127.28,-17674.904,37105.42,-31425.045,-92192.85,-60990.438,12957.793,70428.94,-1881.4421,-89335.01,-25481.172,62311.9,4738.9434,-81394.02,-66050.52,28729.43,55061.703,-27832.996,-90214.03,-18425.496,76556.59,14464.595,-74841.66,-43278.074,50776.684,67176.34,5608.353,-21282.873,51429.363,105734.79,18015.281,-78323.0,-44768.84,43435.785,30703.984,-59362.086,-82846.875,4895.867,90046.9,39394.402,-48693.816,-24661.691,69132.836,91679.85,28555.166,7981.466,65496.33,111904.586,37341.04,-71328.06,-40905.453,75180.54,92213.78,-5770.886,-60581.387,2477.838,72863.05,20630.918,-48981.605,-13056.35,68737.1,29069.316,-80879.8,-87606.41,-769.4973,49778.75,293.53226,-55145.574,-6483.8105,69532.04,46869.832,-53758.562,-71606.05,3013.3923,62908.613,30055.262,-41914.895,-6899.5034,78553.94,60347.402,-38695.04,-75420.79,5886.4683,67386.91,11914.137,-61611.348,-30643.148,71543.375,80313.12,-11136.201,-40115.973,42489.867,96067.47,7849.1753,-78895.414,-20794.45,96196.875,81444.06,-28913.23,-47833.277,28492.879,42959.008,-46624.85,-114952.44,-51999.25,51655.55,30197.188,-58208.51,-60829.258,18364.434,68422.13,6065.1484,-58099.812,-11145.508,64576.863,37923.707,-57541.598,-93556.06,-11513.31,43972.938,-23942.574,-106275.32,-64263.527,29901.623,30692.568,-49131.83,-55491.023,35931.824,83134.734,-8507.488,-78195.11,-24549.07,57334.4,23731.135,-87516.25,-66062.125,48384.734,80660.055,5248.2764,-50838.035,3418.4695,81969.65,48816.57,-33385.52,-23109.39,44781.348,58070.082,-31445.494,-87557.22,-30775.107,49089.63,28083.928,-55367.383,-67808.63,21009.564,48284.734,-26043.79,-76726.92,-12261.259,70388.92,45994.89,-45302.15,-57480.848,27661.746,70140.64,-14353.168,-77957.87,-9540.095,72453.82,37850.215,-68240.09,-61776.043,47422.375,62885.816,-16453.633,-55262.52,6326.7617,64575.39,17958.83,-63772.89,-49227.85,26342.822,34999.066,-44252.855,-71491.3,429.4854,57395.555,20554.383,-58341.55,-54041.242,48654.902,72910.805,-7425.936,-66031.484,-4418.599,69651.0,27592.07,-63022.473,-63628.293,37534.44,64413.188,-21051.898,-60978.203,15504.553,85394.76,26896.354,-61659.04,-26607.85,61607.605,64690.734,-33493.24,-68527.71,13034.747,69937.36,12797.217,-66856.13,-39088.434,43793.42,52924.87,-24733.314,-47023.664,19967.957,65390.984,17933.213,-41728.88,-13227.936,57307.082,60734.867,-27496.666,-70013.2,7360.981,61481.47,20142.521,-71041.05,-59134.074,36877.773,52494.64,-34357.316,-82800.05,-967.7337,61294.82,-1764.5621,-88824.11,-42788.816,65119.867,55824.812,-44662.684,-61588.17,31088.482,78432.48,1427.2822,-77469.29,-31168.652,50512.957,38471.18,-41165.36,-47888.258,37525.918,78904.695,11441.767,-72090.15,-44553.645,34648.34,37367.824,-35377.44,-66849.2,-1848.7854,47688.492,-8046.3174,-79820.766,-39783.777,52800.54,50483.258,-35499.965,-53495.152,28209.025,69744.68,1331.2417,-72330.83,-39281.586,54895.07,32062.191,-59638.062,-51854.516,51166.81,73412.48,-9774.536,-77772.2,-19337.432,58264.234,39581.574,-48572.45,-54678.24,38444.49,65590.99,-10996.656,-67229.39,-24913.662,47027.16,34144.715,-42302.586,-49793.938,33820.64,61376.19,-19688.836,-81964.586,-21262.299,79324.055,60486.07,-38873.914,-65488.027,30649.537,80071.17,-5.937809,-74336.06,-23188.125,71165.86,28706.334,-64141.87,-50155.8,52186.26,69038.78,-28206.898,-72718.695,588.2883,81796.69,29047.74,-58245.703,-33986.473,61842.746,64018.47,-15845.805,-60055.008,-12038.66,51503.0,30340.982,-40861.844,-43585.973,46469.047,83810.3,4050.887,-71369.7,-25835.916,59134.01,32147.29,-62527.258,-51169.79,44423.28,73689.67,-7032.8306,-71958.44,-15634.01,60705.965,19912.338,-76206.336,-55501.207,53404.133,67674.71,-19948.889,-71276.195,2683.6694,78514.86,40512.547,-44112.414,-26243.63,70172.33,82044.49,-9385.503,-57838.72,12511.326,67326.22,17562.31,-56383.062,-36640.39,65955.15,77882.34,-11083.044,-71292.734,-11874.639,70871.98,27319.049,-46032.28,-26761.404,55000.297,53777.133,-40919.906,-88312.94,-11686.694,73314.53,29833.334,-59714.344,-35503.38,62379.812,73307.29,-33070.676,-77517.67,4350.547,59663.54,4480.632,-58079.668,-28207.988,55633.61,44236.76,-48091.61,-87052.2,4781.8564,62139.094,-8686.089,-73683.664,-33253.617,55458.547,60448.668,-43196.17,-88806.87,-3302.236]],"spec":[0.0],"history":["RS2D Spinit data loaded from C:\\Users\\TXB909\\Documents\\strain-cell"],"hyper":[0],"dFilter":0.0,"ref":[1.6e7],"wholeEcho":[0.0],"freq":[1.6e7],