{"sw":[1.0016025641025641e6],"dataImag":[[-2665.5579,16322.196,89184.55,38391.15,1524.4434,-14182.073,-8496.757,9892.919,8664.106,-14785.133,-20939.535,241.77916,15488.693,3174.899,-15791.754,-7616.222,14710.809,15130.582,-8366.484,-16337.275,5237.8677,17490.473,1410.0216,-14920.485,-4905.3833,17138.879,13608.33,-9703.334,-13447.606,7010.6577,19314.566,3734.5022,-15263.611,-6940.202,16297.187,14006.157,-10584.538,-18094.656,3751.1414,16300.071,-1257.8926,-18476.85,-6241.255,14437.344,9935.486,-11452.15,-16296.458,5175.1187,16937.047,-606.9397,-17598.71,-7060.4463,13817.866,8250.375,-14873.17,-18492.402,2567.0134,12610.456,-3990.1533,-17379.26,-2731.2847,17927.133,11184.779,-11568.222,-13111.647,8265.625,18747.348,-2852.4705,-21121.588,-7353.8975,10467.476,3027.7407,-18234.48,-17406.219,4560.4883,14208.617,-3624.2183,-18657.475,-4152.1323,14433.745,7129.301,-16554.605,-15722.469,7096.7563,13871.927,-6099.686,-18696.621,-2971.239,16339.451,6947.27,-15611.076,-15471.191,8558.76,18073.674,-2457.9067,-17457.076,-962.1642,18675.17,8097.9307,-12794.676,-10252.308,11016.864,18867.77,-1522.1216,-15251.127,643.0208,20214.105,10760.27,-12439.949,-11863.394,10989.486,17798.166,-773.9999,-12400.713,3616.373,21400.21,12016.132,-10037.101,-9818.815,14573.038,18390.031,-5371.21,-16606.613,2370.661,19340.08,7005.813,-14290.301,-12539.678,9515.497,13882.027,-7101.571,-18740.92,-684.7883,16689.422,6067.6606,-15539.482,-11299.611,10024.7705,12810.35,-9667.099,-19924.947,-995.6866,15936.733,3106.087,-18259.873,-15664.923,7026.889,9892.753,-10655.442,-18841.328,-14.518854,13875.103,647.70624,-18023.365,-11603.343,10151.894,10808.461,-11293.926,-20796.176,-822.31116,17296.34,3621.2893,-16144.218,-9617.2,11664.845,12179.826,-9763.524,-17922.514,434.46292,16168.604,2544.634,-17123.158,-10671.012,10759.694,10033.713,-11334.291,-17007.639,2557.574,15315.123,741.38464,-16803.979,-7328.8027,14413.59,11526.617,-11913.321,-19812.691,909.79974,15404.087,669.36334,-17528.213,-8815.096,12454.781,10670.031,-11826.047,-16464.256,4966.6,17352.084,858.36084,-16432.617,-6379.953,14492.044,10989.29,-8973.433,-12930.254,9162.534,23445.105,7994.5054,-7326.9033,4491.0664,23468.02,20529.604,-1155.1549,-6470.769,15818.034,27475.344,11582.469,-2717.0674,9563.369,28980.445,24106.398,3068.6426,353.82053,19962.861,30866.184,13884.317,-2913.7146,9183.544,27998.617,21187.248,-3211.1296,-5599.111,13904.71,20514.549,1711.6415,-15138.259,-4023.895,15904.197,8248.72,-16010.59,-19990.473,530.0648,7636.686,-10273.29,-26894.574,-16324.75,922.12427,-7409.902,-29834.4,-30289.084,-8028.8677,954.7379,-19895.732,-35849.14,-22315.57,-4643.8296,-12679.43,-33079.043,-33643.395,-12401.424,-3689.7314,-21724.076,-36112.242,-19915.863,1233.2545,-5849.379,-26943.479,-25930.4,-2742.5,7704.684,-10326.133,-21465.318,-4692.117,14795.761,6388.752,-14643.211,-13119.631,9794.806,17874.363,853.32697,-11581.707,4784.5137,25434.957,17029.621,-3992.794,-2972.0645,20956.248,28620.29,6589.347,-8628.631,8355.16,26373.14,16973.184,-5894.729,-3024.2275,19341.766,22287.611,-476.61038,-11780.271,5841.057,25017.344,15230.505,-7900.424,-5108.833,15308.638,18352.986,-1669.6786,-12094.697,4874.1465,20813.373,9268.834,-13257.611,-9793.796,11287.503,14776.53,-8662.595,-19871.865,-801.8332,15945.953,4323.227,-16034.659,-12421.288,8932.727,11455.951,-10027.75,-18287.426,414.74838,15071.789,1693.2759,-18294.635,-12577.277,9394.7295,10726.461,-10024.898,-18568.803,18.723387,15813.042,2634.0723,-17680.357,-10229.854,11853.107,12059.371,-9531.835,-16651.18,2040.4742,16096.659,1630.0194,-16645.057,-8278.515,13235.507,12736.898,-8756.869,-16757.947,2718.2412,17557.117,4038.404,-15772.916,-8900.089,11591.94,10796.633,-13289.49,-19742.264,1900.2554,16441.684,2198.977,-16822.455,-7529.921,13447.729,11001.936,-11917.241,-17649.096,3597.0393,15581.648,1845.5676,-13729.02,-3528.375,16101.769,11299.661,-12411.649,-18215.963,4631.1494,17822.316,-39.19642,-16052.804,-4015.8816,17100.83,12174.675,-11737.706,-15357.885,6155.531,17723.021,1581.825,-16720.857,-6391.638,17091.318,12286.823,-12437.265,-15902.067,6582.295,18058.314,-283.125,-16617.467,-3355.3809,18687.248,13399.908,-11384.6,-16359.711,5619.788,17097.816,-980.15656,-15891.336,-3421.286,16319.296,11103.96,-12058.67,-13482.617,8367.286,17680.97,-1523.5198,-17706.885,-2906.0205,16601.86,9350.906,-12672.844,-13745.17,7048.4717,13448.48,-3312.5146,-16366.514,-3738.482,16304.783,8171.056,-14913.277,-14541.748,7081.8716,15777.978,-3614.487,-18394.861,-2710.23,16967.447,7955.8794,-14709.311,-14187.293,7905.659,13970.643,-4430.702,-18477.572,-1304.2035,19038.654,7960.6284,-14952.682,-14280.079,7574.129,14041.588,-4534.4004,-17200.875,-1441.1932,18055.0,9051.057,-13598.502,-11301.61,10523.309,14374.848,-7180.2114,-18582.045,-372.13504,17348.648,6348.5713,-13590.562,-10744.6,11944.68,15536.262,-7030.7793,-18319.617,-233.30711,18472.725,7829.526,-14050.122,-9756.227,13069.243,16771.168,-6578.185,-17309.13,448.53702,16770.262,6265.0347,-14432.536,-10245.324,11530.273,12807.129,-9730.379,-19538.027,-1712.8632,16121.232,6194.073,-14712.641,-10729.859,10716.203,13217.127,-7650.111,-17024.588,1388.0546,17472.477,5355.5415,-14110.526,-8632.339,12473.644,14894.763,-7500.7666,-17288.453,2661.1765,18875.32,5102.271]],"spec":[0.0],"history":["RS2D Spinit data loaded from C:\\Users\\Birmingham.DESKTOP-9DIJDH4\\Documents\\NMR analysis stuff"],"hyper":[0],"dFilter":0.0,"ref":[1.69e7],"wholeEcho":[0.0],"freq":[1.69e7],