{"sw":[1.0016025641025641e6],"dataImag":[[80802.26,1.4671978e6,1.9842995e6,243491.19,8939.082,13070.037,-24865.205,-59619.895,3787.1,84408.6,65311.56,43775.434,54692.547,51425.53,42416.875,-34879.223,-65102.285,11260.961,82493.586,52651.152,-61417.05,-88809.836,18747.871,73780.016,39661.6,-29705.816,-48027.883,-308.3457,-33068.17,-110937.87,-102293.984,11755.591,81530.25,-9037.933,-104715.336,-76284.59,32544.535,35719.89,-67173.445,-81872.27,3723.1394,41381.895,-33545.99,-101953.49,-38360.66,47006.74,37501.04,-47418.633,-27403.688,78694.305,100733.586,14466.413,-37546.754,29195.045,70315.77,8963.016,-96186.875,-92939.945,-1243.9258,38996.863,-3707.5947,-54431.113,-36661.54,1669.0626,-17219.47,-80028.125,-64742.285,35192.527,53990.598,-26907.908,-77030.88,5500.9297,100629.81,40005.918,-79006.836,-78506.17,46652.594,115850.77,30649.828,-57335.227,-4760.7363,69948.836,13470.306,-81309.64,-46757.996,69371.32,85174.125,-6458.2153,-64886.844,-7092.331,56799.195,14115.943,-44660.848,-30922.824,37263.184,51114.277,-32251.428,-81069.805,-13970.792,53627.453,4022.2244,-70361.695,-52648.863,23339.732,56586.918,-13936.942,-79229.7,-16904.262,64414.242,12438.097,-74692.4,-54652.94,39935.69,63370.85,-21656.855,-77672.375,-5764.334,81695.234,19614.17,-76395.49,-45360.004,50716.527,56950.547,-23431.408,-46988.44,35084.05,92021.055,16912.72,-69887.87,-38559.297,41148.42,40077.11,-42369.367,-67259.57,10930.939,75424.18,22098.143,-57879.523,-33797.47,63296.016,78545.805,-3742.1238,-37875.707,29578.56,94203.45,40560.29,-62947.613,-42541.277,67886.15,77097.81,-23596.834,-70975.54,5285.8696,74542.336,14386.232,-68005.99,-23838.375,71841.08,47925.324,-60494.984,-76381.63,21846.875,69088.27,-238.06001,-62128.887,-12364.943,66458.44,45156.3,-50621.19,-65386.805,12970.768,58536.844,8957.563,-50245.004,-13169.329,67738.99,51129.68,-44263.086,-77990.38,6316.3516,70418.195,10910.456,-76793.63,-41198.61,61292.637,59168.742,-31910.518,-55648.164,30091.412,83974.7,3553.8345,-75402.06,-14556.309,87501.39,59082.34,-41589.15,-46047.395,37657.004,61445.957,-29980.553,-94834.25,-26492.256,58509.758,26652.533,-56302.895,-55485.477,27793.395,68321.7,-173.57753,-63577.277,-17907.264,64438.66,47041.766,-40169.664,-68638.55,7181.2993,62740.74,-1233.9227,-77168.445,-34841.273,52913.566,43274.996,-48823.348,-64950.85,30567.371,78172.97,-9310.802,-77931.54,-18150.623,70855.02,39677.78,-66670.87,-64695.902,43165.926,74105.5,-9969.258,-67777.93,-8344.097,66241.43,32656.129,-54926.508,-43335.918,43322.617,58864.49,-24524.865,-72244.79,-16857.998,55925.223,31569.19,-52773.137,-52797.105,31433.94,63867.484,-9259.461,-69575.76,-15886.25,64398.97,38500.01,-55081.02,-57332.35,37311.336,67129.64,-22573.678,-74023.086,-3339.3662,79606.695,37498.656,-69953.58,-51727.19,54718.938,67699.16,-25925.785,-74898.28,-804.44434,64901.49,10839.623,-67223.36,-40488.88,39137.31,51734.87,-22764.533,-61371.79,16.692719,55443.637,15828.641,-50536.637,-38785.15,40555.59,57121.926,-24645.125,-71078.875,-6020.1304,66615.72,31273.893,-60536.66,-51230.92,46596.285,65872.445,-24403.162,-74548.75,3315.853,77602.36,17933.29,-73058.7,-37880.62,62010.023,57844.08,-41036.324,-72457.13,19198.947,73442.16,8644.907,-66112.47,-32102.693,50291.953,46563.08,-34042.453,-55595.723,18116.145,66849.88,12129.9795,-60575.54,-39575.793,39515.176,49825.348,-26382.291,-62523.4,9728.041,69264.51,20010.02,-66034.98,-42278.71,52385.26,59925.258,-36614.973,-77361.56,10766.053,69951.91,1169.6013,-83005.67,-36491.16,62140.027,54916.918,-42547.46,-72670.59,20043.447,74451.66,-3837.661,-77851.1,-24746.477,61878.41,47518.703,-45417.473,-58817.504,27843.58,65946.766,-6586.1323,-68505.21,-27746.574,55917.78,48070.527,-38380.336,-63465.69,14983.359,70428.62,6925.2573,-66927.516,-28404.732,63518.19,57855.21,-42463.586,-70328.61,17531.148,77232.484,8270.452,-78171.98,-34345.164,62563.285,43376.945,-53401.688,-60646.863,38981.83,76898.94,-7414.2017,-81005.85,-23439.143,63647.516,30728.66,-57975.195,-49727.77,40931.86,68571.03,-7870.2104,-65829.96,-19102.758,53111.957,35188.17,-45929.746,-56445.766,28202.975,64683.113,-1622.3826,-71694.96,-25433.191,60128.754,45419.18,-45260.04,-55915.45,39075.363,72860.71,-13265.59,-81071.54,-21554.248,73658.7,37574.49,-63139.67,-55993.074,45223.63,65795.04,-27138.283,-77063.71,-208.06107,71377.0,21605.203,-59198.492,-46709.594,40549.656,61142.742,-21509.27,-71265.08,-2127.1223,64919.906,19002.336,-56644.33,-48771.457,35865.07,67451.27,-6558.5864,-67020.32,-13031.574,63338.156,31321.426,-57909.246,-51893.66,39107.37,70431.945,-13380.023,-72554.53,-13236.919,71247.22,29094.34,-65786.22,-52407.92,52941.734,68443.016,-32606.91,-75529.3,4060.1328,73700.08,20325.98,-63736.92,-39190.418,50203.94,56374.465,-27983.678,-63175.99,4762.351,65035.656,23269.225,-52807.098,-41930.008,40724.137,49028.027,-25949.613,-65257.59,3465.615,64107.516,19264.312,-57983.695,-43164.863,48992.06,66997.836,-29058.748,-85048.89,-7258.5625,71813.42,12027.542,-81407.49,-49316.676,53473.098,61708.855,-42820.074,-76835.945,16587.31,78393.94,18820.586,-64952.492,-28942.29,64117.676,50081.938,-48911.28,-72725.86,13258.168,69842.266,15925.798,-56705.83,-29222.053,53131.01,55083.91,-26428.21,-55635.305,7577.766]],"spec":[0.0],"history":["RS2D Spinit data loaded from C:\\Users\\TXB909\\Documents\\strain-cell"],"hyper":[0],"dFilter":0.0,"ref":[1.6e7],"wholeEcho":[0.0],"freq":[1.6e7],