{"sw":[1.0016025641025641e6],"dataImag":[[-9031.67,-220334.33,-353507.72,-40315.094,1330.5442,-12964.474,689.0867,24204.334,20085.623,-9433.091,-8429.201,19218.707,30007.977,5971.313,-7731.6006,7982.763,29714.035,22159.44,-7498.007,-13683.165,7512.008,12122.158,-12020.099,-28880.479,-9553.667,13890.048,5284.537,-19589.8,-20399.717,3485.4495,9462.349,-17257.812,-34898.69,-16107.937,4791.271,-7974.4375,-34917.402,-29706.709,-486.74966,8151.863,-18749.059,-36540.914,-17859.697,4003.7778,-7823.9634,-34839.58,-31730.02,-1469.9318,6007.036,-19949.537,-37203.9,-15623.468,9868.44,-3173.5225,-29627.691,-23996.441,6506.2886,10219.602,-14226.348,-23689.518,1369.7467,21818.768,8825.888,-14594.536,-7421.694,23065.182,28955.033,1314.0431,-13780.079,9664.459,32820.84,18284.307,-4605.163,3448.3972,34009.203,37424.676,11917.774,193.48946,23706.025,43615.562,27891.066,1166.3225,8588.876,38190.336,38092.95,9374.481,-2777.074,18026.295,37065.836,21175.215,-7190.8496,-2075.7202,26023.203,27114.635,-1266.7987,-14888.322,7229.93,28011.445,11288.244,-14357.917,-6224.0654,20509.465,20182.205,-8756.334,-17009.375,7824.097,25820.885,9135.965,-12726.29,-1781.0016,28688.295,26587.719,-1859.1656,-7940.4766,16743.902,30774.879,12248.691,-10577.019,2003.2393,32081.955,31556.428,3780.8735,-4559.2847,20277.25,35863.242,14535.855,-8828.523,1811.3495,27570.312,23652.844,-6257.874,-16024.697,7219.294,18283.463,-6273.9297,-32372.584,-22624.748,2520.545,-3296.9927,-35053.74,-43559.88,-21768.805,-10167.209,-37060.19,-62271.53,-49611.098,-24567.91,-31787.1,-62353.42,-68463.805,-42561.277,-28990.459,-51488.59,-71421.25,-54517.887,-27818.93,-32031.854,-56301.785,-57172.25,-28815.023,-13932.297,-34769.25,-53722.242,-34142.176,-6257.742,-9947.869,-32555.525,-34020.137,-7142.892,9285.725,-10361.966,-27465.695,-8517.703,16535.32,10999.05,-14966.602,-12750.373,16308.178,27211.115,4326.682,-14144.492,730.1937,27054.523,21646.629,-5949.8994,-7872.6064,17116.045,27770.648,5819.3994,-12491.342,2168.2166,24928.266,15145.304,-11805.1,-11543.163,15615.932,24780.582,433.4266,-17740.135,-493.85663,22468.252,12649.853,-14398.782,-12219.519,15282.753,23951.172,-1761.8958,-20506.938,-843.53644,22378.504,8853.225,-18366.99,-15118.96,13083.256,20753.975,-5114.159,-21449.984,-3918.5742,17420.078,7134.0044,-17010.496,-14833.178,13954.639,21227.025,-8841.231,-24206.217,-1558.9214,19459.469,6323.636,-20422.455,-16535.24,12305.527,17659.068,-8437.361,-24554.79,-5726.3516,17853.07,3894.8882,-24290.984,-17220.105,11379.11,16417.95,-9410.731,-24588.13,-3571.8794,17480.898,2910.9058,-22676.389,-16614.672,12158.842,15002.075,-10314.274,-21677.924,-703.7515,18623.938,3350.3901,-20575.295,-15525.499,8543.41,12389.2705,-10785.317,-22742.215,-46.014565,20163.803,2669.9956,-22701.385,-14714.135,13956.813,16772.762,-8572.827,-19445.492,2625.8765,20847.182,2020.8182,-22111.988,-11029.693,17350.977,16121.917,-14063.335,-23133.559,3313.38,19526.297,2415.615,-20148.732,-9319.957,17900.768,16433.926,-11021.165,-17356.004,5171.05,21583.744,4847.8745,-19419.084,-9857.965,18614.479,17771.197,-9469.59,-16297.048,8087.416,23614.871,4668.043,-18959.498,-6210.555,21055.744,18512.322,-9913.095,-19252.973,4776.5957,22001.426,1808.7256,-22549.006,-10000.8125,19404.982,16403.654,-12135.597,-17076.332,7748.7534,19898.742,-1188.1913,-21846.355,-6099.3223,20514.959,13215.558,-13301.452,-15556.118,11084.442,23401.422,1597.1599,-20074.59,-6232.1997,19614.928,15344.93,-11546.037,-13834.349,11823.111,23753.367,1296.2279,-20091.316,-5966.938,20868.043,15425.144,-13341.191,-18863.523,7494.6396,19634.559,-3163.7793,-23078.574,-6208.906,18852.16,12967.509,-14775.147,-17275.617,10242.908,19213.64,-5423.6313,-23794.81,-4265.1426,21327.406,12604.226,-13773.422,-16001.412,9661.302,21907.29,-1284.217,-19905.266,-3049.2927,18994.94,9408.878,-17046.92,-16753.045,11851.764,21122.506,-4393.171,-23044.217,-5881.9595,17838.596,9301.598,-16424.697,-14772.9375,12799.735,21418.45,-4380.8486,-22095.512,-4989.4536,17445.553,7742.3555,-19038.6,-16684.436,11159.143,17730.262,-7139.936,-24275.746,-5527.618,18243.385,6355.664,-18500.02,-14685.671,12554.232,19266.203,-7710.56,-22922.639,-1456.1168,19379.965,5559.706,-19133.408,-12734.101,16999.18,23701.346,-2851.1096,-20173.123,785.76807,21710.934,7500.3857,-18198.422,-12602.853,15929.884,22694.621,-6773.258,-22780.008,2111.3489,23252.46,6623.2886,-20061.594,-13049.62,15702.916,18430.717,-8819.622,-21408.154,-119.54711,21689.32,8056.2,-17167.781,-10393.663,19363.588,20922.965,-7480.9453,-19112.494,3584.1353,22886.697,5419.734,-21077.094,-13193.102,15938.014,18143.629,-9391.771,-20794.861,1994.3599,20654.896,1571.5836,-23597.514,-14498.596,15326.986,16580.238,-9216.515,-19210.594,3814.811,21916.684,2568.8943,-21571.348,-10234.617,18124.422,17820.787,-8853.206,-16913.023,6200.751,22258.904,1959.6698,-21776.805,-11914.636,17480.28,17537.65,-8528.876,-17670.93,4393.15,19390.652,672.70624,-22550.418,-12259.371,15351.641,14791.16,-13205.141,-20098.035,4696.6104,20233.988,-482.4301,-22996.19,-11010.913,17392.36,15765.529,-12494.426,-19274.428,7836.881,20542.861,786.31964,-20192.12,-8432.368,18464.652,14774.407,-14370.33,-19376.719,8008.269,22056.943,-1249.2421,-22437.816,-8294.893,16900.836,10760.811,-14721.585,-19017.91,6059.7188,19783.041,-1925.2197]],"spec":[0.0],"history":["RS2D Spinit data loaded from C:\\Users\\TXB909\\Documents"],"hyper":[0],"dFilter":0.0,"ref":[1.69e7],"wholeEcho":[0.0],"freq":[1.69e7],