{"sw":[1.0016025641025641e6],"dataImag":[[20231.057,816479.9,1.5380916e6,239472.5,-59070.79,-36855.93,49991.953,59743.81,-44488.29,-12090.87,96517.445,201902.23,139963.11,-49172.76,-94747.2,-18722.02,-15575.722,-109232.266,-174266.84,-109589.97,-48943.734,-80534.11,-117055.59,-46797.664,74453.375,68523.65,-39738.28,-91409.78,-15645.4,51250.754,16058.53,-81337.46,-109268.61,-22883.246,26058.805,-44995.707,-86731.125,-14650.699,84629.42,72269.98,6795.86,20357.379,85348.72,72571.25,-30727.145,-86454.8,-37095.344,32609.385,-3271.3884,-104074.27,-78359.33,38140.33,63171.68,-34354.69,-82599.83,-14979.731,30016.95,-7360.24,-51698.555,-1760.2935,63443.566,48706.965,-27849.697,-45448.516,33994.8,73218.94,-1599.2932,-99058.47,-42591.367,71705.92,67934.484,-14874.111,-36640.812,27762.354,77846.016,39561.812,-42570.25,-25937.686,52665.094,64813.496,-30284.105,-79158.875,-5401.697,72544.25,24226.16,-79215.81,-46174.586,41108.684,6456.52,-91350.91,-90363.914,7369.002,51571.18,-27171.377,-104711.05,-44791.844,62761.113,41984.023,-58212.008,-61835.004,13342.342,48932.31,-10351.55,-90041.51,-55255.125,23811.107,18942.496,-62897.723,-85230.71,-8548.714,50176.06,4428.2427,-55591.887,-14781.99,66236.64,60836.824,-33239.832,-64354.402,18240.168,59452.434,-24210.1,-99932.336,-44973.54,48689.445,42424.598,-49840.5,-61469.973,50239.54,104341.13,36788.35,-17868.082,45128.984,123193.52,79579.87,-26595.768,-30802.078,53276.547,57571.78,-31562.291,-88528.26,-22454.84,70911.64,48167.01,-47538.746,-54200.977,31440.451,56882.27,-13944.867,-75570.25,-43267.348,28523.004,19133.805,-62523.254,-77251.51,21325.291,69798.805,-3680.9614,-70197.62,-8505.226,83512.516,49147.215,-57266.41,-60837.902,40677.266,74105.74,-18222.139,-72788.87,-5614.245,68025.125,36480.344,-43614.887,-28983.28,67965.46,86830.19,-3152.1592,-52937.645,16107.578,78712.49,28853.36,-57220.86,-44116.793,29598.955,50847.33,-19829.576,-75358.12,-20808.818,59785.836,28200.486,-61900.766,-60560.625,28159.738,62032.504,-18646.81,-77820.82,-9105.783,70014.305,33109.75,-56742.8,-41392.914,51762.746,64602.008,-34725.316,-81181.18,-3398.9136,69983.54,10557.324,-78275.72,-49098.977,51115.484,54721.195,-32195.592,-61010.438,13885.258,71126.945,17695.44,-60620.562,-34831.074,49567.42,54193.086,-24854.23,-67260.85,-379.44592,67004.56,22505.055,-56109.844,-41946.547,44550.383,71646.65,-9191.529,-60326.406,11703.958,83996.41,31079.738,-61173.625,-40964.895,57959.742,66566.14,-39727.395,-80485.23,7792.881,71736.87,6575.271,-77324.51,-35613.438,59807.715,50163.703,-48328.727,-71933.13,16155.085,66957.68,-861.4308,-74946.48,-32128.229,51351.504,44653.84,-39646.867,-70678.23,-3625.1365,52896.29,2850.9907,-61685.008,-31117.512,54785.668,65410.65,-24098.785,-65126.59,16143.757,77353.86,16914.943,-66022.664,-31038.336,64126.062,58342.22,-47696.793,-72750.63,23620.92,80101.01,851.4472,-76221.484,-21225.62,75028.9,55327.09,-43653.99,-56196.86,32876.49,72431.17,2434.484,-70233.85,-23501.613,62793.688,46432.145,-40096.094,-53228.906,19170.26,60892.53,1282.079,-66054.414,-29514.418,50634.38,40302.383,-46213.68,-67024.086,16690.223,67227.92,-760.008,-78574.984,-31835.018,65807.836,50196.016,-54107.562,-66051.56,29762.014,74449.125,-9938.442,-78852.06,-17872.504,72212.984,42087.92,-55972.707,-54425.46,40776.473,68011.01,-11766.471,-66094.43,-2366.2273,63378.516,24313.686,-53266.227,-46607.066,31517.775,62820.98,-7287.1675,-62059.598,-12768.492,61021.418,41456.492,-44028.387,-58073.11,26567.842,67354.01,-9227.334,-81092.68,-25874.934,60088.723,39857.723,-54782.93,-54855.242,42642.28,74010.516,-17298.72,-77651.23,-9235.731,76003.14,36287.13,-62252.61,-48587.066,51002.008,64716.04,-25404.771,-71263.56,-1511.5127,65051.637,20589.54,-59726.367,-43197.008,42038.113,59274.676,-20448.477,-65351.96,-5233.654,61622.473,30549.809,-50451.7,-52724.496,35689.234,63446.05,-18691.885,-76221.914,-9446.942,71647.08,38348.594,-61729.94,-57501.355,46912.184,72103.86,-28560.738,-76516.4,2987.0212,82071.34,28377.844,-64407.227,-42271.977,57992.105,60636.508,-35371.145,-70664.76,8912.356,71318.52,11408.064,-66070.734,-35358.746,49210.73,57764.094,-26805.686,-60792.094,5428.101,61588.695,14457.581,-58578.336,-40600.348,45631.76,60463.8,-27009.62,-75488.77,-5184.148,66946.21,17916.336,-71546.05,-50765.207,46759.105,60617.44,-35154.887,-74890.83,10601.91,77692.74,8232.626,-80071.79,-37655.31,65453.027,57230.242,-42026.094,-64545.805,26874.266,76736.586,2499.8127,-74103.69,-29408.727,58197.0,45813.582,-38542.562,-56757.867,18276.49,66393.07,10155.932,-53898.16,-26373.863,52136.51,50981.855,-32745.344,-64786.562,6661.979,69286.05,15335.626,-67078.47,-33078.72,59908.61,51776.375,-45792.656,-72171.53,20601.086,80156.64,4898.0522,-79888.92,-29054.162,64949.18,37818.547,-61214.754,-73453.3,23186.525,68258.47,-10144.932,-72278.87,-14638.752,62804.023,34354.39,-53338.86,-54325.08,28472.2,62541.79,-556.23883,-61476.418,-18187.064,57875.645,38851.46,-44009.066,-58666.93,20488.68,67518.06,5475.9165,-74240.945,-33883.086,62522.164,51343.43,-46124.65,-61503.22,30788.816,74774.05,-10101.497,-83547.6,-19035.05,74033.484,43159.402,-58239.58,-64722.03,36902.574,71741.09,-13723.283,-68428.78,-5421.1196,65914.81,26711.691,-56646.984]],"spec":[0.0],"history":["RS2D Spinit data loaded from C:\\Users\\TXB909\\Documents\\strain-cell"],"hyper":[0],"dFilter":0.0,"ref":[1.6e7],"wholeEcho":[0.0],"freq":[1.6e7],