{"sw":[1.0016025641025641e6],"dataImag":[[-6888.9907,-117262.484,-143848.1,6952.5303,13163.614,-6496.249,-6003.5303,10884.561,17090.521,-4293.931,-18679.58,-993.407,19147.277,16954.014,-3809.2188,-3432.1575,20376.557,25115.361,2398.9277,-9778.703,6420.962,19025.834,5284.1753,-15645.555,-11640.657,11093.6045,13902.448,-8126.532,-18569.55,-616.02985,17154.352,6278.06,-16096.1455,-14466.256,5731.487,6918.04,-13235.839,-22461.863,-4841.321,10773.177,1052.0062,-18124.836,-12583.902,9321.064,11604.925,-10524.839,-21513.834,-4400.943,11012.313,-3829.0483,-23098.055,-13561.869,8758.118,8724.383,-12199.931,-18278.176,1411.592,15260.425,2921.6072,-16098.034,-9468.611,13492.886,16292.123,-7704.53,-17069.428,1002.368,14920.977,1151.6346,-17296.73,-9918.365,11552.657,12995.933,-8229.206,-14866.399,4946.6016,17638.85,1019.7105,-17542.086,-8128.456,14605.847,14362.315,-8113.0713,-15439.578,5171.5376,17864.145,2533.6248,-15636.923,-3681.0637,18535.865,15104.513,-7015.11,-14149.982,5636.915,17729.312,736.58264,-17576.355,-8049.94,13487.404,12503.387,-8626.305,-14550.572,5145.186,16055.961,-1241.9242,-18154.729,-6418.388,14173.049,11251.85,-9908.963,-14980.076,2294.0486,11475.775,-3682.953,-19184.555,-8777.217,11118.618,6794.07,-15393.289,-16469.34,5166.4214,14909.417,-3189.5667,-20142.174,-7516.1094,13413.191,8971.65,-14693.934,-16547.0,5005.3237,14666.279,-3480.711,-19224.555,-5108.114,14379.749,6898.8794,-14057.55,-13772.808,7693.7524,15755.021,-4372.996,-21769.8,-6620.1533,14180.8125,8850.361,-12612.945,-13373.276,8636.48,18166.514,604.41376,-14477.826,-588.0899,21382.781,14283.527,-8725.575,-8485.761,14374.079,21438.861,4107.8584,-8980.325,5946.891,25585.377,18732.69,147.42012,1235.2767,23107.592,28976.654,9711.436,-3419.265,11996.371,29570.996,18884.28,-993.24774,2112.5325,23672.676,29405.318,6655.0825,-7423.348,7800.162,26433.47,15716.801,-7391.148,-5220.418,16163.959,18309.26,-5024.9253,-18559.732,-4085.9734,11235.16,-3191.5713,-25791.633,-23973.99,-3474.088,-894.3099,-25867.945,-38376.55,-23452.217,-11154.885,-23754.277,-44784.125,-42511.6,-21100.672,-15958.754,-36435.35,-49235.594,-32172.877,-15100.442,-28133.941,-48162.887,-43369.336,-20418.674,-15079.437,-35266.586,-43789.68,-23047.986,-7024.751,-17896.666,-34890.316,-26272.87,-378.65683,4453.288,-14625.707,-23256.303,-4006.533,16139.16,4200.0776,-14047.151,-4353.8267,20981.402,22195.033,599.60785,-6584.131,13744.594,29790.422,17666.877,-381.86472,9646.448,32820.117,31318.8,8865.682,1799.996,20000.066,34155.367,18618.943,-1698.0653,5879.539,29072.195,29049.219,6026.9727,-2896.0476,16289.91,29965.002,12393.592,-7855.9146,409.3398,21211.61,18327.957,-4851.796,-12801.619,7599.954,21116.945,3146.0417,-17421.01,-8501.494,13208.046,10363.245,-10673.07,-17520.42,1471.5414,13617.392,-2608.501,-21619.098,-11586.235,9674.199,7709.811,-14213.42,-16588.035,4136.9873,15722.429,-908.4888,-18106.086,-8946.346,11945.586,8872.587,-13462.175,-14597.287,5718.0864,12966.188,-3853.3594,-19115.248,-7398.12,13711.84,10024.225,-13426.428,-16874.318,4483.447,15577.276,-2131.876,-18767.898,-3240.112,16334.045,8184.519,-11831.51,-12269.552,9717.026,17994.094,-1367.3789,-17377.537,-5154.0093,13551.725,6615.8213,-14174.433,-15301.26,7744.152,16200.538,-3048.4844,-17337.875,-5413.9834,13047.924,7245.271,-13603.8,-14636.701,6589.1562,14717.873,-4126.698,-19965.504,-5277.932,14814.746,6872.3022,-14984.637,-13402.061,8556.596,15548.714,-4052.6653,-18708.281,-3429.9697,15461.514,6837.2407,-13588.712,-11787.185,11064.696,16471.99,-4211.2715,-17195.42,-1524.9805,17712.754,7483.8535,-13665.59,-11526.543,12120.903,18697.107,-2663.8257,-15674.464,-612.0781,16588.684,7118.2583,-14520.526,-12289.3955,10790.886,17161.764,-4186.658,-18073.928,-1151.7773,16861.092,6353.9478,-15969.45,-12301.978,10556.053,15328.644,-5522.1978,-15373.868,-503.08972,15604.969,5106.8164,-15937.611,-11434.938,12448.078,17380.246,-4648.702,-17701.59,-367.05017,16048.395,4898.0815,-15437.701,-11047.125,11683.553,14784.237,-6816.498,-15983.103,2094.2302,16956.023,3131.5303,-16939.57,-9705.95,13651.697,16063.544,-7013.8965,-16779.172,2308.4873,17693.326,3878.0984,-16192.92,-9972.428,12889.666,14453.07,-7396.9023,-16309.042,2357.4976,19018.906,5657.428,-15792.48,-10307.74,14032.539,16310.766,-4970.6646,-13944.83,4777.093,17198.068,2394.768,-17263.031,-10069.413,13033.514,13047.089,-9033.585,-15540.834,5343.4805,19620.61,3104.4194,-16596.158,-7046.1436,14642.396,12011.804,-10947.364,-15194.238,4714.5283,16744.271,1734.6842,-16443.098,-6808.925,15021.893,14391.283,-8071.2046,-14434.125,5047.0093,18003.393,608.1747,-18691.695,-7984.6445,13511.319,12173.316,-10153.252,-13869.745,7863.4316,17701.57,-85.46083,-16978.176,-6473.52,12844.81,9289.976,-12416.018,-15779.331,7066.562,17577.867,-81.43988,-16771.234,-4720.4956,15388.903,8425.592,-14693.794,-15803.457,6862.286,16082.364,-2563.2422,-17513.441,-5142.3574,16173.272,12401.122,-11241.588,-15958.689,6443.636,18069.727,-1239.308,-17524.145,-4118.6675,15201.171,10001.171,-13829.469,-15488.634,7462.9624,17384.938,-1044.488,-18165.406,-5506.7275,16403.793,8569.957,-12007.557,-10806.699,9368.841,15373.3,-3353.1885,-18544.076,-5750.6763,14971.028,7884.78,-13029.842,-11435.101,9877.855,16966.348,-2819.477,-16306.377,-1294.425,15848.05,6521.634]],"spec":[0.0],"history":["RS2D Spinit data loaded from C:\\Users\\TXB909\\Documents\\strain-cell"],"hyper":[0],"dFilter":0.0,"ref":[1.69e7],"wholeEcho":[0.0],"freq":[1.69e7],