[Header]
; VSM Data File (default extension .dat)
; Copyright (c) 2003-2013, Quantum Design, Inc. All rights reserved.
TITLE,KYBSE2 TB001X4 5K TO 30K
FILEOPENTIME,44347212.31,05/29/2026,3:01 pm
BYAPP,VSM,2.0,2.0
INFO,PPMS VSM Option Release 1.4.10 Build 1,APPNAME
INFO,Quantum Design Linear Motor Servo Controller,MOTOR_MODULE_NAME
INFO,3101-100 M1,MOTOR_HW_VERSION
INFO,MMC920,MOTOR_SERIAL_NUMBER
INFO,SRV No X-over 01.03.11,MOTOR_SOFTWARE_VERSION
INFO,Quantum Design VSM Detection Module,VSM_MODULE_NAME
INFO,3101-150 F0,VSM_HW_VERSION
INFO,VSM672,VSM_SERIAL_NUMBER
INFO,VSM No X-over 01.02.05 May 20 2008 13:51:47,VSM_SOFTWARE_VERSION
INFO,659,PREAMP_SERIAL_NUMBER
INFO,749,COIL_SERIAL_NUMBER
INFO,0,MOMENT_UNITS
INFO,KYbSe2,SAMPLE_MATERIAL
INFO,TB001X4,SAMPLE_COMMENT
INFO,4.9,SAMPLE_MASS
INFO,,SAMPLE_VOLUME
INFO,370.06,SAMPLE_MOLECULAR_WEIGHT
INFO,,SAMPLE_SIZE
INFO,,SAMPLE_SHAPE
DATATYPE,COMMENT,1
DATATYPE,TIME,2
STARTUPAXIS,X,2
STARTUPAXIS,Y1,5
[Data]
Comment,Time Stamp (sec),Temperature (K),Magnetic Field (Oe),Moment (emu),M. Std. Err. (emu),Transport Action,Averaging Time (sec),Frequency (Hz),Peak Amplitude (mm),Center Position (mm),Coil Signal' (mV),Coil Signal" (mV),Range (mV),M. Quad. Signal (emu),M. Raw' (emu),M. Raw" (emu),Min. Temperature (K),Max. Temperature (K),Min. Field (Oe),Max. Field (Oe),Mass (grams),Motor Lag (deg),Pressure (Torr),VSM Status (code),Motor Status (code),Measure Status (code),Measure Count,PPMS Status (code),System Temp. (K),System Field (Oe),Sample Position (deg),Bridge 1 Resistance (ohms),Bridge 1 Excitation (µA),Bridge 2 Resistance (ohms),Bridge 2 Excitation (µA),Bridge 3 Resistance (ohms),Bridge 3 Excitation (µA),Bridge 4 Resistance (ohms),Bridge 4 Excitation (µA),Signal 1 Vin (V),Signal 2 Vin (V),Digital Inputs (code),Drive 1 Iout (mA),Drive 1 Ipower (W),Drive 2 Iout (mA),Drive 2 Ipower (W),Pressure (),Map 20 (),Map 21 (),Map 22 (),Map 23 (),Map 24 (),Map 25 (),Map 26 (),Map 27 (),Map 28 (),Map 29 ()
,44347244.78,9.6562691,1999.5966796875,,,2,,,,20.3559997350574,,,,,,,9.6562691,9.6562691,1999.5966796875,1999.5966796875,,,6.646428,,,,-99999999,4887,9.6734,1999.5966796875,,,,,,,,,,,,,,,,,,,,,,,9.6562691,,,,
,44347860.28,7.1873989,1999.5966796875,,,2,,,,20.6560001567602,,,,,,,7.1873989,7.1873989,1999.5966796875,1999.5966796875,,,7.019488,,,,-99999999,4887,7.2684,1999.5966796875,,,,,,,,,,,,,,,,,,,,,,,7.1873989,,,,
,44348445.595,4.9991267,1999.5966796875,0.00275225481053835,5.6972878048987E-7,1,0.999253354069792,40.0298881530762,2.00190219011068,20.6400007009506,0.0311708049169033,0.00566670016227664,0.25,1.7195148928958E-5,0.00273767671647508,3.06642019838433E-5,4.9963961,5.0018573,1999.5966796875,1999.5966796875,61.6353168839488,20.7603508222883,6.646428,0,0,0,40,4881,5.0071,1999.5966796875,,,,,,,,,,,,,0,,,,0.74967375,,,,,,4.9991267,,,,
,44348452.465,5.02320075,1999.5966796875,0.00274645436150486,5.4529256705794E-7,1,0.999253354069792,40.0298881530762,2.00189387568896,20.6400007009506,0.0311047798501581,0.00565592427391398,0.25,1.72637998200764E-5,0.00273190645509752,3.07039139248198E-5,5.0134826,5.0329189,1999.5966796875,1999.5966796875,61.3570571311027,20.7572009496454,6.273368,0,0,0,40,4882,5.0603,1999.5966796875,,,,,,,,,,,,,0,,,,0.7459292,,,,,,5.02320075,,,,
,44348453.965,5.0487404,1999.5966796875,0.00273874639080018,6.42542450355906E-7,1,0.999253354069792,40.0298881530762,2.0018643706783,20.6499993801117,0.0310173928388651,0.00563800593346678,0.25,1.70419736324703E-5,0.00272424014662776,3.04452805903262E-5,5.0487404,5.0487404,1999.5966796875,1999.5966796875,61.5704417168527,20.7558681329182,6.646428,0,0,0,40,4882,5.0848,1999.5966796875,,,,,,,,,,,,,0,,,,0.7534183,,,,,,5.0487404,,,,
,44348455.44,5.0714803,1999.5966796875,0.00273242051105159,5.72661069528746E-7,1,0.999253354069792,40.0298881530762,2.00190668906193,20.6400007009506,0.0309461419418321,0.00562641154765689,0.25,1.71185852476965E-5,0.0027179471826635,3.04903226850749E-5,5.0714803,5.0714803,1999.5966796875,1999.5966796875,61.3781611011219,20.7600648433176,6.646428,0,0,0,40,4882,5.12,1999.5966796875,,,,,,,,,,,,,0,,,,0.7534183,,,,,,5.0714803,,,,
,44348456.155,5.09215975,1999.5966796875,0.00271892303222233,5.71354362909563E-7,1,0.999253354069792,40.0298881530762,2.00189155996909,20.6499993801117,0.0307928622628345,0.00559967082984955,0.25,1.71303983798999E-5,0.00270452070618558,3.04355750465719E-5,5.0714803,5.1128392,1999.5966796875,1999.5966796875,61.5008767786411,20.7599717436302,6.646428,0,0,0,40,4882,5.1422,1999.5966796875,,,,,,,,,,,,,0,,,,0.7534183,,,,,,5.09215975,,,,
,44348457.305,5.1279342,1999.5966796875,0.00271215879253287,5.40874680420043E-7,1,0.999253354069792,40.0298881530762,2.00194869199626,20.6499993801117,0.0307176696671009,0.00558258048080997,0.25,1.67957575404086E-5,0.00269779370494949,3.00693705428377E-5,5.1128392,5.1430292,1999.5966796875,1999.5966796875,61.3461143318334,20.7588757802257,6.273368,0,0,0,40,4882,5.15355,1999.5966796875,,,,,,,,,,,,,0,,,,0.7534183,,,,,,5.1279342,,,,
,44348459.27,5.1618028,1999.5966796875,0.00270778831630823,5.94860446666197E-7,1,0.999253354069792,40.0298881530762,2.00189284032631,20.6499993801117,0.0306664305137539,0.00557870797969954,0.25,1.72336475705699E-5,0.00269344405637952,3.04834221517237E-5,5.1618028,5.1618028,1999.5966796875,1999.5966796875,61.2640433373142,20.7575752269423,7.019488,0,0,0,40,4882,5.1865,1999.5966796875,,,,,,,,,,,,,0,,,,0.7609825,,,,,,5.1618028,,,,
,44348459.975,5.16981005,1999.5966796875,0.00269609621805222,5.51513070790611E-7,1,0.999253354069792,40.0298881530762,2.00182328151208,20.6499993801117,0.0305335334399679,0.00555141561466847,0.25,1.6892865820726E-5,0.00268181520105506,3.00868311449943E-5,5.1618028,5.1778173,1999.5966796875,1999.5966796875,61.3468959603527,20.7634601898303,6.646428,0,0,0,40,4882,5.20485,1999.5966796875,,,,,,,,,,,,,0,,,,0.7572004,,,,,,5.16981005,,,,
,44348476.53,5.4529667,1999.5966796875,,,2,,,,20.7460003764033,,,,,,,5.4529667,5.4529667,1999.5966796875,1999.5966796875,,,7.019488,,,,-99999999,4882,5.4706,1999.5966796875,,,,,,,,,,,,,,,,,,,,,,,5.4529667,,,,
touchdown = 14.9100003764033 mm,44348490.485,5.6728973,1999.5966796875,0.00255986771191382,5.58354443619551E-7,1,0.999253354069792,40.0298881530762,2.00209466100402,20.7299999892712,0.028994750952484,0.00526999147440323,0.25,1.58980811853572E-5,0.00254630846367236,2.84261189467783E-5,5.6728973,5.6728973,1999.5966796875,1999.5966796875,61.4399097541411,20.7600979954279,6.646428,0,0,0,40,4882,5.7034,1999.5966796875,,,,,,,,,,,,,0,,,,0.8079899,,,,,,5.6728973,,,,
,44348491.245,5.6909287,1999.5966796875,0.00255648595352701,5.65773076286767E-7,1,0.999253354069792,40.0298881530762,2.00208139030929,20.7400005310774,0.0289562186230058,0.00526325436788846,0.25,1.58998477149738E-5,0.00254294448396004,2.84112149399711E-5,5.6728973,5.7089601,1999.5966796875,1999.5966796875,61.4469444108142,20.76325376758,6.646428,0,0,0,40,4882,5.7171,1999.5966796875,,,,,,,,,,,,,0,,,,0.81614275,,,,,,5.6909287,,,,
,44348493.39,5.7215476,1999.5966796875,0.00255331899677172,6.32607001527203E-7,1,0.999253354069792,40.0298881530762,2.00212726452499,20.7299999892712,0.0289204306611426,0.00525997318583163,0.25,1.61556799821225E-5,0.00253979290728354,2.8650096781756E-5,5.7215476,5.7215476,1999.5966796875,1999.5966796875,61.7635039611027,20.7618567148194,6.646428,0,0,0,40,4882,5.7572,1999.5966796875,,,,,,,,,,,,,0,,,,0.8201988,,,,,,5.7215476,,,,
,44348494.02,5.7330737,1999.5966796875,0.00254561940994062,5.81605832064968E-7,1,0.999253354069792,40.0298881530762,2.00210519384602,20.7299999892712,0.0288331105041258,0.00524295668427807,0.25,1.60099647338484E-5,0.0025321345722803,2.84672150138963E-5,5.7215476,5.7445998,1999.5966796875,1999.5966796875,61.8432300700642,20.7598633379601,6.646428,0,0,0,40,4882,5.76605,1999.5966796875,,,,,,,,,,,,,0,,,,0.8242956,,,,,,5.7330737,,,,
,44348496.035,5.7691698,1999.5966796875,0.00254263542357071,4.69097992828863E-7,1,0.999253354069792,40.0298881530762,2.00206125683585,20.7299999892712,0.0287989883912467,0.00523511261342139,0.25,1.58510848746438E-5,0.00252916703800527,2.82944700797885E-5,5.7691698,5.7691698,1999.5966796875,1999.5966796875,61.9167031508719,20.7618686912951,6.646428,0,0,0,40,4882,5.7992,1999.5966796875,,,,,,,,,,,,,0,,,,0.8242956,,,,,,5.7691698,,,,
,44348497.58,5.7940545,1999.5966796875,0.00253246230321268,5.45154480556859E-7,1,0.999253354069792,40.0298881530762,2.00198848471884,20.7400005310774,0.0286815957451433,0.00522068280278732,0.25,1.63782667785438E-5,0.00251904486356546,2.87687551713763E-5,5.7940545,5.7940545,1999.5966796875,1999.5966796875,61.4914972364104,20.7621784522971,6.646428,0,0,0,40,4882,5.8233,1999.5966796875,,,,,,,,,,,,,0,,,,0.8325715,,,,,,5.7940545,,,,
,44348499.02,5.8106613,1999.5966796875,0.00252961647560255,7.10671758953571E-7,1,0.999253354069792,40.0298881530762,2.00203283511977,20.7400005310774,0.0286515271891994,0.00520604142786421,0.25,1.55762904553546E-5,0.00251621795283392,2.7956981467433E-5,5.8106613,5.8106613,1999.5966796875,1999.5966796875,61.3937936715065,20.7641308715444,7.019488,0,0,0,40,4882,5.8483,1999.5966796875,,,,,,,,,,,,,0,,,,0.8325715,,,,,,5.8106613,,,,
,44348499.74,5.82793975,1999.5966796875,0.00252485833720585,6.04035881197464E-7,1,0.999253354069792,40.0298881530762,2.00192612441966,20.7299999892712,0.0285957623890093,0.00519838157240457,0.25,1.57583476373783E-5,0.00251148395311053,2.81146375956473E-5,5.8106613,5.8452182,1999.5966796875,1999.5966796875,61.067072950468,20.7660842786108,7.019488,0,0,0,40,4882,5.86475,1999.5966796875,,,,,,,,,,,,,0,,,,0.8325715,,,,,,5.82793975,,,,
,44348500.975,5.8573282,1999.5966796875,0.00251612694690387,5.35435625497045E-7,1,0.999253354069792,40.0298881530762,2.00190149227659,20.7400005310774,0.0284964244957248,0.0051809970147402,0.25,1.57614566591284E-5,0.0025027984916685,2.80747126702956E-5,5.8452182,5.8694382,1999.5966796875,1999.5966796875,61.3453327033142,20.7627428771999,6.646428,0,0,0,40,4882,5.8864,1999.5966796875,,,,,,,,,,,,,0,,,,0.8325715,,,,,,5.8573282,,,,
,44348503.295,5.8796034,1999.5966796875,0.00251307729102088,5.69104908647507E-7,1,0.999253354069792,40.0298881530762,2.00199939771069,20.7299999892712,0.0284637696018692,0.00517177185569116,0.25,1.54613180207164E-5,0.00249976634569795,2.77611295300935E-5,5.8796034,5.8796034,1999.5966796875,1999.5966796875,61.7932058448335,20.7652252620595,6.646428,0,0,0,40,4882,5.92545,1999.5966796875,,,,,,,,,,,,,0,,,,0.8493733,,,,,,5.8796034,,,,
,44348504.94,5.9165764,1999.5966796875,0.00250469125610693,4.83077877270406E-7,1,0.999253354069792,40.0298881530762,2.00201837366364,20.7299999892712,0.0283691466548119,0.0051539674054884,0.25,1.53574349347133E-5,0.00249142493719336,2.76164773102412E-5,5.9165764,5.9165764,1999.5966796875,1999.5966796875,61.5962354579873,20.7670808522679,7.019488,0,0,0,40,4882,5.9536,1999.5966796875,,,,,,,,,,,,,0,,,,0.8493733,,,,,,5.9165764,,,,
,44348506.405,5.9406123,1999.5966796875,0.00250135120940846,5.02107210512134E-7,1,0.999253354069792,40.0298881530762,2.00199283540125,20.7400005310774,0.0283299207826324,0.00515302347569301,0.25,1.58653840840519E-5,0.00248809994543722,2.81052955536166E-5,5.9406123,5.9406123,1999.5966796875,1999.5966796875,61.2570086806411,20.7672029384539,6.646428,0,0,0,40,4882,5.969,1999.5966796875,,,,,,,,,,,,,0,,,,0.8451519,,,,,,5.9406123,,,,
,44348507.085,5.94662045,1999.5966796875,0.00249357803043686,5.29163872192168E-7,1,0.999253354069792,40.0298881530762,2.00190054565496,20.7299999892712,0.0282409033309863,0.00513529978387697,0.25,1.56851350834188E-5,0.00248036858296444,2.78876994229049E-5,5.9406123,5.9526286,1999.5966796875,1999.5966796875,61.415679270045,20.7610929446352,6.646428,0,0,0,40,4882,5.98455,1999.5966796875,,,,,,,,,,,,,0,,,,0.8451519,,,,,,5.94662045,,,,
,44348508.305,5.9680073,1999.5966796875,0.00248988102542986,5.32466801014387E-7,1,0.999253354069792,40.0298881530762,2.00190067933299,20.7299999892712,0.0281990156185864,0.00512779426010892,0.25,1.56713933157944E-5,0.00247669108636451,2.78558155766091E-5,5.9526286,5.983386,1999.5966796875,1999.5966796875,61.791642587795,20.7645870657538,7.019488,0,0,0,40,4882,6.00795,1999.5966796875,,,,,,,,,,,,,0,,,,0.8493733,,,,,,5.9680073,,,,
,44348510.36,6.0046978,1999.5966796875,0.00248257521787001,5.38389106986945E-7,1,0.999253354069792,40.0298881530762,2.00191258171272,20.7400005310774,0.0281162130537498,0.00511402977970551,0.25,1.57358922375051E-5,0.00246942338575749,2.78839805583382E-5,6.0046978,6.0046978,1999.5966796875,1999.5966796875,61.483680951218,20.7585268329456,6.646428,0,0,0,40,4882,6.03695,1999.5966796875,,,,,,,,,,,,,0,,,,0.8665143,,,,,,6.0046978,,,,
,44348511.86,6.0221505,1999.5966796875,0.00247859835803658,4.08546780854964E-7,1,0.999253354069792,40.0298881530762,2.00185827285007,20.7299999892712,0.0280713318755751,0.0051006645244939,0.25,1.52660558742452E-5,0.00246546976015816,2.73970253974868E-5,6.0221505,6.0221505,1999.5966796875,1999.5966796875,61.1436725453526,20.7614530848602,6.273368,0,0,0,40,4882,6.0726,1999.5966796875,,,,,,,,,,,,,0,,,,0.857901,,,,,,6.0221505,,,,
,44348512.58,6.0324707,1999.5966796875,0.00247481997812504,4.76270972389348E-7,1,0.999253354069792,40.0298881530762,2.00192366439712,20.7299999892712,0.0280289068053047,0.00509592650578475,0.25,1.54967110074014E-5,0.00246171012799498,2.76078506062903E-5,6.0221505,6.0427909,1999.5966796875,1999.5966796875,61.2781126506603,20.76192396811,6.646428,0,0,0,40,4882,6.07825,1999.5966796875,,,,,,,,,,,,,0,,,,0.857901,,,,,,6.0324707,,,,
,44348513.8,6.0633178,1999.5966796875,0.00247091842070727,4.12475378926975E-7,1,0.999253354069792,40.0298881530762,2.00190294988623,20.7400005310774,0.0279847008666614,0.0050863715574354,0.25,1.5342540649269E-5,0.00245782983381946,2.74352697984485E-5,6.0427909,6.0838447,1999.5966796875,1999.5966796875,61.3578387596219,20.7607932014832,6.646428,0,0,0,40,4882,6.09675,1999.5966796875,,,,,,,,,,,,,0,,,,0.857901,,,,,,6.0633178,,,,
,44348515.915,6.097014,1999.5966796875,0.00246303623655364,4.32275657147197E-7,1,0.999253354069792,40.0298881530762,2.00197381993555,20.7299999892712,0.0278968487483659,0.00506758723142493,0.25,1.5052846525516E-5,0.00244999053988173,2.71082674677696E-5,6.097014,6.097014,1999.5966796875,1999.5966796875,61.2132374835642,20.7625054040621,6.646428,0,0,0,40,4882,6.1285,1999.5966796875,,,,,,,,,,,,,0,,,,0.8665143,,,,,,6.097014,,,,
,44348516.635,6.1125751,1999.5966796875,0.00246021364444933,5.21806663674009E-7,1,0.999253354069792,40.0298881530762,2.00216852515909,20.7299999892712,0.027867204630247,0.00506370533927187,0.25,1.51640593175604E-5,0.00244718224248052,2.72049881808734E-5,6.097014,6.1281362,1999.5966796875,1999.5966796875,61.2007314272565,20.76403771249,6.646428,0,0,0,40,4882,6.1412,1999.5966796875,,,,,,,,,,,,,0,,,,0.8665143,,,,,,6.1125751,,,,
,44348519.015,6.142415,1999.5966796875,0.00245272069452788,4.99108512722185E-7,1,0.999253354069792,40.0298881530762,2.00197942527488,20.7400005310774,0.0277797431668201,0.00504833277347302,0.25,1.51623136056273E-5,0.00243972871922559,2.71663354925236E-5,6.142415,6.142415,1999.5966796875,1999.5966796875,61.280457536218,20.767297393071,6.646428,0,0,0,40,4882,6.1893,1999.5966796875,,,,,,,,,,,,,0,,,,0.875214,,,,,,6.142415,,,,
,44348519.73,6.1548259,1999.5966796875,0.00244925744977692,5.8688318898642E-7,1,0.999253354069792,40.0298881530762,2.00189972925711,20.7299999892712,0.0277393004119797,0.00504195917955021,0.25,1.52243244505557E-5,0.00243628338993794,2.72109571071387E-5,6.142415,6.1672368,1999.5966796875,1999.5966796875,61.6212475706027,20.7651793710173,6.646428,0,0,0,40,4882,6.1975,1999.5966796875,,,,,,,,,,,,,0,,,,0.87960755,,,,,,6.1548259,,,,
,44348520.87,6.1734321,1999.5966796875,0.00244616397072665,5.74188126212469E-7,1,0.999253354069792,40.0298881530762,2.00188580327807,20.7299999892712,0.0277039544538286,0.00503627971578433,0.25,1.52687835511433E-5,0.0024332059562135,2.72399410424958E-5,6.1672368,6.1796274,1999.5966796875,1999.5966796875,61.5329235479296,20.76241504768,6.646428,0,0,0,40,4882,6.21555,1999.5966796875,,,,,,,,,,,,,0,,,,0.87960755,,,,,,6.1734321,,,,
,44348522.865,6.2176228,1999.5966796875,0.00243833970819829,5.53731598887342E-7,1,0.999253354069792,40.0298881530762,2.00186717758774,20.7299999892712,0.0276152404855433,0.00501929969275009,0.25,1.51470526546952E-5,0.00242542343410748,2.70803025383154E-5,6.2176228,6.2176228,1999.5966796875,1999.5966796875,60.9943814981795,20.7659942233469,7.019488,0,0,0,40,4882,6.25055,1999.5966796875,,,,,,,,,,,,,0,,,,0.8840011,,,,,,6.2176228,,,,
,44348524.415,6.2396817,1999.5966796875,0.00243001977794841,4.99376369988347E-7,1,0.999253354069792,40.0298881530762,2.00190742693248,20.7299999892712,0.0275223163822021,0.00499784292519077,0.25,1.47050020111535E-5,0.00241714946576855,2.65995896258743E-5,6.2396817,6.2396817,1999.5966796875,1999.5966796875,61.4907156078911,20.7641051721391,6.646428,0,0,0,40,4882,6.2789,1999.5966796875,,,,,,,,,,,,,0,,,,0.8840452,,,,,,6.2396817,,,,
,44348525.155,6.254508,1999.5966796875,0.00242679874567949,4.90963494845084E-7,1,0.999253354069792,40.0298881530762,2.00185813218654,20.7299999892712,0.0274836834907851,0.00499969425051713,0.25,1.54434347425348E-5,0.00241394173669101,2.73182639645167E-5,6.2396817,6.2693343,1999.5966796875,1999.5966796875,61.6759615669488,20.7612210838329,7.019488,0,0,0,40,4882,6.2912,1999.5966796875,,,,,,,,,,,,,0,,,,0.8840452,,,,,,6.254508,,,,
,44348527.275,6.290545,1999.5966796875,0.0024230005706302,6.30788399710477E-7,1,0.999253354069792,40.0298881530762,2.00198489994423,20.7400005310774,0.0274426237224989,0.00499045561283968,0.25,1.52680474928982E-5,0.00241016437380495,2.71250872296399E-5,6.290545,6.290545,1999.5966796875,1999.5966796875,61.4102078704103,20.7616864686335,6.646428,0,0,0,40,4882,6.3229,1999.5966796875,,,,,,,,,,,,,0,,,,0.8840011,,,,,,6.290545,,,,
,44348527.94,6.298151,1999.5966796875,0.0024165546479203,5.13543192211895E-7,1,0.999253354069792,40.0298881530762,2.00195375646252,20.7299999892712,0.0273700156080349,0.0049725247462183,0.25,1.48234017819754E-5,0.00240375457808921,2.6651025889838E-5,6.290545,6.305757,1999.5966796875,1999.5966796875,61.9979925168719,20.7648211282207,6.646428,0,0,0,40,4882,6.33065,1999.5966796875,,,,,,,,,,,,,0,,,,0.88843875,,,,,,6.298151,,,,
,44348529.145,6.31397935,1999.5966796875,0.00241330986428405,4.34395720962808E-7,1,0.999253354069792,40.0298881530762,2.00199693290719,20.7299999892712,0.027333690876673,0.0049667213639986,0.25,1.48715352989003E-5,0.00240052662176672,2.66829194866204E-5,6.305757,6.3222017,1999.5966796875,1999.5966796875,60.8833902484487,20.7638363182425,6.646428,0,0,0,40,4882,6.35045,1999.5966796875,,,,,,,,,,,,,0,,,,0.8928764,,,,,,6.31397935,,,,
,44348530.425,6.33824395,1999.5966796875,0.00240927220009184,5.0618161396861E-7,1,0.999253354069792,40.0298881530762,2.00196244587293,20.7299999892712,0.0272872838439687,0.00495962732901902,0.25,1.49610554016837E-5,0.00239650974348498,2.67520752496178E-5,6.3222017,6.3542862,1999.5966796875,1999.5966796875,61.2249619113526,20.7658907920813,6.646428,0,0,0,40,4882,6.37465,1999.5966796875,,,,,,,,,,,,,0,,,,0.8928764,,,,,,6.33824395,,,,
,44348531.735,6.3621135,1999.5966796875,0.00240539457331283,3.54852661720508E-7,1,0.999253354069792,40.0298881530762,2.00200197788941,20.7299999892712,0.0272434306132419,0.00495428915943968,0.25,1.51619716870475E-5,0.00239265151130726,2.69328289712214E-5,6.3542862,6.3699408,1999.5966796875,1999.5966796875,61.5352684334873,20.7614646949071,6.646428,0,0,0,40,4882,6.39735,1999.5966796875,,,,,,,,,,,,,0,,,,0.8928764,,,,,,6.3621135,,,,
,44348533.875,6.3897805,1999.5966796875,0.00239955239892662,5.21912357037449E-7,1,0.999253354069792,40.0298881530762,2.00191621945298,20.7299999892712,0.0271765407796703,0.00493984387216541,0.25,1.49301656340644E-5,0.00238684120373029,2.66734604999108E-5,6.3897805,6.3897805,1999.5966796875,1999.5966796875,61.5845110301988,20.7629114697421,7.019488,0,0,0,40,4882,6.4262,1999.5966796875,,,,,,,,,,,,,0,,,,0.9018408,,,,,,6.3897805,,,,
,44348535.345,6.4244375,1999.5966796875,0.00239656553481965,4.61958441945724E-7,1,0.999253354069792,40.0298881530762,2.00183956345399,20.7299999892712,0.0271419111250337,0.00493243703296392,0.25,1.48165086356359E-5,0.00238387057476705,2.6545686026969E-5,6.4244375,6.4244375,1999.5966796875,1999.5966796875,61.270296365468,20.7643909661786,6.273368,0,0,0,40,4882,6.4519,1999.5966796875,,,,,,,,,,,,,0,,,,0.9018408,,,,,,6.4244375,,,,
,44348536.875,6.4375286,1999.5966796875,0.00238959064413825,4.62943888407936E-7,1,0.999253354069792,40.0298881530762,2.00192681286145,20.7400005310774,0.0270644749989448,0.00491581198613528,0.25,1.45551913807298E-5,0.002376933684945,2.62513814699678E-5,6.4375286,6.4375286,1999.5966796875,1999.5966796875,61.7080083362373,20.7624407694994,6.646428,0,0,0,40,4882,6.48575,1999.5966796875,,,,,,,,,,,,,0,,,,0.9108952,,,,,,6.4375286,,,,
,44348537.57,6.44941975,1999.5966796875,0.00238534252817407,4.71654593913508E-7,1,0.999253354069792,40.0298881530762,2.00189492763634,20.7400005310774,0.0270150707051936,0.004912017991078,0.25,1.49720425769156E-5,0.0023727058695359,2.66451077360352E-5,6.4375286,6.4613109,1999.5966796875,1999.5966796875,61.4672667523142,20.7649997744013,6.646428,0,0,0,40,4882,6.49455,1999.5966796875,,,,,,,,,,,,,0,,,,0.9108952,,,,,,6.44941975,,,,
,44348538.725,6.46782305,1999.5966796875,0.00238240702853242,4.89232065724814E-7,1,0.999253354069792,40.0298881530762,2.00191005834058,20.7400005310774,0.0269816431992224,0.00490814994180815,0.25,1.51425067774991E-5,0.00236978496050252,2.68002114235737E-5,6.4613109,6.4743352,1999.5966796875,1999.5966796875,61.3859773863142,20.7636205139748,6.646428,0,0,0,40,4882,6.5147,1999.5966796875,,,,,,,,,,,,,0,,,,0.9108952,,,,,,6.46782305,,,,
,44348540.705,6.5134473,1999.5966796875,0.00237497935773471,5.06280019866834E-7,1,0.999253354069792,40.0298881530762,2.00193209204339,20.7400005310774,0.0268988295302212,0.00488704546475705,0.25,1.45790399222218E-5,0.00236239911018224,2.62031172916215E-5,6.5134473,6.5134473,1999.5966796875,1999.5966796875,61.4305302119103,20.7612031213264,7.019488,0,0,0,40,4882,6.5591,1999.5966796875,,,,,,,,,,,,,0,,,,0.91546785,,,,,,6.5134473,,,,
,44348542.255,6.5343628,1999.5966796875,0.00237094932513734,4.32935037247958E-7,1,0.999253354069792,40.0298881530762,2.00197793489839,20.7299999892712,0.0268527066972908,0.00488492821477631,0.25,1.50895730202342E-5,0.0023583877527271,2.66911062986219E-5,6.5343628,6.5343628,1999.5966796875,1999.5966796875,61.5657519457373,20.76149750981,7.019488,0,0,0,40,4882,6.5757,1999.5966796875,,,,,,,,,,,,,0,,,,0.9200405,,,,,,6.5343628,,,,
,44348543.95,6.5672936,1999.5966796875,0.00236481565445012,4.75973167814894E-7,1,0.999253354069792,40.0298881530762,2.00200037355835,20.7299999892712,0.0267839339216533,0.00487000337739506,0.25,1.48442151653642E-5,0.00235228754026932,2.64168211800987E-5,6.5672936,6.5672936,1999.5966796875,1999.5966796875,61.5813845161219,20.7640671615243,6.646428,0,0,0,40,4882,6.602,1999.5966796875,,,,,,,,,,,,,0,,,,0.9200405,,,,,,6.5672936,,,,
,44348544.61,6.574213,1999.5966796875,0.00236168561930046,3.98855463789989E-7,1,0.999253354069792,40.0298881530762,2.00201860547837,20.7299999892712,0.0267493641625757,0.00485989724624424,0.25,1.44980347672945E-5,0.00234917568421708,2.6057043100706E-5,6.5672936,6.5811324,1999.5966796875,1999.5966796875,61.6118680283719,20.7643655453747,6.646428,0,0,0,40,4882,6.6121,1999.5966796875,,,,,,,,,,,,,0,,,,0.9246591,,,,,,6.574213,,,,
,44348546.605,6.6103988,1999.5966796875,0.00235559532253587,4.9878832879119E-7,1,0.999253354069792,40.0298881530762,2.00194515452085,20.7299999892712,0.0266794563559219,0.00484716006010285,0.25,1.44575578164896E-5,0.00234311760185127,2.5986773459381E-5,6.6103988,6.6103988,1999.5966796875,1999.5966796875,61.6446964261796,20.7633345551162,6.273368,0,0,0,40,4882,6.64435,1999.5966796875,,,,,,,,,,,,,0,,,,0.9246591,,,,,,6.6103988,,,,
,44348548.145,6.6272178,1999.5966796875,0.00235295243744539,4.95566618714575E-7,1,0.999253354069792,40.0298881530762,2.00194851460813,20.7299999892712,0.0266486452181815,0.00484697673600911,0.25,1.4904136459394E-5,0.00234048640742286,2.64179789715705E-5,6.6272178,6.6272178,1999.5966796875,1999.5966796875,61.6994104225258,20.7618750913888,6.646428,0,0,0,40,4882,6.6665,1999.5966796875,,,,,,,,,,,,,0,,,,0.9200405,,,,,,6.6272178,,,,
,44348548.875,6.6440375,1999.5966796875,0.00234660986401526,6.05342163357049E-7,1,0.999253354069792,40.0298881530762,2.00201423423341,20.7299999892712,0.0265781303199375,0.00483127853118112,0.25,1.4618440824451E-5,0.00233417861792652,2.61025396348669E-5,6.6272178,6.6608572,1999.5966796875,1999.5966796875,61.1858804853911,20.7631213601057,6.646428,0,0,0,40,4882,6.67825,1999.5966796875,,,,,,,,,,,,,0,,,,0.929324,,,,,,6.6440375,,,,
,44348550.11,6.6679952,1999.5966796875,0.00234381636981527,4.46177392571271E-7,1,0.999253354069792,40.0298881530762,2.00189628040331,20.7299999892712,0.0265446281573551,0.00482738111817999,0.25,1.47884418328253E-5,0.00233139895769514,2.62578820423984E-5,6.6608572,6.6751332,1999.5966796875,1999.5966796875,61.0944299486411,20.7634562204123,6.646428,0,0,0,40,4882,6.7009,1999.5966796875,,,,,,,,,,,,,0,,,,0.9339426,,,,,,6.6679952,,,,
,44348551.335,6.6851685,1999.5966796875,0.00233975887292117,5.64821245069606E-7,1,0.999253354069792,40.0298881530762,2.0019587742677,20.7299999892712,0.026499594245455,0.00481841821647028,0.25,1.46967649267517E-5,0.00232736325290482,2.61466974962813E-5,6.6751332,6.6952038,1999.5966796875,1999.5966796875,61.3742529585257,20.7652191244557,7.019488,0,0,0,40,4882,6.7209,1999.5966796875,,,,,,,,,,,,,0,,,,0.9292777,,,,,,6.6851685,,,,
,44348553.455,6.7106633,1999.5966796875,0.00233297550714267,5.80276130372942E-7,1,0.999253354069792,40.0298881530762,2.00206567875432,20.7299999892712,0.0264253477298853,0.00479763735814876,0.25,1.40319005426708E-5,0.00232061884535251,2.54519146316124E-5,6.7106633,6.7106633,1999.5966796875,1999.5966796875,61.984704832045,20.7660420862526,7.019488,0,0,0,40,4882,6.7633,1999.5966796875,,,,,,,,,,,,,0,,,,0.9386075,,,,,,6.7106633,,,,
,44348554.145,6.7300272,1999.5966796875,0.00232991306430576,6.77162705122098E-7,1,0.999253354069792,40.0298881530762,2.00182571012292,20.7299999892712,0.0263865372697242,0.00479712129808689,0.25,1.4571685885595E-5,0.00231756983867152,2.59737688015935E-5,6.7106633,6.7493911,1999.5966796875,1999.5966796875,61.7056634506796,20.7631911792377,6.273368,0,0,0,40,4882,6.7753,1999.5966796875,,,,,,,,,,,,,0,,,,0.9386075,,,,,,6.7300272,,,,
,44348555.43,6.75968505,1999.5966796875,0.0023259641531975,4.76455453261376E-7,1,0.999253354069792,40.0298881530762,2.00190422879871,20.7299999892712,0.0263424160061072,0.00479135238492386,0.25,1.47395124016874E-5,0.00231364084678937,2.61212556168876E-5,6.7493911,6.769979,1999.5966796875,1999.5966796875,61.8080567866989,20.7654516426981,6.646428,0,0,0,40,4882,6.7942,1999.5966796875,,,,,,,,,,,,,0,,,,0.9433193,,,,,,6.75968505,,,,
,44348556.7,6.77917885,1999.5966796875,0.00232321224514926,5.16585794236839E-7,1,0.999253354069792,40.0298881530762,2.00189559550719,20.7299999892712,0.0263117379209664,0.00478226060065749,0.25,1.44219054773209E-5,0.00231090496284891,2.57917632361434E-5,6.769979,6.7883787,1999.5966796875,1999.5966796875,61.2609168232372,20.7652041620408,6.646428,0,0,0,40,4882,6.8176,1999.5966796875,,,,,,,,,,,,,0,,,,0.9480311,,,,,,6.77917885,,,,
,44348558.705,6.8052711,1999.5966796875,0.0023163275943838,4.85062920080211E-7,1,0.999253354069792,40.0298881530762,2.00184671497481,20.7299999892712,0.0262336989559197,0.00476487376451243,0.25,1.41053873564944E-5,0.00230405808579516,2.54429929330354E-5,6.8052711,6.8052711,1999.5966796875,1999.5966796875,61.6228108276411,20.7631311013326,6.273368,0,0,0,40,4882,6.8475,1999.5966796875,,,,,,,,,,,,,0,,,,0.9433193,,,,,,6.8052711,,,,
,44348560.29,6.8417459,1999.5966796875,0.0023132967339652,5.47502746112773E-7,1,0.999253354069792,40.0298881530762,2.00187168923427,20.7299999892712,0.0261990877897781,0.00476209157888012,0.25,1.43864721734557E-5,0.00230104173799604,2.57076643474852E-5,6.8417459,6.8417459,1999.5966796875,1999.5966796875,61.5352684334873,20.7656515196125,6.646428,0,0,0,40,4882,6.8744,1999.5966796875,,,,,,,,,,,,,0,,,,0.9480311,,,,,,6.8417459,,,,
,44348560.94,6.84991195,1999.5966796875,0.0023067171729337,4.90071099956396E-7,1,0.999253354069792,40.0298881530762,2.00190226956202,20.7299999892712,0.0261245439252679,0.00475093931297554,0.25,1.45504577694151E-5,0.00229449600871072,2.58383704093925E-5,6.8417459,6.858078,1999.5966796875,1999.5966796875,61.8260342426412,20.7632635224552,6.646428,0,0,0,40,4882,6.8887,1999.5966796875,,,,,,,,,,,,,0,,,,0.9480311,,,,,,6.84991195,,,,
,44348562.91,6.8774514,1999.5966796875,0.00230305816482679,4.82006558944956E-7,1,0.999253354069792,40.0298881530762,2.0019064764653,20.7400005310774,0.0260839211644211,0.00473904742462223,0.25,1.41423753978459E-5,0.00229085823281573,2.54144099407264E-5,6.8774514,6.8774514,1999.5966796875,1999.5966796875,61.3367347896026,20.7628785336087,6.646428,0,0,0,40,4882,6.9199,1999.5966796875,,,,,,,,,,,,,0,,,,0.9480311,,,,,,6.8774514,,,,
,44348564.72,6.9104314,1999.5966796875,0.00229775344488531,4.81598534498892E-7,1,0.999253354069792,40.0298881530762,2.00194524680512,20.7299999892712,0.0260239535381471,0.00473031091117067,0.25,1.42943128507454E-5,0.00228558064369017,2.55394115876435E-5,6.9104314,6.9104314,1999.5966796875,1999.5966796875,61.5258888912565,20.7640633060652,7.019488,0,0,0,40,4882,6.9445,1999.5966796875,,,,,,,,,,,,,0,,,,0.967163,,,,,,6.9104314,,,,
,44348565.29,6.9191954,1999.5966796875,0.00229423961993559,5.30155952990845E-7,1,0.999253354069792,40.0298881530762,2.00191544405467,20.7299999892712,0.0259833403421429,0.00472556310377801,0.25,1.44976233312474E-5,0.00228208430835077,2.57243394080849E-5,6.9104314,6.9279594,1999.5966796875,1999.5966796875,61.6720534243527,20.7659228731706,7.019488,0,0,0,40,4882,6.9587,1999.5966796875,,,,,,,,,,,,,0,,,,0.967163,,,,,,6.9191954,,,,
,44348566.37,6.9363141,1999.5966796875,0.00229152409250046,4.77470597306063E-7,1,0.999253354069792,40.0298881530762,2.00194284955004,20.7400005310774,0.0259531792186283,0.00471857406863743,0.25,1.43519426857002E-5,0.00227938376969402,2.55660470711282E-5,6.9279594,6.9446688,1999.5966796875,1999.5966796875,61.5837294016796,20.7621500075503,6.646428,0,0,0,40,4882,6.97775,1999.5966796875,,,,,,,,,,,,,0,,,,0.967163,,,,,,6.9363141,,,,
,44348568.32,6.96670195,1999.5966796875,0.00228907361744134,4.2234487563743E-7,1,0.999253354069792,40.0298881530762,2.00201460616917,20.7299999892712,0.0259265419206869,0.00471236697866077,0.25,1.42200028697126E-5,0.00227694679468522,2.54227287530967E-5,6.9566612,6.9767427,1999.5966796875,1999.5966796875,61.4907156078911,20.7657188137234,6.646428,0,0,0,40,4882,7.0058,1999.5966796875,,,,,,,,,,,,,0,,,,0.967163,,,,,,6.96670195,,,,
,44348569.765,6.9898405,1999.5966796875,0.00228313371072402,4.85435512963369E-7,1,0.999253354069792,40.0298881530762,2.00183055340701,20.7400005310774,0.0258565341377446,0.00470238831101261,0.25,1.44178120305499E-5,0.00227103715594263,2.55902312890754E-5,6.9898405,6.9898405,1999.5966796875,1999.5966796875,61.5297970338527,20.7650196722684,6.646428,0,0,0,40,4882,7.033,1999.5966796875,,,,,,,,,,,,,0,,,,0.967163,,,,,,6.9898405,,,,
,44348571.375,7.0119925,1999.5966796875,0.00227658420291463,4.56123707389231E-7,1,0.999253354069792,40.0298881530762,2.00193678976683,20.7400005310774,0.0257843101956422,0.00468544702672843,0.25,1.40511192284291E-5,0.00226452390986895,2.51932018454186E-5,7.0119925,7.0119925,1999.5966796875,1999.5966796875,61.6626738821219,20.7647625999303,7.019488,0,0,0,40,4882,7.0546,1999.5966796875,,,,,,,,,,,,,0,,,,0.9720181,,,,,,7.0119925,,,,
,44348572.1,7.0295849,1999.5966796875,0.00227351743169809,4.72194604523749E-7,1,0.999253354069792,40.0298881530762,2.00189625429081,20.7400005310774,0.0257487069264496,0.00468116929346477,0.25,1.42195530968015E-5,0.00226147242850488,2.53456390546993E-5,7.0119925,7.0471773,1999.5966796875,1999.5966796875,61.4289669548719,20.7623089463718,6.646428,0,0,0,40,4882,7.0669,1999.5966796875,,,,,,,,,,,,,0,,,,0.9720181,,,,,,7.0295849,,,,
,44348573.38,7.05484795,1999.5966796875,0.00226991578950662,4.80396799360417E-7,1,0.999253354069792,40.0298881530762,2.00193198610831,20.7299999892712,0.0257087492427283,0.0046715730483231,0.25,1.39977157189194E-5,0.00225789080139013,2.51072253098928E-5,7.0471773,7.0625186,1999.5966796875,1999.5966796875,61.8612075260065,20.7634664974128,6.646428,0,0,0,40,4882,7.09515,1999.5966796875,,,,,,,,,,,,,0,,,,0.9720181,,,,,,7.05484795,,,,
,44348574.665,7.07307245,1999.5966796875,0.00226742070909585,4.79496342056621E-7,1,0.999253354069792,40.0298881530762,2.00189774347388,20.7299999892712,0.0256803534515315,0.00466475456455832,0.25,1.38405552370404E-5,0.00225540960227504,2.49385996707771E-5,7.0625186,7.0836263,1999.5966796875,1999.5966796875,61.3797243581603,20.7674833153552,6.646428,0,0,0,40,4882,7.11675,1999.5966796875,,,,,,,,,,,,,0,,,,0.9768732,,,,,,7.07307245,,,,
,44348575.94,7.09120965,1999.5966796875,0.00226084900894958,5.45278353692693E-7,1,0.999253354069792,40.0298881530762,2.0018728395759,20.7299999892712,0.0256046631400501,0.00465663599911659,0.25,1.42817106580682E-5,0.00224887030809572,2.53450541307903E-5,7.0836263,7.098793,1999.5966796875,1999.5966796875,61.1663397724103,20.7653726631164,7.019488,0,0,0,40,4882,7.1347,1999.5966796875,,,,,,,,,,,,,0,,,,0.98177705,,,,,,7.09120965,,,,
,44348577.155,7.10990595,1999.5966796875,0.00225861933354917,5.50719910416541E-7,1,0.999253354069792,40.0298881530762,2.00187591872703,20.7299999892712,0.0255808908152041,0.00464382535255045,0.25,1.35421813193953E-5,0.00224665598411224,2.45984346588465E-5,7.098793,7.1210189,1999.5966796875,1999.5966796875,61.5102563208719,20.76621134336,6.646428,0,0,0,40,4882,7.1565,1999.5966796875,,,,,,,,,,,,,0,,,,0.98177705,,,,,,7.10990595,,,,
,44348578.225,7.1284008,1999.5966796875,0.00225576000690685,5.12977652029262E-7,1,0.999253354069792,40.0298881530762,2.00189033664868,20.7299999892712,0.0255473704084242,0.00464545354231667,0.25,1.41843626540584E-5,0.00224380851835613,2.5223145983938E-5,7.1210189,7.1357827,1999.5966796875,1999.5966796875,61.5876375442758,20.7641720394515,6.646428,0,0,0,40,4882,7.17645,1999.5966796875,,,,,,,,,,,,,0,,,,0.9768732,,,,,,7.1284008,,,,
,44348579.37,7.1467302,1999.5966796875,0.00225234867918504,5.00517444408538E-7,1,0.999253354069792,40.0298881530762,2.00194832421409,20.7299999892712,0.0255099761571588,0.00463549309782993,0.25,1.38927525238149E-5,0.00224041655978154,2.4916264780303E-5,7.1357827,7.1576777,1999.5966796875,1999.5966796875,61.3773794726026,20.7660951270263,6.646428,0,0,0,40,4882,7.19575,1999.5966796875,,,,,,,,,,,,,0,,,,0.98177705,,,,,,7.1467302,,,,
,44348580.665,7.1751082,1999.5966796875,0.0022494126998502,4.02769989573465E-7,1,0.999253354069792,40.0298881530762,2.00188759574749,20.7299999892712,0.0254763059487722,0.00462749668186418,0.25,1.37141096249188E-5,0.0022374968693685,2.47240974768043E-5,7.1576777,7.1925387,1999.5966796875,1999.5966796875,61.8565177548911,20.7651103560967,6.646428,0,0,0,40,4882,7.21855,1999.5966796875,,,,,,,,,,,,,0,,,,0.99163405,,,,,,7.1751082,,,,
,44348581.845,7.19961785,1999.5966796875,0.00224615398700979,5.46772835368212E-7,1,0.999253354069792,40.0298881530762,2.00182353353192,20.7400005310774,0.0254379960486824,0.00462422579868922,0.25,1.40094666536687E-5,0.00223425381745694,2.50018434763081E-5,7.1925387,7.206697,1999.5966796875,1999.5966796875,61.5657519457373,20.7620836212263,6.646428,0,0,0,40,4882,7.2375,1999.5966796875,,,,,,,,,,,,,0,,,,0.9965872,,,,,,7.19961785,,,,
,44348582.925,7.21569465,1999.5966796875,0.00224332350034734,4.73981529598436E-7,1,0.999253354069792,40.0298881530762,2.00192114755486,20.7400005310774,0.0254074917762881,0.004616491906088,0.25,1.38047359436799E-5,0.00223143921650638,2.4784245776536E-5,7.206697,7.2246923,1999.5966796875,1999.5966796875,61.2226170257949,20.7664977035505,6.646428,0,0,0,40,4882,7.25455,1999.5966796875,,,,,,,,,,,,,0,,,,0.99163405,,,,,,7.21569465,,,,
,44348584.135,7.23323915,1999.5966796875,0.00223756049797126,4.14625888338818E-7,1,0.999253354069792,40.0298881530762,2.00190190671129,20.7400005310774,0.025341762724328,0.00460587860099545,0.25,1.38829156003483E-5,0.00222570614951705,2.48336205561705E-5,7.2246923,7.241786,1999.5966796875,1999.5966796875,61.514164463468,20.7615999535776,6.646428,0,0,0,40,4882,7.2737,1999.5966796875,,,,,,,,,,,,,0,,,,0.9866809,,,,,,7.23323915,,,,
,44348586.315,7.2585726,1999.5966796875,0.00223530278812318,4.05728439818625E-7,1,0.999253354069792,40.0298881530762,2.00191147657739,20.7299999892712,0.0253157032536352,0.00460469767983158,0.25,1.41728051035189E-5,0.00222345885281844,2.51108594441845E-5,7.2585726,7.2585726,1999.5966796875,1999.5966796875,61.425840440795,20.762919147742,7.019488,0,0,0,40,4882,7.3156,1999.5966796875,,,,,,,,,,,,,0,,,,0.9965872,,,,,,7.2585726,,,,
,44348587.02,7.27822235,1999.5966796875,0.00222950048182653,5.43576475014602E-7,1,0.999253354069792,40.0298881530762,2.00190747197074,20.7299999892712,0.0252498917873509,0.00459301824094723,0.25,1.41608947332972E-5,0.00221768712843486,2.50704250340842E-5,7.2585726,7.2978721,1999.5966796875,1999.5966796875,62.1191449373527,20.7647341096529,6.646428,0,0,0,40,4882,7.32385,1999.5966796875,,,,,,,,,,,,,0,,,,1.00159,,,,,,7.27822235,,,,
,44348589.15,7.316895,1999.5966796875,0.00222687228190786,5.97296865593479E-7,1,0.999253354069792,40.0298881530762,2.00196262504739,20.7299999892712,0.0252217741859961,0.00458209583836016,0.25,1.36478104759778E-5,0.00221507522167047,2.45470941084829E-5,7.316895,7.316895,1999.5966796875,1999.5966796875,61.5876375442758,20.76445123409,6.646428,0,0,0,40,4882,7.355,1999.5966796875,,,,,,,,,,,,,0,,,,0.9965872,,,,,,7.316895,,,,
,44348589.86,7.3260801,1999.5966796875,0.0022212160476505,5.35798045774681E-7,1,0.999253354069792,40.0298881530762,2.00198382138067,20.7299999892712,0.0251574201079866,0.00457360845740306,0.25,1.3886998096636E-5,0.00220944758394434,2.47571549514928E-5,7.316895,7.3352652,1999.5966796875,1999.5966796875,61.6110863998527,20.7630390528806,6.646428,0,0,0,40,4882,7.36945,1999.5966796875,,,,,,,,,,,,,0,,,,1.00159,,,,,,7.3260801,,,,
,44348591.07,7.3445785,1999.5966796875,0.00221830802815118,3.95737393543917E-7,1,0.999253354069792,40.0298881530762,2.00186773552651,20.7400005310774,0.0251228954999741,0.00456851260463437,0.25,1.39697392134887E-5,0.0022065544367722,2.48251328202896E-5,7.3352652,7.3538918,1999.5966796875,1999.5966796875,61.7517795333142,20.7633609411995,7.019488,0,0,0,40,4882,7.3909,1999.5966796875,,,,,,,,,,,,,0,,,,1.00159,,,,,,7.3445785,,,,
,44348592.265,7.3619897,1999.5966796875,0.00221514946446711,4.71012151208699E-7,1,0.999253354069792,40.0298881530762,2.00187721083045,20.7299999892712,0.0250883490730692,0.00455568408794362,0.25,1.33902983599794E-5,0.00220341532965367,2.42331823819026E-5,7.3538918,7.3700876,1999.5966796875,1999.5966796875,61.3203205906988,20.7612658505383,6.646428,0,0,0,40,4882,7.4069,1999.5966796875,,,,,,,,,,,,,0,,,,1.0066431,,,,,,7.3619897,,,,
,44348593.555,7.38978335,1999.5966796875,0.00221237425548338,4.96722158839657E-7,1,0.999253354069792,40.0298881530762,2.00184696511336,20.7299999892712,0.0250557107465129,0.00455473379700791,0.25,1.37989013472862E-5,0.00220065266860452,2.46259597655276E-5,7.3700876,7.4094791,1999.5966796875,1999.5966796875,61.6259373417181,20.7641701592499,6.646428,0,0,0,40,4882,7.42745,1999.5966796875,,,,,,,,,,,,,0,,,,1.016699,,,,,,7.38978335,,,,
,44348594.835,7.4159441,1999.5966796875,0.00220698657138593,3.91329799806429E-7,1,0.999253354069792,40.0298881530762,2.00197863452213,20.7400005310774,0.0249963532935613,0.00454338772471101,0.25,1.37177905713153E-5,0.0021952937093907,2.451873203359E-5,7.4094791,7.4224091,1999.5966796875,1999.5966796875,61.2460658813719,20.7664102002605,7.019488,0,0,0,40,4882,7.45055,1999.5966796875,,,,,,,,,,,,,0,,,,1.0116459,,,,,,7.4159441,,,,
,44348596.07,7.4327171,1999.5966796875,0.00220452934275078,5.58895501362423E-7,1,0.999253354069792,40.0298881530762,2.00187384450499,20.7299999892712,0.0249671371082048,0.0045389044768433,0.25,1.37732186216682E-5,0.00219284911620151,2.45617616545711E-5,7.4224091,7.4430251,1999.5966796875,1999.5966796875,61.229651682468,20.7633986447115,6.646428,0,0,0,40,4882,7.47305,1999.5966796875,,,,,,,,,,,,,0,,,,1.0116459,,,,,,7.4327171,,,,
,44348597.22,7.4514537,1999.5966796875,0.0022011433978912,4.58437874613982E-7,1,0.999253354069792,40.0298881530762,2.00189505422869,20.7400005310774,0.0249285727916142,0.00453464937709384,0.25,1.3987607976707E-5,0.00218947991146392,2.47583396759883E-5,7.4430251,7.4598823,1999.5966796875,1999.5966796875,61.486807465295,20.7659909004366,6.646428,0,0,0,40,4882,7.4865,1999.5966796875,,,,,,,,,,,,,0,,,,1.02180275,,,,,,7.4514537,,,,
,44348598.43,7.4685774,1999.5966796875,0.00219810890811765,5.22276357107007E-7,1,0.999253354069792,40.0298881530762,2.00197247015668,20.7299999892712,0.0248962586028581,0.00452208677770286,0.25,1.33970025502786E-5,0.00218646427979236,2.41558948067844E-5,7.4598823,7.4772725,1999.5966796875,1999.5966796875,61.7017553080835,20.7648479273629,7.019488,0,0,0,40,4882,7.50515,1999.5966796875,,,,,,,,,,,,,0,,,,1.0269065,,,,,,7.4685774,,,,
,44348599.695,7.486789,1999.5966796875,0.00219555233055541,4.44753167328431E-7,1,0.999253354069792,40.0298881530762,2.00188426269306,20.7400005310774,0.0248652654094179,0.00452230049300735,0.25,1.38808864294066E-5,0.00218391874682939,2.46246338412824E-5,7.4772725,7.4963055,1999.5966796875,1999.5966796875,61.4219322981988,20.7633093130113,6.646428,0,0,0,40,4882,7.5318,1999.5966796875,,,,,,,,,,,,,0,,,,1.0269065,,,,,,7.486789,,,,
,44348600.86,7.5056248,1999.5966796875,0.00219268494379616,4.14508044823367E-7,1,0.999253354069792,40.0298881530762,2.0019091036033,20.7400005310774,0.024832997229742,0.00451694494776153,0.25,1.39066177058103E-5,0.00218106629764031,2.46361023232683E-5,7.4963055,7.5149441,1999.5966796875,1999.5966796875,61.575131487968,20.7628555004801,7.019488,0,0,0,40,4882,7.54975,1999.5966796875,,,,,,,,,,,,,0,,,,1.02180275,,,,,,7.5056248,,,,
,44348602.065,7.52358985,1999.5966796875,0.00218754746471457,3.54505043228286E-7,1,0.999253354069792,40.0298881530762,2.00187542985844,20.7299999892712,0.0247746790788837,0.00450478917435251,0.25,1.37417101069075E-5,0.00217595665501956,2.44467520531395E-5,7.5149441,7.5322356,1999.5966796875,1999.5966796875,61.5821661446411,20.7634124572166,7.019488,0,0,0,40,4882,7.5711,1999.5966796875,,,,,,,,,,,,,0,,,,1.016699,,,,,,7.52358985,,,,
,44348604.18,7.56095815,1999.5966796875,0.00218496620818772,4.46819819256341E-7,1,0.999253354069792,40.0298881530762,2.00195416995346,20.7299999892712,0.0247460818843736,0.00450129382453793,0.25,1.38711812507631E-5,0.00217338827797567,2.45628231746767E-5,7.5511408,7.5707755,1999.5966796875,1999.5966796875,61.5391765760834,20.764342301538,6.646428,0,0,0,40,4882,7.6098,1999.5966796875,,,,,,,,,,,,,0,,,,1.016699,,,,,,7.56095815,,,,
,44348605.93,7.5921092,1999.5966796875,0.00217940537168026,4.35385136215288E-7,1,0.999253354069792,40.0298881530762,2.00190799026626,20.7299999892712,0.0246833661101406,0.00448513622252494,0.25,1.34299122924195E-5,0.00216785884103801,2.40964812464757E-5,7.5921092,7.5921092,1999.5966796875,1999.5966796875,61.4195874126411,20.7648598440323,6.646428,0,0,0,40,4882,7.6349,1999.5966796875,,,,,,,,,,,,,0,,,,1.0269065,,,,,,7.5921092,,,,
,44348607.445,7.6087327,1999.5966796875,0.0021768965555494,4.36271998602097E-7,1,0.999253354069792,40.0298881530762,2.00192196205833,20.7400005310774,0.0246548555731058,0.0044814845743508,0.25,1.35451363216036E-5,0.00216536263694946,2.41987376871547E-5,7.6087327,7.6087327,1999.5966796875,1999.5966796875,61.2413761102565,20.7646826834508,6.646428,0,0,0,40,4882,7.6656,1999.5966796875,,,,,,,,,,,,,0,,,,1.0372165,,,,,,7.6087327,,,,
,44348608.975,7.6497788,1999.5966796875,0.00217096595878089,3.83338307868379E-7,1,0.999253354069792,40.0298881530762,2.00194017484266,20.7400005310774,0.0245884971335018,0.00446590569562391,0.25,1.32076262015944E-5,0.00215946485443994,2.38337861080554E-5,7.6497788,7.6497788,1999.5966796875,1999.5966796875,61.527452148295,20.7637863044062,7.019488,0,0,0,40,4882,7.6922,1999.5966796875,,,,,,,,,,,,,0,,,,1.0320615,,,,,,7.6497788,,,,
,44348609.725,7.65937015,1999.5966796875,0.00216859161829154,4.80528065897786E-7,1,0.999253354069792,40.0298881530762,2.001880218343,20.7299999892712,0.0245603541556815,0.00446403233027404,0.25,1.34699697411567E-5,0.00215710170789168,2.4083049759941E-5,7.6497788,7.6689615,1999.5966796875,1999.5966796875,61.2515372810065,20.7650827738529,7.019488,0,0,0,40,4882,7.70525,1999.5966796875,,,,,,,,,,,,,0,,,,1.0372165,,,,,,7.65937015,,,,
,44348611.01,7.6771407,1999.5966796875,0.00216260177348786,4.31294545614629E-7,1,0.999253354069792,40.0298881530762,2.00181195259266,20.7299999892712,0.0244917663482679,0.00445129561063279,0.25,1.34096543526497E-5,0.00215114367431482,2.39935413963934E-5,7.6689615,7.6853199,1999.5966796875,1999.5966796875,61.8010221300258,20.76351926904,6.646428,0,0,0,40,4882,7.72315,1999.5966796875,,,,,,,,,,,,,0,,,,1.0372165,,,,,,7.6771407,,,,
,44348612.205,7.69654395,1999.5966796875,0.0021604484846622,4.81775258839444E-7,1,0.999253354069792,40.0298881530762,2.00186025036962,20.7400005310774,0.0244675332559756,0.00444929521855576,0.25,1.36017798792484E-5,0.00214900073939043,2.41740457330062E-5,7.6853199,7.707768,1999.5966796875,1999.5966796875,61.8369770419104,20.7633637130661,6.646428,0,0,0,40,4882,7.74185,1999.5966796875,,,,,,,,,,,,,0,,,,1.0372165,,,,,,7.69654395,,,,
,44348614.305,7.7433343,1999.5966796875,0.00215786623767477,4.60208869027625E-7,1,0.999253354069792,40.0298881530762,2.00183304925505,20.7299999892712,0.0244379965917048,0.00444377559744337,0.25,1.3572826637768E-5,0.00214643213438967,2.41325218502791E-5,7.7433343,7.7433343,1999.5966796875,1999.5966796875,61.5845110301988,20.7642938050738,6.273368,0,0,0,40,4882,7.78035,1999.5966796875,,,,,,,,,,,,,0,,,,1.0372165,,,,,,7.7433343,,,,
,44348615.745,7.7570772,1999.5966796875,0.00215231216834813,5.33407092525837E-7,1,0.999253354069792,40.0298881530762,2.00196135734027,20.7400005310774,0.0243764250123654,0.00443351419650874,0.25,1.36177822510087E-5,0.0021409070708624,2.41498769789174E-5,7.7570772,7.7570772,1999.5966796875,1999.5966796875,61.7666304751796,20.7656161756296,7.019488,0,0,0,40,4882,7.8089,1999.5966796875,,,,,,,,,,,,,0,,,,1.0476302,,,,,,7.7570772,,,,
,44348616.465,7.76638865,1999.5966796875,0.00214941779096265,4.98470224179744E-7,1,0.999253354069792,40.0298881530762,2.00191890933999,20.7299999892712,0.0243442686841957,0.00442109652789711,0.25,1.303798443978E-5,0.00213803077634674,2.35588734382228E-5,7.7570772,7.7757001,1999.5966796875,1999.5966796875,62.2911032115835,20.7668868825188,6.646428,0,0,0,40,4882,7.8146,1999.5966796875,,,,,,,,,,,,,0,,,,1.05288925,,,,,,7.76638865,,,,
,44348617.66,7.7838688,1999.5966796875,0.00214715727737248,4.2235682280392E-7,1,0.999253354069792,40.0298881530762,2.00190724252997,20.7299999892712,0.0243178357315556,0.00442038588307031,0.25,1.33738546570114E-5,0.00213578047706801,2.38818370021529E-5,7.7757001,7.7920375,1999.5966796875,1999.5966796875,61.4320934689488,20.7653423107837,6.646428,0,0,0,40,4882,7.8336,1999.5966796875,,,,,,,,,,,,,0,,,,1.0581483,,,,,,7.7838688,,,,
,44348618.79,7.8067794,1999.5966796875,0.00214251587471529,4.53821600749289E-7,1,0.999253354069792,40.0298881530762,2.00184114883862,20.7400005310774,0.0242645591109123,0.00441038635372117,0.25,1.33180071243474E-5,0.00213116374856018,2.38034162217855E-5,7.7920375,7.8215213,1999.5966796875,1999.5966796875,61.3148491910642,20.7636348475318,6.646428,0,0,0,40,4882,7.8547,1999.5966796875,,,,,,,,,,,,,0,,,,1.0581483,,,,,,7.8067794,,,,
,44348620.01,7.8306866,1999.5966796875,0.00214026426446896,4.90377518497062E-7,1,0.999253354069792,40.0298881530762,2.0018510337231,20.7299999892712,0.0242383674953108,0.00441036233604994,0.25,1.37088852771127E-5,0.00212892202005507,2.41811416222712E-5,7.8215213,7.8398519,1999.5966796875,1999.5966796875,61.4274036978334,20.766912001725,6.646428,0,0,0,40,4882,7.8738,1999.5966796875,,,,,,,,,,,,,0,,,,1.0581483,,,,,,7.8306866,,,,
,44348622.09,7.8572798,1999.5966796875,0.00213766528424682,4.10965888315495E-7,1,0.999253354069792,40.0298881530762,2.00182696516699,20.7299999892712,0.0242080141341689,0.00440861848796235,0.25,1.40152653799997E-5,0.00212633516149134,2.44731026166008E-5,7.8572798,7.8572798,1999.5966796875,1999.5966796875,61.351585731468,20.7635169144059,7.019488,0,0,0,40,4882,7.9033,1999.5966796875,,,,,,,,,,,,,0,,,,1.0476302,,,,,,7.8572798,,,,
,44348623.69,7.8911676,1999.5966796875,0.00213249768797751,4.67225686386535E-7,1,0.999253354069792,40.0298881530762,2.00190439702172,20.7400005310774,0.0241525829180926,0.004385573217051,0.25,1.28745091464913E-5,0.00212120033099556,2.33128956860426E-5,7.8911676,7.8911676,1999.5966796875,1999.5966796875,61.476646294545,20.7661668233873,6.646428,0,0,0,40,4882,7.9283,1999.5966796875,,,,,,,,,,,,,0,,,,1.0581483,,,,,,7.8911676,,,,
,44348625.25,7.9056625,1999.5966796875,0.00213026705205131,4.58019579363911E-7,1,0.999253354069792,40.0298881530762,2.00190303785572,20.7299999892712,0.0241262777664298,0.00438682889531716,0.25,1.33766534781123E-5,0.00211897893898436,2.38014046580173E-5,7.9056625,7.9056625,1999.5966796875,1999.5966796875,61.5297970338527,20.7674787628743,7.019488,0,0,0,40,4882,7.96035,1999.5966796875,,,,,,,,,,,,,0,,,,1.068772,,,,,,7.9056625,,,,
,44348626.8,7.9413705,1999.5966796875,0.00212461581418509,4.83263162161565E-7,1,0.999253354069792,40.0298881530762,2.00185266312824,20.7299999892712,0.0240611650522294,0.00437812160896893,0.25,1.36088804144748E-5,0.00211335624583901,2.40045652581621E-5,7.9413705,7.9413705,1999.5966796875,1999.5966796875,61.8143098148527,20.7627235592913,6.646428,0,0,0,40,4882,7.986,1999.5966796875,,,,,,,,,,,,,0,,,,1.068772,,,,,,7.9413705,,,,
,44348628.295,7.9627666,1999.5966796875,0.00212212401356838,4.45826247725483E-7,1,0.999253354069792,40.0298881530762,2.00189052062998,20.7299999892712,0.0240351940365071,0.0043627076463713,0.25,1.26793586436132E-5,0.00211088210227274,2.30676632974212E-5,7.9627666,7.9627666,1999.5966796875,1999.5966796875,61.903415466045,20.7660528729912,6.646428,0,0,0,40,4882,8.0093,1999.5966796875,,,,,,,,,,,,,0,,,,1.068772,,,,,,7.9627666,,,,
,44348628.965,7.9714875,1999.5966796875,0.00211690146835098,4.96471991365857E-7,1,0.999253354069792,40.0298881530762,2.00184448118305,20.7299999892712,0.0239738249229533,0.00436153174736981,0.25,1.34998381139955E-5,0.00210568300726913,2.3858090225966E-5,7.9627666,7.9802084,1999.5966796875,1999.5966796875,61.4821176941796,20.764386860286,6.646428,0,0,0,40,4882,8.0234,1999.5966796875,,,,,,,,,,,,,0,,,,1.068772,,,,,,7.9714875,,,,
,44348630.185,7.9970484,1999.5966796875,0.00211411428649983,3.94563819434097E-7,1,0.999253354069792,40.0298881530762,2.00190031620692,20.7299999892712,0.0239436686246935,0.00435149563137152,0.25,1.30931785204964E-5,0.00210291245280064,2.34398406276594E-5,7.9802084,8.0138884,1999.5966796875,1999.5966796875,61.3805059866796,20.7683895224865,7.019488,0,0,0,40,4882,8.04665,1999.5966796875,,,,,,,,,,,,,0,,,,1.07413715,,,,,,7.9970484,,,,
,44348631.375,8.0238705,1999.5966796875,0.00211167140030218,4.42965451159509E-7,1,0.999253354069792,40.0298881530762,2.0018478468829,20.7400005310774,0.0239151772941531,0.00434765023385812,0.25,1.31919554769971E-5,0.00210048188689971,2.35260611168879E-5,8.0138884,8.0338526,1999.5966796875,1999.5966796875,61.3179757051411,20.7659978480752,6.646428,0,0,0,40,4882,8.06715,1999.5966796875,,,,,,,,,,,,,0,,,,1.07413715,,,,,,8.0238705,,,,
,44348633.37,8.049757,1999.5966796875,0.00210860404240184,3.91057971940392E-7,1,0.999253354069792,40.0298881530762,2.00189080818985,20.7299999892712,0.0238809590799801,0.00434123557126725,0.25,1.31562130827625E-5,0.00209743080377059,2.3475394343403E-5,8.049757,8.049757,1999.5966796875,1999.5966796875,61.6118680283719,20.7657377700825,6.646428,0,0,0,40,4882,8.0941,1999.5966796875,,,,,,,,,,,,,0,,,,1.068772,,,,,,8.049757,,,,
,44348634.95,8.0756588,1999.5966796875,0.00210329597199891,4.1714829894214E-7,1,0.999253354069792,40.0298881530762,2.00198270482013,20.7400005310774,0.0238206829062601,0.00433734210917413,0.25,1.37268593779309E-5,0.00209214782484868,2.40168823490763E-5,8.0663242,8.0849934,1999.5966796875,1999.5966796875,61.3429878177565,20.7653991103206,7.019488,0,0,0,40,4882,8.1175,1999.5966796875,,,,,,,,,,,,,0,,,,1.0795023,,,,,,8.0756588,,,,
,44348636.515,8.099514,1999.5966796875,0.00209973221341845,4.57532362679304E-7,1,0.999253354069792,40.0298881530762,2.00185470066924,20.7299999892712,0.0237806466857433,0.00431961547479064,0.25,1.28115495136695E-5,0.00208860729401622,2.30888362501895E-5,8.099514,8.099514,1999.5966796875,1999.5966796875,61.8862196386219,20.7640515500367,7.019488,0,0,0,40,4882,8.1489,1999.5966796875,,,,,,,,,,,,,0,,,,1.0795023,,,,,,8.099514,,,,
,44348638.055,8.1167917,1999.5966796875,0.00209710230698771,4.80503054515251E-7,1,0.999253354069792,40.0298881530762,2.00189030081593,20.7299999892712,0.0237507510437377,0.00431719948887281,0.25,1.30531645271327E-5,0.00208599001122274,2.33162211344325E-5,8.1167917,8.1167917,1999.5966796875,1999.5966796875,61.7400551055258,20.770125682065,6.646428,0,0,0,40,4882,8.1731,1999.5966796875,,,,,,,,,,,,,0,,,,1.0795023,,,,,,8.1167917,,,,
,44348638.68,8.13529205,1999.5966796875,0.00209480045919091,4.42046642809518E-7,1,0.999253354069792,40.0298881530762,2.00195154962637,20.7299999892712,0.0237249495142649,0.00431499696483612,0.25,1.32514465917009E-5,0.00208369926929078,2.35021175654146E-5,8.1167917,8.1537924,1999.5966796875,1999.5966796875,61.5485561183142,20.7669832748038,7.019488,0,0,0,40,4882,8.18565,1999.5966796875,,,,,,,,,,,,,0,,,,1.0795023,,,,,,8.13529205,,,,
,44348639.94,8.16049005,1999.5966796875,0.0020897554507854,5.05112618286573E-7,1,0.999253354069792,40.0298881530762,2.00195510187675,20.7299999892712,0.0236678515329343,0.00430460844565225,0.25,1.3219210148033E-5,0.00207868093806267,2.34451949614233E-5,8.1537924,8.1671877,1999.5966796875,1999.5966796875,61.5743498594488,20.7636042633104,7.019488,0,0,0,40,4882,8.2082,1999.5966796875,,,,,,,,,,,,,0,,,,1.0849214,,,,,,8.16049005,,,,
,44348641.275,8.17866325,1999.5966796875,0.00208805321892053,4.18748805715329E-7,1,0.999253354069792,40.0298881530762,2.0018360552255,20.7299999892712,0.0236463039795756,0.00430615605983182,0.25,1.36757057538535E-5,0.00207698538156881,2.38908987187512E-5,8.1671877,8.1901388,1999.5966796875,1999.5966796875,61.249974023968,20.7654927183004,6.646428,0,0,0,40,4882,8.22965,1999.5966796875,,,,,,,,,,,,,0,,,,1.0903405,,,,,,8.17866325,,,,
,44348642.565,8.1976657,1999.5966796875,0.00208490401462011,4.0546252202228E-7,1,0.999253354069792,40.0298881530762,2.00190604471364,20.7299999892712,0.0236126908309905,0.00429259257909082,0.25,1.3018987317689E-5,0.00207385595811589,2.3222124325109E-5,8.1901388,8.2051926,1999.5966796875,1999.5966796875,61.0514403800834,20.7650305603142,6.646428,0,0,0,40,4882,8.2488,1999.5966796875,,,,,,,,,,,,,0,,,,1.0849214,,,,,,8.1976657,,,,
,44348644.645,8.2441969,1999.5966796875,0.00208042280317325,4.18099975888624E-7,1,0.999253354069792,40.0298881530762,2.00193661687755,20.7400005310774,0.0235617701589138,0.00428633607697298,0.25,1.32474638111767E-5,0.00206939711734442,2.34273182196935E-5,8.2441969,8.2441969,1999.5966796875,1999.5966796875,61.4922788649296,20.7639507951861,6.646428,0,0,0,40,4882,8.2849,1999.5966796875,,,,,,,,,,,,,0,,,,1.095814,,,,,,8.2441969,,,,
,44348645.395,8.25274375,1999.5966796875,0.00207803470126167,4.39005846183638E-7,1,0.999253354069792,40.0298881530762,2.00191580670197,20.7299999892712,0.0235356461062135,0.00427478339384271,0.25,1.26510266103967E-5,0.00206702451459644,2.28222575435746E-5,8.2441969,8.2612906,1999.5966796875,1999.5966796875,61.8182179574489,20.7631786619426,7.019488,0,0,0,40,4882,8.297,1999.5966796875,,,,,,,,,,,,,0,,,,1.1012875,,,,,,8.25274375,,,,
,44348647.485,8.2771444,1999.5966796875,0.00207309856897347,5.17712672574194E-7,1,0.999253354069792,40.0298881530762,2.00192321514593,20.7299999892712,0.0234797777019187,0.0042648964604685,0.25,1.26432382091785E-5,0.00206211436689004,2.27901906119431E-5,8.2771444,8.2771444,1999.5966796875,1999.5966796875,61.4844625797373,20.7655375082257,6.646428,0,0,0,40,4882,8.3386,1999.5966796875,,,,,,,,,,,,,0,,,,1.0903405,,,,,,8.2771444,,,,
,44348649.045,8.3113909,1999.5966796875,0.00206993243820548,4.12977310815608E-7,1,0.999253354069792,40.0298881530762,2.00202051311618,20.7299999892712,0.0234444662767942,0.00426163770417108,0.25,1.28936152308711E-5,0.00205896359955654,2.30236489957517E-5,8.3113909,8.3113909,1999.5966796875,1999.5966796875,61.0662913219488,20.7644999129393,6.646428,0,0,0,40,4882,8.36335,1999.5966796875,,,,,,,,,,,,,0,,,,1.1012875,,,,,,8.3113909,,,,
,44348649.75,8.32274915,1999.5966796875,0.00206564684193539,4.67597831172419E-7,1,0.999253354069792,40.0298881530762,2.00198521050804,20.7299999892712,0.0233968108840171,0.00424545843603125,0.25,1.22244585851287E-5,0.00205470385066635,2.23369035571948E-5,8.3113909,8.3341074,1999.5966796875,1999.5966796875,61.6783064525065,20.7645874445077,7.019488,0,0,0,40,4882,8.37455,1999.5966796875,,,,,,,,,,,,,0,,,,1.1068159,,,,,,8.32274915,,,,
,44348651,8.3423295,1999.5966796875,0.00206287512249315,3.93564873101472E-7,1,0.999253354069792,40.0298881530762,2.00192906423502,20.7400005310774,0.0233636073099679,0.00424640499893546,0.25,1.28039695661233E-5,0.0020519438308383,2.28997054099923E-5,8.3341074,8.3505516,1999.5966796875,1999.5966796875,61.4422546396988,20.762591481866,6.646428,0,0,0,40,4882,8.39335,1999.5966796875,,,,,,,,,,,,,0,,,,1.1068159,,,,,,8.3423295,,,,
,44348653.01,8.3699942,1999.5966796875,0.00206058830277357,4.72113703633591E-7,1,0.999253354069792,40.0298881530762,2.00195692179274,20.7299999892712,0.0233380564662859,0.0042415220893901,0.25,1.27693502871115E-5,0.00204966916166299,2.28540012588706E-5,8.3699942,8.3699942,1999.5966796875,1999.5966796875,61.8690238111989,20.7635972862098,6.646428,0,0,0,40,4882,8.42585,1999.5966796875,,,,,,,,,,,,,0,,,,1.1068159,,,,,,8.3699942,,,,
,44348654.69,8.4079227,1999.5966796875,0.00205672679878858,4.99797272126222E-7,1,0.999253354069792,40.0298881530762,2.00197593655682,20.7299999892712,0.0232944175958411,0.00423425850378293,0.25,1.28024703677258E-5,0.00204582774503916,2.28679212766343E-5,8.4079227,8.4079227,1999.5966796875,1999.5966796875,61.5032216641988,20.7637430613118,6.646428,0,0,0,40,4882,8.452,1999.5966796875,,,,,,,,,,,,,0,,,,1.1068159,,,,,,8.4079227,,,,
,44348656.27,8.4216461,1999.5966796875,0.00205373077890675,4.25228005565997E-7,1,0.999253354069792,40.0298881530762,2.00182502130068,20.7299999892712,0.0232588187238722,0.00422776292190642,0.25,1.27817075900989E-5,0.00204284757804863,2.28325069794225E-5,8.4216461,8.4216461,1999.5966796875,1999.5966796875,61.1241318323719,20.7668732099466,6.646428,0,0,0,40,4882,8.4799,1999.5966796875,,,,,,,,,,,,,0,,,,1.1123443,,,,,,8.4216461,,,,
,44348657.78,8.4555159,1999.5966796875,0.00204927313306698,4.48432598142224E-7,1,0.999253354069792,40.0298881530762,2.00193505281647,20.7400005310774,0.0232096896778008,0.00421800537229569,0.25,1.26832483025528E-5,0.00203841381830252,2.27126039524621E-5,8.4555159,8.4555159,1999.5966796875,1999.5966796875,61.1772825716796,20.7660749560756,6.646428,0,0,0,40,4882,8.5022,1999.5966796875,,,,,,,,,,,,,0,,,,1.1123443,,,,,,8.4555159,,,,
,44348658.465,8.463151,1999.5966796875,0.00204737705165711,4.12350670533497E-7,1,0.999253354069792,40.0298881530762,2.00188509818955,20.7299999892712,0.0231881445621429,0.00421126048479948,0.25,1.24296672078711E-5,0.00203652895683489,2.24510172207414E-5,8.4555159,8.4707861,1999.5966796875,1999.5966796875,61.9268643216219,20.7658745407044,6.646428,0,0,0,40,4882,8.5163,1999.5966796875,,,,,,,,,,,,,0,,,,1.1123443,,,,,,8.463151,,,,
,44348659.765,8.47992895,1999.5966796875,0.0020425297442266,4.33886690870177E-7,1,0.999253354069792,40.0298881530762,2.00202295654077,20.7299999892712,0.0231340852764501,0.00420542276584552,0.25,1.27404306702099E-5,0.00203170561501473,2.27362616297594E-5,8.4707861,8.4890718,1999.5966796875,1999.5966796875,61.7228592781027,20.7660988765109,6.646428,0,0,0,40,4882,8.5374,1999.5966796875,,,,,,,,,,,,,0,,,,1.1179282,,,,,,8.47992895,,,,
,44348661.05,8.5054507,1999.5966796875,0.00203977563748153,4.43838054744373E-7,1,0.999253354069792,40.0298881530762,2.00191940392704,20.7299999892712,0.023101878826895,0.00419882765782153,0.25,1.26599608256903E-5,0.00202896635105777,2.26426463464776E-5,8.4890718,8.5218296,1999.5966796875,1999.5966796875,61.9073236086412,20.7628823892073,6.273368,0,0,0,40,4882,8.55975,1999.5966796875,,,,,,,,,,,,,0,,,,1.1179282,,,,,,8.5054507,,,,
,44348662.205,8.5293255,1999.5966796875,0.00203773084923154,4.08213738892889E-7,1,0.999253354069792,40.0298881530762,2.00200368984158,20.7299999892712,0.0230790077762426,0.00419841970659897,0.25,1.29676946849376E-5,0.00202693075981882,2.29386840924205E-5,8.5218296,8.5368214,1999.5966796875,1999.5966796875,61.6790880810258,20.7624312466355,6.646428,0,0,0,40,4882,8.58065,1999.5966796875,,,,,,,,,,,,,0,,,,1.1123443,,,,,,8.5293255,,,,
,44348663.415,8.544848,1999.5966796875,0.00203608432568423,5.23288026189984E-7,1,0.999253354069792,40.0298881530762,2.00196314297519,20.7400005310774,0.0230602322138632,0.00419313323178464,0.25,1.27973083786256E-5,0.00202529371148829,2.27610831130317E-5,8.5368214,8.5528746,1999.5966796875,1999.5966796875,61.4813360656603,20.7631430168385,6.646428,0,0,0,40,4882,8.60085,1999.5966796875,,,,,,,,,,,,,0,,,,1.1123443,,,,,,8.544848,,,,
,44348665.485,8.5789132,1999.5966796875,0.00203159135721821,4.56956391890148E-7,1,0.999253354069792,40.0298881530762,2.00180475547445,20.7299999892712,0.0230077564605595,0.00418273678868135,0.25,1.26960219540812E-5,0.00202082482778311,2.26381938103829E-5,8.5723829,8.5854435,1999.5966796875,1999.5966796875,61.3703448159296,20.7661133865912,6.646428,0,0,0,40,4882,8.6314,1999.5966796875,,,,,,,,,,,,,0,,,,1.1235121,,,,,,8.5789132,,,,
,44348667.215,8.6063957,1999.5966796875,0.00202909258343432,3.90314219424663E-7,1,0.999253354069792,40.0298881530762,2.0017534428428,20.7400005310774,0.0229782994901812,0.00418089252280754,0.25,1.29805222000915E-5,0.00201833774767918,2.29088835579901E-5,8.6063957,8.6063957,1999.5966796875,1999.5966796875,61.6915941373335,20.7632984974202,7.019488,0,0,0,40,4882,8.6571,1999.5966796875,,,,,,,,,,,,,0,,,,1.1291521,,,,,,8.6063957,,,,
,44348668.745,8.6424313,1999.5966796875,0.00202524060962593,5.03734235755246E-7,1,0.999253354069792,40.0298881530762,2.00198925171836,20.7299999892712,0.0229379320026079,0.00416953419556568,0.25,1.26128525575456E-5,0.00201450778816074,2.25241724979834E-5,8.6424313,8.6424313,1999.5966796875,1999.5966796875,61.7736651318527,20.7627849282762,6.646428,0,0,0,40,4882,8.68555,1999.5966796875,,,,,,,,,,,,,0,,,,1.1235121,,,,,,8.6424313,,,,
,44348669.415,8.65050605,1999.5966796875,0.00202193185441404,4.166580817291E-7,1,0.999253354069792,40.0298881530762,2.00192358244838,20.7400005310774,0.0229000872939288,0.00416061915717696,0.25,1.24182353274097E-5,0.00201121740432836,2.2314279165141E-5,8.6424313,8.6585808,1999.5966796875,1999.5966796875,61.4477260393334,20.7650263335511,6.646428,0,0,0,40,4882,8.7012,1999.5966796875,,,,,,,,,,,,,0,,,,1.1235121,,,,,,8.65050605,,,,
,44348670.595,8.670445,1999.5966796875,0.00202036757704775,3.76563864624833E-7,1,0.999253354069792,40.0298881530762,2.00200937683197,20.7400005310774,0.022883601920494,0.00415586990585518,0.25,1.22587020408045E-5,0.00200966210350043,2.21478791278273E-5,8.6585808,8.6823092,1999.5966796875,1999.5966796875,61.3234471047757,20.7674795115371,6.646428,0,0,0,40,4882,8.722,1999.5966796875,,,,,,,,,,,,,0,,,,1.13484875,,,,,,8.670445,,,,
,44348671.805,8.69125035,1999.5966796875,0.00201796275351389,5.0584358876086E-7,1,0.999253354069792,40.0298881530762,2.00191975325719,20.7299999892712,0.0228549784837406,0.00415308589361153,0.25,1.24504739688797E-5,0.00200726895210594,2.23267921639041E-5,8.6823092,8.7001915,1999.5966796875,1999.5966796875,61.3789427296411,20.7644293416839,6.646428,0,0,0,40,4882,8.7404,1999.5966796875,,,,,,,,,,,,,0,,,,1.14048875,,,,,,8.69125035,,,,
,44348673.005,8.71048735,1999.5966796875,0.00201293282861119,3.7425797519923E-7,1,0.999253354069792,40.0298881530762,2.00191621272076,20.7400005310774,0.0227974620446024,0.00414563377716906,0.25,1.26758206344255E-5,0.00200226436938419,2.25261699533615E-5,8.7001915,8.7207832,1999.5966796875,1999.5966796875,61.4977502645642,20.7670201423184,7.019488,0,0,0,40,4882,8.7589,1999.5966796875,,,,,,,,,,,,,0,,,,1.1347921,,,,,,8.71048735,,,,
,44348674.185,8.72891045,1999.5966796875,0.00201080049885887,3.5015274237112E-7,1,0.999253354069792,40.0298881530762,2.00195922532521,20.7299999892712,0.0227747989267203,0.00413550336730709,0.25,1.21487760723242E-5,0.00200014582348647,2.19913964564802E-5,8.7207832,8.7370377,1999.5966796875,1999.5966796875,61.6853411091796,20.7668890256042,6.646428,0,0,0,40,4882,8.7748,1999.5966796875,,,,,,,,,,,,,0,,,,1.14048875,,,,,,8.72891045,,,,
,44348675.31,8.74311305,1999.5966796875,0.00200881963765674,5.70347171573467E-7,1,0.999253354069792,40.0298881530762,2.00187052531508,20.7400005310774,0.0227510297166452,0.00413338259849949,0.25,1.23244606575808E-5,0.00199817449683771,2.2156395827683E-5,8.7370377,8.7491884,1999.5966796875,1999.5966796875,61.5673152027757,20.7634656775798,6.273368,0,0,0,40,4882,8.78805,1999.5966796875,,,,,,,,,,,,,0,,,,1.1461854,,,,,,8.74311305,,,,
,44348676.45,8.75384665,1999.5966796875,0.00200747856067422,4.24032775417684E-7,1,0.999253354069792,40.0298881530762,2.0018373082143,20.7299999892712,0.0227340619776431,0.00413865420450071,0.25,1.30303494840007E-5,0.00199683698025222,2.28519579248618E-5,8.7491884,8.7585049,1999.5966796875,1999.5966796875,61.0201752393141,20.7642110974896,6.646428,0,0,0,40,4882,8.80105,1999.5966796875,,,,,,,,,,,,,0,,,,1.1461854,,,,,,8.75384665,,,,
,44348678.74,8.7894344,1999.5966796875,0.00200433732283839,4.64314061343628E-7,1,0.999253354069792,40.0298881530762,2.00199918670176,20.7400005310774,0.022702464922076,0.00411978136796248,0.25,1.18885707064567E-5,0.00199371782566251,2.17007181856269E-5,8.7894344,8.7894344,1999.5966796875,1999.5966796875,61.5821661446411,20.7655942466475,6.273368,0,0,0,40,4882,8.83805,1999.5966796875,,,,,,,,,,,,,0,,,,1.1347921,,,,,,8.7894344,,,,
,44348680.275,8.808403,1999.5966796875,0.00200210970522899,3.94176457638113E-7,1,0.999253354069792,40.0298881530762,2.00196631290403,20.7299999892712,0.0226760207391737,0.00412002851781095,0.25,1.23066685398551E-5,0.00199149983574976,2.21056376670696E-5,8.808403,8.808403,1999.5966796875,1999.5966796875,61.300779877718,20.7640463424274,7.019488,0,0,0,40,4882,8.86835,1999.5966796875,,,,,,,,,,,,,0,,,,1.1347921,,,,,,8.808403,,,,
,44348681.85,8.8496542,1999.5966796875,0.00199749152148201,3.85635156097598E-7,1,0.999253354069792,40.0298881530762,2.00198213588588,20.7299999892712,0.0226238448005049,0.00411077897930232,0.25,1.22979707428155E-5,0.00198690591951389,2.20742320385386E-5,8.8496542,8.8496542,1999.5966796875,1999.5966796875,61.7830446740835,20.7654235279403,6.646428,0,0,0,40,4882,8.9061,1999.5966796875,,,,,,,,,,,,,0,,,,1.1461854,,,,,,8.8496542,,,,
,44348683.36,8.8707781,1999.5966796875,0.00199160335670771,3.94579881093815E-7,1,0.999253354069792,40.0298881530762,2.00203662307394,20.7299999892712,0.0225570759102055,0.00410254735440975,0.25,1.2595085354603E-5,0.00198104726044464,2.23407712104167E-5,8.8707781,8.8707781,1999.5966796875,1999.5966796875,61.8784033534296,20.7648979374685,7.019488,0,0,0,40,4882,8.9331,1999.5966796875,,,,,,,,,,,,,0,,,,1.1461854,,,,,,8.8707781,,,,
,44348684.04,8.8823123,1999.5966796875,0.00198882542911718,4.19870961147261E-7,1,0.999253354069792,40.0298881530762,2.00192289544153,20.7299999892712,0.0225242590196328,0.00409737268466331,0.25,1.26453719065354E-5,0.001978283691816,2.23771064070364E-5,8.8707781,8.8938465,1999.5966796875,1999.5966796875,61.568096831295,20.7643970685822,7.019488,0,0,0,40,4882,8.9445,1999.5966796875,,,,,,,,,,,,,0,,,,1.1519392,,,,,,8.8823123,,,,
,44348685.21,8.9109564,1999.5966796875,0.00198694789977773,4.50284015901986E-7,1,0.999253354069792,40.0298881530762,2.00193795154114,20.7299999892712,0.0225046278016339,0.00408513754977704,0.25,1.18929050433152E-5,0.00197641968646068,2.16193535362655E-5,8.8938465,8.9280663,1999.5966796875,1999.5966796875,61.4743014089873,20.7649561501257,7.019488,0,0,0,40,4882,8.9701,1999.5966796875,,,,,,,,,,,,,0,,,,1.157693,,,,,,8.9109564,,,,
,44348687.23,8.9493151,1999.5966796875,0.00198442789462574,4.40606841559197E-7,1,0.999253354069792,40.0298881530762,2.00189744490244,20.7400005310774,0.0224743423737189,0.00408734280956757,0.25,1.25362484196884E-5,0.00197390968754886,2.22468905205106E-5,8.9493151,8.9493151,1999.5966796875,1999.5966796875,61.3773794726026,20.7650454346474,6.646428,0,0,0,40,4882,9.003,1999.5966796875,,,,,,,,,,,,,0,,,,1.157693,,,,,,8.9493151,,,,
,44348688.78,8.97223905,1999.5966796875,0.0019801659420031,4.8532181060569E-7,1,0.999253354069792,40.0298881530762,2.00187440773422,20.7299999892712,0.022425745460263,0.00407898914631099,0.25,1.25507381857076E-5,0.00196967005927352,2.2240305841072E-5,8.962904,8.9815741,1999.5966796875,1999.5966796875,61.2960901066026,20.7649232472745,7.019488,0,0,0,40,4882,9.0246,1999.5966796875,,,,,,,,,,,,,0,,,,1.1693162,,,,,,8.97223905,,,,
,44348689.475,8.98802045,1999.5966796875,0.00197807361324928,3.59099251675223E-7,1,0.999253354069792,40.0298881530762,2.00196040444598,20.7299999892712,0.0224036362102617,0.00407102035527594,0.25,1.22000908325619E-5,0.00196759044063028,2.1881197379949E-5,8.9815741,8.9944668,1999.5966796875,1999.5966796875,61.5188542345834,20.7650919710541,6.646428,0,0,0,40,4882,9.03135,1999.5966796875,,,,,,,,,,,,,0,,,,1.1635046,,,,,,8.98802045,,,,
,44348691.6,9.0081263,1999.5966796875,0.00197483222367198,4.50376560270379E-7,1,0.999253354069792,40.0298881530762,2.00187422807909,20.7299999892712,0.0223652065169204,0.0040687462673741,0.25,1.25826164381349E-5,0.001964364192081,2.22457373462545E-5,9.0081263,9.0081263,1999.5966796875,1999.5966796875,61.9487499201604,20.766083733636,7.019488,0,0,0,40,4882,9.06805,1999.5966796875,,,,,,,,,,,,,0,,,,1.1635046,,,,,,9.0081263,,,,
,44348692.255,9.02434635,1999.5966796875,0.00197171304714617,3.79034856817014E-7,1,0.999253354069792,40.0298881530762,2.00193465308763,20.7400005310774,0.0223309979637611,0.00405972701188908,0.25,1.23237699306871E-5,0.00196126268294133,2.19728870212863E-5,9.0081263,9.0405664,1999.5966796875,1999.5966796875,61.2663882228719,20.767199491615,6.646428,0,0,0,40,4882,9.0804,1999.5966796875,,,,,,,,,,,,,0,,,,1.1693162,,,,,,9.02434635,,,,
,44348693.43,9.05134055,1999.5966796875,0.00197011479258118,4.94273827496318E-7,1,0.999253354069792,40.0298881530762,2.00203619779331,20.7400005310774,0.0223134349651818,0.00405970398785775,0.25,1.25847086900986E-5,0.00195967149135887,2.22245758381205E-5,9.0405664,9.0621147,1999.5966796875,1999.5966796875,61.3476775888719,20.7664824150827,6.273368,0,0,0,40,4882,9.09825,1999.5966796875,,,,,,,,,,,,,0,,,,1.1693162,,,,,,9.05134055,,,,
,44348695.43,9.0777779,1999.5966796875,0.00196546671641453,4.18452608051338E-7,1,0.999253354069792,40.0298881530762,2.00193237314012,20.7400005310774,0.0222610568675711,0.00404213541628238,0.25,1.18679207935162E-5,0.00195505136721087,2.14886644696858E-5,9.0777779,9.0777779,1999.5966796875,1999.5966796875,61.1264767179295,20.7662864793189,6.646428,0,0,0,40,4882,9.1341,1999.5966796875,,,,,,,,,,,,,0,,,,1.157693,,,,,,9.0777779,,,,
,44348697.11,9.1100855,1999.5966796875,0.00196379427723606,4.44361145408472E-7,1,0.999253354069792,40.0298881530762,2.00195407296508,20.7400005310774,0.022241942030511,0.00404102561281976,0.25,1.20596344870819E-5,0.00195338670801344,2.16711273431263E-5,9.1100855,9.1100855,1999.5966796875,1999.5966796875,61.649386197295,20.7649508739192,6.646428,0,0,0,40,4882,9.1621,1999.5966796875,,,,,,,,,,,,,0,,,,1.1693162,,,,,,9.1100855,,,,
,44348697.875,9.1190586,1999.5966796875,0.00195898207372969,3.8960585378798E-7,1,0.999253354069792,40.0298881530762,2.00184069456485,20.7400005310774,0.0221858581555698,0.00403309509657389,0.25,1.22231863033043E-5,0.00194859903193708,2.18101087321501E-5,9.1100855,9.1280317,1999.5966796875,1999.5966796875,61.0436240948911,20.7664203030937,6.646428,0,0,0,40,4882,9.17325,1999.5966796875,,,,,,,,,,,,,0,,,,1.1751861,,,,,,9.1190586,,,,
,44348699.96,9.1470604,1999.5966796875,0.00195733979589792,4.53234683964601E-7,1,0.999253354069792,40.0298881530762,2.00195746617861,20.7400005310774,0.0221690449837615,0.00402677030510508,0.25,1.19335821345012E-5,0.00194696675800596,2.15139387552346E-5,9.1470604,9.1470604,1999.5966796875,1999.5966796875,61.5657519457373,20.7685555669335,6.646428,0,0,0,40,4882,9.20715,1999.5966796875,,,,,,,,,,,,,0,,,,1.181056,,,,,,9.1470604,,,,
,44348700.565,9.15680885,1999.5966796875,0.00195537130846634,3.68445597809035E-7,1,0.999253354069792,40.0298881530762,2.00196239950218,20.7299999892712,0.0221457549061521,0.00402869777246633,0.25,1.24479212937913E-5,0.00194500608273996,2.20158691274908E-5,9.1470604,9.1665573,1999.5966796875,1999.5966796875,61.4406913826604,20.7654735102032,6.646428,0,0,0,40,4882,9.2219,1999.5966796875,,,,,,,,,,,,,0,,,,1.181056,,,,,,9.15680885,,,,
,44348702.605,9.1994448,1999.5966796875,0.00195157666562258,3.49420269211467E-7,1,0.999253354069792,40.0298881530762,2.00186569656363,20.7400005310774,0.02210239793993,0.00401705735804562,0.25,1.2102976320444E-5,0.00194123301767544,2.16540454457801E-5,9.1994448,9.1994448,1999.5966796875,1999.5966796875,61.6165577994873,20.76301452812,6.646428,0,0,0,40,4882,9.25365,1999.5966796875,,,,,,,,,,,,,0,,,,1.181056,,,,,,9.1994448,,,,
,44348703.255,9.20928955,1999.5966796875,0.00194927024634861,4.36016820876538E-7,1,0.999253354069792,40.0298881530762,2.00187266799568,20.7299999892712,0.0220759099150737,0.00401483127833628,0.25,1.23098910611547E-5,0.00193893770561786,2.18485064695648E-5,9.1994448,9.2191343,1999.5966796875,1999.5966796875,61.6329719983911,20.7655040623867,6.646428,0,0,0,40,4882,9.2646,1999.5966796875,,,,,,,,,,,,,0,,,,1.181056,,,,,,9.20928955,,,,
,44348704.435,9.22718715,1999.5966796875,0.00194724652349605,4.71011598071691E-7,1,0.999253354069792,40.0298881530762,2.00195624194373,20.7299999892712,0.0220545598584934,0.0040068712639677,0.25,1.1948627097404E-5,0.00193692637717802,2.14791753853196E-5,9.2191343,9.23524,1999.5966796875,1999.5966796875,61.8455749556219,20.7646719231594,6.273368,0,0,0,40,4882,9.2806,1999.5966796875,,,,,,,,,,,,,0,,,,1.18698485,,,,,,9.22718715,,,,
,44348705.735,9.2426863,1999.5966796875,0.00194248110528264,4.51434290142655E-7,1,0.999253354069792,40.0298881530762,2.00189210453472,20.7299999892712,0.0220000627158523,0.00399610032096701,0.25,1.18450289395265E-5,0.00193218653834512,2.13526448568324E-5,9.23524,9.2501326,1999.5966796875,1999.5966796875,61.5180726060642,20.7650176396579,7.019488,0,0,0,40,4882,9.30305,1999.5966796875,,,,,,,,,,,,,0,,,,1.18698485,,,,,,9.2426863,,,,
,44348707.9,9.2835388,1999.5966796875,0.00194124059467107,4.27116461772942E-7,1,0.999253354069792,40.0298881530762,2.00189547563399,20.7299999892712,0.0219849671023066,0.003999712847663,0.25,1.23806300657951E-5,0.00193094981209903,2.18793106252468E-5,9.2835388,9.2835388,1999.5966796875,1999.5966796875,61.4860258367757,20.7658494931359,6.646428,0,0,0,40,4882,9.3394,1999.5966796875,,,,,,,,,,,,,0,,,,1.18698485,,,,,,9.2835388,,,,
,44348709.49,9.306222,1999.5966796875,0.0019364576910934,3.90200626324718E-7,1,0.999253354069792,40.0298881530762,2.00190987499269,20.7299999892712,0.0219316123815361,0.00398610328240283,0.25,1.20165464922331E-5,0.00192619384331068,2.14935809974192E-5,9.306222,9.306222,1999.5966796875,1999.5966796875,61.6642371391604,20.7654159112275,6.646428,0,0,0,40,4882,9.3666,1999.5966796875,,,,,,,,,,,,,0,,,,1.181056,,,,,,9.306222,,,,
,44348710.145,9.3166013,1999.5966796875,0.00193420203046859,3.94884859085715E-7,1,0.999253354069792,40.0298881530762,2.00193325512501,20.7400005310774,0.0219062558548021,0.00398180687910653,0.25,1.20292327626876E-5,0.00192394997784413,2.14950871113833E-5,9.306222,9.3269806,1999.5966796875,1999.5966796875,61.4907156078911,20.7648903525614,6.646428,0,0,0,40,4882,9.3799,1999.5966796875,,,,,,,,,,,,,0,,,,1.18698485,,,,,,9.3166013,,,,
,44348711.39,9.3445616,1999.5966796875,0.00193285029178747,4.15044209953652E-7,1,0.999253354069792,40.0298881530762,2.00203480884464,20.7400005310774,0.0218923679923815,0.00397713504969655,0.25,1.1837280222381E-5,0.00192260622957321,2.12974856250242E-5,9.3269806,9.3621426,1999.5966796875,1999.5966796875,61.2757677651026,20.7682634526996,6.646428,0,0,0,40,4882,9.4005,1999.5966796875,,,,,,,,,,,,,0,,,,1.1929137,,,,,,9.3445616,,,,
,44348712.58,9.3621426,1999.5966796875,0.00193116442713636,4.36075769017949E-7,1,0.999253354069792,40.0298881530762,2.00185758928878,20.7299999892712,0.021870922826939,0.00397621554240303,0.25,1.20813724331537E-5,0.00192092799692581,2.15319852016626E-5,9.3621426,9.3621426,1999.5966796875,1999.5966796875,62.1746405622181,20.7640001345838,7.019488,0,0,0,40,4882,9.4204,1999.5966796875,,,,,,,,,,,,,0,,,,1.1929137,,,,,,9.3621426,,,,
,44348714.6,9.398015,1999.5966796875,0.00192709025759268,3.86156296700363E-7,1,0.999253354069792,40.0298881530762,2.00190001893087,20.7299999892712,0.0218256751062003,0.00396531825132537,0.25,1.18275739152662E-5,0.00191687644646459,2.12594507973835E-5,9.398015,9.398015,1999.5966796875,1999.5966796875,61.7095715932758,20.7690021261988,6.273368,0,0,0,40,4882,9.4475,1999.5966796875,,,,,,,,,,,,,0,,,,1.1929137,,,,,,9.398015,,,,
,44348716.09,9.413559,1999.5966796875,0.00192556626342092,3.989862862432E-7,1,0.999253354069792,40.0298881530762,2.00190653686135,20.7299999892712,0.0218079517600212,0.00396521792293018,0.25,1.20848784415845E-5,0.00191535917175219,2.15078905922386E-5,9.413559,9.413559,1999.5966796875,1999.5966796875,61.2788942791796,20.7645672877916,6.646428,0,0,0,40,4882,9.4721,1999.5966796875,,,,,,,,,,,,,0,,,,1.1929137,,,,,,9.413559,,,,
,44348716.805,9.42904,1999.5966796875,0.00192161522538518,3.72311356799339E-7,1,0.999253354069792,40.0298881530762,2.00198030474019,20.7400005310774,0.021764169310145,0.00395607016020828,0.25,1.19586235264806E-5,0.00191142953333398,2.13628349351876E-5,9.413559,9.444521,1999.5966796875,1999.5966796875,61.1303848605257,20.765833814808,7.019488,0,0,0,40,4882,9.48215,1999.5966796875,,,,,,,,,,,,,0,,,,1.1929137,,,,,,9.42904,,,,
,44348718.11,9.4506617,1999.5966796875,0.00191994135236071,4.39013054652885E-7,1,0.999253354069792,40.0298881530762,2.00190430913878,20.7299999892712,0.0217439747340073,0.00395504471865975,0.25,1.21743159747465E-5,0.0019097633572401,2.15691433241852E-5,9.444521,9.4568024,1999.5966796875,1999.5966796875,61.4782095515834,20.7635041067128,6.646428,0,0,0,40,4882,9.4922,1999.5966796875,,,,,,,,,,,,,0,,,,1.1929137,,,,,,9.4506617,,,,
,44348719.325,9.4561124,1999.5966796875,0.00191856079238087,5.70852368637846E-7,1,0.999253354069792,40.0298881530762,2.00185993531057,20.7299999892712,0.0217288741562645,0.00394645106994674,0.25,1.16657903151459E-5,0.00190839256255588,2.10564957908962E-5,9.4554224,9.4568024,1999.5966796875,1999.5966796875,62.1261795940258,20.7682093117122,6.646428,0,0,0,40,4882,9.41255,1999.5966796875,,,,,,,,,,,,,0,,,,1.1929137,,,,,,9.4561124,,,,
,44348720.525,9.4084506,1999.5966796875,0.00192203460968844,1.04804882607632E-6,1,0.999253354069792,40.0298881530762,2.00184603031173,20.7299999892712,0.0217675179592775,0.00395674648102104,0.25,1.19670149101942E-5,0.00191184672467741,2.13732489339812E-5,9.3614788,9.4554224,1999.5966796875,1999.5966796875,61.6783064525065,20.7661398045371,6.646428,0,0,0,40,4882,9.2311,1999.5966796875,,,,,,,,,,,,,0,,,,1.1929137,,,,,,9.4084506,,,,
,44348721.725,9.2944646,1999.5966796875,0.00193318311587462,1.12929195342323E-6,1,0.999253354069792,40.0298881530762,2.00193667414225,20.7299999892712,0.0218961075648302,0.00397198644644207,0.25,1.13411719773139E-5,0.00192293988453826,2.08056330214089E-5,9.2274504,9.3614788,1999.5966796875,1999.5966796875,61.8033670155835,20.7674001377242,6.646428,0,0,0,40,4886,9.07545,1999.5966796875,,,,,,,,,,,,,0,,,,1.1929137,,,,,,9.2944646,,,,
,44348722.845,9.16384365,1999.5966796875,0.0019620730042631,8.50117047039348E-7,1,0.999253354069792,40.0298881530762,2.00204128795916,20.7299999892712,0.0222249572005116,0.00402858295616446,0.25,1.12493343155864E-5,0.00195167834934677,2.08566152332903E-5,9.1002369,9.2274504,1999.5966796875,1999.5966796875,62.1152367947566,20.7666260279747,6.646428,0,0,0,40,4886,9.0231,1999.5966796875,,,,,,,,,,,,,0,,,,1.18698485,,,,,,9.16384365,,,,
,44348724.01,9.0788183,1999.5966796875,0.00196767410881553,5.86479717922134E-7,1,0.999253354069792,40.0298881530762,2.00189419573173,20.7400005310774,0.022285136545696,0.00404954816930787,0.25,1.21411370926749E-5,0.00195724577902585,2.17713162224811E-5,9.0573997,9.1002369,1999.5966796875,1999.5966796875,61.4930604934488,20.7675619589625,6.273368,0,0,0,40,4886,9.0817,1999.5966796875,,,,,,,,,,,,,0,,,,1.18698485,,,,,,9.0788183,,,,
,44348725.235,9.0927639,1999.5966796875,0.00196568964720005,4.93569185359502E-7,1,0.999253354069792,40.0298881530762,2.00191912733834,20.7400005310774,0.022262240396925,0.00404941558718057,0.25,1.24731863420198E-5,0.00195527010038572,2.20918384692752E-5,9.0573997,9.1281281,1999.5966796875,1999.5966796875,61.649386197295,20.7647189182284,6.646428,0,0,0,40,4886,9.2398,1999.5966796875,,,,,,,,,,,,,0,,,,1.1929137,,,,,,9.0927639,,,,
,44348727.34,9.2341003,1999.5966796875,0.0019435496590181,7.0325280939196E-7,1,0.999253354069792,40.0298881530762,2.00193643309345,20.7299999892712,0.0220127017197602,0.00399797021555816,0.25,1.18151442678294E-5,0.00193324963226888,2.13281823815441E-5,9.2341003,9.2341003,1999.5966796875,1999.5966796875,61.8807482389873,20.7670451653176,6.646428,0,0,0,40,4886,9.5153,1999.5966796875,,,,,,,,,,,,,0,,,,1.2048905,,,,,,9.2341003,,,,
,44348728.935,9.4753294,1999.5966796875,0.00193035757142293,7.24068290013456E-7,1,0.999253354069792,40.0298881530762,2.00219413819753,20.7400005310774,0.0218654374084636,0.0039743003299751,0.25,1.19978747505509E-5,0.00192012548154644,2.1444948788985E-5,9.4753294,9.4753294,1999.5966796875,1999.5966796875,61.4234955552373,20.7636230038711,6.646428,0,0,0,40,4886,9.6992,1999.5966796875,,,,,,,,,,,,,0,,,,1.2169875,,,,,,9.4753294,,,,
,44348729.665,9.54830215,1999.5966796875,0.00191579950883073,8.54208284477443E-7,1,0.999253354069792,40.0298881530762,2.00217114240862,20.7299999892712,0.0217000962855623,0.00394542524240649,0.25,1.2008034419036E-5,0.00190564387969347,2.13833292741726E-5,9.4753294,9.6212749,1999.5966796875,1999.5966796875,61.6509494543335,20.7633307224861,6.646428,0,0,0,40,4886,9.7922,1999.5966796875,,,,,,,,,,,,,0,,,,1.210939,,,,,,9.54830215,,,,
,44348731.735,9.7583733,1999.5966796875,0.00188758743333653,9.40245931537691E-7,1,0.999253354069792,40.0298881530762,2.00209192774497,20.7400005310774,0.0213792011970339,0.00389018149998281,0.25,1.20961620829756E-5,0.00187757943961183,2.13319929876284E-5,9.7583733,9.7583733,1999.5966796875,1999.5966796875,61.1936967705834,20.7635006370516,6.273368,0,0,0,40,4886,9.9664,1999.5966796875,,,,,,,,,,,,,0,,,,1.2169875,,,,,,9.7583733,,,,
,44348732.375,9.80548145,1999.5966796875,0.00187806629921623,5.55207901178017E-7,1,0.999253354069792,40.0298881530762,2.00203182032483,20.7299999892712,0.0212723385916708,0.00386140640650393,0.25,1.12377167630421E-5,0.00186811257590149,2.04311627191195E-5,9.7583733,9.8525896,1999.5966796875,1999.5966796875,61.6368801409873,20.7637751975452,6.646428,0,0,0,40,4886,9.98565,1999.5966796875,,,,,,,,,,,,,0,,,,1.2169875,,,,,,9.80548145,,,,
,44348733.59,9.87761925,1999.5966796875,0.00187057835465241,4.41949104639221E-7,1,0.999253354069792,40.0298881530762,2.00206668560424,20.7400005310774,0.0211871315903217,0.00385030605453588,0.25,1.15661365994429E-5,0.00186066226383745,2.07209583486968E-5,9.8525896,9.9026489,1999.5966796875,1999.5966796875,61.5790396305642,20.7635391893635,6.273368,0,0,0,40,4886,10.00905,1999.5966796875,,,,,,,,,,,,,0,,,,1.22309675,,,,,,9.87761925,,,,
,44348735.83,9.958931,1999.5966796875,0.00186265603899531,3.02003800519228E-7,1,0.999253354069792,40.0298881530762,2.0020707759503,20.7400005310774,0.0210978605085943,0.00383159451932627,0.25,1.1304467499319E-5,0.00185278274875726,2.04216348266004E-5,9.958931,9.958931,1999.5966796875,1999.5966796875,61.310941048468,20.7675429040616,6.646428,0,0,0,40,4886,10.0023,1999.5966796875,,,,,,,,,,,,,0,,,,1.2169875,,,,,,9.958931,,,,
,44348737.32,9.9620419,1999.5966796875,0.0018609922589231,4.35310703682191E-7,1,0.999253354069792,40.0298881530762,2.00194818248479,20.7299999892712,0.0210775678672728,0.00382919253946587,0.25,1.14040676690941E-5,0.00185112723795951,2.0512512976714E-5,9.9620419,9.9620419,1999.5966796875,1999.5966796875,61.720514392545,20.7659689566828,6.646428,0,0,0,40,4886,9.957,1999.5966796875,,,,,,,,,,,,,0,,,,1.2169875,,,,,,9.9620419,,,,
,44348738.045,9.9454966,1999.5966796875,0.00186274890061877,4.70421789653214E-7,1,0.999253354069792,40.0298881530762,2.00194681756511,20.7400005310774,0.0210969546667633,0.00383563195608664,0.25,1.1664195666993E-5,0.0018528733892165,2.07799249129906E-5,9.9289513,9.9620419,1999.5966796875,1999.5966796875,61.3594020166603,20.7656061174159,6.273368,0,0,0,40,4886,9.93195,1999.5966796875,,,,,,,,,,,,,0,,,,1.22309675,,,,,,9.9454966,,,,
,44348739.365,9.9149747,1999.5966796875,0.00186472990672798,4.28445169006288E-7,1,0.999253354069792,40.0298881530762,2.00207962451262,20.7299999892712,0.0211211119006102,0.00383775453362893,0.25,1.14826368546059E-5,0.00185484494037757,2.06090838952611E-5,9.9009981,9.9289513,1999.5966796875,1999.5966796875,61.649386197295,20.7666423596771,6.646428,0,0,0,40,4886,9.8914,1999.5966796875,,,,,,,,,,,,,0,,,,1.22309675,,,,,,9.9149747,,,,
,44348740.65,9.88468025,1999.5966796875,0.00187043402141085,4.04645005617082E-7,1,0.999253354069792,40.0298881530762,2.00200523529156,20.7299999892712,0.0211852491929902,0.00384777552976913,0.25,1.13781946188536E-5,0.00186051959610018,2.05332956185153E-5,9.8683624,9.9009981,1999.5966796875,1999.5966796875,61.6173394280065,20.7641165699636,7.019488,0,0,0,40,4886,9.86215,1999.5966796875,,,,,,,,,,,,,0,,,,1.2169875,,,,,,9.88468025,,,,
,44348741.93,9.8579478,1999.5966796875,0.00187276289647053,3.1988770030368E-7,1,0.999253354069792,40.0298881530762,2.00200061297272,20.7299999892712,0.0212108589181203,0.00385667716883286,0.25,1.17556461129412E-5,0.00186283441698854,2.09202322777241E-5,9.8475332,9.8683624,1999.5966796875,1999.5966796875,61.3953569285449,20.7655094436758,6.646428,0,0,0,40,4886,9.84375,1999.5966796875,,,,,,,,,,,,,0,,,,1.22309675,,,,,,9.8579478,,,,
,44348743.195,9.8395314,1999.5966796875,0.00187457270010996,3.54053521846429E-7,1,0.999253354069792,40.0298881530762,2.0019944129569,20.7299999892712,0.021232133218635,0.0038556109687735,0.25,1.13452589729034E-5,0.00186463675875412,2.05209250886284E-5,9.8315296,9.8475332,1999.5966796875,1999.5966796875,61.375034587045,20.7666676951886,6.273368,0,0,0,40,4882,9.83915,1999.5966796875,,,,,,,,,,,,,0,,,,1.22309675,,,,,,9.8395314,,,,
,44348745.215,9.8224106,1999.5966796875,0.00187538153333452,3.90915853925604E-7,1,0.999253354069792,40.0298881530762,2.00193352296373,20.7400005310774,0.0212399062266859,0.00386157406987568,0.25,1.17392070607825E-5,0.00186543943911211,2.09167823022662E-5,9.8224106,9.8224106,1999.5966796875,1999.5966796875,61.3992650711411,20.765622683373,6.273368,0,0,0,40,4882,9.8576,1999.5966796875,,,,,,,,,,,,,0,,,,1.229206,,,,,,9.8224106,,,,
,44348745.93,9.8253684,1999.5966796875,0.00187538537443315,4.27695687730564E-7,1,0.999253354069792,40.0298881530762,2.00195746942213,20.7299999892712,0.021240779083827,0.0038582754682727,0.25,1.14437277866038E-5,0.00186544470690394,2.06228791877551E-5,9.8224106,9.8283262,1999.5966796875,1999.5966796875,62.0675574550835,20.7652168648821,6.646428,0,0,0,40,4882,9.8684,1999.5966796875,,,,,,,,,,,,,0,,,,1.229206,,,,,,9.8253684,,,,
,44348747.075,9.8344302,1999.5966796875,0.00187473608490692,3.51967929233773E-7,1,0.999253354069792,40.0298881530762,2.00194831085562,20.7400005310774,0.0212323251151791,0.00386266705413436,0.25,1.19463946524667E-5,0.00186479633601146,2.11196975674285E-5,9.8283262,9.8405342,1999.5966796875,1999.5966796875,61.4352199830257,20.7686439899458,7.019488,0,0,0,40,4882,9.89465,1999.5966796875,,,,,,,,,,,,,0,,,,1.22309675,,,,,,9.8344302,,,,
,44348749.115,9.8709197,1999.5966796875,0.00187249803228711,3.28358339575359E-7,1,0.999253354069792,40.0298881530762,2.00197195995547,20.7299999892712,0.0212077198411196,0.00385522210702185,0.25,1.16784012204462E-5,0.00186257129055798,2.08420891701238E-5,9.8571882,9.8846512,1999.5966796875,1999.5966796875,61.5649703172181,20.7650596178061,6.646428,0,0,0,40,4882,9.9475,1999.5966796875,,,,,,,,,,,,,0,,,,1.229206,,,,,,9.8709197,,,,
,44348750.785,9.9134989,1999.5966796875,0.00186719849327932,4.63074934974695E-7,1,0.999253354069792,40.0298881530762,2.00205129230948,20.7400005310774,0.0211486851528565,0.0038433681538406,0.25,1.15494189061024E-5,0.00185730019122194,2.06876759993794E-5,9.9134989,9.9134989,1999.5966796875,1999.5966796875,61.3320450184873,20.7661398265017,6.646428,0,0,0,40,4882,9.997,1999.5966796875,,,,,,,,,,,,,0,,,,1.2169875,,,,,,9.9134989,,,,
,44348752.28,9.94557,1999.5966796875,0.00186078711684882,4.24794131215215E-7,1,0.999253354069792,40.0298881530762,2.00197501693272,20.7299999892712,0.0210751786997864,0.00383073175708604,0.25,1.15714725394644E-5,0.001850922402076,2.06780253781874E-5,9.94557,9.94557,1999.5966796875,1999.5966796875,60.9810938133526,20.764741843285,6.646428,0,0,0,40,4882,10.05405,1999.5966796875,,,,,,,,,,,,,0,,,,1.229206,,,,,,9.94557,,,,
,44348752.94,9.9819584,1999.5966796875,0.0018572301156433,4.33030521864322E-7,1,0.999253354069792,40.0298881530762,2.00191535282116,20.7400005310774,0.0210349560931703,0.00381952463981345,0.25,1.12163388174651E-5,0.00184738578875723,2.03072379799713E-5,9.94557,10.0183468,1999.5966796875,1999.5966796875,61.2726412510257,20.7647708248336,7.019488,0,0,0,40,4882,10.0773,1999.5966796875,,,,,,,,,,,,,0,,,,1.229206,,,,,,9.9819584,,,,
,44348754.89,10.0438461,1999.5966796875,0.00185402551028925,3.41453300771228E-7,1,0.999253354069792,40.0298881530762,2.00199027752013,20.7299999892712,0.0209982332060891,0.00381976423528578,0.25,1.17874198940472E-5,0.00184419507282978,2.08595187509355E-5,10.0438461,10.0438461,1999.5966796875,1999.5966796875,61.4375648685834,20.7672215765937,6.273368,0,0,0,40,4882,10.1299,1999.5966796875,,,,,,,,,,,,,0,,,,1.23537655,,,,,,10.0438461,,,,
,44348756.405,10.0750093,1999.5966796875,0.00184820331601446,4.03955256790131E-7,1,0.999253354069792,40.0298881530762,2.00190300250935,20.7299999892712,0.0209316717536142,0.0038061885486241,0.25,1.16249659352811E-5,0.00183840427206699,2.06692357916115E-5,10.0750093,10.0750093,1999.5966796875,1999.5966796875,61.7955507303912,20.7677455186137,6.646428,0,0,0,40,4882,10.1611,1999.5966796875,,,,,,,,,,,,,0,,,,1.229206,,,,,,10.0750093,,,,
,44348757.005,10.08602425,1999.5966796875,0.00184530394172044,3.540279695369E-7,1,0.999253354069792,40.0298881530762,2.00194068783834,20.7299999892712,0.0209004574379857,0.0037931682199463,0.25,1.09789871537504E-5,0.00183552332911019,2.00123772105267E-5,10.0750093,10.0970392,1999.5966796875,1999.5966796875,61.3468959603527,20.7654610066219,6.646428,0,0,0,40,4882,10.17105,1999.5966796875,,,,,,,,,,,,,0,,,,1.229206,,,,,,10.08602425,,,,
,44348758.185,10.1172485,1999.5966796875,0.00184345581307059,4.12279122366651E-7,1,0.999253354069792,40.0298881530762,2.00193389810426,20.7299999892712,0.0208785198962918,0.00379469797095018,0.25,1.14390728137183E-5,0.00183368257958343,2.04609315346849E-5,10.0970392,10.1374578,1999.5966796875,1999.5966796875,61.1765009431603,20.7665362954641,6.273368,0,0,0,40,4882,10.1826,1999.5966796875,,,,,,,,,,,,,0,,,,1.23537655,,,,,,10.1172485,,,,
,44348760.37,10.1488495,1999.5966796875,0.00184065813593153,4.0107431605964E-7,1,0.999253354069792,40.0298881530762,2.00193955443414,20.7299999892712,0.0208466378932312,0.00379038160265349,0.25,1.15480625909942E-5,0.00183089901499534,2.05555624190703E-5,10.1488495,10.1488495,1999.5966796875,1999.5966796875,61.6829962236219,20.7669054729407,7.019488,0,0,0,40,4882,10.1998,1999.5966796875,,,,,,,,,,,,,0,,,,1.23537655,,,,,,10.1488495,,,,
,44348761.82,10.1596327,1999.5966796875,0.00183933247224634,4.31442484107719E-7,1,0.999253354069792,40.0298881530762,2.00185897158764,20.7299999892712,0.0208313935474379,0.00378426389533386,0.25,1.1253746459624E-5,0.00182958175576202,2.02562661319245E-5,10.1596327,10.1596327,1999.5966796875,1999.5966796875,61.6181210565257,20.765105358727,6.646428,0,0,0,40,4882,10.2062,1999.5966796875,,,,,,,,,,,,,0,,,,1.2415471,,,,,,10.1596327,,,,
,44348762.475,10.1664071,1999.5966796875,0.00183862801345935,3.91822401190342E-7,1,0.999253354069792,40.0298881530762,2.00188657051725,20.7299999892712,0.0208230662238621,0.0037864120979702,0.25,1.1562365759678E-5,0.00182887946887334,2.05597877824406E-5,10.1596327,10.1731815,1999.5966796875,1999.5966796875,61.7275490492181,20.7653312940758,7.019488,0,0,0,40,4882,10.2078,1999.5966796875,,,,,,,,,,,,,0,,,,1.2415471,,,,,,10.1664071,,,,
,44348763.695,10.1758475,1999.5966796875,0.00183704897713218,3.70934315634499E-7,1,0.999253354069792,40.0298881530762,2.00192544194502,20.7299999892712,0.0208048422963723,0.00378736603503686,0.25,1.19172129453498E-5,0.00182730697844927,2.09049847642443E-5,10.1731815,10.1785135,1999.5966796875,1999.5966796875,61.1475806879488,20.7656574719721,7.019488,0,0,0,40,4882,10.20785,1999.5966796875,,,,,,,,,,,,,0,,,,1.2415471,,,,,,10.1758475,,,,
,44348765.695,10.1801662,1999.5966796875,0.00183715596626853,4.20988784121306E-7,1,0.999253354069792,40.0298881530762,2.0020088198221,20.7299999892712,0.0208073524607466,0.00378503696357973,0.25,1.16797935660549E-5,0.00182741455999153,2.06693438009795E-5,10.1801662,10.1801662,1999.5966796875,1999.5966796875,61.5165093490257,20.7648201777094,7.019488,0,0,0,40,4882,10.2205,1999.5966796875,,,,,,,,,,,,,0,,,,1.2415471,,,,,,10.1801662,,,,
,44348766.445,10.18333005,1999.5966796875,0.00183626995044992,3.7217674454502E-7,1,0.999253354069792,40.0298881530762,2.00186404326206,20.7299999892712,0.0207960499262136,0.00378201149078249,0.25,1.15912976128636E-5,0.00182653364068724,2.0576949076314E-5,10.1801662,10.1864939,1999.5966796875,1999.5966796875,61.9081052371604,20.763842524686,7.019488,0,0,0,40,4882,10.23165,1999.5966796875,,,,,,,,,,,,,0,,,,1.2415471,,,,,,10.18333005,,,,
,44348767.705,10.19273235,1999.5966796875,0.00183435890613753,4.16013705041123E-7,1,0.999253354069792,40.0298881530762,2.00192959889996,20.7400005310774,0.0207759367837101,0.0037731621427193,0.25,1.11354994033406E-5,0.00182463488626621,2.01141379732274E-5,10.1864939,10.1989708,1999.5966796875,1999.5966796875,61.3773794726026,20.7660867093406,6.646428,0,0,0,40,4882,10.2493,1999.5966796875,,,,,,,,,,,,,0,,,,1.2415471,,,,,,10.19273235,,,,
,44348768.98,10.2154913,1999.5966796875,0.00183229411311891,3.33550369917459E-7,1,0.999253354069792,40.0298881530762,2.00183496925557,20.7400005310774,0.0207504558632322,0.00377536109803321,0.25,1.17065049254775E-5,0.00182257809349734,2.06719602332534E-5,10.1989708,10.2320118,1999.5966796875,1999.5966796875,61.3429878177565,20.7631490888073,6.646428,0,0,0,40,4882,10.2798,1999.5966796875,,,,,,,,,,,,,0,,,,1.2477796,,,,,,10.2154913,,,,
,44348771.265,10.2558603,1999.5966796875,0.00182869161009217,4.07621343265899E-7,1,0.999253354069792,40.0298881530762,2.00189424948331,20.7400005310774,0.0207113688010656,0.00376161065608173,0.25,1.1116041159875E-5,0.00181899736371297,2.00668590751783E-5,10.2558603,10.2558603,1999.5966796875,1999.5966796875,61.2788942791796,20.7669501780572,7.019488,0,0,0,40,4882,10.3349,1999.5966796875,,,,,,,,,,,,,0,,,,1.2415471,,,,,,10.2558603,,,,
,44348772.715,10.2850513,1999.5966796875,0.00182615821680204,4.02108562306526E-7,1,0.999253354069792,40.0298881530762,2.00200830357092,20.7299999892712,0.0206844292627144,0.00375299891902428,0.25,1.07827699908072E-5,0.00181647887556773,1.97228624064237E-5,10.2850513,10.2850513,1999.5966796875,1999.5966796875,61.5555907749873,20.7678122487395,7.019488,0,0,0,40,4882,10.3742,1999.5966796875,,,,,,,,,,,,,0,,,,1.2415471,,,,,,10.2850513,,,,
,44348773.315,10.2981176,1999.5966796875,0.00182397538850165,3.93903001524705E-7,1,0.999253354069792,40.0298881530762,2.00195339743751,20.7400005310774,0.0206582123519947,0.00375384705886128,0.25,1.12489816875965E-5,0.00181430521593209,2.01758619728904E-5,10.2850513,10.3111839,1999.5966796875,1999.5966796875,61.7721018748142,20.7651789556936,6.646428,0,0,0,40,4882,10.38405,1999.5966796875,,,,,,,,,,,,,0,,,,1.2477796,,,,,,10.2981176,,,,
,44348775.355,10.3579502,1999.5966796875,0.00181957928135275,3.85214662444084E-7,1,0.999253354069792,40.0298881530762,2.00195092314291,20.7299999892712,0.0206087172610184,0.00374296253544335,0.25,1.10602664643873E-5,0.00180993302444922,1.99664811651262E-5,10.3579502,10.3579502,1999.5966796875,1999.5966796875,61.425840440795,20.7641549590987,6.646428,0,0,0,40,4882,10.4205,1999.5966796875,,,,,,,,,,,,,0,,,,1.2415471,,,,,,10.3579502,,,,
,44348776.085,10.3666873,1999.5966796875,0.00181744126434344,3.85668047068397E-7,1,0.999253354069792,40.0298881530762,2.00181525555537,20.7299999892712,0.0205824669362149,0.00374235043422299,0.25,1.14024862772039E-5,0.00180780456434068,2.02963633206219E-5,10.3579502,10.3754244,1999.5966796875,1999.5966796875,61.8025853870642,20.765683785592,6.646428,0,0,0,40,4882,10.42885,1999.5966796875,,,,,,,,,,,,,0,,,,1.2415471,,,,,,10.3666873,,,,
,44348778.23,10.3899393,1999.5966796875,0.00181570927231222,4.44506930250931E-7,1,0.999253354069792,40.0298881530762,2.00202921245611,20.7299999892712,0.0205648200040093,0.00373987361941847,0.25,1.14541655461931E-5,0.00180608137456684,2.03392363392328E-5,10.3899393,10.3899393,1999.5966796875,1999.5966796875,61.1428909168334,20.7649929463209,6.646428,0,0,0,40,4882,10.4506,1999.5966796875,,,,,,,,,,,,,0,,,,1.2415471,,,,,,10.3899393,,,,
,44348779.77,10.4148092,1999.5966796875,0.00181265847449729,3.90856194698383E-7,1,0.999253354069792,40.0298881530762,2.00186234714964,20.7299999892712,0.0205289244485531,0.00373164842026358,0.25,1.12898411888236E-5,0.0018030473900642,2.0160746976915E-5,10.4148092,10.4148092,1999.5966796875,1999.5966796875,61.6564208539681,20.7648789812412,7.019488,0,0,0,40,4882,10.46585,1999.5966796875,,,,,,,,,,,,,0,,,,1.2415471,,,,,,10.4148092,,,,
,44348781.32,10.429759,1999.5966796875,0.00180976599889717,4.40927001764464E-7,1,0.999253354069792,40.0298881530762,2.0019952747734,20.7299999892712,0.0204969691640227,0.00372873890225707,0.25,1.15196212191887E-5,0.00180016898290857,2.03750648299504E-5,10.429759,10.429759,1999.5966796875,1999.5966796875,61.7173878784681,20.7676179645412,6.646428,0,0,0,40,4882,10.4944,1999.5966796875,,,,,,,,,,,,,0,,,,1.2540121,,,,,,10.429759,,,,
,44348782.04,10.43879175,1999.5966796875,0.00180814030964997,4.00530052273593E-7,1,0.999253354069792,40.0298881530762,2.00200106810204,20.7400005310774,0.0204796939124316,0.00371923590348203,0.25,1.09656599843553E-5,0.00179855456418664,1.98160142324408E-5,10.429759,10.4478245,1999.5966796875,1999.5966796875,61.7322388203335,20.7666118902769,6.646428,0,0,0,40,4882,10.5153,1999.5966796875,,,,,,,,,,,,,0,,,,1.2603072,,,,,,10.43879175,,,,
,44348784.26,10.4929419,1999.5966796875,0.00180442207119381,4.63932469968739E-7,1,0.999253354069792,40.0298881530762,2.00201598271343,20.7400005310774,0.0204365943876219,0.00371804868349594,0.25,1.15106442198042E-5,0.00179485306994846,2.03398049682647E-5,10.4929419,10.4929419,1999.5966796875,1999.5966796875,61.5618438031411,20.766063271299,7.019488,0,0,0,40,4882,10.5631,1999.5966796875,,,,,,,,,,,,,0,,,,1.2540121,,,,,,10.4929419,,,,
,44348785,10.5037456,1999.5966796875,0.00180264792878108,4.53875685444888E-7,1,0.999253354069792,40.0298881530762,2.00195538034354,20.7299999892712,0.020417498530367,0.00370523678343949,0.25,1.07012195301289E-5,0.00179309223359701,1.95259062500584E-5,10.4929419,10.5145493,1999.5966796875,1999.5966796875,61.7674121036988,20.7680710151789,6.646428,0,0,0,40,4882,10.5689,1999.5966796875,,,,,,,,,,,,,0,,,,1.2603072,,,,,,10.5037456,,,,
,44348786.125,10.5228353,1999.5966796875,0.00180110390636516,3.45786176849601E-7,1,0.999253354069792,40.0298881530762,2.00188901080726,20.7299999892712,0.0203972019677232,0.00371428497930854,0.25,1.17803432573025E-5,0.00179155097338724,2.05917335578788E-5,10.5145493,10.5311213,1999.5966796875,1999.5966796875,61.6071782572565,20.7633982717921,6.646428,0,0,0,40,4882,10.58685,1999.5966796875,,,,,,,,,,,,,0,,,,1.2666023,,,,,,10.5228353,,,,
,44348788.12,10.5496035,1999.5966796875,0.00179921523379623,3.420757753647E-7,1,0.999253354069792,40.0298881530762,2.00192598645042,20.7299999892712,0.0203772747684243,0.00370415762235372,0.25,1.1212552366027E-5,0.00178967496913582,2.00176300207419E-5,10.5496035,10.5496035,1999.5966796875,1999.5966796875,61.4977502645642,20.7654964870996,6.646428,0,0,0,40,4882,10.6147,1999.5966796875,,,,,,,,,,,,,0,,,,1.2540121,,,,,,10.5496035,,,,
,44348788.86,10.5637155,1999.5966796875,0.00179620435634499,3.27975470430472E-7,1,0.999253354069792,40.0298881530762,2.00195140072629,20.7299999892712,0.0203435845536854,0.00369706548709522,0.25,1.1111053620699E-5,0.00178668041918733,1.99018321694087E-5,10.5496035,10.5778275,1999.5966796875,1999.5966796875,61.9127950082758,20.7643449855868,6.646428,0,0,0,40,4882,10.6213,1999.5966796875,,,,,,,,,,,,,0,,,,1.2603072,,,,,,10.5637155,,,,
,44348791.165,10.5880547,1999.5966796875,0.0017949722409246,3.76720969690027E-7,1,0.999253354069792,40.0298881530762,2.00192799592558,20.7400005310774,0.0203297408449732,0.00369255882484342,0.25,1.09332662458547E-5,0.00178545559705227,1.97189109299295E-5,10.5880547,10.5880547,1999.5966796875,1999.5966796875,61.1655581438911,20.7639640695514,6.646428,0,0,0,40,4882,10.6361,1999.5966796875,,,,,,,,,,,,,0,,,,1.2666023,,,,,,10.5880547,,,,
,44348792.8,10.6043301,1999.5966796875,0.00179312409312608,4.62106188318456E-7,1,0.999253354069792,40.0298881530762,2.00201894521214,20.7299999892712,0.0203094324995936,0.00369036721452424,0.25,1.10499668732559E-5,0.00178361656511325,1.98258904879367E-5,10.6043301,10.6043301,1999.5966796875,1999.5966796875,61.4516341819296,20.7690194237938,7.019488,0,0,0,40,4882,10.6436,1999.5966796875,,,,,,,,,,,,,0,,,,1.2666023,,,,,,10.6043301,,,,
,44348794.28,10.6081934,1999.5966796875,0.00179345286331054,1.70000490387107E-6,1,0.999253354069792,40.0298881530762,2.00197982656108,20.7400005310774,0.0203142707763526,0.00368246258288925,0.25,1.03012158938533E-5,0.00178394727850177,1.9082706432029E-5,10.6081934,10.6081934,1999.5966796875,1999.5966796875,61.4336567259873,20.7657496096671,7.019488,0,0,0,40,4882,10.6258,1999.5966796875,,,,,,,,,,,,,0,,,,1.2666023,,,,,,10.6081934,,,,
,44348794.915,10.60515595,1999.5966796875,0.00179220020417602,1.18018974344628E-6,1,0.999253354069792,40.0298881530762,2.00208053685016,20.7299999892712,0.0202983655045868,0.00369540284516307,0.25,1.16465378460197E-5,0.00178269460499088,2.04147646752348E-5,10.6021185,10.6081934,1999.5966796875,1999.5966796875,61.6439147976604,20.765267894113,6.646428,0,0,0,40,4882,10.60865,1999.5966796875,,,,,,,,,,,,,0,,,,1.2666023,,,,,,10.60515595,,,,
,44348796.14,10.59540175,1999.5966796875,0.00179347356715006,1.56242089466425E-6,1,0.999253354069792,40.0298881530762,2.00202113262235,20.7299999892712,0.020313438581045,0.00369093993312994,0.25,1.10388540573987E-5,0.00178396428022438,1.98165583284778E-5,10.588685,10.6021185,1999.5966796875,1999.5966796875,61.7705386177758,20.7628914451228,7.019488,0,0,0,40,4886,10.58615,1999.5966796875,,,,,,,,,,,,,0,,,,1.2666023,,,,,,10.59540175,,,,
,44348798.24,10.5679693,1999.5966796875,0.00179518033724387,7.11273029583965E-7,1,0.999253354069792,40.0298881530762,2.00200512709291,20.7299999892712,0.0203322781344833,0.00369635239039973,0.25,1.12193908874983E-5,0.00178566125112183,2.00045531219594E-5,10.5679693,10.5679693,1999.5966796875,1999.5966796875,61.5790396305642,20.7646376793204,6.646428,0,0,0,40,4886,10.59895,1999.5966796875,,,,,,,,,,,,,0,,,,1.27296055,,,,,,10.5679693,,,,
,44348799.795,10.5739164,1999.5966796875,0.00179566124274954,8.58337010190035E-7,1,0.999253354069792,40.0298881530762,2.00196213697392,20.7299999892712,0.0203372565962175,0.00369756448160405,0.25,1.12486382301893E-5,0.00178613945823534,2.00360153403719E-5,10.5739164,10.5739164,1999.5966796875,1999.5966796875,61.4813360656603,20.7626339911777,6.646428,0,0,0,40,4886,10.6494,1999.5966796875,,,,,,,,,,,,,0,,,,1.2666023,,,,,,10.5739164,,,,
,44348800.475,10.5865669,1999.5966796875,0.00179486338705002,1.25585596355041E-6,1,0.999253354069792,40.0298881530762,2.00197618345593,20.7299999892712,0.0203289798553185,0.00369238625640718,0.25,1.09296673959221E-5,0.00178534733954625,1.97147948153097E-5,10.5739164,10.5992174,1999.5966796875,1999.5966796875,61.5008767786411,20.7661193573864,6.646428,0,0,0,40,4886,10.6826,1999.5966796875,,,,,,,,,,,,,0,,,,1.27296055,,,,,,10.5865669,,,,
,44348801.735,10.6185169,1999.5966796875,0.00178905240981778,6.05342340682497E-7,1,0.999253354069792,40.0298881530762,2.00187485286094,20.7299999892712,0.0202620889930868,0.00368080565417342,0.25,1.09429102863687E-5,0.00177956682896917,1.96993378368976E-5,10.5992174,10.6378164,1999.5966796875,1999.5966796875,61.1084992619872,20.7638693560711,6.646428,0,0,0,40,4886,10.73725,1999.5966796875,,,,,,,,,,,,,0,,,,1.27296055,,,,,,10.6185169,,,,
,44348804.035,10.7181416,1999.5966796875,0.00178486196885634,6.68633576272543E-7,1,0.999253354069792,40.0298881530762,2.00200866714245,20.7299999892712,0.02021507864827,0.00367717495626152,0.25,1.1336880352211E-5,0.00177539621644443,2.00705822703934E-5,10.7181416,10.7181416,1999.5966796875,1999.5966796875,61.7572509329488,20.7664637462806,6.646428,0,0,0,40,4886,10.8655,1999.5966796875,,,,,,,,,,,,,0,,,,1.2793188,,,,,,10.7181416,,,,
,44348805.71,10.8140192,1999.5966796875,0.00177557487966596,4.92112827213888E-7,1,0.999253354069792,40.0298881530762,2.00193359511629,20.7400005310774,0.0201097078932679,0.00365485863842349,0.25,1.10087307767019E-5,0.00176615939324957,1.96984045741274E-5,10.8140192,10.8140192,1999.5966796875,1999.5966796875,61.4930604934488,20.7653683069449,7.019488,0,0,0,40,4886,10.94965,1999.5966796875,,,,,,,,,,,,,0,,,,1.2666023,,,,,,10.8140192,,,,
,44348806.485,10.84270715,1999.5966796875,0.00177158362156777,7.92793262766125E-7,1,0.999253354069792,40.0298881530762,2.00201828537651,20.7400005310774,0.0200656104311778,0.00364508319587619,0.25,1.08334781910592E-5,0.00176218994720078,1.95044112105685E-5,10.8140192,10.8713951,1999.5966796875,1999.5966796875,61.2288700539488,20.76704532331,6.646428,0,0,0,40,4882,10.98525,1999.5966796875,,,,,,,,,,,,,0,,,,1.27296055,,,,,,10.84270715,,,,
,44348807.765,10.89568805,1999.5966796875,0.0017616386101514,3.92876845111125E-7,1,0.999253354069792,40.0298881530762,2.00181887799636,20.7299999892712,0.0199507801911934,0.00362595777172735,0.25,1.09209231528782E-5,0.0017522967639029,1.95423971690235E-5,10.8713951,10.919981,1999.5966796875,1999.5966796875,61.3062512773526,20.7661881796903,6.646428,0,0,0,40,4882,11.03705,1999.5966796875,,,,,,,,,,,,,0,,,,1.2793188,,,,,,10.89568805,,,,
,44348808.955,10.93714665,1999.5966796875,0.00175788868965142,3.88927540080106E-7,1,0.999253354069792,40.0298881530762,2.00190187222048,20.7299999892712,0.0199089942721177,0.00361896409219334,0.25,1.09490223500132E-5,0.00174856633918643,1.95518719777831E-5,10.919981,10.9543123,1999.5966796875,1999.5966796875,61.8088384152181,20.764696357771,6.646428,0,0,0,40,4882,11.0719,1999.5966796875,,,,,,,,,,,,,0,,,,1.28574095,,,,,,10.93714665,,,,
,44348810.135,10.97724435,1999.5966796875,0.00175447257916445,4.10651036635773E-7,1,0.999253354069792,40.0298881530762,2.00196995921647,20.7299999892712,0.0198701872893825,0.00361638146685654,0.25,1.13099379874171E-5,0.00174516632907511,1.98940530578783E-5,10.9543123,11.0001764,1999.5966796875,1999.5966796875,61.6368801409873,20.7660537240732,6.646428,0,0,0,40,4882,11.09435,1999.5966796875,,,,,,,,,,,,,0,,,,1.28574095,,,,,,10.97724435,,,,
,44348811.4,11.02501965,1999.5966796875,0.00175162760711701,4.08662736758122E-7,1,0.999253354069792,40.0298881530762,2.00200346820998,20.7299999892712,0.0198391372057682,0.00360569229947828,0.25,1.08610073139718E-5,0.00174233841002189,1.94334713138852E-5,11.0001764,11.0498629,1999.5966796875,1999.5966796875,61.4250588122757,20.7639350679249,7.019488,0,0,0,40,4882,11.1122,1999.5966796875,,,,,,,,,,,,,0,,,,1.2793188,,,,,,11.02501965,,,,
,44348812.705,11.0594058,1999.5966796875,0.00174764947329653,4.30076300117446E-7,1,0.999253354069792,40.0298881530762,2.00200506150881,20.7400005310774,0.0197943309484194,0.00359615512073928,0.25,1.07172103847191E-5,0.00173838184505867,1.92708322591671E-5,11.0498629,11.0689487,1999.5966796875,1999.5966796875,61.1733744290834,20.7686355675462,6.646428,0,0,0,40,4882,11.1226,1999.5966796875,,,,,,,,,,,,,0,,,,1.2793188,,,,,,11.0594058,,,,
,44348814.85,11.0818949,1999.5966796875,0.0017466997289377,3.67113934361469E-7,1,0.999253354069792,40.0298881530762,2.00191694866488,20.7299999892712,0.0197819389223082,0.00359864034731423,0.25,1.11162493413815E-5,0.00173743506712148,1.9663087253322E-5,11.0818949,11.0818949,1999.5966796875,1999.5966796875,61.3687815588911,20.7654686811763,7.019488,0,0,0,40,4882,11.12845,1999.5966796875,,,,,,,,,,,,,0,,,,1.2921631,,,,,,11.0818949,,,,
,44348816.44,11.0929489,1999.5966796875,0.00174516322735597,3.91607190945182E-7,1,0.999253354069792,40.0298881530762,2.00186591337023,20.7299999892712,0.0197639434779925,0.00359603640259569,0.25,1.11637136856643E-5,0.00173590639618203,1.97027310398681E-5,11.0929489,11.0929489,1999.5966796875,1999.5966796875,61.3492408459103,20.7637912154731,7.019488,0,0,0,40,4882,11.1305,1999.5966796875,,,,,,,,,,,,,0,,,,1.28574095,,,,,,11.0929489,,,,
,44348817.86,11.0960321,1999.5966796875,0.00174417235443586,3.80117616426259E-7,1,0.999253354069792,40.0298881530762,2.00183765100523,20.7400005310774,0.0197537247301556,0.00358671174635918,0.25,1.05192700094233E-5,0.00173492391252499,1.9056803523048E-5,11.0960321,11.0960321,1999.5966796875,1999.5966796875,61.6384433980258,20.7653148439999,6.646428,0,0,0,40,4882,11.1316,1999.5966796875,,,,,,,,,,,,,0,,,,1.2793188,,,,,,11.0960321,,,,
,44348819.32,11.0992832,1999.5966796875,0.00174310481674261,3.89332687787746E-7,1,0.999253354069792,40.0298881530762,2.00186021694752,20.7400005310774,0.0197410030588992,0.00358936260875388,0.25,1.09368769402221E-5,0.00173385993537884,1.94669489578261E-5,11.0992832,11.0992832,1999.5966796875,1999.5966796875,61.7549060473911,20.7642562364846,6.646428,0,0,0,40,4882,11.1378,1999.5966796875,,,,,,,,,,,,,0,,,,1.2921631,,,,,,11.0992832,,,,
,44348820.855,11.1088591,1999.5966796875,0.00174330667896319,4.21734269215088E-7,1,0.999253354069792,40.0298881530762,2.00194004495762,20.7400005310774,0.0197442962945495,0.0035884448801429,0.25,1.0808522343674E-5,0.00173406133341835,1.9340265300215E-5,11.1088591,11.1088591,1999.5966796875,1999.5966796875,61.3977018141027,20.7667596687659,7.019488,0,0,0,40,4882,11.15065,1999.5966796875,,,,,,,,,,,,,0,,,,1.2793188,,,,,,11.1088591,,,,
,44348822.595,11.12161015,1999.5966796875,0.00174230388750788,4.68165610808187E-7,1,0.999253354069792,40.0298881530762,2.00191816718745,20.7299999892712,0.0197326575354498,0.00358677396564412,0.25,1.08402886535837E-5,0.00173306363009322,1.93669231897196E-5,11.1171446,11.1260757,1999.5966796875,1999.5966796875,61.2233986543142,20.7683800418163,7.019488,0,0,0,40,4882,11.1706,1999.5966796875,,,,,,,,,,,,,0,,,,1.2921631,,,,,,11.12161015,,,,
,44348823.325,11.1322722,1999.5966796875,0.00174109771138918,3.97437348971024E-7,1,0.999253354069792,40.0298881530762,2.00191188834567,20.7400005310774,0.0197193542830375,0.00358190347843004,0.25,1.06231670640691E-5,0.00173186484772542,1.91450035886492E-5,11.1260757,11.1384687,1999.5966796875,1999.5966796875,61.524325634218,20.7646825353463,6.646428,0,0,0,40,4882,11.1819,1999.5966796875,,,,,,,,,,,,,0,,,,1.28574095,,,,,,11.1322722,,,,
,44348824.57,11.14439535,1999.5966796875,0.00174076751473771,6.37323863485833E-7,1,0.999253354069792,40.0298881530762,2.00190714699425,20.7299999892712,0.0197154440509544,0.00358193202386148,0.25,1.06843042021371E-5,0.00173153605008295,1.92041911303618E-5,11.1384687,11.150322,1999.5966796875,1999.5966796875,61.5821661446411,20.7673173994884,7.019488,0,0,0,40,4882,11.2027,1999.5966796875,,,,,,,,,,,,,0,,,,1.2793188,,,,,,11.14439535,,,,
,44348825.715,11.15790465,1999.5966796875,0.0017393574892058,3.82862591115323E-7,1,0.999253354069792,40.0298881530762,2.00180719280857,20.7299999892712,0.0196982735136623,0.00358036459797465,0.25,1.08083280300338E-5,0.00173013280281788,1.93206137286039E-5,11.150322,11.1654873,1999.5966796875,1999.5966796875,61.3273552473719,20.7670575898711,6.646428,0,0,0,40,4882,11.2255,1999.5966796875,,,,,,,,,,,,,0,,,,1.28574095,,,,,,11.15790465,,,,
,44348826.91,11.17387965,1999.5966796875,0.00173630225232331,3.54765144726139E-7,1,0.999253354069792,40.0298881530762,2.00193865147617,20.7299999892712,0.0196650097326559,0.0035736846633722,0.25,1.07351609179173E-5,0.00172709398242081,1.92327796102551E-5,11.1654873,11.182272,1999.5966796875,1999.5966796875,62.1128919091989,20.7668277002149,6.646428,0,0,0,40,4882,11.25635,1999.5966796875,,,,,,,,,,,,,0,,,,1.2921631,,,,,,11.17387965,,,,
,44348828.19,11.20766215,1999.5966796875,0.00173400915371203,2.8506577518593E-7,1,0.999253354069792,40.0298881530762,2.00202509582262,20.7400005310774,0.0196401485817229,0.0035673793252924,0.25,1.0568214933476E-5,0.00172481368338801,1.90554152685821E-5,11.182272,11.2330523,1999.5966796875,1999.5966796875,61.3961385570642,20.769483560559,7.019488,0,0,0,40,4882,11.29965,1999.5966796875,,,,,,,,,,,,,0,,,,1.2921631,,,,,,11.20766215,,,,
,44348829.485,11.2491856,1999.5966796875,0.0017324072589974,3.92705771796592E-7,1,0.999253354069792,40.0298881530762,2.00189521584896,20.7299999892712,0.019620805074643,0.00356378261983239,0.25,1.05513395527114E-5,0.00172322017757887,1.90307352748485E-5,11.2330523,11.2653189,1999.5966796875,1999.5966796875,61.5337051764488,20.7670327377413,7.019488,0,0,0,40,4882,11.3451,1999.5966796875,,,,,,,,,,,,,0,,,,1.2921631,,,,,,11.2491856,,,,
,44348831.58,11.3077641,1999.5966796875,0.00172637412606663,4.13233771146961E-7,1,0.999253354069792,40.0298881530762,2.00186572107355,20.7400005310774,0.0195512407288807,0.00355678485112864,0.25,1.09964734157596E-5,0.00171721646515708,1.94437962818324E-5,11.3077641,11.3077641,1999.5966796875,1999.5966796875,61.5516826323911,20.7638151956304,7.019488,0,0,0,40,4882,11.4261,1999.5966796875,,,,,,,,,,,,,0,,,,1.2921631,,,,,,11.3077641,,,,
,44348833.055,11.3412066,1999.5966796875,0.00172299022280476,3.87239336845604E-7,1,0.999253354069792,40.0298881530762,2.00196090659079,20.7299999892712,0.0195141789316837,0.00354781371325324,0.25,1.07844204737304E-5,0.00171385133614043,1.92161888100685E-5,11.3412066,11.3412066,1999.5966796875,1999.5966796875,60.9881284700257,20.7664000835773,7.019488,0,0,0,40,4882,11.4634,1999.5966796875,,,,,,,,,,,,,0,,,,1.2921631,,,,,,11.3412066,,,,
,44348834.595,11.4075394,1999.5966796875,0.00171743029132439,3.36983040566617E-7,1,0.999253354069792,40.0298881530762,2.00206637292437,20.7299999892712,0.0194527057895631,0.00353355353843333,0.25,1.04860420600659E-5,0.00170832196586907,1.88919892474942E-5,11.4075394,11.4075394,1999.5966796875,1999.5966796875,61.1804090857565,20.7664504939955,7.019488,0,0,0,40,4882,11.4933,1999.5966796875,,,,,,,,,,,,,0,,,,1.3051363,,,,,,11.4075394,,,,
,44348836.245,11.4299393,1999.5966796875,0.00171356657619616,4.31897298988767E-7,1,0.999253354069792,40.0298881530762,2.00192551116446,20.7299999892712,0.0194071200838905,0.00352834155207529,0.25,1.07247428812555E-5,0.00170447737240467,1.91103951221705E-5,11.4299393,11.4299393,1999.5966796875,1999.5966796875,61.8885645241796,20.7661438423514,6.646428,0,0,0,40,4882,11.516,1999.5966796875,,,,,,,,,,,,,0,,,,1.3051363,,,,,,11.4299393,,,,
,44348836.965,11.4474349,1999.5966796875,0.00171157522090675,3.93502207521237E-7,1,0.999253354069792,40.0298881530762,2.00200408343878,20.7400005310774,0.019386266823833,0.00351880606439464,0.25,1.02213156804743E-5,0.00170249893824386,1.85998112611548E-5,11.4299393,11.4649305,1999.5966796875,1999.5966796875,61.4813360656603,20.7695912183877,6.273368,0,0,0,40,4882,11.5216,1999.5966796875,,,,,,,,,,,,,0,,,,1.3051363,,,,,,11.4474349,,,,
,44348838.275,11.4708929,1999.5966796875,0.00171000359639446,3.8634819008554E-7,1,0.999253354069792,40.0298881530762,2.00212115854605,20.7299999892712,0.0193686386270114,0.003520930657478,0.25,1.06669992271219E-5,0.00170093332480848,1.90354007017563E-5,11.4649305,11.4768553,1999.5966796875,1999.5966796875,61.5946722009488,20.7656972734679,6.646428,0,0,0,40,4882,11.52915,1999.5966796875,,,,,,,,,,,,,0,,,,1.3051363,,,,,,11.4708929,,,,
,44348839.46,11.4810686,1999.5966796875,0.00170823879846124,3.2774058564812E-7,1,0.999253354069792,40.0298881530762,2.00233428337979,20.7400005310774,0.0193504910126791,0.0035183340633384,0.25,1.07160135576558E-5,0.00169917755686159,1.90754615509126E-5,11.4768553,11.4852819,1999.5966796875,1999.5966796875,61.2546637950834,20.7596128494327,6.646428,0,0,0,40,4882,11.53295,1999.5966796875,,,,,,,,,,,,,0,,,,1.3051363,,,,,,11.4810686,,,,
,44348840.625,11.4884815,1999.5966796875,0.00170786958912196,3.05591279424775E-7,1,0.999253354069792,40.0298881530762,2.00227020669739,20.7299999892712,0.0193461073926509,0.00351525049217742,0.25,1.05182906672213E-5,0.00169881124300161,1.88769620934654E-5,11.4852819,11.4916811,1999.5966796875,1999.5966796875,61.7525611618335,20.7685746767146,7.019488,0,0,0,40,4882,11.5386,1999.5966796875,,,,,,,,,,,,,0,,,,1.3051363,,,,,,11.4884815,,,,
,44348841.885,11.49484825,1999.5966796875,0.00170729353733166,4.27987802260461E-7,1,0.999253354069792,40.0298881530762,2.00224030039656,20.7299999892712,0.0193391313605713,0.00351501508504341,0.25,1.06029541676944E-5,0.00169823778987053,1.89583408436354E-5,11.4916811,11.4980154,1999.5966796875,1999.5966796875,61.710353221795,20.7651633620168,6.646428,0,0,0,40,4882,11.5463,1999.5966796875,,,,,,,,,,,,,0,,,,1.3051363,,,,,,11.49484825,,,,
,44348843.12,11.5056529,1999.5966796875,0.00170657584180447,3.92705493812609E-7,1,0.999253354069792,40.0298881530762,2.00208797841366,20.7400005310774,0.0193296523227484,0.0035129892791956,0.25,1.05726063090852E-5,0.0016975239911951,1.8924616746772E-5,11.4980154,11.5132904,1999.5966796875,1999.5966796875,61.8205628430065,20.7660700934784,7.019488,0,0,0,40,4882,11.55405,1999.5966796875,,,,,,,,,,,,,0,,,,1.3051363,,,,,,11.5056529,,,,
,44348845.22,11.5205593,1999.5966796875,0.00170492453293164,3.87850497911081E-7,1,0.999253354069792,40.0298881530762,2.00206110816697,20.7299999892712,0.0193111851207242,0.00350678561028023,0.25,1.03190084666389E-5,0.00169588258829486,1.86642202204296E-5,11.5205593,11.5205593,1999.5966796875,1999.5966796875,61.4078629848527,20.7673905950111,6.646428,0,0,0,40,4882,11.57675,1999.5966796875,,,,,,,,,,,,,0,,,,1.3051363,,,,,,11.5205593,,,,
,44348845.945,11.52560425,1999.5966796875,0.00170444280505507,3.63225753630944E-7,1,0.999253354069792,40.0298881530762,2.00197505731236,20.7299999892712,0.019304179281113,0.00350997991470254,0.25,1.06978690005246E-5,0.00169540151680929,1.90387092723664E-5,11.5205593,11.5306492,1999.5966796875,1999.5966796875,61.4586688386027,20.7651683073995,6.646428,0,0,0,40,4882,11.58555,1999.5966796875,,,,,,,,,,,,,0,,,,1.31168805,,,,,,11.52560425,,,,
,44348847.115,11.53555205,1999.5966796875,0.00170304016126184,3.42816109934485E-7,1,0.999253354069792,40.0298881530762,2.00190497154754,20.7299999892712,0.0192874545827756,0.00350808753827265,0.25,1.07872405933379E-5,0.00169400579515605,1.91206987758529E-5,11.5306492,11.5404549,1999.5966796875,1999.5966796875,61.7369285914488,20.7667298168728,7.019488,0,0,0,40,4882,11.59905,1999.5966796875,,,,,,,,,,,,,0,,,,1.31168805,,,,,,11.53555205,,,,
,44348849.215,11.5686264,1999.5966796875,0.00170136634735669,3.84202914719516E-7,1,0.999253354069792,40.0298881530762,2.00195335167682,20.7299999892712,0.0192699716040711,0.00349883848563041,0.25,1.02578957177954E-5,0.00169234330113328,1.85858978526891E-5,11.5686264,11.5686264,1999.5966796875,1999.5966796875,61.5954538294681,20.7678120717988,6.646428,0,0,0,40,4882,11.6349,1999.5966796875,,,,,,,,,,,,,0,,,,1.3051363,,,,,,11.5686264,,,,
,44348850.625,11.5833454,1999.5966796875,0.0016998887298588,3.56899042175494E-7,1,0.999253354069792,40.0298881530762,2.00191656074776,20.7299999892712,0.0192522914464506,0.00349919938222469,0.25,1.0554234477559E-5,0.00169087196484163,1.88733934765573E-5,11.5833454,11.5833454,1999.5966796875,1999.5966796875,61.4578872100834,20.7669598073198,6.646428,0,0,0,40,4882,11.6628,1999.5966796875,,,,,,,,,,,,,0,,,,1.3051363,,,,,,11.5833454,,,,
,44348851.315,11.60288665,1999.5966796875,0.00169826570570412,3.91416488337285E-7,1,0.999253354069792,40.0298881530762,2.00184335181734,20.7400005310774,0.0192333928710567,0.00349485940829887,0.25,1.04667942910673E-5,0.00168925786262485,1.87784175363441E-5,11.5833454,11.6224279,1999.5966796875,1999.5966796875,61.3805059866796,20.7660338608858,6.646428,0,0,0,40,4882,11.67975,1999.5966796875,,,,,,,,,,,,,0,,,,1.31168805,,,,,,11.60288665,,,,
,44348853.505,11.6440029,1999.5966796875,0.00169472416730693,4.11646852405514E-7,1,0.999253354069792,40.0298881530762,2.00185904827833,20.7299999892712,0.019192557598788,0.00349254671552963,0.25,1.08815381144674E-5,0.00168573281432558,1.91735244068446E-5,11.6440029,11.6440029,1999.5966796875,1999.5966796875,61.5227623771796,20.7666316208363,6.646428,0,0,0,40,4882,11.72635,1999.5966796875,,,,,,,,,,,,,0,,,,1.3182398,,,,,,11.6440029,,,,
,44348854.94,11.6695623,1999.5966796875,0.00169305309498792,3.35371461615502E-7,1,0.999253354069792,40.0298881530762,2.0018996864478,20.7299999892712,0.0191747505401471,0.0034849044344021,0.25,1.04945698183234E-5,0.00168407237175112,1.87803630789909E-5,11.6695623,11.6695623,1999.5966796875,1999.5966796875,61.6282822272758,20.7657727798062,6.646428,0,0,0,40,4882,11.7522,1999.5966796875,,,,,,,,,,,,,0,,,,1.3314749,,,,,,11.6695623,,,,
,44348855.43,11.67962215,1999.5966796875,0.0016909214878453,3.49047451864493E-7,1,0.999253354069792,40.0298881530762,2.00194849512442,20.7299999892712,0.0191508717622397,0.00348163217899493,0.25,1.05726071610844E-5,0.00168195158670642,1.88474867044347E-5,11.6695623,11.689682,1999.5966796875,1999.5966796875,61.6220291991219,20.7666661370436,6.273368,0,0,0,40,4882,11.76605,1999.5966796875,,,,,,,,,,,,,0,,,,1.3314749,,,,,,11.67962215,,,,
,44348857.525,11.7305269,1999.5966796875,0.00168815473152959,4.11833652522911E-7,1,0.999253354069792,40.0298881530762,2.00179127482479,20.7299999892712,0.019117858249113,0.003477078311692,0.25,1.06790819253E-5,0.00167919871822446,1.89397669662383E-5,11.7305269,11.7305269,1999.5966796875,1999.5966796875,61.7885160737181,20.7655481213476,6.646428,0,0,0,40,4882,11.8102,1999.5966796875,,,,,,,,,,,,,0,,,,1.32485735,,,,,,11.7305269,,,,
,44348858.205,11.7404823,1999.5966796875,0.00168617757482753,3.96643089921218E-7,1,0.999253354069792,40.0298881530762,2.00185756154726,20.7400005310774,0.019095567537737,0.00347597700502302,0.25,1.09189708103673E-5,0.00167723077211598,1.91686494364413E-5,11.7305269,11.7504377,1999.5966796875,1999.5966796875,61.6376617695065,20.7649892985227,6.646428,0,0,0,40,4882,11.8217,1999.5966796875,,,,,,,,,,,,,0,,,,1.3314749,,,,,,11.7404823,,,,
,44348860.23,11.7678919,1999.5966796875,0.00168242923837254,3.84631151639035E-7,1,0.999253354069792,40.0298881530762,2.00192184481813,20.7299999892712,0.0190545280556422,0.00346363386606078,0.25,1.04782239511876E-5,0.00167350427923381,1.8711759148431E-5,11.7678919,11.7678919,1999.5966796875,1999.5966796875,61.4844625797373,20.7660595701132,7.019488,0,0,0,40,4882,11.8524,1999.5966796875,,,,,,,,,,,,,0,,,,1.3182398,,,,,,11.7678919,,,,
,44348861.785,11.8032093,1999.5966796875,0.00168122542798506,3.86158526583685E-7,1,0.999253354069792,40.0298881530762,2.00187163538825,20.7299999892712,0.0190403524829708,0.00346156009598503,0.25,1.05137207240901E-5,0.00167230651785769,1.87411365101332E-5,11.8032093,11.8032093,1999.5966796875,1999.5966796875,61.3195389621796,20.7661574834099,6.646428,0,0,0,40,4882,11.87935,1999.5966796875,,,,,,,,,,,,,0,,,,1.3314749,,,,,,11.8032093,,,,
,44348863.345,11.8238163,1999.5966796875,0.00167851845513762,3.94354555874273E-7,1,0.999253354069792,40.0298881530762,2.0018413483409,20.7400005310774,0.019008714764004,0.00345996152253714,0.25,1.08517981513345E-5,0.00166961208335407,1.90640936143198E-5,11.8238163,11.8238163,1999.5966796875,1999.5966796875,61.7572509329488,20.7674896712796,7.019488,0,0,0,40,4882,11.9064,1999.5966796875,,,,,,,,,,,,,0,,,,1.32485735,,,,,,11.8238163,,,,
,44348863.985,11.8338566,1999.5966796875,0.0016772558166583,3.72175560172551E-7,1,0.999253354069792,40.0298881530762,2.00186160927848,20.7299999892712,0.018995534545535,0.00345205352317421,0.25,1.03727663257546E-5,0.00166835842868369,1.85813672987484E-5,11.8238163,11.8438969,1999.5966796875,1999.5966796875,61.893254295295,20.7681528276938,6.646428,0,0,0,40,4882,11.91805,1999.5966796875,,,,,,,,,,,,,0,,,,1.3314749,,,,,,11.8338566,,,,
,44348865.19,11.86425735,1999.5966796875,0.00167561815896553,3.31778267524438E-7,1,0.999253354069792,40.0298881530762,2.00193886281386,20.7299999892712,0.0189783120497268,0.00344522587621008,0.25,1.00465696573348E-5,0.00166673090726858,1.82488216695046E-5,11.8438969,11.8846178,1999.5966796875,1999.5966796875,61.5915456868719,20.7668436508503,6.646428,0,0,0,40,4882,11.9473,1999.5966796875,,,,,,,,,,,,,0,,,,1.3314749,,,,,,11.86425735,,,,
,44348867.335,11.9066296,1999.5966796875,0.00167220703544053,3.21736133883867E-7,1,0.999253354069792,40.0298881530762,2.00192561325521,20.7299999892712,0.0189388478690456,0.00344222894873624,0.25,1.03823213533537E-5,0.00166333596975995,1.85659952868437E-5,11.9066296,11.9066296,1999.5966796875,1999.5966796875,61.524325634218,20.7666134376122,6.646428,0,0,0,40,4882,12.012,1999.5966796875,,,,,,,,,,,,,0,,,,1.3314749,,,,,,11.9066296,,,,
,44348868.85,11.9324455,1999.5966796875,0.00167005099583451,3.17246183101039E-7,1,0.999253354069792,40.0298881530762,2.0020888167062,20.7299999892712,0.0189153571841402,0.00344113423939711,0.25,1.06402827654882E-5,0.0016611899387082,1.88119729323365E-5,11.9324455,11.9324455,1999.5966796875,1999.5966796875,61.4039548422565,20.76705705601,6.646428,0,0,0,40,4882,12.0517,1999.5966796875,,,,,,,,,,,,,0,,,,1.3314749,,,,,,11.9324455,,,,
,44348869.505,11.95049475,1999.5966796875,0.00166762976999469,3.97364823196016E-7,1,0.999253354069792,40.0298881530762,2.00215057692787,20.7400005310774,0.0188894681800461,0.00343065616630559,0.25,1.01318811208972E-5,0.0016587839236046,1.82943235117362E-5,11.9324455,11.968544,1999.5966796875,1999.5966796875,61.6415699121027,20.7686197172228,6.646428,0,0,0,40,4882,12.06565,1999.5966796875,,,,,,,,,,,,,0,,,,1.33815885,,,,,,11.95049475,,,,
,44348870.765,11.9940281,1999.5966796875,0.00166337361883502,4.12082151456284E-7,1,0.999253354069792,40.0298881530762,2.0023279095229,20.7299999892712,0.018842560013886,0.00342381734985281,0.25,1.02496406853148E-5,0.00165454948518965,1.83904915087392E-5,11.968544,12.0195122,1999.5966796875,1999.5966796875,62.1152367947566,20.7644627207561,6.646428,0,0,0,40,4882,12.0916,1999.5966796875,,,,,,,,,,,,,0,,,,1.33815885,,,,,,11.9940281,,,,
,44348872.86,12.0369186,1999.5966796875,0.00166091775596759,4.0964372306208E-7,1,0.999253354069792,40.0298881530762,2.0024070883566,20.7299999892712,0.0188148481969655,0.00342230536387227,0.25,1.05356062686138E-5,0.00165210501268122,1.8662847735271E-5,12.0369186,12.0369186,1999.5966796875,1999.5966796875,61.5610621746219,20.7683114288707,7.019488,0,0,0,40,4882,12.1119,1999.5966796875,,,,,,,,,,,,,0,,,,1.3314749,,,,,,12.0369186,,,,
,44348873.485,12.04490805,1999.5966796875,0.00165977042956341,2.89689071288816E-7,1,0.999253354069792,40.0298881530762,2.00239755963162,20.7299999892712,0.0188016882894942,0.00342036762624443,0.25,1.05672926930474E-5,0.00165096355312134,1.8688714184557E-5,12.0369186,12.0528975,1999.5966796875,1999.5966796875,61.7189511355065,20.7621950275268,6.646428,0,0,0,40,4882,12.11585,1999.5966796875,,,,,,,,,,,,,0,,,,1.3314749,,,,,,12.04490805,,,,
,44348874.625,12.0579677,1999.5966796875,0.00165750410642914,3.64274021281892E-7,1,0.999253354069792,40.0298881530762,2.00235651356968,20.7299999892712,0.0187758109437398,0.00341470461676455,0.25,1.04712155570851E-5,0.00164870961038801,1.85819778434769E-5,12.0528975,12.0630379,1999.5966796875,1999.5966796875,61.7056634506796,20.7638696684844,7.019488,0,0,0,40,4882,12.1218,1999.5966796875,,,,,,,,,,,,,0,,,,1.33815885,,,,,,12.0579677,,,,
,44348875.885,12.0699344,1999.5966796875,0.00165662380305073,3.74747672560323E-7,1,0.999253354069792,40.0298881530762,2.00235897160414,20.7400005310774,0.0187663735143578,0.0034099694000152,0.25,1.02076759370912E-5,0.0016478352055148,1.83154908719132E-5,12.0630379,12.0768309,1999.5966796875,1999.5966796875,61.4219322981988,20.7627850821204,6.646428,0,0,0,40,4882,12.1238,1999.5966796875,,,,,,,,,,,,,0,,,,1.3448428,,,,,,12.0699344,,,,
,44348877.12,12.078856,1999.5966796875,0.00165685119698694,3.43592386002889E-7,1,0.999253354069792,40.0298881530762,2.00218175070817,20.7299999892712,0.0187670251876959,0.00341210012116346,0.25,1.03810592923398E-5,0.00164806051351047,1.84890796053755E-5,12.0768309,12.0808811,1999.5966796875,1999.5966796875,61.3953569285449,20.7625917665254,6.646428,0,0,0,40,4882,12.1238,1999.5966796875,,,,,,,,,,,,,0,,,,1.3448428,,,,,,12.078856,,,,
,44348878.3,12.0827789,1999.5966796875,0.00165619386351464,3.18084763987074E-7,1,0.999253354069792,40.0298881530762,2.00202878427516,20.7299999892712,0.0187594574448104,0.00340341020314162,0.25,9.75181453298829E-6,0.00164740973321998,1.78599153522714E-5,12.0808811,12.0846767,1999.5966796875,1999.5966796875,61.8690238111989,20.766336649683,6.646428,0,0,0,40,4882,12.12585,1999.5966796875,,,,,,,,,,,,,0,,,,1.33815885,,,,,,12.0827789,,,,
,44348879.52,12.0863056,1999.5966796875,0.00165633025216335,3.81627097661058E-7,1,0.999253354069792,40.0298881530762,2.00198380534993,20.7299999892712,0.0187593731911281,0.00341061832118507,0.25,1.03700547208958E-5,0.00164754234379969,1.84755662489525E-5,12.0846767,12.0879345,1999.5966796875,1999.5966796875,61.466485123795,20.7655495363024,6.646428,0,0,0,40,4882,12.1319,1999.5966796875,,,,,,,,,,,,,0,,,,1.33815885,,,,,,12.0863056,,,,
,44348880.815,12.0902028,1999.5966796875,0.0016552804535221,3.77641013300216E-7,1,0.999253354069792,40.0298881530762,2.00187664342323,20.7299999892712,0.0187471890326332,0.00340451005011548,0.25,1.00307165031235E-5,0.00164649974033894,1.81328457950361E-5,12.0879345,12.0924711,1999.5966796875,1999.5966796875,61.4492892963719,20.7656597862426,6.646428,0,0,0,40,4882,12.142,1999.5966796875,,,,,,,,,,,,,0,,,,1.3448428,,,,,,12.0902028,,,,
,44348882.93,12.1076584,1999.5966796875,0.00165456769218125,3.79972206722423E-7,1,0.999253354069792,40.0298881530762,2.00190113845725,20.7299999892712,0.0187393600577011,0.00340293591874966,0.25,1.00133720574502E-5,0.00164579076086276,1.81120805937424E-5,12.1076584,12.1076584,1999.5966796875,1999.5966796875,61.7791365314873,20.7670852243849,7.019488,0,0,0,40,4882,12.1645,1999.5966796875,,,,,,,,,,,,,0,,,,1.3448428,,,,,,12.1076584,,,,
,44348884.42,12.1171122,1999.5966796875,0.00165381636232025,3.99767415476211E-7,1,0.999253354069792,40.0298881530762,2.00196562284047,20.7299999892712,0.0187302315082508,0.00340830029398925,0.25,1.0609039436517E-5,0.001645040425186,1.87009039632196E-5,12.1171122,12.1171122,1999.5966796875,1999.5966796875,61.6767431954681,20.7674873270985,6.646428,0,0,0,40,4882,12.1923,1999.5966796875,,,,,,,,,,,,,0,,,,1.3448428,,,,,,12.1171122,,,,
,44348885.105,12.12543825,1999.5966796875,0.0016525075446688,4.09908000227207E-7,1,0.999253354069792,40.0298881530762,2.00174996094228,20.7299999892712,0.0187145133456732,0.00339940708257539,0.25,1.00849482521277E-5,0.0016437410631885,1.81731288314454E-5,12.1171122,12.1337643,1999.5966796875,1999.5966796875,61.3945753000257,20.7647776872252,6.646428,0,0,0,40,4882,12.20355,1999.5966796875,,,,,,,,,,,,,0,,,,1.33815885,,,,,,12.12543825,,,,
,44348886.31,12.1423364,1999.5966796875,0.00165128514365089,3.68139112744947E-7,1,0.999253354069792,40.0298881530762,2.00183609550807,20.7299999892712,0.01870154706322,0.00339639463556811,0.25,1.00213123328778E-5,0.00164252536233123,1.81038055282084E-5,12.1337643,12.1509085,1999.5966796875,1999.5966796875,62.0667758265643,20.7685173355574,6.646428,0,0,0,40,4882,12.23065,1999.5966796875,,,,,,,,,,,,,0,,,,1.33815885,,,,,,12.1423364,,,,
,44348887.49,12.16090635,1999.5966796875,0.00165025221525194,3.9081477112377E-7,1,0.999253354069792,40.0298881530762,2.0018827150559,20.7299999892712,0.0186893354047964,0.00339963196222184,0.25,1.04813378597433E-5,0.0016414955485968,1.85563147814619E-5,12.1509085,12.1709042,1999.5966796875,1999.5966796875,61.659547368045,20.7707462588332,6.646428,0,0,0,40,4882,12.25955,1999.5966796875,,,,,,,,,,,,,0,,,,1.3448428,,,,,,12.16090635,,,,
,44348889.625,12.2203445,1999.5966796875,0.00164630728679704,4.07183160836294E-7,1,0.999253354069792,40.0298881530762,2.00235022139352,20.7299999892712,0.018649012138159,0.00339106380998842,0.25,1.03508934023958E-5,0.00163757185544056,1.84071205756671E-5,12.2203445,12.2203445,1999.5966796875,1999.5966796875,61.5501193753527,20.7647514444046,6.646428,0,0,0,40,4882,12.3083,1999.5966796875,,,,,,,,,,,,,0,,,,1.3583449,,,,,,12.2203445,,,,
,44348890.375,12.23126125,1999.5966796875,0.00164508656798067,3.72908501834785E-7,1,0.999253354069792,40.0298881530762,2.00205363356018,20.7299999892712,0.0186330200911928,0.00338541912759196,0.25,1.01093123182277E-5,0.00163635872628703,1.81607993216334E-5,12.2203445,12.242178,1999.5966796875,1999.5966796875,61.7978956159488,20.7685006375616,6.273368,0,0,0,40,4882,12.3263,1999.5966796875,,,,,,,,,,,,,0,,,,1.35159385,,,,,,12.23126125,,,,
,44348891.575,12.2552009,1999.5966796875,0.00164321537149875,3.92162311659876E-7,1,0.999253354069792,40.0298881530762,2.00192934326854,20.7299999892712,0.0186110889816762,0.00337929072157108,0.25,9.91457417606987E-6,0.00163449827233624,1.79578686980887E-5,12.242178,12.2682238,1999.5966796875,1999.5966796875,61.5766947450065,20.7678956742458,6.646428,0,0,0,40,4882,12.3599,1999.5966796875,,,,,,,,,,,,,0,,,,1.3448428,,,,,,12.2552009,,,,
,44348892.8,12.27921295,1999.5966796875,0.00163984133350637,3.16960906320122E-7,1,0.999253354069792,40.0298881530762,2.00183015752321,20.7400005310774,0.0185710980777472,0.00337732046994346,0.25,1.03465035929986E-5,0.00163113981700673,1.83708958151566E-5,12.2682238,12.2902021,1999.5966796875,1999.5966796875,61.3578387596219,20.7654709721136,6.646428,0,0,0,40,4882,12.38975,1999.5966796875,,,,,,,,,,,,,0,,,,1.35159385,,,,,,12.27921295,,,,
,44348894.12,12.3152933,1999.5966796875,0.00163711236564978,4.23057887474381E-7,1,0.999253354069792,40.0298881530762,2.00190456316894,20.7400005310774,0.0185406032444649,0.00337321181956007,0.25,1.04521210386244E-5,0.00162842459225256,1.84625098526027E-5,12.2902021,12.3403845,1999.5966796875,1999.5966796875,61.2898370784488,20.7670261619848,6.646428,0,0,0,40,4882,12.41815,1999.5966796875,,,,,,,,,,,,,0,,,,1.3583449,,,,,,12.3152933,,,,
,44348896.22,12.3627234,1999.5966796875,0.00163396691170333,3.33299859839153E-7,1,0.999253354069792,40.0298881530762,2.00186728124574,20.7299999892712,0.0185047108322698,0.00336632490968598,0.25,1.04015440313776E-5,0.00162529580604567,1.83967010358421E-5,12.3627234,12.3627234,1999.5966796875,1999.5966796875,61.453197438968,20.7695526998529,6.646428,0,0,0,40,4882,12.457,1999.5966796875,,,,,,,,,,,,,0,,,,1.3583449,,,,,,12.3627234,,,,
,44348897.8,12.396081,1999.5966796875,0.00163226287955741,3.46542484058253E-7,1,0.999253354069792,40.0298881530762,2.00182025952005,20.7299999892712,0.0184853438666579,0.00336076470718388,0.25,1.02165785241318E-5,0.00162360155133751,1.82043146982064E-5,12.3832579,12.4089041,1999.5966796875,1999.5966796875,61.5188542345834,20.7689483132151,6.646428,0,0,0,40,4882,12.4917,1999.5966796875,,,,,,,,,,,,,0,,,,1.3583449,,,,,,12.396081,,,,
,44348899.345,12.4266272,1999.5966796875,0.00162852325637394,4.16854178318249E-7,1,0.999253354069792,40.0298881530762,2.00188349209867,20.7400005310774,0.0184436399196687,0.00335263125575799,0.25,1.01460417610774E-5,0.00161988189094864,1.81157248674564E-5,12.4266272,12.4266272,1999.5966796875,1999.5966796875,61.2937452210449,20.7657533117574,6.646428,0,0,0,40,4882,12.5146,1999.5966796875,,,,,,,,,,,,,0,,,,1.3583449,,,,,,12.4266272,,,,
,44348901.015,12.462554,1999.5966796875,0.00162709579788113,3.77393348002269E-7,1,0.999253354069792,40.0298881530762,2.00191236002993,20.7299999892712,0.0184278514292871,0.00334901703004886,0.25,1.00735343811602E-5,0.00161846218693003,1.8036565890375E-5,12.462554,12.462554,1999.5966796875,1999.5966796875,62.0386371998719,20.7682496783403,6.646428,0,0,0,40,4882,12.5393,1999.5966796875,,,,,,,,,,,,,0,,,,1.3584127,,,,,,12.462554,,,,
,44348902.59,12.4784956,1999.5966796875,0.00162453426204555,2.76952849080288E-7,1,0.999253354069792,40.0298881530762,2.00184911107166,20.7299999892712,0.0183978419901517,0.00334617730654239,0.25,1.02811239029922E-5,0.00161591308284998,1.82304397141646E-5,12.4784956,12.4784956,1999.5966796875,1999.5966796875,61.3351715325642,20.7696824266531,7.019488,0,0,0,40,4882,12.5641,1999.5966796875,,,,,,,,,,,,,0,,,,1.3583449,,,,,,12.4784956,,,,
,44348904.15,12.50422715,1999.5966796875,0.00162191110240519,4.11473344720405E-7,1,0.999253354069792,40.0298881530762,2.00187523612711,20.7400005310774,0.0183683902662508,0.00334065383353396,0.25,1.02502630783108E-5,0.00161330381845755,1.8186817161445E-5,12.4959354,12.5125189,1999.5966796875,1999.5966796875,61.4219322981988,20.7690850288939,6.273368,0,0,0,40,4882,12.5831,1999.5966796875,,,,,,,,,,,,,0,,,,1.3583449,,,,,,12.50422715,,,,
,44348905.69,12.5260468,1999.5966796875,0.00162029714454223,3.99273779170077E-7,1,0.999253354069792,40.0298881530762,2.00184252641117,20.7299999892712,0.0183499549686034,0.00333653900162557,0.25,1.01749290375966E-5,0.00161169866523025,1.81039282012642E-5,12.5260468,12.5260468,1999.5966796875,1999.5966796875,62.3114255530835,20.7681848002581,7.019488,0,0,0,40,4882,12.60195,1999.5966796875,,,,,,,,,,,,,0,,,,1.3583449,,,,,,12.5260468,,,,
,44348907.235,12.54793975,1999.5966796875,0.00161865373318336,3.94277938201719E-7,1,0.999253354069792,40.0298881530762,2.00182895392913,20.7299999892712,0.0183318003457457,0.00332984603236569,0.25,9.87467270750166E-6,0.00161006532170295,1.77971585014588E-5,12.54179,12.5540895,1999.5966796875,1999.5966796875,61.3640917877757,20.7672373969397,7.019488,0,0,0,40,4882,12.6231,1999.5966796875,,,,,,,,,,,,,0,,,,1.3719826,,,,,,12.54793975,,,,
,44348909.005,12.570013,1999.5966796875,0.00161787752918704,3.98910751899261E-7,1,0.999253354069792,40.0298881530762,2.0018160131562,20.7400005310774,0.0183223391996819,0.00333140301549334,0.25,1.01499336218522E-5,0.00160929177414373,1.80671421497214E-5,12.570013,12.570013,1999.5966796875,1999.5966796875,61.6712717958334,20.767184451051,6.273368,0,0,0,40,4882,12.6484,1999.5966796875,,,,,,,,,,,,,0,,,,1.36516375,,,,,,12.570013,,,,
,44348910.595,12.59505415,1999.5966796875,0.00161567493939763,3.62653973935081E-7,1,0.999253354069792,40.0298881530762,2.001846715459,20.7299999892712,0.0182971077459436,0.0033300724804171,0.25,1.04145229140552E-5,0.00160709940764009,1.8319482981383E-5,12.5874186,12.6026897,1999.5966796875,1999.5966796875,61.8299423852373,20.768318135434,7.019488,0,0,0,40,4882,12.67585,1999.5966796875,,,,,,,,,,,,,0,,,,1.3583449,,,,,,12.59505415,,,,
,44348912.32,12.618185,1999.5966796875,0.00161331572509965,3.48016306293862E-7,1,0.999253354069792,40.0298881530762,2.00180426158155,20.7299999892712,0.0182699618495358,0.00332547565634848,0.25,1.04286961525054E-5,0.00160475248386267,1.83219573680952E-5,12.618185,12.618185,1999.5966796875,1999.5966796875,61.3523673599873,20.768722385718,7.019488,0,0,0,40,4882,12.7035,1999.5966796875,,,,,,,,,,,,,0,,,,1.3719826,,,,,,12.618185,,,,
,44348913.81,12.6444292,1999.5966796875,0.0016119186903819,3.28949649678968E-7,1,0.999253354069792,40.0298881530762,2.00191816678389,20.7400005310774,0.018256355024707,0.00331578507942079,0.25,9.80308480852609E-6,0.0016033658034715,1.76927629279477E-5,12.6364651,12.6523933,1999.5966796875,1999.5966796875,61.5563724035065,20.7677834483103,6.646428,0,0,0,40,4882,12.7293,1999.5966796875,,,,,,,,,,,,,0,,,,1.3583449,,,,,,12.6444292,,,,
,44348915.47,12.6719522,1999.5966796875,0.00160962791932432,3.74350004690044E-7,1,0.999253354069792,40.0298881530762,2.00183057649554,20.7400005310774,0.0182297531216449,0.00331034254006279,0.25,9.73692396933438E-6,0.00160108734103452,1.76156641330112E-5,12.6719522,12.6719522,1999.5966796875,1999.5966796875,61.6673636532373,20.7693709197688,6.646428,0,0,0,40,4882,12.7594,1999.5966796875,,,,,,,,,,,,,0,,,,1.3583449,,,,,,12.6719522,,,,
,44348916.155,12.68172645,1999.5966796875,0.00160825187516285,3.6949235591884E-7,1,0.999253354069792,40.0298881530762,2.00176465792276,20.7299999892712,0.0182125037082083,0.00331364488584573,0.25,1.0278660717519E-5,0.00159971585126654,1.81477628671067E-5,12.6719522,12.6915007,1999.5966796875,1999.5966796875,61.6337536269103,20.7702269776595,6.646428,0,0,0,40,4882,12.7719,1999.5966796875,,,,,,,,,,,,,0,,,,1.3583449,,,,,,12.68172645,,,,
,44348917.345,12.7002745,1999.5966796875,0.0016064680816741,3.69397673207698E-7,1,0.999253354069792,40.0298881530762,2.00184383363931,20.7299999892712,0.0181930748969038,0.00330959718861598,0.25,1.02234322612849E-5,0.00159794167150609,1.80840368428794E-5,12.6915007,12.7090483,1999.5966796875,1999.5966796875,61.7556876759104,20.7647806779805,7.019488,0,0,0,40,4882,12.79375,1999.5966796875,,,,,,,,,,,,,0,,,,1.3583449,,,,,,12.7002745,,,,
,44348919.485,12.7498856,1999.5966796875,0.00160390115766932,4.08400387275077E-7,1,0.999253354069792,40.0298881530762,2.00191276721235,20.7299999892712,0.0181650959014086,0.00330157902849727,0.25,9.95680071927551E-6,0.00159538941723654,1.78061636099707E-5,12.7498856,12.7498856,1999.5966796875,1999.5966796875,61.9385887494104,20.7669717874895,6.646428,0,0,0,40,4882,12.83405,1999.5966796875,,,,,,,,,,,,,0,,,,1.36516375,,,,,,12.7498856,,,,
,44348920.935,12.765995,1999.5966796875,0.00160276801595903,3.43925358885545E-7,1,0.999253354069792,40.0298881530762,2.00188020874016,20.7299999892712,0.018151218281252,0.00330354260609803,0.25,1.03332061743884E-5,0.00159426033885651,1.81749997158018E-5,12.765995,12.765995,1999.5966796875,1999.5966796875,61.6908125088142,20.7671317568855,6.646428,0,0,0,40,4882,12.8577,1999.5966796875,,,,,,,,,,,,,0,,,,1.3719826,,,,,,12.765995,,,,
,44348922.365,12.7847252,1999.5966796875,0.00159985198836875,2.95942524172823E-7,1,0.999253354069792,40.0298881530762,2.00189732713323,20.7299999892712,0.0181193234180344,0.00329195766244809,0.25,9.82037118290862E-6,0.00159136215282996,1.76505035182759E-5,12.7847252,12.7847252,1999.5966796875,1999.5966796875,61.364873416295,20.7679330054551,7.019488,0,0,0,40,4882,12.88695,1999.5966796875,,,,,,,,,,,,,0,,,,1.36516375,,,,,,12.7847252,,,,
,44348923.905,12.8259974,1999.5966796875,0.00159857217390708,2.6249792107816E-7,1,0.999253354069792,40.0298881530762,2.00184101631603,20.7299999892712,0.0181036867849331,0.00329297211902486,0.25,1.01420690373077E-5,0.00159008734943973,1.7964196967203E-5,12.8259974,12.8259974,1999.5966796875,1999.5966796875,61.4438178967373,20.7688598478262,6.646428,0,0,0,40,4882,12.9137,1999.5966796875,,,,,,,,,,,,,0,,,,1.3719826,,,,,,12.8259974,,,,
,44348925.705,12.8445845,1999.5966796875,0.001595061909452,3.70560731866963E-7,1,0.999253354069792,40.0298881530762,2.00182565778693,20.7299999892712,0.0180642071574483,0.00328339823851477,0.25,9.91527489896366E-6,0.00158659665350636,1.7721304791743E-5,12.8445845,12.8445845,1999.5966796875,1999.5966796875,61.9315540927373,20.7700099963247,7.019488,0,0,0,40,4882,12.9463,1999.5966796875,,,,,,,,,,,,,0,,,,1.3583449,,,,,,12.8445845,,,,
,44348926.355,12.86406855,1999.5966796875,0.00159395466708166,3.07132273722376E-7,1,0.999253354069792,40.0298881530762,2.00176667254275,20.7400005310774,0.0180504647810641,0.00328499240646365,0.25,1.0258183391704E-5,0.00158549348991804,1.80569480480819E-5,12.8445845,12.8835526,1999.5966796875,1999.5966796875,61.6032701146604,20.7687143986764,7.019488,0,0,0,40,4882,12.9604,1999.5966796875,,,,,,,,,,,,,0,,,,1.3583449,,,,,,12.86406855,,,,
,44348927.595,12.89220765,1999.5966796875,0.00159147993455222,3.76823590321468E-7,1,0.999253354069792,40.0298881530762,2.00184301921581,20.7299999892712,0.0180237987552292,0.00327598901128538,0.25,9.8874961215878E-6,0.00158303353446638,1.7676023345818E-5,12.8835526,12.9008627,1999.5966796875,1999.5966796875,62.475567542122,20.7671923848588,6.273368,0,0,0,40,4882,12.98015,1999.5966796875,,,,,,,,,,,,,0,,,,1.36516375,,,,,,12.89220765,,,,
,44348928.805,12.9097333,1999.5966796875,0.00159003215330012,3.65757618651235E-7,1,0.999253354069792,40.0298881530762,2.00215211067582,20.7400005310774,0.0180091813824874,0.00327844044603782,0.25,1.03150839871498E-5,0.00158159121912329,1.80942214688349E-5,12.9008627,12.9186039,1999.5966796875,1999.5966796875,61.7595958185065,20.7596517350651,6.646428,0,0,0,40,4882,12.9974,1999.5966796875,,,,,,,,,,,,,0,,,,1.36516375,,,,,,12.9097333,,,,
,44348930.82,12.9434967,1999.5966796875,0.00158909263391287,3.24047247745133E-7,1,0.999253354069792,40.0298881530762,2.00185018693504,20.7299999892712,0.0179965280937897,0.00327275761051756,0.25,1.00201387408207E-5,0.00158065798113461,1.77962023994708E-5,12.9339228,12.9530706,1999.5966796875,1999.5966796875,61.5610621746219,20.7652025170401,6.646428,0,0,0,40,4882,13.0276,1999.5966796875,,,,,,,,,,,,,0,,,,1.36516375,,,,,,12.9434967,,,,
,44348932.365,12.9695187,1999.5966796875,0.00158641697107776,3.4807248976128E-7,1,0.999253354069792,40.0298881530762,2.00186545659378,20.7299999892712,0.0179666122790984,0.0032658061525059,0.25,9.87410267869314E-6,0.00157799705686794,1.76377537094253E-5,12.9695187,12.9695187,1999.5966796875,1999.5966796875,61.5165093490257,20.7668266217506,6.646428,0,0,0,40,4882,13.0575,1999.5966796875,,,,,,,,,,,,,0,,,,1.3719826,,,,,,12.9695187,,,,
,44348933.795,12.9850655,1999.5966796875,0.00158487438246162,2.887019777814E-7,1,0.999253354069792,40.0298881530762,2.00188652210125,20.7400005310774,0.0179499517822799,0.00325906714449957,0.25,9.5473313028084E-6,0.00157646415845007,1.73051061712421E-5,12.9850655,12.9850655,1999.5966796875,1999.5966796875,61.6704901673142,20.7676178776561,6.646428,0,0,0,40,4882,13.0793,1999.5966796875,,,,,,,,,,,,,0,,,,1.3788699,,,,,,12.9850655,,,,
,44348935.535,13.0196819,1999.5966796875,0.00158270145041911,3.68122940873162E-7,1,0.999253354069792,40.0298881530762,2.00189716781722,20.7299999892712,0.0179252291827643,0.00325576528747164,0.25,9.63569477860047E-6,0.00157430212428123,1.7382296572713E-5,13.0196819,13.0196819,1999.5966796875,1999.5966796875,61.5110379493911,20.7716348167086,6.646428,0,0,0,40,4882,13.10525,1999.5966796875,,,,,,,,,,,,,0,,,,1.3719826,,,,,,13.0196819,,,,
,44348936.475,13.03682755,1999.5966796875,0.00157991430479761,3.45823013207333E-7,1,0.999253354069792,40.0298881530762,2.00182538411528,20.7400005310774,0.0178919624716428,0.00325612834545,0.25,1.01662574794893E-5,0.00157152700642584,1.78963274144672E-5,13.0196819,13.0539732,1999.5966796875,1999.5966796875,61.4375648685834,20.7676319269029,6.273368,0,0,0,40,4882,13.1227,1999.5966796875,,,,,,,,,,,,,0,,,,1.3719826,,,,,,13.03682755,,,,
,44348937.985,13.0603032,1999.5966796875,0.00157940424494491,3.28796970318868E-7,1,0.999253354069792,40.0298881530762,2.00190451414686,20.7299999892712,0.0178875764370323,0.00325110523026786,0.25,9.80186183171956E-6,0.00157102134290165,1.75313407766813E-5,13.0539732,13.0666332,1999.5966796875,1999.5966796875,61.7392734770065,20.7688602855129,6.646428,0,0,0,40,4882,13.1446,1999.5966796875,,,,,,,,,,,,,0,,,,1.3719826,,,,,,13.0603032,,,,
,44348939.26,13.0750122,1999.5966796875,0.00157848856435645,3.58942429975201E-7,1,0.999253354069792,40.0298881530762,2.00191869431535,20.7299999892712,0.017877566342912,0.00324787049652398,0.25,9.67519911447303E-6,0.00157011106164224,1.74008345804229E-5,13.0666332,13.0833912,1999.5966796875,1999.5966796875,62.0378555713527,20.7674383746598,7.019488,0,0,0,40,4882,13.16655,1999.5966796875,,,,,,,,,,,,,0,,,,1.3719826,,,,,,13.0750122,,,,
,44348941.485,13.110971,1999.5966796875,0.00157580049766156,3.02893984502443E-7,1,0.999253354069792,40.0298881530762,2.00190042409316,20.7299999892712,0.0178466574033203,0.00324406688202941,0.25,9.81358241767728E-6,0.00156743635937049,1.75252428496982E-5,13.1029606,13.1189814,1999.5966796875,1999.5966796875,62.0870981680643,20.7675509183071,6.646428,0,0,0,40,4882,13.1976,1999.5966796875,,,,,,,,,,,,,0,,,,1.3719826,,,,,,13.110971,,,,
,44348942.255,13.12839225,1999.5966796875,0.00157479285328994,3.65208346058082E-7,1,0.999253354069792,40.0298881530762,2.00176902924639,20.7400005310774,0.0178341242477733,0.00324182123886422,0.25,9.81009079642561E-6,0.00156643398223646,1.75168045687016E-5,13.1189814,13.1378031,1999.5966796875,1999.5966796875,61.5368316905257,20.7737029055756,6.646428,0,0,0,40,4882,13.21085,1999.5966796875,,,,,,,,,,,,,0,,,,1.3788699,,,,,,13.12839225,,,,
,44348943.57,13.14637425,1999.5966796875,0.00157220934646306,2.76411809552961E-7,1,0.999253354069792,40.0298881530762,2.0017577808821,20.7299999892712,0.0178046524629131,0.00323715930277466,0.25,9.85343541198063E-6,0.00156386382593835,1.75471915788533E-5,13.1378031,13.1549454,1999.5966796875,1999.5966796875,61.5813845161219,20.771516842417,6.646428,0,0,0,40,4882,13.2373,1999.5966796875,,,,,,,,,,,,,0,,,,1.3857572,,,,,,13.14637425,,,,
,44348945.64,13.1734266,1999.5966796875,0.00157082704139595,3.45029397343602E-7,1,0.999253354069792,40.0298881530762,2.00182385724849,20.7400005310774,0.0177887363740377,0.00323909127670647,0.25,1.0257270412791E-5,0.00156248672112259,1.7942084067222E-5,13.1734266,13.1734266,1999.5966796875,1999.5966796875,61.5610621746219,20.7667179872919,6.646428,0,0,0,40,4882,13.27075,1999.5966796875,,,,,,,,,,,,,0,,,,1.3857572,,,,,,13.1734266,,,,
,44348947.265,13.2086821,1999.5966796875,0.00156876912332078,4.68726937755353E-7,1,0.999253354069792,40.0298881530762,2.001679891381,20.7400005310774,0.0177653888946321,0.00322792154737138,0.25,9.65244026950886E-6,0.00156044250607898,1.73303056137777E-5,13.2086821,13.2086821,1999.5966796875,1999.5966796875,61.436001611545,20.7712001365008,7.019488,0,0,0,40,4882,13.2998,1999.5966796875,,,,,,,,,,,,,0,,,,1.3719826,,,,,,13.2086821,,,,
,44348948.805,13.2290363,1999.5966796875,0.00156733657615045,4.10668916540397E-7,1,0.999253354069792,40.0298881530762,2.0018560791982,20.7299999892712,0.0177499844601666,0.00322905705261495,0.25,9.97993772372062E-6,0.00155901582628709,1.76490161415889E-5,13.2290363,13.2290363,1999.5966796875,1999.5966796875,61.7353653344104,20.7697272076334,6.646428,0,0,0,40,4882,13.3225,1999.5966796875,,,,,,,,,,,,,0,,,,1.3857572,,,,,,13.2290363,,,,
,44348950.415,13.2691402,1999.5966796875,0.00156454259291797,3.05228315111317E-7,1,0.999253354069792,40.0298881530762,2.00180440253392,20.7400005310774,0.017718231660029,0.00322136070524649,0.25,9.7980374380075E-6,0.00155623732790901,1.74543090468244E-5,13.2691402,13.2691402,1999.5966796875,1999.5966796875,61.4907156078911,20.7708209501355,6.646428,0,0,0,40,4882,13.3585,1999.5966796875,,,,,,,,,,,,,0,,,,1.3719826,,,,,,13.2691402,,,,
,44348951.15,13.2782912,1999.5966796875,0.00156359639479246,3.93634585957431E-7,1,0.999253354069792,40.0298881530762,2.00165367347333,20.7299999892712,0.017706091090717,0.0032200644993824,0.25,9.86999557942111E-6,0.00155529573312354,1.75212254167964E-5,13.2691402,13.2874422,1999.5966796875,1999.5966796875,61.6079598857757,20.7693753955988,6.646428,0,0,0,40,4882,13.3721,1999.5966796875,,,,,,,,,,,,,0,,,,1.3788699,,,,,,13.2782912,,,,
,44348953.25,13.31519175,1999.5966796875,0.00156119569686332,3.1270657202481E-7,1,0.999253354069792,40.0298881530762,2.00173306459448,20.7299999892712,0.0176798854297008,0.00321345325614025,0.25,9.69709154879259E-6,0.00155290841255334,1.73374048514527E-5,13.3060503,13.3243332,1999.5966796875,1999.5966796875,61.6876859947373,20.7690646166175,6.646428,0,0,0,40,4882,13.413,1999.5966796875,,,,,,,,,,,,,0,,,,1.3719826,,,,,,13.31519175,,,,
,44348954.95,13.3431339,1999.5966796875,0.0015598302790994,3.88935662710813E-7,1,0.999253354069792,40.0298881530762,2.00178602607724,20.7400005310774,0.0176649161945531,0.00321043997007474,0.25,9.66360617434413E-6,0.00155155025639205,1.72973680215173E-5,13.3431339,13.3431339,1999.5966796875,1999.5966796875,61.3789427296411,20.7699056085093,6.646428,0,0,0,40,4882,13.4387,1999.5966796875,,,,,,,,,,,,,0,,,,1.3719826,,,,,,13.3431339,,,,
,44348956.475,13.3650455,1999.5966796875,0.00155673925257653,3.70704102767143E-7,1,0.999253354069792,40.0298881530762,2.00173359573147,20.7400005310774,0.0176292895948463,0.00320502624023768,0.25,9.73516122193085E-6,0.00154847510502708,1.7353315996831E-5,13.3650455,13.3650455,1999.5966796875,1999.5966796875,61.8479198411796,20.766641224488,6.646428,0,0,0,40,4882,13.4668,1999.5966796875,,,,,,,,,,,,,0,,,,1.3788699,,,,,,13.3650455,,,,
,44348957.2,13.3828344,1999.5966796875,0.00155583667935334,3.6918381822838E-7,1,0.999253354069792,40.0298881530762,2.00181293802299,20.7299999892712,0.0176202129530851,0.00320054987051994,0.25,9.4879339131018E-6,0.00154757844349002,1.71029460584181E-5,13.3650455,13.4006233,1999.5966796875,1999.5966796875,61.6470413117373,20.7698871588549,6.646428,0,0,0,40,4882,13.47815,1999.5966796875,,,,,,,,,,,,,0,,,,1.3788699,,,,,,13.3828344,,,,
,44348959.43,13.4234743,1999.5966796875,0.00155309305682975,3.99675704756321E-7,1,0.999253354069792,40.0298881530762,2.00166985273879,20.7299999892712,0.0175867540208218,0.00320146104322879,0.25,1.00686452218938E-5,0.00154484628047884,1.76670737106003E-5,13.4234743,13.4234743,1999.5966796875,1999.5966796875,61.7142613643912,20.7706157303952,6.646428,0,0,0,40,4882,13.51215,1999.5966796875,,,,,,,,,,,,,0,,,,1.39967,,,,,,13.4234743,,,,
,44348960.18,13.4325733,1999.5966796875,0.00155154010166941,3.59614229994226E-7,1,0.999253354069792,40.0298881530762,2.00180453764892,20.7299999892712,0.0175708899818257,0.00319506727878259,0.25,9.75890705829057E-6,0.00154330301186379,1.73513190399042E-5,13.4234743,13.4416723,1999.5966796875,1999.5966796875,61.6400066550642,20.7702538599613,6.646428,0,0,0,40,4882,13.52335,1999.5966796875,,,,,,,,,,,,,0,,,,1.3927136,,,,,,13.4325733,,,,
,44348962.255,13.46904755,1999.5966796875,0.00154949433447673,3.85693886332177E-7,1,0.999253354069792,40.0298881530762,2.00175646448928,20.7299999892712,0.0175467658505687,0.00319393635187841,0.25,1.00243456676266E-5,0.00154126659052286,1.76052762118979E-5,13.4598637,13.4782314,1999.5966796875,1999.5966796875,62.0065904305835,20.7715329584632,7.019488,0,0,0,40,4882,13.55695,1999.5966796875,,,,,,,,,,,,,0,,,,1.39967,,,,,,13.46904755,,,,
,44348963.765,13.4927454,1999.5966796875,0.00154824640657967,4.26624180351014E-7,1,0.999253354069792,40.0298881530762,2.00172915823538,20.7400005310774,0.0175333108520559,0.0031861577573339,0.25,9.56071423933691E-6,0.00154002743970175,1.71379427018521E-5,13.4927454,13.4927454,1999.5966796875,1999.5966796875,61.537613319045,20.7679903436536,6.646428,0,0,0,40,4882,13.5796,1999.5966796875,,,,,,,,,,,,,0,,,,1.3857572,,,,,,13.4927454,,,,
,44348964.48,13.5017762,1999.5966796875,0.00154754253891584,3.8551406386309E-7,1,0.999253354069792,40.0298881530762,2.00175716127223,20.7299999892712,0.0175248436961341,0.00318891017155702,0.25,9.92317897656032E-6,0.00153932546564042,1.74950261720511E-5,13.4927454,13.510807,1999.5966796875,1999.5966796875,61.6548575969296,20.7690165254618,6.646428,0,0,0,40,4882,13.58995,1999.5966796875,,,,,,,,,,,,,0,,,,1.3857572,,,,,,13.5017762,,,,
,44348965.675,13.5185742,1999.5966796875,0.00154515131024049,3.08575581554592E-7,1,0.999253354069792,40.0298881530762,2.00187663686906,20.7299999892712,0.0174996568054913,0.00317904070217275,0.25,9.45600127759172E-6,0.00153694909337482,1.70185327954084E-5,13.510807,13.5263414,1999.5966796875,1999.5966796875,61.5790396305642,20.767564612896,6.273368,0,0,0,40,4882,13.60595,1999.5966796875,,,,,,,,,,,,,0,,,,1.3927136,,,,,,13.5185742,,,,
,44348966.79,13.5336251,1999.5966796875,0.00154410840510809,4.08064631533572E-7,1,0.999253354069792,40.0298881530762,2.00181158190496,20.7400005310774,0.0174868201182367,0.00317955301511716,0.25,9.69274986704124E-6,0.00153591046687515,1.72488930627448E-5,13.5263414,13.5409088,1999.5966796875,1999.5966796875,61.6853411091796,20.7710933336615,6.273368,0,0,0,40,4882,13.62355,1999.5966796875,,,,,,,,,,,,,0,,,,1.39967,,,,,,13.5336251,,,,
,44348968.01,13.55679275,1999.5966796875,0.00154304378493615,3.11494942194391E-7,1,0.999253354069792,40.0298881530762,2.00189258054393,20.7299999892712,0.0174755010304398,0.00317711083011448,0.25,9.65323720703192E-6,0.00153485156875163,1.72043429033729E-5,13.5409088,13.5726767,1999.5966796875,1999.5966796875,61.5946722009488,20.7720294509569,6.646428,0,0,0,40,4882,13.64415,1999.5966796875,,,,,,,,,,,,,0,,,,1.3927136,,,,,,13.55679275,,,,
,44348970.27,13.585887,1999.5966796875,0.00154050648209531,3.67094205557746E-7,1,0.999253354069792,40.0298881530762,2.00179384625165,20.7299999892712,0.0174455510831907,0.00317398049782429,0.25,9.83522227110046E-6,0.00153232664640926,1.73728656452143E-5,13.585887,13.585887,1999.5966796875,1999.5966796875,61.7986772444681,20.7677534683583,6.646428,0,0,0,40,4882,13.6804,1999.5966796875,,,,,,,,,,,,,0,,,,1.3857572,,,,,,13.585887,,,,
,44348970.975,13.5951071,1999.5966796875,0.00153995672764687,3.50221210255726E-7,1,0.999253354069792,40.0298881530762,2.00181874310007,20.7400005310774,0.0174401923464945,0.00316911655471325,0.25,9.49929332717146E-6,0.00153178141209583,1.70360009990583E-5,13.585887,13.6043272,1999.5966796875,1999.5966796875,61.1452358023911,20.7690359313111,6.646428,0,0,0,40,4882,13.69185,1999.5966796875,,,,,,,,,,,,,0,,,,1.3927136,,,,,,13.5951071,,,,
,44348972.275,13.62029455,1999.5966796875,0.00153887120213639,3.73602670836364E-7,1,0.999253354069792,40.0298881530762,2.00181004050862,20.7400005310774,0.0174270119160288,0.00317150823964952,0.25,9.90177055080382E-6,0.00153069953323135,1.74310046232494E-5,13.6043272,13.6362619,1999.5966796875,1999.5966796875,61.6681452817565,20.7713618610982,7.019488,0,0,0,40,4882,13.71245,1999.5966796875,,,,,,,,,,,,,0,,,,1.3927136,,,,,,13.62029455,,,,
,44348973.64,13.64492225,1999.5966796875,0.00153725408359185,3.59982859677033E-7,1,0.999253354069792,40.0298881530762,2.00171711101467,20.7299999892712,0.0174088906922924,0.00316254517646403,0.25,9.40710100339382E-6,0.00152909328942656,1.69309780880551E-5,13.6362619,13.6535826,1999.5966796875,1999.5966796875,61.4860258367757,20.7746917915433,6.646428,0,0,0,40,4882,13.73305,1999.5966796875,,,,,,,,,,,,,0,,,,1.3857572,,,,,,13.64492225,,,,
,44348975.82,13.67791655,1999.5966796875,0.00153541300290677,3.72979331369497E-7,1,0.999253354069792,40.0298881530762,2.00220944058006,20.7299999892712,0.0173910091508678,0.00316578840991652,0.25,9.95064277672934E-6,0.00152725911725777,1.7462578865886E-5,13.6697674,13.6860657,1999.5966796875,1999.5966796875,61.9612559764681,20.7657882456984,6.646428,0,0,0,40,4882,13.77445,1999.5966796875,,,,,,,,,,,,,0,,,,1.39967,,,,,,13.67791655,,,,
,44348976.585,13.6966095,1999.5966796875,0.00153355364218245,3.46133878682295E-7,1,0.999253354069792,40.0298881530762,2.00224222920596,20.7299999892712,0.0173705175655073,0.00316030086832836,0.25,9.78841377661597E-6,0.00152541029583938,1.72920449202544E-5,13.6860657,13.7071533,1999.5966796875,1999.5966796875,61.8096200437373,20.7662806939157,6.646428,0,0,0,40,4882,13.78835,1999.5966796875,,,,,,,,,,,,,0,,,,1.39967,,,,,,13.6966095,,,,
,44348977.835,13.7163143,1999.5966796875,0.00153147468571637,3.38071417622607E-7,1,0.999253354069792,40.0298881530762,2.00213013308912,20.7299999892712,0.0173462494557124,0.00315467379089317,0.25,9.67157300086811E-6,0.00152334281023631,1.71655777027922E-5,13.7071533,13.7254753,1999.5966796875,1999.5966796875,62.2699992415643,20.7699343346506,7.019488,0,0,0,40,4882,13.80935,1999.5966796875,,,,,,,,,,,,,0,,,,1.3927136,,,,,,13.7163143,,,,
,44348979.025,13.73444225,1999.5966796875,0.00153046319267318,3.34245997134082E-7,1,0.999253354069792,40.0298881530762,2.00188777048339,20.7400005310774,0.0173323875329372,0.00315454226601991,0.25,9.86942570853086E-6,0.00152233560915717,1.73574018883084E-5,13.7254753,13.7434092,1999.5966796875,1999.5966796875,61.6845594806604,20.7697134422387,7.019488,0,0,0,40,4882,13.8303,1999.5966796875,,,,,,,,,,,,,0,,,,1.3857572,,,,,,13.73444225,,,,
,44348980.225,13.75432255,1999.5966796875,0.0015295259637891,3.75651125216365E-7,1,0.999253354069792,40.0298881530762,2.00192572635238,20.7400005310774,0.0173230161696677,0.00314735877205275,0.25,9.39517863676967E-6,0.00152140558434227,1.68810399616361E-5,13.7434092,13.7652359,1999.5966796875,1999.5966796875,61.7087899647565,20.7679787172407,7.019488,0,0,0,40,4882,13.85125,1999.5966796875,,,,,,,,,,,,,0,,,,1.3857572,,,,,,13.75432255,,,,
,44348982.305,13.79109385,1999.5966796875,0.00152689273677846,3.20019807362556E-7,1,0.999253354069792,40.0298881530762,2.00181759776707,20.7400005310774,0.0172915732439983,0.0031459327924047,0.25,9.74544017916959E-6,0.00151878438427971,1.72164778430043E-5,13.7822924,13.7998953,1999.5966796875,1999.5966796875,61.639225026545,20.7690264688593,7.019488,0,0,0,40,4882,13.8912,1999.5966796875,,,,,,,,,,,,,0,,,,1.3997399,,,,,,13.79109385,,,,
,44348983.9,13.8221798,1999.5966796875,0.00152580619327287,3.51711585244395E-7,1,0.999253354069792,40.0298881530762,2.00187744645492,20.7299999892712,0.0172796724111271,0.00314427739920798,0.25,9.7820783606471E-6,0.0015177032707918,1.72475681595635E-5,13.8221798,13.8221798,1999.5966796875,1999.5966796875,61.6978471654873,20.7689150765139,6.646428,0,0,0,40,4882,13.9194,1999.5966796875,,,,,,,,,,,,,0,,,,1.39967,,,,,,13.8221798,,,,
,44348985.375,13.8410521,1999.5966796875,0.00152339076398443,3.12195118853779E-7,1,0.999253354069792,40.0298881530762,2.00181763901701,20.7400005310774,0.0172522050868992,0.00313704892916269,0.25,9.57594523022195E-6,0.00151530153199184,1.70306223498474E-5,13.8410521,13.8410521,1999.5966796875,1999.5966796875,61.578258002045,20.7731185677393,6.646428,0,0,0,40,4882,13.9477,1999.5966796875,,,,,,,,,,,,,0,,,,1.4066963,,,,,,13.8410521,,,,
,44348986.935,13.8750505,1999.5966796875,0.00152208805320192,2.84022879123703E-7,1,0.999253354069792,40.0298881530762,2.00188490027826,20.7299999892712,0.0172380317171259,0.0031342972125726,0.25,9.55284038235313E-6,0.00151400567476178,1.70012199175734E-5,13.8750505,13.8750505,1999.5966796875,1999.5966796875,61.8533912408142,20.7692081929973,6.646428,0,0,0,40,4882,13.9716,1999.5966796875,,,,,,,,,,,,,0,,,,1.4137226,,,,,,13.8750505,,,,
,44348987.63,13.88394165,1999.5966796875,0.00151982878118185,4.4501693216746E-7,1,0.999253354069792,40.0298881530762,2.00183400757254,20.7400005310774,0.0172112554252221,0.00313397361555423,0.25,9.92715731524035E-6,0.00151175644967871,1.73624297013732E-5,13.8750505,13.8928328,1999.5966796875,1999.5966796875,61.4016099566988,20.7701109363691,6.273368,0,0,0,40,4882,13.98125,1999.5966796875,,,,,,,,,,,,,0,,,,1.4137226,,,,,,13.88394165,,,,
,44348988.915,13.90232375,1999.5966796875,0.00151878838955551,2.31522150172092E-7,1,0.999253354069792,40.0298881530762,2.00180029709194,20.7400005310774,0.0171997815794335,0.00312844329470867,0.25,9.62623506697518E-6,0.0015107229586321,1.70579695754088E-5,13.8928328,13.9118147,1999.5966796875,1999.5966796875,61.1163155471795,20.7721755862615,6.646428,0,0,0,40,4882,14.0004,1999.5966796875,,,,,,,,,,,,,0,,,,1.4066963,,,,,,13.90232375,,,,
,44348990.105,13.9199071,1999.5966796875,0.00151788012321267,3.88545078972013E-7,1,0.999253354069792,40.0298881530762,2.00183043612697,20.7299999892712,0.0171897937934,0.00312631841397593,0.25,9.59413287745657E-6,0.00150981957416513,1.70215613381999E-5,13.9118147,13.9279995,1999.5966796875,1999.5966796875,62.0058088020643,20.7694180573042,6.273368,0,0,0,40,4882,14.0219,1999.5966796875,,,,,,,,,,,,,0,,,,1.4066963,,,,,,13.9199071,,,,
,44348992.23,13.9635811,1999.5966796875,0.0015151514639997,3.24523282628348E-7,1,0.999253354069792,40.0298881530762,2.00216305171646,20.7400005310774,0.0171616439493638,0.00312097062585888,0.25,9.55738638980026E-6,0.00150710532419729,1.69715636759898E-5,13.9635811,13.9635811,1999.5966796875,1999.5966796875,61.4774279230642,20.7637304382281,7.019488,0,0,0,40,4882,14.058,1999.5966796875,,,,,,,,,,,,,0,,,,1.4137226,,,,,,13.9635811,,,,
,44348992.9,13.9724226,1999.5966796875,0.00151388191432701,3.94954257427955E-7,1,0.999253354069792,40.0298881530762,2.00216216488153,20.7299999892712,0.0171468631845334,0.00312059731968929,0.25,9.74720075682137E-6,0.0015058415058907,1.71541208944549E-5,13.9635811,13.9812641,1999.5966796875,1999.5966796875,61.6783064525065,20.7678682441401,6.646428,0,0,0,40,4882,14.0652,1999.5966796875,,,,,,,,,,,,,0,,,,1.4137226,,,,,,13.9724226,,,,
,44348994.975,14.0044398,1999.5966796875,0.0015131035842605,3.2839760609753E-7,1,0.999253354069792,40.0298881530762,2.00195226438054,20.7299999892712,0.0171375263464831,0.00311188693191926,0.25,9.1429408606151E-6,0.00150507013167904,1.65492151288998E-5,13.9961767,14.0127029,1999.5966796875,1999.5966796875,61.0725443501026,20.7684131627172,6.646428,0,0,0,40,4882,14.0986,1999.5966796875,,,,,,,,,,,,,0,,,,1.4066963,,,,,,14.0044398,,,,
,44348996.58,14.028985,1999.5966796875,0.00151112833415919,3.23602900152985E-7,1,0.999253354069792,40.0298881530762,2.00190311050641,20.7299999892712,0.0171139152944721,0.00311253011183449,0.25,9.55246234810867E-6,0.00150310319231729,1.69468420440136E-5,14.028985,14.028985,1999.5966796875,1999.5966796875,61.7283306777373,20.7676093358912,6.646428,0,0,0,40,4882,14.12415,1999.5966796875,,,,,,,,,,,,,0,,,,1.4137226,,,,,,14.028985,,,,
,44348998.055,14.0470715,1999.5966796875,0.00150984969259668,3.38384737247832E-7,1,0.999253354069792,40.0298881530762,2.00178473984374,20.7299999892712,0.0170980873812243,0.00311190680907385,0.25,9.73716449130477E-6,0.0015018303176735,1.71242687719275E-5,14.0470715,14.0470715,1999.5966796875,1999.5966796875,62.0167516013335,20.7703665992955,6.273368,0,0,0,40,4882,14.1503,1999.5966796875,,,,,,,,,,,,,0,,,,1.4137226,,,,,,14.0470715,,,,
,44348999.615,14.0799341,1999.5966796875,0.00150788400739095,3.53685337004705E-7,1,0.999253354069792,40.0298881530762,2.00184233990805,20.7400005310774,0.0170772284975549,0.00310260887850343,0.25,9.25424253173205E-6,0.00149987725549462,1.66342107009338E-5,14.0799341,14.0799341,1999.5966796875,1999.5966796875,61.6689269102757,20.7703452575069,6.646428,0,0,0,40,4882,14.1743,1999.5966796875,,,,,,,,,,,,,0,,,,1.4137226,,,,,,14.0799341,,,,
,44349000.43,14.0899019,1999.5966796875,0.00150527257474273,3.09612637238988E-7,1,0.999253354069792,40.0298881530762,2.00194064160454,20.7400005310774,0.0170473368389275,0.00310372879242585,0.25,9.79813829266708E-6,0.00149727689009398,1.71623687607621E-5,14.0799341,14.0998697,1999.5966796875,1999.5966796875,61.5102563208719,20.7694314684986,6.646428,0,0,0,40,4882,14.1866,1999.5966796875,,,,,,,,,,,,,0,,,,1.42081945,,,,,,14.0899019,,,,
,44349002.67,14.1260824,1999.5966796875,0.00150432849276477,2.65117073633069E-7,1,0.999253354069792,40.0298881530762,2.0017961346199,20.7299999892712,0.0170365338451629,0.00309551415822061,0.25,9.2579571715781E-6,0.0014963403058555,1.6620386830436E-5,14.1179113,14.1342535,1999.5966796875,1999.5966796875,61.9550029483143,20.7697447882751,7.019488,0,0,0,40,4882,14.22585,1999.5966796875,,,,,,,,,,,,,0,,,,1.4137226,,,,,,14.1260824,,,,
,44349004.45,14.1545811,1999.5966796875,0.00150183126967206,2.91395255488654E-7,1,0.999253354069792,40.0298881530762,2.00188611610332,20.7299999892712,0.0170086438879684,0.00309242170502449,0.25,9.41141687214203E-6,0.00149385539482312,1.67607320212763E-5,14.1545811,14.1545811,1999.5966796875,1999.5966796875,61.3281368758911,20.7685783157843,6.646428,0,0,0,40,4882,14.2574,1999.5966796875,,,,,,,,,,,,,0,,,,1.4279163,,,,,,14.1545811,,,,
,44349005.21,14.1717081,1999.5966796875,0.00150087943753544,3.12256683103761E-7,1,0.999253354069792,40.0298881530762,2.00187158756587,20.7299999892712,0.016997937126825,0.00308934945256003,0.25,9.30923910165846E-6,0.0014929090213662,1.66544036046167E-5,14.1545811,14.1888351,1999.5966796875,1999.5966796875,62.0480167421027,20.7719654261928,6.646428,0,0,0,40,4882,14.27285,1999.5966796875,,,,,,,,,,,,,0,,,,1.42081945,,,,,,14.1717081,,,,
,44349006.53,14.1985545,1999.5966796875,0.00149966112348558,2.94001645874436E-7,1,0.999253354069792,40.0298881530762,2.0019766664473,20.7299999892712,0.0169844858650936,0.00308985419541757,0.25,9.55378516454916E-6,0.00149169582483029,1.68916550156178E-5,14.1888351,14.2082739,1999.5966796875,1999.5966796875,61.6665820247181,20.7708703527661,6.646428,0,0,0,40,4882,14.29105,1999.5966796875,,,,,,,,,,,,,0,,,,1.42081945,,,,,,14.1985545,,,,
,44349007.835,14.2158799,1999.5966796875,0.00149758154979331,3.8464665217557E-7,1,0.999253354069792,40.0298881530762,2.00192842284141,20.7400005310774,0.0169609168701615,0.00308336924439075,0.25,9.3527337317341E-6,0.00148962815058104,1.66814189956854E-5,14.2082739,14.2234859,1999.5966796875,1999.5966796875,61.5509010038719,20.7686536891645,7.019488,0,0,0,40,4882,14.3082,1999.5966796875,,,,,,,,,,,,,0,,,,1.4279163,,,,,,14.2158799,,,,
,44349009.14,14.23421,1999.5966796875,0.00149731114551727,4.12008916813596E-7,1,0.999253354069792,40.0298881530762,2.00202589729784,20.7400005310774,0.0169580463989018,0.00308633973698817,0.25,9.64953628080903E-6,0.0014893576363214,1.6975321360162E-5,14.2234859,14.2449341,1999.5966796875,1999.5966796875,61.5438663471988,20.7659648008566,6.646428,0,0,0,40,4882,14.3339,1999.5966796875,,,,,,,,,,,,,0,,,,1.4279163,,,,,,14.23421,,,,
,44349010.365,14.2549453,1999.5966796875,0.00149570600463069,3.34410698631666E-7,1,0.999253354069792,40.0298881530762,2.00194549737865,20.7299999892712,0.0169401082303825,0.00307783769089516,0.25,9.19155248080903E-6,0.00148776314162159,1.65118468413565E-5,14.2449341,14.2649565,1999.5966796875,1999.5966796875,61.9596927194296,20.7717797567601,6.273368,0,0,0,40,4882,14.35775,1999.5966796875,,,,,,,,,,,,,0,,,,1.4279163,,,,,,14.2549453,,,,
,44349012.495,14.3002367,1999.5966796875,0.00149336515189616,4.24257785354947E-7,1,0.999253354069792,40.0298881530762,2.0019010364843,20.7299999892712,0.0169127226697482,0.00307588444227166,0.25,9.43551524696668E-6,0.00148543326009423,1.67429867620694E-5,14.3002367,14.3002367,1999.5966796875,1999.5966796875,61.1843172283526,20.7695311299196,6.646428,0,0,0,40,4882,14.39165,1999.5966796875,,,,,,,,,,,,,0,,,,1.4137226,,,,,,14.3002367,,,,
,44349014.065,14.3175936,1999.5966796875,0.00149073517264612,3.54333173674172E-7,1,0.999253354069792,40.0298881530762,2.00192007143429,20.7299999892712,0.0168823275282346,0.00307484104749263,0.25,9.80220705036054E-6,0.00148281528960493,1.709478449958E-5,14.3175936,14.3175936,1999.5966796875,1999.5966796875,61.1139706616218,20.7664838402714,6.646428,0,0,0,40,4882,14.4161,1999.5966796875,,,,,,,,,,,,,0,,,,1.4279163,,,,,,14.3175936,,,,
,44349015.715,14.3535233,1999.5966796875,0.00149000586472233,3.65037654153423E-7,1,0.999253354069792,40.0298881530762,2.00182974662384,20.7299999892712,0.0168737519612457,0.00307086350226367,0.25,9.59093728785299E-6,0.00148209072472665,1.68810355709029E-5,14.3535233,14.3535233,1999.5966796875,1999.5966796875,62.0542697702566,20.7682979708891,6.646428,0,0,0,40,4882,14.44755,1999.5966796875,,,,,,,,,,,,,0,,,,1.4137226,,,,,,14.3535233,,,,
,44349017.325,14.3700333,1999.5966796875,0.00148791442883341,4.1025705876622E-7,1,0.999253354069792,40.0298881530762,2.00191698496203,20.7400005310774,0.0168514160216736,0.00306297191039709,0.25,9.25040151992832E-6,0.00148001194179532,1.65319934375618E-5,14.3700333,14.3700333,1999.5966796875,1999.5966796875,61.7087899647565,20.7733609684675,6.646428,0,0,0,40,4882,14.4746,1999.5966796875,,,,,,,,,,,,,0,,,,1.4422525,,,,,,14.3700333,,,,
,44349018.945,14.4064407,1999.5966796875,0.001486962071026,3.23366919623231E-7,1,0.999253354069792,40.0298881530762,2.00185388757134,20.7299999892712,0.0168399554297132,0.00306187404332062,0.25,9.32869803360329E-6,0.00147906407594099,1.6605182873005E-5,14.4064407,14.4064407,1999.5966796875,1999.5966796875,62.0112802016989,20.7703603942227,6.646428,0,0,0,40,4882,14.4991,1999.5966796875,,,,,,,,,,,,,0,,,,1.4137226,,,,,,14.4064407,,,,
,44349020.53,14.4248018,1999.5966796875,0.00148486726150719,3.62383915477849E-7,1,0.999253354069792,40.0298881530762,2.00183366389659,20.7299999892712,0.0168158325196569,0.00305887900711684,0.25,9.43445932749837E-6,0.00147697973084918,1.67000644224511E-5,14.4248018,14.4248018,1999.5966796875,1999.5966796875,61.4602320956411,20.7698829481278,6.646428,0,0,0,40,4882,14.52845,1999.5966796875,,,,,,,,,,,,,0,,,,1.4279163,,,,,,14.4248018,,,,
,44349022.01,14.4593315,1999.5966796875,0.00148283797117767,4.39023108889722E-7,1,0.999253354069792,40.0298881530762,2.0018929277941,20.7400005310774,0.0167936927933557,0.00305267561096541,0.25,9.23556668901625E-6,0.00147496199260137,1.64922228488393E-5,14.4593315,14.4593315,1999.5966796875,1999.5966796875,61.3125043055065,20.7689769240009,6.646428,0,0,0,40,4882,14.553,1999.5966796875,,,,,,,,,,,,,0,,,,1.4422525,,,,,,14.4593315,,,,
,44349023.5,14.4750957,1999.5966796875,0.00148134918963125,3.79712945848108E-7,1,0.999253354069792,40.0298881530762,2.00188280885046,20.7299999892712,0.0167758647202823,0.00305464617222124,0.25,9.67173619638997E-6,0.00147347885835034,1.6918753596289E-5,14.4750957,14.4750957,1999.5966796875,1999.5966796875,61.5845110301988,20.7695410604387,6.273368,0,0,0,40,4882,14.5779,1999.5966796875,,,,,,,,,,,,,0,,,,1.4350844,,,,,,14.4750957,,,,
,44349024.165,14.48427915,1999.5966796875,0.0014807678738325,3.2984438813441E-7,1,0.999253354069792,40.0298881530762,2.00185116456199,20.7299999892712,0.016769636605525,0.00304993402080139,0.25,9.36210764988088E-6,0.00147290209947448,1.66078957580686E-5,14.4750957,14.4934626,1999.5966796875,1999.5966796875,61.6947206514104,20.7702896032678,6.646428,0,0,0,40,4882,14.58545,1999.5966796875,,,,,,,,,,,,,0,,,,1.4350844,,,,,,14.48427915,,,,
,44349026.335,14.52057265,1999.5966796875,0.00147810044931034,2.84658804104116E-7,1,0.999253354069792,40.0298881530762,2.00184797888274,20.7400005310774,0.0167396069055026,0.00304326095015071,0.25,9.24168799852887E-6,0.00147024920291963,1.64749688509933E-5,14.5121155,14.5290298,1999.5966796875,1999.5966796875,61.4039548422565,20.7672972875738,7.019488,0,0,0,40,4882,14.6229,1999.5966796875,,,,,,,,,,,,,0,,,,1.4350844,,,,,,14.52057265,,,,
,44349027.07,14.5400457,1999.5966796875,0.00147702097893426,3.10987710907087E-7,1,0.999253354069792,40.0298881530762,2.00189457215322,20.7400005310774,0.0167274119586102,0.00304304297845972,0.25,9.40581121667209E-6,0.00146917454313914,1.66329062534145E-5,14.5290298,14.5510616,1999.5966796875,1999.5966796875,61.5845110301988,20.7707270172662,6.273368,0,0,0,40,4882,14.63535,1999.5966796875,,,,,,,,,,,,,0,,,,1.4350844,,,,,,14.5400457,,,,
,44349029.27,14.5672541,1999.5966796875,0.00147505044463528,3.2141608825561E-7,1,0.999253354069792,40.0298881530762,2.00179092958765,20.7299999892712,0.0167040335635605,0.00304018447192299,0.25,9.51246072216136E-6,0.00146721377589246,1.67292831138109E-5,14.5672541,14.5672541,1999.5966796875,1999.5966796875,61.4477260393334,20.7669367032447,7.019488,0,0,0,40,4882,14.6729,1999.5966796875,,,,,,,,,,,,,0,,,,1.4422525,,,,,,14.5672541,,,,
,44349029.99,14.5760398,1999.5966796875,0.00147431503093795,3.1303940445977E-7,1,0.999253354069792,40.0298881530762,2.00180682575491,20.7400005310774,0.0166969489389845,0.00303231781613593,0.25,8.94551841387434E-6,0.00146648500226861,1.61617113200681E-5,14.5672541,14.5848255,1999.5966796875,1999.5966796875,61.6486045687758,20.7735917704682,7.019488,0,0,0,40,4882,14.68305,1999.5966796875,,,,,,,,,,,,,0,,,,1.4422525,,,,,,14.5760398,,,,
,44349032.155,14.6170187,1999.5966796875,0.00147281343233073,3.13285884121846E-7,1,0.999253354069792,40.0298881530762,2.00178430156568,20.7299999892712,0.0166783510233307,0.00303724500903793,0.25,9.64632405840877E-6,0.00146498770919767,1.68514161341083E-5,14.6170187,14.6170187,1999.5966796875,1999.5966796875,62.1386856503335,20.7682840199383,6.646428,0,0,0,40,4882,14.7232,1999.5966796875,,,,,,,,,,,,,0,,,,1.4422525,,,,,,14.6170187,,,,
,44349032.845,14.62633325,1999.5966796875,0.00147085079152116,3.79148785346018E-7,1,0.999253354069792,40.0298881530762,2.00180059086692,20.7400005310774,0.0166570441996984,0.00302871705250101,0.25,9.23619415191168E-6,0.00146303741491483,1.64337825158561E-5,14.6170187,14.6356478,1999.5966796875,1999.5966796875,61.4391281256219,20.7688206164107,6.646428,0,0,0,40,4882,14.7309,1999.5966796875,,,,,,,,,,,,,0,,,,1.4422525,,,,,,14.62633325,,,,
,44349034.025,14.64450935,1999.5966796875,0.00146953908450776,3.16601454660894E-7,1,0.999253354069792,40.0298881530762,2.00186199724685,20.7299999892712,0.0166422408788736,0.00302857849474662,0.25,9.4461885317417E-6,0.00146173152439303,1.66362046812459E-5,14.6356478,14.6533709,1999.5966796875,1999.5966796875,61.7134797358719,20.7703854829578,7.019488,0,0,0,40,4882,14.7514,1999.5966796875,,,,,,,,,,,,,0,,,,1.4350844,,,,,,14.64450935,,,,
,44349036.23,14.6897726,1999.5966796875,0.00146778656144371,3.25476316260195E-7,1,0.999253354069792,40.0298881530762,2.00183875878594,20.7400005310774,0.0166224800695852,0.00302338110944046,0.25,9.29805238136909E-6,0.00145998879624456,1.64802146603804E-5,14.6897726,14.6897726,1999.5966796875,1999.5966796875,61.5892008013142,20.7714989412971,6.273368,0,0,0,40,4882,14.7895,1999.5966796875,,,,,,,,,,,,,0,,,,1.4567326,,,,,,14.6897726,,,,
,44349036.985,14.6994724,1999.5966796875,0.00146649227261265,3.42175682768547E-7,1,0.999253354069792,40.0298881530762,2.00195099519935,20.7400005310774,0.016608366697906,0.00302282683307501,0.25,9.4618869398219E-6,0.00145870049502961,1.66368069714705E-5,14.6897726,14.7091722,1999.5966796875,1999.5966796875,61.5931089439104,20.7698664221672,6.646428,0,0,0,40,4882,14.8,1999.5966796875,,,,,,,,,,,,,0,,,,1.44949255,,,,,,14.6994724,,,,
,44349038.215,14.7185864,1999.5966796875,0.00146548962640717,3.85357344336726E-7,1,0.999253354069792,40.0298881530762,2.00183098806809,20.7400005310774,0.016596728361347,0.00301679351982886,0.25,9.12077530881887E-6,0.00145770474415848,1.62925563079329E-5,14.7091722,14.7280006,1999.5966796875,1999.5966796875,61.6103047713334,20.7682954431966,6.646428,0,0,0,40,4882,14.8228,1999.5966796875,,,,,,,,,,,,,0,,,,1.44949255,,,,,,14.7185864,,,,
,44349040.345,14.7564354,1999.5966796875,0.00146371566150537,3.1429474560444E-7,1,0.999253354069792,40.0298881530762,2.00191326187354,20.7400005310774,0.0165765869081329,0.00301724123512238,0.25,9.46094031043343E-6,0.00145593831271587,1.66221832104568E-5,14.7466555,14.7662153,1999.5966796875,1999.5966796875,61.6024884861411,20.7688565602829,6.646428,0,0,0,40,4882,14.8588,1999.5966796875,,,,,,,,,,,,,0,,,,1.4422525,,,,,,14.7564354,,,,
,44349041.065,14.7737279,1999.5966796875,0.00146264818244497,3.49078452095108E-7,1,0.999253354069792,40.0298881530762,2.00183912189609,20.7299999892712,0.0165644859725831,0.00301166468116329,0.25,9.16565053349318E-6,0.0014548778532773,1.63231931173104E-5,14.7662153,14.7812405,1999.5966796875,1999.5966796875,61.6415699121027,20.768668764345,6.646428,0,0,0,40,4882,14.87095,1999.5966796875,,,,,,,,,,,,,0,,,,1.44949255,,,,,,14.7737279,,,,
,44349043.11,14.8006496,1999.5966796875,0.00146047688084995,3.54015698516687E-7,1,0.999253354069792,40.0298881530762,2.00198472505501,20.7299999892712,0.0165410545821251,0.0030073208543784,0.25,9.14489361309433E-6,0.00145271800802775,1.6291847311738E-5,14.8006496,14.8006496,1999.5966796875,1999.5966796875,61.6736166813911,20.7701315573703,6.646428,0,0,0,40,4882,14.9065,1999.5966796875,,,,,,,,,,,,,0,,,,1.44949255,,,,,,14.8006496,,,,
,44349043.835,14.8092136,1999.5966796875,0.00145935684587635,3.40563539523967E-7,1,0.999253354069792,40.0298881530762,2.00179390010631,20.7299999892712,0.0165262546187523,0.00300824281737932,0.25,9.44669726631954E-6,0.00145160236560204,1.65865384930983E-5,14.8006496,14.8177776,1999.5966796875,1999.5966796875,62.0003374024296,20.7694606887891,6.646428,0,0,0,40,4882,14.91875,1999.5966796875,,,,,,,,,,,,,0,,,,1.4567326,,,,,,14.8092136,,,,
,44349045.885,14.8541679,1999.5966796875,0.00145845813636412,3.67744658168109E-7,1,0.999253354069792,40.0298881530762,2.00178611094028,20.7299999892712,0.0165159355528893,0.00300682582960954,0.25,9.48031654366634E-6,0.00145070804645094,1.66155503928091E-5,14.8541679,14.8541679,1999.5966796875,1999.5966796875,61.9276459501412,20.769700332142,7.019488,0,0,0,40,4882,14.9516,1999.5966796875,,,,,,,,,,,,,0,,,,1.4422525,,,,,,14.8541679,,,,
,44349046.625,14.8624234,1999.5966796875,0.00145596414626147,3.43240035147466E-7,1,0.999253354069792,40.0298881530762,2.00179476693864,20.7299999892712,0.0164888007950778,0.00299576364864708,0.25,8.94080688698155E-6,0.0014482298521941,1.60666029586219E-5,14.8541679,14.8706789,1999.5966796875,1999.5966796875,61.7986772444681,20.7708635164653,6.646428,0,0,0,40,4882,14.9634,1999.5966796875,,,,,,,,,,,,,0,,,,1.4422525,,,,,,14.8624234,,,,
,44349048.735,14.8883266,1999.5966796875,0.00145558787492168,3.31809576031134E-7,1,0.999253354069792,40.0298881530762,2.00188956011357,20.7299999892712,0.0164846116651064,0.00299894526247147,0.25,9.27551152291566E-6,0.00144785380917688,1.63976847175917E-5,14.8883266,14.8883266,1999.5966796875,1999.5966796875,61.7197327640258,20.7709164388483,7.019488,0,0,0,40,4882,14.9989,1999.5966796875,,,,,,,,,,,,,0,,,,1.4567326,,,,,,14.8883266,,,,
,44349050.305,14.9236174,1999.5966796875,0.00145333607375775,3.76064114277497E-7,1,0.999253354069792,40.0298881530762,2.00185634788599,20.7400005310774,0.0164586539477447,0.00299536570659767,0.25,9.35884184176531E-6,0.00144561334119389,1.64694793497798E-5,14.9236174,14.9236174,1999.5966796875,1999.5966796875,61.7580325614681,20.7699687788757,6.646428,0,0,0,40,4882,15.0245,1999.5966796875,,,,,,,,,,,,,0,,,,1.4422525,,,,,,14.9236174,,,,
,44349051.045,14.93293765,1999.5966796875,0.00145219144790432,3.17851225083744E-7,1,0.999253354069792,40.0298881530762,2.00176155937442,20.7299999892712,0.0164457683133987,0.00298820083253158,0.25,8.93948292306679E-6,0.00144447678764749,1.60466959077866E-5,14.9236174,14.9422579,1999.5966796875,1999.5966796875,61.483680951218,20.769415814503,6.273368,0,0,0,40,4882,15.03055,1999.5966796875,,,,,,,,,,,,,0,,,,1.44949255,,,,,,14.93293765,,,,
,44349052.225,14.95029975,1999.5966796875,0.00145089057232656,3.22557595224538E-7,1,0.999253354069792,40.0298881530762,2.00182541980821,20.7299999892712,0.0164312551862607,0.00298720759739907,0.25,9.07198790525206E-6,0.00144318205660232,1.61720912035754E-5,14.9422579,14.9583416,1999.5966796875,1999.5966796875,62.4529003150643,20.7697899827288,6.646428,0,0,0,40,4882,15.04715,1999.5966796875,,,,,,,,,,,,,0,,,,1.44949255,,,,,,14.95029975,,,,
,44349053.315,14.96693275,1999.5966796875,0.00145075953871122,3.4613934602638E-7,1,0.999253354069792,40.0298881530762,2.00182353884429,20.7400005310774,0.0164296059571264,0.00298778912538395,0.25,9.14650621745822E-6,0.00144305127699263,1.6245569543386E-5,14.9583416,14.9755239,1999.5966796875,1999.5966796875,61.2030763128142,20.7711970769803,6.646428,0,0,0,40,4882,15.06785,1999.5966796875,,,,,,,,,,,,,0,,,,1.4422525,,,,,,14.96693275,,,,
,44349055.32,15.00214675,1999.5966796875,0.00144845659150796,2.9966556536866E-7,1,0.999253354069792,40.0298881530762,2.00186007526017,20.7299999892712,0.0164039752284794,0.00298214913214227,0.25,9.04831009451603E-6,0.00144076082775148,1.61365446239995E-5,14.9919825,15.012311,1999.5966796875,1999.5966796875,61.7416183625642,20.7706252915401,6.646428,0,0,0,40,4882,15.10345,1999.5966796875,,,,,,,,,,,,,0,,,,1.46404535,,,,,,15.00214675,,,,
,44349056.965,15.0304899,1999.5966796875,0.00144724416302917,2.92393896965196E-7,1,0.999253354069792,40.0298881530762,2.00174034652442,20.7400005310774,0.0163882637656618,0.00298544594199999,0.25,9.56671540098201E-6,0.00143955212836224,1.66462369499614E-5,15.0304899,15.0304899,1999.5966796875,1999.5966796875,61.4907156078911,20.7699124856181,7.019488,0,0,0,40,4882,15.1289,1999.5966796875,,,,,,,,,,,,,0,,,,1.44949255,,,,,,15.0304899,,,,
,44349058.53,15.05774975,1999.5966796875,0.00144514947640187,3.10930909343502E-7,1,0.999253354069792,40.0298881530762,2.00170060320435,20.7299999892712,0.0163641866040229,0.00298133436672686,0.25,9.5763375127228E-6,0.0014374683424681,1.66454871062987E-5,15.0471067,15.0683928,1999.5966796875,1999.5966796875,62.2066873315066,20.7699151344456,7.019488,0,0,0,40,4882,15.16215,1999.5966796875,,,,,,,,,,,,,0,,,,1.4713581,,,,,,15.05774975,,,,
,44349060.105,15.0844431,1999.5966796875,0.001443393528651,3.24343194714502E-7,1,0.999253354069792,40.0298881530762,2.00185632765447,20.7299999892712,0.0163463929297892,0.00297291234642275,0.25,9.12193470117982E-6,0.00143572379462251,1.61848324432429E-5,15.0844431,15.0844431,1999.5966796875,1999.5966796875,61.2452842528526,20.7736327142545,6.646428,0,0,0,40,4882,15.1854,1999.5966796875,,,,,,,,,,,,,0,,,,1.4713581,,,,,,15.0844431,,,,
,44349061.545,15.1053858,1999.5966796875,0.00144222999717824,3.20088624616112E-7,1,0.999253354069792,40.0298881530762,2.00172613362915,20.7400005310774,0.0163326351828636,0.00296786875452745,0.25,8.89733105999684E-6,0.00143456742614308,1.59556819763967E-5,15.1053858,15.1053858,1999.5966796875,1999.5966796875,61.4234955552373,20.7687147120211,7.019488,0,0,0,40,4882,15.2111,1999.5966796875,,,,,,,,,,,,,0,,,,1.4567326,,,,,,15.1053858,,,,
,44349063.235,15.1424856,1999.5966796875,0.00144007932085247,3.06530875558965E-7,1,0.999253354069792,40.0298881530762,2.00182579396279,20.7299999892712,0.0163089152299829,0.00296435821016449,0.25,8.9524220385617E-6,0.00143242768005858,1.59998845349419E-5,15.1424856,15.1424856,1999.5966796875,1999.5966796875,61.6650187676796,20.7690196066616,7.019488,0,0,0,40,4882,15.23955,1999.5966796875,,,,,,,,,,,,,0,,,,1.46404535,,,,,,15.1424856,,,,
,44349063.97,15.15189315,1999.5966796875,0.00143898479728117,2.91276403863285E-7,1,0.999253354069792,40.0298881530762,2.00180519316507,20.7299999892712,0.016296438011564,0.00296162866286355,0.25,8.90615581157864E-6,0.00143133912598219,1.59484699420888E-5,15.1424856,15.1613007,1999.5966796875,1999.5966796875,61.5743498594488,20.7700916541507,6.646428,0,0,0,40,4882,15.25505,1999.5966796875,,,,,,,,,,,,,0,,,,1.46404535,,,,,,15.15189315,,,,
,44349066,15.180315,1999.5966796875,0.0014374291843797,3.68503483801223E-7,1,0.999253354069792,40.0298881530762,2.00182828379641,20.7299999892712,0.0162793732839288,0.0029563201418891,0.25,8.70785103017721E-6,0.00142979258553023,1.57435474586383E-5,15.180315,15.180315,1999.5966796875,1999.5966796875,61.4641402382373,20.7735850457388,6.646428,0,0,0,40,4882,15.289,1999.5966796875,,,,,,,,,,,,,0,,,,1.4713581,,,,,,15.180315,,,,
,44349067.515,15.20788195,1999.5966796875,0.00143615434981196,3.39917199867908E-7,1,0.999253354069792,40.0298881530762,2.00185120925261,20.7299999892712,0.0162652211699683,0.00295310411048415,0.25,8.64490585098855E-6,0.00142852467686956,1.5674652850111E-5,15.196414,15.2193499,1999.5966796875,1999.5966796875,61.730675563295,20.7680029792367,7.019488,0,0,0,40,4882,15.3101,1999.5966796875,,,,,,,,,,,,,0,,,,1.46404535,,,,,,15.20788195,,,,
,44349069.085,15.236021,1999.5966796875,0.00143380754337852,3.41035023198097E-7,1,0.999253354069792,40.0298881530762,2.00181892232656,20.7299999892712,0.0162367347513399,0.00295768136865887,0.25,9.46417076198476E-6,0.00142618611068999,1.6478026376224E-5,15.236021,15.236021,1999.5966796875,1999.5966796875,61.8111833007758,20.7661530325811,6.646428,0,0,0,40,4882,15.3361,1999.5966796875,,,,,,,,,,,,,0,,,,1.4567326,,,,,,15.236021,,,,
,44349069.775,15.2450137,1999.5966796875,0.00143310237294728,3.3820127721921E-7,1,0.999253354069792,40.0298881530762,2.00194711896335,20.7299999892712,0.0162306614329326,0.00295114386081642,0.25,8.99531848690764E-6,0.00142548693666792,1.60081764899895E-5,15.236021,15.2540064,1999.5966796875,1999.5966796875,61.598580343545,20.7699395125278,6.646428,0,0,0,40,4882,15.3492,1999.5966796875,,,,,,,,,,,,,0,,,,1.4567326,,,,,,15.2450137,,,,
,44349071.82,15.28166345,1999.5966796875,0.0014320560454196,3.39869539373461E-7,1,0.999253354069792,40.0298881530762,2.00188471132862,20.7299999892712,0.0162184072527035,0.00294844880062539,0.25,8.94883853198662E-6,0.00142444620728167,1.59567854332016E-5,15.2726088,15.2907181,1999.5966796875,1999.5966796875,61.5649703172181,20.7665574406213,7.019488,0,0,0,40,4882,15.3836,1999.5966796875,,,,,,,,,,,,,0,,,,1.4713581,,,,,,15.28166345,,,,
,44349073.365,15.3064098,1999.5966796875,0.00143026105780377,3.35980180161589E-7,1,0.999253354069792,40.0298881530762,2.0019457693202,20.7299999892712,0.0161983361050912,0.00294604584460697,0.25,9.0441146401464E-6,0.00142266012618722,1.60427137168983E-5,15.3064098,15.3064098,1999.5966796875,1999.5966796875,61.5821661446411,20.7682501301776,7.019488,0,0,0,40,4882,15.405,1999.5966796875,,,,,,,,,,,,,0,,,,1.46404535,,,,,,15.3064098,,,,
,44349074.045,15.31552315,1999.5966796875,0.00142922163316391,4.18219549867198E-7,1,0.999253354069792,40.0298881530762,2.00182458913619,20.7400005310774,0.0161856367879864,0.00294369990657938,0.25,9.03444160928139E-6,0.00142162620117717,1.60279704742566E-5,15.3064098,15.3246365,1999.5966796875,1999.5966796875,61.7588141899873,20.7681204098645,7.019488,0,0,0,40,4882,15.4182,1999.5966796875,,,,,,,,,,,,,0,,,,1.46404535,,,,,,15.31552315,,,,
,44349075.25,15.3333273,1999.5966796875,0.00142818217646228,3.23970092245581E-7,1,0.999253354069792,40.0298881530762,2.00192410343849,20.7299999892712,0.0161749122268298,0.00294008846968887,0.25,8.88590306483799E-6,0.00142059289071533,1.58750948027999E-5,15.3246365,15.3420181,1999.5966796875,1999.5966796875,61.6853411091796,20.7692898735774,7.019488,0,0,0,40,4882,15.43935,1999.5966796875,,,,,,,,,,,,,0,,,,1.4713581,,,,,,15.3333273,,,,
,44349092.41,15.6171751,1999.5966796875,,,2,,,,20.755999986887,,,,,,,15.6171751,15.6171751,1999.5966796875,1999.5966796875,,,6.646428,,,,-99999999,4882,15.729,1999.5966796875,,,,,,,,,,,,,,,,,,,,,,,15.6171751,,,,
touchdown = 14.919999986887 mm,44349106.03,15.8340826,1999.5966796875,0.00139836869617029,3.44890348611217E-7,1,0.999253354069792,40.0298881530762,2.00204747288099,20.7400005310774,0.0158377530877844,0.00288121936239953,0.25,8.90688697709621E-6,0.00139093464553066,1.5749062958081E-5,15.8340826,15.8340826,1999.5966796875,1999.5966796875,61.7377102199681,20.7683339843974,7.019488,0,0,0,40,4882,15.9593,1999.5966796875,,,,,,,,,,,,,0,,,,1.4861304,,,,,,15.8340826,,,,
,44349107.69,15.8762941,1999.5966796875,0.00139790308046293,3.61253987597306E-7,1,0.999253354069792,40.0298881530762,2.00193256818385,20.7400005310774,0.0158321214104505,0.00287719753424195,0.25,8.64773220338731E-6,0.00139047257983773,1.54889817734059E-5,15.8762941,15.8762941,1999.5966796875,1999.5966796875,61.8213444715258,20.7678022906081,6.273368,0,0,0,40,4882,15.9866,1999.5966796875,,,,,,,,,,,,,0,,,,1.4861304,,,,,,15.8762941,,,,
,44349109.175,15.8946972,1999.5966796875,0.0013954602519618,3.18429346875086E-7,1,0.999253354069792,40.0298881530762,2.00193652620206,20.7400005310774,0.0158038155547329,0.00287598518969315,0.25,8.96868707075386E-6,0.00138804099863624,1.57962045537507E-5,15.8946972,15.8946972,1999.5966796875,1999.5966796875,61.219490511718,20.7673889723087,6.646428,0,0,0,40,4882,16.014,1999.5966796875,,,,,,,,,,,,,0,,,,1.5010511,,,,,,15.8946972,,,,
,44349109.955,15.91307115,1999.5966796875,0.00139472817400142,3.20105361872551E-7,1,0.999253354069792,40.0298881530762,2.00201748883962,20.7499992102385,0.0157970189737701,0.00286952899777522,0.25,8.51789094692637E-6,0.00138731492890963,1.53441833251594E-5,15.8946972,15.9314451,1999.5966796875,1999.5966796875,61.8971624378912,20.7688710366868,7.019488,0,0,0,40,4882,16.02495,1999.5966796875,,,,,,,,,,,,,0,,,,1.5010511,,,,,,15.91307115,,,,
,44349112.235,15.9469433,1999.5966796875,0.00139278691560109,3.71880349247178E-7,1,0.999253354069792,40.0298881530762,2.00203063064214,20.7400005310774,0.0157749786579478,0.00286640844174216,0.25,8.58151376992716E-6,0.0013853834660209,1.53979043563248E-5,15.9469433,15.9469433,1999.5966796875,1999.5966796875,61.9768885468527,20.7670244563089,6.646428,0,0,0,40,4882,16.06615,1999.5966796875,,,,,,,,,,,,,0,,,,1.5010511,,,,,,15.9469433,,,,
,44349112.95,15.95856955,1999.5966796875,0.00139164864361833,3.21318377829438E-7,1,0.999253354069792,40.0298881530762,2.00200657405741,20.7499992102385,0.015762423642878,0.00286107748739005,0.25,8.3138386182986E-6,0.00138425247697028,1.51260355131851E-5,15.9469433,15.9701958,1999.5966796875,1999.5966796875,61.4094262418911,20.7660267232937,6.646428,0,0,0,40,4882,16.07725,1999.5966796875,,,,,,,,,,,,,0,,,,1.5010511,,,,,,15.95856955,,,,
,44349114.17,15.97969965,1999.5966796875,0.00139104970139843,3.87912190227986E-7,1,0.999253354069792,40.0298881530762,2.00199351772326,20.7400005310774,0.015754805440055,0.00286402207287614,0.25,8.68015031257269E-6,0.00138365480137758,1.54874593380226E-5,15.9701958,15.9892035,1999.5966796875,1999.5966796875,61.893254295295,20.7660516520933,7.019488,0,0,0,40,4882,16.09385,1999.5966796875,,,,,,,,,,,,,0,,,,1.5010511,,,,,,15.97969965,,,,
,44349115.36,15.99800065,1999.5966796875,0.00138947152244603,3.401178095773E-7,1,0.999253354069792,40.0298881530762,2.00207564202498,20.7499992102385,0.0157378612659248,0.00285908116010318,0.25,8.51127174710379E-6,0.0013820857139328,1.5311697341407E-5,15.9892035,16.0067978,1999.5966796875,1999.5966796875,61.6572024824873,20.7690261699845,7.019488,0,0,0,40,4882,16.1105,1999.5966796875,,,,,,,,,,,,,0,,,,1.5010511,,,,,,15.99800065,,,,
,44349117.395,16.0409279,1999.5966796875,0.00138777871724971,2.87925798933194E-7,1,0.999253354069792,40.0298881530762,2.00203307147491,20.7400005310774,0.0157183582494906,0.00285559082838355,0.25,8.50541204238267E-6,0.00138040169291016,1.52975266585067E-5,16.0409279,16.0409279,1999.5966796875,1999.5966796875,61.5540275179488,20.7683151470058,7.019488,0,0,0,40,4882,16.1494,1999.5966796875,,,,,,,,,,,,,0,,,,1.5085863,,,,,,16.0409279,,,,
,44349119.02,16.056942,1999.5966796875,0.00138642068096692,3.88527758337302E-7,1,0.999253354069792,40.0298881530762,2.00201228633672,20.7400005310774,0.015702963780714,0.00285195204979007,0.25,8.42511773413095E-6,0.00137905115847179,1.52109654163126E-5,16.056942,16.056942,1999.5966796875,1999.5966796875,61.8346321563527,20.7702775518171,6.646428,0,0,0,40,4882,16.1745,1999.5966796875,,,,,,,,,,,,,0,,,,1.5010511,,,,,,16.056942,,,,
,44349120.86,16.0972958,1999.5966796875,0.00138485475329215,2.94503592470629E-7,1,0.999253354069792,40.0298881530762,2.00191697321322,20.7400005310774,0.0156834472339125,0.00285468764410655,0.25,8.95241849092488E-6,0.00137749072902891,1.57277622839721E-5,16.0972958,16.0972958,1999.5966796875,1999.5966796875,61.5000951501219,20.7671833867317,6.646428,0,0,0,40,4882,16.2025,1999.5966796875,,,,,,,,,,,,,0,,,,1.5161215,,,,,,16.0972958,,,,
,44349122.54,16.1148605,1999.5966796875,0.00138369379420363,3.67680297051958E-7,1,0.999253354069792,40.0298881530762,2.00188635734089,20.7400005310774,0.0156704943694543,0.00284983420550083,0.25,8.73159115060841E-6,0.00137633691555124,1.55023816689534E-5,16.1148605,16.1148605,1999.5966796875,1999.5966796875,61.6736166813911,20.7668260184025,6.646428,0,0,0,40,4882,16.2308,1999.5966796875,,,,,,,,,,,,,0,,,,1.5010511,,,,,,16.1148605,,,,
,44349124.09,16.1516666,1999.5966796875,0.00138181338272289,3.11055554795706E-7,1,0.999253354069792,40.0298881530762,2.00186211410871,20.7400005310774,0.015649744033752,0.00284177696584901,0.25,8.35357754555652E-6,0.001374468140536,1.51171002458567E-5,16.1516666,16.1516666,1999.5966796875,1999.5966796875,61.6892492517758,20.766439616334,6.273368,0,0,0,40,4882,16.2589,1999.5966796875,,,,,,,,,,,,,0,,,,1.5085863,,,,,,16.1516666,,,,
,44349124.865,16.15938375,1999.5966796875,0.00138062916990463,3.007479924628E-7,1,0.999253354069792,40.0298881530762,2.00196418932427,20.7400005310774,0.0156360406191188,0.00284547026845389,0.25,8.87480585323479E-6,0.0013732875847357,1.56297388388217E-5,16.1516666,16.1671009,1999.5966796875,1999.5966796875,61.8166547004104,20.7690244502613,6.646428,0,0,0,40,4882,16.2702,1999.5966796875,,,,,,,,,,,,,0,,,,1.5161215,,,,,,16.15938375,,,,
,44349126.155,16.17731475,1999.5966796875,0.00137970971615521,3.51877675152745E-7,1,0.999253354069792,40.0298881530762,2.00193938050153,20.7499992102385,0.0156259777529694,0.00284048736148802,0.25,8.59951766029125E-6,0.00137237426675434,1.53513750837143E-5,16.1671009,16.1875286,1999.5966796875,1999.5966796875,61.4961870075257,20.7678834310559,7.019488,0,0,0,40,4882,16.29285,1999.5966796875,,,,,,,,,,,,,0,,,,1.5085863,,,,,,16.17731475,,,,
,44349128.26,16.2190361,1999.5966796875,0.00137801627288069,3.58276929614185E-7,1,0.999253354069792,40.0298881530762,2.00191999160868,20.7400005310774,0.0156064392521994,0.00283819046190345,0.25,8.69621807076811E-6,0.00137068911075748,1.54392192630394E-5,16.2190361,16.2190361,1999.5966796875,1999.5966796875,62.0433269709873,20.7667857390707,6.646428,0,0,0,40,4882,16.327,1999.5966796875,,,,,,,,,,,,,0,,,,1.5010511,,,,,,16.2190361,,,,
,44349128.955,16.22903635,1999.5966796875,0.001377187798896,4.35070710707106E-7,1,0.999253354069792,40.0298881530762,2.00195891343036,20.7499992102385,0.015597132985428,0.00283774458521467,0.25,8.797537262922E-6,0.00136986447192495,1.55359207804352E-5,16.2190361,16.2390366,1999.5966796875,1999.5966796875,61.7369285914488,20.76706755368,6.646428,0,0,0,40,4882,16.33555,1999.5966796875,,,,,,,,,,,,,0,,,,1.5085863,,,,,,16.22903635,,,,
,44349131.005,16.2570362,1999.5966796875,0.00137543310581912,2.8775044994357E-7,1,0.999253354069792,40.0298881530762,2.00187674563602,20.7400005310774,0.0155769627702865,0.00283223517050056,0.25,8.62908446386416E-6,0.00136811975804082,1.53597123109734E-5,16.2570362,16.2570362,1999.5966796875,1999.5966796875,61.9370254923719,20.7715080309548,6.646428,0,0,0,40,4882,16.3727,1999.5966796875,,,,,,,,,,,,,0,,,,1.5161215,,,,,,16.2570362,,,,
,44349131.775,16.27496815,1999.5966796875,0.00137434616317031,3.16493686283143E-7,1,0.999253354069792,40.0298881530762,2.0018781065551,20.7400005310774,0.0155640765690466,0.00283333821028565,0.25,8.91682137801821E-6,0.0013670370627047,1.56405723011691E-5,16.2570362,16.2929001,1999.5966796875,1999.5966796875,61.8104016722565,20.7659723117729,7.019488,0,0,0,40,4882,16.38505,1999.5966796875,,,,,,,,,,,,,0,,,,1.5085863,,,,,,16.27496815,,,,
,44349133.905,16.307869,1999.5966796875,0.0013731883747219,3.57746941612056E-7,1,0.999253354069792,40.0298881530762,2.00186551395259,20.7400005310774,0.0155511995259878,0.00282905533578639,0.25,8.74360151519203E-6,0.00136588609937471,1.54625624540327E-5,16.307869,16.307869,1999.5966796875,1999.5966796875,61.6650187676796,20.7675430259623,6.646428,0,0,0,40,4882,16.4216,1999.5966796875,,,,,,,,,,,,,0,,,,1.5161215,,,,,,16.307869,,,,
,44349134.64,16.31752875,1999.5966796875,0.0013715928511342,3.11889781389384E-7,1,0.999253354069792,40.0298881530762,2.00190187583267,20.7400005310774,0.0155332419474237,0.00282671041091048,0.25,8.81224077587364E-6,0.00136429862850614,1.55229778194855E-5,16.307869,16.3271885,1999.5966796875,1999.5966796875,61.7009736795642,20.769815762435,7.019488,0,0,0,40,4882,16.434,1999.5966796875,,,,,,,,,,,,,0,,,,1.52373235,,,,,,16.31752875,,,,
,44349135.925,16.34404375,1999.5966796875,0.00137134820576061,3.65172378873657E-7,1,0.999253354069792,40.0298881530762,2.00197330426165,20.7400005310774,0.0155308406367917,0.00282719770002869,0.25,8.88966740736486E-6,0.00136405477496114,1.55987884935093E-5,16.3271885,16.360899,1999.5966796875,1999.5966796875,61.7377102199681,20.76678731469,6.273368,0,0,0,40,4882,16.4583,1999.5966796875,,,,,,,,,,,,,0,,,,1.5313432,,,,,,16.34404375,,,,
,44349137.19,16.37024025,1999.5966796875,0.00137003623051892,2.82102716793945E-7,1,0.999253354069792,40.0298881530762,2.00197269404231,20.7499992102385,0.0155172074976219,0.00281747070511241,0.25,8.26191210654873E-6,0.00136275270948534,1.49678869102989E-5,16.360899,16.3795815,1999.5966796875,1999.5966796875,61.5821661446411,20.7660003282372,7.019488,0,0,0,40,4882,16.48065,1999.5966796875,,,,,,,,,,,,,0,,,,1.5313432,,,,,,16.37024025,,,,
,44349139.3,16.3969555,1999.5966796875,0.001368146306967,3.45442386253483E-7,1,0.999253354069792,40.0298881530762,2.00189438791671,20.7499992102385,0.0154935445290833,0.00282305342924316,0.25,9.09498967233085E-6,0.00136086855177975,1.57872479914731E-5,16.3969555,16.3969555,1999.5966796875,1999.5966796875,61.6767431954681,20.7658539997735,6.646428,0,0,0,40,4882,16.515,1999.5966796875,,,,,,,,,,,,,0,,,,1.5313432,,,,,,16.3969555,,,,
,44349141.115,16.4351826,1999.5966796875,0.001366523596483,3.10788195912671E-7,1,0.999253354069792,40.0298881530762,2.00201353924053,20.7400005310774,0.015476858262718,0.00281521723796936,0.25,8.6743246529636E-6,0.0013592563189199,1.53608104483448E-5,16.4351826,16.4351826,1999.5966796875,1999.5966796875,61.6056150002181,20.7653399828853,6.646428,0,0,0,40,4882,16.5454,1999.5966796875,,,,,,,,,,,,,0,,,,1.5161215,,,,,,16.4351826,,,,
,44349141.865,16.44384385,1999.5966796875,0.00136538263574244,2.60018964585391E-7,1,0.999253354069792,40.0298881530762,2.00205405280545,20.7400005310774,0.0154635548484054,0.00281679188999601,0.25,9.00848840371122E-6,0.00135811970454884,1.56875860037796E-5,16.4351826,16.4525051,1999.5966796875,1999.5966796875,61.5821661446411,20.7659055474949,6.646428,0,0,0,40,4882,16.5577,1999.5966796875,,,,,,,,,,,,,0,,,,1.52373235,,,,,,16.44384385,,,,
,44349143.86,16.4697685,1999.5966796875,0.00136353170636911,2.82488261493622E-7,1,0.999253354069792,40.0298881530762,2.00211326990855,20.7499992102385,0.0154433681346823,0.00281110069883333,0.25,8.82415129704897E-6,0.00135627935105474,1.54951032812116E-5,16.4697685,16.4697685,1999.5966796875,1999.5966796875,61.5876375442758,20.7652173575557,7.019488,0,0,0,40,4882,16.59005,1999.5966796875,,,,,,,,,,,,,0,,,,1.52373235,,,,,,16.4697685,,,,
,44349145.4,16.5037746,1999.5966796875,0.00136287075221608,3.63552195459368E-7,1,0.999253354069792,40.0298881530762,2.00210505807672,20.7499992102385,0.0154353265595387,0.00281254143513921,0.25,9.06810736804954E-6,0.00135562053458115,1.57345115078926E-5,16.5037746,16.5037746,1999.5966796875,1999.5966796875,61.7166062499488,20.7626248337333,6.646428,0,0,0,40,4882,16.61425,1999.5966796875,,,,,,,,,,,,,0,,,,1.5313432,,,,,,16.5037746,,,,
,44349146.135,16.5139408,1999.5966796875,0.00136186848600084,3.09330822454133E-7,1,0.999253354069792,40.0298881530762,2.00227102106411,20.7400005310774,0.0154256164639862,0.00280827613315376,0.25,8.8481440406171E-6,0.00135462460471724,1.55107728175404E-5,16.5037746,16.524107,1999.5966796875,1999.5966796875,61.7447448766412,20.7647589013561,6.646428,0,0,0,40,4882,16.62905,1999.5966796875,,,,,,,,,,,,,0,,,,1.52373235,,,,,,16.5139408,,,,
,44349147.33,16.5331631,1999.5966796875,0.0013600472347542,3.36372436135644E-7,1,0.999253354069792,40.0298881530762,2.00221959589232,20.7400005310774,0.0154049113165978,0.00280273186625503,0.25,8.68463426554436E-6,0.00135281370049764,1.53391539221764E-5,16.524107,16.5422192,1999.5966796875,1999.5966796875,61.6704901673142,20.7635237421652,6.273368,0,0,0,40,4882,16.65005,1999.5966796875,,,,,,,,,,,,,0,,,,1.5161215,,,,,,16.5331631,,,,
,44349148.57,16.55112555,1999.5966796875,0.00135895690982099,3.38457503662283E-7,1,0.999253354069792,40.0298881530762,2.00216747984421,20.7400005310774,0.0153932648992658,0.00279422257311291,0.25,8.13152871062486E-6,0.00135173178328472,1.47836001960538E-5,16.5422192,16.5600319,1999.5966796875,1999.5966796875,61.7158246214296,20.768076902775,7.019488,0,0,0,40,4882,16.66855,1999.5966796875,,,,,,,,,,,,,0,,,,1.52373235,,,,,,16.55112555,,,,
,44349150.885,16.5934124,1999.5966796875,0.00135860793997292,3.53442854134915E-7,1,0.999253354069792,40.0298881530762,2.00226096562735,20.7499992102385,0.0153891080872432,0.00279868181893045,0.25,8.57504161881725E-6,0.00135138228025188,1.52230467478852E-5,16.5934124,16.5934124,1999.5966796875,1999.5966796875,61.6908125088142,20.7669730361469,6.646428,0,0,0,40,4882,16.70355,1999.5966796875,,,,,,,,,,,,,0,,,,1.5313432,,,,,,16.5934124,,,,
,44349152.345,16.6093273,1999.5966796875,0.00135630650467183,3.58004578883808E-7,1,0.999253354069792,40.0298881530762,2.0022101665891,20.7400005310774,0.015362667982478,0.00279387027475284,0.25,8.56024959844964E-6,0.00134909301351679,1.51969938223871E-5,16.6093273,16.6093273,1999.5966796875,1999.5966796875,61.7478713907181,20.7641495736865,6.646428,0,0,0,40,4882,16.7291,1999.5966796875,,,,,,,,,,,,,0,,,,1.5313432,,,,,,16.6093273,,,,
,44349153.83,16.6450481,1999.5966796875,0.00135626432397649,3.45602038691264E-7,1,0.999253354069792,40.0298881530762,2.00221759375133,20.7499992102385,0.0153623803698841,0.00279300729790859,0.25,8.49070134161296E-6,0.00134905123484367,1.51276036509206E-5,16.6450481,16.6450481,1999.5966796875,1999.5966796875,61.5258888912565,20.7670770226504,7.019488,0,0,0,40,4882,16.7523,1999.5966796875,,,,,,,,,,,,,0,,,,1.5390305,,,,,,16.6450481,,,,
,44349155.33,16.6618938,1999.5966796875,0.00135432754047531,2.87653261487254E-7,1,0.999253354069792,40.0298881530762,2.00209273671269,20.7400005310774,0.015340422085866,0.00278376880575725,0.25,8.03018395854393E-6,0.00134712688367662,1.46599786234553E-5,16.6618938,16.6618938,1999.5966796875,1999.5966796875,61.4657034952757,20.767160458645,7.019488,0,0,0,40,4882,16.7752,1999.5966796875,,,,,,,,,,,,,0,,,,1.5313432,,,,,,16.6618938,,,,
,44349156.06,16.6787853,1999.5966796875,0.00135361321662836,2.52897228660003E-7,1,0.999253354069792,40.0298881530762,2.002217004387,20.7499992102385,0.0153323902889696,0.00278728991659211,0.25,8.45146200745221E-6,0.0013464141839003,1.50755090687081E-5,16.6618938,16.6956768,1999.5966796875,1999.5966796875,61.5337051764488,20.7668882316159,6.646428,0,0,0,40,4882,16.7895,1999.5966796875,,,,,,,,,,,,,0,,,,1.5313432,,,,,,16.6787853,,,,
,44349158.47,16.7126617,1999.5966796875,0.00135189470433762,3.04213245442652E-7,1,0.999253354069792,40.0298881530762,2.00222040685729,20.7400005310774,0.0153133858474725,0.002781256664116,0.25,8.22037180169152E-6,0.00134470574143918,1.48371726113285E-5,16.7126617,16.7126617,1999.5966796875,1999.5966796875,61.9143582653143,20.7660577992687,6.646428,0,0,0,40,4882,16.8298,1999.5966796875,,,,,,,,,,,,,0,,,,1.5390305,,,,,,16.7126617,,,,
,44349159.13,16.7228956,1999.5966796875,0.0013514215234615,3.14237355668319E-7,1,0.999253354069792,40.0298881530762,2.00203772077195,20.7499992102385,0.0153057167698692,0.00278562198329068,0.25,8.70966690402984E-6,0.00134423260500867,1.53215487323143E-5,16.7126617,16.7331295,1999.5966796875,1999.5966796875,61.7877344451988,20.7673671092549,6.646428,0,0,0,40,4882,16.8442,1999.5966796875,,,,,,,,,,,,,0,,,,1.5390305,,,,,,16.7228956,,,,
,44349161.315,16.76131725,1999.5966796875,0.00134949471191553,3.00542723169446E-7,1,0.999253354069792,40.0298881530762,2.00211901387748,20.7499992102385,0.0152849487782264,0.00277910346997731,0.25,8.46318162924046E-6,0.00134231701965799,1.50668721693696E-5,16.7516594,16.7709751,1999.5966796875,1999.5966796875,61.6423515406219,20.7652371210462,7.019488,0,0,0,40,4882,16.87915,1999.5966796875,,,,,,,,,,,,,0,,,,1.5313432,,,,,,16.76131725,,,,
,44349162.025,16.78062915,1999.5966796875,0.00134787758274934,3.04676899003222E-7,1,0.999253354069792,40.0298881530762,2.00209729705793,20.7400005310774,0.0152665602942196,0.00277525094682616,0.25,8.4095251286284E-6,0.00134070861716372,1.50055314288325E-5,16.7709751,16.7902832,1999.5966796875,1999.5966796875,61.300779877718,20.7677932526501,6.646428,0,0,0,40,4882,16.8908,1999.5966796875,,,,,,,,,,,,,0,,,,1.5313432,,,,,,16.78062915,,,,
,44349163.25,16.79871845,1999.5966796875,0.00134732483795379,3.35153541561196E-7,1,0.999253354069792,40.0298881530762,2.00218500585703,20.7499992102385,0.0152607433828544,0.00277532349371881,0.25,8.50265037393788E-6,0.00134015825312125,1.50954401303517E-5,16.7902832,16.8071537,1999.5966796875,1999.5966796875,61.2726412510257,20.7644444567215,7.019488,0,0,0,40,4882,16.91405,1999.5966796875,,,,,,,,,,,,,0,,,,1.5390305,,,,,,16.79871845,,,,
,44349165.285,16.8253536,1999.5966796875,0.00134686164815526,3.07700524625314E-7,1,0.999253354069792,40.0298881530762,2.00204055021617,20.7400005310774,0.0152543709172043,0.00277461460105925,0.25,8.5381892096931E-6,0.00133969721470278,1.51285076895936E-5,16.8253536,16.8253536,1999.5966796875,1999.5966796875,61.7463081336796,20.7655503863189,7.019488,0,0,0,40,4882,16.9495,1999.5966796875,,,,,,,,,,,,,0,,,,1.5313432,,,,,,16.8253536,,,,
,44349166.86,16.8607922,1999.5966796875,0.00134481202175614,2.92448403617155E-7,1,0.999253354069792,40.0298881530762,2.00209201322754,20.7499992102385,0.0152314650488641,0.00277081940790698,0.25,8.55691722808914E-6,0.00133765817106231,1.51370370988749E-5,16.8607922,16.8607922,1999.5966796875,1999.5966796875,61.6165577994873,20.7640652264507,6.646428,0,0,0,40,4882,16.973,1999.5966796875,,,,,,,,,,,,,0,,,,1.5390305,,,,,,16.8607922,,,,
,44349168.515,16.8779011,1999.5966796875,0.00134333098929818,3.17432901108437E-7,1,0.999253354069792,40.0298881530762,2.0020649289447,20.7400005310774,0.015214049647763,0.00277026523384656,0.25,8.77090141343023E-6,0.00133618383737133,1.53425922990872E-5,16.8779011,16.8779011,1999.5966796875,1999.5966796875,61.3914487859488,20.7672652116985,6.646428,0,0,0,40,4882,17.00225,1999.5966796875,,,,,,,,,,,,,0,,,,1.5390305,,,,,,16.8779011,,,,
,44349170.115,16.9150143,1999.5966796875,0.00134157552890367,2.45164829541824E-7,1,0.999253354069792,40.0298881530762,2.00199511636654,20.7400005310774,0.0151941856213123,0.00276356357581903,0.25,8.49579548928319E-6,0.00133443884406238,1.50602908042161E-5,16.9150143,16.9150143,1999.5966796875,1999.5966796875,61.4977502645642,20.7661145755253,7.019488,0,0,0,40,4882,17.0318,1999.5966796875,,,,,,,,,,,,,0,,,,1.5467178,,,,,,16.9150143,,,,
,44349170.84,16.9238167,1999.5966796875,0.00134059091478816,3.21886393080193E-7,1,0.999253354069792,40.0298881530762,2.00204622269252,20.7499992102385,0.0151841621028235,0.00275727265179844,0.25,8.10769916363523E-6,0.00133346130825657,1.46693956371293E-5,16.9150143,16.9326191,1999.5966796875,1999.5966796875,61.5915456868719,20.7688072884211,7.019488,0,0,0,40,4882,17.0437,1999.5966796875,,,,,,,,,,,,,0,,,,1.5390305,,,,,,16.9238167,,,,
,44349172.07,16.94021225,1999.5966796875,0.00133931420036021,2.71372782686869E-7,1,0.999253354069792,40.0298881530762,2.00211042142397,20.7499992102385,0.0151695908592161,0.00275799825962304,0.25,8.38815002477568E-6,0.00133218988810019,1.49420726144105E-5,16.9326191,16.9478054,1999.5966796875,1999.5966796875,61.5438663471988,20.765801014815,7.019488,0,0,0,40,4882,17.06165,1999.5966796875,,,,,,,,,,,,,0,,,,1.5390305,,,,,,16.94021225,,,,
,44349174.29,16.9857388,1999.5966796875,0.00133786110642999,4.06747326990597E-7,1,0.999253354069792,40.0298881530762,2.00199238836989,20.7499992102385,0.0151519454537474,0.00275675533820902,0.25,8.54702049302629E-6,0.00133074348514488,1.50929416675061E-5,16.9857388,16.9857388,1999.5966796875,1999.5966796875,61.7259857921796,20.7649656433704,6.646428,0,0,0,40,4882,17.0973,1999.5966796875,,,,,,,,,,,,,0,,,,1.5467178,,,,,,16.9857388,,,,
,44349175.01,16.99386025,1999.5966796875,0.00133673222457898,2.72204021077615E-7,1,0.999253354069792,40.0298881530762,2.00210186563288,20.7400005310774,0.0151409311009536,0.00274896755207269,0.25,8.04548683761816E-6,0.00132962300675385,1.45884984836356E-5,16.9857388,17.0019817,1999.5966796875,1999.5966796875,61.801803758545,20.7663772875721,6.646428,0,0,0,40,4882,17.10925,1999.5966796875,,,,,,,,,,,,,0,,,,1.5467178,,,,,,16.99386025,,,,
,44349176.21,17.0095434,1999.5966796875,0.00133615198505319,2.81724992606724E-7,1,0.999253354069792,40.0298881530762,2.00208082736676,20.7499992102385,0.0151338323058188,0.0027498809448742,0.25,8.23022575748447E-6,0.0013290448529866,1.47694009494748E-5,17.0019817,17.0171051,1999.5966796875,1999.5966796875,61.4188057841219,20.7679646944609,7.019488,0,0,0,40,4882,17.1272,1999.5966796875,,,,,,,,,,,,,0,,,,1.5467178,,,,,,17.0095434,,,,
,44349177.49,17.03382205,1999.5966796875,0.00133484068315535,3.32693940398858E-7,1,0.999253354069792,40.0298881530762,2.0020948878861,20.7400005310774,0.0151191434761446,0.00274683702847173,0.25,8.19010641075888E-6,0.00132774057111298,1.47230322574858E-5,17.0171051,17.050539,1999.5966796875,1999.5966796875,61.5766947450065,20.7704591749509,6.646428,0,0,0,40,4882,17.15105,1999.5966796875,,,,,,,,,,,,,0,,,,1.5467178,,,,,,17.03382205,,,,
,44349178.765,17.0594778,1999.5966796875,0.00133352092519385,2.74530850131829E-7,1,0.999253354069792,40.0298881530762,2.00207501311439,20.7499992102385,0.015104217250517,0.0027431470374401,0.25,8.09840074055524E-6,0.00132642812565385,1.46253083535591E-5,17.050539,17.0684166,1999.5966796875,1999.5966796875,61.6626738821219,20.7683725908591,6.646428,0,0,0,40,4882,17.17515,1999.5966796875,,,,,,,,,,,,,0,,,,1.55448225,,,,,,17.0594778,,,,
,44349179.955,17.07771685,1999.5966796875,0.00133283172831367,3.07723895279841E-7,1,0.999253354069792,40.0298881530762,2.00199899220913,20.7400005310774,0.0150956467964112,0.00274286955333836,0.25,8.2035410539429E-6,0.00132574197100543,1.47264962386226E-5,17.0684166,17.0870171,1999.5966796875,1999.5966796875,61.7291123062565,20.7673404503988,7.019488,0,0,0,40,4882,17.19345,1999.5966796875,,,,,,,,,,,,,0,,,,1.55448225,,,,,,17.07771685,,,,
,44349182.095,17.1058254,1999.5966796875,0.00133127232793838,3.42620446428271E-7,1,0.999253354069792,40.0298881530762,2.00198708383812,20.7499992102385,0.0150773384760286,0.00274283631309941,0.25,8.4754418254623E-6,0.00132418934783274,1.49892748868969E-5,17.1058254,17.1058254,1999.5966796875,1999.5966796875,61.9002889519681,20.7713100760999,6.646428,0,0,0,40,4882,17.2239,1999.5966796875,,,,,,,,,,,,,0,,,,1.5467178,,,,,,17.1058254,,,,
,44349183.635,17.13221265,1999.5966796875,0.00133056472540919,3.33802121598105E-7,1,0.999253354069792,40.0298881530762,2.00199603624142,20.7499992102385,0.0150697717755152,0.00273919714654719,0.25,8.2775463441461E-6,0.00132348633975738,1.47889386359798E-5,17.1221237,17.1423016,1999.5966796875,1999.5966796875,61.5415214616411,20.7657798565932,6.646428,0,0,0,40,4882,17.2516,1999.5966796875,,,,,,,,,,,,,0,,,,1.55448225,,,,,,17.13221265,,,,
,44349185.27,17.1612206,1999.5966796875,0.00133014210979157,3.52033453787287E-7,1,0.999253354069792,40.0298881530762,2.0020077179842,20.7400005310774,0.0150645249774807,0.00274122939059298,0.25,8.53363673838999E-6,0.00132306149851408,1.50380717089812E-5,17.1612206,17.1612206,1999.5966796875,1999.5966796875,61.7470897621988,20.7683549709002,7.019488,0,0,0,40,4882,17.27895,1999.5966796875,,,,,,,,,,,,,0,,,,1.5467178,,,,,,17.1612206,,,,
,44349186.865,17.1762581,1999.5966796875,0.00132805969637101,3.1620445387825E-7,1,0.999253354069792,40.0298881530762,2.00205181567484,20.7400005310774,0.0150422884921276,0.00273110335287327,0.25,8.00064284562352E-6,0.00132099266615982,1.44976523644714E-5,17.1762581,17.1762581,1999.5966796875,1999.5966796875,61.8823114960258,20.7684692857987,6.273368,0,0,0,40,4882,17.3065,1999.5966796875,,,,,,,,,,,,,0,,,,1.5467178,,,,,,17.1762581,,,,
,44349188.485,17.2146797,1999.5966796875,0.00132634772728557,2.88758699957173E-7,1,0.999253354069792,40.0298881530762,2.00202488499041,20.7499992102385,0.0150219180922067,0.0027320267596932,0.25,8.38537008508468E-6,0.00131928769610472,1.48719280181298E-5,17.2146797,17.2146797,1999.5966796875,1999.5966796875,61.7384918484873,20.7658499071624,6.273368,0,0,0,40,4882,17.33405,1999.5966796875,,,,,,,,,,,,,0,,,,1.5467178,,,,,,17.2146797,,,,
,44349190.04,17.2310848,1999.5966796875,0.00132506813787388,3.64864854789293E-7,1,0.999253354069792,40.0298881530762,2.0020413197159,20.7499992102385,0.0150078847431491,0.00272746008798241,0.25,8.20508263545302E-6,0.00131801570991243,1.46863171425851E-5,17.2310848,17.2310848,1999.5966796875,1999.5966796875,61.6767431954681,20.767523255662,6.646428,0,0,0,40,4882,17.3624,1999.5966796875,,,,,,,,,,,,,0,,,,1.5467178,,,,,,17.2310848,,,,
,44349191.545,17.2659225,1999.5966796875,0.0013236507193454,3.04004780105582E-7,1,0.999253354069792,40.0298881530762,2.00196467105337,20.7400005310774,0.0149911367604826,0.00272527520036611,0.25,8.26968531488328E-6,0.00131660533455658,1.47436240177497E-5,17.2659225,17.2659225,1999.5966796875,1999.5966796875,61.7236409066219,20.7670306089297,7.019488,0,0,0,40,4882,17.3871,1999.5966796875,,,,,,,,,,,,,0,,,,1.5622467,,,,,,17.2659225,,,,
,44349193.075,17.28578,1999.5966796875,0.001322258437444,2.49871217386112E-7,1,0.999253354069792,40.0298881530762,2.00199921823252,20.7400005310774,0.0149752841856014,0.00272433271920005,0.25,8.42671589984233E-6,0.001315219586219,1.48930037289616E-5,17.28578,17.28578,1999.5966796875,1999.5966796875,61.7666304751796,20.7654041717373,7.019488,0,0,0,40,4882,17.4143,1999.5966796875,,,,,,,,,,,,,0,,,,1.5622467,,,,,,17.28578,,,,
,44349194.75,17.3203011,1999.5966796875,0.00132148311513889,3.0834707304857E-7,1,0.999253354069792,40.0298881530762,2.00197209046457,20.7400005310774,0.0149665190408791,0.00272150047850879,0.25,8.31594256375518E-6,0.00131444879063785,1.47790434332026E-5,17.3203011,17.3203011,1999.5966796875,1999.5966796875,61.9174847793912,20.7665706141222,6.646428,0,0,0,40,4882,17.4429,1999.5966796875,,,,,,,,,,,,,0,,,,1.5622467,,,,,,17.3203011,,,,
,44349195.44,17.33009915,1999.5966796875,0.00131984619724967,3.37343479010347E-7,1,0.999253354069792,40.0298881530762,2.00204320585667,20.7499992102385,0.0149487900151131,0.00271648412579912,0.25,8.15241290065416E-6,0.00131282131336174,1.46083398332823E-5,17.3203011,17.3398972,1999.5966796875,1999.5966796875,61.557935660545,20.7686758395623,6.646428,0,0,0,40,4882,17.45475,1999.5966796875,,,,,,,,,,,,,0,,,,1.5622467,,,,,,17.33009915,,,,
,44349196.68,17.3475466,1999.5966796875,0.00131863579524613,2.79722567793435E-7,1,0.999253354069792,40.0298881530762,2.00206103835806,20.7400005310774,0.0149351559753507,0.0027143066907168,0.25,8.1705476916739E-6,0.00131161718205901,1.46204594037861E-5,17.3398972,17.355196,1999.5966796875,1999.5966796875,61.771320246295,20.7676066225043,6.646428,0,0,0,40,4882,17.47595,1999.5966796875,,,,,,,,,,,,,0,,,,1.5622467,,,,,,17.3475466,,,,
,44349197.905,17.37277315,1999.5966796875,0.001318642847346,2.96831582842184E-7,1,0.999253354069792,40.0298881530762,2.00203307459017,20.7400005310774,0.0149350968013925,0.00271393946640697,0.25,8.14008414022263E-6,0.00131162426222978,1.45902296099652E-5,17.355196,17.3903503,1999.5966796875,1999.5966796875,61.8674605541604,20.7655731303027,6.646428,0,0,0,40,4882,17.49405,1999.5966796875,,,,,,,,,,,,,0,,,,1.55448225,,,,,,17.37277315,,,,
,44349199.905,17.4095249,1999.5966796875,0.00131745694215349,3.23356259410855E-7,1,0.999253354069792,40.0298881530762,2.00208398805502,20.7400005310774,0.0149217333573294,0.00271322900423039,0.25,8.27951517453939E-6,0.00131044384036262,1.47231582020487E-5,17.4095249,17.4095249,1999.5966796875,1999.5966796875,61.4938421219681,20.7681839711973,6.646428,0,0,0,40,4882,17.5261,1999.5966796875,,,,,,,,,,,,,0,,,,1.5779315,,,,,,17.4095249,,,,
,44349200.615,17.41764355,1999.5966796875,0.00131578769339,2.68728883213252E-7,1,0.999253354069792,40.0298881530762,2.00200818014784,20.7400005310774,0.0149021191757572,0.00271066505831371,0.25,8.35469386693972E-6,0.00130878303278536,1.47897366857662E-5,17.4095249,17.4257622,1999.5966796875,1999.5966796875,61.341424560718,20.7656571946359,6.646428,0,0,0,40,4882,17.533,1999.5966796875,,,,,,,,,,,,,0,,,,1.5700891,,,,,,17.41764355,,,,
,44349202.64,17.4445534,1999.5966796875,0.00131532626827337,3.28554007705448E-7,1,0.999253354069792,40.0298881530762,2.00199059742873,20.7499992102385,0.0148970411101623,0.00270813532020927,0.25,8.21439318820497E-6,0.00130832470036388,1.46480045981753E-5,17.4445534,17.4445534,1999.5966796875,1999.5966796875,61.5258888912565,20.7682944938759,6.646428,0,0,0,40,4882,17.5687,1999.5966796875,,,,,,,,,,,,,0,,,,1.5622467,,,,,,17.4445534,,,,
,44349204.51,17.4796867,1999.5966796875,0.00131289540932889,2.64086491305719E-7,1,0.999253354069792,40.0298881530762,2.0019872173069,20.7400005310774,0.0148693038077223,0.00270416018800106,0.25,8.29032046865917E-6,0.00130590626447735,1.47116703043766E-5,17.4796867,17.4796867,1999.5966796875,1999.5966796875,61.9120133797566,20.7663170572016,7.019488,0,0,0,40,4882,17.6046,1999.5966796875,,,,,,,,,,,,,0,,,,1.5779315,,,,,,17.4796867,,,,
,44349205.14,17.48992535,1999.5966796875,0.00131285035444758,3.39141044169605E-7,1,0.999253354069792,40.0298881530762,2.00197482285381,20.7499992102385,0.0148685128875699,0.00270515117000332,0.25,8.38699174359529E-6,0.0013058609590277,1.48076482476625E-5,17.4796867,17.500164,1999.5966796875,1999.5966796875,61.4320934689488,20.7666613706058,6.646428,0,0,0,40,4882,17.6167,1999.5966796875,,,,,,,,,,,,,0,,,,1.5700891,,,,,,17.48992535,,,,
,44349206.32,17.509613,1999.5966796875,0.00131174167991317,3.18994415837366E-7,1,0.999253354069792,40.0298881530762,2.00190133412766,20.7400005310774,0.0148551659021599,0.00270431810894612,0.25,8.51620064088476E-6,0.00130475747805212,1.49307763272225E-5,17.500164,17.519062,1999.5966796875,1999.5966796875,62.1003858528912,20.7671962174058,6.646428,0,0,0,40,4882,17.63485,1999.5966796875,,,,,,,,,,,,,0,,,,1.5700891,,,,,,17.509613,,,,
,44349207.555,17.52663515,1999.5966796875,0.00131075916980559,3.17926506982922E-7,1,0.999253354069792,40.0298881530762,2.00189036119544,20.7499992102385,0.0148442744179041,0.00270049367853024,0.25,8.35233958104439E-6,0.00130378095281658,1.47630105758685E-5,17.519062,17.5342083,1999.5966796875,1999.5966796875,61.7806997885258,20.7671474583073,6.646428,0,0,0,40,4882,17.65315,1999.5966796875,,,,,,,,,,,,,0,,,,1.5700891,,,,,,17.52663515,,,,
,44349209.735,17.5685158,1999.5966796875,0.0013098934167289,2.74437772522398E-7,1,0.999253354069792,40.0298881530762,2.00196870831627,20.7400005310774,0.0148347252511125,0.002700502136229,0.25,8.49588461113033E-6,0.0013029190018005,1.49016743380606E-5,17.5685158,17.5685158,1999.5966796875,1999.5966796875,61.3289185044103,20.7671236234428,6.646428,0,0,0,40,4882,17.6897,1999.5966796875,,,,,,,,,,,,,0,,,,1.5622467,,,,,,17.5685158,,,,
,44349210.495,17.57746795,1999.5966796875,0.00130769574340043,3.1386087508392E-7,1,0.999253354069792,40.0298881530762,2.00199015852483,20.7400005310774,0.0148108145097262,0.00269128209929535,0.25,8.06556949076432E-6,0.0013007350810102,1.44628647336182E-5,17.5685158,17.5864201,1999.5966796875,1999.5966796875,61.4617953526796,20.7730427599388,6.646428,0,0,0,40,4882,17.702,1999.5966796875,,,,,,,,,,,,,0,,,,1.5700891,,,,,,17.57746795,,,,
,44349212.705,17.6188488,1999.5966796875,0.00130724206360861,3.20136092475782E-7,1,0.999253354069792,40.0298881530762,2.00198770133928,20.7499992102385,0.0148056627424364,0.00269032035575213,0.25,8.06040756132667E-6,0.00130028378402149,1.4455668992294E-5,17.6188488,17.6188488,1999.5966796875,1999.5966796875,61.3891039003911,20.7705389371839,7.019488,0,0,0,40,4882,17.74165,1999.5966796875,,,,,,,,,,,,,0,,,,1.5779315,,,,,,17.6188488,,,,
,44349214.24,17.6373997,1999.5966796875,0.00130553320061744,3.71837627888989E-7,1,0.999253354069792,40.0298881530762,2.00192727728584,20.7400005310774,0.0147856252295009,0.0026881993020128,0.25,8.17967545556755E-6,0.00129858339052079,1.45660046037958E-5,17.6373997,17.6373997,1999.5966796875,1999.5966796875,61.7322388203335,20.7679418151952,7.019488,0,0,0,40,4882,17.76615,1999.5966796875,,,,,,,,,,,,,0,,,,1.5700891,,,,,,17.6373997,,,,
,44349214.875,17.6478844,1999.5966796875,0.00130461820364143,2.85661401228528E-7,1,0.999253354069792,40.0298881530762,2.00193937542014,20.7400005310774,0.014775693990385,0.00268435544038057,0.25,7.99966353768193E-6,0.00129767412537354,1.43824988312072E-5,17.6373997,17.6583691,1999.5966796875,1999.5966796875,61.7517795333142,20.7692974312223,6.273368,0,0,0,40,4882,17.77845,1999.5966796875,,,,,,,,,,,,,0,,,,1.5700891,,,,,,17.6478844,,,,
,44349216.085,17.67572785,1999.5966796875,0.0013037582595709,3.40522894248513E-7,1,0.999253354069792,40.0298881530762,2.00195657875611,20.7400005310774,0.0147662119668005,0.00268182653823818,0.25,7.92536521939801E-6,0.00129681906106435,1.43044661120627E-5,17.6583691,17.6930866,1999.5966796875,1999.5966796875,61.771320246295,20.769296796638,7.019488,0,0,0,40,4882,17.8,1999.5966796875,,,,,,,,,,,,,0,,,,1.5779315,,,,,,17.67572785,,,,
,44349218.245,17.7111645,1999.5966796875,0.00130191478905768,2.15915308057547E-7,1,0.999253354069792,40.0298881530762,2.00193448636147,20.7400005310774,0.0147445138952937,0.0026817934857079,0.25,8.24800437045984E-6,0.00129498374681977,1.46164972717268E-5,17.7111645,17.7111645,1999.5966796875,1999.5966796875,61.6728350528719,20.7659552185957,6.646428,0,0,0,40,4882,17.83395,1999.5966796875,,,,,,,,,,,,,0,,,,1.5779315,,,,,,17.7111645,,,,
,44349218.995,17.7187376,1999.5966796875,0.00130153407071534,2.65981186942259E-7,1,0.999253354069792,40.0298881530762,2.00194265843086,20.7499992102385,0.0147406022075536,0.00267906764526601,0.25,8.0733313573685E-6,0.00129460594242958,1.444095906972E-5,17.7111645,17.7263107,1999.5966796875,1999.5966796875,61.2726412510257,20.7680923286357,6.646428,0,0,0,40,4882,17.8494,1999.5966796875,,,,,,,,,,,,,0,,,,1.5779315,,,,,,17.7187376,,,,
,44349221.095,17.7601089,1999.5966796875,0.00129948839371262,3.31430170315011E-7,1,0.999253354069792,40.0298881530762,2.00192915177899,20.7400005310774,0.0147165129272723,0.00267954931338012,0.25,8.47586319930981E-6,0.00129256906984003,1.48314635863973E-5,17.7601089,17.7601089,1999.5966796875,1999.5966796875,62.1121102806797,20.7659182414851,6.273368,0,0,0,40,4882,17.8807,1999.5966796875,,,,,,,,,,,,,0,,,,1.5937738,,,,,,17.7601089,,,,
,44349222.61,17.7789383,1999.5966796875,0.00129882598731273,3.43494222418762E-7,1,0.999253354069792,40.0298881530762,2.00191559582847,20.7400005310774,0.0147086279541231,0.00267981407765131,0.25,8.61673329357144E-6,0.00129190951652791,1.49684749888245E-5,17.7789383,17.7789383,1999.5966796875,1999.5966796875,61.6994104225258,20.7664539619056,6.273368,0,0,0,40,4882,17.9056,1999.5966796875,,,,,,,,,,,,,0,,,,1.58585265,,,,,,17.7789383,,,,
,44349223.4,17.7949343,1999.5966796875,0.00129730600227832,3.11739076848917E-7,1,0.999253354069792,40.0298881530762,2.00189916091999,20.7400005310774,0.0146909765154783,0.00267850089791048,0.25,8.76920657734125E-6,0.00129039681574874,1.51127308569725E-5,17.7789383,17.8109303,1999.5966796875,1999.5966796875,61.8807482389873,20.7677634953879,6.646428,0,0,0,40,4882,17.918,1999.5966796875,,,,,,,,,,,,,0,,,,1.58585265,,,,,,17.7949343,,,,
,44349224.705,17.8210068,1999.5966796875,0.00129643425511163,3.56315802693509E-7,1,0.999253354069792,40.0298881530762,2.00202246783661,20.7400005310774,0.0146842104633463,0.00266405676836733,0.25,7.63414906865808E-6,0.00128953526938637,1.39795240955131E-5,17.8109303,17.8310833,1999.5966796875,1999.5966796875,61.4555423245257,20.7701414970215,6.273368,0,0,0,40,4882,17.93975,1999.5966796875,,,,,,,,,,,,,0,,,,1.58585265,,,,,,17.8210068,,,,
,44349225.98,17.83947375,1999.5966796875,0.00129583544931288,3.6434668413327E-7,1,0.999253354069792,40.0298881530762,2.00206666860927,20.7400005310774,0.0146762756295371,0.0026712155511155,0.25,8.36544800279306E-6,0.00128893604959767,1.47041252943538E-5,17.8310833,17.8478642,1999.5966796875,1999.5966796875,61.9127950082758,20.7694939024849,6.646428,0,0,0,40,4882,17.9585,1999.5966796875,,,,,,,,,,,,,0,,,,1.58585265,,,,,,17.83947375,,,,
,44349228.055,17.8626919,1999.5966796875,0.00129529567287739,3.31888950771692E-7,1,0.999253354069792,40.0298881530762,2.00190390741617,20.7499992102385,0.0146689939601263,0.00267008808353519,0.25,8.37864039163472E-6,0.00128839915940325,1.47148239284156E-5,17.8626919,17.8626919,1999.5966796875,1999.5966796875,61.7549060473911,20.7696130855773,6.646428,0,0,0,40,4882,17.9931,1999.5966796875,,,,,,,,,,,,,0,,,,1.5779315,,,,,,17.8626919,,,,
,44349229.64,17.9004269,1999.5966796875,0.00129365559133884,3.33114838023788E-7,1,0.999253354069792,40.0298881530762,2.00197882151404,20.7400005310774,0.0146514875179879,0.00266369342154151,0.25,8.09363372668375E-6,0.00128676915680833,1.44234465119034E-5,17.9004269,17.9004269,1999.5966796875,1999.5966796875,61.6743983099104,20.7701190113107,7.019488,0,0,0,40,4882,18.02145,1999.5966796875,,,,,,,,,,,,,0,,,,1.5779315,,,,,,17.9004269,,,,
,44349231.235,17.9166451,1999.5966796875,0.00129193204945614,2.75398860399588E-7,1,0.999253354069792,40.0298881530762,2.0019390643615,20.7400005310774,0.0146310429252208,0.00266379489777793,0.25,8.40901693477186E-6,0.00128505328888309,1.47288802478915E-5,17.9166451,17.9166451,1999.5966796875,1999.5966796875,61.4821176941796,20.7675420440621,7.019488,0,0,0,40,4882,18.05,1999.5966796875,,,,,,,,,,,,,0,,,,1.5779315,,,,,,17.9166451,,,,
,44349232.98,17.9525852,1999.5966796875,0.00129045498951133,2.95447691570856E-7,1,0.999253354069792,40.0298881530762,2.00187611527399,20.7400005310774,0.0146141161623495,0.00265931245468661,0.25,8.2794395617132E-6,0.00128358472366408,1.45929533892924E-5,17.9525852,17.9525852,1999.5966796875,1999.5966796875,62.2832869263912,20.7666014727109,6.646428,0,0,0,40,4882,18.0817,1999.5966796875,,,,,,,,,,,,,0,,,,1.5937738,,,,,,17.9525852,,,,
,44349234.53,17.9712734,1999.5966796875,0.00129014788980153,4.15973458140924E-7,1,0.999253354069792,40.0298881530762,2.00188409437706,20.7400005310774,0.0146102000192122,0.00266151138207278,0.25,8.52613325765822E-6,0.00128327811906259,1.48370285084097E-5,17.9712734,17.9712734,1999.5966796875,1999.5966796875,61.7697569892565,20.7696092093125,6.646428,0,0,0,40,4882,18.107,1999.5966796875,,,,,,,,,,,,,0,,,,1.5779315,,,,,,17.9712734,,,,
,44349236.045,18.009985,1999.5966796875,0.00128883560867703,3.85710670055677E-7,1,0.999253354069792,40.0298881530762,2.00191479108864,20.7499992102385,0.0145960176976891,0.00265618876346192,0.25,8.2831433927624E-6,0.00128197397615658,1.45890668084627E-5,18.009985,18.009985,1999.5966796875,1999.5966796875,61.3891039003911,20.768221467754,7.019488,0,0,0,40,4882,18.1326,1999.5966796875,,,,,,,,,,,,,0,,,,1.5937738,,,,,,18.009985,,,,
,44349236.705,18.01834585,1999.5966796875,0.00128786510242187,3.12076050100872E-7,1,0.999253354069792,40.0298881530762,2.00189488772457,20.7499992102385,0.0145848586546523,0.00265433663526725,0.25,8.29209115090384E-6,0.00128100859221745,1.45932662531552E-5,18.009985,18.0267067,1999.5966796875,1999.5966796875,61.6986287940065,20.7682203826277,6.646428,0,0,0,40,4882,18.1423,1999.5966796875,,,,,,,,,,,,,0,,,,1.5937738,,,,,,18.01834585,,,,
,44349237.84,18.0357342,1999.5966796875,0.00128658497270451,3.56101872961774E-7,1,0.999253354069792,40.0298881530762,2.00196528822172,20.7499992102385,0.0145716010844243,0.0026475030427455,0.25,7.9058505330247E-6,0.00127973718407724,1.42029082439766E-5,18.0267067,18.0447617,1999.5966796875,1999.5966796875,61.7189511355065,20.7682991737666,7.019488,0,0,0,40,4882,18.1596,1999.5966796875,,,,,,,,,,,,,0,,,,1.58585265,,,,,,18.0357342,,,,
,44349239.825,18.0615158,1999.5966796875,0.00128621390067184,3.46278678328333E-7,1,0.999253354069792,40.0298881530762,2.00192607857399,20.7400005310774,0.01456681768611,0.0026484634080797,0.25,8.05961809135716E-6,0.00127936748226682,1.43543632172614E-5,18.0615158,18.0615158,1999.5966796875,1999.5966796875,61.6759615669488,20.7685441238189,7.019488,0,0,0,40,4882,18.1975,1999.5966796875,,,,,,,,,,,,,0,,,,1.58585265,,,,,,18.0615158,,,,
,44349240.47,18.07116605,1999.5966796875,0.00128432459651267,3.03467478840985E-7,1,0.999253354069792,40.0298881530762,2.0019681182782,20.7400005310774,0.0145455397112754,0.00264560980852275,0.25,8.13442192041387E-6,0.00127748786442871,1.44195800424287E-5,18.0615158,18.0808163,1999.5966796875,1999.5966796875,61.2859289358526,20.7695710957536,7.019488,0,0,0,40,4882,18.2107,1999.5966796875,,,,,,,,,,,,,0,,,,1.5937738,,,,,,18.07116605,,,,
,44349242.715,18.1158695,1999.5966796875,0.00128391254909623,3.12702585825572E-7,1,0.999253354069792,40.0298881530762,2.00190081276687,20.7400005310774,0.0145403041944822,0.00264527025609999,0.25,8.18386149065699E-6,0.00127707782028102,1.44670489129817E-5,18.1158695,18.1158695,1999.5966796875,1999.5966796875,61.4782095515834,20.7700626617995,6.646428,0,0,0,40,4882,18.2459,1999.5966796875,,,,,,,,,,,,,0,,,,1.59385335,,,,,,18.1158695,,,,
,44349243.47,18.1263342,1999.5966796875,0.0012819604467563,3.43623249570023E-7,1,0.999253354069792,40.0298881530762,2.00193417966638,20.7499992102385,0.0145192118085928,0.00263681814131363,0.25,7.77686196807509E-6,0.00127513809929603,1.40526936767333E-5,18.1158695,18.1367989,1999.5966796875,1999.5966796875,61.781481417045,20.7674235618219,6.273368,0,0,0,40,4882,18.2576,1999.5966796875,,,,,,,,,,,,,0,,,,1.6017745,,,,,,18.1263342,,,,
,44349244.76,18.1445055,1999.5966796875,0.00128134889080223,3.1478115184126E-7,1,0.999253354069792,40.0298881530762,2.00190726366296,20.7499992102385,0.014511948899044,0.00263639381065537,0.25,7.84939921553389E-6,0.00127452953518726,1.41220628205954E-5,18.1367989,18.1522121,1999.5966796875,1999.5966796875,61.5665335742565,20.7663254552306,7.019488,0,0,0,40,4882,18.28165,1999.5966796875,,,,,,,,,,,,,0,,,,1.5937738,,,,,,18.1445055,,,,
,44349246.02,18.16968345,1999.5966796875,0.00128039779791086,3.10510135677491E-7,1,0.999253354069792,40.0298881530762,2.00196040579364,20.7400005310774,0.0145004812441469,0.00264056734106045,0.25,8.37818304162079E-6,0.00127358092523799,1.4643563793409E-5,18.1522121,18.1871548,1999.5966796875,1999.5966796875,61.7775732744488,20.7673341407229,7.019488,0,0,0,40,4882,18.30245,1999.5966796875,,,,,,,,,,,,,0,,,,1.5937738,,,,,,18.16968345,,,,
,44349248.125,18.2075787,1999.5966796875,0.00127911192352452,2.63104987638561E-7,1,0.999253354069792,40.0298881530762,2.00200248863979,20.7499992102385,0.0144869145257943,0.00263395150815127,0.25,8.01512852701024E-6,0.00127230376671995,1.42764422197923E-5,18.2075787,18.2075787,1999.5966796875,1999.5966796875,61.6884676232565,20.7677294081441,7.019488,0,0,0,40,4882,18.33735,1999.5966796875,,,,,,,,,,,,,0,,,,1.6017745,,,,,,18.2075787,,,,
,44349249.63,18.23247245,1999.5966796875,0.00127854352818956,3.18654974379399E-7,1,0.999253354069792,40.0298881530762,2.0020318725199,20.7400005310774,0.0144805108855333,0.00263378477612817,0.25,8.09659350949194E-6,0.00127173806300108,1.43549098738543E-5,18.2234383,18.2415066,1999.5966796875,1999.5966796875,62.2231015304104,20.7703605076313,6.646428,0,0,0,40,4882,18.36025,1999.5966796875,,,,,,,,,,,,,0,,,,1.6097752,,,,,,18.23247245,,,,
,44349251.155,18.2591915,1999.5966796875,0.00127725104302403,3.22944650187349E-7,1,0.999253354069792,40.0298881530762,2.00228810025173,20.7499992102385,0.0144677780590226,0.00263063612921085,0.25,8.01699874944141E-6,0.00127045289377399,1.42696103361816E-5,18.2591915,18.2591915,1999.5966796875,1999.5966796875,61.6196843135642,20.7693764728752,6.273368,0,0,0,40,4882,18.38355,1999.5966796875,,,,,,,,,,,,,0,,,,1.5937738,,,,,,18.2591915,,,,
,44349252.64,18.2753258,1999.5966796875,0.00127573981324096,2.87295008512602E-7,1,0.999253354069792,40.0298881530762,2.00209655300836,20.7499992102385,0.0144497323766376,0.00262507764966902,0.25,7.81259546762938E-6,0.00126895083708432,1.40591230144131E-5,18.2753258,18.2753258,1999.5966796875,1999.5966796875,61.7197327640258,20.7679199065119,6.646428,0,0,0,40,4882,18.4099,1999.5966796875,,,,,,,,,,,,,0,,,,1.5937738,,,,,,18.2753258,,,,
,44349254.135,18.3104496,1999.5966796875,0.00127434071608979,3.13196189997466E-7,1,0.999253354069792,40.0298881530762,2.00200536969729,20.7400005310774,0.0144329488844928,0.00262385892208547,0.25,7.96022704981476E-6,0.0012675584604512,1.41993227248812E-5,18.3104496,18.3104496,1999.5966796875,1999.5966796875,61.8002405015065,20.770573381317,7.019488,0,0,0,40,4882,18.4324,1999.5966796875,,,,,,,,,,,,,0,,,,1.5937738,,,,,,18.3104496,,,,
,44349255.725,18.3283482,1999.5966796875,0.0012737822375693,3.32710161969359E-7,1,0.999253354069792,40.0298881530762,2.00192494031851,20.7400005310774,0.0144262117048776,0.00262182013298101,0.25,7.88689644286572E-6,0.00126700344398051,1.41238929925679E-5,18.3283482,18.3283482,1999.5966796875,1999.5966796875,61.453197438968,20.7679963707537,6.646428,0,0,0,40,4882,18.4562,1999.5966796875,,,,,,,,,,,,,0,,,,1.6097752,,,,,,18.3283482,,,,
,44349256.39,18.33761695,1999.5966796875,0.00127265937939282,3.47631923806941E-7,1,0.999253354069792,40.0298881530762,2.00195598292604,20.7400005310774,0.0144136269359511,0.00262001254718655,0.25,7.92080423873246E-6,0.00126588642989228,1.41522178692202E-5,18.3283482,18.3468857,1999.5966796875,1999.5966796875,61.3703448159296,20.7684147648453,7.019488,0,0,0,40,4882,18.4678,1999.5966796875,,,,,,,,,,,,,0,,,,1.6017745,,,,,,18.33761695,,,,
,44349257.58,18.35505485,1999.5966796875,0.00127170493391167,2.6048164824562E-7,1,0.999253354069792,40.0298881530762,2.00198280319069,20.7499992102385,0.0144027285295984,0.00261964296189147,0.25,8.05237061115186E-6,0.00126493650296026,1.42786136808376E-5,18.3468857,18.363224,1999.5966796875,1999.5966796875,61.8088384152181,20.7690340501225,6.646428,0,0,0,40,4882,18.4879,1999.5966796875,,,,,,,,,,,,,0,,,,1.5937738,,,,,,18.35505485,,,,
,44349259.56,18.4009762,1999.5966796875,0.0012712425274641,2.82143655842935E-7,1,0.999253354069792,40.0298881530762,2.00196573310732,20.7400005310774,0.0143971263836397,0.00262009314543745,0.25,8.17461873944386E-6,0.0012644760625434,1.43983294499618E-5,18.4009762,18.4009762,1999.5966796875,1999.5966796875,62.1769854477758,20.7687176106687,6.646428,0,0,0,40,4882,18.5216,1999.5966796875,,,,,,,,,,,,,0,,,,1.6097752,,,,,,18.4009762,,,,
,44349261.04,18.4144554,1999.5966796875,0.00126987422123923,3.44489952296277E-7,1,0.999253354069792,40.0298881530762,2.00195785423205,20.7400005310774,0.0143824805335989,0.00261211884922993,0.25,7.71175243077604E-6,0.00126311747888321,1.39314716190645E-5,18.4144554,18.4144554,1999.5966796875,1999.5966796875,61.2343414535834,20.7678343566665,6.646428,0,0,0,40,4882,18.547,1999.5966796875,,,,,,,,,,,,,0,,,,1.5937738,,,,,,18.4144554,,,,
,44349261.76,18.4232559,1999.5966796875,0.00126891469765037,3.43783114493574E-7,1,0.999253354069792,40.0298881530762,2.00188208300468,20.7400005310774,0.0143710148675342,0.00261051453011277,0.25,7.74663442712008E-6,0.00126216295295742,1.39615937600175E-5,18.4144554,18.4320564,1999.5966796875,1999.5966796875,61.5720049738911,20.7692168789905,7.019488,0,0,0,40,4882,18.55975,1999.5966796875,,,,,,,,,,,,,0,,,,1.6017745,,,,,,18.4232559,,,,
,44349264.18,18.4689369,1999.5966796875,0.00126703409826752,3.13249503476746E-7,1,0.999253354069792,40.0298881530762,2.00180292631495,20.7400005310774,0.0143493595964836,0.00260551296419188,0.25,7.64339540777344E-6,0.00126029300591418,1.38501037898751E-5,18.4689369,18.4689369,1999.5966796875,1999.5966796875,61.6063966287373,20.7712675811544,6.646428,0,0,0,40,4882,18.5981,1999.5966796875,,,,,,,,,,,,,0,,,,1.5937738,,,,,,18.4689369,,,,
,44349265.61,18.488327,1999.5966796875,0.00126704413669829,3.45470069336738E-7,1,0.999253354069792,40.0298881530762,2.00184937595109,20.7400005310774,0.0143491336050661,0.00260934953364808,0.25,7.97459479350392E-6,0.00126030154934116,1.41799269902558E-5,18.488327,18.488327,1999.5966796875,1999.5966796875,61.7869528166796,20.7698948473206,7.019488,0,0,0,40,4882,18.6238,1999.5966796875,,,,,,,,,,,,,0,,,,1.6097752,,,,,,18.488327,,,,
,44349266.3,18.49892615,1999.5966796875,0.00126517042109972,3.37613094208254E-7,1,0.999253354069792,40.0298881530762,2.00174059668101,20.7400005310774,0.014326417858414,0.00260966594456696,0.25,8.34279442266089E-6,0.00125843602406575,1.45371051952955E-5,18.488327,18.5095253,1999.5966796875,1999.5966796875,61.8588626404489,20.7696908130888,7.019488,0,0,0,40,4882,18.63665,1999.5966796875,,,,,,,,,,,,,0,,,,1.6097752,,,,,,18.49892615,,,,
,44349267.535,18.5181856,1999.5966796875,0.00126434313499952,2.9452000103519E-7,1,0.999253354069792,40.0298881530762,2.00189262870235,20.7400005310774,0.0143187660612472,0.00260427542053236,0.25,7.99548295321176E-6,0.0012576149542203,1.41878042363021E-5,18.5095253,18.5268459,1999.5966796875,1999.5966796875,61.9628192335066,20.7716001643672,7.019488,0,0,0,40,4882,18.65605,1999.5966796875,,,,,,,,,,,,,0,,,,1.6097752,,,,,,18.5181856,,,,
,44349268.755,18.5456066,1999.5966796875,0.00126366354052407,3.05560379467469E-7,1,0.999253354069792,40.0298881530762,2.00180089702147,20.7499992102385,0.0143091667366709,0.00261005838729371,0.25,8.63449330581908E-6,0.00125693589448775,1.48203390066871E-5,18.5268459,18.5643673,1999.5966796875,1999.5966796875,61.9925211172373,20.7685454318933,7.019488,0,0,0,40,4882,18.6755,1999.5966796875,,,,,,,,,,,,,0,,,,1.6097752,,,,,,18.5456066,,,,
,44349270.025,18.57231425,1999.5966796875,0.00126280781321708,3.33331136545724E-7,1,0.999253354069792,40.0298881530762,2.00181311270632,20.7499992102385,0.0143004190035194,0.00260341865971236,0.25,8.19717684447754E-6,0.00125608702100315,1.43814598083049E-5,18.5643673,18.5802612,1999.5966796875,1999.5966796875,61.5829477731604,20.7680625223013,7.019488,0,0,0,40,4882,18.70115,1999.5966796875,,,,,,,,,,,,,0,,,,1.6097752,,,,,,18.57231425,,,,
,44349272.125,18.595892,1999.5966796875,0.00126101581082791,2.86171337995714E-7,1,0.999253354069792,40.0298881530762,2.00184919308138,20.7400005310774,0.0142800763048831,0.00260147283882639,0.25,8.33524293397313E-6,0.00125430416922548,1.45104922927534E-5,18.595892,18.595892,1999.5966796875,1999.5966796875,61.8096200437373,20.7681106151977,6.646428,0,0,0,40,4882,18.7401,1999.5966796875,,,,,,,,,,,,,0,,,,1.6178562,,,,,,18.595892,,,,
,44349272.92,18.6146479,1999.5966796875,0.00126034633476247,2.98096334274241E-7,1,0.999253354069792,40.0298881530762,2.00190951295235,20.7499992102385,0.0142740027907487,0.00259390781026213,0.25,7.77861684934965E-6,0.00125364104666005,1.39536896037928E-5,18.595892,18.6334038,1999.5966796875,1999.5966796875,61.5829477731604,20.7726721398006,6.646428,0,0,0,40,4882,18.7531,1999.5966796875,,,,,,,,,,,,,0,,,,1.6178562,,,,,,18.6146479,,,,
,44349275.125,18.65205,1999.5966796875,0.00125899289970198,3.02247382176452E-7,1,0.999253354069792,40.0298881530762,2.00186900937014,20.7400005310774,0.0142588943618022,0.00258826696659051,0.25,7.52231375460564E-6,0.00125229625754076,1.36925296819366E-5,18.65205,18.65205,1999.5966796875,1999.5966796875,62.008153687622,20.7683553057144,6.646428,0,0,0,40,4882,18.78585,1999.5966796875,,,,,,,,,,,,,0,,,,1.6178562,,,,,,18.65205,,,,
,44349275.78,18.6617775,1999.5966796875,0.00125845587569979,3.33045832003793E-7,1,0.999253354069792,40.0298881530762,2.00196152733104,20.7400005310774,0.0142526314059804,0.00259189321566169,0.25,7.92605764250033E-6,0.0012517601997261,1.40916772897596E-5,18.65205,18.671505,1999.5966796875,1999.5966796875,61.5845110301988,20.7675919815709,6.646428,0,0,0,40,4882,18.79895,1999.5966796875,,,,,,,,,,,,,0,,,,1.6097752,,,,,,18.6617775,,,,
,44349277.835,18.7048073,1999.5966796875,0.00125705971946766,3.37389707536793E-7,1,0.999253354069792,40.0298881530762,2.00177073276066,20.7400005310774,0.0142353537920145,0.00258978504607181,0.25,8.00516047150128E-6,0.00125037124466473,1.41639512218396E-5,18.7048073,18.7048073,1999.5966796875,1999.5966796875,61.5501193753527,20.7680682090558,6.646428,0,0,0,40,4882,18.8317,1999.5966796875,,,,,,,,,,,,,0,,,,1.6097752,,,,,,18.7048073,,,,
,44349278.6,18.7128897,1999.5966796875,0.00125653000078851,3.48693871256422E-7,1,0.999253354069792,40.0298881530762,2.00180723513669,20.7400005310774,0.014229665982224,0.00258838361784356,0.25,7.97025245242711E-6,0.00124984462925992,1.41268078117538E-5,18.7048073,18.7209721,1999.5966796875,1999.5966796875,61.4961870075257,20.7693797967645,7.019488,0,0,0,40,4882,18.84475,1999.5966796875,,,,,,,,,,,,,0,,,,1.6097752,,,,,,18.7128897,,,,
,44349280.77,18.74548435,1999.5966796875,0.00125451821753592,3.07075656720063E-7,1,0.999253354069792,40.0298881530762,2.00185332405076,20.7400005310774,0.01420696605441,0.00258562531647214,0.25,8.07407502517559E-6,0.0012478433323371,1.42207483206405E-5,18.7364635,18.7545052,1999.5966796875,1999.5966796875,61.6837778521411,20.769355716827,7.019488,0,0,0,40,4882,18.88415,1999.5966796875,,,,,,,,,,,,,0,,,,1.6097752,,,,,,18.74548435,,,,
,44349282.32,18.7729492,1999.5966796875,0.00125409596391436,3.60727413226809E-7,1,0.999253354069792,40.0298881530762,2.00200167255334,20.7400005310774,0.0142036050355005,0.00258255944675575,0.25,7.86129581867349E-6,0.00124742449375373,1.40073157584049E-5,18.7729492,18.7729492,1999.5966796875,1999.5966796875,61.334389904045,20.766320729974,6.646428,0,0,0,40,4882,18.9041,1999.5966796875,,,,,,,,,,,,,0,,,,1.6097752,,,,,,18.7729492,,,,
,44349283.72,18.7897053,1999.5966796875,0.00125327927002792,3.04631389317242E-7,1,0.999253354069792,40.0298881530762,2.00199210868465,20.7400005310774,0.0141942814894458,0.00258093164721853,0.25,7.86163062488724E-6,0.00124661230751034,1.40039304101445E-5,18.7897053,18.7897053,1999.5966796875,1999.5966796875,61.7791365314873,20.7673020443726,6.273368,0,0,0,40,4882,18.9242,1999.5966796875,,,,,,,,,,,,,0,,,,1.6259372,,,,,,18.7897053,,,,
,44349285.235,18.8264961,1999.5966796875,0.00125196669148415,2.98647204954947E-7,1,0.999253354069792,40.0298881530762,2.00191758779156,20.7400005310774,0.01417956599401,0.00257442552725501,0.25,7.52557606322153E-6,0.00124530851168143,1.36635914947175E-5,18.8264961,18.8264961,1999.5966796875,1999.5966796875,61.8494830982181,20.7688077819163,7.019488,0,0,0,40,4882,18.9507,1999.5966796875,,,,,,,,,,,,,0,,,,1.6259372,,,,,,18.8264961,,,,
,44349286.75,18.8412685,1999.5966796875,0.00125127887555363,2.84185117658065E-7,1,0.999253354069792,40.0298881530762,2.00188654649139,20.7400005310774,0.0141705499732469,0.00257879099598405,0.25,8.03410693607497E-6,0.0012446221223165,1.41664632866328E-5,18.8412685,18.8412685,1999.5966796875,1999.5966796875,61.6196843135642,20.7714490728386,7.019488,0,0,0,40,4882,18.9773,1999.5966796875,,,,,,,,,,,,,0,,,,1.6097752,,,,,,18.8412685,,,,
,44349287.43,18.85056305,1999.5966796875,0.00124975008338838,3.02241107242425E-7,1,0.999253354069792,40.0298881530762,2.00188457557605,20.7400005310774,0.0141544320734209,0.00256875448357763,0.25,7.41692461257999E-6,0.0012431046017141,1.35452139401145E-5,18.8412685,18.8598576,1999.5966796875,1999.5966796875,61.4320934689488,20.7704633314549,6.646428,0,0,0,40,4882,18.99055,1999.5966796875,,,,,,,,,,,,,0,,,,1.6097752,,,,,,18.85056305,,,,
,44349289.5,18.892149,1999.5966796875,0.0012488004410347,2.74842523906928E-7,1,0.999253354069792,40.0298881530762,2.00188473781719,20.7499992102385,0.0141431103167755,0.00257005671003202,0.25,7.69769920918017E-6,0.0012421588670972,1.38203607444452E-5,18.892149,18.892149,1999.5966796875,1999.5966796875,61.6962839084488,20.7679547039498,6.646428,0,0,0,40,4882,19.0239,1999.5966796875,,,,,,,,,,,,,0,,,,1.6422615,,,,,,18.892149,,,,
,44349290.23,18.90133095,1999.5966796875,0.00124852608370724,3.06978460000798E-7,1,0.999253354069792,40.0298881530762,2.00183700734933,20.7400005310774,0.0141390129747296,0.00257325910366621,0.25,8.0331762075572E-6,0.00124188445071761,1.41529281535808E-5,18.892149,18.9105129,1999.5966796875,1999.5966796875,61.3601836451796,20.7674218422304,7.019488,0,0,0,40,4882,19.0371,1999.5966796875,,,,,,,,,,,,,0,,,,1.63409935,,,,,,18.90133095,,,,
,44349291.45,18.9195919,1999.5966796875,0.00124642347233772,3.09219248722478E-7,1,0.999253354069792,40.0298881530762,2.0019735297341,20.7400005310774,0.0141168611894922,0.00256487136744101,0.25,7.64698618917403E-6,0.00123979506935478,1.37587401320165E-5,18.9105129,18.9286709,1999.5966796875,1999.5966796875,61.5501193753527,20.7686421104555,6.646428,0,0,0,40,4882,19.05735,1999.5966796875,,,,,,,,,,,,,0,,,,1.6259372,,,,,,18.9195919,,,,
,44349293.555,18.9556265,1999.5966796875,0.00124634039818252,3.76122274910182E-7,1,0.999253354069792,40.0298881530762,2.00188325436284,20.7400005310774,0.0141145830994431,0.00256878743386649,0.25,8.01591303848649E-6,0.00123971103495107,1.41259906741358E-5,18.9463043,18.9649487,1999.5966796875,1999.5966796875,61.7252041636604,20.7697478675971,7.019488,0,0,0,40,4882,19.0977,1999.5966796875,,,,,,,,,,,,,0,,,,1.6259372,,,,,,18.9556265,,,,
,44349295.09,18.9820709,1999.5966796875,0.00124456529922103,2.65122310309909E-7,1,0.999253354069792,40.0298881530762,2.00193981098285,20.7400005310774,0.0140955310087773,0.00256137459510127,0.25,7.66703293087445E-6,0.00123794712227657,1.37704308548781E-5,18.9820709,18.9820709,1999.5966796875,1999.5966796875,61.7767916459296,20.7696959082377,6.646428,0,0,0,40,4882,19.1116,1999.5966796875,,,,,,,,,,,,,0,,,,1.6422615,,,,,,18.9820709,,,,
,44349295.86,18.988986,1999.5966796875,0.00124461480959737,3.3125110709264E-7,1,0.999253354069792,40.0298881530762,2.00191597630756,20.7499992102385,0.014095380906339,0.0025646046388337,0.25,7.94547163355519E-6,0.00123799521833613,1.40479346001822E-5,18.9820709,18.9959011,1999.5966796875,1999.5966796875,61.7681937322181,20.7676758617665,6.646428,0,0,0,40,4882,19.12845,1999.5966796875,,,,,,,,,,,,,0,,,,1.6422615,,,,,,18.988986,,,,
,44349297.165,19.01398945,1999.5966796875,0.00124333327192703,3.08699316232506E-7,1,0.999253354069792,40.0298881530762,2.00190317425193,20.7499992102385,0.0140811787856129,0.00255970136055778,0.25,7.73861177590808E-6,0.00123672174245567,1.38362851380614E-5,18.9959011,19.0320778,1999.5966796875,1999.5966796875,61.6103047713334,20.7682107191165,7.019488,0,0,0,40,4882,19.15375,1999.5966796875,,,,,,,,,,,,,0,,,,1.63409935,,,,,,19.01398945,,,,
,44349298.43,19.04099085,1999.5966796875,0.00124224808384765,2.88866785718674E-7,1,0.999253354069792,40.0298881530762,2.00186064408931,20.7499992102385,0.0140691221119291,0.00255447370820362,0.25,7.47198195300066E-6,0.00123564379607532,1.35660738637443E-5,19.0320778,19.0499039,1999.5966796875,1999.5966796875,61.6118680283719,20.7692634884622,6.646428,0,0,0,40,4882,19.17445,1999.5966796875,,,,,,,,,,,,,0,,,,1.6259372,,,,,,19.04099085,,,,
,44349299.69,19.0582352,1999.5966796875,0.00124080617465342,3.28294856558675E-7,1,0.999253354069792,40.0298881530762,2.00193826939375,20.7400005310774,0.0140531005234366,0.00255281826774131,0.25,7.57007414383695E-6,0.00123420927789781,1.36569134702531E-5,19.0499039,19.0665665,1999.5966796875,1999.5966796875,61.4375648685834,20.7673280912888,6.646428,0,0,0,40,4882,19.19595,1999.5966796875,,,,,,,,,,,,,0,,,,1.63409935,,,,,,19.0582352,,,,
,44349300.93,19.0825167,1999.5966796875,0.00124033295904753,3.75318716775715E-7,1,0.999253354069792,40.0298881530762,2.00186315050826,20.7499992102385,0.0140472889620043,0.00255148319380982,0.25,7.54292279004623E-6,0.00123373891435408,1.36279528614904E-5,19.0665665,19.0984669,1999.5966796875,1999.5966796875,61.7197327640258,20.7690100416292,6.646428,0,0,0,40,4882,19.21715,1999.5966796875,,,,,,,,,,,,,0,,,,1.63409935,,,,,,19.0825167,,,,
,44349302.965,19.1136055,1999.5966796875,0.00123928209555534,3.21042071585425E-7,1,0.999253354069792,40.0298881530762,2.0019472004792,20.7400005310774,0.014034524928604,0.00255757114843653,0.25,8.25441964282119E-6,0.00123269051738826,1.43311603106506E-5,19.1136055,19.1136055,1999.5966796875,1999.5966796875,61.7963323589104,20.7684735979852,6.646428,0,0,0,40,4882,19.2531,1999.5966796875,,,,,,,,,,,,,0,,,,1.6422615,,,,,,19.1136055,,,,
,44349304.74,19.1462593,1999.5966796875,0.00123852943592122,3.33961920043079E-7,1,0.999253354069792,40.0298881530762,2.00190632763027,20.7400005310774,0.014026847402729,0.00254961035755087,0.25,7.68801862149914E-6,0.00123194496608072,1.37646002637299E-5,19.1462593,19.1462593,1999.5966796875,1999.5966796875,61.6431331691411,20.7691799550352,6.273368,0,0,0,40,4882,19.2833,1999.5966796875,,,,,,,,,,,,,0,,,,1.6422615,,,,,,19.1462593,,,,
,44349306.225,19.1626759,1999.5966796875,0.00123699371075651,3.57246847930251E-7,1,0.999253354069792,40.0298881530762,2.00189240384661,20.7400005310774,0.0140090088199731,0.00254846621326733,0.25,7.85740110872133E-6,0.00123041682844163,1.39259454850794E-5,19.1626759,19.1626759,1999.5966796875,1999.5966796875,61.7541244188719,20.7696686219045,7.019488,0,0,0,40,4882,19.3067,1999.5966796875,,,,,,,,,,,,,0,,,,1.6422615,,,,,,19.1626759,,,,
,44349307.965,19.1966953,1999.5966796875,0.00123586268132937,2.70587164079445E-7,1,0.999253354069792,40.0298881530762,2.00182998903365,20.7499992102385,0.0139964398036618,0.0025423407347989,0.25,7.52157039567332E-6,0.00122929370729596,1.35868051030401E-5,19.1966953,19.1966953,1999.5966796875,1999.5966796875,61.5555907749873,20.7702695063106,6.646428,0,0,0,40,4882,19.33295,1999.5966796875,,,,,,,,,,,,,0,,,,1.6259372,,,,,,19.1966953,,,,
,44349309.58,19.2155457,1999.5966796875,0.001234918172482,2.77233001475588E-7,1,0.999253354069792,40.0298881530762,2.00177832282844,20.7499992102385,0.0139847763080615,0.00254391316905818,0.25,7.83080526481045E-6,0.00122835304100869,1.38902783781791E-5,19.2155457,19.2155457,1999.5966796875,1999.5966796875,61.4133343844873,20.7693050039544,6.273368,0,0,0,40,4882,19.3607,1999.5966796875,,,,,,,,,,,,,0,,,,1.6422615,,,,,,19.2155457,,,,
,44349310.255,19.23332885,1999.5966796875,0.00123348096177525,3.34870988832261E-7,1,0.999253354069792,40.0298881530762,2.00199077202582,20.7400005310774,0.0139695485013377,0.00254329024500198,0.25,8.00501726722356E-6,0.00122692264280066,1.40566585927142E-5,19.2155457,19.251112,1999.5966796875,1999.5966796875,61.9268643216219,20.7737239197025,6.646428,0,0,0,40,4882,19.3704,1999.5966796875,,,,,,,,,,,,,0,,,,1.6422615,,,,,,19.23332885,,,,
,44349311.485,19.261384,1999.5966796875,0.001232607763501,2.89913469762492E-7,1,0.999253354069792,40.0298881530762,2.0019376129692,20.7499992102385,0.0139595867195576,0.00253984235969936,0.25,7.85923969740157E-6,0.00122605501773149,1.3907768195612E-5,19.251112,19.271656,1999.5966796875,1999.5966796875,61.6415699121027,20.7694242041945,6.646428,0,0,0,40,4882,19.3923,1999.5966796875,,,,,,,,,,,,,0,,,,1.6422615,,,,,,19.261384,,,,
,44349312.68,19.2806549,1999.5966796875,0.00123202844129692,2.22070762396092E-7,1,0.999253354069792,40.0298881530762,2.00194380488508,20.7499992102385,0.0139528435850635,0.0025399474071614,0.25,7.96897245919716E-6,0.00122547848329181,1.40144743906446E-5,19.271656,19.2896538,1999.5966796875,1999.5966796875,61.524325634218,20.7676785104194,6.646428,0,0,0,40,4882,19.4132,1999.5966796875,,,,,,,,,,,,,0,,,,1.6422615,,,,,,19.2806549,,,,
,44349313.915,19.29789545,1999.5966796875,0.00123181536458689,3.11200272772628E-7,1,0.999253354069792,40.0298881530762,2.00180203784935,20.7400005310774,0.0139496826337272,0.0025382559836416,0.25,7.87177458197754E-6,0.00122526730211725,1.39171652851501E-5,19.2896538,19.3061371,1999.5966796875,1999.5966796875,61.4899339793719,20.7699689918777,6.273368,0,0,0,40,4882,19.4345,1999.5966796875,,,,,,,,,,,,,0,,,,1.63409935,,,,,,19.29789545,,,,
,44349315.2,19.31403065,1999.5966796875,0.00123106806720744,2.66097435346388E-7,1,0.999253354069792,40.0298881530762,2.00197700835364,20.7400005310774,0.0139425448033139,0.00253601002603077,0.25,7.78560451589536E-6,0.00122452468503412,1.38281981134387E-5,19.3061371,19.3219242,1999.5966796875,1999.5966796875,61.5993619720642,20.7694818990209,6.646428,0,0,0,40,4882,19.4562,1999.5966796875,,,,,,,,,,,,,0,,,,1.63409935,,,,,,19.31403065,,,,
,44349316.475,19.3312788,1999.5966796875,0.00122936981582834,2.78477697221155E-7,1,0.999253354069792,40.0298881530762,2.00181531852875,20.7499992102385,0.0139225451458506,0.00253059817292079,0.25,7.62277939924544E-6,0.00122283650998653,1.3658278833336E-5,19.3219242,19.3406334,1999.5966796875,1999.5966796875,61.2327781965449,20.7674784435869,6.646428,0,0,0,40,4882,19.4776,1999.5966796875,,,,,,,,,,,,,0,,,,1.6505056,,,,,,19.3312788,,,,
,44349317.64,19.34971905,1999.5966796875,0.00122844816186358,3.61206256459349E-7,1,0.999253354069792,40.0298881530762,2.0018816401148,20.7400005310774,0.0139120043831155,0.00253188431986337,0.25,7.89045038467866E-6,0.00122191859030383,1.39202989314845E-5,19.3406334,19.3588047,1999.5966796875,1999.5966796875,61.6978471654873,20.7722814129146,6.646428,0,0,0,40,4882,19.49305,1999.5966796875,,,,,,,,,,,,,0,,,,1.6505056,,,,,,19.34971905,,,,
,44349319.755,19.396019,1999.5966796875,0.00122742832927765,3.04441199314042E-7,1,0.999253354069792,40.0298881530762,2.00195696747379,20.7400005310774,0.0139017523280506,0.00252534361649664,0.25,7.48359025484857E-6,0.00122090657780267,1.35112904873733E-5,19.396019,19.396019,1999.5966796875,1999.5966796875,61.3117226769873,20.7674499066787,7.019488,0,0,0,40,4882,19.5287,1999.5966796875,,,,,,,,,,,,,0,,,,1.6422615,,,,,,19.396019,,,,
,44349321.285,19.4139156,1999.5966796875,0.00122675152916636,3.19172026659696E-7,1,0.999253354069792,40.0298881530762,2.00192378768502,20.7499992102385,0.0138926828349061,0.00253069506809646,0.25,8.07715101098041E-6,0.00122023082707708,1.40989369377143E-5,19.4139156,19.4139156,1999.5966796875,1999.5966796875,61.2624800802757,20.7729988405634,6.646428,0,0,0,40,4882,19.5555,1999.5966796875,,,,,,,,,,,,,0,,,,1.6422615,,,,,,19.4139156,,,,
,44349322.965,19.4507484,1999.5966796875,0.0012254489584081,2.79457024358342E-7,1,0.999253354069792,40.0298881530762,2.00182252781451,20.7400005310774,0.0138784194472999,0.00252132209020899,0.25,7.48879063338286E-6,0.00121893849515991,1.35079665906152E-5,19.4507484,19.4507484,1999.5966796875,1999.5966796875,61.5133828349488,20.7715729697616,6.646428,0,0,0,40,4882,19.5892,1999.5966796875,,,,,,,,,,,,,0,,,,1.6587497,,,,,,19.4507484,,,,
,44349323.755,19.459794,1999.5966796875,0.00122477385446729,2.76591010167685E-7,1,0.999253354069792,40.0298881530762,2.0018725425913,20.7499992102385,0.0138697355901575,0.00252780943945587,0.25,8.17375659248808E-6,0.00121826378281776,1.4186269726125E-5,19.4507484,19.4688396,1999.5966796875,1999.5966796875,61.4469444108142,20.769776565247,6.646428,0,0,0,40,4882,19.60275,1999.5966796875,,,,,,,,,,,,,0,,,,1.6587497,,,,,,19.459794,,,,
,44349325.91,19.5032883,1999.5966796875,0.00122355665910296,3.09872398980928E-7,1,0.999253354069792,40.0298881530762,2.00185042748267,20.7400005310774,0.013856895791125,0.00251908501102459,0.25,7.61921719586504E-6,0.00121705619144502,1.36293818354175E-5,19.5032883,19.5032883,1999.5966796875,1999.5966796875,61.4899339793719,20.7696663125696,6.646428,0,0,0,40,4882,19.6367,1999.5966796875,,,,,,,,,,,,,0,,,,1.6422615,,,,,,19.5032883,,,,
,44349326.65,19.5109215,1999.5966796875,0.00122264187651927,3.02291841820511E-7,1,0.999253354069792,40.0298881530762,2.00189843740185,20.7499992102385,0.01384646430602,0.00251948084053564,0.25,7.80922461987706E-6,0.00121614546017573,1.38140869045257E-5,19.5032883,19.5185547,1999.5966796875,1999.5966796875,61.7806997885258,20.7701431811399,6.646428,0,0,0,40,4882,19.6469,1999.5966796875,,,,,,,,,,,,,0,,,,1.6422615,,,,,,19.5109215,,,,
,44349327.9,19.52824785,1999.5966796875,0.00122214799103232,2.48330734048062E-7,1,0.999253354069792,40.0298881530762,2.00229474697453,20.7400005310774,0.0138445323567553,0.0025129602633034,0.25,7.27842817010676E-6,0.00121565711852777,1.32841038854786E-5,19.5185547,19.537941,1999.5966796875,1999.5966796875,61.7635039611027,20.7635474957866,6.646428,0,0,0,40,4882,19.6673,1999.5966796875,,,,,,,,,,,,,0,,,,1.6422615,,,,,,19.52824785,,,,
,44349329.08,19.5461483,1999.5966796875,0.00122120380467915,3.18590331288975E-7,1,0.999253354069792,40.0298881530762,2.0021462784026,20.7400005310774,0.0138318072659315,0.00251686404874494,0.25,7.80342128519377E-6,0.00121471563411908,1.38021118001897E-5,19.537941,19.5543556,1999.5966796875,1999.5966796875,61.7939874733527,20.7684492814085,6.646428,0,0,0,40,4882,19.68775,1999.5966796875,,,,,,,,,,,,,0,,,,1.6422615,,,,,,19.5461483,,,,
,44349331.11,19.5812063,1999.5966796875,0.0012204139836983,2.66753449288989E-7,1,0.999253354069792,40.0298881530762,2.0018911602086,20.7400005310774,0.0138203550727057,0.00251969216960001,0.25,8.21745049785959E-6,0.00121392843794952,1.42108196558826E-5,19.5700054,19.5924072,1999.5966796875,1999.5966796875,61.4102078704103,20.7666881426006,6.646428,0,0,0,40,4882,19.7219,1999.5966796875,,,,,,,,,,,,,0,,,,1.6422615,,,,,,19.5812063,,,,
,44349332.65,19.6088505,1999.5966796875,0.00121909666614633,3.28475650322444E-7,1,0.999253354069792,40.0298881530762,2.00218100793083,20.7400005310774,0.0138087036362945,0.00250957655015647,0.25,7.52503851458408E-6,0.00121262191454042,1.35161756351106E-5,19.6088505,19.6088505,1999.5966796875,1999.5966796875,61.6728350528719,20.7634498825181,6.646428,0,0,0,40,4882,19.74935,1999.5966796875,,,,,,,,,,,,,0,,,,1.6587497,,,,,,19.6088505,,,,
,44349334.14,19.626627,1999.5966796875,0.00121817139493971,2.51686794026716E-7,1,0.999253354069792,40.0298881530762,2.002123780935,20.7499992102385,0.013797659860946,0.0025087005235532,0.25,7.61544148881799E-6,0.00121170148088307,1.36020796196717E-5,19.626627,19.626627,1999.5966796875,1999.5966796875,61.7463081336796,20.7692626167033,6.273368,0,0,0,40,4882,19.7734,1999.5966796875,,,,,,,,,,,,,0,,,,1.6422615,,,,,,19.626627,,,,
,44349334.905,19.64431765,1999.5966796875,0.0012175417844666,2.74678479777714E-7,1,0.999253354069792,40.0298881530762,2.00204502435139,20.7400005310774,0.0137897530306584,0.00250879929713342,0.25,7.74250273914961E-6,0.0012110747572016,1.37256734596188E-5,19.626627,19.6620083,1999.5966796875,1999.5966796875,61.9862680890835,20.7708526359052,6.646428,0,0,0,40,4882,19.7871,1999.5966796875,,,,,,,,,,,,,0,,,,1.6505056,,,,,,19.64431765,,,,
,44349336.19,19.6704979,1999.5966796875,0.00121687105082837,3.53809774557644E-7,1,0.999253354069792,40.0298881530762,2.00193722974123,20.7400005310774,0.0137818751447269,0.00250488244946417,0.25,7.52547444250326E-6,0.00121040893295126,1.35069568278814E-5,19.6620083,19.6789875,1999.5966796875,1999.5966796875,61.5954538294681,20.7688372408747,6.646428,0,0,0,40,4882,19.8078,1999.5966796875,,,,,,,,,,,,,0,,,,1.6670766,,,,,,19.6704979,,,,
,44349337.32,19.68750475,1999.5966796875,0.0012158766518335,3.53323349421343E-7,1,0.999253354069792,40.0298881530762,2.00197089866789,20.7400005310774,0.0137709506910582,0.00250222574241482,0.25,7.46154854485139E-6,0.00120942037556526,1.34388582993465E-5,19.6789875,19.696022,1999.5966796875,1999.5966796875,61.5602805461027,20.7687418195027,6.646428,0,0,0,40,4882,19.8252,1999.5966796875,,,,,,,,,,,,,0,,,,1.6670766,,,,,,19.68750475,,,,
,44349339.39,19.710741,1999.5966796875,0.00121458486296448,3.3099915999189E-7,1,0.999253354069792,40.0298881530762,2.00184958202303,20.7400005310774,0.0137547669638872,0.00250379763898128,0.25,7.83844258818703E-6,0.00120813422289882,1.38082786625051E-5,19.710741,19.710741,1999.5966796875,1999.5966796875,61.7212960210642,20.7696025083811,6.646428,0,0,0,40,4882,19.8633,1999.5966796875,,,,,,,,,,,,,0,,,,1.6754035,,,,,,19.710741,,,,
,44349340.865,19.7447815,1999.5966796875,0.00121354255572235,2.73654677000832E-7,1,0.999253354069792,40.0298881530762,2.00185843199337,20.7499992102385,0.0137431591963693,0.00250088988896226,0.25,7.76328380516182E-6,0.00120709805841614,1.37288582711986E-5,19.7447815,19.7447815,1999.5966796875,1999.5966796875,61.7064450791988,20.7693659546751,6.646428,0,0,0,40,4882,19.8841,1999.5966796875,,,,,,,,,,,,,0,,,,1.6505056,,,,,,19.7447815,,,,
,44349341.575,19.75361445,1999.5966796875,0.00121247962128234,3.10372905161242E-7,1,0.999253354069792,40.0298881530762,2.00196324458042,20.7400005310774,0.0137317674939391,0.00249905749424798,0.25,7.77679149158332E-6,0.00120604084932873,1.37372903308962E-5,19.7447815,19.7624474,1999.5966796875,1999.5966796875,61.4578872100834,20.7717239364316,7.019488,0,0,0,40,4882,19.8947,1999.5966796875,,,,,,,,,,,,,0,,,,1.6588325,,,,,,19.75361445,,,,
,44349343.775,19.7827492,1999.5966796875,0.00121145109120201,3.55378886758792E-7,1,0.999253354069792,40.0298881530762,2.00198734437826,20.7499992102385,0.0137208860241207,0.00249354025663564,0.25,7.46687851225549E-6,0.00120502003473788,1.34249446511982E-5,19.7827492,19.7827492,1999.5966796875,1999.5966796875,61.6587657395258,20.7681163460571,7.019488,0,0,0,40,4882,19.9365,1999.5966796875,,,,,,,,,,,,,0,,,,1.6670766,,,,,,19.7827492,,,,
,44349345.47,19.8195782,1999.5966796875,0.00121060979089359,2.60714094233367E-7,1,0.999253354069792,40.0298881530762,2.00205080173648,20.7499992102385,0.0137114835651921,0.0024935482655324,0.25,7.60781924225631E-6,0.00120418282404465,1.35615820728986E-5,19.8195782,19.8195782,1999.5966796875,1999.5966796875,61.6165577994873,20.7702207228101,6.646428,0,0,0,40,4882,19.961,1999.5966796875,,,,,,,,,,,,,0,,,,1.6754035,,,,,,19.8195782,,,,
,44349346.15,19.8290787,1999.5966796875,0.00121008260562311,3.57507523902627E-7,1,0.999253354069792,40.0298881530762,2.00205031650913,20.7400005310774,0.013705178580339,0.00249436594976485,0.25,7.77204387981881E-6,0.00120365786704345,1.37226789755309E-5,19.8195782,19.8385792,1999.5966796875,1999.5966796875,61.6048333716988,20.7695491520751,6.646428,0,0,0,40,4882,19.975,1999.5966796875,,,,,,,,,,,,,0,,,,1.6670766,,,,,,19.8290787,,,,
,44349347.355,19.84617615,1999.5966796875,0.00120866323740286,3.17329846093252E-7,1,0.999253354069792,40.0298881530762,2.00205328558987,20.7400005310774,0.0136894459853483,0.00248962409457934,0.25,7.60185337826473E-6,0.00120224721015863,1.35468864717691E-5,19.8385792,19.8537731,1999.5966796875,1999.5966796875,61.6196843135642,20.7685609686971,6.646428,0,0,0,40,4882,19.99605,1999.5966796875,,,,,,,,,,,,,0,,,,1.6587497,,,,,,19.84617615,,,,
,44349348.62,19.87107085,1999.5966796875,0.00120785856687895,2.27236615903503E-7,1,0.999253354069792,40.0298881530762,2.00215512330405,20.7499992102385,0.0136806503395823,0.00249007487404219,0.25,7.77149749482551E-6,0.001201446287586,1.37121819475773E-5,19.8537731,19.8883686,1999.5966796875,1999.5966796875,61.6001436005834,20.7639788136135,7.019488,0,0,0,40,4882,20.0171,1999.5966796875,,,,,,,,,,,,,0,,,,1.6670766,,,,,,19.87107085,,,,
,44349350.655,19.9065971,1999.5966796875,0.00120707367262265,2.76802549253813E-7,1,0.999253354069792,40.0298881530762,2.00228533800076,20.7499992102385,0.013673825178558,0.00248170669894081,0.25,7.15659459347118E-6,0.00120066919313398,1.30975366951206E-5,19.9065971,19.9065971,1999.5966796875,1999.5966796875,61.5610621746219,20.7661376267557,6.646428,0,0,0,40,4882,20.0524,1999.5966796875,,,,,,,,,,,,,0,,,,1.6754035,,,,,,19.9065971,,,,
,44349351.35,19.91479585,1999.5966796875,0.0012061646371528,3.01992855592926E-7,1,0.999253354069792,40.0298881530762,2.00218960030392,20.7499992102385,0.013661351300265,0.00248859456857945,0.25,7.9332064679395E-6,0.0011997612287058,1.3865733236292E-5,19.9065971,19.9229946,1999.5966796875,1999.5966796875,61.5211991201411,20.7675814590486,7.019488,0,0,0,40,4882,20.0596,1999.5966796875,,,,,,,,,,,,,0,,,,1.6670766,,,,,,19.91479585,,,,
,44349353.58,19.9592056,1999.5966796875,0.00120491761602407,2.69107702680515E-7,1,0.999253354069792,40.0298881530762,2.00220010007389,20.7499992102385,0.0136479744225389,0.00248220671352891,0.25,7.58634824190524E-6,0.00119852316761599,1.35155360730024E-5,19.9592056,19.9592056,1999.5966796875,1999.5966796875,61.5813845161219,20.7685565651362,7.019488,0,0,0,40,4882,20.09855,1999.5966796875,,,,,,,,,,,,,0,,,,1.6670766,,,,,,19.9592056,,,,
,44349355.18,19.977644,1999.5966796875,0.00120380797348185,3.16279198219296E-7,1,0.999253354069792,40.0298881530762,2.00210328357682,20.7400005310774,0.0136345868426543,0.00248092744034541,0.25,7.67747294459238E-6,0.00119741940934928,1.36013359661429E-5,19.977644,19.977644,1999.5966796875,1999.5966796875,61.9104501227181,20.7693610283712,7.019488,0,0,0,40,4882,20.1235,1999.5966796875,,,,,,,,,,,,,0,,,,1.6670766,,,,,,19.977644,,,,
,44349355.93,19.9879322,1999.5966796875,0.00120309546527768,3.17263588749046E-7,1,0.999253354069792,40.0298881530762,2.00224193854133,20.7400005310774,0.013627315861482,0.00248020392218215,0.25,7.72388176804087E-6,0.00119671062459893,1.36442501123924E-5,19.977644,19.9982204,1999.5966796875,1999.5966796875,62.0222230009681,20.7683560869878,6.646428,0,0,0,40,4882,20.13415,1999.5966796875,,,,,,,,,,,,,0,,,,1.6670766,,,,,,19.9879322,,,,
,44349357.07,20.0130081,1999.5966796875,0.00120304048065881,3.00430853206412E-7,1,0.999253354069792,40.0298881530762,2.00203553231198,20.7400005310774,0.0136258875812463,0.00247683419017933,0.25,7.45722973917236E-6,0.00119665757946389,1.33792492544909E-5,19.9982204,20.0277958,1999.5966796875,1999.5966796875,61.4445995252565,20.7697515781131,6.646428,0,0,0,40,4882,20.1537,1999.5966796875,,,,,,,,,,,,,0,,,,1.6670766,,,,,,20.0130081,,,,
,44349358.955,20.0461788,1999.5966796875,0.00120134159653419,2.94177391480403E-7,1,0.999253354069792,40.0298881530762,2.00201153647953,20.7400005310774,0.0136060222041654,0.00247602005405921,0.25,7.68484869566013E-6,0.00119496715723386,1.35981537245374E-5,20.0461788,20.0461788,1999.5966796875,1999.5966796875,61.9604743479489,20.7706250298234,7.019488,0,0,0,40,4882,20.1876,1999.5966796875,,,,,,,,,,,,,0,,,,1.6587497,,,,,,20.0461788,,,,
,44349360.455,20.0619888,1999.5966796875,0.00120055132245115,3.12202675955106E-7,1,0.999253354069792,40.0298881530762,2.00221253698373,20.7400005310774,0.0135992325760128,0.00246975140904154,0.25,7.24905010719811E-6,0.00119418367716328,1.31613569347605E-5,20.0619888,20.0619888,1999.5966796875,1999.5966796875,61.4813360656603,20.7673015447589,6.646428,0,0,0,40,4882,20.2106,1999.5966796875,,,,,,,,,,,,,0,,,,1.6587497,,,,,,20.0619888,,,,
,44349361.175,20.0711155,1999.5966796875,0.00120007449147575,2.72728158696796E-7,1,0.999253354069792,40.0298881530762,2.00241759561823,20.7499992102385,0.0135941882093749,0.00247455172324858,0.25,7.73435804461235E-6,0.00119370719215352,1.36420631755934E-5,20.0619888,20.0802422,1999.5966796875,1999.5966796875,61.4445995252565,20.7686424717005,6.646428,0,0,0,40,4882,20.22245,1999.5966796875,,,,,,,,,,,,,0,,,,1.6670766,,,,,,20.0711155,,,,
,44349362.47,20.09820655,1999.5966796875,0.00119850315661759,3.22809188609134E-7,1,0.999253354069792,40.0298881530762,2.00226502241254,20.7400005310774,0.0135760592308324,0.00246742176510021,0.25,7.39629128094626E-6,0.00119214625217544,1.32986369673465E-5,20.0802422,20.1161709,1999.5966796875,1999.5966796875,61.9198296649489,20.7664036673798,6.646428,0,0,0,40,4882,20.2462,1999.5966796875,,,,,,,,,,,,,0,,,,1.6754035,,,,,,20.09820655,,,,
,44349364.6,20.1342754,1999.5966796875,0.00119775003878256,2.95450265203313E-7,1,0.999253354069792,40.0298881530762,2.00215581262985,20.7400005310774,0.0135662279556219,0.00246918640584476,0.25,7.6941718874124E-6,0.00119139632798632,1.35922143399943E-5,20.1342754,20.1342754,1999.5966796875,1999.5966796875,61.6149945424488,20.7703616147836,7.019488,0,0,0,40,4882,20.2826,1999.5966796875,,,,,,,,,,,,,0,,,,1.6587497,,,,,,20.1342754,,,,
,44349365.265,20.1444187,1999.5966796875,0.00119708491036822,2.39137524827325E-7,1,0.999253354069792,40.0298881530762,2.00228922576605,20.7400005310774,0.0135604990274618,0.00246259891349016,0.25,7.21582392432761E-6,0.0011907372392664,1.31133316955732E-5,20.1342754,20.154562,1999.5966796875,1999.5966796875,61.8096200437373,20.7672391551736,7.019488,0,0,0,40,4882,20.2913,1999.5966796875,,,,,,,,,,,,,0,,,,1.6670766,,,,,,20.1444187,,,,
,44349367.42,20.18039795,1999.5966796875,0.00119590338841234,2.40129726447602E-7,1,0.999253354069792,40.0298881530762,2.0022635322832,20.7400005310774,0.0135458942496463,0.00246620352131974,0.25,7.7423926105732E-6,0.00118956007161563,1.3632307557062E-5,20.1700706,20.1907253,1999.5966796875,1999.5966796875,61.1397644027565,20.76971606381,6.646428,0,0,0,40,4882,20.32865,1999.5966796875,,,,,,,,,,,,,0,,,,1.6922244,,,,,,20.18039795,,,,
,44349368.865,20.2064934,1999.5966796875,0.00119486906566419,2.88495871942021E-7,1,0.999253354069792,40.0298881530762,2.0021972971908,20.7499992102385,0.0135344688908344,0.00245993774172345,0.25,7.37732083593564E-6,0.00118853347557898,1.32647067824201E-5,20.2064934,20.2064934,1999.5966796875,1999.5966796875,61.7361469629296,20.7702306054111,6.646428,0,0,0,40,4882,20.35265,1999.5966796875,,,,,,,,,,,,,0,,,,1.6922244,,,,,,20.2064934,,,,
,44349369.555,20.2148018,1999.5966796875,0.00119424240243829,3.11019400381077E-7,1,0.999253354069792,40.0298881530762,2.0021969051705,20.7400005310774,0.013526708449495,0.00246242614195975,0.25,7.70631423596516E-6,0.00118790875177383,1.35892091962601E-5,20.2064934,20.2231102,1999.5966796875,1999.5966796875,61.6110863998527,20.7702202663069,7.019488,0,0,0,40,4882,20.36505,1999.5966796875,,,,,,,,,,,,,0,,,,1.68381395,,,,,,20.2148018,,,,
,44349370.835,20.2334776,1999.5966796875,0.00119355483887475,3.04589695124329E-7,1,0.999253354069792,40.0298881530762,2.0021228749794,20.7499992102385,0.0135188240073348,0.00245878958373907,0.25,7.5131308356148E-6,0.00118722622589999,1.33942574876379E-5,20.2231102,20.243845,1999.5966796875,1999.5966796875,61.8002405015065,20.7697522372627,6.646428,0,0,0,40,4882,20.38695,1999.5966796875,,,,,,,,,,,,,0,,,,1.6754035,,,,,,20.2334776,,,,
,44349371.96,20.25348475,1999.5966796875,0.00119241809412771,2.92016414135598E-7,1,0.999253354069792,40.0298881530762,2.00214052528198,20.7400005310774,0.0135057427969413,0.00245831348321287,0.25,7.66809024923238E-6,0.00118609507222079,1.35432937978881E-5,20.243845,20.2631245,1999.5966796875,1999.5966796875,61.3656550448142,20.7703432871021,7.019488,0,0,0,40,4882,20.40555,1999.5966796875,,,,,,,,,,,,,0,,,,1.68381395,,,,,,20.25348475,,,,
,44349373.805,20.2979317,1999.5966796875,0.0011923477651431,3.21704069367406E-7,1,0.999253354069792,40.0298881530762,2.00210459335897,20.7400005310774,0.0135046950738924,0.00245827877485391,0.25,7.68010499003005E-6,0.00118602559217661,1.35557630500501E-5,20.2979317,20.2979317,1999.5966796875,1999.5966796875,61.8682421826796,20.769883159085,6.646428,0,0,0,40,4882,20.4356,1999.5966796875,,,,,,,,,,,,,0,,,,1.6922244,,,,,,20.2979317,,,,
,44349375.275,20.3119831,1999.5966796875,0.00119077513417264,2.39967400087534E-7,1,0.999253354069792,40.0298881530762,2.00207913380029,20.7400005310774,0.0134871224098426,0.0024527488749706,0.25,7.47004595325363E-6,0.00118446284185427,1.33397126477662E-5,20.3119831,20.3119831,1999.5966796875,1999.5966796875,61.7416183625642,20.7702324658184,7.019488,0,0,0,40,4882,20.4598,1999.5966796875,,,,,,,,,,,,,0,,,,1.6922244,,,,,,20.3119831,,,,
,44349375.94,20.3206606,1999.5966796875,0.00119024151407029,3.03169323282605E-7,1,0.999253354069792,40.0298881530762,2.00202996511144,20.7400005310774,0.0134804678439078,0.00245329504612061,0.25,7.61644609787696E-6,0.00118393158728728,1.34830606592853E-5,20.3119831,20.3293381,1999.5966796875,1999.5966796875,61.7095715932758,20.7718808625934,7.019488,0,0,0,40,4882,20.47235,1999.5966796875,,,,,,,,,,,,,0,,,,1.68381395,,,,,,20.3206606,,,,
,44349377.135,20.3387461,1999.5966796875,0.00118951756849286,3.25767594906524E-7,1,0.999253354069792,40.0298881530762,2.00196984600936,20.7400005310774,0.013472391137551,0.00244886962507339,0.25,7.35855717622055E-6,0.00118321321800999,1.32235879753913E-5,20.3293381,20.3481541,1999.5966796875,1999.5966796875,61.7783549029681,20.7711541997684,6.646428,0,0,0,40,4882,20.49445,1999.5966796875,,,,,,,,,,,,,0,,,,1.68381395,,,,,,20.3387461,,,,
,44349378.265,20.36553955,1999.5966796875,0.00118915009666418,3.50110273487934E-7,1,0.999253354069792,40.0298881530762,2.00188653592406,20.7400005310774,0.0134677739384357,0.00244758641336063,0.25,7.31788175367518E-6,0.00118284815034191,1.31817592337037E-5,20.3481541,20.382925,1999.5966796875,1999.5966796875,61.6532943398911,20.770303388402,6.646428,0,0,0,40,4882,20.5099,1999.5966796875,,,,,,,,,,,,,0,,,,1.68381395,,,,,,20.36553955,,,,
,44349379.43,20.3907852,1999.5966796875,0.00118777119598069,3.74656970257902E-7,1,0.999253354069792,40.0298881530762,2.0018855743612,20.7400005310774,0.0134516238360753,0.00244777066967632,0.25,7.57557831881257E-6,0.00118147550088103,1.34316998846203E-5,20.382925,20.3986454,1999.5966796875,1999.5966796875,61.9104501227181,20.7670844691719,6.646428,0,0,0,40,4882,20.52495,1999.5966796875,,,,,,,,,,,,,0,,,,1.6754035,,,,,,20.3907852,,,,
,44349381.485,20.4159527,1999.5966796875,0.00118708674015001,2.68939808390502E-7,1,0.999253354069792,40.0298881530762,2.00182707833719,20.7499992102385,0.0134439731700914,0.00244364163736509,0.25,7.33616874309043E-6,0.00118079669599081,1.31912690929408E-5,20.4159527,20.4159527,1999.5966796875,1999.5966796875,61.5079114353142,20.7721183839015,6.646428,0,0,0,40,4882,20.5622,1999.5966796875,,,,,,,,,,,,,0,,,,1.6922244,,,,,,20.4159527,,,,
,44349383.015,20.4514637,1999.5966796875,0.00118580564391952,2.51680657111558E-7,1,0.999253354069792,40.0298881530762,2.00189885116303,20.7499992102385,0.0134300088277977,0.00244063769026947,0.25,7.28758888584757E-6,0.00117952316552579,1.3137441786769E-5,20.4514637,20.4514637,1999.5966796875,1999.5966796875,61.7283306777373,20.7725506991212,6.646428,0,0,0,40,4882,20.5906,1999.5966796875,,,,,,,,,,,,,0,,,,1.6922244,,,,,,20.4514637,,,,
,44349384.57,20.4671421,1999.5966796875,0.00118548173144092,3.31708697258393E-7,1,0.999253354069792,40.0298881530762,2.00191923908629,20.7400005310774,0.0134258838627563,0.00244337931851501,0.25,7.58325843414798E-6,0.00117920007971609,1.34307026033335E-5,20.4671421,20.4671421,1999.5966796875,1999.5966796875,61.6134312854104,20.7712510832785,6.646428,0,0,0,40,4882,20.61545,1999.5966796875,,,,,,,,,,,,,0,,,,1.6754035,,,,,,20.4671421,,,,
,44349385.97,20.4879379,1999.5966796875,0.0011838854539,3.41503762946691E-7,1,0.999253354069792,40.0298881530762,2.00187323455589,20.7499992102385,0.0134079517001384,0.00243757473779711,0.25,7.35498246926009E-6,0.00117761400843924,1.31965741055065E-5,20.4879379,20.4879379,1999.5966796875,1999.5966796875,61.6204659420834,20.7717048818694,6.646428,0,0,0,40,4882,20.6439,1999.5966796875,,,,,,,,,,,,,0,,,,1.6922244,,,,,,20.4879379,,,,
,44349387.615,20.5224495,1999.5966796875,0.00118343173553596,3.43829251173466E-7,1,0.999253354069792,40.0298881530762,2.00190453565152,20.7400005310774,0.0134024393951322,0.00243996735949092,0.25,7.64176839852223E-6,0.00117716157387353,1.34801569994072E-5,20.5224495,20.5224495,1999.5966796875,1999.5966796875,61.5837294016796,20.7725948092098,7.019488,0,0,0,40,4882,20.6621,1999.5966796875,,,,,,,,,,,,,0,,,,1.6754035,,,,,,20.5224495,,,,
,44349388.28,20.5317402,1999.5966796875,0.00118233111613907,3.0379885704292E-7,1,0.999253354069792,40.0298881530762,2.00185550851575,20.7400005310774,0.0133902651560075,0.00243422815751858,0.25,7.33311999909525E-6,0.0011760686228314,1.31681040235902E-5,20.5224495,20.5410309,1999.5966796875,1999.5966796875,61.6978471654873,20.7728205478223,7.019488,0,0,0,40,4882,20.6762,1999.5966796875,,,,,,,,,,,,,0,,,,1.68381395,,,,,,20.5317402,,,,
,44349389.475,20.5490351,1999.5966796875,0.00118119708457267,2.54948797334688E-7,1,0.999253354069792,40.0298881530762,2.00189575533464,20.7400005310774,0.0133774086110254,0.00243350997617674,0.25,7.46380438680885E-6,0.00117494041727962,1.32931362520807E-5,20.5410309,20.5570393,1999.5966796875,1999.5966796875,61.7338020773719,20.7716629219865,7.019488,0,0,0,40,4882,20.6977,1999.5966796875,,,,,,,,,,,,,0,,,,1.7007193,,,,,,20.5490351,,,,
,44349391.51,20.5930748,1999.5966796875,0.00118075565109082,2.79273136862181E-7,1,0.999253354069792,40.0298881530762,2.00180641591617,20.7400005310774,0.013372029828821,0.00243147203246758,0.25,7.36933056291159E-6,0.00117450254808971,1.31980933408719E-5,20.5930748,20.5930748,1999.5966796875,1999.5966796875,61.4172425270834,20.7719157482952,7.019488,0,0,0,40,4882,20.7336,1999.5966796875,,,,,,,,,,,,,0,,,,1.6922244,,,,,,20.5930748,,,,
,44349392.21,20.60055445,1999.5966796875,0.00117963659823948,2.94315911506442E-7,1,0.999253354069792,40.0298881530762,2.00178175860971,20.7499992102385,0.0133589500685283,0.00243057453221227,0.25,7.48869570467084E-6,0.00117338895918005,1.33114995972605E-5,20.5930748,20.6080341,1999.5966796875,1999.5966796875,61.6728350528719,20.7750481422038,6.273368,0,0,0,40,4882,20.7409,1999.5966796875,,,,,,,,,,,,,0,,,,1.68381395,,,,,,20.60055445,,,,
,44349394.465,20.6250668,1999.5966796875,0.00117885105007254,2.99031410000975E-7,1,0.999253354069792,40.0298881530762,2.00181029789963,20.7400005310774,0.0133504276411056,0.00242795235401031,0.25,7.39096846865737E-6,0.0011726089245002,1.32115334812871E-5,20.6250668,20.6250668,1999.5966796875,1999.5966796875,61.7236409066219,20.7716218089247,7.019488,0,0,0,40,4882,20.7771,1999.5966796875,,,,,,,,,,,,,0,,,,1.6922244,,,,,,20.6250668,,,,
,44349395.195,20.6437054,1999.5966796875,0.00117747088640631,2.71219302788591E-7,1,0.999253354069792,40.0298881530762,2.00176317467278,20.7499992102385,0.0133340543251301,0.00242760808756574,0.25,7.60696460741863E-6,0.00117123525938699,1.34199878273118E-5,20.6250668,20.662344,1999.5966796875,1999.5966796875,61.5391765760834,20.7745310107272,7.019488,0,0,0,40,4882,20.79135,1999.5966796875,,,,,,,,,,,,,0,,,,1.6922244,,,,,,20.6437054,,,,
,44349396.465,20.6718073,1999.5966796875,0.00117715689340155,3.61205445657881E-7,1,0.999253354069792,40.0298881530762,2.00196459272972,20.7400005310774,0.0133321385861774,0.00242515769042078,0.25,7.4246188683716E-6,0.00117092429925062,1.32377394870848E-5,20.662344,20.6812706,1999.5966796875,1999.5966796875,61.5219807486604,20.770353734034,7.019488,0,0,0,40,4882,20.8131,1999.5966796875,,,,,,,,,,,,,0,,,,1.6922244,,,,,,20.6718073,,,,
,44349397.725,20.68939685,1999.5966796875,0.00117676461927442,2.99063432492691E-7,1,0.999253354069792,40.0298881530762,2.00214293027371,20.7499992102385,0.013328841723472,0.00242450404723194,0.25,7.41683282409897E-6,0.00117053466211102,1.32287491787052E-5,20.6812706,20.6975231,1999.5966796875,1999.5966796875,61.6728350528719,20.7728237662648,6.646428,0,0,0,40,4882,20.8349,1999.5966796875,,,,,,,,,,,,,0,,,,1.7007193,,,,,,20.68939685,,,,
,44349399.01,20.70515825,1999.5966796875,0.00117574206132092,3.49231544803602E-7,1,0.999253354069792,40.0298881530762,2.00197372695531,20.7400005310774,0.0133157697276291,0.00242462219337725,0.25,7.62301110513289E-6,0.00116951700428243,1.34294639558141E-5,20.6975231,20.7127934,1999.5966796875,1999.5966796875,61.8244709856027,20.770157890351,7.019488,0,0,0,40,4882,20.8566,1999.5966796875,,,,,,,,,,,,,0,,,,1.7092142,,,,,,20.70515825,,,,
,44349400.27,20.72287655,1999.5966796875,0.0011750156091167,2.88874417338659E-7,1,0.999253354069792,40.0298881530762,2.00195453715479,20.7499992102385,0.0133078880578576,0.00242047492021619,0.25,7.38578961693861E-6,0.00116879609628886,1.31905929621941E-5,20.7127934,20.7329597,1999.5966796875,1999.5966796875,61.5563724035065,20.7719808381176,6.646428,0,0,0,40,4882,20.87845,1999.5966796875,,,,,,,,,,,,,0,,,,1.7092142,,,,,,20.72287655,,,,
,44349402.39,20.7670231,1999.5966796875,0.00117410409726357,3.14794880953991E-7,1,0.999253354069792,40.0298881530762,2.0018521133179,20.7400005310774,0.0132959635052604,0.00242395628867472,0.25,7.8620435370868E-6,0.00116788764506105,1.36607796383531E-5,20.7670231,20.7670231,1999.5966796875,1999.5966796875,61.4625769811988,20.769379806212,7.019488,0,0,0,40,4882,20.908,1999.5966796875,,,,,,,,,,,,,0,,,,1.6922244,,,,,,20.7670231,,,,
,44349403.095,20.776124,1999.5966796875,0.00117343384862295,2.74455733285624E-7,1,0.999253354069792,40.0298881530762,2.00184860266603,20.7499992102385,0.0132890913969108,0.00241837372083876,0.25,7.48702202393247E-6,0.00116722316543674,1.32848760377872E-5,20.7670231,20.7852249,1999.5966796875,1999.5966796875,61.6243740846796,20.7704907456095,7.019488,0,0,0,40,4882,20.92245,1999.5966796875,,,,,,,,,,,,,0,,,,1.6922244,,,,,,20.776124,,,,
,44349404.245,20.79411505,1999.5966796875,0.00117271153728214,3.2110150751029E-7,1,0.999253354069792,40.0298881530762,2.00182826284124,20.7499992102385,0.0132816081572699,0.00241219321882143,0.25,7.06981021183937E-6,0.00116650728570042,1.28669977600244E-5,20.7852249,20.8030052,1999.5966796875,1999.5966796875,61.5352684334873,20.7737951031801,6.646428,0,0,0,40,4882,20.94445,1999.5966796875,,,,,,,,,,,,,0,,,,1.7007193,,,,,,20.79411505,,,,
,44349406.265,20.82836915,1999.5966796875,0.00117147432743444,3.75943413995543E-7,1,0.999253354069792,40.0298881530762,2.00189207608296,20.7400005310774,0.0132667773808248,0.00241674673351047,0.25,7.68058742857516E-6,0.00116527445416153,1.34696314942723E-5,20.8179569,20.8387814,1999.5966796875,1999.5966796875,61.7681937322181,20.7704713133842,6.646428,0,0,0,40,4882,20.981,1999.5966796875,,,,,,,,,,,,,0,,,,1.6922244,,,,,,20.82836915,,,,
,44349407.835,20.8539066,1999.5966796875,0.00117046549096425,3.35590648512243E-7,1,0.999253354069792,40.0298881530762,2.00177174786874,20.7400005310774,0.0132549880422332,0.00241231506131457,0.25,7.47799529053419E-6,0.00116427246738623,1.32638373194138E-5,20.8539066,20.8539066,1999.5966796875,1999.5966796875,61.496968636045,20.7720512742697,6.646428,0,0,0,40,4882,21.0033,1999.5966796875,,,,,,,,,,,,,0,,,,1.7092142,,,,,,20.8539066,,,,
,44349409.36,20.8718929,1999.5966796875,0.00116978507860217,3.03595074824766E-7,1,0.999253354069792,40.0298881530762,2.00185791471481,20.7400005310774,0.0132483216448523,0.00240822350199393,0.25,7.22687219174576E-6,0.0011635974651907,1.3011409219709E-5,20.8718929,20.8718929,1999.5966796875,1999.5966796875,61.7853895596412,20.7712800388201,6.646428,0,0,0,40,4882,21.0257,1999.5966796875,,,,,,,,,,,,,0,,,,1.7092142,,,,,,20.8718929,,,,
,44349410.895,20.9068336,1999.5966796875,0.00116848457108167,3.16486768143517E-7,1,0.999253354069792,40.0298881530762,2.0021717786864,20.7499992102385,0.0132353995159983,0.00240691807986019,0.25,7.30701811793395E-6,0.00116230410785153,1.30856642180535E-5,20.9068336,20.9068336,1999.5966796875,1999.5966796875,61.6235924561604,20.7689496636242,6.646428,0,0,0,40,4882,21.0551,1999.5966796875,,,,,,,,,,,,,0,,,,1.6922244,,,,,,20.9068336,,,,
,44349411.59,20.91626355,1999.5966796875,0.00116809261446672,2.73624889637309E-7,1,0.999253354069792,40.0298881530762,2.00215683807171,20.7499992102385,0.0132301616083841,0.00241013563176566,0.25,7.6604448211595E-6,0.00116191285690236,1.34357918275805E-5,20.9068336,20.9256935,1999.5966796875,1999.5966796875,61.9276459501412,20.7677837613362,6.646428,0,0,0,40,4882,21.06995,1999.5966796875,,,,,,,,,,,,,0,,,,1.7007193,,,,,,20.91626355,,,,
,44349412.765,20.93494035,1999.5966796875,0.00116733176772161,2.53587496260755E-7,1,0.999253354069792,40.0298881530762,2.00190923301693,20.7400005310774,0.0132206128597807,0.00240475268903575,0.25,7.3432933516101E-6,0.00116115817313819,1.31172860744962E-5,20.9256935,20.9441872,1999.5966796875,1999.5966796875,61.7259857921796,20.7683985598714,7.019488,0,0,0,40,4882,21.09215,1999.5966796875,,,,,,,,,,,,,0,,,,1.7007193,,,,,,20.93494035,,,,
,44349413.965,20.95114995,1999.5966796875,0.00116685098926405,2.44120494523285E-7,1,0.999253354069792,40.0298881530762,2.00206502326992,20.7400005310774,0.013215178351131,0.00240948957491951,0.25,7.82907105049151E-6,0.0011606778839987,1.35986395094035E-5,20.9441872,20.9581127,1999.5966796875,1999.5966796875,61.8104016722565,20.7717940292719,7.019488,0,0,0,40,4882,21.10725,1999.5966796875,,,,,,,,,,,,,0,,,,1.7007193,,,,,,20.95114995,,,,
,44349416.18,20.9966621,1999.5966796875,0.00116579539054287,3.54657814509774E-7,1,0.999253354069792,40.0298881530762,2.00177750846918,20.7400005310774,0.0132021152922342,0.00240306433872098,0.25,7.4750858782941E-6,0.001159630521206,1.32425647178749E-5,20.9966621,20.9966621,1999.5966796875,1999.5966796875,61.8369770419104,20.7702827103856,6.646428,0,0,0,40,4882,21.1447,1999.5966796875,,,,,,,,,,,,,0,,,,1.7092142,,,,,,20.9966621,,,,
,44349416.905,21.00482655,1999.5966796875,0.00116495186904992,2.38426443607693E-7,1,0.999253354069792,40.0298881530762,2.0017994132662,20.7400005310774,0.0131932536342313,0.00239822398184915,0.25,7.1933052274537E-6,0.00115879325515845,1.2958581848951E-5,20.9966621,21.012991,1999.5966796875,1999.5966796875,62.0316025431989,20.7715027767262,6.646428,0,0,0,40,4882,21.15945,1999.5966796875,,,,,,,,,,,,,0,,,,1.7092142,,,,,,21.00482655,,,,
,44349418.195,21.02934935,1999.5966796875,0.00116360371431794,2.73522650483184E-7,1,0.999253354069792,40.0298881530762,2.00173571758804,20.7499992102385,0.0131771207191875,0.00239806846570121,0.25,7.42158436959338E-6,0.00115745161841124,1.31797296516569E-5,21.012991,21.0457077,1999.5966796875,1999.5966796875,61.4985318930834,20.7713239289542,6.646428,0,0,0,40,4882,21.1817,1999.5966796875,,,,,,,,,,,,,0,,,,1.7092142,,,,,,21.02934935,,,,
,44349419.515,21.05544375,1999.5966796875,0.00116280789679468,2.94403332580963E-7,1,0.999253354069792,40.0298881530762,2.00180451957296,20.7400005310774,0.0131684242960361,0.00239720125518332,0.25,7.47688958509893E-6,0.00115666025835288,1.32315516328352E-5,21.0457077,21.0651798,1999.5966796875,1999.5966796875,61.6407882835834,20.773456242383,6.273368,0,0,0,40,4882,21.2035,1999.5966796875,,,,,,,,,,,,,0,,,,1.7007193,,,,,,21.05544375,,,,
,44349420.79,21.07341955,1999.5966796875,0.00116278759210516,3.00180762148732E-7,1,0.999253354069792,40.0298881530762,2.00185328658282,20.7400005310774,0.013168942454675,0.00239473460476033,0.25,7.25705049095891E-6,0.00115664179152518,1.30135866588877E-5,21.0651798,21.0816593,1999.5966796875,1999.5966796875,61.537613319045,20.7688525532933,7.019488,0,0,0,40,4882,21.2265,1999.5966796875,,,,,,,,,,,,,0,,,,1.6922244,,,,,,21.07341955,,,,
,44349422.035,21.088439,1999.5966796875,0.00116171020861697,2.77132567091772E-7,1,0.999253354069792,40.0298881530762,2.00177482270119,20.7400005310774,0.0131566382713906,0.00239024851683488,0.25,7.0574064660603E-6,0.00115557162321763,1.28103390343514E-5,21.0816593,21.0952187,1999.5966796875,1999.5966796875,61.4985318930834,20.7696951472938,7.019488,0,0,0,40,4882,21.2465,1999.5966796875,,,,,,,,,,,,,0,,,,1.7007193,,,,,,21.088439,,,,
,44349423.305,21.105155,1999.5966796875,0.00116081272611924,2.89437564659414E-7,1,0.999253354069792,40.0298881530762,2.00176754663066,20.7400005310774,0.0131454993960857,0.00239372890624423,0.25,7.52171430605838E-6,0.0011546771062317,1.32684668902918E-5,21.0952187,21.1150913,1999.5966796875,1999.5966796875,61.5227623771796,20.7699638920415,6.646428,0,0,0,40,4882,21.26685,1999.5966796875,,,,,,,,,,,,,0,,,,1.7092142,,,,,,21.105155,,,,
,44349424.56,21.13183975,1999.5966796875,0.00116031393805394,2.61784070117061E-7,1,0.999253354069792,40.0298881530762,2.00184386625602,20.7400005310774,0.0131407172639534,0.00239060301200236,0.25,7.32500142463834E-6,0.00115418243602147,1.30710383499668E-5,21.1150913,21.1485882,1999.5966796875,1999.5966796875,61.7220776495834,20.7699601291793,6.646428,0,0,0,40,4882,21.28725,1999.5966796875,,,,,,,,,,,,,0,,,,1.7092142,,,,,,21.13183975,,,,
,44349425.875,21.15782455,1999.5966796875,0.00115945087994399,3.13212885462425E-7,1,0.999253354069792,40.0298881530762,2.00188337160579,20.7400005310774,0.0131309584213096,0.00239022343905455,0.25,7.43812631412308E-6,0.00115332386144411,1.31799961935667E-5,21.1485882,21.1670609,1999.5966796875,1999.5966796875,61.7056634506796,20.7724505432417,6.646428,0,0,0,40,4882,21.30735,1999.5966796875,,,,,,,,,,,,,0,,,,1.7177944,,,,,,21.15782455,,,,
,44349427.22,21.17628195,1999.5966796875,0.00115804637514958,3.19197248295383E-7,1,0.999253354069792,40.0298881530762,2.00181084503546,20.7499992102385,0.0131147863139253,0.00238622012316602,0.25,7.3378105832688E-6,0.00115192780334694,1.30739524014634E-5,21.1670609,21.185503,1999.5966796875,1999.5966796875,61.6196843135642,20.7700467222082,6.646428,0,0,0,40,4882,21.32785,1999.5966796875,,,,,,,,,,,,,0,,,,1.7263746,,,,,,21.17628195,,,,
,44349429.485,21.2102442,1999.5966796875,0.0011575955388978,2.94556068763904E-7,1,0.999253354069792,40.0298881530762,2.00184967028209,20.7400005310774,0.0131093945980579,0.0023884174647434,0.25,7.60523754876952E-6,0.00115147905717065,1.33391120676955E-5,21.2001934,21.220295,1999.5966796875,1999.5966796875,61.3070329058719,20.7727744572386,7.019488,0,0,0,40,4882,21.36555,1999.5966796875,,,,,,,,,,,,,0,,,,1.7092142,,,,,,21.2102442,,,,
,44349430.94,21.2367859,1999.5966796875,0.00115680007627334,3.21052914545649E-7,1,0.999253354069792,40.0298881530762,2.00173547527637,20.7499992102385,0.0131005441141093,0.0023817341556095,0.25,7.16568712015836E-6,0.00115069062955825,1.28988047963555E-5,21.2367859,21.2367859,1999.5966796875,1999.5966796875,61.7189511355065,20.7717097395487,6.646428,0,0,0,40,4882,21.38995,1999.5966796875,,,,,,,,,,,,,0,,,,1.7092142,,,,,,21.2367859,,,,
,44349432.345,21.2536278,1999.5966796875,0.00115587103214822,3.00042969414873E-7,1,0.999253354069792,40.0298881530762,2.00176640862279,20.7499992102385,0.0130890200506581,0.00238671873499187,0.25,7.76421158280487E-6,0.00114976417852859,1.34904382642789E-5,21.2536278,21.2536278,1999.5966796875,1999.5966796875,61.6626738821219,20.7702243942,6.646428,0,0,0,40,4882,21.41375,1999.5966796875,,,,,,,,,,,,,0,,,,1.7263746,,,,,,21.2536278,,,,
,44349433.065,21.27040675,1999.5966796875,0.00115566387535236,3.22710712343333E-7,1,0.999253354069792,40.0298881530762,2.0018291576921,20.7400005310774,0.0130886893845245,0.0023771228591659,0.25,6.94737704831422E-6,0.00114956250480932,1.26773157548846E-5,21.2536278,21.2871857,1999.5966796875,1999.5966796875,61.7142613643912,20.7726504852854,7.019488,0,0,0,40,4882,21.426,1999.5966796875,,,,,,,,,,,,,0,,,,1.7263746,,,,,,21.27040675,,,,
,44349434.315,21.29566955,1999.5966796875,0.00115463219554905,2.44643305916357E-7,1,0.999253354069792,40.0298881530762,2.0017951260156,20.7499992102385,0.0130759740054788,0.00237967182213232,0.25,7.35565750784142E-6,0.00114853478984084,1.30791110483582E-5,21.2871857,21.3041534,1999.5966796875,1999.5966796875,61.9307724642181,20.7695532075051,6.646428,0,0,0,40,4882,21.4475,1999.5966796875,,,,,,,,,,,,,0,,,,1.7177944,,,,,,21.29566955,,,,
,44349435.52,21.3125391,1999.5966796875,0.00115387949640204,2.86470465532616E-7,1,0.999253354069792,40.0298881530762,2.00175938920498,20.7400005310774,0.0130670319591454,0.00237923867397021,0.25,7.45212845402799E-6,0.00114778619593945,1.31721315475954E-5,21.3041534,21.3209248,1999.5966796875,1999.5966796875,61.6548575969296,20.7722347151776,6.646428,0,0,0,40,4882,21.46905,1999.5966796875,,,,,,,,,,,,,0,,,,1.7177944,,,,,,21.3125391,,,,
,44349437.515,21.3387794,1999.5966796875,0.00115333944213044,2.92801370582421E-7,1,0.999253354069792,40.0298881530762,2.00169588018558,20.7400005310774,0.013061752390145,0.00237110452859718,0.25,6.8342438273978E-6,0.00114725307174776,1.25560817540286E-5,21.3387794,21.3387794,1999.5966796875,1999.5966796875,61.9557845768335,20.7711944242074,6.646428,0,0,0,40,4882,21.503,1999.5966796875,,,,,,,,,,,,,0,,,,1.7177944,,,,,,21.3387794,,,,
,44349439.12,21.3692589,1999.5966796875,0.00115218443081054,2.85807913011566E-7,1,0.999253354069792,40.0298881530762,2.00177704055669,20.7400005310774,0.0130480265135598,0.00237541775739309,0.25,7.40815426129923E-6,0.00114610193717924,1.31221566913378E-5,21.3692589,21.3692589,1999.5966796875,1999.5966796875,62.0753737402758,20.7695834906666,6.646428,0,0,0,40,4882,21.5277,1999.5966796875,,,,,,,,,,,,,0,,,,1.7092142,,,,,,21.3692589,,,,
,44349439.82,21.37888145,1999.5966796875,0.0011511352442029,3.09087703611517E-7,1,0.999253354069792,40.0298881530762,2.00180619106574,20.7499992102385,0.0130359669201475,0.00237535970954903,0.25,7.58359826088284E-6,0.00114505777878033,1.32919455119215E-5,21.3692589,21.388504,1999.5966796875,1999.5966796875,61.7955507303912,20.7719565061178,6.646428,0,0,0,40,4882,21.54085,1999.5966796875,,,,,,,,,,,,,0,,,,1.7177944,,,,,,21.37888145,,,,
,44349441.825,21.4079628,1999.5966796875,0.00115035341071493,3.06496416711508E-7,1,0.999253354069792,40.0298881530762,2.00167468179436,20.7400005310774,0.0130262475691889,0.00237396359729466,0.25,7.6090325235049E-6,0.00114428107627149,1.33148087472955E-5,21.4079628,21.4079628,1999.5966796875,1999.5966796875,61.5837294016796,20.7708935771019,6.646428,0,0,0,40,4882,21.5789,1999.5966796875,,,,,,,,,,,,,0,,,,1.7263746,,,,,,21.4079628,,,,
,44349443.295,21.4444981,1999.5966796875,0.00114931039233898,2.58992098317859E-7,1,0.999253354069792,40.0298881530762,2.00190685131163,20.7499992102385,0.0130164356249246,0.00236890374093014,0.25,7.32179787789288E-6,0.00114324541475841,1.30245909439784E-5,21.4444981,21.4444981,1999.5966796875,1999.5966796875,61.6337536269103,20.772432830592,7.019488,0,0,0,40,4882,21.5975,1999.5966796875,,,,,,,,,,,,,0,,,,1.7263746,,,,,,21.4444981,,,,
,44349443.785,21.45218565,1999.5966796875,0.00114870367273413,2.86551759670055E-7,1,0.999253354069792,40.0298881530762,2.00179523237279,20.7400005310774,0.0130095320011516,0.00236379062628966,0.25,6.98795554121569E-6,0.0011426437999659,1.26897991967175E-5,21.4444981,21.4598732,1999.5966796875,1999.5966796875,61.1960416561411,20.7704752974155,6.646428,0,0,0,40,4882,21.606,1999.5966796875,,,,,,,,,,,,,0,,,,1.7263746,,,,,,21.45218565,,,,
,44349445.61,21.4794559,1999.5966796875,0.00114860518136231,2.81823131423418E-7,1,0.999253354069792,40.0298881530762,2.00184548816045,20.7499992102385,0.0130080114785678,0.00236780659201533,0.25,7.35275732779447E-6,0.00114254519005355,1.305368507E-5,21.4794559,21.4794559,1999.5966796875,1999.5966796875,61.669708538795,20.7699863123621,7.019488,0,0,0,40,4882,21.6441,1999.5966796875,,,,,,,,,,,,,0,,,,1.7263746,,,,,,21.4794559,,,,
,44349447.17,21.4968834,1999.5966796875,0.00114689450861695,2.39443962180092E-7,1,0.999253354069792,40.0298881530762,2.00180739021066,20.7400005310774,0.0129880632009075,0.00236621943943489,0.25,7.51562533584706E-6,0.0011408433766107,1.32080396466453E-5,21.4968834,21.4968834,1999.5966796875,1999.5966796875,61.8260342426412,20.7720566132626,7.019488,0,0,0,40,4882,21.6667,1999.5966796875,,,,,,,,,,,,,0,,,,1.7263746,,,,,,21.4968834,,,,
,44349448.775,21.5339012,1999.5966796875,0.00114620131022906,2.66525024539855E-7,1,0.999253354069792,40.0298881530762,2.00185218320971,20.7499992102385,0.0129811902924931,0.00236090369727145,0.25,7.16259347529931E-6,0.00114015643895255,1.28545758521464E-5,21.5339012,21.5339012,1999.5966796875,1999.5966796875,61.679869709545,20.7701836692661,6.646428,0,0,0,40,4882,21.6966,1999.5966796875,,,,,,,,,,,,,0,,,,1.7092142,,,,,,21.5339012,,,,
,44349450.18,21.5505352,1999.5966796875,0.00114552028475186,3.03338346935838E-7,1,0.999253354069792,40.0298881530762,2.00174606781997,20.7499992102385,0.0129720868594572,0.00236362299745369,0.25,7.5314107537034E-6,0.00113947784911713,1.3218946274753E-5,21.5505352,21.5505352,1999.5966796875,1999.5966796875,61.5211991201411,20.7718355950452,6.646428,0,0,0,40,4882,21.719,1999.5966796875,,,,,,,,,,,,,0,,,,1.72646075,,,,,,21.5505352,,,,
,44349451.72,21.5849876,1999.5966796875,0.00114439062907597,2.99952522649066E-7,1,0.999253354069792,40.0298881530762,2.00173029305806,20.7499992102385,0.0129595378558748,0.00235939210708132,0.25,7.35660254078491E-6,0.00113835587613465,1.30406012901123E-5,21.5849876,21.5849876,1999.5966796875,1999.5966796875,61.8338505278335,20.7706547790976,6.646428,0,0,0,40,4882,21.7489,1999.5966796875,,,,,,,,,,,,,0,,,,1.7092142,,,,,,21.5849876,,,,
,44349452.455,21.59372425,1999.5966796875,0.00114366229135493,2.7078689202856E-7,1,0.999253354069792,40.0298881530762,2.00186448099426,20.7400005310774,0.012952115066586,0.00235806591612375,0.25,7.35376369426139E-6,0.00113763160202828,1.30344460762046E-5,21.5849876,21.6024609,1999.5966796875,1999.5966796875,61.9292092071796,20.7720352780348,6.646428,0,0,0,40,4882,21.75665,1999.5966796875,,,,,,,,,,,,,0,,,,1.72646075,,,,,,21.59372425,,,,
,44349453.705,21.61073685,1999.5966796875,0.00114301640430674,3.48686159873096E-7,1,0.999253354069792,40.0298881530762,2.00189426292928,20.7499992102385,0.012945841655964,0.00235191690569811,0.25,6.9209205458164E-6,0.00113699185735934,1.26014035197713E-5,21.6024609,21.6190128,1999.5966796875,1999.5966796875,61.6829962236219,20.7705497473868,7.019488,0,0,0,40,4882,21.7756,1999.5966796875,,,,,,,,,,,,,0,,,,1.73504095,,,,,,21.61073685,,,,
,44349454.98,21.63567925,1999.5966796875,0.00114238025076522,2.64745225666872E-7,1,0.999253354069792,40.0298881530762,2.00180156111089,20.7400005310774,0.0129370108805649,0.00235656479230951,0.25,7.45058719950254E-6,0.00113635707198566,1.31260235131083E-5,21.6190128,21.6523457,1999.5966796875,1999.5966796875,61.7572509329488,20.7689323311745,6.646428,0,0,0,40,4882,21.79815,1999.5966796875,,,,,,,,,,,,,0,,,,1.7263746,,,,,,21.63567925,,,,
,44349456.29,21.6619196,1999.5966796875,0.00114102013188292,2.46301142401203E-7,1,0.999253354069792,40.0298881530762,2.00186787523091,20.7400005310774,0.0129224523197161,0.00235138179539767,0.25,7.22462212316015E-6,0.00113500576299231,1.28952105727792E-5,21.6523457,21.6714935,1999.5966796875,1999.5966796875,61.6298454843142,20.7677308639163,7.019488,0,0,0,40,4882,21.8172,1999.5966796875,,,,,,,,,,,,,0,,,,1.73504095,,,,,,21.6619196,,,,
,44349458.405,21.6877899,1999.5966796875,0.00114063571191031,3.2804487361341E-7,1,0.999253354069792,40.0298881530762,2.00185408370725,20.7400005310774,0.0129181499036249,0.00234987327076628,0.25,7.15878404720145E-6,0.00113462479228539,1.28291809034691E-5,21.6877899,21.6877899,1999.5966796875,1999.5966796875,61.8823114960258,20.7702597397515,6.646428,0,0,0,40,4882,21.8512,1999.5966796875,,,,,,,,,,,,,0,,,,1.7263746,,,,,,21.6877899,,,,
,44349459.94,21.7220383,1999.5966796875,0.00113951293522938,3.01784774231422E-7,1,0.999253354069792,40.0298881530762,2.00177877181312,20.7400005310774,0.0129045620888571,0.00234986421730735,0.25,7.3611469231614E-6,0.00113350767892067,1.30259538341449E-5,21.7220383,21.7220383,1999.5966796875,1999.5966796875,61.8330688993142,20.7725716736361,7.019488,0,0,0,40,4882,21.87775,1999.5966796875,,,,,,,,,,,,,0,,,,1.7437073,,,,,,21.7220383,,,,
,44349461.5,21.7397804,1999.5966796875,0.00113870090162871,2.53131781311861E-7,1,0.999253354069792,40.0298881530762,2.00186422857695,20.7499992102385,0.0128962263655062,0.00234643901810335,0.25,7.19164254790787E-6,0.00113270177260922,1.28545216840915E-5,21.7397804,21.7397804,1999.5966796875,1999.5966796875,61.5321419194104,20.7702171231052,7.019488,0,0,0,40,4882,21.908,1999.5966796875,,,,,,,,,,,,,0,,,,1.7263746,,,,,,21.7397804,,,,
,44349462.96,21.7581348,1999.5966796875,0.00113779957140785,2.80904751171195E-7,1,0.999253354069792,40.0298881530762,2.0017727905741,20.7499992102385,0.0128847310271349,0.00234867455910234,0.25,7.55485306925497E-6,0.0011318041062655,1.32122764980148E-5,21.7581348,21.7581348,1999.5966796875,1999.5966796875,61.6587657395258,20.770321154078,6.646428,0,0,0,40,4882,21.9311,1999.5966796875,,,,,,,,,,,,,0,,,,1.7263746,,,,,,21.7581348,,,,
,44349464.5,21.7954655,1999.5966796875,0.00113699560096557,2.69640509769237E-7,1,0.999253354069792,40.0298881530762,2.00177820546111,20.7400005310774,0.0128759098773428,0.00234564029642288,0.25,7.42665352566882E-6,0.00113100564845036,1.30816801970102E-5,21.7954655,21.7954655,1999.5966796875,1999.5966796875,62.0058088020643,20.770864495039,7.019488,0,0,0,40,4882,21.9541,1999.5966796875,,,,,,,,,,,,,0,,,,1.7263746,,,,,,21.7954655,,,,
,44349465.155,21.80373955,1999.5966796875,0.00113622874422911,2.42440099559203E-7,1,0.999253354069792,40.0298881530762,2.00174438250266,20.7499992102385,0.0128673073125197,0.00234239094618548,0.25,7.27754419529122E-6,0.00113024379622051,1.29298307993141E-5,21.7954655,21.8120136,1999.5966796875,1999.5966796875,61.7728835033335,20.7716987958673,6.646428,0,0,0,40,4882,21.96175,1999.5966796875,,,,,,,,,,,,,0,,,,1.73504095,,,,,,21.80373955,,,,
,44349466.335,21.8204584,1999.5966796875,0.00113560668745224,2.7239864468593E-7,1,0.999253354069792,40.0298881530762,2.00173501084301,20.7499992102385,0.0128608521289821,0.00233745482002356,0.25,6.95128237850831E-6,0.00112962726724103,1.26029700425347E-5,21.8120136,21.8289032,1999.5966796875,1999.5966796875,61.5876375442758,20.7707221649935,7.019488,0,0,0,40,4882,21.98105,1999.5966796875,,,,,,,,,,,,,0,,,,1.73504095,,,,,,21.8204584,,,,
,44349468.36,21.8538828,1999.5966796875,0.00113522561232379,3.00679541892086E-7,1,0.999253354069792,40.0298881530762,2.00171890991956,20.7499992102385,0.0128558922916582,0.00233985838639181,0.25,7.22969104133209E-6,0.00112924821096458,1.28797900146599E-5,21.8437748,21.8639908,1999.5966796875,1999.5966796875,61.4907156078911,20.7697091023959,6.646428,0,0,0,40,4882,22.0232,1999.5966796875,,,,,,,,,,,,,0,,,,1.7263746,,,,,,21.8538828,,,,
,44349469.795,21.8796158,1999.5966796875,0.00113351182598474,2.67260399507572E-7,1,0.999253354069792,40.0298881530762,2.00180908710431,20.7400005310774,0.0128361755551419,0.0023413766407707,0.25,7.65428917903021E-6,0.0011275420128333,1.32945630907087E-5,21.8796158,21.8796158,1999.5966796875,1999.5966796875,61.6806513380642,20.7724925183948,6.646428,0,0,0,40,4882,22.0464,1999.5966796875,,,,,,,,,,,,,0,,,,1.7263746,,,,,,21.8796158,,,,
,44349470.505,21.88877105,1999.5966796875,0.00113341756108619,3.0437781779648E-7,1,0.999253354069792,40.0298881530762,2.00180107389024,20.7400005310774,0.0128362253005819,0.00233455204943638,0.25,7.06911581956462E-6,0.00112745156305308,1.27124668419798E-5,21.8796158,21.8979263,1999.5966796875,1999.5966796875,61.507129806795,20.771079686573,7.019488,0,0,0,40,4882,22.05785,1999.5966796875,,,,,,,,,,,,,0,,,,1.73504095,,,,,,21.88877105,,,,
,44349471.765,21.90674115,1999.5966796875,0.00113263222153827,3.03698718192848E-7,1,0.999253354069792,40.0298881530762,2.00179958459159,20.7400005310774,0.0128275277153655,0.00233180397531704,0.25,6.96371451687611E-6,0.00112667150596567,1.26045047203707E-5,21.8979263,21.915556,1999.5966796875,1999.5966796875,61.219490511718,20.7734879276734,7.019488,0,0,0,40,4882,22.07715,1999.5966796875,,,,,,,,,,,,,0,,,,1.7437073,,,,,,21.90674115,,,,
,44349473.01,21.9236088,1999.5966796875,0.00113150780548662,2.13628892497593E-7,1,0.999253354069792,40.0298881530762,2.00173916439982,20.7400005310774,0.0128137911102275,0.00233307921742629,0.25,7.27841904572608E-6,0.00112555205627725,1.29127617839126E-5,21.915556,21.9316616,1999.5966796875,1999.5966796875,61.7486530192373,20.7701023089137,7.019488,0,0,0,40,4882,22.09665,1999.5966796875,,,,,,,,,,,,,0,,,,1.7437073,,,,,,21.9236088,,,,
,44349475.215,21.9702072,1999.5966796875,0.00113088982700757,2.94165077295662E-7,1,0.999253354069792,40.0298881530762,2.00173050388479,20.7400005310774,0.0128069348267932,0.00233077995463646,0.25,7.18278403561133E-6,0.00112493919842755,1.28163705690464E-5,21.9702072,21.9702072,1999.5966796875,1999.5966796875,61.4844625797373,20.7714115509929,6.646428,0,0,0,40,4882,22.1394,1999.5966796875,,,,,,,,,,,,,0,,,,1.7263746,,,,,,21.9702072,,,,
,44349475.87,21.9785223,1999.5966796875,0.00113080738274441,3.27290997801618E-7,1,0.999253354069792,40.0298881530762,2.0016957946924,20.7499992102385,0.0128055600122298,0.00233189815978795,0.25,7.29889345784603E-6,0.00112485686075728,1.29317949832435E-5,21.9702072,21.9868374,1999.5966796875,1999.5966796875,61.5806028876027,20.7701680505247,7.019488,0,0,0,40,4882,22.14715,1999.5966796875,,,,,,,,,,,,,0,,,,1.73504095,,,,,,21.9785223,,,,
,44349477.12,21.99594785,1999.5966796875,0.00112932814350739,2.36838928583834E-7,1,0.999253354069792,40.0298881530762,2.00176246309258,20.7400005310774,0.0127895795426836,0.00232688502640596,0.25,7.10874914050747E-6,0.00112338697800317,1.27360705576158E-5,21.9868374,22.0050583,1999.5966796875,1999.5966796875,61.7126981073527,20.7704077220703,6.646428,0,0,0,40,4882,22.1666,1999.5966796875,,,,,,,,,,,,,0,,,,1.7437073,,,,,,21.99594785,,,,
,44349478.455,22.0235529,1999.5966796875,0.0011288192184294,2.94497447180899E-7,1,0.999253354069792,40.0298881530762,2.00174434402866,20.7400005310774,0.0127831257024255,0.00232917492325962,0.25,7.40062210468813E-6,0.00112288002238585,1.3024886155087E-5,22.0050583,22.0420475,1999.5966796875,1999.5966796875,61.6337536269103,20.7718305891783,6.646428,0,0,0,40,4882,22.19005,1999.5966796875,,,,,,,,,,,,,0,,,,1.7437073,,,,,,22.0235529,,,,
,44349479.72,22.05188655,1999.5966796875,0.00112812123558032,2.9351333071459E-7,1,0.999253354069792,40.0298881530762,2.00178388990424,20.7400005310774,0.0127758457795023,0.00232564246693172,0.25,7.20647454431528E-6,0.00112218743757375,1.28292802377312E-5,22.0420475,22.0617256,1999.5966796875,1999.5966796875,61.5813845161219,20.7709086125743,6.646428,0,0,0,40,4882,22.21355,1999.5966796875,,,,,,,,,,,,,0,,,,1.7524606,,,,,,22.05188655,,,,
,44349480.945,22.0701208,1999.5966796875,0.00112775992985636,2.62837770493484E-7,1,0.999253354069792,40.0298881530762,2.00175640620439,20.7400005310774,0.0127722086745682,0.00232136972479682,0.25,6.89469218433716E-6,0.00112183026391576,1.25181762491829E-5,22.0617256,22.078516,1999.5966796875,1999.5966796875,61.3273552473719,20.7700757049222,7.019488,0,0,0,40,4882,22.23315,1999.5966796875,,,,,,,,,,,,,0,,,,1.74379425,,,,,,22.0701208,,,,
,44349482.155,22.088274,1999.5966796875,0.00112731919259265,2.98633065307483E-7,1,0.999253354069792,40.0298881530762,2.00183167333283,20.7400005310774,0.0127680020871561,0.00231872379910764,0.25,6.73032475738416E-6,0.00112139333981353,1.23533229197307E-5,22.078516,22.098032,1999.5966796875,1999.5966796875,61.6978471654873,20.7715703877275,7.019488,0,0,0,40,4882,22.2528,1999.5966796875,,,,,,,,,,,,,0,,,,1.74379425,,,,,,22.088274,,,,
,44349483.37,22.10679815,1999.5966796875,0.00112603080520936,2.6721647120269E-7,1,0.999253354069792,40.0298881530762,2.00185727125822,20.7400005310774,0.0127524715879615,0.00232239140896034,0.25,7.27616524818371E-6,0.00112010978343913,1.28908823566606E-5,22.098032,22.1155643,1999.5966796875,1999.5966796875,62.1246163369873,20.7684316262606,7.019488,0,0,0,40,4882,22.27625,1999.5966796875,,,,,,,,,,,,,0,,,,1.7524606,,,,,,22.10679815,,,,
,44349484.645,22.1249437,1999.5966796875,0.00112547456494278,2.84686614869003E-7,1,0.999253354069792,40.0298881530762,2.00182730332609,20.7499992102385,0.0127460434277998,0.00232096600845789,0.25,7.24975010408634E-6,0.00111955743391659,1.28628649103718E-5,22.1155643,22.1343231,1999.5966796875,1999.5966796875,61.5688784598142,20.771548494928,7.019488,0,0,0,40,4882,22.2999,1999.5966796875,,,,,,,,,,,,,0,,,,1.7437073,,,,,,22.1249437,,,,
,44349485.9,22.1412859,1999.5966796875,0.00112491753585306,2.82607097369116E-7,1,0.999253354069792,40.0298881530762,2.00184488068486,20.7499992102385,0.0127400365597245,0.0023187734886145,0.25,7.15137135362961E-6,0.00111900452339705,1.27630920562074E-5,22.1343231,22.1482487,1999.5966796875,1999.5966796875,61.5657519457373,20.7701425196187,6.646428,0,0,0,40,4882,22.3198,1999.5966796875,,,,,,,,,,,,,0,,,,1.7524606,,,,,,22.1412859,,,,
,44349487.14,22.16645625,1999.5966796875,0.00112380190207922,2.89321680605517E-7,1,0.999253354069792,40.0298881530762,2.00196946150951,20.7400005310774,0.0127285689858702,0.00231429754549492,0.25,6.93931123852015E-6,0.00111789638360038,1.25473518511667E-5,22.1482487,22.1846638,1999.5966796875,1999.5966796875,61.6548575969296,20.7714137966057,6.646428,0,0,0,40,4882,22.338,1999.5966796875,,,,,,,,,,,,,0,,,,1.7524606,,,,,,22.16645625,,,,
,44349489.315,22.2033939,1999.5966796875,0.0011231016724024,3.24055807329282E-7,1,0.999253354069792,40.0298881530762,2.00184162363114,20.7400005310774,0.01271931981658,0.00231590514096732,0.25,7.21449629898033E-6,0.00111719971245792,1.28192230635785E-5,22.2033939,22.2033939,1999.5966796875,1999.5966796875,61.5079114353142,20.769935210301,6.646428,0,0,0,40,4882,22.37445,1999.5966796875,,,,,,,,,,,,,0,,,,1.7524606,,,,,,22.2033939,,,,
,44349490.88,22.2224426,1999.5966796875,0.0011221132345653,3.29690263575075E-7,1,0.999253354069792,40.0298881530762,2.0017949544523,20.7400005310774,0.0127079517808945,0.00231326347526146,0.25,7.15809108392898E-6,0.00111621769140331,1.27593351513575E-5,22.2224426,22.2224426,1999.5966796875,1999.5966796875,61.8393219274681,20.7698962682778,7.019488,0,0,0,40,4882,22.4007,1999.5966796875,,,,,,,,,,,,,0,,,,1.7524606,,,,,,22.2224426,,,,
,44349492.45,22.2634811,1999.5966796875,0.00112160839203667,2.56355854471583E-7,1,0.999253354069792,40.0298881530762,2.00182670227481,20.7499992102385,0.0127021510160114,0.00231388564280092,0.25,7.29708790628437E-6,0.00111571566276915,1.28962830870335E-5,22.2634811,22.2634811,1999.5966796875,1999.5966796875,61.6259373417181,20.7708489077817,6.646428,0,0,0,40,4882,22.4274,1999.5966796875,,,,,,,,,,,,,0,,,,1.7437073,,,,,,22.2634811,,,,
,44349493.99,22.2804737,1999.5966796875,0.00111999055011369,2.86806486642686E-7,1,0.999253354069792,40.0298881530762,2.00183621233401,20.7400005310774,0.0126835554171181,0.00231249316835051,0.25,7.45618322554151E-6,0.00111410618099748,1.30473066548424E-5,22.2804737,22.2804737,1999.5966796875,1999.5966796875,61.9761069183335,20.7720283445541,7.019488,0,0,0,40,4882,22.4469,1999.5966796875,,,,,,,,,,,,,0,,,,1.7437073,,,,,,22.2804737,,,,
,44349495.505,22.3158932,1999.5966796875,0.00111989420962406,3.27170073936193E-7,1,0.999253354069792,40.0298881530762,2.0018498077256,20.7499992102385,0.0126833852745881,0.00230759472939073,0.25,7.03824896887825E-6,0.00111401343316796,1.26323740679973E-5,22.3158932,22.3158932,1999.5966796875,1999.5966796875,61.7978956159488,20.7703700158279,6.646428,0,0,0,40,4882,22.47535,1999.5966796875,,,,,,,,,,,,,0,,,,1.7437073,,,,,,22.3158932,,,,
,44349497.115,22.331852,1999.5966796875,0.00111891477192631,2.82972006048114E-7,1,0.999253354069792,40.0298881530762,2.0018374925858,20.7400005310774,0.0126724177251057,0.0023044965557827,0.25,6.93660765243839E-6,0.00111304065241531,1.25275762629324E-5,22.331852,22.331852,1999.5966796875,1999.5966796875,61.9393703779296,20.7694983716841,6.646428,0,0,0,40,4882,22.5022,1999.5966796875,,,,,,,,,,,,,0,,,,1.7612139,,,,,,22.331852,,,,
,44349497.84,22.34840965,1999.5966796875,0.00111809085276937,3.00271127559331E-7,1,0.999253354069792,40.0298881530762,2.0019592479648,20.7400005310774,0.0126635346536016,0.00230458387343912,0.25,7.07650819593744E-6,0.0011122207105468,1.26631227381002E-5,22.331852,22.3649673,1999.5966796875,1999.5966796875,61.5188542345834,20.7676605058329,6.646428,0,0,0,40,4882,22.51345,1999.5966796875,,,,,,,,,,,,,0,,,,1.7524606,,,,,,22.34840965,,,,
,44349499.145,22.3726549,1999.5966796875,0.00111733234572775,3.17766546759337E-7,1,0.999253354069792,40.0298881530762,2.00185706117805,20.7499992102385,0.0126549682236205,0.00229931109676298,0.25,6.75336331285742E-6,0.00111146849926679,1.23387799641944E-5,22.3649673,22.3803425,1999.5966796875,1999.5966796875,61.456323953045,20.7723220050603,6.646428,0,0,0,40,4882,22.53355,1999.5966796875,,,,,,,,,,,,,0,,,,1.7437073,,,,,,22.3726549,,,,
,44349500.43,22.3893862,1999.5966796875,0.00111656314335571,2.33329567407759E-7,1,0.999253354069792,40.0298881530762,2.00178768252537,20.7499992102385,0.012645330619186,0.0023006020547852,0.25,7.00776598760547E-6,0.00111070282238469,1.258896005076E-5,22.3803425,22.3984299,1999.5966796875,1999.5966796875,61.801803758545,20.7688567321371,7.019488,0,0,0,40,4882,22.5545,1999.5966796875,,,,,,,,,,,,,0,,,,1.7524606,,,,,,22.3893862,,,,
,44349502.465,22.4159718,1999.5966796875,0.00111610719712378,3.01502543982949E-7,1,0.999253354069792,40.0298881530762,2.0018961686455,20.7400005310774,0.0126407267787049,0.00230039335027641,0.25,7.0571135822073E-6,0.00111025026407195,1.26373031621077E-5,22.4159718,22.4159718,1999.5966796875,1999.5966796875,61.5759131164873,20.7713573893964,6.646428,0,0,0,40,4882,22.5876,1999.5966796875,,,,,,,,,,,,,0,,,,1.7437073,,,,,,22.4159718,,,,
,44349504.095,22.4524174,1999.5966796875,0.00111504454826836,2.44353590377578E-7,1,0.999253354069792,40.0298881530762,2.00184810104712,20.7499992102385,0.0126282073807459,0.00229933775757376,0.25,7.15347961468618E-6,0.00110919376763679,1.27292440019235E-5,22.4524174,22.4524174,1999.5966796875,1999.5966796875,61.6306271128334,20.769211712171,6.646428,0,0,0,40,4882,22.61795,1999.5966796875,,,,,,,,,,,,,0,,,,1.7524606,,,,,,22.4524174,,,,
,44349504.86,22.46119405,1999.5966796875,0.00111466411823035,3.03014854473951E-7,1,0.999253354069792,40.0298881530762,2.00181072260129,20.7400005310774,0.0126241887735895,0.00229561287822543,0.25,6.89464081070825E-6,0.00110881709871853,1.24704153872061E-5,22.4524174,22.4699707,1999.5966796875,1999.5966796875,61.2366863391411,20.7728852998796,6.646428,0,0,0,40,4882,22.63015,1999.5966796875,,,,,,,,,,,,,0,,,,1.7437073,,,,,,22.46119405,,,,
,44349506.18,22.4780407,1999.5966796875,0.0011134465704128,2.37887023681521E-7,1,0.999253354069792,40.0298881530762,2.001838755383,20.7400005310774,0.0126108379046834,0.00229165120903355,0.25,6.75498883810783E-6,0.00110760743564282,1.23263804861005E-5,22.4699707,22.4861107,1999.5966796875,1999.5966796875,61.6103047713334,20.7708348354866,6.646428,0,0,0,40,4882,22.6517,1999.5966796875,,,,,,,,,,,,,0,,,,1.7437073,,,,,,22.4780407,,,,
,44349508.32,22.5205269,1999.5966796875,0.00111286679051979,2.86608993866034E-7,1,0.999253354069792,40.0298881530762,2.0017838631802,20.7400005310774,0.0126033423515917,0.0022939099536793,0.25,7.05919538424875E-6,0.00110703052867267,1.26278582100905E-5,22.5205269,22.5205269,1999.5966796875,1999.5966796875,62.3036092678912,20.7707045459575,6.646428,0,0,0,40,4882,22.6891,1999.5966796875,,,,,,,,,,,,,0,,,,1.7612139,,,,,,22.5205269,,,,
,44349509.915,22.5398617,1999.5966796875,0.00111197867023026,2.9226175735131E-7,1,0.999253354069792,40.0298881530762,2.00178158580618,20.7400005310774,0.0125935666451645,0.00229046519695633,0.25,6.90986706360257E-6,0.00110614890838938,1.2476182569046E-5,22.5398617,22.5398617,1999.5966796875,1999.5966796875,62.0808451399104,20.7708405704131,7.019488,0,0,0,40,4882,22.7173,1999.5966796875,,,,,,,,,,,,,0,,,,1.7612139,,,,,,22.5398617,,,,
,44349510.69,22.54974845,1999.5966796875,0.00111108902473578,3.03028166957161E-7,1,0.999253354069792,40.0298881530762,2.00175661277232,20.7499992102385,0.0125824899791326,0.00229349021758572,0.25,7.33452729103079E-6,0.00110526222384799,1.28947181146409E-5,22.5398617,22.5596352,1999.5966796875,1999.5966796875,61.077234121218,20.771014974333,6.646428,0,0,0,40,4882,22.7292,1999.5966796875,,,,,,,,,,,,,0,,,,1.7612139,,,,,,22.54974845,,,,
,44349511.85,22.56799795,1999.5966796875,0.00111084140163899,3.13847755296338E-7,1,0.999253354069792,40.0298881530762,2.0018056201476,20.7499992102385,0.0125807303200654,0.00228880325100845,0.25,6.95876940385434E-6,0.0011050185586436,1.25206319045228E-5,22.5596352,22.5763607,1999.5966796875,1999.5966796875,61.5290154053334,20.7698352265409,6.646428,0,0,0,40,4882,22.7492,1999.5966796875,,,,,,,,,,,,,0,,,,1.7612139,,,,,,22.56799795,,,,
,44349513.805,22.6114101,1999.5966796875,0.0011097162319384,2.5237928761731E-7,1,0.999253354069792,40.0298881530762,2.00186156868848,20.7400005310774,0.0125681710425608,0.00228749126668701,0.25,7.03321658904586E-6,0.00110390015351699,1.25906855203598E-5,22.6114101,22.6114101,1999.5966796875,1999.5966796875,61.7955507303912,20.7691312092183,6.646428,0,0,0,40,4882,22.7837,1999.5966796875,,,,,,,,,,,,,0,,,,1.7437073,,,,,,22.6114101,,,,
,44349515.31,22.6293793,1999.5966796875,0.00110917355442434,3.10095908132235E-7,1,0.999253354069792,40.0298881530762,2.00187470051186,20.7400005310774,0.0125614481496092,0.00229018439272036,0.25,7.36339522950023E-6,0.0011033595769681,1.29175492338253E-5,22.6293793,22.6293793,1999.5966796875,1999.5966796875,61.7384918484873,20.7699009273911,6.646428,0,0,0,40,4882,22.8072,1999.5966796875,,,,,,,,,,,,,0,,,,1.7437073,,,,,,22.6293793,,,,
,44349516.735,22.6624088,1999.5966796875,0.00110800014565094,2.8842653672158E-7,1,0.999253354069792,40.0298881530762,2.00184510638381,20.7400005310774,0.012549228204982,0.00228068877160504,0.25,6.7333341323745E-6,0.0011021963217544,1.22860012696976E-5,22.6624088,22.6624088,1999.5966796875,1999.5966796875,61.5063481782757,20.773238186957,6.646428,0,0,0,40,4882,22.8308,1999.5966796875,,,,,,,,,,,,,0,,,,1.7788963,,,,,,22.6624088,,,,
,44349517.36,22.6704168,1999.5966796875,0.00110721240117018,2.9733734283799E-7,1,0.999253354069792,40.0298881530762,2.00190415743187,20.7400005310774,0.0125395597002275,0.00228542536153349,0.25,7.28299818630716E-6,0.00110141038330712,1.28294017035091E-5,22.6624088,22.6784248,1999.5966796875,1999.5966796875,62.1339958792181,20.7694972534455,7.019488,0,0,0,40,4882,22.8425,1999.5966796875,,,,,,,,,,,,,0,,,,1.7700551,,,,,,22.6704168,,,,
,44349518.55,22.6867075,1999.5966796875,0.0011071775231171,3.37421532764276E-7,1,0.999253354069792,40.0298881530762,2.00174090049812,20.7400005310774,0.012537927861885,0.00228672823924855,0.25,7.41857642744819E-6,0.00110137579833705,1.2965070279673E-5,22.6784248,22.6949902,1999.5966796875,1999.5966796875,61.6869043662181,20.7713205760192,6.646428,0,0,0,40,4882,22.86235,1999.5966796875,,,,,,,,,,,,,0,,,,1.7700551,,,,,,22.6867075,,,,
,44349519.675,22.70398235,1999.5966796875,0.00110639940653438,3.0836993067131E-7,1,0.999253354069792,40.0298881530762,2.001803296461,20.7400005310774,0.0125303804428883,0.00228015767932902,0.25,6.96848655220776E-6,0.00110060479657754,1.25143733115393E-5,22.6949902,22.7129745,1999.5966796875,1999.5966796875,62.0417637139489,20.7689189680972,6.646428,0,0,0,40,4882,22.8822,1999.5966796875,,,,,,,,,,,,,0,,,,1.7700551,,,,,,22.70398235,,,,
,44349521.72,22.73990345,1999.5966796875,0.00110525450957011,2.77648259285455E-7,1,0.999253354069792,40.0298881530762,2.00189345619087,20.7499992102385,0.0125176852777987,0.00227950423564299,0.25,7.10112519872155E-6,0.00109946658851186,1.26422955604971E-5,22.7296257,22.7501812,1999.5966796875,1999.5966796875,61.639225026545,20.7690168009267,6.646428,0,0,0,40,4882,22.9177,1999.5966796875,,,,,,,,,,,,,0,,,,1.7700551,,,,,,22.73990345,,,,
,44349523.36,22.770834,1999.5966796875,0.00110483595193615,3.0364581828897E-7,1,0.999253354069792,40.0298881530762,2.00194010362401,20.7400005310774,0.0125127442714942,0.00228147812794128,0.25,7.34285298139931E-6,0.00109904989476283,1.28818322874892E-5,22.770834,22.770834,1999.5966796875,1999.5966796875,61.5743498594488,20.7693716275426,7.019488,0,0,0,40,4882,22.9415,1999.5966796875,,,,,,,,,,,,,0,,,,1.7700551,,,,,,22.770834,,,,
,44349524.78,22.7865677,1999.5966796875,0.00110355770121591,3.11575906913716E-7,1,0.999253354069792,40.0298881530762,2.00184171213169,20.7499992102385,0.0124989185039042,0.00227175553718708,0.25,6.71769052639517E-6,0.00109778244905562,1.22546589353408E-5,22.7865677,22.7865677,1999.5966796875,1999.5966796875,61.5540275179488,20.769864916717,6.646428,0,0,0,40,4882,22.9654,1999.5966796875,,,,,,,,,,,,,0,,,,1.7788963,,,,,,22.7865677,,,,
,44349526.43,22.8250999,1999.5966796875,0.0011030207572426,2.66521224648298E-7,1,0.999253354069792,40.0298881530762,2.00182778210746,20.7400005310774,0.0124922947031581,0.00227333700126414,0.25,6.95092293989094E-6,0.00109724835010423,1.24855450173897E-5,22.8250999,22.8250999,1999.5966796875,1999.5966796875,62.0276944006027,20.7734317519662,7.019488,0,0,0,40,4882,22.997,1999.5966796875,,,,,,,,,,,,,0,,,,1.7788963,,,,,,22.8250999,,,,
,44349527.125,22.83390045,1999.5966796875,0.00110187958551909,3.09574394868671E-7,1,0.999253354069792,40.0298881530762,2.00184072097653,20.7400005310774,0.0124794100978249,0.00227123183330224,0.25,6.96380251352962E-6,0.0010961133711086,1.24929997994713E-5,22.8250999,22.842701,1999.5966796875,1999.5966796875,61.7799181600065,20.7713006565408,6.646428,0,0,0,40,4882,23.0051,1999.5966796875,,,,,,,,,,,,,0,,,,1.7788963,,,,,,22.83390045,,,,
,44349528.32,22.8508244,1999.5966796875,0.00110154856365107,3.37042343190164E-7,1,0.999253354069792,40.0298881530762,2.00186691710948,20.7400005310774,0.0124758417051388,0.00227049033610771,0.25,6.95283775926053E-6,0.00109578495465585,1.24814293801353E-5,22.842701,22.8589478,1999.5966796875,1999.5966796875,61.3164124481026,20.7690056475588,7.019488,0,0,0,40,4882,23.0252,1999.5966796875,,,,,,,,,,,,,0,,,,1.7700551,,,,,,22.8508244,,,,
,44349529.53,22.866684,1999.5966796875,0.00110095279992463,2.67801025649519E-7,1,0.999253354069792,40.0298881530762,2.00194969740296,20.7400005310774,0.0124693278340139,0.00227087509929077,0.25,7.08226959140829E-6,0.00109519247020556,1.26081885300555E-5,22.8589478,22.8744202,1999.5966796875,1999.5966796875,61.7783549029681,20.7703457449021,7.019488,0,0,0,40,4882,23.04525,1999.5966796875,,,,,,,,,,,,,0,,,,1.7612139,,,,,,22.866684,,,,
,44349531.68,22.9122353,1999.5966796875,0.00110008881589612,3.06272544656044E-7,1,0.999253354069792,40.0298881530762,2.00186410121239,20.7499992102385,0.01245908995468,0.00226877122341808,0.25,7.05463110074842E-6,0.00109433435542498,1.25779556585607E-5,22.9122353,22.9122353,1999.5966796875,1999.5966796875,61.5555907749873,20.768379387148,6.273368,0,0,0,40,4882,23.07745,1999.5966796875,,,,,,,,,,,,,0,,,,1.7788963,,,,,,22.9122353,,,,
,44349532.345,22.9198513,1999.5966796875,0.00109954207122925,2.51342667952077E-7,1,0.999253354069792,40.0298881530762,2.00178933460445,20.7400005310774,0.0124523818706749,0.00226802603734176,0.25,7.09102831933585E-6,0.00109379096930408,1.26122130768666E-5,22.9122353,22.9274673,1999.5966796875,1999.5966796875,61.3554938740642,20.7704535654651,6.646428,0,0,0,40,4882,23.09345,1999.5966796875,,,,,,,,,,,,,0,,,,1.7700551,,,,,,22.9198513,,,,
,44349534.44,22.9450188,1999.5966796875,0.00109889800075311,2.8795278119043E-7,1,0.999253354069792,40.0298881530762,2.00193397658008,20.7499992102385,0.0124462673772073,0.00226510315929896,0.25,6.93061933898847E-6,0.00109315242148195,1.24510257348776E-5,22.9450188,22.9450188,1999.5966796875,1999.5966796875,61.7767916459296,20.7718628595553,6.646428,0,0,0,40,4882,23.1257,1999.5966796875,,,,,,,,,,,,,0,,,,1.7788963,,,,,,22.9450188,,,,
,44349535.955,22.9819469,1999.5966796875,0.00109787690073073,3.01726364330385E-7,1,0.999253354069792,40.0298881530762,2.00188311216063,20.7400005310774,0.0124339594273313,0.00226554947022832,0.25,7.15213068161776E-6,0.00109213680306021,1.26678611928579E-5,22.9819469,22.9819469,1999.5966796875,1999.5966796875,61.7689753607373,20.7722289412282,7.019488,0,0,0,40,4882,23.1577,1999.5966796875,,,,,,,,,,,,,0,,,,1.7788963,,,,,,22.9819469,,,,
,44349537.405,22.9995251,1999.5966796875,0.00109740858872411,2.58768234073306E-7,1,0.999253354069792,40.0298881530762,2.00187425730979,20.7400005310774,0.0124287932422172,0.00226353552762806,0.25,7.05658007432517E-6,0.00109167207258271,1.2571270985936E-5,22.9995251,22.9995251,1999.5966796875,1999.5966796875,61.5516826323911,20.770993156395,6.646428,0,0,0,40,4882,23.1739,1999.5966796875,,,,,,,,,,,,,0,,,,1.7612139,,,,,,22.9995251,,,,
,44349538.055,23.00868515,1999.5966796875,0.00109661488553979,2.67275830808376E-7,1,0.999253354069792,40.0298881530762,2.00187058634916,20.7400005310774,0.012419700224488,0.00226238585821373,0.25,7.09432375064558E-6,0.00109088264454839,1.26052333659859E-5,22.9995251,23.0178452,1999.5966796875,1999.5966796875,61.639225026545,20.7719379800046,6.646428,0,0,0,40,4882,23.18225,1999.5966796875,,,,,,,,,,,,,0,,,,1.7700551,,,,,,23.00868515,,,,
,44349539.25,23.0332251,1999.5966796875,0.00109592087297616,2.79223823493221E-7,1,0.999253354069792,40.0298881530762,2.00195218685579,20.7499992102385,0.012412838147337,0.00225815642579758,0.25,6.83416186500132E-6,0.00109019438146508,1.23439636322927E-5,23.0178452,23.048605,1999.5966796875,1999.5966796875,61.6743983099104,20.7723037419114,6.646428,0,0,0,40,4882,23.20265,1999.5966796875,,,,,,,,,,,,,0,,,,1.7700551,,,,,,23.0332251,,,,
,44349540.515,23.05890465,1999.5966796875,0.00109505787557665,2.80179614798918E-7,1,0.999253354069792,40.0298881530762,2.00177901780292,20.7400005310774,0.0124024143612788,0.00225413702105272,0.25,6.64606689613418E-6,0.00108933782602587,1.21537331265005E-5,23.048605,23.0692043,1999.5966796875,1999.5966796875,61.4485076678527,20.7718975371312,7.019488,0,0,0,40,4882,23.2269,1999.5966796875,,,,,,,,,,,,,0,,,,1.7700551,,,,,,23.05890465,,,,
,44349541.795,23.0767603,1999.5966796875,0.00109469288666768,2.62175078113604E-7,1,0.999253354069792,40.0298881530762,2.00182873926044,20.7400005310774,0.0123971990175333,0.00226133240238271,0.25,7.33881019777012E-6,0.00108897210292163,1.28420968730139E-5,23.0692043,23.0843163,1999.5966796875,1999.5966796875,61.8033670155835,20.7694054591575,6.646428,0,0,0,40,4882,23.2474,1999.5966796875,,,,,,,,,,,,,0,,,,1.7700551,,,,,,23.0767603,,,,
,44349543.83,23.1032505,1999.5966796875,0.00109394872461307,3.25691243834162E-7,1,0.999253354069792,40.0298881530762,2.00180514182876,20.7400005310774,0.0123895407996697,0.00225471389813998,0.25,6.88546988901806E-6,0.00108823588552016,1.23894517520431E-5,23.1032505,23.1032505,1999.5966796875,1999.5966796875,61.6775248239873,20.7718292269614,6.646428,0,0,0,40,4882,23.2878,1999.5966796875,,,,,,,,,,,,,0,,,,1.7612139,,,,,,23.1032505,,,,
,44349544.58,23.12087345,1999.5966796875,0.00109297634531466,2.6717048012931E-7,1,0.999253354069792,40.0298881530762,2.00178660744384,20.7499992102385,0.0123780784003442,0.00225465123551541,0.25,7.05184221974796E-6,0.00108726801916004,1.25504782435507E-5,23.1032505,23.1384964,1999.5966796875,1999.5966796875,61.8651156686027,20.7706711054082,7.019488,0,0,0,40,4882,23.29625,1999.5966796875,,,,,,,,,,,,,0,,,,1.7700551,,,,,,23.12087345,,,,
,44349545.86,23.14619445,1999.5966796875,0.00109274892674389,2.70178456472402E-7,1,0.999253354069792,40.0298881530762,2.00172846668893,20.7400005310774,0.0123752997772454,0.00225337096148832,0.25,6.98333878260944E-6,0.00108704278915015,1.2482051404368E-5,23.1384964,23.1538925,1999.5966796875,1999.5966796875,61.3875406433526,20.7726817486009,7.019488,0,0,0,40,4882,23.3129,1999.5966796875,,,,,,,,,,,,,0,,,,1.7788963,,,,,,23.14619445,,,,
,44349547.015,23.16308305,1999.5966796875,0.00109190740045266,3.13581178342425E-7,1,0.999253354069792,40.0298881530762,2.00184168011704,20.7400005310774,0.0123666377811532,0.00225065184976937,0.25,6.87951048119617E-6,0.00108620685358203,1.23753613987112E-5,23.1538925,23.1722736,1999.5966796875,1999.5966796875,61.5235440056988,20.7710074366156,6.646428,0,0,0,40,4882,23.3293,1999.5966796875,,,,,,,,,,,,,0,,,,1.7788963,,,,,,23.16308305,,,,
,44349548.235,23.18173215,1999.5966796875,0.00109111756524303,3.23201349651841E-7,1,0.999253354069792,40.0298881530762,2.00181822934258,20.7400005310774,0.0123576979296492,0.00224825414067978,0.25,6.80737689639518E-6,0.0010854225646334,1.23008925078293E-5,23.1722736,23.1911907,1999.5966796875,1999.5966796875,61.9081052371604,20.7708733784023,6.273368,0,0,0,40,4882,23.3538,1999.5966796875,,,,,,,,,,,,,0,,,,1.78782635,,,,,,23.18173215,,,,
,44349550.455,23.21635055,1999.5966796875,0.00109036766637786,3.05599929848471E-7,1,0.999253354069792,40.0298881530762,2.00180828608841,20.7400005310774,0.0123484767472057,0.00225063540954652,0.25,7.14744628076988E-6,0.00108467663594204,1.26375705715046E-5,23.2061024,23.2265987,1999.5966796875,1999.5966796875,61.7752283888911,20.773346012501,7.019488,0,0,0,40,4882,23.3948,1999.5966796875,,,,,,,,,,,,,0,,,,1.7788963,,,,,,23.21635055,,,,
,44349552.035,23.2424889,1999.5966796875,0.00108968887313726,3.17693769745623E-7,1,0.999253354069792,40.0298881530762,2.00182154569279,20.7499992102385,0.0123409834176201,0.00224865854471979,0.25,7.08944974644273E-6,0.00108400272809239,1.25777570969205E-5,23.2424889,23.2424889,1999.5966796875,1999.5966796875,61.6275005987565,20.7725378947515,6.646428,0,0,0,40,4882,23.41965,1999.5966796875,,,,,,,,,,,,,0,,,,1.7967564,,,,,,23.2424889,,,,
,44349553.625,23.260746,1999.5966796875,0.00108830151722203,2.90939570549318E-7,1,0.999253354069792,40.0298881530762,2.00170172528534,20.7499992102385,0.0123253178564259,0.00224150076131324,0.25,6.71087090354588E-6,0.00108262599866121,1.21958629865211E-5,23.260746,23.260746,1999.5966796875,1999.5966796875,61.7064450791988,20.770067174362,6.646428,0,0,0,40,4882,23.4525,1999.5966796875,,,,,,,,,,,,,0,,,,1.78782635,,,,,,23.260746,,,,
,44349555.26,23.2972908,1999.5966796875,0.00108776765852732,3.14236848974753E-7,1,0.999253354069792,40.0298881530762,2.00174737839047,20.7400005310774,0.0123191032189289,0.00224297814200217,0.25,6.92954244341614E-6,0.0010820944397571,1.24116093167239E-5,23.2972908,23.2972908,1999.5966796875,1999.5966796875,61.4907156078911,20.7721461562405,6.273368,0,0,0,40,4882,23.4696,1999.5966796875,,,,,,,,,,,,,0,,,,1.7788963,,,,,,23.2972908,,,,
,44349555.9,23.30757905,1999.5966796875,0.00108747739083325,2.44106782046297E-7,1,0.999253354069792,40.0298881530762,2.00176223724214,20.7400005310774,0.012315967188341,0.00224208014916443,0.25,6.89886899013635E-6,0.00108180658418854,1.23805020368448E-5,23.2972908,23.3178673,1999.5966796875,1999.5966796875,62.1855833614873,20.7719300971378,6.646428,0,0,0,40,4882,23.48595,1999.5966796875,,,,,,,,,,,,,0,,,,1.78782635,,,,,,23.30757905,,,,
,44349557.08,23.32580665,1999.5966796875,0.00108688954184246,2.6966223106277E-7,1,0.999253354069792,40.0298881530762,2.00180238140788,20.7400005310774,0.0123092315953697,0.00224277083064027,0.25,7.05764619578588E-6,0.00108122209869589,1.25368039803332E-5,23.3178673,23.333746,1999.5966796875,1999.5966796875,61.6759615669488,20.7703028113352,6.646428,0,0,0,40,4882,23.5106,1999.5966796875,,,,,,,,,,,,,0,,,,1.7967564,,,,,,23.32580665,,,,
,44349558.315,23.3420706,1999.5966796875,0.00108573011389154,3.31250272337772E-7,1,0.999253354069792,40.0298881530762,2.00186129678632,20.7400005310774,0.0122966410845885,0.00223937393574654,0.25,6.95500691728189E-6,0.00108006990047059,1.24296722908138E-5,23.333746,23.3503952,1999.5966796875,1999.5966796875,61.8580810119296,20.7716410758688,7.019488,0,0,0,40,4882,23.5265,1999.5966796875,,,,,,,,,,,,,0,,,,1.7967564,,,,,,23.3420706,,,,
,44349560.485,23.3846893,1999.5966796875,0.00108571402406294,2.87678930699599E-7,1,0.999253354069792,40.0298881530762,2.00188489195389,20.7499992102385,0.0122964145878776,0.00224050572950487,0.25,7.05327688737704E-6,0.00108005489658429,1.25292378752067E-5,23.3846893,23.3846893,1999.5966796875,1999.5966796875,61.4782095515834,20.7695731842542,6.646428,0,0,0,40,4882,23.56125,1999.5966796875,,,,,,,,,,,,,0,,,,1.7788963,,,,,,23.3846893,,,,
,44349562.045,23.403698,1999.5966796875,0.00108442362863983,2.73310246443524E-7,1,0.999253354069792,40.0298881530762,2.00172618901223,20.7400005310774,0.0122807230467687,0.0022386117057098,0.25,7.12590554468247E-6,0.00107877207412614,1.25964193792065E-5,23.403698,23.403698,1999.5966796875,1999.5966796875,61.771320246295,20.7699986635468,6.646428,0,0,0,40,4882,23.5884,1999.5966796875,,,,,,,,,,,,,0,,,,1.7967564,,,,,,23.403698,,,,
,44349563.565,23.4380589,1999.5966796875,0.00108386476490318,3.06472023851312E-7,1,0.999253354069792,40.0298881530762,2.00183308418191,20.7499992102385,0.0122752573841921,0.00223627985641802,0.25,7.00676610641907E-6,0.00107821774958099,1.24763931529664E-5,23.4380589,23.4380589,1999.5966796875,1999.5966796875,61.5344868049681,20.7710514887603,6.646428,0,0,0,40,4882,23.6128,1999.5966796875,,,,,,,,,,,,,0,,,,1.7788963,,,,,,23.4380589,,,,
,44349565.03,23.4550838,1999.5966796875,0.0010827502242288,2.92400676406129E-7,1,0.999253354069792,40.0298881530762,2.00180773397324,20.7400005310774,0.0122621830125204,0.00223575811376494,0.25,7.15725176929133E-6,0.00107710930954824,1.26217283029475E-5,23.4550838,23.4550838,1999.5966796875,1999.5966796875,61.872931953795,20.7698889128223,7.019488,0,0,0,40,4882,23.6363,1999.5966796875,,,,,,,,,,,,,0,,,,1.78782635,,,,,,23.4550838,,,,
,44349565.705,23.46426105,1999.5966796875,0.0010824489936764,2.88230614066489E-7,1,0.999253354069792,40.0298881530762,2.00177753445921,20.7499992102385,0.0122595220316229,0.00222986281281746,0.25,6.69222189661964E-6,0.00107681256971133,1.21582463466138E-5,23.4550838,23.4734383,1999.5966796875,1999.5966796875,61.7783549029681,20.76957265541,6.646428,0,0,0,40,4882,23.6485,1999.5966796875,,,,,,,,,,,,,0,,,,1.7967564,,,,,,23.46426105,,,,
,44349567.85,23.5098495,1999.5966796875,0.0010817039966367,2.85594519676377E-7,1,0.999253354069792,40.0298881530762,2.00176769908567,20.7400005310774,0.0122513867582826,0.00222638589242456,0.25,6.51475811910622E-6,0.00107607407621652,1.19800788611485E-5,23.5098495,23.5098495,1999.5966796875,1999.5966796875,61.6368801409873,20.7712358259455,7.019488,0,0,0,40,4882,23.6877,1999.5966796875,,,,,,,,,,,,,0,,,,1.78782635,,,,,,23.5098495,,,,
,44349568.6,23.52000045,1999.5966796875,0.00108093235214853,2.99218905650861E-7,1,0.999253354069792,40.0298881530762,2.00179958417042,20.7400005310774,0.0122422157962808,0.00222838406818256,0.25,6.82269069196812E-6,0.00107530540894377,1.22831521035348E-5,23.5098495,23.5301514,1999.5966796875,1999.5966796875,61.3859773863142,20.7697164655186,7.019488,0,0,0,40,4882,23.69955,1999.5966796875,,,,,,,,,,,,,0,,,,1.78782635,,,,,,23.52000045,,,,
,44349569.875,23.53802585,1999.5966796875,0.0010803496958901,3.00215269721118E-7,1,0.999253354069792,40.0298881530762,2.00184232392623,20.7400005310774,0.0122355444990598,0.00222912291216729,0.25,6.98479547457069E-6,0.00107472590717067,1.24426083747829E-5,23.5301514,23.5459003,1999.5966796875,1999.5966796875,61.5063481782757,20.7709694300351,6.646428,0,0,0,40,4882,23.7203,1999.5966796875,,,,,,,,,,,,,0,,,,1.78782635,,,,,,23.53802585,,,,
,44349572.16,23.5816345,1999.5966796875,0.00107946343457694,2.78833632993802E-7,1,0.999253354069792,40.0298881530762,2.00176963432358,20.7400005310774,0.0122254115800537,0.00222546452034376,0.25,6.82212471283855E-6,0.00107384671642799,1.22783286439049E-5,23.5816345,23.5816345,1999.5966796875,1999.5966796875,62.1121102806797,20.7711509544237,7.019488,0,0,0,40,4882,23.7572,1999.5966796875,,,,,,,,,,,,,0,,,,1.7967564,,,,,,23.5816345,,,,
,44349572.915,23.5891647,1999.5966796875,0.00107883197387132,3.22525028041129E-7,1,0.999253354069792,40.0298881530762,2.00192636840832,20.7400005310774,0.0122194898796628,0.00222255068806876,0.25,6.66057477944108E-6,0.00107321991672296,1.21150675032982E-5,23.5816345,23.5966949,1999.5966796875,1999.5966796875,62.0527065132181,20.7720968854431,7.019488,0,0,0,40,4882,23.7691,1999.5966796875,,,,,,,,,,,,,0,,,,1.7967564,,,,,,23.5891647,,,,
,44349574.975,23.624567,1999.5966796875,0.00107776416758314,2.65441224051474E-7,1,0.999253354069792,40.0298881530762,2.00186460510044,20.7400005310774,0.0122063070219328,0.00222455392757363,0.25,7.02812636791836E-6,0.00107215741703849,1.24772886601531E-5,23.6159744,23.6331596,1999.5966796875,1999.5966796875,61.2030763128142,20.7690909523049,6.646428,0,0,0,40,4882,23.8048,1999.5966796875,,,,,,,,,,,,,0,,,,1.7967564,,,,,,23.624567,,,,
,44349575.695,23.6415834,1999.5966796875,0.00107732690206968,2.82476181154572E-7,1,0.999253354069792,40.0298881530762,2.00186557717966,20.7400005310774,0.0122011536604993,0.00222486731121142,0.25,7.13162529621448E-6,0.00107172243608115,1.25787248847548E-5,23.6331596,23.6500072,1999.5966796875,1999.5966796875,61.6665820247181,20.773888083236,6.273368,0,0,0,40,4882,23.8172,1999.5966796875,,,,,,,,,,,,,0,,,,1.7967564,,,,,,23.6415834,,,,
,44349576.885,23.6602535,1999.5966796875,0.00107695850653295,2.48805901723802E-7,1,0.999253354069792,40.0298881530762,2.00189647591524,20.7400005310774,0.0121978704530643,0.00222016383836746,0.25,6.77719772416804E-6,0.00107135876283056,1.22254614603121E-5,23.6500072,23.6704998,1999.5966796875,1999.5966796875,61.6876859947373,20.7686866325267,6.646428,0,0,0,40,4882,23.8386,1999.5966796875,,,,,,,,,,,,,0,,,,1.78782635,,,,,,23.6602535,,,,
,44349578.08,23.67800615,1999.5966796875,0.00107588057764878,2.61107393663694E-7,1,0.999253354069792,40.0298881530762,2.00182362744998,20.7400005310774,0.0121849278296366,0.00221969600626021,0.25,6.93075368477602E-6,0.00107028646352597,1.23737507280112E-5,23.6704998,23.6855125,1999.5966796875,1999.5966796875,61.4352199830257,20.7709151296937,7.019488,0,0,0,40,4882,23.85655,1999.5966796875,,,,,,,,,,,,,0,,,,1.78782635,,,,,,23.67800615,,,,
,44349580.28,23.7032566,1999.5966796875,0.00107544700573281,2.16678143798999E-7,1,0.999253354069792,40.0298881530762,2.00182609405398,20.7400005310774,0.0121796813792732,0.00222091810805631,0.25,7.11204826380628E-6,0.00106985596383042,1.25539481876927E-5,23.7032566,23.7032566,1999.5966796875,1999.5966796875,62.0511432561796,20.7699851903194,6.646428,0,0,0,40,4882,23.8926,1999.5966796875,,,,,,,,,,,,,0,,,,1.8147956,,,,,,23.7032566,,,,
,44349580.92,23.72093105,1999.5966796875,0.00107503328950808,2.32848665336047E-7,1,0.999253354069792,40.0298881530762,2.00189954509863,20.7499992102385,0.0121762620093287,0.00221539107193765,0.25,6.68953942804369E-6,0.00106944711704247,1.21322456620613E-5,23.7032566,23.7386055,1999.5966796875,1999.5966796875,61.4946237504873,20.7714101371523,7.019488,0,0,0,40,4882,23.90545,1999.5966796875,,,,,,,,,,,,,0,,,,1.805776,,,,,,23.72093105,,,,
,44349582.98,23.7536106,1999.5966796875,0.00107407100039202,3.35531432538849E-7,1,0.999253354069792,40.0298881530762,2.00191572029877,20.7400005310774,0.0121655278763259,0.00221312639972087,0.25,6.65498481346577E-6,0.00106849159072742,1.20949058344994E-5,23.7536106,23.7536106,1999.5966796875,1999.5966796875,61.7549060473911,20.768609115626,6.646428,0,0,0,40,4882,23.9394,1999.5966796875,,,,,,,,,,,,,0,,,,1.805776,,,,,,23.7536106,,,,
,44349584.485,23.7897968,1999.5966796875,0.00107344454739316,3.08333619170571E-7,1,0.999253354069792,40.0298881530762,2.0018648842421,20.7400005310774,0.0121574449843047,0.00221578650763101,0.25,7.00303521792323E-6,0.00106786740669734,1.24390546281569E-5,23.7897968,23.7897968,1999.5966796875,1999.5966796875,61.5188542345834,20.7699490978185,6.646428,0,0,0,40,4882,23.9584,1999.5966796875,,,,,,,,,,,,,0,,,,1.7967564,,,,,,23.7897968,,,,
,44349585.16,23.7965679,1999.5966796875,0.00107255740425689,2.85083245797391E-7,1,0.999253354069792,40.0298881530762,2.00186919163263,20.7400005310774,0.0121471959770028,0.00221527996929396,0.25,7.11307452793292E-6,0.00106698472932489,1.25445261148282E-5,23.7897968,23.803339,1999.5966796875,1999.5966796875,61.2851473073334,20.7709861129301,7.019488,0,0,0,40,4882,23.9675,1999.5966796875,,,,,,,,,,,,,0,,,,1.7967564,,,,,,23.7965679,,,,
,44349586.34,23.81255055,1999.5966796875,0.00107199174393304,3.09377744709121E-7,1,0.999253354069792,40.0298881530762,2.00185836427657,20.7499992102385,0.0121412885077019,0.00221098688741079,0.25,6.83305837155696E-6,0.00106642468161047,1.226453055573E-5,23.803339,23.8217621,1999.5966796875,1999.5966796875,61.6618922536027,20.7715159994509,6.646428,0,0,0,40,4882,23.99285,1999.5966796875,,,,,,,,,,,,,0,,,,1.7967564,,,,,,23.81255055,,,,
,44349587.565,23.830493,1999.5966796875,0.00107178603748427,2.61490141747478E-7,1,0.999253354069792,40.0298881530762,2.00182073690912,20.7400005310774,0.0121381479905408,0.00221398606265662,0.25,7.1355286547614E-6,0.00106621971613,1.25658151063181E-5,23.8217621,23.8392239,1999.5966796875,1999.5966796875,61.5516826323911,20.7695616575967,7.019488,0,0,0,40,4882,24.0175,1999.5966796875,,,,,,,,,,,,,0,,,,1.805776,,,,,,23.830493,,,,
,44349588.82,23.84746745,1999.5966796875,0.00107105517870428,2.29323808797011E-7,1,0.999253354069792,40.0298881530762,2.0017376391381,20.7499992102385,0.0121307905789841,0.00220447196311972,0.25,6.43128109901293E-6,0.00106549703002168,1.18624453927044E-5,23.8392239,23.855711,1999.5966796875,1999.5966796875,61.7588141899873,20.7727774016332,6.646428,0,0,0,40,4882,24.0343,1999.5966796875,,,,,,,,,,,,,0,,,,1.805776,,,,,,23.84746745,,,,
,44349589.985,23.8724346,1999.5966796875,0.00107045539875842,2.98140142497386E-7,1,0.999253354069792,40.0298881530762,2.00189669178153,20.7499992102385,0.012123905368119,0.00220923601478718,0.25,6.94035184582681E-6,0.00106489894309951,1.23672667902832E-5,23.855711,23.8891582,1999.5966796875,1999.5966796875,61.3054696488334,20.7707715149952,6.646428,0,0,0,40,4882,24.05905,1999.5966796875,,,,,,,,,,,,,0,,,,1.78782635,,,,,,23.8724346,,,,
,44349591.16,23.89889905,1999.5966796875,0.00106974987887719,2.33332130796641E-7,1,0.999253354069792,40.0298881530762,2.00183425495122,20.7400005310774,0.012115495085057,0.0022081346655564,0.25,6.97119835425195E-6,0.00106419809165769,1.23957892824287E-5,23.8891582,23.9086399,1999.5966796875,1999.5966796875,61.6704901673142,20.7692251668806,6.646428,0,0,0,40,4882,24.0837,1999.5966796875,,,,,,,,,,,,,0,,,,1.79684595,,,,,,23.89889905,,,,
,44349593.355,23.9254341,1999.5966796875,0.00106885180688415,2.43585226268034E-7,1,0.999253354069792,40.0298881530762,2.0018552923343,20.7400005310774,0.0121059104636771,0.00220373509935133,0.25,6.73716345348123E-6,0.00106330708303448,1.21598662232721E-5,23.9254341,23.9254341,1999.5966796875,1999.5966796875,62.0190964868912,20.7703798114385,7.019488,0,0,0,40,4882,24.1092,1999.5966796875,,,,,,,,,,,,,0,,,,1.8147956,,,,,,23.9254341,,,,
,44349593.965,23.9345274,1999.5966796875,0.00106866568962733,2.63475469911062E-7,1,0.999253354069792,40.0298881530762,2.00193665645725,20.7400005310774,0.0121040858513564,0.00220454868850327,0.25,6.83293965355396E-6,0.00106312228819706,1.22551684664076E-5,23.9254341,23.9436207,1999.5966796875,1999.5966796875,61.8033670155835,20.767533513351,6.646428,0,0,0,40,4882,24.12575,1999.5966796875,,,,,,,,,,,,,0,,,,1.805776,,,,,,23.9345274,,,,
,44349596.155,23.9785748,1999.5966796875,0.00106794270504614,2.78441585677407E-7,1,0.999253354069792,40.0298881530762,2.00189469004464,20.7400005310774,0.0120959814871532,0.00220126342438805,0.25,6.67174622295929E-6,0.00106240543814283,1.20930787738423E-5,23.9785748,23.9785748,1999.5966796875,1999.5966796875,61.9870497176027,20.7662521010847,6.646428,0,0,0,40,4882,24.1592,1999.5966796875,,,,,,,,,,,,,0,,,,1.7967564,,,,,,23.9785748,,,,
,44349596.82,23.9871588,1999.5966796875,0.00106668767463925,2.95793881877406E-7,1,0.999253354069792,40.0298881530762,2.00205127219369,20.7499992102385,0.0120822584899664,0.00220122195592176,0.25,6.87280725927563E-6,0.00106115670595831,1.22876650890937E-5,23.9785748,23.9957428,1999.5966796875,1999.5966796875,61.8291607567181,20.7683128179438,7.019488,0,0,0,40,4882,24.1757,1999.5966796875,,,,,,,,,,,,,0,,,,1.7967564,,,,,,23.9871588,,,,
,44349598,24.0056448,1999.5966796875,0.00106672931307224,3.15893356108131E-7,1,0.999253354069792,40.0298881530762,2.00201686370513,20.7499992102385,0.0120833686957394,0.00219659290108139,0.25,6.45875444795718E-6,0.00106120151480076,1.18774302469169E-5,23.9957428,24.0155468,1999.5966796875,1999.5966796875,61.6931573943719,20.7691606004823,6.646428,0,0,0,40,4882,24.2006,1999.5966796875,,,,,,,,,,,,,0,,,,1.7967564,,,,,,24.0056448,,,,
,44349599.225,24.02334405,1999.5966796875,0.00106578679800101,2.68523608319262E-7,1,0.999253354069792,40.0298881530762,2.00184188586985,20.7400005310774,0.0120707477520005,0.00219987968876386,0.25,6.92904211895807E-6,0.00106026229403106,1.23414885807528E-5,24.0155468,24.0311413,1999.5966796875,1999.5966796875,61.9933027457566,20.7693777014148,7.019488,0,0,0,40,4882,24.21765,1999.5966796875,,,,,,,,,,,,,0,,,,1.805776,,,,,,24.02334405,,,,
,44349601.36,24.0684032,1999.5966796875,0.00106484066999235,2.67244211523352E-7,1,0.999253354069792,40.0298881530762,2.00187475251934,20.7400005310774,0.0120602115943029,0.00219813732806,0.25,6.93585855409849E-6,0.00105932284230703,1.23456741161872E-5,24.0684032,24.0684032,1999.5966796875,1999.5966796875,61.740836734045,20.7698182594811,6.646428,0,0,0,40,4882,24.25535,1999.5966796875,,,,,,,,,,,,,0,,,,1.8147956,,,,,,24.0684032,,,,
,44349602.91,24.0856743,1999.5966796875,0.0010642419146521,3.13531856140996E-7,1,0.999253354069792,40.0298881530762,2.00190386905711,20.7400005310774,0.0120537805731109,0.00219596077673336,0.25,6.84485037642504E-6,0.00105872873341309,1.22533527658209E-5,24.0856743,24.0856743,1999.5966796875,1999.5966796875,61.3468959603527,20.7712938664887,6.646428,0,0,0,40,4882,24.2768,1999.5966796875,,,,,,,,,,,,,0,,,,1.7967564,,,,,,24.0856743,,,,
,44349603.675,24.10386945,1999.5966796875,0.00106374137867532,2.4097126539121E-7,1,0.999253354069792,40.0298881530762,2.00199049012759,20.7400005310774,0.0120488996364575,0.0021934121723215,0.25,6.69883652299833E-6,0.00105823234908525,1.21065259207274E-5,24.0856743,24.1220646,1999.5966796875,1999.5966796875,61.3429878177565,20.7690272426377,6.646428,0,0,0,40,4882,24.29345,1999.5966796875,,,,,,,,,,,,,0,,,,1.805776,,,,,,24.10386945,,,,
,44349604.995,24.13006975,1999.5966796875,0.00106317284710682,2.87626345721771E-7,1,0.999253354069792,40.0298881530762,2.0020632641943,20.7499992102385,0.0120434766976151,0.00218898333600544,0.25,6.399657612141E-6,0.00105766953429664,1.18074827890142E-5,24.1220646,24.1380749,1999.5966796875,1999.5966796875,61.5727866024104,20.7681498310456,6.273368,0,0,0,40,4882,24.31855,1999.5966796875,,,,,,,,,,,,,0,,,,1.8147956,,,,,,24.13006975,,,,
,44349606.19,24.14845755,1999.5966796875,0.00106236150246439,2.58523730015072E-7,1,0.999253354069792,40.0298881530762,2.00204888851893,20.7499992102385,0.0120333715093888,0.00219209514363794,0.25,6.81665040073547E-6,0.00105686107974239,1.22191966814369E-5,24.1380749,24.1588402,1999.5966796875,1999.5966796875,61.7119164788334,20.7678442921643,6.646428,0,0,0,40,4882,24.3355,1999.5966796875,,,,,,,,,,,,,0,,,,1.805776,,,,,,24.14845755,,,,
,44349607.345,24.1681862,1999.5966796875,0.00106160772305637,2.55581389283979E-7,1,0.999253354069792,40.0298881530762,2.00201706016661,20.7400005310774,0.0120247135527506,0.00219021048859117,0.25,6.78450687981179E-6,0.00105611220351335,1.21843989748083E-5,24.1588402,24.1775322,1999.5966796875,1999.5966796875,62.4732226565643,20.7700797834822,6.646428,0,0,0,40,4882,24.35275,1999.5966796875,,,,,,,,,,,,,0,,,,1.7967564,,,,,,24.1681862,,,,
,44349608.595,24.1865816,1999.5966796875,0.00106138403317328,2.74517531450668E-7,1,0.999253354069792,40.0298881530762,2.00191476895938,20.7400005310774,0.0120215711939972,0.00218983590887149,0.25,6.79894265021385E-6,0.00105589046109653,1.2198656468775E-5,24.1775322,24.195631,1999.5966796875,1999.5966796875,61.4172425270834,20.7696630407062,6.273368,0,0,0,40,4882,24.37,1999.5966796875,,,,,,,,,,,,,0,,,,1.805776,,,,,,24.1865816,,,,
,44349609.9,24.21174335,1999.5966796875,0.00106065606510539,3.22999437017622E-7,1,0.999253354069792,40.0298881530762,2.00193376374631,20.7400005310774,0.0120132524462762,0.00218946218703455,0.25,6.89056492618089E-6,0.00105516682363852,1.22873592451396E-5,24.195631,24.2278557,1999.5966796875,1999.5966796875,61.7314571918142,20.7670650134997,6.646428,0,0,0,40,4882,24.39115,1999.5966796875,,,,,,,,,,,,,0,,,,1.8147956,,,,,,24.21174335,,,,
,44349611.175,24.2362032,1999.5966796875,0.00105963187176825,2.70402267309338E-7,1,0.999253354069792,40.0298881530762,2.00201500134475,20.7400005310774,0.0120026884793321,0.00218425999217469,0.25,6.60235011435952E-6,0.00105415068927047,1.19969331622729E-5,24.2278557,24.2445507,1999.5966796875,1999.5966796875,61.9604743479489,20.7692702088647,7.019488,0,0,0,40,4882,24.41675,1999.5966796875,,,,,,,,,,,,,0,,,,1.8147956,,,,,,24.2362032,,,,
,44349613.16,24.261549,1999.5966796875,0.00105908348004926,3.26775442095624E-7,1,0.999253354069792,40.0298881530762,2.00199144166216,20.7400005310774,0.0119963777165916,0.00218302481363407,0.25,6.58945161286328E-6,0.00105360698858583,1.19833705802217E-5,24.261549,24.261549,1999.5966796875,1999.5966796875,62.2223199018912,20.770013042142,6.273368,0,0,0,40,4882,24.4509,1999.5966796875,,,,,,,,,,,,,0,,,,1.8239058,,,,,,24.261549,,,,
,44349614.625,24.2801666,1999.5966796875,0.00105843369374938,2.90419527266287E-7,1,0.999253354069792,40.0298881530762,2.00186622517696,20.7499992102385,0.0119877114838904,0.00218501821261035,0.25,6.88899726015206E-6,0.00105296035954918,1.22796022653029E-5,24.2801666,24.2801666,1999.5966796875,1999.5966796875,61.6181210565257,20.7702812027133,6.646428,0,0,0,40,4882,24.47635,1999.5966796875,,,,,,,,,,,,,0,,,,1.8147956,,,,,,24.2801666,,,,
,44349615.32,24.2994499,1999.5966796875,0.00105759267351922,2.7691504262741E-7,1,0.999253354069792,40.0298881530762,2.00183846469022,20.7400005310774,0.0119785390351269,0.00218038394379907,0.25,6.62958673012198E-6,0.00105212561085776,1.20179900721005E-5,24.2801666,24.3187332,1999.5966796875,1999.5966796875,61.4743014089873,20.7696775727114,6.646428,0,0,0,40,4882,24.48905,1999.5966796875,,,,,,,,,,,,,0,,,,1.8147956,,,,,,24.2994499,,,,
,44349617.47,24.3350296,1999.5966796875,0.00105727621378724,2.85450905348295E-7,1,0.999253354069792,40.0298881530762,2.00192579033253,20.7400005310774,0.0119748220189478,0.0021835004834823,0.25,6.95014953879437E-6,0.00105181044986765,1.23369003837807E-5,24.3350296,24.3350296,1999.5966796875,1999.5966796875,61.9096684941989,20.7711489504959,7.019488,0,0,0,40,4882,24.5154,1999.5966796875,,,,,,,,,,,,,0,,,,1.8147956,,,,,,24.3350296,,,,
,44349618.965,24.35949425,1999.5966796875,0.00105620543541706,3.51407121162571E-7,1,0.999253354069792,40.0298881530762,2.00186406322709,20.7400005310774,0.0119626345277824,0.00217967111450574,0.25,6.80394835975628E-6,0.00105074750539244,1.2187793317416E-5,24.3503838,24.3686047,1999.5966796875,1999.5966796875,61.2656065943526,20.768193699409,6.646428,0,0,0,40,4882,24.5452,1999.5966796875,,,,,,,,,,,,,0,,,,1.8147956,,,,,,24.35949425,,,,
,44349620.495,24.3862839,1999.5966796875,0.00105597758915242,3.14965796045808E-7,1,0.999253354069792,40.0298881530762,2.00209152464436,20.7400005310774,0.0119613251408,0.00217964288132518,0.25,6.81910801325649E-6,0.00105052187086693,1.22030588293788E-5,24.3862839,24.3862839,1999.5966796875,1999.5966796875,61.6345352554296,20.7645576038377,6.646428,0,0,0,40,4882,24.5671,1999.5966796875,,,,,,,,,,,,,0,,,,1.8147956,,,,,,24.3862839,,,,
,44349621.15,24.3942604,1999.5966796875,0.00105498322076394,3.39235313135251E-7,1,0.999253354069792,40.0298881530762,2.00213589182016,20.7400005310774,0.0119500462412252,0.00217920785630079,0.25,6.95034536467871E-6,0.00104953263269963,1.23293120951359E-5,24.3862839,24.4022369,1999.5966796875,1999.5966796875,61.443036268218,20.7704939134436,6.646428,0,0,0,40,4882,24.5799,1999.5966796875,,,,,,,,,,,,,0,,,,1.8147956,,,,,,24.3942604,,,,
,44349622.265,24.41072175,1999.5966796875,0.00105461159863859,2.52455295883435E-7,1,0.999253354069792,40.0298881530762,2.00207983891853,20.7499992102385,0.0119457859555871,0.00217691895229107,0.25,6.81763669214174E-6,0.00104916451133761,1.21964465515729E-5,24.4022369,24.4192066,1999.5966796875,1999.5966796875,61.6181210565257,20.7691119710468,6.646428,0,0,0,40,4882,24.59715,1999.5966796875,,,,,,,,,,,,,0,,,,1.8239058,,,,,,24.41072175,,,,
,44349623.39,24.42712495,1999.5966796875,0.00105415670303638,2.55529091495219E-7,1,0.999253354069792,40.0298881530762,2.0021320813498,20.7499992102385,0.0119408637409067,0.00217645684634745,0.25,6.85104300909114E-6,0.00104871245378812,1.2228162581911E-5,24.4192066,24.4350433,1999.5966796875,1999.5966796875,61.6540759684104,20.7702160208249,6.646428,0,0,0,40,4882,24.6103,1999.5966796875,,,,,,,,,,,,,0,,,,1.8239058,,,,,,24.42712495,,,,
,44349624.585,24.44363975,1999.5966796875,0.001053161968195,3.10332072057137E-7,1,0.999253354069792,40.0298881530762,2.00199379649736,20.7499992102385,0.0119298052249912,0.00216869387341938,0.25,6.35186253863975E-6,0.00104772680051171,1.17280381072007E-5,24.4350433,24.4522362,1999.5966796875,1999.5966796875,61.5931089439104,20.7677854321783,6.646428,0,0,0,40,4882,24.63605,1999.5966796875,,,,,,,,,,,,,0,,,,1.8147956,,,,,,24.44363975,,,,
,44349625.89,24.4690237,1999.5966796875,0.00105266109618915,3.03981826425091E-7,1,0.999253354069792,40.0298881530762,2.00201068960514,20.7400005310774,0.0119234990074597,0.0021719219267026,0.25,6.72105610262669E-6,0.0010472279887344,1.20943910000256E-5,24.4522362,24.4858112,1999.5966796875,1999.5966796875,61.761159075545,20.7689448328363,6.273368,0,0,0,40,4882,24.6621,1999.5966796875,,,,,,,,,,,,,0,,,,1.8147956,,,,,,24.4690237,,,,
,44349628.05,24.5018787,1999.5966796875,0.00105167018946896,2.95180790259305E-7,1,0.999253354069792,40.0298881530762,2.00199091305554,20.7400005310774,0.0119120558614995,0.00217059257740687,0.25,6.77708466857242E-6,0.00104624374281724,1.21472207198735E-5,24.5018787,24.5018787,1999.5966796875,1999.5966796875,61.5907640583527,20.7689533249519,6.646428,0,0,0,40,4882,24.6969,1999.5966796875,,,,,,,,,,,,,0,,,,1.833016,,,,,,24.5018787,,,,
,44349628.715,24.51071735,1999.5966796875,0.00105176217371585,3.20745798423372E-7,1,0.999253354069792,40.0298881530762,2.00191506020542,20.7400005310774,0.0119125300931701,0.00217152048953462,0.25,6.84904126304184E-6,0.00104633535355893,1.22198307634282E-5,24.5018787,24.519556,1999.5966796875,1999.5966796875,61.8682421826796,20.7690596265453,6.646428,0,0,0,40,4882,24.70565,1999.5966796875,,,,,,,,,,,,,0,,,,1.8239058,,,,,,24.51071735,,,,
,44349629.925,24.53650665,1999.5966796875,0.0010512011088787,2.51105558842338E-7,1,0.999253354069792,40.0298881530762,2.00187012240623,20.7400005310774,0.0119061580758758,0.00216904166815079,0.25,6.73145032635618E-6,0.00104577891918294,1.21013331391595E-5,24.519556,24.5534573,1999.5966796875,1999.5966796875,61.974543661295,20.7703155278682,6.646428,0,0,0,40,4882,24.7275,1999.5966796875,,,,,,,,,,,,,0,,,,1.8147956,,,,,,24.53650665,,,,
,44349631.97,24.56954,1999.5966796875,0.00105038607146707,2.44071989180046E-7,1,0.999253354069792,40.0298881530762,2.00194906994848,20.7400005310774,0.0118975704997186,0.00216643033257421,0.25,6.63484094476037E-6,0.00104497019884384,1.20029684256119E-5,24.56954,24.56954,1999.5966796875,1999.5966796875,61.2319965680257,20.7696537901218,7.019488,0,0,0,40,4882,24.75825,1999.5966796875,,,,,,,,,,,,,0,,,,1.8147956,,,,,,24.56954,,,,
,44349632.65,24.5790634,1999.5966796875,0.00104984571808342,2.66026240584982E-7,1,0.999253354069792,40.0298881530762,2.00189448589877,20.7400005310774,0.0118903108635134,0.00217003487853251,0.25,7.05165851867317E-6,0.00104443115038955,1.24156497102166E-5,24.56954,24.5885868,1999.5966796875,1999.5966796875,61.7252041636604,20.7682958987878,7.019488,0,0,0,40,4882,24.77055,1999.5966796875,,,,,,,,,,,,,0,,,,1.8147956,,,,,,24.5790634,,,,
,44349634.77,24.6220894,1999.5966796875,0.00104899971456857,2.40421198407266E-7,1,0.999253354069792,40.0298881530762,2.00190615793631,20.7400005310774,0.0118822096846484,0.00216037354587527,0.25,6.34442305795609E-6,0.00104359507616075,1.17100150390227E-5,24.6220894,24.6220894,1999.5966796875,1999.5966796875,61.5227623771796,20.7711394794605,6.646428,0,0,0,40,4882,24.8073,1999.5966796875,,,,,,,,,,,,,0,,,,1.833016,,,,,,24.6220894,,,,
,44349635.425,24.6304903,1999.5966796875,0.00104822145327411,2.35547572199622E-7,1,0.999253354069792,40.0298881530762,2.00188325754007,20.7400005310774,0.0118729473658342,0.00216060190880256,0.25,6.5023757264076E-6,0.00104282067904152,1.18639360910194E-5,24.6220894,24.6388912,1999.5966796875,1999.5966796875,61.4813360656603,20.7674580900304,7.019488,0,0,0,40,4882,24.8196,1999.5966796875,,,,,,,,,,,,,0,,,,1.8239058,,,,,,24.6304903,,,,
,44349636.57,24.6474743,1999.5966796875,0.00104799094432663,2.79015143635531E-7,1,0.999253354069792,40.0298881530762,2.00185347678696,20.7499992102385,0.0118699056580178,0.00216167119648749,0.25,6.63829168463498E-6,0.00104259182833755,1.19993174604107E-5,24.6388912,24.6560574,1999.5966796875,1999.5966796875,61.6955022799296,20.7699926467088,6.646428,0,0,0,40,4882,24.84075,1999.5966796875,,,,,,,,,,,,,0,,,,1.8239058,,,,,,24.6474743,,,,
,44349637.835,24.6635647,1999.5966796875,0.00104772944045553,3.03006833602953E-7,1,0.999253354069792,40.0298881530762,2.0018842541146,20.7400005310774,0.0118671748409918,0.00216090627649305,0.25,6.6125876689122E-6,0.0010423328246655,1.19735836819374E-5,24.6560574,24.671072,1999.5966796875,1999.5966796875,61.6329719983911,20.7710451943177,6.273368,0,0,0,40,4882,24.8593,1999.5966796875,,,,,,,,,,,,,0,,,,1.833016,,,,,,24.6635647,,,,
,44349639.14,24.68872165,1999.5966796875,0.00104672578871981,3.50956215663294E-7,1,0.999253354069792,40.0298881530762,2.00182544627598,20.7400005310774,0.0118545236324068,0.00216427593189655,0.25,7.08969345988981E-6,0.00104133304464944,1.24444907797362E-5,24.671072,24.7063713,1999.5966796875,1999.5966796875,61.2984349921603,20.7700998715312,6.646428,0,0,0,40,4882,24.88135,1999.5966796875,,,,,,,,,,,,,0,,,,1.833016,,,,,,24.68872165,,,,
,44349640.365,24.71537115,1999.5966796875,0.00104596069240331,2.98867779914273E-7,1,0.999253354069792,40.0298881530762,2.00187253413436,20.7400005310774,0.0118462752970624,0.00216195744702065,0.25,7.01371839593278E-6,0.00104057339273715,1.23663266586705E-5,24.7063713,24.724371,1999.5966796875,1999.5966796875,61.659547368045,20.7703532066002,7.019488,0,0,0,40,4882,24.9026,1999.5966796875,,,,,,,,,,,,,0,,,,1.833016,,,,,,24.71537115,,,,
,44349641.515,24.73258305,1999.5966796875,0.001045593277507,2.80569991229392E-7,1,0.999253354069792,40.0298881530762,2.00173841232768,20.7400005310774,0.011841742364402,0.0021589453366762,0.25,6.82332107909949E-6,0.00104020990314653,1.21762386625277E-5,24.724371,24.7407951,1999.5966796875,1999.5966796875,61.6540759684104,20.7706998352741,6.646428,0,0,0,40,4882,24.9217,1999.5966796875,,,,,,,,,,,,,0,,,,1.8422177,,,,,,24.73258305,,,,
,44349642.72,24.74975395,1999.5966796875,0.00104509625508414,2.82389158423068E-7,1,0.999253354069792,40.0298881530762,2.00175832691179,20.7400005310774,0.0118362992603813,0.00215760428162416,0.25,6.78885563199927E-6,0.00103971685807915,1.21408192611331E-5,24.7407951,24.7587128,1999.5966796875,1999.5966796875,61.5204174916219,20.7734341030244,6.646428,0,0,0,40,4882,24.9439,1999.5966796875,,,,,,,,,,,,,0,,,,1.8422177,,,,,,24.74975395,,,,
,44349644.815,24.7775135,1999.5966796875,0.00104418920896258,3.03383581420102E-7,1,0.999253354069792,40.0298881530762,2.00180036049693,20.7499992102385,0.0118270795279913,0.00215126034691828,0.25,6.38215810030399E-6,0.00103881857075865,1.17338270651576E-5,24.7775135,24.7775135,1999.5966796875,1999.5966796875,61.8189995859681,20.7747585750798,6.646428,0,0,0,40,4882,24.9795,1999.5966796875,,,,,,,,,,,,,0,,,,1.833016,,,,,,24.7775135,,,,
,44349646.35,24.8109894,1999.5966796875,0.00104343347660102,2.11701858280831E-7,1,0.999253354069792,40.0298881530762,2.00183709062464,20.7400005310774,0.0118187022561279,0.00214997338499337,0.25,6.39607957890473E-6,0.00103806805775168,1.17454852214876E-5,24.8109894,24.8109894,1999.5966796875,1999.5966796875,61.9893946031604,20.7717578948456,6.646428,0,0,0,40,4882,25.0058,1999.5966796875,,,,,,,,,,,,,0,,,,1.8239058,,,,,,24.8109894,,,,
,44349646.985,24.8200741,1999.5966796875,0.00104356415698009,2.96749421658543E-7,1,0.999253354069792,40.0298881530762,2.00177501381646,20.7400005310774,0.0118204472826236,0.00214671649508231,0.25,6.09082377832411E-6,0.00103820014563598,1.14430450492243E-5,24.8109894,24.8291588,1999.5966796875,1999.5966796875,61.7978956159488,20.7740101575965,6.646428,0,0,0,40,4882,25.01475,1999.5966796875,,,,,,,,,,,,,0,,,,1.8147956,,,,,,24.8200741,,,,
,44349648.135,24.83800605,1999.5966796875,0.00104188258832447,2.66390408735745E-7,1,0.999253354069792,40.0298881530762,2.00182398701431,20.7499992102385,0.0117997917865089,0.00215410251022647,0.25,7.03168670485817E-6,0.00103652334660558,1.23716192540607E-5,24.8291588,24.8468533,1999.5966796875,1999.5966796875,61.5712233453719,20.7752136434245,7.019488,0,0,0,40,4882,25.0331,1999.5966796875,,,,,,,,,,,,,0,,,,1.8331075,,,,,,24.83800605,,,,
,44349649.375,24.85488895,1999.5966796875,0.00104179923674998,2.25925598593867E-7,1,0.999253354069792,40.0298881530762,2.00172597994837,20.7400005310774,0.0117988471430148,0.00215078165027686,0.25,6.76070555517865E-6,0.00103644302631364,1.21029651636732E-5,24.8468533,24.8629246,1999.5966796875,1999.5966796875,61.5165093490257,20.771916834797,6.646428,0,0,0,40,4882,25.05415,1999.5966796875,,,,,,,,,,,,,0,,,,1.8422177,,,,,,24.85488895,,,,
,44349651.5,24.896925,1999.5966796875,0.00104113736566601,3.38643100042604E-7,1,0.999253354069792,40.0298881530762,2.00178617435755,20.7400005310774,0.011792721570265,0.00214372543288809,0.25,6.24654933212596E-6,0.001035789123034,1.15903034903373E-5,24.896925,24.896925,1999.5966796875,1999.5966796875,61.5290154053334,20.7717833492517,7.019488,0,0,0,40,4882,25.0891,1999.5966796875,,,,,,,,,,,,,0,,,,1.8514194,,,,,,24.896925,,,,
,44349653.04,24.9158306,1999.5966796875,0.0010402338690508,2.84723236799753E-7,1,0.999253354069792,40.0298881530762,2.00187480644034,20.7400005310774,0.0117823518600172,0.00214565042513436,0.25,6.56521356929198E-6,0.00103488994643821,1.19042106748382E-5,24.9158306,24.9158306,1999.5966796875,1999.5966796875,61.6001436005834,20.7723045138354,6.646428,0,0,0,40,4882,25.1125,1999.5966796875,,,,,,,,,,,,,0,,,,1.8514194,,,,,,24.9158306,,,,
,44349653.79,24.9260578,1999.5966796875,0.00104027772110225,2.8252055963572E-7,1,0.999253354069792,40.0298881530762,2.00199728193927,20.7400005310774,0.0117833633505619,0.00214689295400265,0.25,6.65510229699934E-6,0.00103493384032919,1.19946956397521E-5,24.9158306,24.936285,1999.5966796875,1999.5966796875,62.3004827538143,20.7699149861589,7.019488,0,0,0,40,4882,25.1251,1999.5966796875,,,,,,,,,,,,,0,,,,1.8422177,,,,,,24.9260578,,,,
,44349655.03,24.9526062,1999.5966796875,0.00103906773460351,2.72235141364504E-7,1,0.999253354069792,40.0298881530762,2.00185186521437,20.7400005310774,0.0117685273383057,0.00214614086877233,0.25,6.81248790380003E-6,0.00103373059388578,1.21466341824704E-5,24.936285,24.9689274,1999.5966796875,1999.5966796875,61.476646294545,20.7711121679225,6.646428,0,0,0,40,4882,25.1495,1999.5966796875,,,,,,,,,,,,,0,,,,1.833016,,,,,,24.9526062,,,,
,44349656.25,24.9782133,1999.5966796875,0.00103870129150287,2.81386643247783E-7,1,0.999253354069792,40.0298881530762,2.00199255797535,20.7400005310774,0.0117659471756332,0.0021411517218564,0.25,6.42255218741058E-6,0.00103336925371326,1.17582266100399E-5,24.9689274,24.9874992,1999.5966796875,1999.5966796875,61.8823114960258,20.7701742446996,7.019488,0,0,0,40,4882,25.1712,1999.5966796875,,,,,,,,,,,,,0,,,,1.8422177,,,,,,24.9782133,,,,
,44349657.59,24.9960537,1999.5966796875,0.00103795261584021,3.03770185432287E-7,1,0.999253354069792,40.0298881530762,2.00174669671274,20.7400005310774,0.0117554539630932,0.0021430733611282,0.25,6.74392467607277E-6,0.00103262399909847,1.20755226960254E-5,24.9874992,25.0046082,1999.5966796875,1999.5966796875,61.8510463552566,20.7735859250441,6.646428,0,0,0,40,4882,25.19285,1999.5966796875,,,,,,,,,,,,,0,,,,1.8514194,,,,,,24.9960537,,,,
,44349658.925,25.0131674,1999.5966796875,0.00103780424596653,2.89089500004728E-7,1,0.999253354069792,40.0298881530762,2.00178913803794,20.7499992102385,0.0117539277662155,0.00214336590921394,0.25,6.79036204968916E-6,0.00103247736632208,1.21223394667026E-5,25.0046082,25.0217266,1999.5966796875,1999.5966796875,61.5610621746219,20.7750373510574,6.646428,0,0,0,40,4882,25.2137,1999.5966796875,,,,,,,,,,,,,0,,,,1.8514194,,,,,,25.0131674,,,,
,44349660.065,25.0302801,1999.5966796875,0.00103728228769505,2.83596602649445E-7,1,0.999253354069792,40.0298881530762,2.00168366391786,20.7400005310774,0.0117476645534376,0.00214088513793957,0.25,6.67152323138481E-6,0.00103195956534316,1.20024340313543E-5,25.0217266,25.0388336,1999.5966796875,1999.5966796875,61.4524158104488,20.769425715344,7.019488,0,0,0,40,4882,25.22915,1999.5966796875,,,,,,,,,,,,,0,,,,1.8514194,,,,,,25.0302801,,,,
,44349661.165,25.0462856,1999.5966796875,0.00103657983116306,2.97119082616459E-7,1,0.999253354069792,40.0298881530762,2.00173144531712,20.7400005310774,0.0117396105137978,0.00214165378755729,0.25,6.85664584927726E-6,0.00103126106366558,1.2184471476802E-5,25.0388336,25.0537376,1999.5966796875,1999.5966796875,61.7564693044296,20.7723100179957,6.646428,0,0,0,40,4882,25.25155,1999.5966796875,,,,,,,,,,,,,0,,,,1.8514194,,,,,,25.0462856,,,,
,44349663.155,25.0883312,1999.5966796875,0.00103601297383416,2.68437291109552E-7,1,0.999253354069792,40.0298881530762,2.00200000389126,20.7499992102385,0.0117362048104447,0.00213225729779154,0.25,6.10084641222573E-6,0.00103070291795642,1.14318435788377E-5,25.0883312,25.0883312,1999.5966796875,1999.5966796875,61.8166547004104,20.7709381270993,6.273368,0,0,0,40,4882,25.2853,1999.5966796875,,,,,,,,,,,,,0,,,,1.8514194,,,,,,25.0883312,,,,
,44349664.735,25.103857,1999.5966796875,0.00103453140409744,2.63345483671993E-7,1,0.999253354069792,40.0298881530762,2.00202698501129,20.7400005310774,0.0117187520327092,0.00213402784610167,0.25,6.51236592021591E-6,0.0010292286267183,1.18356377379776E-5,25.103857,25.103857,1999.5966796875,1999.5966796875,61.6626738821219,20.7709152657598,7.019488,0,0,0,40,4882,25.31575,1999.5966796875,,,,,,,,,,,,,0,,,,1.8514194,,,,,,25.103857,,,,
,44349666.225,25.1414604,1999.5966796875,0.00103460274348086,2.62923257355112E-7,1,0.999253354069792,40.0298881530762,2.00181375261806,20.7400005310774,0.0117182096408842,0.00213494131077375,0.25,6.59814306543434E-6,0.00102930007320488,1.19225280944636E-5,25.1414604,25.1414604,1999.5966796875,1999.5966796875,61.2671698513911,20.7689094698888,6.646428,0,0,0,40,4882,25.33335,1999.5966796875,,,,,,,,,,,,,0,,,,1.8514194,,,,,,25.1414604,,,,
,44349666.935,25.14876175,1999.5966796875,0.00103408218675543,3.07489809228105E-7,1,0.999253354069792,40.0298881530762,2.00194187590679,20.7400005310774,0.0117124724959584,0.00213721123351654,0.25,6.87724449342878E-6,0.00102878151307422,1.2198384008741E-5,25.1414604,25.1560631,1999.5966796875,1999.5966796875,61.5211991201411,20.7703905075519,6.646428,0,0,0,40,4882,25.3463,1999.5966796875,,,,,,,,,,,,,0,,,,1.8422177,,,,,,25.14876175,,,,
,44349668.225,25.1659708,1999.5966796875,0.00103318992759271,2.68021341037891E-7,1,0.999253354069792,40.0298881530762,2.00185509883961,20.7400005310774,0.0117024647923793,0.00213205582989352,0.25,6.5853565161227E-6,0.00102789661849135,1.19048325400233E-5,25.1560631,25.1758785,1999.5966796875,1999.5966796875,61.375034587045,20.7699130048974,6.273368,0,0,0,40,4882,25.36815,1999.5966796875,,,,,,,,,,,,,0,,,,1.8422177,,,,,,25.1659708,,,,
,44349669.51,25.1844959,1999.5966796875,0.00103289123106748,2.57372477445675E-7,1,0.999253354069792,40.0298881530762,2.00187624448795,20.7400005310774,0.0116997008559333,0.00212869353294293,0.25,6.33767975709901E-6,0.00102760204533413,1.16583576826697E-5,25.1758785,25.1931133,1999.5966796875,1999.5966796875,61.7330204488527,20.7693824259575,6.646428,0,0,0,40,4882,25.3902,1999.5966796875,,,,,,,,,,,,,0,,,,1.8514194,,,,,,25.1844959,,,,
,44349670.75,25.20121955,1999.5966796875,0.00103266298463846,3.41846863454135E-7,1,0.999253354069792,40.0298881530762,2.00184924638119,20.7400005310774,0.0116960927443903,0.00213323488604047,0.25,6.77928832302327E-6,0.00102737372314783,1.20977341569925E-5,25.1931133,25.2093258,1999.5966796875,1999.5966796875,61.7533427903527,20.7692211743725,6.646428,0,0,0,40,4882,25.4079,1999.5966796875,,,,,,,,,,,,,0,,,,1.8514194,,,,,,25.20121955,,,,
,44349672.86,25.2447453,1999.5966796875,0.00103149117138989,2.69438215549691E-7,1,0.999253354069792,40.0298881530762,2.00184051932873,20.7400005310774,0.011683278990323,0.00212805493094665,0.25,6.52630975180563E-6,0.00102621120255853,1.18423348550623E-5,25.2447453,25.2447453,1999.5966796875,1999.5966796875,62.2371708437566,20.7710930204318,7.019488,0,0,0,40,4882,25.4428,1999.5966796875,,,,,,,,,,,,,0,,,,1.8514194,,,,,,25.2447453,,,,
,44349673.545,25.2537756,1999.5966796875,0.00103115263192198,2.96920041754152E-7,1,0.999253354069792,40.0298881530762,2.00182479376615,20.7499992102385,0.0116787203218905,0.00213102107692129,0.25,6.8477100675964E-6,0.00102587352710559,1.2161243097174E-5,25.2447453,25.2628059,1999.5966796875,1999.5966796875,61.6572024824873,20.7733601943657,6.646428,0,0,0,40,4882,25.456,1999.5966796875,,,,,,,,,,,,,0,,,,1.8514194,,,,,,25.2537756,,,,
,44349675.78,25.28902535,1999.5966796875,0.00102998738179684,3.10364225121108E-7,1,0.999253354069792,40.0298881530762,2.00188828149468,20.7400005310774,0.0116656723454415,0.0021299931802703,0.25,6.95289047390213E-6,0.00102471605048542,1.22625517676226E-5,25.2800694,25.2979813,1999.5966796875,1999.5966796875,61.4211506696796,20.7687609800916,6.646428,0,0,0,40,4882,25.4957,1999.5966796875,,,,,,,,,,,,,0,,,,1.85151175,,,,,,25.28902535,,,,
,44349676.54,25.307086,1999.5966796875,0.00103032658432299,2.6707564438749E-7,1,0.999253354069792,40.0298881530762,2.00177431526021,20.7499992102385,0.0116691593684324,0.00212902898015614,0.25,6.817779260931E-6,0.00102505470711194,1.21304922744506E-5,25.2979813,25.3161907,1999.5966796875,1999.5966796875,61.6032701146604,20.7697626924614,6.273368,0,0,0,40,4882,25.50455,1999.5966796875,,,,,,,,,,,,,0,,,,1.86071345,,,,,,25.307086,,,,
,44349677.76,25.3250036,1999.5966796875,0.00102886964549228,2.6187352158817E-7,1,0.999253354069792,40.0298881530762,2.00176730100947,20.7499992102385,0.0116536975339814,0.00211994506726245,0.25,6.2717410028312E-6,0.00102360906732725,1.15808781305841E-5,25.3161907,25.3338165,1999.5966796875,1999.5966796875,61.2734228795449,20.7726104539277,6.646428,0,0,0,40,4882,25.52225,1999.5966796875,,,,,,,,,,,,,0,,,,1.8514194,,,,,,25.3250036,,,,
,44349678.94,25.341979,1999.5966796875,0.00102874950557197,2.66470624193513E-7,1,0.999253354069792,40.0298881530762,2.00162604239295,20.7400005310774,0.0116508993916805,0.00212339168908583,0.25,6.60727658144013E-6,0.00102348944867523,1.19159066937606E-5,25.3338165,25.3501415,1999.5966796875,1999.5966796875,61.496968636045,20.7730055523155,6.273368,0,0,0,40,4882,25.5488,1999.5966796875,,,,,,,,,,,,,0,,,,1.8514194,,,,,,25.341979,,,,
,44349680.125,25.35904595,1999.5966796875,0.00102778846281171,2.55318464080543E-7,1,0.999253354069792,40.0298881530762,2.00175247352768,20.7400005310774,0.011640298470133,0.00212400203739258,0.25,6.81685534651254E-6,0.00102253356502835,1.21209532563082E-5,25.3501415,25.3679504,1999.5966796875,1999.5966796875,61.9620376049873,20.7736947217581,6.646428,0,0,0,40,4882,25.57095,1999.5966796875,,,,,,,,,,,,,0,,,,1.86071345,,,,,,25.35904595,,,,
,44349681.28,25.3830051,1999.5966796875,0.00102770381528066,2.5520272203919E-7,1,0.999253354069792,40.0298881530762,2.00171040018161,20.7499992102385,0.0116398913299365,0.00211938769183147,0.25,6.42709910456815E-6,0.00102245241402944,1.17339623750329E-5,25.3679504,25.3980598,1999.5966796875,1999.5966796875,61.7134797358719,20.7745894876372,7.019488,0,0,0,40,4882,25.58875,1999.5966796875,,,,,,,,,,,,,0,,,,1.86071345,,,,,,25.3830051,,,,
,44349683.32,25.4139214,1999.5966796875,0.00102739117994948,2.76991747684332E-7,1,0.999253354069792,40.0298881530762,2.0017322101619,20.7400005310774,0.0116359893117497,0.00212163712982144,0.25,6.67593897390311E-6,0.00102214198663881,1.19820873156404E-5,25.4139214,25.4139214,1999.5966796875,1999.5966796875,61.2460658813719,20.7747632258157,7.019488,0,0,0,40,4882,25.6202,1999.5966796875,,,,,,,,,,,,,0,,,,1.8514194,,,,,,25.4139214,,,,
,44349684.82,25.4346504,1999.5966796875,0.00102644265157747,2.8055871583879E-7,1,0.999253354069792,40.0298881530762,2.00172278217276,20.7499992102385,0.0116247420264761,0.00212235526879463,0.25,6.90457214278945E-6,0.00102119873264318,1.22064663534489E-5,25.4346504,25.4346504,1999.5966796875,1999.5966796875,61.5641886886988,20.7720026438551,6.646428,0,0,0,40,4882,25.6467,1999.5966796875,,,,,,,,,,,,,0,,,,1.8514194,,,,,,25.4346504,,,,
,44349685.49,25.4520311,1999.5966796875,0.0010256668047969,2.71364057627284E-7,1,0.999253354069792,40.0298881530762,2.00168301901381,20.7400005310774,0.0116167885689655,0.00211476937274021,0.25,6.37425825475254E-6,0.00102043037923694,1.16757419914375E-5,25.4346504,25.4694118,1999.5966796875,1999.5966796875,62.0386371998719,20.7743320856676,6.646428,0,0,0,40,4882,25.66015,1999.5966796875,,,,,,,,,,,,,0,,,,1.86071345,,,,,,25.4520311,,,,
,44349686.685,25.4788179,1999.5966796875,0.00102540182074346,2.94491310152059E-7,1,0.999253354069792,40.0298881530762,2.00167600917262,20.7400005310774,0.0116133885765928,0.00211635652939015,0.25,6.55960313439053E-6,0.00102016712278475,1.1860325432833E-5,25.4694118,25.488224,1999.5966796875,1999.5966796875,61.8518279837758,20.7725524373067,6.646428,0,0,0,40,4882,25.68255,1999.5966796875,,,,,,,,,,,,,0,,,,1.8700075,,,,,,25.4788179,,,,
,44349687.915,25.4973316,1999.5966796875,0.00102461232429454,2.35546622375489E-7,1,0.999253354069792,40.0298881530762,2.00167692615185,20.7400005310774,0.0116042686775575,0.00211584574494132,0.25,6.65169228076166E-6,0.0010193822471746,1.19490871573378E-5,25.488224,25.5064392,1999.5966796875,1999.5966796875,61.6587657395258,20.771197659605,6.646428,0,0,0,40,4882,25.70045,1999.5966796875,,,,,,,,,,,,,0,,,,1.8700075,,,,,,25.4973316,,,,
,44349689.935,25.5231419,1999.5966796875,0.00102361298454176,2.99728048372994E-7,1,0.999253354069792,40.0298881530762,2.00164111842478,20.7400005310774,0.011592873287052,0.00211321490694005,0.25,6.5954428576666E-6,0.0010183905411707,1.18904331338152E-5,25.5231419,25.5231419,1999.5966796875,1999.5966796875,61.5868559157565,20.7731137481763,6.646428,0,0,0,40,4882,25.7364,1999.5966796875,,,,,,,,,,,,,0,,,,1.8514194,,,,,,25.5231419,,,,
,44349690.505,25.53287125,1999.5966796875,0.00102370734452284,2.28577947337877E-7,1,0.999253354069792,40.0298881530762,2.00170804447921,20.7400005310774,0.0115942030730207,0.00211412941975148,0.25,6.65286158664891E-6,0.00101848467630782,1.19486819343212E-5,25.5231419,25.5426006,1999.5966796875,1999.5966796875,61.6658003961988,20.7727666280762,7.019488,0,0,0,40,4882,25.7454,1999.5966796875,,,,,,,,,,,,,0,,,,1.8514194,,,,,,25.53287125,,,,
,44349692.62,25.5757084,1999.5966796875,0.00102259938486556,3.25110207053609E-7,1,0.999253354069792,40.0298881530762,2.00186110459904,20.7400005310774,0.0115823048958924,0.00211324197316064,0.25,6.75271161149971E-6,0.00101738400006891,1.20447779417033E-5,25.5757084,25.5757084,1999.5966796875,1999.5966796875,61.290618706968,20.7728291266073,6.646428,0,0,0,40,4882,25.78135,1999.5966796875,,,,,,,,,,,,,0,,,,1.8700075,,,,,,25.5757084,,,,
,44349708.83,25.8447895,1999.5966796875,,,2,,,,20.7760001391768,,,,,,,25.8447895,25.8447895,1999.5966796875,1999.5966796875,,,6.646428,,,,-99999999,4882,26.0547,1999.5966796875,,,,,,,,,,,,,,,,,,,,,,,25.8447895,,,,
touchdown = 14.9400001391768 mm,44349722.6,26.0662003,1999.5966796875,0.00100876431920615,2.36909011139401E-7,1,0.999253354069792,40.0298881530762,2.00177870481969,20.7599997520447,0.0114259247694249,0.00208234599774396,0.25,6.42382135261205E-6,0.00100365270557649,1.16812369662949E-5,26.0662003,26.0662003,1999.5966796875,1999.5966796875,62.0745921117566,20.7628090693581,6.646428,0,0,0,40,4882,26.2821,1999.5966796875,,,,,,,,,,,,,0,,,,1.8887823,,,,,,26.0662003,,,,
,44349723.275,26.07464795,1999.5966796875,0.00100817654065291,2.87627396876492E-7,1,0.999253354069792,40.0298881530762,2.00180633316252,20.7700002938509,0.011418175403321,0.00208828721454587,0.25,7.04752328321648E-6,0.00100306547643898,1.22996471954226E-5,26.0662003,26.0830956,1999.5966796875,1999.5966796875,61.4938421219681,20.7666655201473,6.646428,0,0,0,40,4882,26.29475,1999.5966796875,,,,,,,,,,,,,0,,,,1.8887823,,,,,,26.07464795,,,,
,44349724.44,26.09095195,1999.5966796875,0.00100811435773683,2.64973484863114E-7,1,0.999253354069792,40.0298881530762,2.00173245994443,20.7700002938509,0.0114184464326585,0.00208033176526705,0.25,6.36176074247037E-6,0.0010030084287716,1.16183565490905E-5,26.0830956,26.0988083,1999.5966796875,1999.5966796875,61.6556392254488,20.7672483762812,6.646428,0,0,0,40,4882,26.31305,1999.5966796875,,,,,,,,,,,,,0,,,,1.8793949,,,,,,26.09095195,,,,
,44349725.65,26.1173086,1999.5966796875,0.00100741341892648,3.02887062532661E-7,1,0.999253354069792,40.0298881530762,2.00170783657981,20.7700002938509,0.0114097406076583,0.00208255633431454,0.25,6.68143385968796E-6,0.00100231071513523,1.19343026279076E-5,26.0988083,26.1358089,1999.5966796875,1999.5966796875,61.5094746923527,20.7636091354576,6.646428,0,0,0,40,4882,26.3342,1999.5966796875,,,,,,,,,,,,,0,,,,1.8793949,,,,,,26.1173086,,,,
,44349726.93,26.14333435,1999.5966796875,0.0010070198257452,2.33265744879566E-7,1,0.999253354069792,40.0298881530762,2.00169993814161,20.7700002938509,0.0114060018222496,0.00207750528231387,0.25,6.303755165291E-6,0.00100192267233299,1.15582304610059E-5,26.1358089,26.1508598,1999.5966796875,1999.5966796875,61.7158246214296,20.7652457730978,6.646428,0,0,0,40,4882,26.3582,1999.5966796875,,,,,,,,,,,,,0,,,,1.8793949,,,,,,26.14333435,,,,
,44349728.195,26.1654415,1999.5966796875,0.00100597010600777,2.4909339480597E-7,1,0.999253354069792,40.0298881530762,2.00179589537307,20.7700002938509,0.0113944265203252,0.00207669882344335,0.25,6.40690783850585E-6,0.00100087906859507,1.16568885822841E-5,26.1508598,26.1800232,1999.5966796875,1999.5966796875,61.7072267077181,20.7669265956744,6.273368,0,0,0,40,4882,26.37895,1999.5966796875,,,,,,,,,,,,,0,,,,1.8793949,,,,,,26.1654415,,,,
,44349730.46,26.1980324,1999.5966796875,0.00100572325863542,2.9053360865605E-7,1,0.999253354069792,40.0298881530762,2.00169980228284,20.7599997520447,0.0113913953637723,0.00207463165700256,0.25,6.27325113150056E-6,0.00100063658851249,1.15252665554355E-5,26.1980324,26.1980324,1999.5966796875,1999.5966796875,61.4922788649296,20.7651104009257,6.646428,0,0,0,40,4882,26.4148,1999.5966796875,,,,,,,,,,,,,0,,,,1.8887823,,,,,,26.1980324,,,,
,44349731.04,26.2084074,1999.5966796875,0.00100514069317251,2.58138060792847E-7,1,0.999253354069792,40.0298881530762,2.00172033628888,20.7599997520447,0.0113844504777777,0.00207610926080759,0.25,6.50309830096886E-6,0.00100005654876757,1.17517791622089E-5,26.1980324,26.2187824,1999.5966796875,1999.5966796875,61.8385402989489,20.7664968509831,6.646428,0,0,0,40,4882,26.42665,1999.5966796875,,,,,,,,,,,,,0,,,,1.8887823,,,,,,26.2084074,,,,
,44349732.09,26.2270031,1999.5966796875,0.00100438996863675,2.65038005515051E-7,1,0.999253354069792,40.0298881530762,2.00176145638931,20.7700002938509,0.0113764442735412,0.00207311808036158,0.25,6.36610601450106E-6,0.0009993114921781,1.16128359614401E-5,26.2187824,26.2352238,1999.5966796875,1999.5966796875,61.7580325614681,20.7681378811042,7.019488,0,0,0,40,4882,26.4442,1999.5966796875,,,,,,,,,,,,,0,,,,1.8887823,,,,,,26.2270031,,,,
,44349734.005,26.2577887,1999.5966796875,0.00100388028698694,2.43313580352905E-7,1,0.999253354069792,40.0298881530762,2.00183158004549,20.7599997520447,0.0113707720384013,0.00207385104715682,0.25,6.51169365036098E-6,0.000998805543321868,1.17571641453302E-5,26.2489758,26.2666016,1999.5966796875,1999.5966796875,61.2937452210449,20.7691483784169,6.646428,0,0,0,40,4882,26.47305,1999.5966796875,,,,,,,,,,,,,0,,,,1.8700075,,,,,,26.2577887,,,,
,44349735.47,26.2826576,1999.5966796875,0.00100332707365481,2.44739417207988E-7,1,0.999253354069792,40.0298881530762,2.00185376043083,20.7599997520447,0.0113651520198774,0.00206984257505644,0.25,6.25141797668801E-6,0.000998258076216533,1.14970570187427E-5,26.2826576,26.2826576,1999.5966796875,1999.5966796875,62.1652610199873,20.7664153359416,7.019488,0,0,0,40,4882,26.49675,1999.5966796875,,,,,,,,,,,,,0,,,,1.8887823,,,,,,26.2826576,,,,
,44349737.07,26.3014927,1999.5966796875,0.00100268287349971,2.86522327836448E-7,1,0.999253354069792,40.0298881530762,2.00172242681707,20.7599997520447,0.0113568709471009,0.00207006501767524,0.25,6.39339187890425E-6,0.000997618139385168,1.16368433629861E-5,26.3014927,26.3014927,1999.5966796875,1999.5966796875,61.8315056422758,20.7665872871276,6.646428,0,0,0,40,4882,26.5223,1999.5966796875,,,,,,,,,,,,,0,,,,1.8887823,,,,,,26.3014927,,,,
,44349737.79,26.31876755,1999.5966796875,0.00100229131650209,2.56651362399419E-7,1,0.999253354069792,40.0298881530762,2.00167600769587,20.7700002938509,0.0113521272893863,0.00206959114052337,0.25,6.4234346778136E-6,0.000997229135111383,1.16655334891316E-5,26.3014927,26.3360424,1999.5966796875,1999.5966796875,61.6822145951027,20.767731585449,7.019488,0,0,0,40,4882,26.53375,1999.5966796875,,,,,,,,,,,,,0,,,,1.8887823,,,,,,26.31876755,,,,
,44349738.935,26.34535505,1999.5966796875,0.00100168810900612,3.0323000083002E-7,1,0.999253354069792,40.0298881530762,2.00165014341882,20.7700002938509,0.0113453154782232,0.0020674901793142,0.25,6.34480245798268E-6,0.000996630553218526,1.15854794897772E-5,26.3360424,26.3546677,1999.5966796875,1999.5966796875,61.5110379493911,20.7637772662135,6.646428,0,0,0,40,4882,26.55185,1999.5966796875,,,,,,,,,,,,,0,,,,1.8887823,,,,,,26.34535505,,,,
,44349741.13,26.3711414,1999.5966796875,0.00100095713269635,3.5329913160797E-7,1,0.999253354069792,40.0298881530762,2.00168046322857,20.7599997520447,0.0113369913150621,0.00206733556548214,0.25,6.45438034430982E-6,0.000995904710649821,1.16928827392009E-5,26.3711414,26.3711414,1999.5966796875,1999.5966796875,61.3742529585257,20.7652673777886,6.273368,0,0,0,40,4882,26.5814,1999.5966796875,,,,,,,,,,,,,0,,,,1.8887823,,,,,,26.3711414,,,,
,44349741.7,26.38006685,1999.5966796875,0.0010010463685955,2.53889594261177E-7,1,0.999253354069792,40.0298881530762,2.00164429707562,20.7599997520447,0.0113374754704357,0.00206944090035645,0.25,6.62622020686522E-6,0.00099599363722526,1.18654397801455E-5,26.3711414,26.3889923,1999.5966796875,1999.5966796875,61.5899824298334,20.7655303562857,6.646428,0,0,0,40,4882,26.5961,1999.5966796875,,,,,,,,,,,,,0,,,,1.8887823,,,,,,26.38006685,,,,
,44349742.725,26.39758015,1999.5966796875,0.00100006823506555,3.20797184740505E-7,1,0.999253354069792,40.0298881530762,2.00160905211794,20.7700002938509,0.0113264562873129,0.00206605923212899,0.25,6.50118744458566E-6,0.000995022413838232,1.17373498123992E-5,26.3889923,26.406168,1999.5966796875,1999.5966796875,61.6103047713334,20.7656318950279,7.019488,0,0,0,40,4882,26.61555,1999.5966796875,,,,,,,,,,,,,0,,,,1.8793949,,,,,,26.39758015,,,,
,44349743.875,26.4206257,1999.5966796875,0.00099967063359,2.72249025901473E-7,1,0.999253354069792,40.0298881530762,2.00169693738171,20.7599997520447,0.0113224979857563,0.0020650008741013,0.25,6.46848824698311E-6,0.000994628210376026,1.17041025410963E-5,26.406168,26.4350834,1999.5966796875,1999.5966796875,61.5079114353142,20.7650192443284,7.019488,0,0,0,40,4882,26.63385,1999.5966796875,,,,,,,,,,,,,0,,,,1.8888765,,,,,,26.4206257,,,,
,44349745.135,26.44273185,1999.5966796875,0.000999040458500323,2.05618393851678E-7,1,0.999253354069792,40.0298881530762,2.00168881610058,20.7700002938509,0.011315085367726,0.00206511376656957,0.25,6.5878733351977E-6,0.000994002134570596,1.18212872168862E-5,26.4350834,26.4503803,1999.5966796875,1999.5966796875,61.5008767786411,20.7664849887993,6.646428,0,0,0,40,4882,26.65655,1999.5966796875,,,,,,,,,,,,,0,,,,1.8982639,,,,,,26.44273185,,,,
,44349746.315,26.4592571,1999.5966796875,0.000998563842193776,3.18614434968596E-7,1,0.999253354069792,40.0298881530762,2.00169529961498,20.7599997520447,0.0113098889821165,0.0020632719135825,0.25,6.50699332815377E-6,0.000993529620514794,1.17396990371447E-5,26.4503803,26.4681339,1999.5966796875,1999.5966796875,61.3609652736988,20.7655789336984,6.646428,0,0,0,40,4882,26.675,1999.5966796875,,,,,,,,,,,,,0,,,,1.8887823,,,,,,26.4592571,,,,
,44349747.46,26.47471615,1999.5966796875,0.000998314399705553,3.18600136313346E-7,1,0.999253354069792,40.0298881530762,2.00160855131522,20.7599997520447,0.0113069866801512,0.00206054213522442,0.25,6.31593702680769E-6,0.000993283744142755,1.15496969510742E-5,26.4681339,26.4812984,1999.5966796875,1999.5966796875,61.557935660545,20.7676536498771,7.019488,0,0,0,40,4882,26.6936,1999.5966796875,,,,,,,,,,,,,0,,,,1.8887823,,,,,,26.47471615,,,,
,44349748.735,26.4945545,1999.5966796875,0.000997884724051951,2.75527305678066E-7,1,0.999253354069792,40.0298881530762,2.00160226237248,20.7700002938509,0.0113018189379477,0.00206125688572528,0.25,6.45337977251982E-6,0.000992856773536862,1.16855927577348E-5,26.4812984,26.5078106,1999.5966796875,1999.5966796875,61.0483138660065,20.7652348142448,6.646428,0,0,0,40,4882,26.7121,1999.5966796875,,,,,,,,,,,,,0,,,,1.8887823,,,,,,26.4945545,,,,
,44349750,26.51790335,1999.5966796875,0.000997528685656691,3.59389561202958E-7,1,0.999253354069792,40.0298881530762,2.00170946233429,20.7700002938509,0.0112985037417375,0.00205990856576047,0.25,6.38613490316914E-6,0.000992504125567844,1.16182076620487E-5,26.5078106,26.5279961,1999.5966796875,1999.5966796875,61.5977987150258,20.7661860878799,7.019488,0,0,0,40,4882,26.7305,1999.5966796875,,,,,,,,,,,,,0,,,,1.8887823,,,,,,26.51790335,,,,
,44349751.225,26.53569605,1999.5966796875,0.000996752816454835,2.49284655916136E-7,1,0.999253354069792,40.0298881530762,2.0016179233287,20.7700002938509,0.0112892397373556,0.00205821487926271,0.25,6.3793706353756E-6,0.000991733462832265,1.16087865255677E-5,26.5279961,26.543396,1999.5966796875,1999.5966796875,61.4977502645642,20.7659936087817,6.273368,0,0,0,40,4882,26.7489,1999.5966796875,,,,,,,,,,,,,0,,,,1.8887823,,,,,,26.53569605,,,,
,44349753.365,26.5752296,1999.5966796875,0.000996241629288479,3.0678317067406E-7,1,0.999253354069792,40.0298881530762,2.00172200977997,20.7599997520447,0.0112844081470991,0.0020551834868836,0.25,6.18920289340517E-6,0.000991228735570222,1.14200222729155E-5,26.5752296,26.5752296,1999.5966796875,1999.5966796875,61.5313602908911,20.7678453321507,7.019488,0,0,0,40,4882,26.7901,1999.5966796875,,,,,,,,,,,,,0,,,,1.8887823,,,,,,26.5752296,,,,
,44349754.075,26.5847797,1999.5966796875,0.000995448302443023,2.50900709688926E-7,1,0.999253354069792,40.0298881530762,2.00167792529671,20.7700002938509,0.0112743234907306,0.00205847767118548,0.25,6.62167897578558E-6,0.000990438089588601,1.18472083884119E-5,26.5752296,26.5943298,1999.5966796875,1999.5966796875,61.456323953045,20.7665867760777,7.019488,0,0,0,40,4882,26.80395,1999.5966796875,,,,,,,,,,,,,0,,,,1.8982639,,,,,,26.5847797,,,,
,44349755.355,26.60178375,1999.5966796875,0.000995079626528626,2.19533207370395E-7,1,0.999253354069792,40.0298881530762,2.00159376729933,20.7599997520447,0.0112702624543588,0.00205450193280878,0.25,6.3414285026347E-6,0.000990074060799711,1.15678423295709E-5,26.5943298,26.6092377,1999.5966796875,1999.5966796875,61.5821661446411,20.7659601973434,7.019488,0,0,0,40,4882,26.8226,1999.5966796875,,,,,,,,,,,,,0,,,,1.9077455,,,,,,26.60178375,,,,
,44349756.625,26.61883545,1999.5966796875,0.000994617604411336,3.11806979218587E-7,1,0.999253354069792,40.0298881530762,2.00158368361616,20.7700002938509,0.01126509548957,0.0020529911562891,0.25,6.28775692992833E-6,0.000989616647500961,1.15141241977143E-5,26.6092377,26.6284332,1999.5966796875,1999.5966796875,61.5383949475642,20.7678360057918,6.646428,0,0,0,40,4882,26.85025,1999.5966796875,,,,,,,,,,,,,0,,,,1.8982639,,,,,,26.61883545,,,,
,44349757.955,26.6464338,1999.5966796875,0.000993890439712897,2.90819811963781E-7,1,0.999253354069792,40.0298881530762,2.0015417131052,20.7700002938509,0.011256249534974,0.00205377295288374,0.25,6.48563056679023E-6,0.000988894021291459,1.17092887216626E-5,26.6284332,26.6644344,1999.5966796875,1999.5966796875,61.7853895596412,20.7655434893739,7.019488,0,0,0,40,4882,26.8778,1999.5966796875,,,,,,,,,,,,,0,,,,1.8982639,,,,,,26.6464338,,,,
,44349759.265,26.67249775,1999.5966796875,0.000993409649719853,2.58659685522752E-7,1,0.999253354069792,40.0298881530762,2.00160191966932,20.7599997520447,0.0112507409150589,0.00205512103767621,0.25,6.68212805041287E-6,0.000988415893441856,1.19037216767545E-5,26.6644344,26.6805611,1999.5966796875,1999.5966796875,61.8440116985835,20.7663735091602,7.019488,0,0,0,40,4882,26.8967,1999.5966796875,,,,,,,,,,,,,0,,,,1.8982639,,,,,,26.67249775,,,,
,44349760.475,26.68923475,1999.5966796875,0.000993056850065942,2.77043205033964E-7,1,0.999253354069792,40.0298881530762,2.00161594410676,20.7700002938509,0.0112477181115143,0.0020493877298842,0.25,6.23557246837419E-6,0.000988068580406388,1.14589940947225E-5,26.6805611,26.6979084,1999.5966796875,1999.5966796875,61.4422546396988,20.7676920082054,6.646428,0,0,0,40,4882,26.91565,1999.5966796875,,,,,,,,,,,,,0,,,,1.8982639,,,,,,26.68923475,,,,
,44349761.575,26.70567705,1999.5966796875,0.000992184164851226,3.21044059182404E-7,1,0.999253354069792,40.0298881530762,2.00163294709824,20.7599997520447,0.0112363822020165,0.00205647066310745,0.25,7.01044734591229E-6,0.000987197481442142,1.22268178895632E-5,26.6979084,26.7134457,1999.5966796875,1999.5966796875,61.913576636795,20.7655878571745,7.019488,0,0,0,40,4882,26.93415,1999.5966796875,,,,,,,,,,,,,0,,,,1.9077455,,,,,,26.70567705,,,,
,44349763.6,26.7482643,1999.5966796875,0.000991891601318717,2.5245716843404E-7,1,0.999253354069792,40.0298881530762,2.00162978802469,20.7599997520447,0.0112347858000819,0.00204617215128339,0.25,6.1505352425667E-6,0.000986913562229198,1.13725331600507E-5,26.7482643,26.7482643,1999.5966796875,1999.5966796875,61.3601836451796,20.7671202242403,6.646428,0,0,0,40,4882,26.97135,1999.5966796875,,,,,,,,,,,,,0,,,,1.8887823,,,,,,26.7482643,,,,
,44349764.385,26.75801565,1999.5966796875,0.000991346704136602,2.84778805132567E-7,1,0.999253354069792,40.0298881530762,2.0016485944075,20.7700002938509,0.0112281862434088,0.00204816463054015,0.25,6.41871241005426E-6,0.000986371339067071,1.16379235192222E-5,26.7482643,26.767767,1999.5966796875,1999.5966796875,61.6259373417181,20.7684050437984,6.646428,0,0,0,40,4882,26.9898,1999.5966796875,,,,,,,,,,,,,0,,,,1.8982639,,,,,,26.75801565,,,,
,44349765.705,26.77542785,1999.5966796875,0.000990748886911935,2.44583599165407E-7,1,0.999253354069792,40.0298881530762,2.00165959884899,20.7599997520447,0.0112206788551332,0.00205155787916003,0.25,6.82034211504214E-6,0.00098577575515326,1.20358691842758E-5,26.767767,26.7830887,1999.5966796875,1999.5966796875,61.3640917877757,20.7657711772209,6.273368,0,0,0,40,4882,27.00885,1999.5966796875,,,,,,,,,,,,,0,,,,1.8982639,,,,,,26.77542785,,,,
,44349766.995,26.7936077,1999.5966796875,0.000990139012788509,2.57560923203559E-7,1,0.999253354069792,40.0298881530762,2.0016257156657,20.7599997520447,0.0112142625081888,0.00204653338152536,0.25,6.48558522653502E-6,0.000985172073500659,1.17010349718032E-5,26.7830887,26.8041267,1999.5966796875,1999.5966796875,61.7619407040642,20.767188149687,6.646428,0,0,0,40,4882,27.0279,1999.5966796875,,,,,,,,,,,,,0,,,,1.9078407,,,,,,26.7936077,,,,
,44349768.26,26.82025905,1999.5966796875,0.000989771345519116,2.21842989245557E-7,1,0.999253354069792,40.0298881530762,2.0016364737124,20.7700002938509,0.0112104722395139,0.00204407102915098,0.25,6.33041462983902E-6,0.000984808373593117,1.15461566838764E-5,26.8041267,26.8363914,1999.5966796875,1999.5966796875,61.5321419194104,20.7638617564218,6.646428,0,0,0,40,4882,27.0467,1999.5966796875,,,,,,,,,,,,,0,,,,1.9078407,,,,,,26.82025905,,,,
,44349769.485,26.8458004,1999.5966796875,0.000989043425086357,2.48622827916329E-7,1,0.999253354069792,40.0298881530762,2.00160119862354,20.7599997520447,0.0112016825384604,0.00204465396655867,0.25,6.5110667405582E-6,0.000984084442867081,1.17235199952263E-5,26.8363914,26.8552094,1999.5966796875,1999.5966796875,61.9839232035258,20.7670601355456,6.646428,0,0,0,40,4882,27.0655,1999.5966796875,,,,,,,,,,,,,0,,,,1.9078407,,,,,,26.8458004,,,,
,44349771.5,26.8723106,1999.5966796875,0.000988204451639617,2.66243931394997E-7,1,0.999253354069792,40.0298881530762,2.00167719009488,20.7599997520447,0.0111929146630295,0.00204130562116429,0.25,6.35327351591148E-6,0.000983253266115772,1.15649947823809E-5,26.8723106,26.8723106,1999.5966796875,1999.5966796875,61.5720049738911,20.7675417575643,7.019488,0,0,0,40,4882,27.1029,1999.5966796875,,,,,,,,,,,,,0,,,,1.9268991,,,,,,26.8723106,,,,
,44349772.195,26.88103195,1999.5966796875,0.000988339525144599,2.88737197317177E-7,1,0.999253354069792,40.0298881530762,2.00163533517102,20.7700002938509,0.0111942891630975,0.00204123059509434,0.25,6.32521694878306E-6,0.00098338886892905,1.15388948789015E-5,26.8723106,26.8897533,1999.5966796875,1999.5966796875,61.9761069183335,20.7689631901122,6.646428,0,0,0,40,4882,27.1169,1999.5966796875,,,,,,,,,,,,,0,,,,1.9173223,,,,,,26.88103195,,,,
,44349774.43,26.9259872,1999.5966796875,0.000987631600942619,2.67263581972788E-7,1,0.999253354069792,40.0298881530762,2.00166241034528,20.7700002938509,0.0111860351483792,0.00204211564281795,0.25,6.52231972172201E-6,0.00098268578656,1.17338804822258E-5,26.9259872,26.9259872,1999.5966796875,1999.5966796875,61.4696116378719,20.7701983800352,6.646428,0,0,0,40,4882,27.1502,1999.5966796875,,,,,,,,,,,,,0,,,,1.9268991,,,,,,26.9259872,,,,
,44349775.055,26.9340429,1999.5966796875,0.000986893914929219,2.32276739269501E-7,1,0.999253354069792,40.0298881530762,2.00160510312928,20.7599997520447,0.0111781705273717,0.00203605666951367,0.25,6.12165511664961E-6,0.000981954597276395,1.13320361018949E-5,26.9259872,26.9420986,1999.5966796875,1999.5966796875,61.5563724035065,20.7686636692976,6.646428,0,0,0,40,4882,27.15965,1999.5966796875,,,,,,,,,,,,,0,,,,1.9268991,,,,,,26.9340429,,,,
,44349776.2,26.95219325,1999.5966796875,0.00098661031038151,2.92743507216252E-7,1,0.999253354069792,40.0298881530762,2.00156733804302,20.7599997520447,0.0111741260957695,0.00203912048400474,0.25,6.4432010582157E-6,0.000981672079154621,1.16519607799672E-5,26.9420986,26.9622879,1999.5966796875,1999.5966796875,61.1608683727757,20.765880294103,6.646428,0,0,0,40,4882,27.17845,1999.5966796875,,,,,,,,,,,,,0,,,,1.9268991,,,,,,26.95219325,,,,
,44349777.33,26.9699211,1999.5966796875,0.000985747931214223,2.70124570450705E-7,1,0.999253354069792,40.0298881530762,2.00159744445038,20.7700002938509,0.0111646305074111,0.00203682594584958,0.25,6.38808935096509E-6,0.000980815672045508,1.15940310298681E-5,26.9622879,26.9775543,1999.5966796875,1999.5966796875,61.4625769811988,20.7662377873346,6.273368,0,0,0,40,4882,27.1973,1999.5966796875,,,,,,,,,,,,,0,,,,1.9268991,,,,,,26.9699211,,,,
,44349779.345,27.0048904,1999.5966796875,0.000985656465271986,3.07019990847271E-7,1,0.999253354069792,40.0298881530762,2.00164049136091,20.7700002938509,0.0111637485053416,0.00203724489141846,0.25,6.43476731367417E-6,0.000980726512380867,1.16422824821592E-5,26.9955997,27.0141811,1999.5966796875,1999.5966796875,61.4289669548719,20.7699874552587,7.019488,0,0,0,40,4882,27.22625,1999.5966796875,,,,,,,,,,,,,0,,,,1.9173223,,,,,,27.0048904,,,,
,44349780.94,27.0291367,1999.5966796875,0.000984494111297092,2.37402108377327E-7,1,0.999253354069792,40.0298881530762,2.00164471133526,20.7599997520447,0.0111507673222174,0.0020340707997991,0.25,6.35613481393206E-6,0.000979572479264337,1.15601179412055E-5,27.0291367,27.0291367,1999.5966796875,1999.5966796875,62.4075658609489,20.7673998146914,6.646428,0,0,0,40,4882,27.2547,1999.5966796875,,,,,,,,,,,,,0,,,,1.9077455,,,,,,27.0291367,,,,
,44349781.68,27.03849415,1999.5966796875,0.000984409966118555,2.54011646310938E-7,1,0.999253354069792,40.0298881530762,2.00161910380867,20.7599997520447,0.0111493385691347,0.00203587909405892,0.25,6.53125292640729E-6,0.000979488910533809,1.17350558442978E-5,27.0291367,27.0478516,1999.5966796875,1999.5966796875,62.1089837666027,20.7669296456511,7.019488,0,0,0,40,4882,27.269,1999.5966796875,,,,,,,,,,,,,0,,,,1.9077455,,,,,,27.03849415,,,,
,44349782.945,27.06292535,1999.5966796875,0.000983280031826063,3.2625143730501E-7,1,0.999253354069792,40.0298881530762,2.00162896078607,20.7599997520447,0.0111368603985307,0.0020321501799957,0.25,6.39794753854818E-6,0.000978367054221655,1.15982902353364E-5,27.0478516,27.0779991,1999.5966796875,1999.5966796875,62.1261795940258,20.768116375227,6.646428,0,0,0,40,4882,27.29275,1999.5966796875,,,,,,,,,,,,,0,,,,1.9173223,,,,,,27.06292535,,,,
,44349784.13,27.0870781,1999.5966796875,0.000983208703186365,3.3066747789826E-7,1,0.999253354069792,40.0298881530762,2.00163057244545,20.7700002938509,0.0111367028943126,0.00202844717517926,0.25,6.08199276898031E-6,0.000978299170184476,1.12850605784526E-5,27.0779991,27.0961571,1999.5966796875,1999.5966796875,61.6861227376988,20.7664383935805,6.646428,0,0,0,40,4882,27.31205,1999.5966796875,,,,,,,,,,,,,0,,,,1.9268991,,,,,,27.0870781,,,,
,44349785.365,27.10492995,1999.5966796875,0.000982550957257958,3.12646788714131E-7,1,0.999253354069792,40.0298881530762,2.00162763698366,20.7700002938509,0.0111283149315925,0.00203243258296927,0.25,6.54750611615091E-6,0.000977643670282848,1.17463157497655E-5,27.0961571,27.1137028,1999.5966796875,1999.5966796875,61.8510463552566,20.7661783035983,7.019488,0,0,0,40,4882,27.3315,1999.5966796875,,,,,,,,,,,,,0,,,,1.9173223,,,,,,27.10492995,,,,
,44349786.625,27.12197685,1999.5966796875,0.00098253786041003,2.69685613148253E-7,1,0.999253354069792,40.0298881530762,2.00159475747608,20.7700002938509,0.0111282211548941,0.0020311702395932,0.25,6.43949286740259E-6,0.000977632663074441,1.16403031078163E-5,27.1137028,27.1302509,1999.5966796875,1999.5966796875,61.4680483808334,20.7649184823148,7.019488,0,0,0,40,4882,27.3507,1999.5966796875,,,,,,,,,,,,,0,,,,1.9173223,,,,,,27.12197685,,,,
,44349787.885,27.13911915,1999.5966796875,0.000981885484432787,2.52889016489016E-7,1,0.999253354069792,40.0298881530762,2.00164378241101,20.7700002938509,0.0111217051317281,0.00202647668484715,0.25,6.13426396153862E-6,0.000976986599094648,1.13346490761631E-5,27.1302509,27.1479874,1999.5966796875,1999.5966796875,61.3125043055065,20.7670121137733,6.646428,0,0,0,40,4882,27.3699,1999.5966796875,,,,,,,,,,,,,0,,,,1.9173223,,,,,,27.13911915,,,,
,44349789.15,27.1652422,1999.5966796875,0.000981229498181096,2.79185300095871E-7,1,0.999253354069792,40.0298881530762,2.00159222088785,20.7599997520447,0.0111138405447954,0.00202613836412423,0.25,6.22143239205059E-6,0.000976335564636131,1.14201829374385E-5,27.1479874,27.182497,1999.5966796875,1999.5966796875,61.6032701146604,20.7674988149284,6.646428,0,0,0,40,4882,27.3985,1999.5966796875,,,,,,,,,,,,,0,,,,1.9173223,,,,,,27.1652422,,,,
,44349790.295,27.1906843,1999.5966796875,0.000980440943069824,2.70467251149678E-7,1,0.999253354069792,40.0298881530762,2.00158388352729,20.7599997520447,0.011104561886415,0.00202632172841946,0.25,6.37511123714356E-6,0.000975551514636231,1.15704465644879E-5,27.182497,27.1988716,1999.5966796875,1999.5966796875,61.9026338375258,20.7695929146457,6.646428,0,0,0,40,4882,27.4178,1999.5966796875,,,,,,,,,,,,,0,,,,1.9173223,,,,,,27.1906843,,,,
,44349791.46,27.20576765,1999.5966796875,0.0009801620279264,2.69015811970875E-7,1,0.999253354069792,40.0298881530762,2.00163827261114,20.7700002938509,0.0111012032959942,0.00202864151708936,0.25,6.62272039484469E-6,0.000975273759932384,1.18165162950113E-5,27.1988716,27.2126637,1999.5966796875,1999.5966796875,61.5399582046026,20.7684824208714,6.646428,0,0,0,40,4882,27.4324,1999.5966796875,,,,,,,,,,,,,0,,,,1.9173223,,,,,,27.20576765,,,,
,44349793.54,27.2305756,1999.5966796875,0.000979564622301487,2.52098480088822E-7,1,0.999253354069792,40.0298881530762,2.00161674887948,20.7599997520447,0.011095049997583,0.00202347740594172,0.25,6.27007551225208E-6,0.000974684558683034,1.14658964414211E-5,27.2305756,27.2305756,1999.5966796875,1999.5966796875,61.5532458894296,20.7696485175074,6.646428,0,0,0,40,4882,27.4754,1999.5966796875,,,,,,,,,,,,,0,,,,1.9268991,,,,,,27.2305756,,,,
,44349794.2,27.2477789,1999.5966796875,0.000979128728352459,2.86033205662815E-7,1,0.999253354069792,40.0298881530762,2.00157593961002,20.7599997520447,0.0110904982100525,0.0020191524147275,0.25,5.96807567207389E-6,0.000974252912336009,1.11636370442685E-5,27.2305756,27.2649822,1999.5966796875,1999.5966796875,61.8518279837758,20.7664237671459,7.019488,0,0,0,40,4882,27.4825,1999.5966796875,,,,,,,,,,,,,0,,,,1.9268991,,,,,,27.2477789,,,,
,44349795.34,27.2744379,1999.5966796875,0.000978906484751845,2.21338092350433E-7,1,0.999253354069792,40.0298881530762,2.00153730879291,20.7599997520447,0.0110869934995315,0.00202321041695849,0.25,6.36649063829142E-6,0.000974031062672418,1.15604496652039E-5,27.2649822,27.2838936,1999.5966796875,1999.5966796875,61.6939390228911,20.7670492975512,7.019488,0,0,0,40,4882,27.50175,1999.5966796875,,,,,,,,,,,,,0,,,,1.9268991,,,,,,27.2744379,,,,
,44349797.355,27.3010635,1999.5966796875,0.000978638122325917,3.16258648530168E-7,1,0.999253354069792,40.0298881530762,2.00160827072191,20.7599997520447,0.011085028004544,0.00201890719407942,0.25,6.02515217467659E-6,0.000973768287951393,1.1221920755204E-5,27.3010635,27.3010635,1999.5966796875,1999.5966796875,61.5587172890642,20.7664487255336,6.646428,0,0,0,40,4882,27.5333,1999.5966796875,,,,,,,,,,,,,0,,,,1.9268991,,,,,,27.3010635,,,,
,44349799,27.3278112,1999.5966796875,0.000977464347528289,2.74698959507027E-7,1,0.999253354069792,40.0298881530762,2.00154104405881,20.7700002938509,0.0110710031151786,0.0020187137229684,0.25,6.21724237758831E-6,0.000972601622293081,1.14092419353097E-5,27.316246,27.3393764,1999.5966796875,1999.5966796875,61.4860258367757,20.7672350248984,6.646428,0,0,0,40,4882,27.5635,1999.5966796875,,,,,,,,,,,,,0,,,,1.9173223,,,,,,27.3278112,,,,
,44349800.76,27.3581467,1999.5966796875,0.000976300831092214,2.89593968363245E-7,1,0.999253354069792,40.0298881530762,2.00154091774393,20.7599997520447,0.0110579148720776,0.00201594266150321,0.25,6.17465895505587E-6,0.000971446284078798,1.13629910879467E-5,27.3581467,27.3581467,1999.5966796875,1999.5966796875,61.7017553080835,20.7677163171388,6.646428,0,0,0,40,4882,27.5923,1999.5966796875,,,,,,,,,,,,,0,,,,1.9268991,,,,,,27.3581467,,,,
,44349802.295,27.3834391,1999.5966796875,0.000976473025371928,3.01525865656117E-7,1,0.999253354069792,40.0298881530762,2.00163323664851,20.7700002938509,0.011060007901637,0.00201848375388578,0.25,6.35802688182965E-6,0.000971618805034374,1.15486387775179E-5,27.3741055,27.3927727,1999.5966796875,1999.5966796875,61.4797728086219,20.7681119283695,7.019488,0,0,0,40,4882,27.6201,1999.5966796875,,,,,,,,,,,,,0,,,,1.9268991,,,,,,27.3834391,,,,
,44349803.01,27.4007597,1999.5966796875,0.000975842730040845,2.71431731695028E-7,1,0.999253354069792,40.0298881530762,2.00166066515191,20.7599997520447,0.0110527616167495,0.00201869943719777,0.25,6.48435778853672E-6,0.000970991860934832,1.16719742902317E-5,27.3927727,27.4087467,1999.5966796875,1999.5966796875,62.0003374024296,20.7682575909415,7.019488,0,0,0,40,4882,27.63235,1999.5966796875,,,,,,,,,,,,,0,,,,1.9173223,,,,,,27.4007597,,,,
,44349804.27,27.41804215,1999.5966796875,0.000975120627231018,2.60780524427069E-7,1,0.999253354069792,40.0298881530762,2.00160615529457,20.7700002938509,0.0110445873084351,0.00201561194174641,0.25,6.34156725112429E-6,0.000970275777728112,1.1527785545519E-5,27.4087467,27.4273376,1999.5966796875,1999.5966796875,61.5540275179488,20.7675209067893,7.019488,0,0,0,40,4882,27.6539,1999.5966796875,,,,,,,,,,,,,0,,,,1.9173223,,,,,,27.41804215,,,,
,44349805.535,27.4378204,1999.5966796875,0.000974367624757666,2.95797795594724E-7,1,0.999253354069792,40.0298881530762,2.00157054975529,20.7700002938509,0.0110357152065226,0.0020150211611772,0.25,6.42282852270555E-6,0.000969527698282736,1.16063416322511E-5,27.4273376,27.4483032,1999.5966796875,1999.5966796875,61.6001436005834,20.7681245610212,6.273368,0,0,0,40,4882,27.675,1999.5966796875,,,,,,,,,,,,,0,,,,1.9268991,,,,,,27.4378204,,,,
,44349807.73,27.4748459,1999.5966796875,0.000973622283489252,1.92707924937572E-7,1,0.999253354069792,40.0298881530762,2.00161005995466,20.7700002938509,0.0110279054104023,0.0020113081367625,0.25,6.21930164443667E-6,0.000968790191455534,1.14030475773537E-5,27.4665699,27.4831219,1999.5966796875,1999.5966796875,61.6095231428142,20.7664201809226,6.273368,0,0,0,40,4882,27.7143,1999.5966796875,,,,,,,,,,,,,0,,,,1.9268991,,,,,,27.4748459,,,,
,44349809.405,27.5024776,1999.5966796875,0.000973746146478724,2.93139649484784E-7,1,0.999253354069792,40.0298881530762,2.00161280187442,20.7599997520447,0.0110288840787652,0.00201420633108294,0.25,6.45024136253246E-6,0.000968914353537516,1.16357721038925E-5,27.5024776,27.5024776,1999.5966796875,1999.5966796875,61.9346806068142,20.7665309223845,6.273368,0,0,0,40,4882,27.7418,1999.5966796875,,,,,,,,,,,,,0,,,,1.9462451,,,,,,27.5024776,,,,
,44349811.06,27.5369701,1999.5966796875,0.00097275011501726,2.91322459583454E-7,1,0.999253354069792,40.0298881530762,2.00164786615686,20.7700002938509,0.0110179213277095,0.00201155023877939,0.25,6.38558831164775E-6,0.000967925614772585,1.156829324893E-5,27.5369701,27.5369701,1999.5966796875,1999.5966796875,61.7212960210642,20.7676283264534,6.646428,0,0,0,40,4882,27.76845,1999.5966796875,,,,,,,,,,,,,0,,,,1.9268991,,,,,,27.5369701,,,,
,44349812.64,27.5521069,1999.5966796875,0.000972275321302104,2.98112972960729E-7,1,0.999253354069792,40.0298881530762,2.00168979255433,20.7700002938509,0.0110127824031461,0.00201064519791424,0.25,6.38311516138793E-6,0.000967455342294653,1.15654936139089E-5,27.5521069,27.5521069,1999.5966796875,1999.5966796875,61.7259857921796,20.7692916718025,6.646428,0,0,0,40,4882,27.7952,1999.5966796875,,,,,,,,,,,,,0,,,,1.9462451,,,,,,27.5521069,,,,
,44349814.455,27.5916214,1999.5966796875,0.000971338557163803,3.34666956578628E-7,1,0.999253354069792,40.0298881530762,2.00161674288035,20.7599997520447,0.0110019483859936,0.00200788741665298,0.25,6.30790115415572E-6,0.000966525872147917,1.14880782743459E-5,27.5916214,27.5916214,1999.5966796875,1999.5966796875,61.9057603516027,20.7687435083357,6.646428,0,0,0,40,4882,27.8249,1999.5966796875,,,,,,,,,,,,,0,,,,1.9268991,,,,,,27.5916214,,,,
,44349816.08,27.6105595,1999.5966796875,0.000970977139263319,2.48839925789129E-7,1,0.999253354069792,40.0298881530762,2.00166094143605,20.7700002938509,0.0109982590390304,0.00200634385094207,0.25,6.22899339054423E-6,0.000966168820128069,1.14098380319881E-5,27.6105595,27.6105595,1999.5966796875,1999.5966796875,61.5610621746219,20.7670466486379,6.646428,0,0,0,40,4882,27.8517,1999.5966796875,,,,,,,,,,,,,0,,,,1.9462451,,,,,,27.6105595,,,,
,44349817.625,27.6473789,1999.5966796875,0.000970262869198642,2.56010489932756E-7,1,0.999253354069792,40.0298881530762,2.00165059338163,20.7700002938509,0.0109895270680233,0.00200832059158501,0.25,6.52745701253048E-6,0.000965458271289539,1.17049766265656E-5,27.6473789,27.6473789,1999.5966796875,1999.5966796875,61.463358609718,20.7691333003602,6.273368,0,0,0,40,4882,27.87555,1999.5966796875,,,,,,,,,,,,,0,,,,1.9365721,,,,,,27.6473789,,,,
,44349819.16,27.660717,1999.5966796875,0.000969520481111312,2.30886781190067E-7,1,0.999253354069792,40.0298881530762,2.00169058363072,20.7700002938509,0.0109826118503342,0.00199965964224825,0.25,5.88832078074218E-6,0.000964725096805211,1.10671460940057E-5,27.660717,27.660717,1999.5966796875,1999.5966796875,61.5688784598142,20.7686681682047,6.646428,0,0,0,40,4882,27.90145,1999.5966796875,,,,,,,,,,,,,0,,,,1.9268991,,,,,,27.660717,,,,
,44349820.825,27.6967678,1999.5966796875,0.000968617689450594,2.71348130605356E-7,1,0.999253354069792,40.0298881530762,2.00161121031585,20.7599997520447,0.0109717468002953,0.00199913668992973,0.25,6.00496961937268E-6,0.000963828205502358,1.11806115552953E-5,27.6967678,27.6967678,1999.5966796875,1999.5966796875,62.1152367947566,20.7672288197926,6.646428,0,0,0,40,4882,27.9284,1999.5966796875,,,,,,,,,,,,,0,,,,1.9268991,,,,,,27.6967678,,,,
,44349821.47,27.70594025,1999.5966796875,0.000968661155751078,2.69424473175806E-7,1,0.999253354069792,40.0298881530762,2.0015606907437,20.7700002938509,0.0109714899946442,0.00200200487401338,0.25,6.25333502362548E-6,0.00096387109821294,1.14289902535138E-5,27.6967678,27.7151127,1999.5966796875,1999.5966796875,61.6376617695065,20.765888579535,6.646428,0,0,0,40,4882,27.9404,1999.5966796875,,,,,,,,,,,,,0,,,,1.9365721,,,,,,27.70594025,,,,
,44349822.685,27.72468665,1999.5966796875,0.000968189259495948,2.52897664153939E-7,1,0.999253354069792,40.0298881530762,2.00165854697885,20.7700002938509,0.0109667240378004,0.00200084759228597,0.25,6.22397420816313E-6,0.000963403369026504,1.13989879224462E-5,27.7151127,27.7342606,1999.5966796875,1999.5966796875,61.5454296042373,20.770849779828,6.646428,0,0,0,40,4882,27.9614,1999.5966796875,,,,,,,,,,,,,0,,,,1.9365721,,,,,,27.72468665,,,,
,44349824.715,27.749155,1999.5966796875,0.000967351156068031,3.02823492279554E-7,1,0.999253354069792,40.0298881530762,2.00171046885602,20.7700002938509,0.0109570039602743,0.00200214112729334,0.25,6.47839113198986E-6,0.000962570189162908,1.16499041680797E-5,27.749155,27.749155,1999.5966796875,1999.5966796875,61.8533912408142,20.7682059842899,6.646428,0,0,0,40,4882,27.9884,1999.5966796875,,,,,,,,,,,,,0,,,,1.9365721,,,,,,27.749155,,,,
,44349826.33,27.7837086,1999.5966796875,0.000966719919352712,2.48009454630298E-7,1,0.999253354069792,40.0298881530762,2.00152354523219,20.7700002938509,0.010949291340684,0.00199850659353634,0.25,6.28113806268068E-6,0.000961945908880827,1.14531343627434E-5,27.7837086,27.7837086,1999.5966796875,1999.5966796875,61.9190480364296,20.7665107529277,6.646428,0,0,0,40,4882,28.0232,1999.5966796875,,,,,,,,,,,,,0,,,,1.9268991,,,,,,27.7837086,,,,
,44349827.785,27.8028412,1999.5966796875,0.00096624384850896,2.46345318899853E-7,1,0.999253354069792,40.0298881530762,2.00164545779101,20.7599997520447,0.0109443178443329,0.00199902638986988,0.25,6.39764719921847E-6,0.000961473900152675,1.15689003924036E-5,27.8028412,27.8028412,1999.5966796875,1999.5966796875,61.8307240137565,20.767128955743,7.019488,0,0,0,40,4882,28.0517,1999.5966796875,,,,,,,,,,,,,0,,,,1.9268991,,,,,,27.8028412,,,,
,44349829.295,27.8400879,1999.5966796875,0.000965540882178319,2.77787121845015E-7,1,0.999253354069792,40.0298881530762,2.00153830534781,20.7599997520447,0.0109362822052423,0.00199481520303319,0.25,6.15695350412433E-6,0.000960777144993367,1.1327236965422E-5,27.8400879,27.8400879,1999.5966796875,1999.5966796875,61.8275974996796,20.7661717061098,7.019488,0,0,0,40,4882,28.0712,1999.5966796875,,,,,,,,,,,,,0,,,,1.9268991,,,,,,27.8400879,,,,
,44349830.94,27.8566055,1999.5966796875,0.000964855007808956,2.5458378600451E-7,1,0.999253354069792,40.0298881530762,2.00158663721383,20.7700002938509,0.0109282751737138,0.00199633731714858,0.25,6.4057981322938E-6,0.000960094896422917,1.15728158776651E-5,27.8566055,27.8566055,1999.5966796875,1999.5966796875,61.822126100045,20.7686652314551,6.646428,0,0,0,40,4882,28.0908,1999.5966796875,,,,,,,,,,,,,0,,,,1.9365721,,,,,,27.8566055,,,,
,44349832.665,27.8910503,1999.5966796875,0.000964311664623758,2.71494227421288E-7,1,0.999253354069792,40.0298881530762,2.00151368064964,20.7599997520447,0.010921380279057,0.0019974090246471,0.25,6.59821396716969E-6,0.000959556276480442,1.17645545873785E-5,27.8910503,27.8910503,1999.5966796875,1999.5966796875,61.3594020166603,20.7678641823766,6.646428,0,0,0,40,4882,28.1287,1999.5966796875,,,,,,,,,,,,,0,,,,1.9463421,,,,,,27.8910503,,,,
,44349834.375,27.9084148,1999.5966796875,0.000964018449711791,3.04754055191488E-7,1,0.999253354069792,40.0298881530762,2.00164123574497,20.7700002938509,0.0109192788167455,0.00199389428374003,0.25,6.32669396574951E-6,0.000959268009863399,1.14948599203949E-5,27.9084148,27.9084148,1999.5966796875,1999.5966796875,61.6931573943719,20.7695432633245,6.646428,0,0,0,40,4882,28.1533,1999.5966796875,,,,,,,,,,,,,0,,,,1.9560151,,,,,,27.9084148,,,,
,44349835.055,27.92671585,1999.5966796875,0.000963073455723342,2.39104641728899E-7,1,0.999253354069792,40.0298881530762,2.00159651902184,20.7599997520447,0.0109091401041074,0.00198741338193874,0.25,5.92411871192883E-6,0.000958330550675856,1.1089976001365E-5,27.9084148,27.9450169,1999.5966796875,1999.5966796875,61.7330204488527,20.7677751384748,7.019488,0,0,0,40,4882,28.163,1999.5966796875,,,,,,,,,,,,,0,,,,1.9560151,,,,,,27.92671585,,,,
,44349836.3,27.95188335,1999.5966796875,0.000962566124008034,3.17700499592872E-7,1,0.999253354069792,40.0298881530762,2.00176177766589,20.7700002938509,0.0109037607107382,0.00198941309416957,0.25,6.17396673076209E-6,0.000957825899798763,1.13375001147029E-5,27.9450169,27.9587498,1999.5966796875,1999.5966796875,61.7986772444681,20.7699133907752,6.646428,0,0,0,40,4882,28.18235,1999.5966796875,,,,,,,,,,,,,0,,,,1.9462451,,,,,,27.95188335,,,,
,44349837.555,27.96821595,1999.5966796875,0.000962395392020513,2.41984882848073E-7,1,0.999253354069792,40.0298881530762,2.00184480894224,20.7599997520447,0.010902002558103,0.00199075115101701,0.25,6.31217505888259E-6,0.000957657688601298,1.147654685205E-5,27.9587498,27.9776821,1999.5966796875,1999.5966796875,61.5555907749873,20.764989032228,6.646428,0,0,0,40,4882,28.2111,1999.5966796875,,,,,,,,,,,,,0,,,,1.9560151,,,,,,27.96821595,,,,
,44349839.625,27.9927006,1999.5966796875,0.000961600641748253,1.99248481954056E-7,1,0.999253354069792,40.0298881530762,2.00174276831079,20.7700002938509,0.0108916457442204,0.00199389591350203,0.25,6.7343327155053E-6,0.000956867413496607,1.18952545527751E-5,27.9927006,27.9927006,1999.5966796875,1999.5966796875,61.8744952108335,20.7686326730784,6.646428,0,0,0,40,4882,28.2453,1999.5966796875,,,,,,,,,,,,,0,,,,1.9657851,,,,,,27.9927006,,,,
,44349841.32,28.030777,1999.5966796875,0.000961423080834081,2.46600131996192E-7,1,0.999253354069792,40.0298881530762,2.00168547720804,20.7599997520447,0.0108903151084807,0.0019880453031171,0.25,6.25200919867082E-6,0.000956695260665791,1.14164059721928E-5,28.030777,28.030777,1999.5966796875,1999.5966796875,61.1163155471795,20.7680229248603,6.646428,0,0,0,40,4882,28.26975,1999.5966796875,,,,,,,,,,,,,0,,,,1.9462451,,,,,,28.030777,,,,
,44349842.775,28.0492783,1999.5966796875,0.000960597963414733,2.28237816185393E-7,1,0.999253354069792,40.0298881530762,2.00167621310012,20.7599997520447,0.0108808490300301,0.00198687532360399,0.25,6.29227813043308E-6,0.000955875990125772,1.14540807487041E-5,28.0492783,28.0492783,1999.5966796875,1999.5966796875,61.903415466045,20.769585061345,7.019488,0,0,0,40,4882,28.29395,1999.5966796875,,,,,,,,,,,,,0,,,,1.9657851,,,,,,28.0492783,,,,
,44349844.445,28.0889091,1999.5966796875,0.000959856646308704,2.84738933600079E-7,1,0.999253354069792,40.0298881530762,2.00175384567391,20.7599997520447,0.0108736685986042,0.00198093988225186,0.25,5.88986219922937E-6,0.00095514283881597,1.10521225082537E-5,28.0889091,28.0889091,1999.5966796875,1999.5966796875,62.4333596020835,20.7684102516928,7.019488,0,0,0,40,4882,28.3233,1999.5966796875,,,,,,,,,,,,,0,,,,1.9560151,,,,,,28.0889091,,,,
,44349846.16,28.1049423,1999.5966796875,0.000959375021076159,3.16248763929651E-7,1,0.999253354069792,40.0298881530762,2.00158306419086,20.7599997520447,0.0108668008352912,0.00198296052958377,0.25,6.1639889927612E-6,0.000954664598143866,1.13248115829234E-5,28.1049423,28.1049423,1999.5966796875,1999.5966796875,61.9815783179681,20.770050706711,6.646428,0,0,0,40,4882,28.3526,1999.5966796875,,,,,,,,,,,,,0,,,,1.9657851,,,,,,28.1049423,,,,
,44349847.695,28.1414223,1999.5966796875,0.000958529204151755,2.55511100881159E-7,1,0.999253354069792,40.0298881530762,2.00161546980007,20.7599997520447,0.0108575747054723,0.00198034194519431,0.25,6.07615830942257E-6,0.000953825799143203,1.12353561964841E-5,28.1414223,28.1414223,1999.5966796875,1999.5966796875,62.3895884050066,20.7669344217752,7.019488,0,0,0,40,4882,28.3821,1999.5966796875,,,,,,,,,,,,,0,,,,1.9560151,,,,,,28.1414223,,,,
,44349849.275,28.1579533,1999.5966796875,0.000957905313865496,3.11772055271629E-7,1,0.999253354069792,40.0298881530762,2.00162282706547,20.7700002938509,0.0108506410856453,0.00197868784417493,0.25,6.03642382198616E-6,0.000953207702305981,1.11949589453856E-5,28.1579533,28.1579533,1999.5966796875,1999.5966796875,61.4391281256219,20.7687504501296,7.019488,0,0,0,40,4882,28.4115,1999.5966796875,,,,,,,,,,,,,0,,,,1.9462451,,,,,,28.1579533,,,,
,44349850.805,28.1949635,1999.5966796875,0.000957805759581551,2.94990531006009E-7,1,0.999253354069792,40.0298881530762,2.00152016228737,20.7700002938509,0.0108484816409319,0.00198140110894724,0.25,6.29878480164078E-6,0.00095310962557011,1.14580205716995E-5,28.1949635,28.1949635,1999.5966796875,1999.5966796875,61.6017068576219,20.7699124480034,6.646428,0,0,0,40,4882,28.4408,1999.5966796875,,,,,,,,,,,,,0,,,,1.9657851,,,,,,28.1949635,,,,
,44349852.3,28.212286,1999.5966796875,0.00095701558230931,2.53071181830937E-7,1,0.999253354069792,40.0298881530762,2.00157495550649,20.7599997520447,0.0108401322978165,0.00197812446777118,0.25,6.14221403227859E-6,0.000952325842383734,1.1299651160439E-5,28.212286,28.212286,1999.5966796875,1999.5966796875,61.6947206514104,20.769390575202,6.646428,0,0,0,40,4882,28.4608,1999.5966796875,,,,,,,,,,,,,0,,,,1.9657851,,,,,,28.212286,,,,
,44349853.78,28.2318573,1999.5966796875,0.000956225035011452,2.73909654271435E-7,1,0.999253354069792,40.0298881530762,2.00171132909136,20.7599997520447,0.01083182814916,0.00197703010160255,0.25,6.17139795080795E-6,0.000951540672117948,1.13261302810613E-5,28.2318573,28.2318573,1999.5966796875,1999.5966796875,61.5876375442758,20.767087264496,6.646428,0,0,0,40,4882,28.4808,1999.5966796875,,,,,,,,,,,,,0,,,,1.9657851,,,,,,28.2318573,,,,
,44349854.535,28.249321,1999.5966796875,0.000955966397261406,2.49898369960797E-7,1,0.999253354069792,40.0298881530762,2.00163467102022,20.7599997520447,0.0108281636981007,0.00197843740512552,0.25,6.34585493911463E-6,0.000951283571090971,1.14996036989407E-5,28.2318573,28.2667847,1999.5966796875,1999.5966796875,61.4625769811988,20.766574551711,7.019488,0,0,0,40,4882,28.4955,1999.5966796875,,,,,,,,,,,,,0,,,,1.9657851,,,,,,28.249321,,,,
,44349855.865,28.2760868,1999.5966796875,0.000955241286378727,2.31905714596849E-7,1,0.999253354069792,40.0298881530762,2.00164539468271,20.7599997520447,0.0108203951162987,0.00197487097970335,0.25,6.15550103837077E-6,0.000950565086672973,1.13083652580401E-5,28.2667847,28.2853889,1999.5966796875,1999.5966796875,61.8682421826796,20.7684233554016,6.646428,0,0,0,40,4882,28.5201,1999.5966796875,,,,,,,,,,,,,0,,,,1.9657851,,,,,,28.2760868,,,,
,44349857.97,28.3027134,1999.5966796875,0.000954455505065492,2.99799968037009E-7,1,0.999253354069792,40.0298881530762,2.00172389658116,20.7700002938509,0.0108115220496708,0.00197568742204618,0.25,6.35517646374695E-6,0.000949785452709464,1.1506205631329E-5,28.3027134,28.3027134,1999.5966796875,1999.5966796875,61.6259373417181,20.768786436048,7.019488,0,0,0,40,4882,28.5594,1999.5966796875,,,,,,,,,,,,,0,,,,1.9657851,,,,,,28.3027134,,,,
,44349859.77,28.3379135,1999.5966796875,0.00095404706331599,2.30870275672222E-7,1,0.999253354069792,40.0298881530762,2.00163771703407,20.7700002938509,0.0108062581761116,0.00197597641735711,0.25,6.45756597553045E-6,0.000949380094681071,1.16076555013992E-5,28.3379135,28.3379135,1999.5966796875,1999.5966796875,61.9448417775642,20.7665542622218,7.019488,0,0,0,40,4882,28.5799,1999.5966796875,,,,,,,,,,,,,0,,,,1.9657851,,,,,,28.3379135,,,,
,44349861.305,28.3554077,1999.5966796875,0.000953651569911369,2.67885047307983E-7,1,0.999253354069792,40.0298881530762,2.00163283754271,20.7700002938509,0.0108019417086809,0.00197425681519258,0.25,6.37285828616571E-6,0.00094898958141391,1.15237807132805E-5,28.3554077,28.3554077,1999.5966796875,1999.5966796875,62.1730773051796,20.7717383710989,6.646428,0,0,0,40,4882,28.6095,1999.5966796875,,,,,,,,,,,,,0,,,,1.9855216,,,,,,28.3554077,,,,
,44349862.895,28.3917999,1999.5966796875,0.000953349145644396,2.83160114476169E-7,1,0.999253354069792,40.0298881530762,2.00165856409016,20.7700002938509,0.0107988781169547,0.00197248698264999,0.25,6.26532104743611E-6,0.000948691271234984,1.14172858639766E-5,28.3917999,28.3917999,1999.5966796875,1999.5966796875,61.6642371391604,20.7694847033654,6.646428,0,0,0,40,4882,28.6344,1999.5966796875,,,,,,,,,,,,,0,,,,1.97565335,,,,,,28.3917999,,,,
,44349864.345,28.4090309,1999.5966796875,0.000952661846777068,2.33945064594962E-7,1,0.999253354069792,40.0298881530762,2.0016665893726,20.7700002938509,0.0107909479739751,0.00197227695915958,0.25,6.36446519889482E-6,0.000948008945632585,1.15143770166637E-5,28.4090309,28.4090309,1999.5966796875,1999.5966796875,61.7252041636604,20.7664817342855,6.646428,0,0,0,40,4882,28.65925,1999.5966796875,,,,,,,,,,,,,0,,,,1.9657851,,,,,,28.4090309,,,,
,44349865.88,28.4405212,1999.5966796875,0.000951964061094652,2.6920578543744E-7,1,0.999253354069792,40.0298881530762,2.00167913032436,20.7599997520447,0.0107837388942256,0.00196737282389179,0.25,6.05162762954654E-6,0.000947317935956366,1.12010422724782E-5,28.4405212,28.4405212,1999.5966796875,1999.5966796875,62.353633493122,20.7685735350375,7.019488,0,0,0,40,4882,28.6797,1999.5966796875,,,,,,,,,,,,,0,,,,1.9855216,,,,,,28.4405212,,,,
,44349867.375,28.4580498,1999.5966796875,0.000951294721825142,2.20703302794008E-7,1,0.999253354069792,40.0298881530762,2.00166376658602,20.7599997520447,0.0107762945019787,0.00196486053223189,0.25,5.94703262431151E-6,0.000946654147870447,1.10950570480751E-5,28.4580498,28.4580498,1999.5966796875,1999.5966796875,61.6110863998527,20.770647134851,7.019488,0,0,0,40,4882,28.6997,1999.5966796875,,,,,,,,,,,,,0,,,,1.9657851,,,,,,28.4580498,,,,
,44349868.095,28.4758053,1999.5966796875,0.000950709536407017,3.05937262930553E-7,1,0.999253354069792,40.0298881530762,2.00159474740882,20.7599997520447,0.0107687361566025,0.00196697589078713,0.25,6.2401535437427E-6,0.000946071918737692,1.13852981044761E-5,28.4580498,28.4935608,1999.5966796875,1999.5966796875,61.964382490545,20.769392858919,6.646428,0,0,0,40,4882,28.71945,1999.5966796875,,,,,,,,,,,,,0,,,,1.97565335,,,,,,28.4758053,,,,
,44349869.385,28.5024681,1999.5966796875,0.000950928231163796,2.51338250175749E-7,1,0.999253354069792,40.0298881530762,2.00160234845331,20.7599997520447,0.0107714532872404,0.00196646720047128,0.25,6.15313656399877E-6,0.000946292627867712,1.1302500679521E-5,28.4935608,28.5113754,1999.5966796875,1999.5966796875,61.8533912408142,20.7674837663991,7.019488,0,0,0,40,4882,28.74925,1999.5966796875,,,,,,,,,,,,,0,,,,1.97565335,,,,,,28.5024681,,,,
,44349871.5,28.5292187,1999.5966796875,0.000949784090782594,2.69691176809376E-7,1,0.999253354069792,40.0298881530762,2.00155632594582,20.7700002938509,0.0107580700894924,0.00196530341828069,0.25,6.25240877990865E-6,0.000945156144908224,1.13977247385485E-5,28.5292187,28.5292187,1999.5966796875,1999.5966796875,61.5094746923527,20.7665600265898,7.019488,0,0,0,40,4882,28.77965,1999.5966796875,,,,,,,,,,,,,0,,,,1.9657851,,,,,,28.5292187,,,,
,44349872.28,28.53835965,1999.5966796875,0.000949422467598263,2.52019448751714E-7,1,0.999253354069792,40.0298881530762,2.00160487933152,20.7700002938509,0.0107541458253614,0.00196509632116972,0.25,6.29269481471593E-6,0.000944796944905742,1.14367402541041E-5,28.5292187,28.5475006,1999.5966796875,1999.5966796875,61.334389904045,20.7690894415954,6.646428,0,0,0,40,4882,28.78985,1999.5966796875,,,,,,,,,,,,,0,,,,1.9657851,,,,,,28.53835965,,,,
,44349874.45,28.585619,1999.5966796875,0.000948731747621795,2.43829235005081E-7,1,0.999253354069792,40.0298881530762,2.00168723763308,20.7599997520447,0.0107470649075101,0.0019621158832272,0.25,6.14095430818875E-6,0.000944113396389087,1.12850677726821E-5,28.585619,28.585619,1999.5966796875,1999.5966796875,62.0276944006027,20.7698686377998,7.019488,0,0,0,40,4882,28.82515,1999.5966796875,,,,,,,,,,,,,0,,,,1.9855216,,,,,,28.585619,,,,
,44349876.01,28.6018257,1999.5966796875,0.000947801700654046,2.79796708034642E-7,1,0.999253354069792,40.0298881530762,2.00156736287631,20.7700002938509,0.0107359540952446,0.00196008476270885,0.25,6.13164270811255E-6,0.000943191084097931,1.12738226840288E-5,28.6018257,28.6018257,1999.5966796875,1999.5966796875,61.6767431954681,20.7693178955677,6.646428,0,0,0,40,4882,28.8603,1999.5966796875,,,,,,,,,,,,,0,,,,1.9855216,,,,,,28.6018257,,,,
,44349877.585,28.6357174,1999.5966796875,0.000947176703584242,2.65662643494322E-7,1,0.999253354069792,40.0298881530762,2.00161964730773,20.7599997520447,0.0107293282670741,0.00195789458510683,0.25,6.04203692376819E-6,0.000942571310564931,1.1183044214729E-5,28.6357174,28.6357174,1999.5966796875,1999.5966796875,61.7603774470258,20.767682830146,7.019488,0,0,0,40,4882,28.8808,1999.5966796875,,,,,,,,,,,,,0,,,,1.9855216,,,,,,28.6357174,,,,
,44349878.345,28.64355755,1999.5966796875,0.000946799882826119,3.08731969181599E-7,1,0.999253354069792,40.0298881530762,2.00154083710859,20.7700002938509,0.0107239891334043,0.00196090462846188,0.25,6.37915211650302E-6,0.000942195392698405,1.15173881626707E-5,28.6357174,28.6513977,1999.5966796875,1999.5966796875,61.7025369366027,20.7659489736457,6.646428,0,0,0,40,4882,28.89115,1999.5966796875,,,,,,,,,,,,,0,,,,1.97565335,,,,,,28.64355755,,,,
,44349879.64,28.66159915,1999.5966796875,0.000946249195719514,2.7741828131785E-7,1,0.999253354069792,40.0298881530762,2.00160117704943,20.7700002938509,0.0107183657313901,0.00195819169832975,0.25,6.2298505958142E-6,0.000941649854747011,1.13674772929266E-5,28.6513977,28.6718006,1999.5966796875,1999.5966796875,61.5907640583527,20.7678669047362,6.646428,0,0,0,40,4882,28.91015,1999.5966796875,,,,,,,,,,,,,0,,,,1.9657851,,,,,,28.66159915,,,,
,44349881.79,28.69857885,1999.5966796875,0.000945686507047722,2.33326368302603E-7,1,0.999253354069792,40.0298881530762,2.00156799252472,20.7700002938509,0.0107120303293684,0.00195605015363624,0.25,6.13862912730247E-6,0.000941093849125948,1.12770873972238E-5,28.6906319,28.7065258,1999.5966796875,1999.5966796875,61.8401035559873,20.7666322884462,6.646428,0,0,0,40,4882,28.94935,1999.5966796875,,,,,,,,,,,,,0,,,,1.9855216,,,,,,28.69857885,,,,
,44349882.52,28.7180109,1999.5966796875,0.000945558446298323,3.07773323313187E-7,1,0.999253354069792,40.0298881530762,2.00159141747385,20.7599997520447,0.0107105079053491,0.00195696684421227,0.25,6.23875167300864E-6,0.00094096694061431,1.13771515183574E-5,28.7065258,28.729496,1999.5966796875,1999.5966796875,62.137122393295,20.7675440310444,6.646428,0,0,0,40,4882,28.96205,1999.5966796875,,,,,,,,,,,,,0,,,,1.9855216,,,,,,28.7180109,,,,
,44349883.775,28.7378187,1999.5966796875,0.000945168005790711,2.80885624592597E-7,1,0.999253354069792,40.0298881530762,2.00165534304128,20.7700002938509,0.0107066057222182,0.0019552424482056,0.25,6.14783752185319E-6,0.000940580836415874,1.12864868618469E-5,28.729496,28.7461414,1999.5966796875,1999.5966796875,61.6431331691411,20.7665855569655,6.646428,0,0,0,40,4882,28.984,1999.5966796875,,,,,,,,,,,,,0,,,,1.9855216,,,,,,28.7378187,,,,
,44349885.075,28.7541437,1999.5966796875,0.000944284034356905,2.90526402145612E-7,1,0.999253354069792,40.0298881530762,2.00161354021414,20.7700002938509,0.0106961925983976,0.00195457135258779,0.25,6.24528284156817E-6,0.000939702577470812,1.13805809550378E-5,28.7461414,28.762146,1999.5966796875,1999.5966796875,61.7369285914488,20.7645558757971,6.646428,0,0,0,40,4882,29.006,1999.5966796875,,,,,,,,,,,,,0,,,,1.9855216,,,,,,28.7541437,,,,
,44349887.255,28.7905693,1999.5966796875,0.000944100961661039,2.34578153456931E-7,1,0.999253354069792,40.0298881530762,2.00160256247071,20.7599997520447,0.0106947271321765,0.00195063702114519,0.25,5.92744325081858E-6,0.000939525552229425,1.10666785177848E-5,28.7809162,28.8002224,1999.5966796875,1999.5966796875,61.8393219274681,20.7666530140975,6.273368,0,0,0,40,4882,29.04435,1999.5966796875,,,,,,,,,,,,,0,,,,2.005456,,,,,,28.7905693,,,,
,44349888.91,28.8177967,1999.5966796875,0.000943323474844057,2.49283243056632E-7,1,0.999253354069792,40.0298881530762,2.00170077313464,20.7599997520447,0.010686497334022,0.00194886310413722,0.25,5.89653189229953E-6,0.00093875474508758,1.1034397836477E-5,28.8177967,28.8177967,1999.5966796875,1999.5966796875,61.2632617087949,20.7693987312063,6.273368,0,0,0,40,4882,29.0751,1999.5966796875,,,,,,,,,,,,,0,,,,1.98562055,,,,,,28.8177967,,,,
,44349890.625,28.856514,1999.5966796875,0.000942121243239869,2.6338494783509E-7,1,0.999253354069792,40.0298881530762,2.00165691872825,20.7700002938509,0.0106720583822555,0.00194989344313939,0.25,6.19955476850061E-6,0.000937559057589431,1.13318565380262E-5,28.856514,28.856514,1999.5966796875,1999.5966796875,61.385195757795,20.7697069332569,6.646428,0,0,0,40,4882,29.1029,1999.5966796875,,,,,,,,,,,,,0,,,,1.9954888,,,,,,28.856514,,,,
,44349892.33,28.874052,1999.5966796875,0.000941696327144367,2.68087808560921E-7,1,0.999253354069792,40.0298881530762,2.00176254519359,20.7599997520447,0.0106684233277215,0.0019456268677754,0.25,5.88664171688377E-6,0.000937140361660507,1.10205119108011E-5,28.874052,28.874052,1999.5966796875,1999.5966796875,61.575131487968,20.7694324824342,6.646428,0,0,0,40,4882,29.1297,1999.5966796875,,,,,,,,,,,,,0,,,,1.9855216,,,,,,28.874052,,,,
,44349893.93,28.9086285,1999.5966796875,0.000941223728360143,3.0624039146745E-7,1,0.999253354069792,40.0298881530762,2.00176741591692,20.7700002938509,0.0106634634871216,0.00194271349196541,0.25,5.70969173735887E-6,0.000936673369213368,1.08442159374323E-5,28.9086285,28.9086285,1999.5966796875,1999.5966796875,61.5860742872373,20.7662011699081,7.019488,0,0,0,40,4882,29.1565,1999.5966796875,,,,,,,,,,,,,0,,,,1.9855216,,,,,,28.9086285,,,,
,44349895.53,28.9272594,1999.5966796875,0.000940618618323527,2.42369840950706E-7,1,0.999253354069792,40.0298881530762,2.00170489151227,20.7599997520447,0.0106558706969143,0.00194396158500973,0.25,5.92845409063001E-6,0.00093607243381758,1.10610090392939E-5,28.9272594,28.9272594,1999.5966796875,1999.5966796875,61.3898855289103,20.7664473555835,6.646428,0,0,0,40,4882,29.1833,1999.5966796875,,,,,,,,,,,,,0,,,,1.9855216,,,,,,28.9272594,,,,
,44349897.12,28.9614735,1999.5966796875,0.000940348948455965,2.34078477748632E-7,1,0.999253354069792,40.0298881530762,2.00165490466031,20.7599997520447,0.0106517238125056,0.00194827854975548,0.25,6.35789881378377E-6,0.000935803994293784,1.14892363090654E-5,28.9614735,28.9614735,1999.5966796875,1999.5966796875,61.8104016722565,20.7672453769001,7.019488,0,0,0,40,4882,29.2092,1999.5966796875,,,,,,,,,,,,,0,,,,2.005456,,,,,,28.9614735,,,,
,44349897.765,28.97032165,1999.5966796875,0.000939637503854203,2.67322971545904E-7,1,0.999253354069792,40.0298881530762,2.00176851129947,20.7599997520447,0.0106452330180481,0.00194134065588509,0.25,5.86078982169382E-6,0.000935099788191656,1.09916741403689E-5,28.9614735,28.9791698,1999.5966796875,1999.5966796875,61.5954538294681,20.7680448823339,7.019488,0,0,0,40,4882,29.2211,1999.5966796875,,,,,,,,,,,,,0,,,,1.9954888,,,,,,28.97032165,,,,
,44349899.875,28.9954529,1999.5966796875,0.000939659742126664,2.53910305915175E-7,1,0.999253354069792,40.0298881530762,2.00175534151345,20.7700002938509,0.0106447780202249,0.00194522991290547,0.25,6.19717432250471E-6,0.000935123294843095,1.13296975412912E-5,28.9954529,28.9954529,1999.5966796875,1999.5966796875,61.9550029483143,20.7681093758047,6.646428,0,0,0,40,4882,29.2559,1999.5966796875,,,,,,,,,,,,,0,,,,1.9855216,,,,,,28.9954529,,,,
,44349901.585,29.0347004,1999.5966796875,0.000938493301073821,2.81665116196114E-7,1,0.999253354069792,40.0298881530762,2.00168656324558,20.7599997520447,0.0106305823627279,0.00194650785342497,0.25,6.51795014579983E-6,0.000933962957320024,1.16448592550299E-5,29.0347004,29.0347004,1999.5966796875,1999.5966796875,61.5469928612758,20.767248426513,6.646428,0,0,0,40,4882,29.2818,1999.5966796875,,,,,,,,,,,,,0,,,,2.005456,,,,,,29.0347004,,,,
,44349903.275,29.0549221,1999.5966796875,0.00093746450373067,3.3071998137203E-7,1,0.999253354069792,40.0298881530762,2.00173279448999,20.7700002938509,0.0106199261416569,0.00194023776139907,0.25,6.13955870274004E-6,0.00093294357516758,1.12649679355756E-5,29.0549221,29.0549221,1999.5966796875,1999.5966796875,61.524325634218,20.7686497068534,7.019488,0,0,0,40,4882,29.3078,1999.5966796875,,,,,,,,,,,,,0,,,,1.9855216,,,,,,29.0549221,,,,
,44349904.025,29.0708246,1999.5966796875,0.000937336620300994,3.12888105614182E-7,1,0.999253354069792,40.0298881530762,2.00176847877515,20.7700002938509,0.010618902715066,0.00193868880699813,0.25,6.02125554161776E-6,0.000932818076987622,1.1147654863102E-5,29.0549221,29.0867271,1999.5966796875,1999.5966796875,61.2945268495642,20.769889911522,7.019488,0,0,0,40,4882,29.3203,1999.5966796875,,,,,,,,,,,,,0,,,,1.9954888,,,,,,29.0708246,,,,
,44349905.29,29.0967321,1999.5966796875,0.000936672804648524,2.80470408116292E-7,1,0.999253354069792,40.0298881530762,2.00171988767887,20.7599997520447,0.0106108477765031,0.00193904531558429,0.25,6.17116546265525E-6,0.000932158540680218,1.1295122930735E-5,29.0867271,29.1067371,1999.5966796875,1999.5966796875,61.5915456868719,20.7673483461681,6.646428,0,0,0,40,4882,29.34165,1999.5966796875,,,,,,,,,,,,,0,,,,2.005456,,,,,,29.0967321,,,,
,44349907.39,29.12286,1999.5966796875,0.000936589905136911,2.56446618728668E-7,1,0.999253354069792,40.0298881530762,2.00165744411451,20.7599997520447,0.0106085993634142,0.00194467153237053,0.25,6.68341082076939E-6,0.000932076276625545,1.18074343909216E-5,29.12286,29.12286,1999.5966796875,1999.5966796875,61.7150429929104,20.7669751292057,7.019488,0,0,0,40,4882,29.3745,1999.5966796875,,,,,,,,,,,,,0,,,,1.9954888,,,,,,29.12286,,,,
,44349908.94,29.153904,1999.5966796875,0.000935577596935945,2.45656973501876E-7,1,0.999253354069792,40.0298881530762,2.00172411922243,20.7599997520447,0.0105984399423587,0.00193727407463087,0.25,6.20104375958135E-6,0.000931073840367836,1.13241668983297E-5,29.153904,29.153904,1999.5966796875,1999.5966796875,62.0300392861604,20.768081533059,6.646428,0,0,0,40,4882,29.40065,1999.5966796875,,,,,,,,,,,,,0,,,,1.9855216,,,,,,29.153904,,,,
,44349910.39,29.1701241,1999.5966796875,0.000936000089983668,3.4370289831826E-7,1,0.999253354069792,40.0298881530762,2.00171441804965,20.7700002938509,0.0106039373990202,0.00193397158138176,0.25,5.83371813617324E-6,0.000931498613830586,1.0963109193507E-5,29.1701241,29.1701241,1999.5966796875,1999.5966796875,61.6267189702373,20.7668585009251,7.019488,0,0,0,40,4882,29.42475,1999.5966796875,,,,,,,,,,,,,0,,,,2.005456,,,,,,29.1701241,,,,
,44349911.945,29.201046,1999.5966796875,0.000935195116650802,2.53552281531291E-7,1,0.999253354069792,40.0298881530762,2.00169957922297,20.7700002938509,0.0105938543363156,0.00193751358126985,0.25,6.28594839865747E-6,0.000930697492543194,1.14112194921428E-5,29.201046,29.201046,1999.5966796875,1999.5966796875,61.4031732137373,20.7697127632678,7.019488,0,0,0,40,4882,29.452,1999.5966796875,,,,,,,,,,,,,0,,,,1.9954888,,,,,,29.201046,,,,
,44349912.68,29.20903875,1999.5966796875,0.000934761712893097,2.27904910679589E-7,1,0.999253354069792,40.0298881530762,2.00174120300211,20.7599997520447,0.0105903244439147,0.0019300397541511,0.25,5.69922960327312E-6,0.000930269915943206,1.08254381941607E-5,29.201046,29.2170315,1999.5966796875,1999.5966796875,62.0503616276604,20.7663397048664,6.646428,0,0,0,40,4882,29.4578,1999.5966796875,,,,,,,,,,,,,0,,,,2.005456,,,,,,29.20903875,,,,
,44349913.985,29.23326685,1999.5966796875,0.000933918486467588,2.67222542802863E-7,1,0.999253354069792,40.0298881530762,2.00177572785174,20.7599997520447,0.0105799988552165,0.00193387276686888,0.25,6.17992190986829E-6,0.000929430526462924,1.13015881024643E-5,29.2170315,29.2495022,1999.5966796875,1999.5966796875,61.6783064525065,20.7672038756814,6.646428,0,0,0,40,4882,29.4842,1999.5966796875,,,,,,,,,,,,,0,,,,2.01552335,,,,,,29.23326685,,,,
,44349915.275,29.2597332,1999.5966796875,0.000933484492707934,3.21733412417619E-7,1,0.999253354069792,40.0298881530762,2.00168801419091,20.7599997520447,0.0105754122829411,0.00192866971523538,0.25,5.80188268883499E-6,0.000929003065054204,1.09252874488866E-5,29.2495022,29.2699642,1999.5966796875,1999.5966796875,62.4122556320643,20.766106867626,7.019488,0,0,0,40,4882,29.5098,1999.5966796875,,,,,,,,,,,,,0,,,,2.01552335,,,,,,29.2597332,,,,
,44349917.265,29.2850037,1999.5966796875,0.000933465560290478,2.28193813036298E-7,1,0.999253354069792,40.0298881530762,2.00166098521964,20.7700002938509,0.0105745256951035,0.00193187798807792,0.25,6.08647258056861E-6,0.000928986010435496,1.12116372543457E-5,29.2850037,29.2850037,1999.5966796875,1999.5966796875,61.7384918484873,20.7686281794715,6.646428,0,0,0,40,4882,29.5451,1999.5966796875,,,,,,,,,,,,,0,,,,2.005456,,,,,,29.2850037,,,,
,44349918.82,29.3192291,1999.5966796875,0.000932574477372037,3.57097862356156E-7,1,0.999253354069792,40.0298881530762,2.00178693234645,20.7599997520447,0.0105652544168981,0.00192922258568046,0.25,5.99625345166075E-6,0.000928101953550482,1.11192100679555E-5,29.3192291,29.3192291,1999.5966796875,1999.5966796875,61.7361469629296,20.7705416803361,6.646428,0,0,0,40,4882,29.5701,1999.5966796875,,,,,,,,,,,,,0,,,,2.005456,,,,,,29.3192291,,,,
,44349920.31,29.3371449,1999.5966796875,0.000932357101064807,2.4896552486116E-7,1,0.999253354069792,40.0298881530762,2.00175208702746,20.7599997520447,0.0105620224246926,0.00193227950379809,0.25,6.30411909099066E-6,0.000927886321028167,1.14267156132657E-5,29.3371449,29.3371449,1999.5966796875,1999.5966796875,62.3809904912951,20.7677578848955,6.646428,0,0,0,40,4882,29.5953,1999.5966796875,,,,,,,,,,,,,0,,,,2.0255907,,,,,,29.3371449,,,,
,44349921.99,29.3726349,1999.5966796875,0.000931494266002923,3.10588263461121E-7,1,0.999253354069792,40.0298881530762,2.00168304901831,20.7700002938509,0.0105524157347098,0.00192769407197674,0.25,6.05396451920208E-6,0.000927031792175669,1.11757568940026E-5,29.3726349,29.3726349,1999.5966796875,1999.5966796875,61.7791365314873,20.7676952965785,7.019488,0,0,0,40,4882,29.6256,1999.5966796875,,,,,,,,,,,,,0,,,,2.01552335,,,,,,29.3726349,,,,
,44349923.59,29.3897209,1999.5966796875,0.000930798211861581,2.42414269288047E-7,1,0.999253354069792,40.0298881530762,2.0016834193807,20.7599997520447,0.0105446375343299,0.0019258515208408,0.25,6.01069194339554E-6,0.000926342196482563,1.11315929229361E-5,29.3897209,29.3897209,1999.5966796875,1999.5966796875,61.7486530192373,20.7651440618877,6.646428,0,0,0,40,4882,29.6556,1999.5966796875,,,,,,,,,,,,,0,,,,2.005456,,,,,,29.3897209,,,,
,44349925.15,29.4178896,1999.5966796875,0.000930558271804709,2.96917762914049E-7,1,0.999253354069792,40.0298881530762,2.00170114968354,20.7599997520447,0.0105417972601354,0.00192669812227608,0.25,6.12390054917113E-6,0.000926104671823008,1.12448275061172E-5,29.4078484,29.4279308,1999.5966796875,1999.5966796875,61.7744467603719,20.7655008436274,7.019488,0,0,0,40,4882,29.6762,1999.5966796875,,,,,,,,,,,,,0,,,,2.005456,,,,,,29.4178896,,,,
,44349926.635,29.443243,1999.5966796875,0.000929695264721768,2.07692376929112E-7,1,0.999253354069792,40.0298881530762,2.00177993272833,20.7700002938509,0.0105324632002049,0.00192487345350289,0.25,6.10576997226604E-6,0.00092524826548698,1.12243365481092E-5,29.443243,29.443243,1999.5966796875,1999.5966796875,61.7291123062565,20.7655580941822,6.646428,0,0,0,40,4882,29.70155,1999.5966796875,,,,,,,,,,,,,0,,,,2.01552335,,,,,,29.443243,,,,
,44349928.15,29.461462,1999.5966796875,0.000929109095159445,2.52539831616523E-7,1,0.999253354069792,40.0298881530762,2.00172412390604,20.7700002938509,0.010525353572147,0.00192484892196793,0.25,6.20851622478042E-6,0.000924666745048171,1.13256688680705E-5,29.461462,29.461462,1999.5966796875,1999.5966796875,60.9732775281603,20.7660032369937,7.019488,0,0,0,40,4882,29.72675,1999.5966796875,,,,,,,,,,,,,0,,,,2.0255907,,,,,,29.461462,,,,
,44349928.875,29.47825335,1999.5966796875,0.000928535068614204,2.48512630250902E-7,1,0.999253354069792,40.0298881530762,2.00164247314597,20.7599997520447,0.0105184025624374,0.00192387319909414,0.25,6.22897440520691E-6,0.000924096272805273,1.13438027705129E-5,29.461462,29.4950447,1999.5966796875,1999.5966796875,61.5720049738911,20.7671923727387,6.646428,0,0,0,40,4882,29.7371,1999.5966796875,,,,,,,,,,,,,0,,,,2.0255907,,,,,,29.47825335,,,,
,44349930.125,29.50377275,1999.5966796875,0.000928676214957243,2.66682040393073E-7,1,0.999253354069792,40.0298881530762,2.00172550002016,20.7700002938509,0.0105215591022272,0.00191787996124257,0.25,5.66680205151814E-6,0.000924241771840572,1.07869533801647E-5,29.4950447,29.5125008,1999.5966796875,1999.5966796875,61.6783064525065,20.7659627568178,7.019488,0,0,0,40,4882,29.75745,1999.5966796875,,,,,,,,,,,,,0,,,,2.0255907,,,,,,29.50377275,,,,
,44349932.125,29.5287609,1999.5966796875,0.000927775236417503,2.69506717999146E-7,1,0.999253354069792,40.0298881530762,2.00177962877114,20.7599997520447,0.0105111989971214,0.00191867191200562,0.25,5.88746728445199E-6,0.000923346813194248,1.10044152223293E-5,29.5287609,29.5287609,1999.5966796875,1999.5966796875,61.913576636795,20.7672673608216,6.646428,0,0,0,40,4882,29.7882,1999.5966796875,,,,,,,,,,,,,0,,,,2.01552335,,,,,,29.5287609,,,,
,44349933.885,29.5631199,1999.5966796875,0.000927595266382077,2.32551007059063E-7,1,0.999253354069792,40.0298881530762,2.00177724858804,20.7599997520447,0.0105086653008483,0.00192127050741982,0.25,6.14454621662453E-6,0.000923169687826309,1.12625692332712E-5,29.5631199,29.5631199,1999.5966796875,1999.5966796875,61.1139706616218,20.7676362161148,7.019488,0,0,0,40,4882,29.8238,1999.5966796875,,,,,,,,,,,,,0,,,,2.01552335,,,,,,29.5631199,,,,
,44349934.6,29.5720339,1999.5966796875,0.000926951845173527,2.37329205281301E-7,1,0.999253354069792,40.0298881530762,2.00173082240407,20.7700002938509,0.0105011637040563,0.00191985150740767,0.25,6.13527178102159E-6,0.000922530371448113,1.12507308141119E-5,29.5631199,29.5809479,1999.5966796875,1999.5966796875,61.4985318930834,20.7667205902703,7.019488,0,0,0,40,4882,29.8342,1999.5966796875,,,,,,,,,,,,,0,,,,2.0255907,,,,,,29.5720339,,,,
,44349936.645,29.60707185,1999.5966796875,0.000926354561464687,2.84889957610678E-7,1,0.999253354069792,40.0298881530762,2.00172698956748,20.7700002938509,0.0104951939188131,0.00191420725760012,0.25,5.73912194155995E-6,0.000921941567019296,1.08564598669038E-5,29.5973911,29.6167526,1999.5966796875,1999.5966796875,61.6759615669488,20.7683751612685,6.646428,0,0,0,40,4882,29.87005,1999.5966796875,,,,,,,,,,,,,0,,,,2.01552335,,,,,,29.60707185,,,,
,44349938.28,29.6361427,1999.5966796875,0.000925855075261771,2.49041425233246E-7,1,0.999253354069792,40.0298881530762,2.00177481112644,20.7700002938509,0.0104888287993616,0.00191875061979486,0.25,6.22096502547265E-6,0.0009214442040538,1.13356154548583E-5,29.6361427,29.6361427,1999.5966796875,1999.5966796875,61.5946722009488,20.7656045560399,6.646428,0,0,0,40,4882,29.89555,1999.5966796875,,,,,,,,,,,,,0,,,,2.005456,,,,,,29.6361427,,,,
,44349939.735,29.66081045,1999.5966796875,0.000925527759119828,3.49464019719185E-7,1,0.999253354069792,40.0298881530762,2.00171748873019,20.7700002938509,0.0104852422654239,0.00191587210655746,0.25,6.02655818816498E-6,0.000921122011693175,1.11427005110601E-5,29.6527748,29.6688461,1999.5966796875,1999.5966796875,61.6861227376988,20.7691880809338,6.646428,0,0,0,40,4882,29.9213,1999.5966796875,,,,,,,,,,,,,0,,,,2.005456,,,,,,29.66081045,,,,
,44349940.43,29.6776924,1999.5966796875,0.000925051696342087,2.39470148497756E-7,1,0.999253354069792,40.0298881530762,2.00171190769506,20.7599997520447,0.0104797118537117,0.00191556645779258,0.25,6.0827245814373E-6,0.00092064883715095,1.11969075153065E-5,29.6688461,29.6865387,1999.5966796875,1999.5966796875,61.5446479757181,20.7676794654467,7.019488,0,0,0,40,4882,29.93155,1999.5966796875,,,,,,,,,,,,,0,,,,2.01552335,,,,,,29.6776924,,,,
,44349942.53,29.7058868,1999.5966796875,0.000924460109310275,2.44892601413887E-7,1,0.999253354069792,40.0298881530762,2.0017383657346,20.7599997520447,0.0104735836980296,0.00191212738109163,0.25,5.87696112080324E-6,0.000920065257572313,1.09926511054287E-5,29.7058868,29.7058868,1999.5966796875,1999.5966796875,62.2770338982374,20.7635077267454,7.019488,0,0,0,40,4882,29.97265,1999.5966796875,,,,,,,,,,,,,0,,,,2.01552335,,,,,,29.7058868,,,,
,44349943.17,29.71431635,1999.5966796875,0.000923977232977515,2.94714849286328E-7,1,0.999253354069792,40.0298881530762,2.00176107854072,20.7599997520447,0.01046826838104,0.00191097818019477,0.25,5.85765236561883E-6,0.000919585796483251,1.09717202742075E-5,29.7058868,29.7227459,1999.5966796875,1999.5966796875,61.8127465578142,20.7660692485124,7.019488,0,0,0,40,4882,29.9831,1999.5966796875,,,,,,,,,,,,,0,,,,2.005456,,,,,,29.71431635,,,,
,44349945.39,29.7594414,1999.5966796875,0.000923435564891118,2.63062688715984E-7,1,0.999253354069792,40.0298881530762,2.00180469501891,20.7700002938509,0.0104621866103167,0.00191105108231356,0.25,5.95193225104952E-6,0.000919049632910704,1.10659155570832E-5,29.7594414,29.7594414,1999.5966796875,1999.5966796875,61.9839232035258,20.7653678085139,7.019488,0,0,0,40,4882,30.0193,1999.5966796875,,,,,,,,,,,,,0,,,,2.0255907,,,,,,29.7594414,,,,
,44349946.83,29.7767162,1999.5966796875,0.000922522398655544,2.54699172260154E-7,1,0.999253354069792,40.0298881530762,2.00165856256587,20.7599997520447,0.0104512146377961,0.00190859612683352,0.25,5.90560407416277E-6,0.000918143093560393,1.10166714392654E-5,29.7767162,29.7767162,1999.5966796875,1999.5966796875,61.7080083362373,20.7654138424313,6.646428,0,0,0,40,4882,30.0402,1999.5966796875,,,,,,,,,,,,,0,,,,2.0255907,,,,,,29.7767162,,,,
,44349948.425,29.8115273,1999.5966796875,0.000921969108882312,2.52099327511591E-7,1,0.999253354069792,40.0298881530762,2.00173273326218,20.7700002938509,0.0104438006425086,0.00191635818843011,0.25,6.67743991956271E-6,0.000917591621322237,1.17851366933788E-5,29.8115273,29.8115273,1999.5966796875,1999.5966796875,61.483680951218,20.76551750696,7.019488,0,0,0,40,4882,30.076,1999.5966796875,,,,,,,,,,,,,0,,,,2.005456,,,,,,29.8115273,,,,
,44349949.175,29.82018855,1999.5966796875,0.000922004956983976,2.72033840116939E-7,1,0.999253354069792,40.0298881530762,2.00174495726594,20.7599997520447,0.0104460897065953,0.00190616142773147,0.25,5.76996728331355E-6,0.000917633407015149,1.08831231541132E-5,29.8115273,29.8288498,1999.5966796875,1999.5966796875,61.7697569892565,20.766565348699,6.273368,0,0,0,40,4882,30.08655,1999.5966796875,,,,,,,,,,,,,0,,,,2.02569175,,,,,,29.82018855,,,,
,44349951.32,29.85425945,1999.5966796875,0.000921082194266191,2.9345071721277E-7,1,0.999253354069792,40.0298881530762,2.00172869501432,20.7700002938509,0.0104354153131354,0.00190523431561101,0.25,5.8484729633003E-6,0.000916717615991277,1.09590492631516E-5,29.8457603,29.8627586,1999.5966796875,1999.5966796875,62.1613528773912,20.768022741195,7.019488,0,0,0,40,4882,30.1179,1999.5966796875,,,,,,,,,,,,,0,,,,2.0459275,,,,,,29.85425945,,,,
,44349952.915,29.8797932,1999.5966796875,0.000920825028776749,2.54223788252996E-7,1,0.999253354069792,40.0298881530762,2.00164474458468,20.7599997520447,0.0104318877767166,0.00190592013001833,0.25,5.95801415005861E-6,0.000916463626564596,1.10690881809159E-5,29.8797932,29.8797932,1999.5966796875,1999.5966796875,61.9815783179681,20.7660838512769,6.646428,0,0,0,40,4882,30.144,1999.5966796875,,,,,,,,,,,,,0,,,,2.0255907,,,,,,29.8797932,,,,
,44349954.47,29.9061327,1999.5966796875,0.00092039908789503,3.40317041123338E-7,1,0.999253354069792,40.0298881530762,2.00165419230583,20.7599997520447,0.0104267845749712,0.001906990412172,0.25,6.12487581305554E-6,0.000916040230948285,1.12342519942585E-5,29.8983345,29.9139309,1999.5966796875,1999.5966796875,61.8010221300258,20.7693953092547,6.646428,0,0,0,40,4882,30.1596,1999.5966796875,,,,,,,,,,,,,0,,,,2.0255907,,,,,,29.9061327,,,,
,44349955.2,29.9221058,1999.5966796875,0.000919509097840911,2.8940918410357E-7,1,0.999253354069792,40.0298881530762,2.00164281157448,20.7700002938509,0.010418098495661,0.00189691413798875,0.25,5.39345303672743E-6,0.000915158958441395,1.05017890624627E-5,29.9139309,29.9302807,1999.5966796875,1999.5966796875,60.9810938133526,20.7695371045239,6.646428,0,0,0,40,4882,30.16485,1999.5966796875,,,,,,,,,,,,,0,,,,2.0255907,,,,,,29.9221058,,,,
,44349956.45,29.9383583,1999.5966796875,0.000919321284554146,2.24624401461298E-7,1,0.999253354069792,40.0298881530762,2.00170189393879,20.7599997520447,0.0104145613198574,0.00190631618450526,0.25,6.24960610262374E-6,0.000914968244606787,1.1353851877035E-5,29.9302807,29.9464359,1999.5966796875,1999.5966796875,61.5024400356796,20.7663558156936,6.646428,0,0,0,40,4882,30.1753,1999.5966796875,,,,,,,,,,,,,0,,,,2.0255907,,,,,,29.9383583,,,,
,44349957.665,29.9533758,1999.5966796875,0.000919257852425515,2.33389052690715E-7,1,0.999253354069792,40.0298881530762,2.00168733191546,20.7599997520447,0.0104142682887128,0.00190337442290175,0.25,6.00200003373968E-6,0.000914906946694776,1.11075421810278E-5,29.9464359,29.9603157,1999.5966796875,1999.5966796875,62.069120712122,20.7697891526141,7.019488,0,0,0,40,4882,30.1805,1999.5966796875,,,,,,,,,,,,,0,,,,2.0255907,,,,,,29.9533758,,,,
,44349959.665,29.9715824,1999.5966796875,0.000918629975236501,2.65198579786628E-7,1,0.999253354069792,40.0298881530762,2.00165020295025,20.7700002938509,0.0104070005834241,0.00190186645935279,0.25,5.98255257304737E-6,0.000914282013933733,1.10846782136397E-5,29.9715824,29.9715824,1999.5966796875,1999.5966796875,61.9182664079104,20.7683821084946,7.019488,0,0,0,40,4885,30.1805,1999.5966796875,,,,,,,,,,,,,0,,,,2.0255907,,,,,,29.9715824,,,,
,44349961.17,29.9923115,1999.5966796875,0.000917885709095886,2.65332987479123E-7,1,0.999253354069792,40.0298881530762,2.00167793222347,20.7599997520447,0.0103983128925644,0.00190250268924891,0.25,6.1686382714077E-6,0.000913538983828227,1.12647559051908E-5,29.9923115,29.9923115,1999.5966796875,1999.5966796875,61.4594504671219,20.7662600872364,6.646428,0,0,0,40,4885,30.1701,1999.5966796875,,,,,,,,,,,,,0,,,,2.0357591,,,,,,29.9923115,,,,
,44349962.78,30.0008259,1999.5966796875,0.000917572143035993,2.95465925442606E-7,1,0.999253354069792,40.0298881530762,2.00169272530728,20.7700002938509,0.01039458093418,0.00190315232840181,0.25,6.28228503839789E-6,0.000913224014355455,1.13741583402701E-5,30.0008259,30.0008259,1999.5966796875,1999.5966796875,61.7689753607373,20.768290934183,6.273368,0,0,0,40,4885,30.1492,1999.5966796875,,,,,,,,,,,,,0,,,,2.0255907,,,,,,30.0008259,,,,
,44349964.355,30.0102272,1999.5966796875,0.000917326995175563,2.85008113464567E-7,1,0.999253354069792,40.0298881530762,2.00166291506955,20.7599997520447,0.0103914554402152,0.00190360833773438,0.25,6.37037421984786E-6,0.000912977285265426,1.14585084768492E-5,30.0102272,30.0102272,1999.5966796875,1999.5966796875,62.1941812751989,20.7670416480634,6.646428,0,0,0,40,4885,30.1283,1999.5966796875,,,,,,,,,,,,,0,,,,2.0255907,,,,,,30.0102272,,,,
,44349965.075,30.0113659,1999.5966796875,0.000916783562879838,2.47365325943573E-7,1,0.999253354069792,40.0298881530762,2.00170389786843,20.7700002938509,0.010386356340981,0.00189762592979496,0.25,5.93590323143461E-6,0.00091243826766395,1.10225490072416E-5,30.0102272,30.0125046,1999.5966796875,1999.5966796875,61.5899824298334,20.7664782114435,6.646428,0,0,0,40,4885,30.12295,1999.5966796875,,,,,,,,,,,,,0,,,,2.0357591,,,,,,30.0113659,,,,
,44349966.24,30.01267625,1999.5966796875,0.0009169780456268,2.47223307246294E-7,1,0.999253354069792,40.0298881530762,2.00171939401086,20.7599997520447,0.010388853614697,0.00189669903839863,0.25,5.82044325838408E-6,0.000912630861320375,1.09072748174271E-5,30.0125046,30.0128479,1999.5966796875,1999.5966796875,61.6720534243527,20.7679558339364,6.646428,0,0,0,40,4885,30.1075,1999.5966796875,,,,,,,,,,,,,0,,,,2.0459275,,,,,,30.01267625,,,,
,44349968.18,30.0121517,1999.5966796875,0.000916667734218509,3.30566046062351E-7,1,0.999253354069792,40.0298881530762,2.00169073484005,20.7700002938509,0.0103844899541285,0.00189997218396236,0.25,6.16709155680634E-6,0.000912318998213224,1.12495913087369E-5,30.0121517,30.0121517,1999.5966796875,1999.5966796875,61.6321903698719,20.7674093325188,7.019488,0,0,0,40,4885,30.0971,1999.5966796875,,,,,,,,,,,,,0,,,,2.0459275,,,,,,30.0121517,,,,
,44349969.7,30.0084114,1999.5966796875,0.000917012859870602,2.74931167554454E-7,1,0.999253354069792,40.0298881530762,2.00169514715903,20.7599997520447,0.0103884761218654,0.00190027519435567,0.25,6.13442652776069E-6,0.00091266109943459,1.12175644476871E-5,30.0084114,30.0084114,1999.5966796875,1999.5966796875,62.0058088020643,20.768945246197,7.019488,0,0,0,40,4885,30.08165,1999.5966796875,,,,,,,,,,,,,0,,,,2.0255907,,,,,,30.0084114,,,,
,44349970.385,30.00722505,1999.5966796875,0.000917075605421898,2.95419977200356E-7,1,0.999253354069792,40.0298881530762,2.0017088090383,20.7599997520447,0.0103898486068769,0.00189697157367902,0.25,5.83215608055249E-6,0.00091272418313595,1.09161172277916E-5,30.0060387,30.0084114,1999.5966796875,1999.5966796875,61.6079598857757,20.7688024168089,6.646428,0,0,0,40,4885,30.07145,1999.5966796875,,,,,,,,,,,,,0,,,,2.0357591,,,,,,30.00722505,,,,
,44349972.5,30.0032272,1999.5966796875,0.000916830466434433,2.51662164767785E-7,1,0.999253354069792,40.0298881530762,2.00170776807494,20.7700002938509,0.0103866541523126,0.00189873181977559,0.25,6.03177075246089E-6,0.000912478001864643,1.11124301415333E-5,30.0032272,30.0032272,1999.5966796875,1999.5966796875,61.7259857921796,20.768521771518,7.019488,0,0,0,40,4885,30.06075,1999.5966796875,,,,,,,,,,,,,0,,,,2.0459275,,,,,,30.0032272,,,,
,44349973.11,30.0017347,1999.5966796875,0.000916840520896895,3.00476612160369E-7,1,0.999253354069792,40.0298881530762,2.00169612540461,20.7700002938509,0.0103868193938125,0.00189808774054811,0.25,5.9747233622944E-6,0.000912487792422257,1.10552193747601E-5,30.0002422,30.0032272,1999.5966796875,1999.5966796875,61.6165577994873,20.7689036076024,7.019488,0,0,0,40,4885,30.0555,1999.5966796875,,,,,,,,,,,,,0,,,,2.0459275,,,,,,30.0017347,,,,
,44349975.285,29.9936829,1999.5966796875,0.000916895661344053,2.55214116344339E-7,1,0.999253354069792,40.0298881530762,2.00167846937244,20.7700002938509,0.0103870704242684,0.00189974421718141,0.25,6.11362123442347E-6,0.00091254087305114,1.11928038079222E-5,29.9936829,29.9936829,1999.5966796875,1999.5966796875,61.3429878177565,20.7650591129234,6.646428,0,0,0,40,4885,30.0451,1999.5966796875,,,,,,,,,,,,,0,,,,2.0255907,,,,,,29.9936829,,,,
,44349975.985,29.9916344,1999.5966796875,0.000916568433422118,2.8303570446512E-7,1,0.999253354069792,40.0298881530762,2.00162238352259,20.7599997520447,0.0103837923229184,0.00189496937961306,0.25,5.75525771099584E-6,0.00091221665869598,1.08338233668459E-5,29.9895859,29.9936829,1999.5966796875,1999.5966796875,61.9190480364296,20.7678027558232,6.646428,0,0,0,40,4885,30.0399,1999.5966796875,,,,,,,,,,,,,0,,,,2.0357591,,,,,,29.9916344,,,,
,44349978,29.9832716,1999.5966796875,0.000916675195437174,2.51444758987136E-7,1,0.999253354069792,40.0298881530762,2.00171290846106,20.7700002938509,0.0103851412429386,0.00189691698705263,0.25,5.90269786393433E-6,0.000912320547525524,1.09797253463702E-5,29.9808731,29.9856701,1999.5966796875,1999.5966796875,61.6540759684104,20.7696410518176,6.646428,0,0,0,40,4885,30.0244,1999.5966796875,,,,,,,,,,,,,0,,,,2.0459275,,,,,,29.9832716,,,,
,44349979.53,29.9764214,1999.5966796875,0.000916958143933572,2.67066223365818E-7,1,0.999253354069792,40.0298881530762,2.0016865311486,20.7700002938509,0.010388260436879,0.00189715958382279,0.25,5.87753044639592E-6,0.000912601271858158,1.09552880850052E-5,29.9764214,29.9764214,1999.5966796875,1999.5966796875,61.6767431954681,20.7659660447698,7.019488,0,0,0,40,4885,30.014,1999.5966796875,,,,,,,,,,,,,0,,,,2.0459275,,,,,,29.9764214,,,,
,44349981.045,29.9717579,1999.5966796875,0.000917426654043162,2.61334526360016E-7,1,0.999253354069792,40.0298881530762,2.00170407976252,20.7599997520447,0.0103930466533903,0.00190153173482569,0.25,6.18029460150133E-6,0.000913064854232258,1.12582778047904E-5,29.9717579,29.9717579,1999.5966796875,1999.5966796875,61.8760584678719,20.7687533977126,7.019488,0,0,0,40,4885,30.0037,1999.5966796875,,,,,,,,,,,,,0,,,,2.0459275,,,,,,29.9717579,,,,
,44349982.625,29.9622917,1999.5966796875,0.000917334202508273,2.54373791759387E-7,1,0.999253354069792,40.0298881530762,2.00167440725894,20.7599997520447,0.0103913367856967,0.00190417608141538,0.25,6.43322734062889E-6,0.000912970419170741,1.15085391356044E-5,29.9622917,29.9622917,1999.5966796875,1999.5966796875,61.8799666104681,20.7676011590927,7.019488,0,0,0,40,4885,29.9933,1999.5966796875,,,,,,,,,,,,,0,,,,2.0255907,,,,,,29.9622917,,,,
,44349983.35,29.95952985,1999.5966796875,0.000917214504797645,2.6270278569783E-7,1,0.999253354069792,40.0298881530762,2.0016176982214,20.7599997520447,0.0103913785278881,0.00189430826787374,0.25,5.58932562177551E-6,0.000912855470347344,1.06674761502393E-5,29.956768,29.9622917,1999.5966796875,1999.5966796875,62.1058572525258,20.7686327768132,6.646428,0,0,0,40,4885,29.98815,1999.5966796875,,,,,,,,,,,,,0,,,,2.0357591,,,,,,29.95952985,,,,
,44349985.36,29.9475117,1999.5966796875,0.000917026932936068,2.17202313421811E-7,1,0.999253354069792,40.0298881530762,2.00163746119599,20.7700002938509,0.0103888687147921,0.00189664923080782,0.25,5.82773130921355E-6,0.00091266700184644,1.0903237254104E-5,29.9475117,29.9475117,1999.5966796875,1999.5966796875,61.7861711881604,20.7686810000173,6.646428,0,0,0,40,4885,29.983,1999.5966796875,,,,,,,,,,,,,0,,,,2.0255907,,,,,,29.9475117,,,,
,44349986,29.94525625,1999.5966796875,0.000917377328328313,2.01779265087559E-7,1,0.999253354069792,40.0298881530762,2.00167011698237,20.7599997520447,0.0103923917013251,0.00190082366396752,0.25,6.13208882785206E-6,0.000913013534860634,1.12076316671634E-5,29.9430008,29.9475117,1999.5966796875,1999.5966796875,61.3382980466411,20.766680651941,7.019488,0,0,0,40,4885,29.97785,1999.5966796875,,,,,,,,,,,,,0,,,,2.0255907,,,,,,29.94525625,,,,
,44349987.15,29.94068815,1999.5966796875,0.000917550051179478,2.29705047203947E-7,1,0.999253354069792,40.0298881530762,2.00169631276385,20.7700002938509,0.0103955003328938,0.00189536368031658,0.25,5.61874665528801E-6,0.000913187813369829,1.06972110692117E-5,29.9383755,29.9430008,1999.5966796875,1999.5966796875,61.4985318930834,20.7654821799749,6.646428,0,0,0,40,4885,29.97285,1999.5966796875,,,,,,,,,,,,,0,,,,2.0255907,,,,,,29.94068815,,,,
,44349989.18,29.9340763,1999.5966796875,0.000918257600404318,2.95911349501788E-7,1,0.999253354069792,40.0298881530762,2.00166968239602,20.7599997520447,0.0104026990257122,0.00190069919326401,0.25,5.96677363448675E-6,0.00091389011212057,1.10475185125266E-5,29.9340763,29.9340763,1999.5966796875,1999.5966796875,61.3961385570642,20.7673696210699,7.019488,0,0,0,40,4885,29.9727,1999.5966796875,,,,,,,,,,,,,0,,,,2.0255907,,,,,,29.9340763,,,,
,44349989.925,29.9306421,1999.5966796875,0.000917888865635641,2.72596178135763E-7,1,0.999253354069792,40.0298881530762,2.00166698372349,20.7700002938509,0.01039781862665,0.00190385487375408,0.25,6.31010467830404E-6,0.000913521244327248,1.13871916194103E-5,29.9272079,29.9340763,1999.5966796875,1999.5966796875,61.5892008013142,20.765857068139,7.019488,0,0,0,40,4885,29.97285,1999.5966796875,,,,,,,,,,,,,0,,,,2.0255907,,,,,,29.9306421,,,,
,44349991.955,29.9249153,1999.5966796875,0.000917783773970648,2.35247059751402E-7,1,0.999253354069792,40.0298881530762,2.00167776360889,20.7599997520447,0.0103972471198647,0.00190050520811662,0.25,6.0312706504762E-6,0.00091341927872659,1.1110029401487E-5,29.9249153,29.9249153,1999.5966796875,1999.5966796875,61.3953569285449,20.7687398198632,6.646428,0,0,0,40,4885,29.983,1999.5966796875,,,,,,,,,,,,,0,,,,2.0255907,,,,,,29.9249153,,,,
,44349992.65,29.92365645,1999.5966796875,0.000917795343543802,2.22652050898101E-7,1,0.999253354069792,40.0298881530762,2.0017302814256,20.7700002938509,0.0103973126694781,0.00190245997440529,0.25,6.19683889263021E-6,0.000913430394386575,1.12753441876968E-5,29.9223976,29.9249153,1999.5966796875,1999.5966796875,61.720514392545,20.7670165757737,7.019488,0,0,0,40,4885,29.988,1999.5966796875,,,,,,,,,,,,,0,,,,2.0357591,,,,,,29.92365645,,,,
,44349993.97,29.9212904,1999.5966796875,0.000917911660936113,3.01491889574767E-7,1,0.999253354069792,40.0298881530762,2.00168677097802,20.7700002938509,0.0103992447919867,0.00189798439338435,0.25,5.78465630438731E-6,0.000913549001728803,1.08662311709349E-5,29.9201832,29.9223976,1999.5966796875,1999.5966796875,61.618902685045,20.7686402177452,7.019488,0,0,0,40,4885,29.99315,1999.5966796875,,,,,,,,,,,,,0,,,,2.0459275,,,,,,29.9212904,,,,
,44349996.155,29.9198265,1999.5966796875,0.000918302995773421,2.4434551887145E-7,1,0.999253354069792,40.0298881530762,2.00160405607346,20.7599997520447,0.0104035990629216,0.00189691654998394,0.25,5.62703781952706E-6,0.000913940464422001,1.07125128706613E-5,29.9198265,29.9198265,1999.5966796875,1999.5966796875,61.700192051045,20.7660054474383,6.646428,0,0,0,40,4885,30.0037,1999.5966796875,,,,,,,,,,,,,0,,,,2.0255907,,,,,,29.9198265,,,,
,44349996.85,29.9200411,1999.5966796875,0.000918394537878993,2.40856693609491E-7,1,0.999253354069792,40.0298881530762,2.00169737620416,20.7700002938509,0.0104039741352904,0.00190361043979274,0.25,6.19313622006664E-6,0.000914028937785863,1.12769151345622E-5,29.9198265,29.9202557,1999.5966796875,1999.5966796875,61.4961870075257,20.7690268800488,6.646428,0,0,0,40,4885,30.0087,1999.5966796875,,,,,,,,,,,,,0,,,,2.0357591,,,,,,29.9200411,,,,
,44349999.04,29.9213581,1999.5966796875,0.000918281506278505,2.92134387184069E-7,1,0.999253354069792,40.0298881530762,2.00171887495388,20.7599997520447,0.0104034052547494,0.00189999442299867,0.25,5.89189425487712E-6,0.000913918670717313,1.09769704579332E-5,29.9213581,29.9213581,1999.5966796875,1999.5966796875,62.2559299282181,20.767339267653,7.019488,0,0,0,40,4885,30.01415,1999.5966796875,,,,,,,,,,,,,0,,,,2.0459275,,,,,,29.9213581,,,,
,44350000.585,29.9252548,1999.5966796875,0.000918266706887661,2.70657702260496E-7,1,0.999253354069792,40.0298881530762,2.00171825301717,20.7599997520447,0.0104032175442966,0.00190012905586329,0.25,5.90528445908899E-6,0.000913904901239298,1.09911670170738E-5,29.9252548,29.9252548,1999.5966796875,1999.5966796875,61.6728350528719,20.7677638595789,7.019488,0,0,0,40,4885,30.0244,1999.5966796875,,,,,,,,,,,,,0,,,,2.0459275,,,,,,29.9252548,,,,
,44350001.29,29.9264574,1999.5966796875,0.000918438402533279,2.76235188653478E-7,1,0.999253354069792,40.0298881530762,2.00168805847227,20.7599997520447,0.0104054202982467,0.00189817854643951,0.25,5.70494206790815E-6,0.000914077412825633,1.07931898397527E-5,29.9252548,29.92766,1999.5966796875,1999.5966796875,61.4688300093527,20.7686700339219,7.019488,0,0,0,40,4885,30.0294,1999.5966796875,,,,,,,,,,,,,0,,,,2.0357591,,,,,,29.9264574,,,,
,44350002.535,29.92899035,1999.5966796875,0.000918464164902241,3.17275649718574E-7,1,0.999253354069792,40.0298881530762,2.00166810996975,20.7599997520447,0.0104050003448162,0.00190173158476871,0.25,6.01469636399488E-6,0.000914101845695113,1.11021063300726E-5,29.92766,29.9303207,1999.5966796875,1999.5966796875,61.270296365468,20.7691274418563,6.646428,0,0,0,40,4885,30.03455,1999.5966796875,,,,,,,,,,,,,0,,,,2.0255907,,,,,,29.92899035,,,,
,44350004.695,29.93447785,1999.5966796875,0.000918230907178447,3.44113266555055E-7,1,0.999253354069792,40.0298881530762,2.00166028432502,20.7599997520447,0.0104027224662374,0.00189902087947384,0.25,5.81620622123329E-6,0.000913871851167604,1.090423330807E-5,29.9333611,29.9355946,1999.5966796875,1999.5966796875,61.6360985124681,20.7664388649704,6.646428,0,0,0,40,4885,30.0451,1999.5966796875,,,,,,,,,,,,,0,,,,2.0255907,,,,,,29.93447785,,,,
,44350005.305,29.93741325,1999.5966796875,0.000918218970800129,3.2190242858416E-7,1,0.999253354069792,40.0298881530762,2.00170900164213,20.7599997520447,0.0104019128467346,0.00190424037455923,0.25,6.27462144347625E-6,0.000913857399014029,1.13604217792577E-5,29.9355946,29.9392319,1999.5966796875,1999.5966796875,61.6728350528719,20.7671617923378,6.646428,0,0,0,40,4885,30.0451,1999.5966796875,,,,,,,,,,,,,0,,,,2.0357591,,,,,,29.93741325,,,,
,44350007.28,29.9422569,1999.5966796875,0.000917995864366944,2.74975922817578E-7,1,0.999253354069792,40.0298881530762,2.00171964171279,20.7599997520447,0.0104006500728589,0.00189696890694554,0.25,5.67082694477745E-6,0.000913639713891984,1.07591593877276E-5,29.9422569,29.9422569,1999.5966796875,1999.5966796875,61.3140675625449,20.7661942046578,6.646428,0,0,0,40,4885,30.0551,1999.5966796875,,,,,,,,,,,,,0,,,,2.0255907,,,,,,29.9422569,,,,
,44350008.775,29.94636345,1999.5966796875,0.000917907242025751,2.68398438913263E-7,1,0.999253354069792,40.0298881530762,2.0017341747981,20.7599997520447,0.0103989406813529,0.00190121292610858,0.25,6.05945527536299E-6,0.000913549318147138,1.11454628316202E-5,29.9448814,29.9478455,1999.5966796875,1999.5966796875,62.1050756240066,20.7684267156657,7.019488,0,0,0,40,4885,30.0551,1999.5966796875,,,,,,,,,,,,,0,,,,2.0255907,,,,,,29.94636345,,,,
,44350010.36,29.9499531,1999.5966796875,0.000918093567640324,3.18402113509747E-7,1,0.999253354069792,40.0298881530762,2.00173834716737,20.7599997520447,0.0104009071222992,0.00190254112125566,0.25,6.14339973642472E-6,0.000913734307095264,1.12300777049773E-5,29.9499531,29.9499531,1999.5966796875,1999.5966796875,61.8471382126604,20.7705217266866,6.646428,0,0,0,40,4885,30.0554,1999.5966796875,,,,,,,,,,,,,0,,,,2.0459275,,,,,,29.9499531,,,,
,44350011.025,29.9511299,1999.5966796875,0.000918090742669506,3.1569508039713E-7,1,0.999253354069792,40.0298881530762,2.0017405231992,20.7599997520447,0.0104016622332178,0.00189812603315618,0.25,5.75446190671493E-6,0.000913733655294096,1.08429562877102E-5,29.9499531,29.9523067,1999.5966796875,1999.5966796875,61.6978471654873,20.7680494439489,7.019488,0,0,0,40,4885,30.0554,1999.5966796875,,,,,,,,,,,,,0,,,,2.0459275,,,,,,29.9511299,,,,
,44350012.23,29.9530916,1999.5966796875,0.000917995180273576,2.27982988534578E-7,1,0.999253354069792,40.0298881530762,2.00173745634246,20.7700002938509,0.0104002264538759,0.0018998446945225,0.25,5.92305714773154E-6,0.000913637591499622,1.10102246748056E-5,29.9523067,29.9538765,1999.5966796875,1999.5966796875,61.8236893570835,20.767962308399,7.019488,0,0,0,40,4885,30.0554,1999.5966796875,,,,,,,,,,,,,0,,,,2.0459275,,,,,,29.9530916,,,,
,44350014.485,29.95681,1999.5966796875,0.000917803089860114,2.54044328933273E-7,1,0.999253354069792,40.0298881530762,2.00167773523807,20.7700002938509,0.0103977658458899,0.00189925713483635,0.25,5.91097315784425E-6,0.000913445383281916,1.09961686855011E-5,29.95681,29.95681,1999.5966796875,1999.5966796875,61.6095231428142,20.7677657489422,6.646428,0,0,0,40,4885,30.0451,1999.5966796875,,,,,,,,,,,,,0,,,,2.0357591,,,,,,29.95681,,,,
,44350015.245,29.95729255,1999.5966796875,0.000917665482066632,2.46597748540764E-7,1,0.999253354069792,40.0298881530762,2.00169551222146,20.7599997520447,0.0103965293509284,0.00189765577342858,0.25,5.79258856618067E-6,0.00091330908043305,1.08775752896565E-5,29.95681,29.9577751,1999.5966796875,1999.5966796875,61.6853411091796,20.7662590397462,7.019488,0,0,0,40,4885,30.0451,1999.5966796875,,,,,,,,,,,,,0,,,,2.0357591,,,,,,29.95729255,,,,
,44350016.47,29.95804405,1999.5966796875,0.000917580384518749,2.75812196879519E-7,1,0.999253354069792,40.0298881530762,2.00166254956051,20.7599997520447,0.0103941953911657,0.001904306234834,0.25,6.39656172506237E-6,0.000913221014499413,1.14782283327282E-5,29.9577751,29.958313,1999.5966796875,1999.5966796875,61.1741560576026,20.7646753762331,6.646428,0,0,0,40,4885,30.0451,1999.5966796875,,,,,,,,,,,,,0,,,,2.0357591,,,,,,29.95804405,,,,
,44350017.65,29.95846365,1999.5966796875,0.000917683062406513,2.73206614324743E-7,1,0.999253354069792,40.0298881530762,2.00172843910624,20.7599997520447,0.0103961453869659,0.00190192469670302,0.25,6.1638148195092E-6,0.000913323980070866,1.12466804361465E-5,29.958313,29.9586143,1999.5966796875,1999.5966796875,61.7470897621988,20.7681477692855,7.019488,0,0,0,40,4885,30.04005,1999.5966796875,,,,,,,,,,,,,0,,,,2.0255907,,,,,,29.95846365,,,,
,44350019.62,29.9588718,1999.5966796875,0.000917481157495226,2.74028321988754E-7,1,0.999253354069792,40.0298881530762,2.00166378493153,20.7599997520447,0.0103939144651406,0.00189927570531086,0.25,5.97151152773271E-6,0.000913123573149908,1.10536893429463E-5,29.9588718,29.9588718,1999.5966796875,1999.5966796875,61.9667273761027,20.7651728712206,6.646428,0,0,0,40,4885,30.035,1999.5966796875,,,,,,,,,,,,,0,,,,2.0357591,,,,,,29.9588718,,,,
,44350020.235,29.958456,1999.5966796875,0.000917738067976649,2.57810187113377E-7,1,0.999253354069792,40.0298881530762,2.00169421312279,20.7599997520447,0.010397450631221,0.00189713448473828,0.25,5.73509580244264E-6,0.000913380576634558,1.08198049761957E-5,29.9580402,29.9588718,1999.5966796875,1999.5966796875,61.9315540927373,20.7657567675052,6.646428,0,0,0,40,4885,30.03485,1999.5966796875,,,,,,,,,,,,,0,,,,2.0357591,,,,,,29.958456,,,,
,44350022.195,29.9573784,1999.5966796875,0.00091780028924541,3.09510468331651E-7,1,0.999253354069792,40.0298881530762,2.00163040688215,20.7599997520447,0.0103972834992959,0.00190036609865839,0.25,6.01417303147574E-6,0.000913440941369524,1.10978995449178E-5,29.9573784,29.9573784,1999.5966796875,1999.5966796875,61.7502162762758,20.7677539809592,6.646428,0,0,0,40,4885,30.0347,1999.5966796875,,,,,,,,,,,,,0,,,,2.0255907,,,,,,29.9573784,,,,
,44350022.905,29.9570589,1999.5966796875,0.000917876711647911,3.15450700347592E-7,1,0.999253354069792,40.0298881530762,2.00168866823791,20.7700002938509,0.0103984223134349,0.00190066334869533,0.25,6.02228506184903E-6,0.000913516960370653,1.11063990316906E-5,29.9567394,29.9573784,1999.5966796875,1999.5966796875,62.0120618302181,20.7676671457477,7.019488,0,0,0,40,4885,30.0347,1999.5966796875,,,,,,,,,,,,,0,,,,2.0357591,,,,,,29.9570589,,,,
,44350025.32,29.9552555,1999.5966796875,0.000917441966545976,2.95896937886823E-7,1,0.999253354069792,40.0298881530762,2.00178691418095,20.7599997520447,0.0103938580326634,0.00190056057077382,0.25,6.08194247450784E-6,0.000913083912230601,1.11633260260407E-5,29.9552555,29.9552555,1999.5966796875,1999.5966796875,62.0386371998719,20.7666336183858,6.646428,0,0,0,40,4885,30.0344,1999.5966796875,,,,,,,,,,,,,0,,,,2.0459275,,,,,,29.9552555,,,,
,44350026.95,29.9541855,1999.5966796875,0.000917660342880851,2.40642934991697E-7,1,0.999253354069792,40.0298881530762,2.00169026834638,20.7599997520447,0.0103959596231133,0.00190025682783559,0.25,6.02553987324629E-6,0.000913300546758291,1.1107476567461E-5,29.9541855,29.9541855,1999.5966796875,1999.5966796875,61.832287270795,20.7656225925136,7.019488,0,0,0,40,4885,30.0244,1999.5966796875,,,,,,,,,,,,,0,,,,2.0459275,,,,,,29.9541855,,,,
,44350028.465,29.9528694,1999.5966796875,0.000917501706242733,2.55601463448221E-7,1,0.999253354069792,40.0298881530762,2.00170745948666,20.7599997520447,0.0103943382467051,0.00189942872431386,0.25,5.97907743088693E-6,0.000913142924905042,1.10603498386556E-5,29.9528694,29.9528694,1999.5966796875,1999.5966796875,62.0245678865258,20.7690469737077,6.646428,0,0,0,40,4885,30.0244,1999.5966796875,,,,,,,,,,,,,0,,,,2.0255907,,,,,,29.9528694,,,,
,44350029.135,29.95212365,1999.5966796875,0.000917665535109251,2.60010324199381E-7,1,0.999253354069792,40.0298881530762,2.00174431594103,20.7599997520447,0.0103969510868668,0.00189653731528383,0.25,5.69237880301082E-6,0.000913307582630133,1.0775915225788E-5,29.9513779,29.9528694,1999.5966796875,1999.5966796875,61.168684657968,20.7683549528018,7.019488,0,0,0,40,4885,30.0244,1999.5966796875,,,,,,,,,,,,,0,,,,2.0357591,,,,,,29.95212365,,,,
,44350031.37,29.9507751,1999.5966796875,0.000917685483576783,2.69590194503422E-7,1,0.999253354069792,40.0298881530762,2.00161053739459,20.7599997520447,0.0103962388654141,0.00189802926295803,0.25,5.83105749796727E-6,0.000913326673129573,1.09140513230391E-5,29.9507751,29.9507751,1999.5966796875,1999.5966796875,62.3294030090258,20.7699495199654,6.646428,0,0,0,40,4885,30.0244,1999.5966796875,,,,,,,,,,,,,0,,,,2.0255907,,,,,,29.9507751,,,,
,44350032.015,29.9507055,1999.5966796875,0.000918121487816985,2.48427943080948E-7,1,0.999253354069792,40.0298881530762,2.00167742502691,20.7700002938509,0.0104014957154058,0.00189906848945659,0.25,5.84061824778279E-6,0.000913760569059759,1.09259950617288E-5,29.9506359,29.9507751,1999.5966796875,1999.5966796875,61.2914003354873,20.7662218005676,6.646428,0,0,0,40,4885,30.0244,1999.5966796875,,,,,,,,,,,,,0,,,,2.0357591,,,,,,29.9507055,,,,
,44350033.18,29.95040035,1999.5966796875,0.000917889729863358,2.79896194584278E-7,1,0.999253354069792,40.0298881530762,2.00171500175533,20.7599997520447,0.0103982498852097,0.00190320319886843,0.25,6.24296457878512E-6,0.000913527664978828,1.13251539610726E-5,29.9501648,29.9506359,1999.5966796875,1999.5966796875,61.8330688993142,20.7676531794754,7.019488,0,0,0,40,4885,30.0244,1999.5966796875,,,,,,,,,,,,,0,,,,2.0357591,,,,,,29.95040035,,,,
,44350034.43,29.95013335,1999.5966796875,0.000917843390484295,2.82338713544365E-7,1,0.999253354069792,40.0298881530762,2.00172930108936,20.7599997520447,0.0103982817004834,0.00190035880067144,0.25,5.99919628420126E-6,0.000913482903235336,1.1082276848998E-5,29.9501019,29.9501648,1999.5966796875,1999.5966796875,61.9487499201604,20.7670965518939,6.646428,0,0,0,40,4885,30.0244,1999.5966796875,,,,,,,,,,,,,0,,,,2.0357591,,,,,,29.95013335,,,,
,44350035.77,29.9502697,1999.5966796875,0.000917955169807046,2.35712051262694E-7,1,0.999253354069792,40.0298881530762,2.0016598025972,20.7700002938509,0.010399052001003,0.00190142667715749,0.25,6.0786612938616E-6,0.000913594228873801,1.11624543621526E-5,29.9501019,29.9504375,1999.5966796875,1999.5966796875,61.3562755025834,20.7668163276669,7.019488,0,0,0,40,4885,30.0294,1999.5966796875,,,,,,,,,,,,,0,,,,2.0357591,,,,,,29.9502697,,,,
,44350038.005,29.9508209,1999.5966796875,0.000918135857346133,2.15909806536242E-7,1,0.999253354069792,40.0298881530762,2.00167327438826,20.7599997520447,0.0104012530204955,0.00190135292210219,0.25,6.03869198220462E-6,0.000913774831964006,1.11241725133521E-5,29.9508209,29.9508209,1999.5966796875,1999.5966796875,61.524325634218,20.7687666556466,6.646428,0,0,0,40,4885,30.0347,1999.5966796875,,,,,,,,,,,,,0,,,,2.0459275,,,,,,29.9508209,,,,
,44350039.455,29.9512444,1999.5966796875,0.00091775815143803,3.04078923075646E-7,1,0.999253354069792,40.0298881530762,2.00174221601761,20.7599997520447,0.0103970656382977,0.00190205045666553,0.25,6.16117377155248E-6,0.000913398221432695,1.12439731935786E-5,29.9512444,29.9512444,1999.5966796875,1999.5966796875,62.0550513987758,20.7681387216241,6.646428,0,0,0,40,4885,30.0347,1999.5966796875,,,,,,,,,,,,,0,,,,2.0459275,,,,,,29.9512444,,,,
,44350041.145,29.95261,1999.5966796875,0.000918191505364732,2.90137562080327E-7,1,0.999253354069792,40.0298881530762,2.00168588796274,20.7599997520447,0.0104029696829642,0.00189573221772899,0.25,5.53119826163812E-6,0.000913834079226105,1.06203195759547E-5,29.95261,29.95261,1999.5966796875,1999.5966796875,61.9096684941989,20.7668798768082,6.646428,0,0,0,40,4885,30.0448,1999.5966796875,,,,,,,,,,,,,0,,,,2.0255907,,,,,,29.95261,,,,
,44350042.8,29.9535465,1999.5966796875,0.000918011106865505,2.52261207264799E-7,1,0.999253354069792,40.0298881530762,2.0016973237873,20.7700002938509,0.0104000700714136,0.00190055499718526,0.25,5.98722559580978E-6,0.000913652015539219,1.10732209154072E-5,29.9535465,29.9535465,1999.5966796875,1999.5966796875,61.6478229402565,20.7670020777337,6.646428,0,0,0,40,4885,30.0451,1999.5966796875,,,,,,,,,,,,,0,,,,2.0459275,,,,,,29.9535465,,,,
,44350044.41,29.9558697,1999.5966796875,0.000917853400625511,2.39254383668167E-7,1,0.999253354069792,40.0298881530762,2.00173199842714,20.7700002938509,0.0103989700181064,0.00189733269930882,0.25,5.72812210210817E-6,0.00091349648146807,1.0814459590144E-5,29.9558697,29.9558697,1999.5966796875,1999.5966796875,61.7377102199681,20.7673482658403,6.646428,0,0,0,40,4885,30.0451,1999.5966796875,,,,,,,,,,,,,0,,,,2.0255907,,,,,,29.9558697,,,,
,44350046,29.9568157,1999.5966796875,0.000917640118352589,2.68749016799355E-7,1,0.999253354069792,40.0298881530762,2.00172695085681,20.7700002938509,0.0103961030312537,0.00189930489718755,0.25,5.93994831939223E-6,0.000913283018256912,1.10240994043507E-5,29.9568157,29.9568157,1999.5966796875,1999.5966796875,61.4141160130065,20.7665053409393,6.646428,0,0,0,40,4885,30.0451,1999.5966796875,,,,,,,,,,,,,0,,,,2.0459275,,,,,,29.9568157,,,,
,44350047.68,29.95865345,1999.5966796875,0.000917948716568797,2.57504160003856E-7,1,0.999253354069792,40.0298881530762,2.00174309494886,20.7700002938509,0.0103992791987958,0.00190229877588183,0.25,6.14719324414902E-6,0.000913590032196333,1.12330176340031E-5,29.9580917,29.9592152,1999.5966796875,1999.5966796875,62.211377102622,20.7660783238714,6.646428,0,0,0,40,4885,30.0551,1999.5966796875,,,,,,,,,,,,,0,,,,2.0459275,,,,,,29.95865345,,,,
,44350049.335,29.9602795,1999.5966796875,0.000917696221745988,2.89105410018185E-7,1,0.999253354069792,40.0298881530762,2.00176134451117,20.7700002938509,0.0103960986166606,0.00190412287164831,0.25,6.35100398871079E-6,0.00091333758115584,1.14344612113622E-5,29.9602795,29.9602795,1999.5966796875,1999.5966796875,61.8088384152181,20.7669458104981,7.019488,0,0,0,40,4885,30.0551,1999.5966796875,,,,,,,,,,,,,0,,,,2.0255907,,,,,,29.9602795,,,,
,44350050.04,29.9610386,1999.5966796875,0.000917730992759719,2.57559075389564E-7,1,0.999253354069792,40.0298881530762,2.00163866394846,20.7599997520447,0.0103964099404811,0.00190110630859758,0.25,6.08869425512741E-6,0.000913373660779851,1.11735948630199E-5,29.9602795,29.9617977,1999.5966796875,1999.5966796875,62.0722472261989,20.7672994095764,6.646428,0,0,0,40,4885,30.05525,1999.5966796875,,,,,,,,,,,,,0,,,,2.0255907,,,,,,29.9610386,,,,
,44350051.3,29.96283055,1999.5966796875,0.000917661906558917,2.60924599872959E-7,1,0.999253354069792,40.0298881530762,2.00168645382068,20.7599997520447,0.0103962235699904,0.0018989609932502,0.25,5.90789539919221E-6,0.000913305896334629,1.09932626644486E-5,29.9617977,29.9638634,1999.5966796875,1999.5966796875,61.9815783179681,20.7672112964124,7.019488,0,0,0,40,4885,30.05525,1999.5966796875,,,,,,,,,,,,,0,,,,2.0357591,,,,,,29.96283055,,,,
,44350053.42,29.9650021,1999.5966796875,0.000917348122706047,2.57701504995265E-7,1,0.999253354069792,40.0298881530762,2.00178358294794,20.7700002938509,0.0103940453610657,0.00189330569197683,0.25,5.45679361069351E-6,0.000912996090778041,1.05425374549873E-5,29.9650021,29.9650021,1999.5966796875,1999.5966796875,61.8127465578142,20.7653524446346,6.646428,0,0,0,40,4885,30.05525,1999.5966796875,,,,,,,,,,,,,0,,,,2.0459275,,,,,,29.9650021,,,,
,44350054.89,29.9658298,1999.5966796875,0.000917982236028237,2.92332185818574E-7,1,0.999253354069792,40.0298881530762,2.00170407307843,20.7599997520447,0.0103993580304187,0.00190294468759473,0.25,6.20133061675037E-6,0.000913623078651594,1.1287114122882E-5,29.9658298,29.9658298,1999.5966796875,1999.5966796875,62.147283564045,20.7653943055771,7.019488,0,0,0,40,4885,30.0554,1999.5966796875,,,,,,,,,,,,,0,,,,2.0357591,,,,,,29.9658298,,,,
,44350055.6,29.9665098,1999.5966796875,0.000917613481052202,3.0146393784325E-7,1,0.999253354069792,40.0298881530762,2.00168925984626,20.7700002938509,0.0103953287970659,0.00190090834406346,0.25,6.08787817751465E-6,0.000913256688814233,1.11721414020671E-5,29.9658298,29.9671898,1999.5966796875,1999.5966796875,61.4539790674873,20.7671151511172,6.646428,0,0,0,40,4885,30.0554,1999.5966796875,,,,,,,,,,,,,0,,,,2.0357591,,,,,,29.9665098,,,,
,44350057.89,29.9677486,1999.5966796875,0.000917407396929518,3.1093257602118E-7,1,0.999253354069792,40.0298881530762,2.00173758436816,20.7700002938509,0.0103937527161843,0.00189757032970978,0.25,5.8260319443126E-6,0.000913052995792519,1.09103524252556E-5,29.9677486,29.9677486,1999.5966796875,1999.5966796875,61.6345352554296,20.7682510338336,6.646428,0,0,0,40,4885,30.0551,1999.5966796875,,,,,,,,,,,,,0,,,,2.0459275,,,,,,29.9677486,,,,
,44350059.525,29.96829125,1999.5966796875,0.000917709053963186,3.10879053425634E-7,1,0.999253354069792,40.0298881530762,2.00179527330029,20.7700002938509,0.0103969349134893,0.00190120594632828,0.25,6.08885963120846E-6,0.000913351779416435,1.11736366668544E-5,29.9681625,29.96842,1999.5966796875,1999.5966796875,61.8463565841412,20.7667545410037,6.646428,0,0,0,40,4885,30.05525,1999.5966796875,,,,,,,,,,,,,0,,,,2.056198,,,,,,29.96829125,,,,
,44350061.225,29.9691906,1999.5966796875,0.000917372749752091,2.4478733407336E-7,1,0.999253354069792,40.0298881530762,2.00174347655537,20.7700002938509,0.0103933115705363,0.00189794717789121,0.25,5.86485491918751E-6,0.000913018317654696,1.09488272502829E-5,29.9691906,29.9691906,1999.5966796875,1999.5966796875,62.0198781154104,20.7674736517,7.019488,0,0,0,40,4885,30.0554,1999.5966796875,,,,,,,,,,,,,0,,,,2.0459275,,,,,,29.9691906,,,,
,44350061.915,29.96935845,1999.5966796875,0.000917680821262367,2.72258545102747E-7,1,0.999253354069792,40.0298881530762,2.00172605365941,20.7599997520447,0.0103962090644134,0.00190144692994925,0.25,6.12058030315506E-6,0.000913323511893088,1.1205064471086E-5,29.9691906,29.9695263,1999.5966796875,1999.5966796875,62.1933996466797,20.7654367355781,7.019488,0,0,0,40,4885,30.0554,1999.5966796875,,,,,,,,,,,,,0,,,,2.0459275,,,,,,29.96935845,,,,
,44350063.175,29.9696417,1999.5966796875,0.000917499316711373,2.55074257103631E-7,1,0.999253354069792,40.0298881530762,2.00178729675277,20.7700002938509,0.0103950874508477,0.00189753687080771,0.25,5.80291489661951E-6,0.000913144630686833,1.08878842256758E-5,29.9695263,29.9697571,1999.5966796875,1999.5966796875,61.994866002795,20.7686255480738,6.646428,0,0,0,40,4885,30.0554,1999.5966796875,,,,,,,,,,,,,0,,,,2.056198,,,,,,29.9696417,,,,
,44350065.275,29.9699383,1999.5966796875,0.000917248298739167,2.65233621926289E-7,1,0.999253354069792,40.0298881530762,2.00171247785188,20.7599997520447,0.0103916589367527,0.00189816732814795,0.25,5.90867224989226E-6,0.000912894173068919,1.099171675546E-5,29.9698296,29.970047,1999.5966796875,1999.5966796875,62.0597411698912,20.7666350595521,7.019488,0,0,0,40,4885,30.0551,1999.5966796875,,,,,,,,,,,,,0,,,,2.0357591,,,,,,29.9699383,,,,
,44350067.1,29.9700069,1999.5966796875,0.000917515809980073,2.5963654340657E-7,1,0.999253354069792,40.0298881530762,2.00167774422907,20.7599997520447,0.0103945965209893,0.00189824251702349,0.25,5.87098164212088E-6,0.000913160633636299,1.09556942696955E-5,29.969902,29.9701118,1999.5966796875,1999.5966796875,61.3336082755257,20.7679973850828,6.646428,0,0,0,40,4885,30.0551,1999.5966796875,,,,,,,,,,,,,0,,,,2.0459275,,,,,,29.9700069,,,,
,44350068.18,29.9702787,1999.5966796875,0.000917329874344464,2.76407427064471E-7,1,0.999253354069792,40.0298881530762,2.00173205430962,20.7700002938509,0.0103920775631995,0.0019017758660193,0.25,6.21090888814289E-6,0.000912973678202256,1.12929840525112E-5,29.9701118,29.9704456,1999.5966796875,1999.5966796875,61.7744467603719,20.7666980962639,6.646428,0,0,0,40,4885,30.0551,1999.5966796875,,,,,,,,,,,,,0,,,,2.0459275,,,,,,29.9702787,,,,
,44350070.52,29.9710732,1999.5966796875,0.00091771973378187,2.72255539233678E-7,1,0.999253354069792,40.0298881530762,2.00167400229913,20.7599997520447,0.0103960942065014,0.00190317304768886,0.25,6.27009205379558E-6,0.00091336138183405,1.13540745927093E-5,29.9710732,29.9710732,1999.5966796875,1999.5966796875,61.9299908356989,20.7657516962141,7.019488,0,0,0,40,4885,30.05525,1999.5966796875,,,,,,,,,,,,,0,,,,2.0459275,,,,,,29.9710732,,,,
,44350071.19,29.9710503,1999.5966796875,0.000917266188197524,2.19852983083693E-7,1,0.999253354069792,40.0298881530762,2.00168045933355,20.7599997520447,0.0103910159485923,0.00190208011242038,0.25,6.2530604706486E-6,0.000912910052430653,1.13345821399404E-5,29.9710274,29.9710732,1999.5966796875,1999.5966796875,61.6329719983911,20.7674132131649,7.019488,0,0,0,40,4885,30.0551,1999.5966796875,,,,,,,,,,,,,0,,,,2.0357591,,,,,,29.9710503,,,,
,44350073.205,29.9710484,1999.5966796875,0.00091743723228179,2.26677290867884E-7,1,0.999253354069792,40.0298881530762,2.0017276004879,20.7599997520447,0.0103939864665088,0.00189793459869582,0.25,5.85367875890813E-6,0.000913082531612824,1.09380489453681E-5,29.9710484,29.9710484,1999.5966796875,1999.5966796875,61.7541244188719,20.7654765101994,6.646428,0,0,0,40,4885,30.05525,1999.5966796875,,,,,,,,,,,,,0,,,,2.0664685,,,,,,29.9710484,,,,
,44350074.73,29.97099495,1999.5966796875,0.000917294338183251,2.26759304503545E-7,1,0.999253354069792,40.0298881530762,2.0018080580886,20.7599997520447,0.0103926095033275,0.00189859614254937,0.25,5.93076575728673E-6,0.000912939865960168,1.10139626305892E-5,29.9709396,29.9710503,1999.5966796875,1999.5966796875,61.4617953526796,20.7682487546146,7.019488,0,0,0,40,4885,30.0551,1999.5966796875,,,,,,,,,,,,,0,,,,2.0664685,,,,,,29.97099495,,,,
,44350076.48,29.9708939,1999.5966796875,0.00091701712653232,2.5917654631702E-7,1,0.999253354069792,40.0298881530762,2.00171812094107,20.7599997520447,0.0103891055461182,0.00189744469146375,0.25,5.88575663134232E-6,0.000912663694032037,1.09671560713665E-5,29.9708939,29.9708939,1999.5966796875,1999.5966796875,61.9385887494104,20.76586768277,6.646428,0,0,0,40,4885,30.0501,1999.5966796875,,,,,,,,,,,,,0,,,,2.0459275,,,,,,29.9708939,,,,
,44350077.975,29.9710007,1999.5966796875,0.000917551641713856,1.96889053412567E-7,1,0.999253354069792,40.0298881530762,2.00172168327619,20.7599997520447,0.0103949385213639,0.00189988432924293,0.25,6.00704412939157E-6,0.000913194496748146,1.10903850835546E-5,29.9710007,29.9710007,1999.5966796875,1999.5966796875,61.7056634506796,20.7711788711249,6.646428,0,0,0,40,4885,30.0451,1999.5966796875,,,,,,,,,,,,,0,,,,2.056198,,,,,,29.9710007,,,,
,44350079.68,29.9713478,1999.5966796875,0.000917541551657192,2.83300100620602E-7,1,0.999253354069792,40.0298881530762,2.00163363265922,20.7599997520447,0.0103949599427857,0.00189653856967056,0.25,5.72083876802723E-6,0.000913186046523903,1.08054721401116E-5,29.9713478,29.9713478,1999.5966796875,1999.5966796875,62.1457203070066,20.764398023379,6.646428,0,0,0,40,4885,30.0451,1999.5966796875,,,,,,,,,,,,,0,,,,2.0255907,,,,,,29.9713478,,,,
,44350080.43,29.97146415,1999.5966796875,0.000917426939518307,2.80915557841154E-7,1,0.999253354069792,40.0298881530762,2.00172756344996,20.7599997520447,0.0103937347373492,0.0018986439362018,0.25,5.91860713140327E-6,0.000913071389569879,1.10021350092246E-5,29.9713478,29.9715805,1999.5966796875,1999.5966796875,62.0839716539873,20.7643091722846,6.646428,0,0,0,40,4885,30.0501,1999.5966796875,,,,,,,,,,,,,0,,,,2.0255907,,,,,,29.97146415,,,,
,44350082.495,29.9720211,1999.5966796875,0.000917480894865106,2.33049247429514E-7,1,0.999253354069792,40.0298881530762,2.00177175390399,20.7599997520447,0.0103938855968407,0.0019026873648166,0.25,6.26152477754571E-6,0.000913123694416618,1.13442028354008E-5,29.9720211,29.9720211,1999.5966796875,1999.5966796875,61.5563724035065,20.7646615984731,6.646428,0,0,0,40,4885,30.0551,1999.5966796875,,,,,,,,,,,,,0,,,,2.056198,,,,,,29.9720211,,,,
,44350084.14,29.9727879,1999.5966796875,0.000917318864727589,2.61311126543041E-7,1,0.999253354069792,40.0298881530762,2.00173776498971,20.7599997520447,0.0103928063336221,0.00189703485869627,0.25,5.79493511457204E-6,0.000912964520342207,1.08784574027096E-5,29.9727879,29.9727879,1999.5966796875,1999.5966796875,61.5126012064296,20.7663496507465,6.646428,0,0,0,40,4885,30.05025,1999.5966796875,,,,,,,,,,,,,0,,,,2.0664685,,,,,,29.9727879,,,,
,44350085.805,29.97326275,1999.5966796875,0.000917339565423868,2.216762614906E-7,1,0.999253354069792,40.0298881530762,2.00167835270219,20.7599997520447,0.0103919629471859,0.00190151466198626,0.25,6.19042702877216E-6,0.00091298345030895,1.12726803710694E-5,29.9730949,29.9734306,1999.5966796875,1999.5966796875,61.341424560718,20.7669269978941,6.646428,0,0,0,40,4885,30.0554,1999.5966796875,,,,,,,,,,,,,0,,,,2.0459275,,,,,,29.97326275,,,,
,44350087.485,29.9737072,1999.5966796875,0.000917721586534492,2.41342788117575E-7,1,0.999253354069792,40.0298881530762,2.00166929341627,20.7599997520447,0.0103974220018982,0.00189561579239727,0.25,5.60380894833415E-6,0.000913366937581252,1.06909544606196E-5,29.9737072,29.9737072,1999.5966796875,1999.5966796875,61.4250588122757,20.7670034343771,7.019488,0,0,0,40,4885,30.0554,1999.5966796875,,,,,,,,,,,,,0,,,,2.0459275,,,,,,29.9737072,,,,
,44350088.175,29.9740219,1999.5966796875,0.000917280760486644,3.23894229047047E-7,1,0.999253354069792,40.0298881530762,2.00168410625939,20.7700002938509,0.0103912673112907,0.00190172670534319,0.25,6.21901505615627E-6,0.000912924758402117,1.13008059997079E-5,29.9737072,29.9743366,1999.5966796875,1999.5966796875,61.8447933271027,20.7658792357653,6.646428,0,0,0,40,4885,30.0554,1999.5966796875,,,,,,,,,,,,,0,,,,2.0459275,,,,,,29.9740219,,,,
,44350089.37,29.97450925,1999.5966796875,0.000917510908804602,2.83277517002072E-7,1,0.999253354069792,40.0298881530762,2.00171453969535,20.7599997520447,0.0103940597860284,0.00190203255579304,0.25,6.20306136481641E-6,0.000913153892813398,1.12861958547487E-5,29.9743366,29.9746819,1999.5966796875,1999.5966796875,62.0042455450258,20.7679647345448,6.646428,0,0,0,40,4885,30.05525,1999.5966796875,,,,,,,,,,,,,0,,,,2.056198,,,,,,29.97450925,,,,
,44350091.645,29.9752808,1999.5966796875,0.000917220163720179,2.40787780274533E-7,1,0.999253354069792,40.0298881530762,2.00179208098933,20.7599997520447,0.0103914129981262,0.00190000308205704,0.25,6.06910715382877E-6,0.000912865274587164,1.11512665794364E-5,29.9752808,29.9752808,1999.5966796875,1999.5966796875,61.8307240137565,20.7690443590944,6.646428,0,0,0,40,4885,30.0554,1999.5966796875,,,,,,,,,,,,,0,,,,2.0664685,,,,,,29.9752808,,,,
,44350092.41,29.97551445,1999.5966796875,0.00091747593362518,2.07153537351369E-7,1,0.999253354069792,40.0298881530762,2.00178400472406,20.7599997520447,0.0103951294559949,0.00189564682456662,0.25,5.64066403809321E-6,0.000913122225382227,1.07262670146149E-5,29.9752808,29.9757481,1999.5966796875,1999.5966796875,61.5946722009488,20.766086810775,7.019488,0,0,0,40,4885,30.0554,1999.5966796875,,,,,,,,,,,,,0,,,,2.0664685,,,,,,29.97551445,,,,
,44350093.655,29.97595695,1999.5966796875,0.000917462425504454,2.56014104464958E-7,1,0.999253354069792,40.0298881530762,2.001719241491,20.7700002938509,0.0103942453144202,0.00189789431338384,0.25,5.8463469167556E-6,0.00091310763208803,1.09309056100481E-5,29.9757481,29.9761658,1999.5966796875,1999.5966796875,62.0808451399104,20.7682330101022,6.646428,0,0,0,40,4885,30.0554,1999.5966796875,,,,,,,,,,,,,0,,,,2.0664685,,,,,,29.97595695,,,,
,44350095.75,29.9767818,1999.5966796875,0.000917619592652437,2.66307655483776E-7,1,0.999253354069792,40.0298881530762,2.00175277174991,20.7700002938509,0.0103963826978747,0.00189716734718551,0.25,5.75187674665371E-6,0.000913264621539404,1.08377933838057E-5,29.9767818,29.9767818,1999.5966796875,1999.5966796875,61.6532943398911,20.7691663528759,6.646428,0,0,0,40,4885,30.0558,1999.5966796875,,,,,,,,,,,,,0,,,,2.0459275,,,,,,29.9767818,,,,
,44350096.49,29.97704025,1999.5966796875,0.000917474134322017,2.34476243516151E-7,1,0.999253354069792,40.0298881530762,2.00175960439582,20.7599997520447,0.0103937413610539,0.00190270675041142,0.25,6.26534354534483E-6,0.000913116965088103,1.134801209576E-5,29.9767818,29.9772987,1999.5966796875,1999.5966796875,62.0276944006027,20.7672475090808,7.019488,0,0,0,40,4885,30.0556,1999.5966796875,,,,,,,,,,,,,0,,,,2.056198,,,,,,29.97704025,,,,
,44350097.725,29.9774971,1999.5966796875,0.000917469314391685,2.7945121617073E-7,1,0.999253354069792,40.0298881530762,2.00171613347048,20.7599997520447,0.0103942089960237,0.00189846754747827,0.25,5.89592418502736E-6,0.000913114202719294,1.0980287586949E-5,29.9772987,29.9776955,1999.5966796875,1999.5966796875,61.5126012064296,20.7677193546984,6.646428,0,0,0,40,4885,30.0554,1999.5966796875,,,,,,,,,,,,,0,,,,2.056198,,,,,,29.9774971,,,,
,44350099.69,29.97888945,1999.5966796875,0.000917414875974296,2.70183183815047E-7,1,0.999253354069792,40.0298881530762,2.00171540660368,20.7599997520447,0.0103934695967737,0.0018991024113025,0.25,5.96038192487263E-6,0.00091306073099873,1.10451061634552E-5,29.9785862,29.9791927,1999.5966796875,1999.5966796875,61.5047849212373,20.7666251666303,6.646428,0,0,0,40,4885,30.0658,1999.5966796875,,,,,,,,,,,,,0,,,,2.0459275,,,,,,29.97888945,,,,
,44350100.42,29.9796028,1999.5966796875,0.000917417914735298,2.56102301461107E-7,1,0.999253354069792,40.0298881530762,2.001749794496,20.7700002938509,0.010393412208541,0.00190059240386602,0.25,6.08903214595054E-6,0.000913062515675294,1.11727018248173E-5,29.9791927,29.9800129,1999.5966796875,1999.5966796875,61.5290154053334,20.767074822559,6.646428,0,0,0,40,4885,30.0608,1999.5966796875,,,,,,,,,,,,,0,,,,2.0459275,,,,,,29.9796028,,,,
,44350102.68,29.9804478,1999.5966796875,0.000917426563243839,2.45735169175377E-7,1,0.999253354069792,40.0298881530762,2.00178121515076,20.7599997520447,0.0103938370845767,0.00189962910075011,0.25,6.00063330596932E-6,0.000913071092663914,1.10843022028437E-5,29.9804478,29.9804478,1999.5966796875,1999.5966796875,62.1801119618527,20.7669636846697,7.019488,0,0,0,40,4885,30.0558,1999.5966796875,,,,,,,,,,,,,0,,,,2.0255907,,,,,,29.9804478,,,,
,44350104.32,29.9813271,1999.5966796875,0.000917366326309332,2.93333319488625E-7,1,0.999253354069792,40.0298881530762,2.00179106371343,20.7599997520447,0.0103936224336641,0.0018971318603447,0.25,5.79028450557452E-6,0.000913012306123441,1.08746086567785E-5,29.9813271,29.9813271,1999.5966796875,1999.5966796875,62.0058088020643,20.7677070384923,7.019488,0,0,0,40,4885,30.0558,1999.5966796875,,,,,,,,,,,,,0,,,,2.0459275,,,,,,29.9813271,,,,
,44350105.835,29.9817581,1999.5966796875,0.000917051551317442,3.01676408003258E-7,1,0.999253354069792,40.0298881530762,2.0017501826162,20.7599997520447,0.0103889173694475,0.00190179994551937,0.25,6.25995303870163E-6,0.000912696912165725,1.13407758577131E-5,29.9817581,29.9817581,1999.5966796875,1999.5966796875,61.8737135823142,20.7694809247617,7.019488,0,0,0,40,4885,30.0608,1999.5966796875,,,,,,,,,,,,,0,,,,2.0664685,,,,,,29.9817581,,,,
,44350107.495,29.9826508,1999.5966796875,0.000917324080331951,2.46986298016637E-7,1,0.999253354069792,40.0298881530762,2.001727025805,20.7599997520447,0.0103917532419406,0.00190308747151422,0.25,6.32790641841188E-6,0.000912967255303196,1.14094623082002E-5,29.9826508,29.9826508,1999.5966796875,1999.5966796875,61.5540275179488,20.7684933693101,6.646428,0,0,0,40,4885,30.0558,1999.5966796875,,,,,,,,,,,,,0,,,,2.0459275,,,,,,29.9826508,,,,
,44350108.96,29.9828453,1999.5966796875,0.00091702247885514,3.11211516338719E-7,1,0.999253354069792,40.0298881530762,2.00174469602651,20.7599997520447,0.010389502345591,0.00189635081319493,0.25,5.78563577252958E-6,0.000912670095035415,1.08680657799902E-5,29.9828453,29.9828453,1999.5966796875,1999.5966796875,61.6884676232565,20.7695094650398,7.019488,0,0,0,40,4885,30.0558,1999.5966796875,,,,,,,,,,,,,0,,,,2.056198,,,,,,29.9828453,,,,
,44350109.735,29.98316955,1999.5966796875,0.000917609533957646,2.75214397980928E-7,1,0.999253354069792,40.0298881530762,2.00180420709028,20.7700002938509,0.0103962462218472,0.00189876358924454,0.25,5.89029229883745E-6,0.000913253799323996,1.09755003340074E-5,29.9828453,29.9834938,1999.5966796875,1999.5966796875,61.7111348503142,20.7690550493007,7.019488,0,0,0,40,4885,30.0558,1999.5966796875,,,,,,,,,,,,,0,,,,2.056198,,,,,,29.98316955,,,,
,44350110.965,29.9835367,1999.5966796875,0.000917185251495783,2.82382004643114E-7,1,0.999253354069792,40.0298881530762,2.00179425592267,20.7700002938509,0.0103916505322629,0.00189639511380236,0.25,5.75697223115076E-6,0.000912832235549526,1.0840425600116E-5,29.9834938,29.9835796,1999.5966796875,1999.5966796875,61.862770783045,20.7676304249094,6.273368,0,0,0,40,4885,30.0556,1999.5966796875,,,,,,,,,,,,,0,,,,2.0459275,,,,,,29.9835367,,,,
,44350112.16,29.98375415,1999.5966796875,0.000917264809611663,2.94972956658363E-7,1,0.999253354069792,40.0298881530762,2.00176989941857,20.7700002938509,0.0103921007616813,0.00189841657771296,0.25,5.92312941769715E-6,0.000912910491679661,1.10062432891568E-5,29.9835796,29.9839287,1999.5966796875,1999.5966796875,61.6611106250834,20.7685826677488,6.646428,0,0,0,40,4885,30.0556,1999.5966796875,,,,,,,,,,,,,0,,,,2.0459275,,,,,,29.98375415,,,,
,44350114.345,29.9837246,1999.5966796875,0.000917156713155364,2.68735874535943E-7,1,0.999253354069792,40.0298881530762,2.00172980471114,20.7700002938509,0.0103909874042912,0.00189639953957393,0.25,5.76749025592538E-6,0.000912803792601648,1.08507536420784E-5,29.9837246,29.9837246,1999.5966796875,1999.5966796875,61.7627223325834,20.7677023338259,7.019488,0,0,0,40,4885,30.0558,1999.5966796875,,,,,,,,,,,,,0,,,,2.0459275,,,,,,29.9837246,,,,
,44350115.835,29.9836464,1999.5966796875,0.000917032339483108,2.64071527525992E-7,1,0.999253354069792,40.0298881530762,2.00180139398473,20.7700002938509,0.010389776149915,0.00189709336847047,0.25,5.84485784110194E-6,0.00091267957425155,1.09270637342817E-5,29.9836464,29.9836464,1999.5966796875,1999.5966796875,61.4649218667565,20.7673704925299,6.646428,0,0,0,40,4885,30.0558,1999.5966796875,,,,,,,,,,,,,0,,,,2.056198,,,,,,29.9836464,,,,
,44350117.37,29.9838257,1999.5966796875,0.000917194603056679,2.58093594344374E-7,1,0.999253354069792,40.0298881530762,2.00171654986972,20.7599997520447,0.0103912122630768,0.0018972549557401,0.25,5.83729551576708E-6,0.000912841114416125,1.09204411614434E-5,29.9838257,29.9838257,1999.5966796875,1999.5966796875,61.9112317512373,20.7672696239374,6.646428,0,0,0,40,4885,30.0558,1999.5966796875,,,,,,,,,,,,,0,,,,2.0664685,,,,,,29.9838257,,,,
,44350117.945,29.9837742,1999.5966796875,0.000917385919306889,2.61515892597912E-7,1,0.999253354069792,40.0298881530762,2.00180529344049,20.7700002938509,0.0103936804791675,0.00189851398306278,0.25,5.9075817753599E-6,0.00091303111732394,1.09914437173087E-5,29.9837227,29.9838257,1999.5966796875,1999.5966796875,61.5837294016796,20.7679631139054,7.019488,0,0,0,40,4885,30.0556,1999.5966796875,,,,,,,,,,,,,0,,,,2.0664685,,,,,,29.9837742,,,,
,44350120.125,29.9835854,1999.5966796875,0.000917141306337386,2.7199849024912E-7,1,0.999253354069792,40.0298881530762,2.00178223108579,20.7599997520447,0.0103902829701796,0.00190089794165399,0.25,6.16263211522261E-6,0.000912786257483428,1.12439481260595E-5,29.9835854,29.9835854,1999.5966796875,1999.5966796875,61.5180726060642,20.7686184983116,7.019488,0,0,0,40,4885,30.0558,1999.5966796875,,,,,,,,,,,,,0,,,,2.0459275,,,,,,29.9835854,,,,
,44350120.805,29.9836264,1999.5966796875,0.000917092703451047,2.44448719276355E-7,1,0.999253354069792,40.0298881530762,2.00179213608173,20.7599997520447,0.0103899269376628,0.00189997737871644,0.25,6.08925865419435E-6,0.000912738271443242,1.1170630907061E-5,29.9835854,29.9836674,1999.5966796875,1999.5966796875,61.504003292718,20.7676917497478,6.646428,0,0,0,40,4885,30.0556,1999.5966796875,,,,,,,,,,,,,0,,,,2.056198,,,,,,29.9836264,,,,
,44350121.985,29.98369505,1999.5966796875,0.000916836630070787,2.59172673154081E-7,1,0.999253354069792,40.0298881530762,2.00170583773287,20.7599997520447,0.010386600504259,0.00189936107854427,0.25,6.0868930966824E-6,0.000912483396497387,1.11668310434374E-5,29.9836674,29.9837227,1999.5966796875,1999.5966796875,61.9604743479489,20.7681066329703,7.019488,0,0,0,40,4885,30.0554,1999.5966796875,,,,,,,,,,,,,0,,,,2.0664685,,,,,,29.98369505,,,,
,44350124.055,29.983593,1999.5966796875,0.000917196269725815,2.74389411509604E-7,1,0.999253354069792,40.0298881530762,2.00168986386115,20.7599997520447,0.0103915964551973,0.00189440662811341,0.25,5.58803710083173E-6,0.000912844122109757,1.06723291322789E-5,29.9835072,29.9836788,1999.5966796875,1999.5966796875,61.2609168232372,20.766929778885,6.646428,0,0,0,40,4885,30.0554,1999.5966796875,,,,,,,,,,,,,0,,,,2.0459275,,,,,,29.983593,,,,
,44350125.595,29.9836311,1999.5966796875,0.000917425895510587,2.54291074243897E-7,1,0.999253354069792,40.0298881530762,2.00183053556066,20.7599997520447,0.0103945607438199,0.00189690218906243,0.25,5.75641286742728E-6,0.000913071769125596,1.08412283417557E-5,29.9836311,29.9836311,1999.5966796875,1999.5966796875,61.842448441545,20.7672220550133,7.019488,0,0,0,40,4885,30.0558,1999.5966796875,,,,,,,,,,,,,0,,,,2.0459275,,,,,,29.9836311,,,,
,44350127.22,29.9834595,1999.5966796875,0.000917150501091539,3.07961846139936E-7,1,0.999253354069792,40.0298881530762,2.00183814899872,20.7599997520447,0.0103914959701718,0.00189623832716544,0.25,5.74575252029979E-6,0.000912797732571727,1.08290837199572E-5,29.9834595,29.9834595,1999.5966796875,1999.5966796875,61.7025369366027,20.7700386118821,6.646428,0,0,0,40,4885,30.0558,1999.5966796875,,,,,,,,,,,,,0,,,,2.056198,,,,,,29.9834595,,,,
,44350127.935,29.98365975,1999.5966796875,0.000917090679625426,2.42608613262649E-7,1,0.999253354069792,40.0298881530762,2.00176558719751,20.7599997520447,0.0103898138971557,0.00189971696195007,0.25,6.06874865777031E-6,0.00091273639193822,1.11502248597563E-5,29.9834595,29.98386,1999.5966796875,1999.5966796875,61.5790396305642,20.7694888668238,6.646428,0,0,0,40,4885,30.0558,1999.5966796875,,,,,,,,,,,,,0,,,,2.056198,,,,,,29.98365975,,,,
,44350129.24,29.98405935,1999.5966796875,0.000917440473796698,2.27872342186543E-7,1,0.999253354069792,40.0298881530762,2.00177760271206,20.7700002938509,0.0103935051110678,0.00190233309010177,0.25,6.23687384517556E-6,0.000913083598926301,1.13195070352984E-5,29.98386,29.9842587,1999.5966796875,1999.5966796875,60.7036156890257,20.7657767848619,6.646428,0,0,0,40,4885,30.0558,1999.5966796875,,,,,,,,,,,,,0,,,,2.056198,,,,,,29.98405935,,,,
,44350131.435,29.9848537,1999.5966796875,0.000917450734316499,2.53146102165541E-7,1,0.999253354069792,40.0298881530762,2.00167047454971,20.7700002938509,0.010393811505267,0.00189816718508323,0.25,5.87631173127733E-6,0.00091309581524417,1.09607006662135E-5,29.9848537,29.9848537,1999.5966796875,1999.5966796875,61.7572509329488,20.7672369446958,6.646428,0,0,0,40,4885,30.0558,1999.5966796875,,,,,,,,,,,,,0,,,,2.0459275,,,,,,29.9848537,,,,
,44350132.125,29.98511695,1999.5966796875,0.000917194586605569,2.8296672052638E-7,1,0.999253354069792,40.0298881530762,2.00175091118172,20.7599997520447,0.0103910747418863,0.00189903077001215,0.25,5.99113185710857E-6,0.000912840232847423,1.10735525809804E-5,29.9848537,29.9853802,1999.5966796875,1999.5966796875,61.6204659420834,20.7670243855154,6.273368,0,0,0,40,4885,30.0558,1999.5966796875,,,,,,,,,,,,,0,,,,2.0459275,,,,,,29.98511695,,,,
,44350134.18,29.9861317,1999.5966796875,0.000917551555017933,3.05004115095006E-7,1,0.999253354069792,40.0298881530762,2.0017156077435,20.7700002938509,0.0103942736038426,0.00190361760003702,0.25,6.33440928279315E-6,0.000913194636870584,1.1418133048647E-5,29.9859219,29.9863415,1999.5966796875,1999.5966796875,61.4219322981988,20.7674294700438,6.646428,0,0,0,40,4885,30.0658,1999.5966796875,,,,,,,,,,,,,0,,,,2.0459275,,,,,,29.9861317,,,,
,44350134.92,29.9865179,1999.5966796875,0.000916951661763176,2.63805963262559E-7,1,0.999253354069792,40.0298881530762,2.00176855532106,20.7599997520447,0.0103886313492575,0.00189735397140355,0.25,5.88353779410416E-6,0.000912600079411486,1.0966041876848E-5,29.9863415,29.9866943,1999.5966796875,1999.5966796875,61.9706355186989,20.7674130962041,6.273368,0,0,0,40,4885,30.0658,1999.5966796875,,,,,,,,,,,,,0,,,,2.0459275,,,,,,29.9865179,,,,
,44350137.01,29.9868717,1999.5966796875,0.000917047220516619,2.90376155387014E-7,1,0.999253354069792,40.0298881530762,2.00183032355098,20.7599997520447,0.010389495011069,0.00190058597052151,0.25,6.14674442422855E-6,0.000912693719029952,1.12285413443409E-5,29.9868717,29.9868717,1999.5966796875,1999.5966796875,62.0816267684296,20.7701600502793,6.646428,0,0,0,40,4885,30.0658,1999.5966796875,,,,,,,,,,,,,0,,,,2.0664685,,,,,,29.9868717,,,,
,44350137.69,29.9870243,1999.5966796875,0.000917302528685,2.69269485730373E-7,1,0.999253354069792,40.0298881530762,2.00173387855662,20.7599997520447,0.0103924336740381,0.00189802152847596,0.25,5.883953375977E-6,0.00091294876990066,1.09679455246281E-5,29.9868717,29.9871769,1999.5966796875,1999.5966796875,61.3789427296411,20.7660177890015,7.019488,0,0,0,40,4885,30.0608,1999.5966796875,,,,,,,,,,,,,0,,,,2.056198,,,,,,29.9870243,,,,
,44350138.885,29.98718835,1999.5966796875,0.000917235761032035,2.30692592168818E-7,1,0.999253354069792,40.0298881530762,2.00179270756899,20.7700002938509,0.0103921676123388,0.00189676809094229,0.25,5.78107018104629E-6,0.000912882370915003,1.08647097934457E-5,29.9871769,29.9871998,1999.5966796875,1999.5966796875,61.6618922536027,20.7668207040443,6.646428,0,0,0,40,4881,30.0558,1999.5966796875,,,,,,,,,,,,,0,,,,2.056198,,,,,,29.98718835,,,,
