[Header]
; VSM Data File (default extension .dat)
; Copyright (c) 2003-2013, Quantum Design, Inc. All rights reserved.
TITLE,KYBSE2 TB001X3 300 TO 30K
FILEOPENTIME,44277287.47,05/28/2026,7:36 pm
BYAPP,VSM,2.0,2.0
INFO,PPMS VSM Option Release 1.4.10 Build 1,APPNAME
INFO,Quantum Design Linear Motor Servo Controller,MOTOR_MODULE_NAME
INFO,3101-100 M1,MOTOR_HW_VERSION
INFO,MMC920,MOTOR_SERIAL_NUMBER
INFO,SRV No X-over 01.03.11,MOTOR_SOFTWARE_VERSION
INFO,Quantum Design VSM Detection Module,VSM_MODULE_NAME
INFO,3101-150 F0,VSM_HW_VERSION
INFO,VSM672,VSM_SERIAL_NUMBER
INFO,VSM No X-over 01.02.05 May 20 2008 13:51:47,VSM_SOFTWARE_VERSION
INFO,659,PREAMP_SERIAL_NUMBER
INFO,749,COIL_SERIAL_NUMBER
INFO,0,MOMENT_UNITS
INFO,KYbSe2,SAMPLE_MATERIAL
INFO,TB001X3,SAMPLE_COMMENT
INFO,1.0,SAMPLE_MASS
INFO,,SAMPLE_VOLUME
INFO,370.06,SAMPLE_MOLECULAR_WEIGHT
INFO,,SAMPLE_SIZE
INFO,,SAMPLE_SHAPE
DATATYPE,COMMENT,1
DATATYPE,TIME,2
STARTUPAXIS,X,2
STARTUPAXIS,Y1,5
[Data]
Comment,Time Stamp (sec),Temperature (K),Magnetic Field (Oe),Moment (emu),M. Std. Err. (emu),Transport Action,Averaging Time (sec),Frequency (Hz),Peak Amplitude (mm),Center Position (mm),Coil Signal' (mV),Coil Signal" (mV),Range (mV),M. Quad. Signal (emu),M. Raw' (emu),M. Raw" (emu),Min. Temperature (K),Max. Temperature (K),Min. Field (Oe),Max. Field (Oe),Mass (grams),Motor Lag (deg),Pressure (Torr),VSM Status (code),Motor Status (code),Measure Status (code),Measure Count,PPMS Status (code),System Temp. (K),System Field (Oe),Sample Position (deg),Bridge 1 Resistance (ohms),Bridge 1 Excitation (µA),Bridge 2 Resistance (ohms),Bridge 2 Excitation (µA),Bridge 3 Resistance (ohms),Bridge 3 Excitation (µA),Bridge 4 Resistance (ohms),Bridge 4 Excitation (µA),Signal 1 Vin (V),Signal 2 Vin (V),Digital Inputs (code),Drive 1 Iout (mA),Drive 1 Ipower (W),Drive 2 Iout (mA),Drive 2 Ipower (W),Pressure (),Map 20 (),Map 21 (),Map 22 (),Map 23 (),Map 24 (),Map 25 (),Map 26 (),Map 27 (),Map 28 (),Map 29 ()
,44277433.695,299.73936465,1999.70202636719,2.38947314885274E-5,4.40972031769046E-7,1,0.999253354069792,40.0298881530762,1.97777509561376,17.9999992251396,0.000269789546795467,4.38520238557408E-5,0.25,-1.9502277324825E-7,2.38943838431236E-5,-1.79172986128109E-7,299.7386475,299.7400818,1999.70202636719,1999.70202636719,60.5918428107756,20.7131475643511,6.273368,0,0,0,40,4881,300.2872,1999.70202636719,,,,,,,,,,,,,0,,,,3.59768905,,,,,,299.73936465,,,,
,44277440.93,299.7426147,1999.70202636719,2.38382867401798E-5,3.9472244634761E-7,1,0.999253354069792,40.0298881530762,1.97771811392614,17.9999992251396,0.000269950989011188,3.90307850289025E-5,0.25,-6.12888306229437E-7,2.38382140216521E-5,-5.97061636568829E-7,299.7426147,299.7426147,1999.70202636719,1999.70202636719,60.731754315718,20.7138105511286,6.646428,0,0,0,40,4882,300.1929,1999.70202636719,,,,,,,,,,,,,0,,,,3.56192755,,,,,,299.7426147,,,,
,44277441.61,299.74263,1999.70202636719,2.39071862966275E-5,4.54718208818148E-7,1,0.999253354069792,40.0298881530762,1.97768810279559,17.9999992251396,0.000270409688726061,4.10011810181281E-5,0.25,-4.49853144208257E-7,2.39070038139016E-5,-4.33981133273749E-7,299.7426147,299.7426453,1999.70202636719,1999.70202636719,60.6145100378333,20.7148408704134,6.273368,0,0,0,40,4882,300.1465,1999.70202636719,,,,,,,,,,,,,0,,,,3.5797191,,,,,,299.74263,,,,
,44277443.825,299.7450867,1999.70202636719,2.39106282103916E-5,5.26537892935337E-7,1,0.999253354069792,40.0298881530762,1.97771083479237,17.9999992251396,0.000269840882510467,4.45801479006043E-5,0.25,-1.33055373911515E-7,2.39102324965316E-5,-1.17178717326667E-7,299.7450867,299.7450867,1999.70202636719,1999.70202636719,60.5652674411218,20.7140730617514,6.646428,0,0,0,40,4882,300.0074,1999.70202636719,,,,,,,,,,,,,0,,,,3.5797191,,,,,,299.7450867,,,,
,44277444.555,299.7447052,1999.70202636719,2.41536247982504E-5,3.87976086594834E-7,1,0.999253354069792,40.0298881530762,1.9777606585595,17.9999992251396,0.000272795883537141,4.38283278935958E-5,0.25,-2.41369500261304E-7,2.41532961939921E-5,-2.25326487004233E-7,299.7443237,299.7450867,1999.70202636719,1999.70202636719,60.6489016926795,20.7135549348624,6.646428,0,0,0,40,4882,299.96255,1999.70202636719,,,,,,,,,,,,,0,,,,3.5797191,,,,,,299.7447052,,,,
,44277445.805,299.7445526,1999.70202636719,2.39175686180645E-5,3.9628314897738E-7,1,0.999253354069792,40.0298881530762,1.97774996022958,17.9999992251396,0.00027012318767881,4.34303739574174E-5,0.25,-2.36301504318619E-7,2.39172410969881E-5,-2.20409514810734E-7,299.7443237,299.7447815,1999.70202636719,1999.70202636719,60.884171876968,20.7141022719015,6.273368,0,0,0,40,4882,299.8699,1999.70202636719,,,,,,,,,,,,,0,,,,3.5797191,,,,,,299.7445526,,,,
,44277446.97,299.7447357,1999.70202636719,2.40034950635804E-5,3.53997544693569E-7,1,0.999253354069792,40.0298881530762,1.97778055052528,17.9999992251396,0.000272040239433443,3.80724859664771E-5,0.25,-7.26250274050025E-7,2.40034907328465E-5,-7.10285423040438E-7,299.7446899,299.7447815,1999.70202636719,1999.70202636719,60.5566695274103,20.7143172861017,6.646428,0,0,0,40,4882,299.7773,1999.70202636719,,,,,,,,,,,,,0,,,,3.5797191,,,,,,299.7447357,,,,
,44277448.09,299.7442474,1999.70202636719,2.37880889825502E-5,3.97265289229669E-7,1,0.999253354069792,40.0298881530762,1.97775429716176,17.9999992251396,0.000268323705141661,4.51710332420273E-5,0.25,-5.9802653549973E-8,2.37876463503121E-5,-4.39914776373711E-8,299.7438049,299.7446899,1999.70202636719,1999.70202636719,60.6832933475257,20.7144442861035,6.273368,0,0,0,40,4882,299.72965,1999.70202636719,,,,,,,,,,,,,0,,,,3.5797191,,,,,,299.7442474,,,,
,44277449.285,299.74241635,1999.70202636719,2.4200210464258E-5,3.41073236061433E-7,1,0.999253354069792,40.0298881530762,1.97769029629879,17.9999992251396,0.000272380974191899,4.93625765279932E-5,0.25,2.41640479177029E-7,2.41995602166035E-5,2.57725339156815E-7,299.7410278,299.7438049,1999.70202636719,1999.70202636719,60.8216415954295,20.7135540712835,6.273368,0,0,0,40,4882,299.63725,1999.70202636719,,,,,,,,,,,,,0,,,,3.5797191,,,,,,299.74241635,,,,
,44277451.41,299.7387695,1999.70202636719,2.36163695293056E-5,3.15464511615536E-7,1,0.999253354069792,40.0298881530762,1.97771134568172,17.9999992251396,0.000266931167859507,4.1627019522177E-5,0.25,-3.44713748861027E-7,2.36161237446932E-5,-3.28999309161621E-7,299.7387695,299.7387695,1999.70202636719,1999.70202636719,60.7270645446026,20.7156939142718,6.646428,0,0,0,40,4882,299.5419,1999.70202636719,,,,,,,,,,,,,0,,,,3.59768905,,,,,,299.7387695,,,,
,44277452.87,299.7362976,1999.70202636719,2.3972168439314E-5,4.62993043247768E-7,1,0.999253354069792,40.0298881530762,1.97772136958435,17.9999992251396,0.000270694854444763,4.37705790771645E-5,0.25,-2.15434251543837E-7,2.39718312938141E-5,-1.99480135367182E-7,299.7362976,299.7362976,1999.70202636719,1999.70202636719,60.7669275990834,20.7136401187016,6.273368,0,0,0,40,4882,299.4525,1999.70202636719,,,,,,,,,,,,,0,,,,3.5797191,,,,,,299.7362976,,,,
,44277454.395,299.729187,1999.70202636719,2.40546414119202E-5,3.44481040397941E-7,1,0.999253354069792,40.0298881530762,1.97771028385364,17.9999992251396,0.000272336981293454,3.97542523901598E-5,0.25,-5.85743280803612E-7,2.40545550791164E-5,-5.6972115676875E-7,299.729187,299.729187,1999.70202636719,1999.70202636719,60.7856866835449,20.7144409396117,6.273368,0,0,0,40,4882,299.3602,1999.70202636719,,,,,,,,,,,,,0,,,,3.5797191,,,,,,299.729187,,,,
,44277455.845,299.7241821,1999.70202636719,2.41819108641472E-5,4.70489296328362E-7,1,0.999253354069792,40.0298881530762,1.97774154928484,17.9999992251396,0.0002743783392994,3.64767850470326E-5,0.25,-8.98240360751133E-7,2.41820345741234E-5,-8.82127322508708E-7,299.7241821,299.7241821,1999.70202636719,1999.70202636719,60.759111313891,20.7137605810882,6.273368,0,0,0,40,4882,299.3573,1999.70202636719,,,,,,,,,,,,,0,,,,3.615659,,,,,,299.7241821,,,,
,44277457.365,299.7119446,1999.70202636719,2.38645977609685E-5,3.59992475759422E-7,1,0.999253354069792,40.0298881530762,1.97772348955721,17.9999992251396,0.000269440744238375,4.38078203971231E-5,0.25,-1.93768425124267E-7,2.38642689161831E-5,-1.77869228732395E-7,299.7119446,299.7119446,1999.70202636719,1999.70202636719,60.7059605745833,20.714730104972,6.273368,0,0,0,40,4882,299.1787,1999.70202636719,,,,,,,,,,,,,0,,,,3.615659,,,,,,299.7119446,,,,
,44277458.085,299.7083435,1999.70202636719,2.41934130881447E-5,4.32592861865612E-7,1,0.999253354069792,40.0298881530762,1.97769913213235,17.9999992251396,0.000273474109828548,4.25149404618175E-5,0.25,-3.64600559328243E-7,2.41931950081115E-5,-3.48479025908461E-7,299.7047424,299.7119446,1999.70202636719,1999.70202636719,60.5324390433141,20.7138892704695,6.273368,0,0,0,40,4882,299.17725,1999.70202636719,,,,,,,,,,,,,0,,,,3.59768905,,,,,,299.7083435,,,,
,44277459.385,299.7006073,1999.70202636719,2.36891999023752E-5,3.67491636957074E-7,1,0.999253354069792,40.0298881530762,1.97771885271194,17.9999992251396,0.000268409564988064,3.79302738661768E-5,0.25,-6.85085924128295E-7,2.36892116432092E-5,-6.69291343496584E-7,299.6964722,299.7047424,1999.70202636719,1999.70202636719,60.7442603720257,20.7141698359974,6.273368,0,0,0,40,4882,299.12975,1999.70202636719,,,,,,,,,,,,,0,,,,3.5797191,,,,,,299.7006073,,,,
,44277460.65,299.69241335,1999.70202636719,2.4242094672517E-5,4.21519485974323E-7,1,0.999253354069792,40.0298881530762,1.97772765643768,17.9999992251396,0.000273618394368718,4.499924749016E-5,0.25,-1.52642847174995E-7,2.42417483375591E-5,-1.36484063995832E-7,299.6883545,299.6964722,1999.70202636719,1999.70202636719,60.7880315691026,20.7148247598624,6.273368,0,0,0,40,4882,299.0377,1999.70202636719,,,,,,,,,,,,,0,,,,3.5797191,,,,,,299.69241335,,,,
,44277462.94,299.6697388,1999.70202636719,2.36779014497568E-5,4.29624337123571E-7,1,0.999253354069792,40.0298881530762,1.97770836394767,17.9999992251396,0.000267559388475831,4.21306720536035E-5,0.25,-3.10601670500779E-7,2.36776906651406E-5,-2.94810369647599E-7,299.6697388,299.6697388,1999.70202636719,1999.70202636719,60.7051789460641,20.7144988958953,6.273368,0,0,0,40,4886,298.94435,1999.70202636719,,,,,,,,,,,,,0,,,,3.5797191,,,,,,299.6697388,,,,
,44277463.66,299.6643982,1999.70202636719,2.38281909733195E-5,3.43253674771231E-7,1,0.999253354069792,40.0298881530762,1.97770909899614,17.9999992251396,0.000268825622498847,4.49264514277348E-5,0.25,-8.83265022829812E-8,2.38278339165136E-5,-7.2436131865685E-8,299.6590576,299.6697388,1999.70202636719,1999.70202636719,60.6129467807949,20.7140865394868,6.273368,0,0,0,40,4886,298.8998,1999.70202636719,,,,,,,,,,,,,0,,,,3.5797191,,,,,,299.6643982,,,,
,44277465.905,299.6398621,1999.70202636719,2.36503547998806E-5,3.12087086088945E-7,1,0.999253354069792,40.0298881530762,1.9777600166075,17.9999992251396,0.000267883056182947,3.84088819668071E-5,0.25,-6.36091808653075E-7,2.36503876817661E-5,-6.20305265184627E-7,299.6398621,299.6398621,1999.70202636719,1999.70202636719,60.8169518243141,20.7139939502664,6.646428,0,0,0,40,4886,298.8079,1999.70202636719,,,,,,,,,,,,,0,,,,3.615659,,,,,,299.6398621,,,,
,44277466.615,299.633194,1999.70202636719,2.35309230709369E-5,4.79697523180507E-7,1,0.999253354069792,40.0298881530762,1.97780465442388,17.9999992251396,0.000266485810481176,3.8509842363219E-5,0.25,-6.06799720727679E-7,2.3530944138655E-5,-5.91090606911325E-7,299.6265259,299.6398621,1999.70202636719,1999.70202636719,60.6059121241218,20.7143282914027,6.273368,0,0,0,40,4886,298.76195,1999.70202636719,,,,,,,,,,,,,0,,,,3.615659,,,,,,299.633194,,,,
,44277467.81,299.61994935,1999.70202636719,2.37822449561562E-5,3.1723946908304E-7,1,0.999253354069792,40.0298881530762,1.97771629446903,17.9999992251396,0.000269054607959026,4.04759692610449E-5,0.25,-4.75237716522168E-7,2.37821856604771E-5,-4.59357593570857E-7,299.6133728,299.6265259,1999.70202636719,1999.70202636719,60.738788972391,20.7150673907048,6.273368,0,0,0,40,4886,298.67155,1999.70202636719,,,,,,,,,,,,,0,,,,3.59768905,,,,,,299.61994935,,,,
,44277469.015,299.60736085,1999.70202636719,2.40765787509315E-5,2.95323831296988E-7,1,0.999253354069792,40.0298881530762,1.97769189411137,17.9999992251396,0.000272817384450359,3.84258665161215E-5,0.25,-7.07345354526045E-7,2.40766809914374E-5,-6.9126250817684E-7,299.6013489,299.6133728,1999.70202636719,1999.70202636719,60.6090386381987,20.7152387195256,6.273368,0,0,0,40,4886,298.6257,1999.70202636719,,,,,,,,,,,,,0,,,,3.59768905,,,,,,299.60736085,,,,
,44277471.07,299.5735474,1999.70202636719,2.40734597274027E-5,2.82776585482561E-7,1,0.999253354069792,40.0298881530762,1.97773304195583,17.9999992251396,0.000272419071583154,4.05788385770451E-5,0.25,-5.15936675470212E-7,2.40734646186434E-5,-4.99853531959158E-7,299.5735474,299.5735474,1999.70202636719,1999.70202636719,60.6489016926795,20.7156962049611,6.273368,0,0,0,40,4886,298.5326,1999.70202636719,,,,,,,,,,,,,0,,,,3.544136,,,,,,299.5735474,,,,
,44277471.785,299.5660553,1999.70202636719,2.38495341266015E-5,2.95552179609546E-7,1,0.999253354069792,40.0298881530762,1.97764125426919,17.9999992251396,0.000269537008076781,4.21665010876095E-5,0.25,-3.3668383005286E-7,2.3849429010609E-5,-3.20749932965236E-7,299.5585632,299.5735474,1999.70202636719,1999.70202636719,60.7802152839103,20.7157529305268,6.273368,0,0,0,40,4886,298.48675,1999.70202636719,,,,,,,,,,,,,0,,,,3.5798975,,,,,,299.5660553,,,,
,44277473,299.55104065,1999.70202636719,2.40417685545223E-5,4.31885273610699E-7,1,0.999253354069792,40.0298881530762,1.97773999335065,17.9999992251396,0.000272119332052873,4.01877670374829E-5,0.25,-5.4522843181537E-7,2.40418133275633E-5,-5.29157781960396E-7,299.5435181,299.5585632,1999.70202636719,1999.70202636719,60.6262344656218,20.7143443799774,6.273368,0,0,0,40,4886,298.39655,1999.70202636719,,,,,,,,,,,,,0,,,,3.615659,,,,,,299.55104065,,,,
,44277474.265,299.537323,1999.70202636719,2.30142259618261E-5,3.96954098236901E-7,1,0.999253354069792,40.0298881530762,1.97773431141934,17.9999992251396,0.000258967986215418,4.73647322566207E-5,0.25,2.66964999489837E-7,2.3013753381316E-5,2.82341249457958E-7,299.5311279,299.5435181,1999.70202636719,1999.70202636719,60.6551547208333,20.714602315325,6.273368,0,0,0,40,4886,298.3508,1999.70202636719,,,,,,,,,,,,,0,,,,3.59768905,,,,,,299.537323,,,,
,44277476.34,299.4986267,1999.70202636719,2.38232104240025E-5,2.8479516852136E-7,1,0.999253354069792,40.0298881530762,1.97770976073074,17.9999992251396,0.000269756035724372,3.91556982483613E-5,0.25,-5.99370942820592E-7,2.38233409281756E-5,-5.83437948492885E-7,299.4986267,299.4986267,1999.70202636719,1999.70202636719,60.7575480568526,20.7156798947557,6.646428,0,0,0,40,4886,298.2578,1999.70202636719,,,,,,,,,,,,,0,,,,3.5797191,,,,,,299.4986267,,,,
,44277478,299.4817505,1999.70202636719,2.4221216233367E-5,4.22258820874999E-7,1,0.999253354069792,40.0298881530762,1.97774860301453,17.9999992251396,0.000274281973896842,3.97292471554876E-5,0.25,-6.16608248385932E-7,2.42213688226195E-5,-6.00403462318414E-7,299.4817505,299.4817505,1999.70202636719,1999.70202636719,60.8255497380257,20.713842072237,6.646428,0,0,0,40,4886,298.1664,1999.70202636719,,,,,,,,,,,,,0,,,,3.5797191,,,,,,299.4817505,,,,
,44277478.7,299.47251895,1999.70202636719,2.38753128532104E-5,3.46881205757046E-7,1,0.999253354069792,40.0298881530762,1.97766446820981,17.9999992251396,0.00026960505754816,4.35421247724165E-5,0.25,-2.19156680353032E-7,2.38752114518479E-5,-2.03184645880515E-7,299.4632874,299.4817505,1999.70202636719,1999.70202636719,60.8388374228526,20.7154321243909,6.273368,0,0,0,40,4886,298.1207,1999.70202636719,,,,,,,,,,,,,0,,,,3.59768905,,,,,,299.47251895,,,,
,44277480.75,299.427948,1999.70202636719,2.39059445902061E-5,3.89050780503959E-7,1,0.999253354069792,40.0298881530762,1.9777864698068,17.9999992251396,0.000270575655253434,4.00416319950841E-5,0.25,-5.35094431582887E-7,2.39060939120845E-5,-5.19090933897982E-7,299.427948,299.427948,1999.70202636719,1999.70202636719,60.7380073438718,20.7150831707694,6.646428,0,0,0,40,4886,297.9865,1999.70202636719,,,,,,,,,,,,,0,,,,3.5797191,,,,,,299.427948,,,,
,44277481.485,299.41845705,1999.70202636719,2.30359285622325E-5,3.22503831086057E-7,1,0.999253354069792,40.0298881530762,1.97778206121647,17.9999992251396,0.000260423333191629,4.03669672996674E-5,0.25,-3.57519530286784E-7,2.3035974693897E-5,-3.42097061367463E-7,299.4089661,299.427948,1999.70202636719,1999.70202636719,60.7262829160834,20.7150871630603,6.646428,0,0,0,40,4886,297.93945,1999.70202636719,,,,,,,,,,,,,0,,,,3.59768905,,,,,,299.41845705,,,,
,44277482.79,299.4003754,1999.70202636719,2.42430164371843E-5,4.60569779034347E-7,1,0.999253354069792,40.0298881530762,1.97769735663789,17.9999992251396,0.000274550771116395,3.96009949053855E-5,0.25,-6.31653999505111E-7,2.42432521403951E-5,-6.15415754670181E-7,299.3917847,299.4089661,1999.70202636719,1999.70202636719,60.9193451603334,20.7148761025849,6.273368,0,0,0,40,4886,297.84825,1999.70202636719,,,,,,,,,,,,,0,,,,3.59768905,,,,,,299.4003754,,,,
,44277484.035,299.3812256,1999.70202636719,2.36705532948438E-5,3.77594742841823E-7,1,0.999253354069792,40.0298881530762,1.97771434364376,17.9999992251396,0.000268421906382664,3.66078071268745E-5,0.25,-7.99308540489639E-7,2.3670922659047E-5,-7.83449915530897E-7,299.3706665,299.3917847,1999.70202636719,1999.70202636719,60.6324874937757,20.716831529658,6.646428,0,0,0,40,4886,297.80125,1999.70202636719,,,,,,,,,,,,,0,,,,3.59768905,,,,,,299.3812256,,,,
,44277486.215,299.3273315,1999.70202636719,2.45381110130199E-5,4.3873979893991E-7,1,0.999253354069792,40.0298881530762,1.97769821324133,17.9999992251396,0.00027730468346093,4.35282432887617E-5,0.25,-3.33794586549528E-7,2.45382120840912E-5,-3.1735285501735E-7,299.3273315,299.3273315,1999.70202636719,1999.70202636719,60.6403037789679,20.7152248717588,6.646428,0,0,0,40,4886,297.7101,1999.70202636719,,,,,,,,,,,,,0,,,,3.615659,,,,,,299.3273315,,,,
,44277487.635,299.3067932,1999.70202636719,2.3763269632224E-5,3.41142399434639E-7,1,0.999253354069792,40.0298881530762,1.97776875337384,17.9999992251396,0.00026915314169465,3.86710038388906E-5,0.25,-6.32276740742356E-7,2.37635926515866E-5,-6.16347508987905E-7,299.3067932,299.3067932,1999.70202636719,1999.70202636719,60.7403522294295,20.7167818357842,6.646428,0,0,0,40,4886,297.6219,1999.70202636719,,,,,,,,,,,,,0,,,,3.59768905,,,,,,299.3067932,,,,
,44277488.33,299.2966461,1999.70202636719,2.36157138976748E-5,3.6086683325567E-7,1,0.999253354069792,40.0298881530762,1.97767820281205,17.9999992251396,0.000267506006648567,3.82202083087223E-5,0.25,-6.46888670838141E-7,2.36160563889684E-5,-6.31058333289843E-7,299.286499,299.3067932,1999.70202636719,1999.70202636719,60.9177819032949,20.7145413301811,6.273368,0,0,0,40,4886,297.61905,1999.70202636719,,,,,,,,,,,,,0,,,,3.615659,,,,,,299.2966461,,,,
,44277489.525,299.2765045,1999.70202636719,2.35178424932144E-5,3.33946707853772E-7,1,0.999253354069792,40.0298881530762,1.97765705798815,17.9999992251396,0.00026625874071615,3.88577245217201E-5,0.25,-5.73587799055464E-7,2.3518153770468E-5,-5.57818026393689E-7,299.26651,299.286499,1999.70202636719,1999.70202636719,60.721593144968,20.7159970181969,6.646428,0,0,0,40,4886,297.52805,1999.70202636719,,,,,,,,,,,,,0,,,,3.615659,,,,,,299.2765045,,,,
,44277491.6,299.2224426,1999.70202636719,2.43176070018327E-5,4.09902876646141E-7,1,0.999253354069792,40.0298881530762,1.97776311995921,17.9999992251396,0.000275854359531308,3.71018715639784E-5,0.25,-8.66214485305755E-7,2.43181613865733E-5,-8.4990337390833E-7,299.2224426,299.2224426,1999.70202636719,1999.70202636719,60.6801668334487,20.7159500411885,6.646428,0,0,0,40,4886,297.437,1999.70202636719,,,,,,,,,,,,,0,,,,3.5797191,,,,,,299.2224426,,,,
,44277492.29,299.2113037,1999.70202636719,2.44321140883801E-5,3.67096067699798E-7,1,0.999253354069792,40.0298881530762,1.97776412647659,17.9999992251396,0.000276868775799448,3.8942595633857E-5,0.25,-7.22539327415334E-7,2.44325820950705E-5,-7.06148889627458E-7,299.2001648,299.2224426,1999.70202636719,1999.70202636719,60.748950143141,20.7164762308694,6.646428,0,0,0,40,4886,297.3916,1999.70202636719,,,,,,,,,,,,,0,,,,3.59768905,,,,,,299.2113037,,,,
,44277494.25,299.1713715,1999.70202636719,2.43027603483702E-5,3.50231462049456E-7,1,0.999253354069792,40.0298881530762,1.97768846969312,17.9999992251396,0.000274979782567076,4.11540235009298E-5,0.25,-5.04176350004752E-7,2.43031180446558E-5,-4.87864679596758E-7,299.1591492,299.1835938,1999.70202636719,1999.70202636719,60.7028340605064,20.716479942894,6.273368,0,0,0,40,4886,297.25535,1999.70202636719,,,,,,,,,,,,,0,,,,3.5797191,,,,,,299.1713715,,,,
,44277494.95,299.1486206,1999.70202636719,2.40828314303861E-5,4.58722316867064E-7,1,0.999253354069792,40.0298881530762,1.97781068510293,17.9999992251396,0.000272258705455045,4.22403128417119E-5,0.25,-3.70462250848833E-7,2.40831197009083E-5,-3.54295367960837E-7,299.138092,299.1591492,1999.70202636719,1999.70202636719,60.6035672385641,20.7156006109613,6.273368,0,0,0,40,4886,297.20855,1999.70202636719,,,,,,,,,,,,,0,,,,3.59768905,,,,,,299.1486206,,,,
,44277496.145,299.12615965,1999.70202636719,2.38094564298971E-5,3.48264447792222E-7,1,0.999253354069792,40.0298881530762,1.97776712204326,17.9999992251396,0.000268914807567035,4.32104124666075E-5,0.25,-2.37623732188287E-7,2.38096748475114E-5,-2.21634720724286E-7,299.1142273,299.138092,1999.70202636719,1999.70202636719,60.7473868861026,20.7149093031724,6.646428,0,0,0,40,4886,297.12065,1999.70202636719,,,,,,,,,,,,,0,,,,3.59768905,,,,,,299.12615965,,,,
,44277497.305,299.09965515,1999.70202636719,2.45191840649952E-5,4.82144558716254E-7,1,0.999253354069792,40.0298881530762,1.97781628171478,17.9999992251396,0.000277690241280785,4.00967808736233E-5,0.25,-6.35182870093711E-7,2.45196956072524E-5,-6.18715743924598E-7,299.085083,299.1142273,1999.70202636719,1999.70202636719,60.7020524319872,20.7159805035516,6.646428,0,0,0,40,4886,297.07385,1999.70202636719,,,,,,,,,,,,,0,,,,3.59768905,,,,,,299.09965515,,,,
,44277498.51,299.07502745,1999.70202636719,2.35698929623846E-5,4.04458403541142E-7,1,0.999253354069792,40.0298881530762,1.97782034628646,17.9999992251396,0.000266253093536625,4.25622292327351E-5,0.25,-2.54273288484533E-7,2.35701668622306E-5,-2.38436952079627E-7,299.0649719,299.085083,1999.70202636719,1999.70202636719,60.6793852049295,20.7166042450879,6.273368,0,0,0,40,4886,296.98325,1999.70202636719,,,,,,,,,,,,,0,,,,3.59768905,,,,,,299.07502745,,,,
,44277500.65,299.0205688,1999.70202636719,2.43182458867249E-5,3.72357588060019E-7,1,0.999253354069792,40.0298881530762,1.97779011048349,17.9999992251396,0.000274909575344003,4.27062275011805E-5,0.25,-3.69383720902262E-7,2.43186500500401E-5,-3.53039748457456E-7,299.0205688,299.0205688,1999.70202636719,1999.70202636719,60.8091355391218,20.7150008260828,6.273368,0,0,0,40,4886,296.8913,1999.70202636719,,,,,,,,,,,,,0,,,,3.59768905,,,,,,299.0205688,,,,
,44277502.31,298.9967957,1999.70202636719,2.3813118053054E-5,3.91963631018123E-7,1,0.999253354069792,40.0298881530762,1.97771051083535,17.9999992251396,0.00026886609556028,4.37075763853425E-5,0.25,-1.9409491047343E-7,2.38134216266777E-5,-1.78078170600912E-7,298.9967957,298.9967957,1999.70202636719,1999.70202636719,60.8771372202949,20.7157178302306,6.273368,0,0,0,40,4886,296.7145,1999.70202636719,,,,,,,,,,,,,0,,,,3.59768905,,,,,,298.9967957,,,,
,44277503.93,298.9508667,1999.70202636719,2.3915453612616E-5,3.88031825971604E-7,1,0.999253354069792,40.0298881530762,1.97776568535516,17.9999992251396,0.000270845481913579,3.91213050310082E-5,0.25,-6.18458478335592E-7,2.39160845460117E-5,-6.02371009845476E-7,298.9508667,298.9508667,1999.70202636719,1999.70202636719,60.7145584882949,20.7152776463252,6.273368,0,0,0,40,4886,296.6213,1999.70202636719,,,,,,,,,,,,,0,,,,3.5797191,,,,,,298.9508667,,,,
,44277504.64,298.92660525,1999.70202636719,2.45678345984846E-5,3.64179961690864E-7,1,0.999253354069792,40.0298881530762,1.97767952513409,17.9999992251396,0.000278925166894243,3.60760493543027E-5,0.25,-9.99931945238576E-7,2.45687504887247E-5,-9.83406807062774E-7,298.9023438,298.9508667,1999.70202636719,1999.70202636719,60.8450904510064,20.7150917709016,6.646428,0,0,0,40,4886,296.57615,1999.70202636719,,,,,,,,,,,,,0,,,,3.5797191,,,,,,298.92660525,,,,
,44277506.875,298.8783569,1999.70202636719,2.44753214723486E-5,4.36613113545245E-7,1,0.999253354069792,40.0298881530762,1.97777813235303,17.9999992251396,0.000275745583107004,4.84783666775286E-5,0.25,1.1566219921828E-7,2.44755294314615E-5,1.32145286225281E-7,298.8783569,298.8783569,1999.70202636719,1999.70202636719,60.657499606391,20.7170999867048,6.273368,0,0,0,40,4886,296.4407,1999.70202636719,,,,,,,,,,,,,0,,,,3.615659,,,,,,298.8783569,,,,
,44277507.515,298.86123655,1999.70202636719,2.42084056870682E-5,4.21225265501286E-7,1,0.999253354069792,40.0298881530762,1.97778527492492,17.9999992251396,0.000274396682872666,3.82556930326884E-5,0.25,-7.4536471513908E-7,2.42092058487297E-5,-7.29068941211912E-7,298.8441162,298.8783569,1999.70202636719,1999.70202636719,60.9920366126218,20.7163682113754,6.646428,0,0,0,40,4886,296.3956,1999.70202636719,,,,,,,,,,,,,0,,,,3.615659,,,,,,298.86123655,,,,
,44277508.625,298.83161925,1999.70202636719,2.4135732958744E-5,3.7418936767522E-7,1,0.999253354069792,40.0298881530762,1.97780957070369,17.9999992251396,0.000273260924904012,3.99872302311212E-5,0.25,-5.7942598550286E-7,2.41364471111788E-5,-5.63171850562766E-7,298.8191223,298.8441162,1999.70202636719,1999.70202636719,60.5590144129679,20.716559850265,6.273368,0,0,0,40,4886,296.3054,1999.70202636719,,,,,,,,,,,,,0,,,,3.59768905,,,,,,298.83161925,,,,
,44277510.645,298.7779541,1999.70202636719,2.37825750862761E-5,5.19277194481131E-7,1,0.999253354069792,40.0298881530762,1.97778740426415,17.9999992251396,0.0002694010613653,3.85776766080818E-5,0.25,-6.44048125621184E-7,2.37833755919273E-5,-6.28022555174727E-7,298.7639465,298.7919617,1999.70202636719,1999.70202636719,60.7450420005449,20.7145689567154,6.273368,0,0,0,40,4886,296.1267,1999.70202636719,,,,,,,,,,,,,0,,,,3.5797191,,,,,,298.7779541,,,,
,44277512.24,298.7342834,1999.70202636719,2.41820614632937E-5,3.89784494858439E-7,1,0.999253354069792,40.0298881530762,1.97776658696529,17.9999992251396,0.000274631505975732,3.50865313863001E-5,0.25,-1.02193708126674E-6,2.41831627145119E-5,-1.00564640324306E-6,298.7342834,298.7342834,1999.70202636719,1999.70202636719,60.5175881014487,20.7167428043021,6.646428,0,0,0,40,4886,296.0775,1999.70202636719,,,,,,,,,,,,,0,,,,3.5797191,,,,,,298.7342834,,,,
,44277513.735,298.69023135,1999.70202636719,2.45142064710002E-5,3.70018589846372E-7,1,0.999253354069792,40.0298881530762,1.97780313973461,17.9999992251396,0.000276909327099007,4.43420436761273E-5,0.25,-2.57941062206617E-7,2.45148380747317E-5,-2.41402183379754E-7,298.6757813,298.7046814,1999.70202636719,1999.70202636719,60.647338435641,20.7172192085462,6.273368,0,0,0,40,4886,295.9032,1999.70202636719,,,,,,,,,,,,,0,,,,3.59768905,,,,,,298.69023135,,,,
,44277514.425,298.66102605,1999.70202636719,2.38546027841266E-5,4.19875886005835E-7,1,0.999253354069792,40.0298881530762,1.97777900148551,17.9999992251396,0.000269667893639782,4.19070921184651E-5,0.25,-3.61096930896296E-7,2.38553180412677E-5,-3.45005318337396E-7,298.6462708,298.6757813,1999.70202636719,1999.70202636719,60.9037125899487,20.7157705053956,6.646428,0,0,0,40,4886,295.9004,1999.70202636719,,,,,,,,,,,,,0,,,,3.59768905,,,,,,298.66102605,,,,
,44277515.715,298.62950135,1999.70202636719,2.38534458699639E-5,4.56754342766528E-7,1,0.999253354069792,40.0298881530762,1.97777727075039,17.9999992251396,0.000271363339562851,3.19108705439558E-5,0.25,-1.24745191005531E-6,2.38547874981372E-5,-1.23137406092909E-6,298.6127319,298.6462708,1999.70202636719,1999.70202636719,60.7911580831795,20.7164872906257,6.646428,0,0,0,40,4886,295.808,1999.70202636719,,,,,,,,,,,,,0,,,,3.615659,,,,,,298.62950135,,,,
,44277516.995,298.5967865,1999.70202636719,2.42814258157453E-5,3.94351587541828E-7,1,0.999253354069792,40.0298881530762,1.9777865013617,17.9999992251396,0.000275191794735644,3.85788123536086E-5,0.25,-7.29270331512602E-7,2.42824562646488E-5,-7.12887654131017E-7,298.5808411,298.6127319,1999.70202636719,1999.70202636719,60.782560169468,20.7169307548478,6.646428,0,0,0,40,4886,295.7184,1999.70202636719,,,,,,,,,,,,,0,,,,3.59768905,,,,,,298.5967865,,,,
,44277519.175,298.53349305,1999.70202636719,2.35779999647303E-5,3.96346538460766E-7,1,0.999253354069792,40.0298881530762,1.97780582615236,17.9999992251396,0.000265952823516407,4.48902322013478E-5,0.25,-4.93383553684256E-8,2.35786110715687E-5,-3.34043049616956E-8,298.5164795,298.5505066,1999.70202636719,1999.70202636719,60.8747923347372,20.7143985272957,6.273368,0,0,0,40,4886,295.5396,1999.70202636719,,,,,,,,,,,,,0,,,,3.59768905,,,,,,298.53349305,,,,
,44277520.705,298.4846191,1999.70202636719,2.4744869518455E-5,3.98764280672079E-7,1,0.999253354069792,40.0298881530762,1.97781895035336,17.9999992251396,0.00028075704068232,3.75183911142382E-5,0.25,-9.02628718940575E-7,2.4746131028703E-5,-8.85916711855653E-7,298.4846191,298.4846191,1999.70202636719,1999.70202636719,61.0147038396795,20.717961631316,6.646428,0,0,0,40,4886,295.3639,1999.70202636719,,,,,,,,,,,,,0,,,,3.615659,,,,,,298.4846191,,,,
,44277522.22,298.4520264,1999.70202636719,2.40315901360905E-5,3.67794792597963E-7,1,0.999253354069792,40.0298881530762,1.97779859856297,17.9999992251396,0.000270902201474545,4.67298739075631E-5,0.25,3.62560007908197E-8,2.40322266372632E-5,5.25198354646841E-8,298.4520264,298.4520264,1999.70202636719,1999.70202636719,60.789594826141,20.7172228121747,6.646428,0,0,0,40,4886,295.2192,1999.70202636719,,,,,,,,,,,,,0,,,,3.5797191,,,,,,298.4520264,,,,
,44277523.79,298.383606,1999.70202636719,2.41307799071525E-5,2.86893640250336E-7,1,0.999253354069792,40.0298881530762,1.97778216252365,17.9999992251396,0.00027189272037429,4.7660522918157E-5,0.25,1.01850021011869E-7,2.41314363745788E-5,1.18191971047016E-7,298.383606,298.383606,1999.70202636719,1999.70202636719,60.965461242968,20.7152706609583,6.273368,0,0,0,40,4886,295.08425,1999.70202636719,,,,,,,,,,,,,0,,,,3.59768905,,,,,,298.383606,,,,
,44277525.275,298.3459473,1999.70202636719,2.36076128664793E-5,4.17080447607992E-7,1,0.999253354069792,40.0298881530762,1.97776559045349,17.9999992251396,0.000266268093706153,4.50363771981903E-5,0.25,-4.14248782344911E-8,2.36083837288995E-5,-2.54355912020664E-8,298.3459473,298.3459473,1999.70202636719,1999.70202636719,60.8364925372949,20.7160318943984,6.646428,0,0,0,40,4886,294.9925,1999.70202636719,,,,,,,,,,,,,0,,,,3.615659,,,,,,298.3459473,,,,
,44277526.88,298.2805176,1999.70202636719,2.45621079127677E-5,3.6487437474919E-7,1,0.999253354069792,40.0298881530762,1.97777470923988,17.9999992251396,0.000279347630898601,3.33328978468949E-5,0.25,-1.24257428028653E-6,2.4563782853965E-5,-1.22597020508165E-6,298.2805176,298.2805176,1999.70202636719,1999.70202636719,60.7145584882949,20.7176968645146,6.273368,0,0,0,40,4886,294.8577,1999.70202636719,,,,,,,,,,,,,0,,,,3.615659,,,,,,298.2805176,,,,
,44277527.605,298.2637024,1999.70202636719,2.42528506982952E-5,3.46858430003465E-7,1,0.999253354069792,40.0298881530762,1.97776080443841,17.9999992251396,0.000274776274718787,3.90697241216772E-5,0.25,-6.80910750457103E-7,2.42541495670224E-5,-6.64491829829451E-7,298.2468872,298.2805176,1999.70202636719,1999.70202636719,60.4222294221025,20.7151575868908,6.273368,0,0,0,40,4886,294.7703,1999.70202636719,,,,,,,,,,,,,0,,,,3.615659,,,,,,298.2637024,,,,
,44277528.855,298.2247009,1999.70202636719,2.37133289664293E-5,3.09106522208992E-7,1,0.999253354069792,40.0298881530762,1.97777485596453,17.9999992251396,0.000268431644639106,3.95712237598281E-5,0.25,-5.44242687549759E-7,2.37145509665867E-5,-5.28177026643377E-7,298.2025146,298.2468872,1999.70202636719,1999.70202636719,61.0381526952565,20.7172688048547,6.646428,0,0,0,40,4886,294.6385,1999.70202636719,,,,,,,,,,,,,0,,,,3.59768905,,,,,,298.2247009,,,,
,44277530.1,298.18611145,1999.70202636719,2.39552654450206E-5,3.47536616028704E-7,1,0.999253354069792,40.0298881530762,1.97780001623747,17.9999992251396,0.00027120080237527,3.98187954451803E-5,0.25,-5.63698112411761E-7,2.39565439312929E-5,-5.47464001610426E-7,298.1697083,298.2025146,1999.70202636719,1999.70202636719,60.6035672385641,20.7169506735934,6.646428,0,0,0,40,4886,294.54975,1999.70202636719,,,,,,,,,,,,,0,,,,3.59768905,,,,,,298.18611145,,,,
,44277532.235,298.07901,1999.70202636719,2.39906811544791E-5,4.66950762612684E-7,1,0.999253354069792,40.0298881530762,1.97782529270087,17.9999992251396,0.000271650725750186,3.96175511538417E-5,0.25,-5.87671295988723E-7,2.39920734984409E-5,-5.71401756420703E-7,298.07901,298.07901,1999.70202636719,1999.70202636719,60.8865167625257,20.7168952642066,6.646428,0,0,0,40,4886,294.3283,1999.70202636719,,,,,,,,,,,,,0,,,,3.615659,,,,,,298.07901,,,,
,44277533.705,298.0454712,1999.70202636719,2.40482202216442E-5,4.41212060895862E-7,1,0.999253354069792,40.0298881530762,1.97780055869112,17.9999992251396,0.000271728107694432,4.3053710047255E-5,0.25,-2.92745236281588E-7,2.40494442181016E-5,-2.76412869148593E-7,298.0454712,298.0454712,1999.70202636719,1999.70202636719,60.7817785409487,20.7158500075641,6.273368,0,0,0,40,4886,294.1486,1999.70202636719,,,,,,,,,,,,,0,,,,3.5797191,,,,,,298.0454712,,,,
,44277535.165,297.98669435,1999.70202636719,2.38260802525763E-5,3.55813341750997E-7,1,0.999253354069792,40.0298881530762,1.97780397308398,17.9999992251396,0.000269547689226707,4.0734088625034E-5,0.25,-4.60512267244044E-7,2.38274609954593E-5,-4.44327775671522E-7,297.9655762,298.0078125,1999.70202636719,1999.70202636719,60.9592082148141,20.7158089081004,6.646428,0,0,0,40,4886,293.9774,1999.70202636719,,,,,,,,,,,,,0,,,,3.59768905,,,,,,297.98669435,,,,
,44277536.67,297.9280701,1999.70202636719,2.42331097578807E-5,3.09768703239932E-7,1,0.999253354069792,40.0298881530762,1.97774618298121,17.9999992251396,0.00027372011534423,4.39168793897067E-5,0.25,-2.47733618445704E-7,2.42344172936958E-5,-2.31257180912953E-7,297.9280701,297.9280701,1999.70202636719,1999.70202636719,60.904494218468,20.7157460740844,6.273368,0,0,0,40,4886,293.8863,1999.70202636719,,,,,,,,,,,,,0,,,,3.5797191,,,,,,297.9280701,,,,
,44277538.185,297.86839295,1999.70202636719,2.38274082656351E-5,3.86963374894824E-7,1,0.999253354069792,40.0298881530762,1.97777564552853,17.9999992251396,0.000267956703951169,5.01161593814135E-5,0.25,3.713376231918E-7,2.38283287007212E-5,3.87573958592834E-7,297.8460693,297.8907166,1999.70202636719,1999.70202636719,60.8607230213911,20.7161284931432,6.646428,0,0,0,40,4886,293.7954,1999.70202636719,,,,,,,,,,,,,0,,,,3.615659,,,,,,297.86839295,,,,
,44277539.73,297.7989502,1999.70202636719,2.44180065028817E-5,3.82549200707257E-7,1,0.999253354069792,40.0298881530762,1.97778768613097,17.9999992251396,0.000274897122898592,4.96249069551589E-5,0.25,2.26760135846125E-7,2.44191174022338E-5,2.43403852078389E-7,297.7989502,297.7989502,1999.70202636719,1999.70202636719,60.772398998718,20.718066048555,6.273368,0,0,0,40,4886,293.6191,1999.70202636719,,,,,,,,,,,,,0,,,,3.615659,,,,,,297.7989502,,,,
,44277541.265,297.7556152,1999.70202636719,2.455398135239E-5,3.94382493550219E-7,1,0.999253354069792,40.0298881530762,1.97776125573129,17.9999992251396,0.000278626867527617,3.7019494481347E-5,0.25,-9.14370458184945E-7,2.45559161880278E-5,-8.97682841934131E-7,297.7556152,297.7556152,1999.70202636719,1999.70202636719,60.8052273965257,20.7162953809582,6.273368,0,0,0,40,4886,293.4445,1999.70202636719,,,,,,,,,,,,,0,,,,3.615659,,,,,,297.7556152,,,,
,44277541.97,297.72982785,1999.70202636719,2.43305115706756E-5,3.0215945452387E-7,1,0.999253354069792,40.0298881530762,1.97772121332681,17.9999992251396,0.00027414162042676,4.80557474741231E-5,0.25,1.02664567321136E-7,2.43317644178486E-5,1.19260219554837E-7,297.7040405,297.7556152,1999.70202636719,1999.70202636719,60.769272484641,20.718246113308,6.273368,0,0,0,40,4886,293.3566,1999.70202636719,,,,,,,,,,,,,0,,,,3.615659,,,,,,297.72982785,,,,
,44277544.19,297.6156921,1999.70202636719,2.39856824534357E-5,3.60904849080165E-7,1,0.999253354069792,40.0298881530762,1.97782743767418,17.9999992251396,0.000271313767673415,4.12791589583172E-5,0.25,-4.39607109782399E-7,2.39873886539293E-5,-4.23260452475265E-7,297.6156921,297.6156921,1999.70202636719,1999.70202636719,60.8216415954295,20.7170009873116,6.646428,0,0,0,40,4886,293.09455,1999.70202636719,,,,,,,,,,,,,0,,,,3.5797191,,,,,,297.6156921,,,,
,44277544.905,297.5860443,1999.70202636719,2.36887136253378E-5,3.40407188048004E-7,1,0.999253354069792,40.0298881530762,1.97775715943296,17.9999992251396,0.000267244033146792,4.48719508781154E-5,0.25,-7.00970710847123E-8,2.36901762635362E-5,-5.39257554391426E-8,297.5563965,297.6156921,1999.70202636719,1999.70202636719,60.7888131976218,20.716499027212,6.646428,0,0,0,40,4886,293.00685,1999.70202636719,,,,,,,,,,,,,0,,,,3.5797191,,,,,,297.5860443,,,,
,44277546.07,297.53450015,1999.70202636719,2.4168870425872E-5,4.18581188532458E-7,1,0.999253354069792,40.0298881530762,1.97779316560906,17.9999992251396,0.000274246797528034,3.6536293912133E-5,0.25,-8.91506853738491E-7,2.41709691468057E-5,-8.75046816544041E-7,297.5126038,297.5563965,1999.70202636719,1999.70202636719,60.7270645446026,20.7178121686938,6.273368,0,0,0,40,4886,292.83435,1999.70202636719,,,,,,,,,,,,,0,,,,3.59768905,,,,,,297.53450015,,,,
,44277548.24,297.418396,1999.70202636719,2.40686897349724E-5,2.72944895586569E-7,1,0.999253354069792,40.0298881530762,1.9778074493114,17.9999992251396,0.000272300218250208,4.11403876887569E-5,0.25,-4.66122056861129E-7,2.40705967476257E-5,-4.4969715662483E-7,297.418396,297.418396,1999.70202636719,1999.70202636719,60.8224232239487,20.7171295306536,6.273368,0,0,0,40,4886,292.69895,1999.70202636719,,,,,,,,,,,,,0,,,,3.59768905,,,,,,297.418396,,,,
,44277549.82,297.3695374,1999.70202636719,2.39836724850225E-5,3.47712100673925E-7,1,0.999253354069792,40.0298881530762,1.97783065502487,17.9999992251396,0.000271413465908139,4.05770331317939E-5,0.25,-5.01603865163672E-7,2.39856418779741E-5,-4.85231470206773E-7,297.3695374,297.3695374,1999.70202636719,1999.70202636719,60.6191998089487,20.7178038479728,6.646428,0,0,0,40,4886,292.5665,1999.70202636719,,,,,,,,,,,,,0,,,,3.59768905,,,,,,297.3695374,,,,
,44277551.36,297.2724304,1999.70202636719,2.42352812576998E-5,3.78831080747317E-7,1,0.999253354069792,40.0298881530762,1.97781845296111,17.9999992251396,0.000272858950809072,4.91993722034015E-5,0.25,2.20022631704925E-7,2.42368616853232E-5,2.36631588810399E-7,297.2724304,297.2724304,1999.70202636719,1999.70202636719,60.7778703983526,20.7173671071207,6.646428,0,0,0,40,4886,292.34955,1999.70202636719,,,,,,,,,,,,,0,,,,3.5797191,,,,,,297.2724304,,,,
,44277553.255,297.19519045,1999.70202636719,2.419058466348E-5,3.96107519025673E-7,1,0.999253354069792,40.0298881530762,1.97775100787466,17.9999992251396,0.00027389870029922,4.00341557945926E-5,0.25,-5.85035146852185E-7,2.41927828446802E-5,-5.68501297989188E-7,297.1673279,297.223053,1999.70202636719,1999.70202636719,60.7294094301603,20.7179510255203,6.273368,0,0,0,40,4886,292.133,1999.70202636719,,,,,,,,,,,,,0,,,,3.5797191,,,,,,297.19519045,,,,
,44277554.18,297.1457825,1999.70202636719,2.40533766545751E-5,3.70529783272668E-7,1,0.999253354069792,40.0298881530762,1.97778491068184,17.9999992251396,0.000270763460725597,4.90890494589231E-5,0.25,2.41365523369175E-7,2.40550427237492E-5,2.57873078864283E-7,297.1242371,297.1673279,1999.70202636719,1999.70202636719,60.8318027661795,20.7168577244408,6.646428,0,0,0,40,4886,292.0459,1999.70202636719,,,,,,,,,,,,,0,,,,3.59768905,,,,,,297.1457825,,,,
,44277556.11,297.0823975,1999.70202636719,2.41473039834932E-5,3.73465721715736E-7,1,0.999253354069792,40.0298881530762,1.97780644247835,17.9999992251396,0.000272876284501293,4.31273989991943E-5,0.25,-3.03449353168281E-7,2.41494076861439E-5,-2.86907626190882E-7,297.0823975,297.0823975,1999.70202636719,1999.70202636719,61.0076691830065,20.7178236127575,6.646428,0,0,0,40,4886,291.8692,1999.70202636719,,,,,,,,,,,,,0,,,,3.5797191,,,,,,297.0823975,,,,
,44277557.59,296.9781189,1999.70202636719,2.43360173417383E-5,3.9997710527939E-7,1,0.999253354069792,40.0298881530762,1.97783326039143,17.9999992251396,0.000275713836482565,3.9368366420518E-5,0.25,-6.69139317459009E-7,2.43384820539803E-5,-6.52487534711959E-7,296.9781189,296.9781189,1999.70202636719,1999.70202636719,60.7372257153526,20.7168319670927,6.273368,0,0,0,40,4886,291.6955,1999.70202636719,,,,,,,,,,,,,0,,,,3.5797191,,,,,,296.9781189,,,,
,44277558.23,296.95018005,1999.70202636719,2.40682302793774E-5,4.44087280181808E-7,1,0.999253354069792,40.0298881530762,1.97780138713254,17.9999992251396,0.000272736658840685,3.85800580980231E-5,0.25,-6.93223786923095E-7,2.40707145838619E-5,-6.76753228753644E-7,296.9222412,296.9781189,1999.70202636719,1999.70202636719,61.0811422638142,20.7169873437572,6.646428,0,0,0,40,4886,291.617,1999.70202636719,,,,,,,,,,,,,0,,,,3.59768905,,,,,,296.95018005,,,,
,44277559.39,296.89741515,1999.70202636719,2.41441837465793E-5,3.98744806340814E-7,1,0.999253354069792,40.0298881530762,1.97782545699177,17.9999992251396,0.000271945938452162,4.83839944864418E-5,0.25,1.63151689243033E-7,2.41461334226818E-5,1.79757330389862E-7,296.8725891,296.9222412,1999.70202636719,1999.70202636719,60.6528098352756,20.7177961893099,6.273368,0,0,0,40,4886,291.45305,1999.70202636719,,,,,,,,,,,,,0,,,,3.615659,,,,,,296.89741515,,,,
,44277560.57,296.84402465,1999.70202636719,2.43827398875404E-5,4.21115664952516E-7,1,0.999253354069792,40.0298881530762,1.97779812575637,17.9999992251396,0.000276081812701673,4.0368074979393E-5,0.25,-5.8845772908208E-7,2.4385274927276E-5,-5.71741753813422E-7,296.8154602,296.8725891,1999.70202636719,1999.70202636719,60.8685393065834,20.7184556458408,6.646428,0,0,0,40,4886,291.2822,1999.70202636719,,,,,,,,,,,,,0,,,,3.59768905,,,,,,296.84402465,,,,
,44277561.72,296.75967405,1999.70202636719,2.38066706025689E-5,4.25707524838083E-7,1,0.999253354069792,40.0298881530762,1.97779727416932,17.9999992251396,0.000269580941318323,3.92908646023849E-5,0.25,-5.85525362781407E-7,2.38092285545581E-5,-5.6919554532004E-7,296.7038879,296.8154602,1999.70202636719,1999.70202636719,61.0803606352949,20.7163696638691,6.646428,0,0,0,40,4886,291.11025,1999.70202636719,,,,,,,,,,,,,0,,,,3.59768905,,,,,,296.75967405,,,,
,44277563.68,296.6549072,1999.70202636719,2.44331120272917E-5,4.43659331768067E-7,1,0.999253354069792,40.0298881530762,1.97780197430854,17.9999992251396,0.00027598999758624,4.43396465801198E-5,0.25,-2.449244357463E-7,2.44355881511519E-5,-2.28120431602812E-7,296.6549072,296.6549072,1999.70202636719,1999.70202636719,60.833366023218,20.7170713683954,6.273368,0,0,0,40,4886,290.9193,1999.70202636719,,,,,,,,,,,,,0,,,,3.615659,,,,,,296.6549072,,,,
,44277564.44,296.6262512,1999.70202636719,2.4140392967855E-5,3.95911783773083E-7,1,0.999253354069792,40.0298881530762,1.9777477068095,17.9999992251396,0.000272210042963933,4.65368753089771E-5,0.25,7.00641239662965E-11,2.41426986361229E-5,1.66986693559808E-8,296.5975952,296.6549072,1999.70202636719,1999.70202636719,60.9920366126218,20.7170050508625,6.273368,0,0,0,40,4886,290.87465,1999.70202636719,,,,,,,,,,,,,0,,,,3.615659,,,,,,296.6262512,,,,
,44277565.745,296.5693512,1999.70202636719,2.4018672727594E-5,3.26719040560247E-7,1,0.999253354069792,40.0298881530762,1.97779145288901,17.9999992251396,0.000272364198055314,3.74098445989018E-5,0.25,-7.8861879145791E-7,2.40215612666883E-5,-7.72142097041613E-7,296.5411072,296.5975952,1999.70202636719,1999.70202636719,60.8075722820834,20.7174174088141,6.646428,0,0,0,40,4886,290.74345,1999.70202636719,,,,,,,,,,,,,0,,,,3.615659,,,,,,296.5693512,,,,
,44277567.005,296.4807587,1999.70202636719,2.41600230930142E-5,3.04379597073523E-7,1,0.999253354069792,40.0298881530762,1.97785218131452,17.9999992251396,0.000272930390064752,4.37474657983307E-5,0.25,-2.50894678309253E-7,2.41626350520913E-5,-2.34258570728809E-7,296.4204102,296.5411072,1999.70202636719,1999.70202636719,60.8200783383911,20.7195598840756,6.273368,0,0,0,40,4886,290.5931,1999.70202636719,,,,,,,,,,,,,0,,,,3.615659,,,,,,296.4807587,,,,
,44277569.055,296.359314,1999.70202636719,2.40672748312694E-5,3.43198989344283E-7,1,0.999253354069792,40.0298881530762,1.9777783561869,17.9999992251396,0.000272849337550349,3.78741314977273E-5,0.25,-7.55785774422046E-7,2.40703353394036E-5,-7.39251995827115E-7,296.359314,296.359314,1999.70202636719,1999.70202636719,60.9771856707564,20.7175369077653,6.273368,0,0,0,40,4886,290.359,1999.70202636719,,,,,,,,,,,,,0,,,,3.5797191,,,,,,296.359314,,,,
,44277569.73,296.33093265,1999.70202636719,2.43642164152724E-5,3.92886849139057E-7,1,0.999253354069792,40.0298881530762,1.97775505470461,17.9999992251396,0.000275013618645414,4.5356294644651E-5,0.25,-1.42991489424873E-7,2.43669109084434E-5,-1.26182258803304E-7,296.3025513,296.359314,1999.70202636719,1999.70202636719,60.657499606391,20.71867098565,6.273368,0,0,0,40,4886,290.27265,1999.70202636719,,,,,,,,,,,,,0,,,,3.59768905,,,,,,296.33093265,,,,
,44277570.94,296.24266055,1999.70202636719,2.39820863415036E-5,4.4593618198636E-7,1,0.999253354069792,40.0298881530762,1.97780864614981,17.9999992251396,0.000271507299295153,3.99718854912069E-5,0.25,-5.55273645553563E-7,2.39851043994041E-5,-5.38765276387709E-7,296.1827698,296.3025513,1999.70202636719,1999.70202636719,60.5848081541026,20.7170259597778,6.646428,0,0,0,40,4886,290.1445,1999.70202636719,,,,,,,,,,,,,0,,,,3.59768905,,,,,,296.24266055,,,,
,44277572.19,296.15786745,1999.70202636719,2.41275131184264E-5,4.25968946127604E-7,1,0.999253354069792,40.0298881530762,1.97779368655341,17.9999992251396,0.000272425175088356,4.44691460130376E-5,0.25,-1.81316326167449E-7,2.41303654626124E-5,-1.64657386368955E-7,296.1329651,296.1827698,1999.70202636719,1999.70202636719,60.9982896407757,20.7185744398175,6.273368,0,0,0,40,4886,290.00535,1999.70202636719,,,,,,,,,,,,,0,,,,3.59768905,,,,,,296.15786745,,,,
,44277573.425,296.09887695,1999.70202636719,2.45021514579704E-5,3.81467285304284E-7,1,0.999253354069792,40.0298881530762,1.9778003604736,17.9999992251396,0.000277300677039024,4.13932495786061E-5,0.25,-5.18165372326382E-7,2.45053328514839E-5,-5.01274003291584E-7,296.0647888,296.1329651,1999.70202636719,1999.70202636719,60.7325359442372,20.7174065771602,6.646428,0,0,0,40,4886,289.82445,1999.70202636719,,,,,,,,,,,,,0,,,,3.59768905,,,,,,296.09887695,,,,
,44277575.41,296.0101318,1999.70202636719,2.43076462695377E-5,3.98348442556637E-7,1,0.999253354069792,40.0298881530762,1.9777378825518,17.9999992251396,0.000274028658394082,4.72834073295586E-5,0.25,3.75177463688062E-8,2.43105011138028E-5,5.4353764247209E-8,296.0101318,296.0101318,1999.70202636719,1999.70202636719,60.8755739632564,20.7184197680306,6.273368,0,0,0,40,4886,289.6077,1999.70202636719,,,,,,,,,,,,,0,,,,3.5797191,,,,,,296.0101318,,,,
,44277576.125,295.94677735,1999.70202636719,2.40768882837535E-5,3.69648581241333E-7,1,0.999253354069792,40.0298881530762,1.97775202258705,17.9999992251396,0.000272903535835477,3.82142764157533E-5,0.25,-7.27331315206146E-7,2.4080302835375E-5,-7.10741946370883E-7,295.8834229,296.0101318,1999.70202636719,1999.70202636719,60.9255981884872,20.7181263672279,6.273368,0,0,0,40,4886,289.528,1999.70202636719,,,,,,,,,,,,,0,,,,3.59768905,,,,,,295.94677735,,,,
,44277578.235,295.8143005,1999.70202636719,2.41644673848604E-5,4.1156752638251E-7,1,0.999253354069792,40.0298881530762,1.97770830891738,17.9999992251396,0.000273406995914017,4.11884158678906E-5,0.25,-4.78516927803618E-7,2.41678399640764E-5,-4.61818829628645E-7,295.8143005,295.8143005,1999.70202636719,1999.70202636719,60.8693209351026,20.7178336612635,6.273368,0,0,0,40,4886,289.2344,1999.70202636719,,,,,,,,,,,,,0,,,,3.5797191,,,,,,295.8143005,,,,
,44277578.955,295.7770233,1999.70202636719,2.46114622672562E-5,3.66198347383801E-7,1,0.999253354069792,40.0298881530762,1.97780573001748,17.9999992251396,0.000279434394226997,3.63579106791185E-5,0.25,-9.83476620551909E-7,2.46152757234321E-5,-9.66527358675746E-7,295.7397461,295.8143005,1999.70202636719,1999.70202636719,61.1006829767949,20.7188135411168,6.646428,0,0,0,40,4886,289.14845,1999.70202636719,,,,,,,,,,,,,0,,,,3.5797191,,,,,,295.7770233,,,,
,44277580.14,295.70892335,1999.70202636719,2.44468214911067E-5,3.42548286326158E-7,1,0.999253354069792,40.0298881530762,1.97775191297234,17.9999992251396,0.00027610222921414,4.46325078949497E-5,0.25,-2.21473100041639E-7,2.44501477044113E-5,-2.04533024945038E-7,295.6781006,295.7397461,1999.70202636719,1999.70202636719,60.8732290776988,20.7177177253882,6.646428,0,0,0,40,4886,289.02545,1999.70202636719,,,,,,,,,,,,,0,,,,3.5797191,,,,,,295.70892335,,,,
,44277581.31,295.6480255,1999.70202636719,2.40968834062349E-5,3.84436383822074E-7,1,0.999253354069792,40.0298881530762,1.97779865895447,17.9999992251396,0.000272407606800505,4.25276181664368E-5,0.25,-3.48410325160815E-7,2.41003072435118E-5,-3.31721881616086E-7,295.6179504,295.6781006,1999.70202636719,1999.70202636719,60.4753801614103,20.7171981513579,6.646428,0,0,0,40,4886,288.9025,1999.70202636719,,,,,,,,,,,,,0,,,,3.59768905,,,,,,295.6480255,,,,
,44277583.38,295.4777222,1999.70202636719,2.44408745728525E-5,3.40959727669472E-7,1,0.999253354069792,40.0298881530762,1.97784436131875,17.9999992251396,0.000276369523612067,4.27537069256952E-5,0.25,-3.87296718070608E-7,2.44445271487959E-5,-3.70358810967035E-7,295.4777222,295.4777222,1999.70202636719,1999.70202636719,60.6465568071218,20.7181410304105,6.273368,0,0,0,40,4886,288.6449,1999.70202636719,,,,,,,,,,,,,0,,,,3.615659,,,,,,295.4777222,,,,
,44277584.84,295.414032,1999.70202636719,2.46701951589477E-5,2.82312272524362E-7,1,0.999253354069792,40.0298881530762,1.97778704893616,17.9999992251396,0.000279796776978325,3.82332967989327E-5,0.25,-8.27275508454567E-7,2.46742442077416E-5,-8.10229609574803E-7,295.414032,295.414032,1999.70202636719,1999.70202636719,60.9943814981795,20.7191105468489,6.646428,0,0,0,40,4886,288.4843,1999.70202636719,,,,,,,,,,,,,0,,,,3.59768905,,,,,,295.414032,,,,
,44277586.36,295.2625122,1999.70202636719,2.42820025963429E-5,3.92443394393666E-7,1,0.999253354069792,40.0298881530762,1.9777907407208,17.9999992251396,0.000274281211330762,4.41534819410151E-5,0.25,-2.35966740872404E-7,2.42857238016236E-5,-2.19093993648933E-7,295.2625122,295.2625122,1999.70202636719,1999.70202636719,60.8888616480834,20.7176264365789,6.273368,0,0,0,40,4886,288.2713,1999.70202636719,,,,,,,,,,,,,0,,,,3.615659,,,,,,295.2625122,,,,
,44277587.07,295.2297363,1999.70202636719,2.41889032089389E-5,3.53655246888472E-7,1,0.999253354069792,40.0298881530762,1.97778267578588,17.9999992251396,0.000272990229816388,4.53798833589502E-5,0.25,-1.11292123609248E-7,2.41925534760821E-5,-9.44600767178362E-8,295.1969604,295.2625122,1999.70202636719,1999.70202636719,60.8677576780641,20.7185510927593,6.273368,0,0,0,40,4886,288.1856,1999.70202636719,,,,,,,,,,,,,0,,,,3.59768905,,,,,,295.2297363,,,,
,44277588.165,295.16159055,1999.70202636719,2.3991475571639E-5,3.09317428478488E-7,1,0.999253354069792,40.0298881530762,1.97782104912594,17.9999992251396,0.000272248386348059,3.63503325594981E-5,0.25,-8.78325681025581E-7,2.3995692561601E-5,-8.61740625663155E-7,295.1262207,295.1969604,1999.70202636719,1999.70202636719,60.9263798170064,20.7183078507108,6.273368,0,0,0,40,4886,288.0986,1999.70202636719,,,,,,,,,,,,,0,,,,3.5797191,,,,,,295.16159055,,,,
,44277589.235,295.09269715,1999.70202636719,2.43458883495534E-5,3.48104476529705E-7,1,0.999253354069792,40.0298881530762,1.97772043405036,17.9999992251396,0.000275343580711806,4.22310670087857E-5,0.25,-4.17282875704842E-7,2.43499000085706E-5,-4.0037093804319E-7,295.0591736,295.1262207,1999.70202636719,1999.70202636719,60.9076207325449,20.7179814190083,6.273368,0,0,0,40,4886,287.93245,1999.70202636719,,,,,,,,,,,,,0,,,,3.59768905,,,,,,295.09269715,,,,
,44277591.25,295.0022278,1999.70202636719,2.42922454446048E-5,3.90420553996075E-7,1,0.999253354069792,40.0298881530762,1.97780320033696,17.9999992251396,0.00027484539426986,4.15748314335831E-5,0.25,-4.66480561497421E-7,2.42963653998453E-5,-4.49600389346081E-7,295.0022278,295.0022278,1999.70202636719,1999.70202636719,60.8802637343718,20.717770524336,6.646428,0,0,0,40,4886,287.7236,1999.70202636719,,,,,,,,,,,,,0,,,,3.5797191,,,,,,295.0022278,,,,
,44277591.945,294.92404175,1999.70202636719,2.40938667045823E-5,3.91191926791432E-7,1,0.999253354069792,40.0298881530762,1.97774533440734,17.9999992251396,0.000271444832578851,4.79565249049461E-5,0.25,1.33434236493294E-7,2.40976078101941E-5,1.50276072985405E-7,294.8458557,295.0022278,1999.70202636719,1999.70202636719,60.616854923391,20.7192150377113,6.273368,0,0,0,40,4886,287.63815,1999.70202636719,,,,,,,,,,,,,0,,,,3.59768905,,,,,,294.92404175,,,,
,44277593.1,294.8141327,1999.70202636719,2.44108261432292E-5,3.68724007290745E-7,1,0.999253354069792,40.0298881530762,1.97777031171039,17.9999992251396,0.000275710943645864,4.45478861414916E-5,0.25,-2.23100327738154E-7,2.44149672856771E-5,-2.06083031073036E-7,294.7824097,294.8458557,1999.70202636719,1999.70202636719,60.6715689197372,20.7185998043685,6.646428,0,0,0,40,4886,287.4718,1999.70202636719,,,,,,,,,,,,,0,,,,3.615659,,,,,,294.8141327,,,,
,44277594.295,294.73936465,1999.70202636719,2.42969558668041E-5,3.49089931706367E-7,1,0.999253354069792,40.0298881530762,1.97778015830079,17.9999992251396,0.00027429079214588,4.51364774720847E-5,0.25,-1.51480255595651E-7,2.43010962066996E-5,-1.34519469848517E-7,294.6963196,294.7824097,1999.70202636719,1999.70202636719,60.8779188488141,20.7169134860888,6.646428,0,0,0,40,4886,287.30555,1999.70202636719,,,,,,,,,,,,,0,,,,3.615659,,,,,,294.73936465,,,,
,44277596.345,294.6161804,1999.70202636719,2.46171871111255E-5,4.06950056518332E-7,1,0.999253354069792,40.0298881530762,1.97778993425407,17.9999992251396,0.000277829916930989,4.61914633768867E-5,0.25,-1.12734364205685E-7,2.46214668355368E-5,-9.55254022186044E-8,294.6161804,294.6161804,1999.70202636719,1999.70202636719,60.8560332502757,20.7195072302457,6.273368,0,0,0,40,4886,287.0497,1999.70202636719,,,,,,,,,,,,,0,,,,3.5797191,,,,,,294.6161804,,,,
,44277597.055,294.5816345,1999.70202636719,2.44995173733715E-5,3.11632289726937E-7,1,0.999253354069792,40.0298881530762,1.97779307264049,17.9999992251396,0.000277607353495709,3.95094468702834E-5,0.25,-6.85157511246663E-7,2.45042093215534E-5,-6.68123650632451E-7,294.5470886,294.6161804,1999.70202636719,1999.70202636719,60.8904249051218,20.7177171902009,6.273368,0,0,0,40,4886,286.9685,1999.70202636719,,,,,,,,,,,,,0,,,,3.5797191,,,,,,294.5816345,,,,
,44277598.305,294.5029144,1999.70202636719,2.40689178182314E-5,4.34160798048606E-7,1,0.999253354069792,40.0298881530762,1.97778389636949,17.9999992251396,0.00027315606934828,3.63098374660328E-5,0.25,-8.95268982497937E-7,2.40737539866105E-5,-8.78563708252039E-7,294.4587402,294.5470886,1999.70202636719,1999.70202636719,60.7544215427757,20.7178343493415,6.273368,0,0,0,40,4886,286.80345,1999.70202636719,,,,,,,,,,,,,0,,,,3.59768905,,,,,,294.5029144,,,,
,44277599.47,294.3877258,1999.70202636719,2.40826780576623E-5,4.15407143012211E-7,1,0.999253354069792,40.0298881530762,1.97781235807683,17.9999992251396,0.000272929704313487,3.85975653693651E-5,0.25,-6.94829231180318E-7,2.40874807864412E-5,-6.78073227755486E-7,294.3167114,294.4587402,1999.70202636719,1999.70202636719,60.8497802221218,20.7177495658968,6.273368,0,0,0,40,4886,286.6757,1999.70202636719,,,,,,,,,,,,,0,,,,3.59768905,,,,,,294.3877258,,,,
,44277600.54,294.3167114,1999.70202636719,2.44972139120428E-5,4.00305956064112E-7,1,0.999253354069792,40.0298881530762,1.97782601839286,17.9999992251396,0.000277672386383148,3.90157007240526E-5,0.25,-7.28662744677947E-7,2.45021802050598E-5,-7.11618123565131E-7,294.3167114,294.3167114,1999.70202636719,1999.70202636719,60.7043973175449,20.7182589402944,6.646428,0,0,0,40,4886,286.5916,1999.70202636719,,,,,,,,,,,,,0,,,,3.5797191,,,,,,294.3167114,,,,
,44277601.625,294.24212645,1999.70202636719,2.38407774813668E-5,3.50453491809259E-7,1,0.999253354069792,40.0298881530762,1.97782864874149,17.9999992251396,0.000269986071658195,3.94139126989856E-5,0.25,-5.81147816645686E-7,2.38455875531119E-5,-5.64526712058233E-7,294.1675415,294.3167114,1999.70202636719,1999.70202636719,61.0170487252372,20.718333499509,6.273368,0,0,0,40,4886,286.4264,1999.70202636719,,,,,,,,,,,,,0,,,,3.5797191,,,,,,294.24212645,,,,
,44277602.795,294.128891,1999.70202636719,2.4717485539149E-5,3.38405526403735E-7,1,0.999253354069792,40.0298881530762,1.97773855655792,17.9999992251396,0.000279152556367501,4.52534943837489E-5,0.25,-2.1308721343226E-7,2.47223043030234E-5,-1.9577160135895E-7,294.0902405,294.1675415,1999.70202636719,1999.70202636719,60.728627801641,20.7179637668508,6.273368,0,0,0,40,4886,286.25755,1999.70202636719,,,,,,,,,,,,,0,,,,3.59768905,,,,,,294.128891,,,,
,44277604,294.0447388,1999.70202636719,2.46533762176195E-5,4.08602388783142E-7,1,0.999253354069792,40.0298881530762,1.97779349381327,17.9999992251396,0.000278775954594956,4.31536483009622E-5,0.25,-3.8845367278137E-7,2.46583839240183E-5,-3.71207977006553E-7,293.9992371,294.0902405,1999.70202636719,1999.70202636719,60.8138253102372,20.7172418211992,6.646428,0,0,0,40,4886,286.12745,1999.70202636719,,,,,,,,,,,,,0,,,,3.615659,,,,,,294.0447388,,,,
,44277605.25,293.9613953,1999.70202636719,2.46515269767531E-5,3.68751219731268E-7,1,0.999253354069792,40.0298881530762,1.97782134993276,17.9999992251396,0.000278420195655513,4.51366316126386E-5,0.25,-2.1237952140278E-7,2.46564874841865E-5,-1.9508986267452E-7,293.9235535,293.9992371,1999.70202636719,1999.70202636719,60.8052273965257,20.7191703683419,6.646428,0,0,0,40,4886,285.96075,1999.70202636719,,,,,,,,,,,,,0,,,,3.615659,,,,,,293.9613953,,,,
,44277606.5,293.88949585,1999.70202636719,2.44605364633593E-5,4.1936287125205E-7,1,0.999253354069792,40.0298881530762,1.97784813292228,17.9999992251396,0.000276546486138039,4.3155374647428E-5,0.25,-3.55474589460629E-7,2.4465626271841E-5,-3.38339219490811E-7,293.8554382,293.9235535,1999.70202636719,1999.70202636719,60.8622862784295,20.7184006122061,6.273368,0,0,0,40,4886,285.8379,1999.70202636719,,,,,,,,,,,,,0,,,,3.59768905,,,,,,293.88949585,,,,
,44277607.72,293.78085325,1999.70202636719,2.47250743867526E-5,3.67515818673098E-7,1,0.999253354069792,40.0298881530762,1.97779637294047,17.9999992251396,0.000280166362391287,3.99077269502807E-5,0.25,-6.88609506505424E-7,2.47305519012756E-5,-6.71344476428205E-7,293.7062683,293.8554382,1999.70202636719,1999.70202636719,60.945138901468,20.7175794939587,6.273368,0,0,0,40,4886,285.66965,1999.70202636719,,,,,,,,,,,,,0,,,,3.59768905,,,,,,293.78085325,,,,
,44277608.945,293.6673889,1999.70202636719,2.43445014990783E-5,4.90383875292531E-7,1,0.999253354069792,40.0298881530762,1.97781873149905,17.9999992251396,0.000275182023906021,4.32486038578214E-5,0.25,-3.27370913475144E-7,2.43497516535881E-5,-3.10290187264074E-7,293.6285095,293.7062683,1999.70202636719,1999.70202636719,61.0084508115257,20.7177203472563,6.273368,0,0,0,40,4886,285.5028,1999.70202636719,,,,,,,,,,,,,0,,,,3.59768905,,,,,,293.6673889,,,,
,44277610.125,293.58920285,1999.70202636719,2.44401906237132E-5,4.53929601298154E-7,1,0.999253354069792,40.0298881530762,1.97780320689463,17.9999992251396,0.00027507890900107,5.03405421449876E-5,0.25,2.85127406146137E-7,2.44451008770545E-5,3.02408814946955E-7,293.5498962,293.6285095,1999.70202636719,1999.70202636719,60.7888131976218,20.717048633174,6.273368,0,0,0,40,4886,285.4181,1999.70202636719,,,,,,,,,,,,,0,,,,3.5797191,,,,,,293.58920285,,,,
,44277612.15,293.4801025,1999.70202636719,2.48865141902701E-5,3.61431175547113E-7,1,0.999253354069792,40.0298881530762,1.97780215022743,17.9999992251396,0.00028176943428683,4.15153683877213E-5,0.25,-5.73750915602917E-7,2.48922243875527E-5,-5.56315210735759E-7,293.4801025,293.4801025,1999.70202636719,1999.70202636719,60.9076207325449,20.7162940884704,6.273368,0,0,0,40,4886,285.1231,1999.70202636719,,,,,,,,,,,,,0,,,,3.615659,,,,,,293.4801025,,,,
,44277612.875,293.39108275,1999.70202636719,2.43546298971536E-5,3.44263911289392E-7,1,0.999253354069792,40.0298881530762,1.97781558281351,17.9999992251396,0.000275888056551561,3.98213824540048E-5,0.25,-6.33056941404171E-7,2.43603505664033E-5,-6.16008232593688E-7,293.302063,293.4801025,1999.70202636719,1999.70202636719,60.5543246418526,20.7170496466716,6.646428,0,0,0,40,4886,285.08175,1999.70202636719,,,,,,,,,,,,,0,,,,3.615659,,,,,,293.39108275,,,,
,44277615.115,293.2254028,1999.70202636719,2.44643258435467E-5,3.20871828390041E-7,1,0.999253354069792,40.0298881530762,1.97783879638652,17.9999992251396,0.00027703789136786,4.0572406503812E-5,0.25,-5.85305882757201E-7,2.4470188567375E-5,-5.6814880743772E-7,293.2254028,293.2254028,1999.70202636719,1999.70202636719,60.8411823084103,20.7186616749366,6.646428,0,0,0,40,4886,284.7484,1999.70202636719,,,,,,,,,,,,,0,,,,3.5797191,,,,,,293.2254028,,,,
,44277616.775,293.1273499,1999.70202636719,2.40380771448128E-5,3.79199400943094E-7,1,0.999253354069792,40.0298881530762,1.97782650750617,17.9999992251396,0.000271915222529103,4.15916709275159E-5,0.25,-4.2205862921345E-7,2.4043817797624E-5,-4.05152921552693E-7,293.1273499,293.1273499,1999.70202636719,1999.70202636719,60.7981927398526,20.7174080816478,6.646428,0,0,0,40,4886,284.5386,1999.70202636719,,,,,,,,,,,,,0,,,,3.615659,,,,,,293.1273499,,,,
,44277617.505,293.04602055,1999.70202636719,2.43007290552009E-5,3.65992995118213E-7,1,0.999253354069792,40.0298881530762,1.9778211386566,17.9999992251396,0.000274950843166429,4.16694221448691E-5,0.25,-4.6007928080973E-7,2.43066305686791E-5,-4.42991812551001E-7,292.9646912,293.1273499,1999.70202636719,1999.70202636719,60.7270645446026,20.718509938583,6.646428,0,0,0,40,4886,284.456,1999.70202636719,,,,,,,,,,,,,0,,,,3.59768905,,,,,,293.04602055,,,,
,44277618.73,292.91934205,1999.70202636719,2.42996825497505E-5,3.33908344428245E-7,1,0.999253354069792,40.0298881530762,1.97779165316396,17.9999992251396,0.000274965868295154,4.14948927990708E-5,0.25,-4.75352910044752E-7,2.4305710465477E-5,-4.58259714721139E-7,292.8739929,292.9646912,1999.70202636719,1999.70202636719,61.1467990594295,20.717754896504,6.646428,0,0,0,40,4886,284.28775,1999.70202636719,,,,,,,,,,,,,0,,,,3.59768905,,,,,,292.91934205,,,,
,44277619.93,292.83732605,1999.70202636719,2.45137215280924E-5,2.94143060905778E-7,1,0.999253354069792,40.0298881530762,1.97780080902246,17.9999992251396,0.000276792862298612,4.53527988665491E-5,0.25,-1.69914062704541E-7,2.45196584882616E-5,-1.52585952883304E-7,292.8006592,292.8739929,1999.70202636719,1999.70202636719,60.8075722820834,20.7181437914726,6.646428,0,0,0,40,4886,284.11915,1999.70202636719,,,,,,,,,,,,,0,,,,3.615659,,,,,,292.83732605,,,,
,44277621.98,292.7100525,1999.70202636719,2.44103149025344E-5,3.95110401952515E-7,1,0.999253354069792,40.0298881530762,1.97778897044709,17.9999992251396,0.000276497824090616,4.0056537991361E-5,0.25,-6.21859569787562E-7,2.44166641145926E-5,-6.04696736690953E-7,292.7100525,292.7100525,1999.70202636719,1999.70202636719,60.9037125899487,20.7179301331511,6.273368,0,0,0,40,4886,283.8704,1999.70202636719,,,,,,,,,,,,,0,,,,3.615659,,,,,,292.7100525,,,,
,44277623.505,292.5352783,1999.70202636719,2.44751213678408E-5,4.31282209580305E-7,1,0.999253354069792,40.0298881530762,1.97778516127155,17.9999992251396,0.000276349248800042,4.53331126763474E-5,0.25,-1.65105779909124E-7,2.4481323468E-5,-1.47774906600203E-7,292.5352783,292.5352783,1999.70202636719,1999.70202636719,60.9396675018334,20.7173552715096,6.273368,0,0,0,40,4886,283.6994,1999.70202636719,,,,,,,,,,,,,0,,,,3.615659,,,,,,292.5352783,,,,
,44277625.115,292.4489441,1999.70202636719,2.46987606128606E-5,3.93712205342278E-7,1,0.999253354069792,40.0298881530762,1.97778210457175,17.9999992251396,0.000279624124644748,4.13651735619027E-5,0.25,-5.5519141594269E-7,2.47053751743611E-5,-5.37788177232569E-7,292.4489441,292.4489441,1999.70202636719,1999.70202636719,60.6090386381987,20.7169844666985,6.273368,0,0,0,40,4886,283.5322,1999.70202636719,,,,,,,,,,,,,0,,,,3.615659,,,,,,292.4489441,,,,
,44277626.755,292.2660828,1999.70202636719,2.47680468519914E-5,4.30231506260903E-7,1,0.999253354069792,40.0298881530762,1.97779912468945,17.9999992251396,0.000281247615437905,3.65991338871929E-5,0.25,-9.89697324706767E-7,2.47751584424159E-5,-9.72345358626653E-7,292.2660828,292.2660828,1999.70202636719,1999.70202636719,60.8802637343718,20.7174681156106,6.646428,0,0,0,40,4886,283.3215,1999.70202636719,,,,,,,,,,,,,0,,,,3.5797191,,,,,,292.2660828,,,,
,44277628.275,292.1712952,1999.70202636719,2.44897902635119E-5,4.01170379309729E-7,1,0.999253354069792,40.0298881530762,1.97780015673091,17.9999992251396,0.000275943146033062,4.87388903182209E-5,0.25,1.34242549483113E-7,2.44961179576925E-5,1.51697372252073E-7,292.1712952,292.1712952,1999.70202636719,1999.70202636719,60.7677092276026,20.7184647755421,6.646428,0,0,0,40,4886,283.1942,1999.70202636719,,,,,,,,,,,,,0,,,,3.615659,,,,,,292.1712952,,,,
,44277629.025,292.11665345,1999.70202636719,2.44707015752228E-5,4.19325363198863E-7,1,0.999253354069792,40.0298881530762,1.97777979202974,17.9999992251396,0.000276186075068896,4.60092170506564E-5,0.25,-1.0449791802668E-7,2.44772442480732E-5,-8.71133400457432E-8,292.0620117,292.1712952,1999.70202636719,1999.70202636719,61.0147038396795,20.7172368749669,6.646428,0,0,0,40,4886,283.11075,1999.70202636719,,,,,,,,,,,,,0,,,,3.59768905,,,,,,292.11665345,,,,
,44277631.335,291.8896179,1999.70202636719,2.44496184179593E-5,3.39863224065092E-7,1,0.999253354069792,40.0298881530762,1.97779296818919,17.9999992251396,0.000275607366217586,4.79871805325504E-5,0.25,7.4393228032915E-8,2.44562358219813E-5,9.18412882699121E-8,291.8896179,291.8896179,1999.70202636719,1999.70202636719,60.9427940159103,20.718861073955,6.273368,0,0,0,40,4886,282.697,1999.70202636719,,,,,,,,,,,,,0,,,,3.5797191,,,,,,291.8896179,,,,
,44277632.055,291.8407135,1999.70202636719,2.43505593073581E-5,4.66875693276385E-7,1,0.999253354069792,40.0298881530762,1.97779275307208,17.9999992251396,0.000276091181078206,3.84352005841363E-5,0.25,-7.55613849520172E-7,2.43577861030913E-5,-7.38458055816086E-7,291.7918091,291.8896179,1999.70202636719,1999.70202636719,60.728627801641,20.7191569633173,6.273368,0,0,0,40,4886,282.6133,1999.70202636719,,,,,,,,,,,,,0,,,,3.5797191,,,,,,291.8407135,,,,
,44277633.3,291.7542267,1999.70202636719,2.41874241923531E-5,4.00888259704007E-7,1,0.999253354069792,40.0298881530762,1.9778276345524,17.9999992251396,0.000272814382998909,4.65574194144678E-5,0.25,-7.65545051007781E-9,2.4194151047798E-5,9.60169839523263E-9,291.7166443,291.7918091,1999.70202636719,1999.70202636719,60.8990228188334,20.718734134135,6.646428,0,0,0,40,4886,282.4458,1999.70202636719,,,,,,,,,,,,,0,,,,3.59768905,,,,,,291.7542267,,,,
,44277634.54,291.6643677,1999.70202636719,2.46919604882723E-5,3.10086562646411E-7,1,0.999253354069792,40.0298881530762,1.97783484593522,17.9999992251396,0.000279596320200718,4.11582161809565E-5,0.25,-5.72672795193596E-7,2.46993140048782E-5,-5.55202018362474E-7,291.6120911,291.7166443,1999.70202636719,1999.70202636719,61.0498771230449,20.718642194547,6.646428,0,0,0,40,4886,282.27835,1999.70202636719,,,,,,,,,,,,,0,,,,3.615659,,,,,,291.6643677,,,,
,44277635.78,291.53205875,1999.70202636719,2.48468752855056E-5,4.22732585371084E-7,1,0.999253354069792,40.0298881530762,1.97781227878807,17.9999992251396,0.000281519689277368,4.04168437560826E-5,0.25,-6.64884280909677E-7,2.48544620965939E-5,-6.47319473578999E-7,291.4520264,291.6120911,1999.70202636719,1999.70202636719,60.9615531003718,20.7202814326804,6.646428,0,0,0,40,4886,282.11115,1999.70202636719,,,,,,,,,,,,,0,,,,3.59768905,,,,,,291.53205875,,,,
,44277636.975,291.4045105,1999.70202636719,2.45559902934886E-5,3.8676547259573E-7,1,0.999253354069792,40.0298881530762,1.9778140414622,17.9999992251396,0.000278400222789757,3.89219415605089E-5,0.25,-7.47720415715344E-7,2.45636712805865E-5,-7.30381233743672E-7,291.3569946,291.4520264,1999.70202636719,1999.70202636719,60.6348323793333,20.7203285767639,6.273368,0,0,0,40,4886,281.984,1999.70202636719,,,,,,,,,,,,,0,,,,3.59768905,,,,,,291.4045105,,,,
,44277639.15,291.2617188,1999.70202636719,2.48913081966507E-5,4.6096067557139E-7,1,0.999253354069792,40.0298881530762,1.97783758462801,17.9999992251396,0.000281102297842003,4.59123726822617E-5,0.25,-1.8535053517937E-7,2.48988176142774E-5,-1.67586839090254E-7,291.2617188,291.2617188,1999.70202636719,1999.70202636719,60.8075722820834,20.7187543334081,6.646428,0,0,0,40,4886,281.6925,1999.70202636719,,,,,,,,,,,,,0,,,,3.5797191,,,,,,291.2617188,,,,
,44277640.725,291.0837708,1999.70202636719,2.45280140738898E-5,4.39736544735265E-7,1,0.999253354069792,40.0298881530762,1.97780427285065,17.9999992251396,0.000277904287046863,3.99353327497649E-5,0.25,-6.53146762687311E-7,2.45359154856315E-5,-6.35773530104147E-7,291.0837708,291.0837708,1999.70202636719,1999.70202636719,60.8271129950641,20.7178233860331,6.646428,0,0,0,40,4886,281.52475,1999.70202636719,,,,,,,,,,,,,0,,,,3.5797191,,,,,,291.0837708,,,,
,44277642.225,291.0020752,1999.70202636719,2.42974745226071E-5,3.90384122301054E-7,1,0.999253354069792,40.0298881530762,1.97780658276354,17.9999992251396,0.000274885947209273,4.19431521913224E-5,0.25,-4.35738033920292E-7,2.43052246499008E-5,-4.18452550158429E-7,291.0020752,291.0020752,1999.70202636719,1999.70202636719,60.738788972391,20.7181174498849,6.646428,0,0,0,40,4886,281.3517,1999.70202636719,,,,,,,,,,,,,0,,,,3.5797191,,,,,,291.0020752,,,,
,44277643.725,290.8233643,1999.70202636719,2.42381726950107E-5,3.53389236464643E-7,1,0.999253354069792,40.0298881530762,1.97779619851173,17.9999992251396,0.000274577621551131,3.97231089972868E-5,0.25,-6.22453467701068E-7,2.42462018536573E-5,-6.05256446209335E-7,290.8233643,290.8233643,1999.70202636719,1999.70202636719,60.8677576780641,20.718864445788,6.646428,0,0,0,40,4886,281.14485,1999.70202636719,,,,,,,,,,,,,0,,,,3.59768905,,,,,,290.8233643,,,,
,44277645.255,290.7250061,1999.70202636719,2.53055179450385E-5,3.7854444683142E-7,1,0.999253354069792,40.0298881530762,1.97781330352751,17.9999992251396,0.00028608831144028,4.48880463991621E-5,0.25,-3.47084328230455E-7,2.53137765445682E-5,-3.29020321879734E-7,290.7250061,290.7250061,1999.70202636719,1999.70202636719,60.8833902484487,20.7193545351833,6.646428,0,0,0,40,4886,280.9352,1999.70202636719,,,,,,,,,,,,,0,,,,3.5797191,,,,,,290.7250061,,,,
,44277645.96,290.67762755,1999.70202636719,2.47112619351053E-5,3.83152453367666E-7,1,0.999253354069792,40.0298881530762,1.97779213437626,17.9999992251396,0.000279752224063984,4.15845107930353E-5,0.25,-5.3834741815875E-7,2.47195135478791E-5,-5.20762324725903E-7,290.630249,290.7250061,1999.70202636719,1999.70202636719,60.9560817007372,20.7173231754624,6.646428,0,0,0,40,4886,280.81175,1999.70202636719,,,,,,,,,,,,,0,,,,3.59768905,,,,,,290.67762755,,,,
,44277647.245,290.5388794,1999.70202636719,2.4434156505488E-5,3.39510055938416E-7,1,0.999253354069792,40.0298881530762,1.97784298630809,17.9999992251396,0.000276382998669419,4.25252992842116E-5,0.25,-4.07681690410461E-7,2.44423534829059E-5,-3.90240719266338E-7,290.4475098,290.630249,1999.70202636719,1999.70202636719,60.721593144968,20.7183480863159,6.273368,0,0,0,40,4886,280.60525,1999.70202636719,,,,,,,,,,,,,0,,,,3.59768905,,,,,,290.5388794,,,,
,44277648.485,290.39883425,1999.70202636719,2.44824258716424E-5,3.69140096044782E-7,1,0.999253354069792,40.0298881530762,1.97781647880197,17.9999992251396,0.000277197846480921,4.10244780432864E-5,0.25,-5.48975907304542E-7,2.44908697512969E-5,-5.31542175205858E-7,290.3501587,290.4475098,1999.70202636719,1999.70202636719,61.189006999468,20.7195781950387,6.646428,0,0,0,40,4886,280.51775,1999.70202636719,,,,,,,,,,,,,0,,,,3.5797191,,,,,,290.39883425,,,,
,44277650.68,290.2492676,1999.70202636719,2.48790078638573E-5,3.69964893781649E-7,1,0.999253354069792,40.0298881530762,1.97781288810321,17.9999992251396,0.000280414701313881,4.9142665138279E-5,0.25,1.02927892018792E-7,2.48872517940611E-5,1.2088723995583E-7,290.2492676,290.2492676,1999.70202636719,1999.70202636719,60.8982411903141,20.7178194477969,6.646428,0,0,0,40,4886,280.1864,1999.70202636719,,,,,,,,,,,,,0,,,,3.615659,,,,,,290.2492676,,,,
,44277652.215,290.1444702,1999.70202636719,2.47168055519796E-5,3.67219628702611E-7,1,0.999253354069792,40.0298881530762,1.97776251134927,17.9999992251396,0.000279612344956297,4.27885943821025E-5,0.25,-4.32621165528816E-7,2.47254784202225E-5,-4.14946571247904E-7,290.1444702,290.1444702,1999.70202636719,1999.70202636719,60.8904249051218,20.718304973524,6.273368,0,0,0,40,4886,280.018,1999.70202636719,,,,,,,,,,,,,0,,,,3.5797191,,,,,,290.1444702,,,,
,44277653.655,289.9529419,1999.70202636719,2.44006616479667E-5,3.13722244589935E-7,1,0.999253354069792,40.0298881530762,1.97787691597965,17.9999992251396,0.000275610405887348,4.48332478674846E-5,0.25,-1.97543352961997E-7,2.44092343632724E-5,-1.80005581951171E-7,289.9529419,289.9529419,1999.70202636719,1999.70202636719,60.6645342630641,20.7193165443135,6.273368,0,0,0,40,4886,279.8463,1999.70202636719,,,,,,,,,,,,,0,,,,3.615659,,,,,,289.9529419,,,,
,44277670.72,288.3681335,1999.70202636719,,,2,,,,18.0459995535612,,,,,,,288.3681335,288.3681335,1999.70202636719,1999.70202636719,,,6.273368,,,,-99999999,4886,277.5912,1999.70202636719,,,,,,,,,,,,,,,,,,,,,,,288.3681335,,,,
touchdown = 13.6399995535612 mm,44277684.665,287.0555725,1999.70202636719,2.46796790340206E-5,4.04587150848536E-7,1,0.999253354069792,40.0298881530762,1.99215454364155,18.0300008505583,0.000281025112260427,4.38263315600165E-5,0.25,-3.61825633721579E-7,2.46911552432664E-5,-3.43854856996974E-7,287.0555725,287.0555725,1999.70202636719,1999.70202636719,61.0084508115257,20.712224665213,6.646428,0,0,0,40,4886,275.63185,1999.70202636719,,,,,,,,,,,,,0,,,,3.5797191,,,,,,287.0555725,,,,
,44277685.385,286.94573975,1999.70202636719,2.45744965160886E-5,4.08882215717208E-7,1,0.999253354069792,40.0298881530762,1.99222107366038,18.0300008505583,0.000279186390659947,4.74485538374816E-5,0.25,-2.50939340269306E-8,2.45857794343215E-5,-7.04115172298204E-9,286.835907,287.0555725,1999.70202636719,1999.70202636719,60.7645827135257,20.7097528504765,6.646428,0,0,0,40,4886,275.5505,1999.70202636719,,,,,,,,,,,,,0,,,,3.5797191,,,,,,286.94573975,,,,
,44277687.475,286.7402954,1999.70202636719,2.46322476965655E-5,3.36988823415612E-7,1,0.999253354069792,40.0298881530762,1.99218060761269,18.0300008505583,0.000280396097758084,4.43030867387395E-5,0.25,-3.11862652968448E-7,2.46439584004726E-5,-2.93880843026705E-7,286.7402954,286.7402954,1999.70202636719,1999.70202636719,60.809917167641,20.7113474368945,6.646428,0,0,0,40,4886,275.2923,1999.70202636719,,,,,,,,,,,,,0,,,,3.615659,,,,,,286.7402954,,,,
,44277689.03,286.6414795,1999.70202636719,2.4245735591047E-5,3.71483836270732E-7,1,0.999253354069792,40.0298881530762,1.99216618232454,18.0300008505583,0.000276224035061759,4.22709591983227E-5,0.25,-4.24676140979445E-7,2.4257438892191E-5,-4.0701701528128E-7,286.6414795,286.6414795,1999.70202636719,1999.70202636719,60.7348808297949,20.7117333888049,6.646428,0,0,0,40,4886,275.08795,1999.70202636719,,,,,,,,,,,,,0,,,,3.5797191,,,,,,286.6414795,,,,
,44277690.545,286.4188843,1999.70202636719,2.53422023536046E-5,3.37636937886238E-7,1,0.999253354069792,40.0298881530762,1.99212982794567,18.0300008505583,0.000288359512701631,4.62501025718512E-5,0.25,-2.61840672151834E-7,2.53545136146358E-5,-2.43281981607087E-7,286.4188843,286.4188843,1999.70202636719,1999.70202636719,60.7200298879295,20.7126034115429,6.273368,0,0,0,40,4886,274.8725,1999.70202636719,,,,,,,,,,,,,0,,,,3.615659,,,,,,286.4188843,,,,
,44277692.045,286.3062134,1999.70202636719,2.50039706789261E-5,3.77655030012792E-7,1,0.999253354069792,40.0298881530762,1.99215177231922,18.0300008505583,0.000284336749991548,4.66763453413336E-5,0.25,-1.66554733468644E-7,2.50161551905741E-5,-1.48181052377079E-7,286.3062134,286.3062134,1999.70202636719,1999.70202636719,60.9115288751411,20.7136715068495,6.646428,0,0,0,40,4886,274.63045,1999.70202636719,,,,,,,,,,,,,0,,,,3.5797191,,,,,,286.3062134,,,,
,44277692.765,286.20529175,1999.70202636719,2.4502604448483E-5,3.62618989182542E-7,1,0.999253354069792,40.0298881530762,1.99211004796702,18.0300008505583,0.000278955559247666,4.38410540675567E-5,0.25,-3.30375245877952E-7,2.45147614321177E-5,-3.12445434358991E-7,286.1043701,286.3062134,1999.70202636719,1999.70202636719,60.6746954338141,20.7130182959413,6.273368,0,0,0,40,4886,274.54945,1999.70202636719,,,,,,,,,,,,,0,,,,3.5797191,,,,,,286.20529175,,,,
,44277694.915,285.9989014,1999.70202636719,2.45189404245248E-5,3.25229694929968E-7,1,0.999253354069792,40.0298881530762,1.99213665424539,18.0300008505583,0.000278890468994211,4.5372803708185E-5,0.25,-1.98419602704665E-7,2.45311980737384E-5,-1.80391548655343E-7,285.9989014,285.9989014,1999.70202636719,1999.70202636719,60.9513919296218,20.7128609018498,6.273368,0,0,0,40,4886,274.2525,1999.70202636719,,,,,,,,,,,,,0,,,,3.615659,,,,,,285.9989014,,,,
,44277695.61,285.92808535,1999.70202636719,2.45045135936087E-5,3.43102276233495E-7,1,0.999253354069792,40.0298881530762,1.99209230766441,18.0300008505583,0.000279662606713181,3.98402352594242E-5,0.25,-6.82968468135723E-7,2.45171878054144E-5,-6.65185704920688E-7,285.8572693,285.9989014,1999.70202636719,1999.70202636719,60.9021493329103,20.713093933375,6.646428,0,0,0,40,4886,274.17035,1999.70202636719,,,,,,,,,,,,,0,,,,3.59768905,,,,,,285.92808535,,,,
,44277696.805,285.8065033,1999.70202636719,2.49775351982396E-5,3.5786260988129E-7,1,0.999253354069792,40.0298881530762,1.99205553984904,18.0300008505583,0.00028443922554827,4.42233589636046E-5,0.25,-3.77931082852212E-7,2.49903332988339E-5,-3.59638796512144E-7,285.7557373,285.8572693,1999.70202636719,1999.70202636719,60.8732290776988,20.7129146408884,5.900308,0,0,0,40,4886,274.0478,1999.70202636719,,,,,,,,,,,,,0,,,,3.5797191,,,,,,285.8065033,,,,
,44277698.91,285.58117675,1999.70202636719,2.46618779619733E-5,3.597515666905E-7,1,0.999253354069792,40.0298881530762,1.9920796705101,18.0300008505583,0.000281659916065972,3.89304802964077E-5,0.25,-7.90030971995841E-7,2.4675032349131E-5,-7.72161539719462E-7,285.5168152,285.6455383,1999.70202636719,1999.70202636719,61.0107956970834,20.7146627982299,6.273368,0,0,0,40,4886,273.7492,1999.70202636719,,,,,,,,,,,,,0,,,,3.615659,,,,,,285.58117675,,,,
,44277700.465,285.4143372,1999.70202636719,2.47918742616005E-5,4.74007269135317E-7,1,0.999253354069792,40.0298881530762,1.99205598939331,18.0399995297194,0.00028303232315226,3.97836347042842E-5,0.25,-7.37146512498392E-7,2.48052119918442E-5,-7.19145183295211E-7,285.4143372,285.4143372,1999.70202636719,1999.70202636719,60.5934060678141,20.7132396601589,6.273368,0,0,0,40,4886,273.5853,1999.70202636719,,,,,,,,,,,,,0,,,,3.615659,,,,,,285.4143372,,,,
,44277701.195,285.3651581,1999.70202636719,2.47379799075613E-5,3.90502315756554E-7,1,0.999253354069792,40.0298881530762,1.99203046117622,18.0300008505583,0.000279998213297522,5.38239479975328E-5,0.25,5.08206655400268E-7,2.47504114707467E-5,5.26821780314753E-7,285.315979,285.4143372,1999.70202636719,1999.70202636719,60.7817785409487,20.7127035216777,6.273368,0,0,0,40,4886,273.45725,1999.70202636719,,,,,,,,,,,,,0,,,,3.59768905,,,,,,285.3651581,,,,
,44277703.375,285.1001282,1999.70202636719,2.4825335786429E-5,3.78213369612358E-7,1,0.999253354069792,40.0298881530762,1.99204589366428,18.0300008505583,0.000282541664612851,4.49521539885606E-5,0.25,-2.8790420889505E-7,2.48386505874024E-5,-2.69609365813429E-7,285.1001282,285.1001282,1999.70202636719,1999.70202636719,61.0803606352949,20.7118318794816,6.646428,0,0,0,40,4886,273.0875,1999.70202636719,,,,,,,,,,,,,0,,,,3.615659,,,,,,285.1001282,,,,
,44277703.985,285.04193115,1999.70202636719,2.4458900257235E-5,4.00013749469794E-7,1,0.999253354069792,40.0298881530762,1.99209236532616,18.0300008505583,0.000277763904425679,4.78806246543574E-5,0.25,3.24698537751973E-8,2.44718370819079E-5,5.06678909664865E-8,284.9837341,285.1001282,1999.70202636719,1999.70202636719,60.782560169468,20.7130401553346,6.273368,0,0,0,40,4886,273.0083,1999.70202636719,,,,,,,,,,,,,0,,,,3.59768905,,,,,,285.04193115,,,,
,44277705.13,284.92732235,1999.70202636719,2.50512288156408E-5,3.5619238417863E-7,1,0.999253354069792,40.0298881530762,1.99201568119565,18.0300008505583,0.000284731960070787,4.75733173015611E-5,0.25,-9.5757886786173E-8,2.50646826254784E-5,-7.71741029624543E-8,284.8709106,284.9837341,1999.70202636719,1999.70202636719,60.9810938133526,20.7142645767377,6.273368,0,0,0,40,4886,272.83985,1999.70202636719,,,,,,,,,,,,,0,,,,3.59768905,,,,,,284.92732235,,,,
,44277707.18,284.767395,1999.70202636719,2.48290665944372E-5,4.33204452151867E-7,1,0.999253354069792,40.0298881530762,1.99200315488804,18.0300008505583,0.000282840377986687,4.34469790909609E-5,0.25,-4.21065765104277E-7,2.48427929214558E-5,-4.02802991231289E-7,284.767395,284.767395,1999.70202636719,1999.70202636719,60.874010706218,20.7142230325213,6.273368,0,0,0,40,4886,272.5873,1999.70202636719,,,,,,,,,,,,,0,,,,3.615659,,,,,,284.767395,,,,
,44277707.86,284.65248105,1999.70202636719,2.50393161167075E-5,3.70201727924054E-7,1,0.999253354069792,40.0298881530762,1.99209198881875,18.0300008505583,0.000286032530296024,3.92340780262016E-5,0.25,-8.2809052137338E-7,2.50535680652093E-5,-8.09888106653186E-7,284.5375671,284.767395,1999.70202636719,1999.70202636719,60.8646311639872,20.7147175973821,6.646428,0,0,0,40,4886,272.5083,1999.70202636719,,,,,,,,,,,,,0,,,,3.615659,,,,,,284.65248105,,,,
,44277709.985,284.4202881,1999.70202636719,2.4836579301653E-5,4.68182177167091E-7,1,0.999253354069792,40.0298881530762,1.99199265368626,18.0300008505583,0.000282237755757194,4.74980582848279E-5,0.25,-6.57577136258863E-8,2.48503700398575E-5,-4.72702532259356E-8,284.4202881,284.4202881,1999.70202636719,1999.70202636719,60.8153885672757,20.7150722459895,6.646428,0,0,0,40,4886,272.2452,1999.70202636719,,,,,,,,,,,,,0,,,,3.59768905,,,,,,284.4202881,,,,
,44277711.515,284.2970886,1999.70202636719,2.48377553589166E-5,3.90506655172163E-7,1,0.999253354069792,40.0298881530762,1.99205276258406,18.0300008505583,0.000282955162439265,4.34401425475616E-5,0.25,-4.23356047071405E-7,2.48519284059955E-5,-4.0505122547842E-7,284.2970886,284.2970886,1999.70202636719,1999.70202636719,60.7411338579487,20.7144386060378,6.273368,0,0,0,40,4886,272.046,1999.70202636719,,,,,,,,,,,,,0,,,,3.5797191,,,,,,284.2970886,,,,
,44277713.135,284.0689392,1999.70202636719,2.52962175765523E-5,3.9250407809675E-7,1,0.999253354069792,40.0298881530762,1.99198657237242,18.0300008505583,0.000287667954981136,4.71846529258454E-5,0.25,-1.72038217909765E-7,2.53106758522911E-5,-1.53227679699958E-7,284.0689392,284.0689392,1999.70202636719,1999.70202636719,60.9052758469872,20.7146581719696,6.646428,0,0,0,40,4886,271.7499,1999.70202636719,,,,,,,,,,,,,0,,,,3.615659,,,,,,284.0689392,,,,
,44277713.885,284.00660705,1999.70202636719,2.50161452410609E-5,4.0493226045782E-7,1,0.999253354069792,40.0298881530762,1.99209437908011,18.0300008505583,0.000284674238246443,4.56360900032253E-5,0.25,-2.60696559178027E-7,2.50305697973743E-5,-2.4213946895086E-7,283.9442749,284.0689392,1999.70202636719,1999.70202636719,60.8255497380257,20.7146182872878,6.646428,0,0,0,40,4886,271.6686,1999.70202636719,,,,,,,,,,,,,0,,,,3.59768905,,,,,,284.00660705,,,,
,44277715.095,283.8961792,1999.70202636719,2.51280441192418E-5,4.12574471994933E-7,1,0.999253354069792,40.0298881530762,1.99200121951857,18.0300008505583,0.000285611092356293,4.77384953814863E-5,0.25,-9.45953935574137E-8,2.51425123145513E-5,-7.58472412465499E-8,283.8480835,283.9442749,1999.70202636719,1999.70202636719,60.8701025636218,20.7143375604418,6.273368,0,0,0,40,4886,271.50865,1999.70202636719,,,,,,,,,,,,,0,,,,3.59768905,,,,,,283.8961792,,,,
,44277716.295,283.7856598,1999.70202636719,2.48786660853489E-5,4.10666500815652E-7,1,0.999253354069792,40.0298881530762,1.99203198801542,18.0300008505583,0.000282751769674371,4.74420294802958E-5,0.25,-7.81399121431424E-8,2.48930822431739E-5,-5.95553421323123E-8,283.7232361,283.8480835,1999.70202636719,1999.70202636719,60.8396190513718,20.7149523255422,6.273368,0,0,0,40,4886,271.33985,1999.70202636719,,,,,,,,,,,,,0,,,,3.615659,,,,,,283.7856598,,,,
,44277718.44,283.4910278,1999.70202636719,2.49647531010573E-5,3.32534270735661E-7,1,0.999253354069792,40.0298881530762,1.99204897184382,18.0300008505583,0.00028442328941335,4.35861276293907E-5,0.25,-4.32411188425415E-7,2.49797620737974E-5,-4.13950207924087E-7,283.4910278,283.4910278,1999.70202636719,1999.70202636719,60.7809969124295,20.7158563114725,6.273368,0,0,0,40,4886,271.085,1999.70202636719,,,,,,,,,,,,,0,,,,3.615659,,,,,,283.4910278,,,,
,44277719.89,283.3744202,1999.70202636719,2.52585365242853E-5,3.21542778441485E-7,1,0.999253354069792,40.0298881530762,1.99202113292598,18.0300008505583,0.000287977575358874,4.28719399151748E-5,0.25,-5.45513653883564E-7,2.5273913336009E-5,-5.26879690429619E-7,283.3744202,283.3744202,1999.70202636719,1999.70202636719,60.9107472466218,20.7150960575222,6.273368,0,0,0,40,4886,270.8269,1999.70202636719,,,,,,,,,,,,,0,,,,3.615659,,,,,,283.3744202,,,,
,44277720.61,283.26321415,1999.70202636719,2.52865888162304E-5,3.38463516837378E-7,1,0.999253354069792,40.0298881530762,1.99205970412634,18.0300008505583,0.000288697294665683,4.06204420734756E-5,0.25,-7.48610513524905E-7,2.53022408685472E-5,-7.30068987954456E-7,283.1520081,283.3744202,1999.70202636719,1999.70202636719,60.8364925372949,20.7150925765955,6.646428,0,0,0,40,4886,270.70855,1999.70202636719,,,,,,,,,,,,,0,,,,3.59768905,,,,,,283.26321415,,,,
,44277722.705,283.042511,1999.70202636719,2.48027919150403E-5,3.39180493728348E-7,1,0.999253354069792,40.0298881530762,1.99202489488837,18.0300008505583,0.000283589002450159,3.74012496476987E-5,0.25,-9.49254648499545E-7,2.48185128734192E-5,-9.31185590961525E-7,283.042511,283.042511,1999.70202636719,1999.70202636719,60.8622862784295,20.71489751082,6.646428,0,0,0,40,4886,270.4861,1999.70202636719,,,,,,,,,,,,,0,,,,3.5797191,,,,,,283.042511,,,,
,44277723.425,282.98477175,1999.70202636719,2.51325558694015E-5,4.53993842165799E-7,1,0.999253354069792,40.0298881530762,1.9920544080541,18.0300008505583,0.000285654078815881,4.78981341857128E-5,0.25,-8.16626378628367E-8,2.51478780912605E-5,-6.28077891758249E-8,282.9270325,283.042511,1999.70202636719,1999.70202636719,60.9068391040257,20.7135556099231,6.646428,0,0,0,40,4886,270.3292,1999.70202636719,,,,,,,,,,,,,0,,,,3.5797191,,,,,,282.98477175,,,,
,44277724.66,282.8734589,1999.70202636719,2.49986446124141E-5,3.90261997478612E-7,1,0.999253354069792,40.0298881530762,1.99203105084263,18.0300008505583,0.000284318004577262,4.65436908530245E-5,0.25,-1.77979036505031E-7,2.50140625033783E-5,-1.59270835288496E-7,282.8198853,282.9270325,1999.70202636719,1999.70202636719,60.9685877570449,20.7154335675485,6.273368,0,0,0,40,4886,270.1701,1999.70202636719,,,,,,,,,,,,,0,,,,3.59768905,,,,,,282.8734589,,,,
,44277726.675,282.5930786,1999.70202636719,2.47269469729302E-5,3.2949736895675E-7,1,0.999253354069792,40.0298881530762,1.99202336173867,18.0300008505583,0.000281832234751458,4.2515810271986E-5,0.25,-4.86141634128075E-7,2.4742692594479E-5,-4.67810710422646E-7,282.5930786,282.5930786,1999.70202636719,1999.70202636719,60.7989743683718,20.7162833519687,6.646428,0,0,0,40,4886,269.9202,1999.70202636719,,,,,,,,,,,,,0,,,,3.5797191,,,,,,282.5930786,,,,
,44277728.09,282.4752197,1999.70202636719,2.46300960026418E-5,3.46900077914449E-7,1,0.999253354069792,40.0298881530762,1.99207759908353,18.0300008505583,0.000280907698311878,4.13517526964984E-5,0.25,-5.7217655897645E-7,2.46459554439759E-5,-5.53960159165137E-7,282.4752197,282.4752197,1999.70202636719,1999.70202636719,60.7231564020064,20.7158235162641,6.646428,0,0,0,40,4886,269.7448,1999.70202636719,,,,,,,,,,,,,0,,,,3.59768905,,,,,,282.4752197,,,,
,44277729.615,282.29048155,1999.70202636719,2.53439305816382E-5,4.2461757645442E-7,1,0.999253354069792,40.0298881530762,1.99204674709414,18.0300008505583,0.000288382857288162,4.64319013516235E-5,0.25,-2.47041371895102E-7,2.53601687202395E-5,-2.28071120824922E-7,282.2295227,282.3514404,1999.70202636719,1999.70202636719,60.8763555917757,20.7160069789451,6.646428,0,0,0,40,4886,269.5861,1999.70202636719,,,,,,,,,,,,,0,,,,3.5797191,,,,,,282.29048155,,,,
,44277730.31,282.1773987,1999.70202636719,2.52917704562009E-5,4.17754052274347E-7,1,0.999253354069792,40.0298881530762,1.99199671603038,18.0300008505583,0.000288531777214396,4.196116718386E-5,0.25,-6.31618475184784E-7,2.53083734320808E-5,-6.12919538155325E-7,282.1252747,282.2295227,1999.70202636719,1999.70202636719,60.8497802221218,20.7150225600525,6.273368,0,0,0,40,4886,269.41805,1999.70202636719,,,,,,,,,,,,,0,,,,3.59768905,,,,,,282.1773987,,,,
,44277732.38,281.9739075,1999.70202636719,2.46523452803467E-5,3.77935041814319E-7,1,0.999253354069792,40.0298881530762,1.99198804395068,18.0300008505583,0.000280689254922828,4.41096872931709E-5,0.25,-3.33164925823789E-7,2.46685034798637E-5,-3.14734037391524E-7,281.9739075,281.9739075,1999.70202636719,1999.70202636719,60.8810453628911,20.7136359035232,6.646428,0,0,0,40,4886,269.0916,1999.70202636719,,,,,,,,,,,,,0,,,,3.615659,,,,,,281.9739075,,,,
,44277733.155,281.9190369,1999.70202636719,2.50083227373229E-5,3.52598455283961E-7,1,0.999253354069792,40.0298881530762,1.99203679361967,18.0300008505583,0.000285355163020322,4.12070377227314E-5,0.25,-6.49668747681778E-7,2.50250015928922E-5,-6.31166440416945E-7,281.8641663,281.9739075,1999.70202636719,1999.70202636719,60.9678061285257,20.7165972967206,6.273368,0,0,0,40,4886,269.0001,1999.70202636719,,,,,,,,,,,,,0,,,,3.59768905,,,,,,281.9190369,,,,
,44277735.295,281.620575,1999.70202636719,2.53338918745296E-5,3.87218225830007E-7,1,0.999253354069792,40.0298881530762,1.99203913086798,18.0300008505583,0.000288629326370368,4.43418221226226E-5,0.25,-4.29468646184993E-7,2.53509004722802E-5,-4.10560381055013E-7,281.620575,281.620575,1999.70202636719,1999.70202636719,61.1100625190257,20.7157379132285,6.273368,0,0,0,40,4886,268.7454,1999.70202636719,,,,,,,,,,,,,0,,,,3.615659,,,,,,281.620575,,,,
,44277736.845,281.5059204,1999.70202636719,2.52960446942003E-5,3.32713064119904E-7,1,0.999253354069792,40.0298881530762,1.99204411193594,18.0300008505583,0.000288211932118577,4.42064335516777E-5,0.25,-4.34959644769353E-7,2.53131410885628E-5,-4.16065453858444E-7,281.5059204,281.5059204,1999.70202636719,1999.70202636719,60.9029309614295,20.7168146152451,6.646428,0,0,0,40,4886,268.5109,1999.70202636719,,,,,,,,,,,,,0,,,,3.615659,,,,,,281.5059204,,,,
,44277737.49,281.4554138,1999.70202636719,2.52331301563754E-5,3.86069138549406E-7,1,0.999253354069792,40.0298881530762,1.99202035325382,18.0300008505583,0.000287843572687006,4.20426736331864E-5,0.25,-6.14644830690997E-7,2.52503686940752E-5,-5.95907483864262E-7,281.4049072,281.5059204,1999.70202636719,1999.70202636719,60.8318027661795,20.7170529039229,6.273368,0,0,0,40,4886,268.3808,1999.70202636719,,,,,,,,,,,,,0,,,,3.59768905,,,,,,281.4554138,,,,
,44277738.64,281.2896423,1999.70202636719,2.54233845210885E-5,3.6110167114628E-7,1,0.999253354069792,40.0298881530762,1.99200701530256,18.0300008505583,0.00029063435618011,3.87314886002196E-5,0.25,-9.38677684234311E-7,2.54411544404887E-5,-9.19999135230036E-7,281.1743774,281.4049072,1999.70202636719,1999.70202636719,60.9037125899487,20.7172016648095,6.646428,0,0,0,40,4886,268.17185,1999.70202636719,,,,,,,,,,,,,0,,,,3.5797191,,,,,,281.2896423,,,,
,44277739.83,281.1093597,1999.70202636719,2.4679114213939E-5,3.72978299327076E-7,1,0.999253354069792,40.0298881530762,1.99206041221252,18.0300008505583,0.000281852332652345,3.92525189158145E-5,0.25,-7.65642728730226E-7,2.46964218276112E-5,-7.47408451522377E-7,281.044342,281.1743774,1999.70202636719,1999.70202636719,60.9357593592372,20.716639134987,6.646428,0,0,0,40,4886,268.0524,1999.70202636719,,,,,,,,,,,,,0,,,,3.59768905,,,,,,281.1093597,,,,
,44277741.085,280.9938049,1999.70202636719,2.53448696220324E-5,2.90894904642646E-7,1,0.999253354069792,40.0298881530762,1.992005138182,18.0300008505583,0.00028842954187676,4.6273091354079E-5,0.25,-2.61444767031297E-7,2.53623553035026E-5,-2.42349262498136E-7,280.9432678,281.044342,1999.70202636719,1999.70202636719,60.9537368151795,20.7160508527766,6.646428,0,0,0,40,4886,267.88155,1999.70202636719,,,,,,,,,,,,,0,,,,3.59768905,,,,,,280.9938049,,,,
,44277743.135,280.8497009,1999.70202636719,2.52529529591895E-5,4.13016081816383E-7,1,0.999253354069792,40.0298881530762,1.99200592901922,18.0300008505583,0.000286699999603101,5.01116592143909E-5,0.25,9.21232823600063E-8,2.52702427990036E-5,1.11415300926021E-7,280.8497009,280.8497009,1999.70202636719,1999.70202636719,61.1358562601603,20.7148508657931,6.273368,0,0,0,40,4886,267.5939,1999.70202636719,,,,,,,,,,,,,0,,,,3.59768905,,,,,,280.8497009,,,,
,44277744.695,280.5791931,1999.70202636719,2.56728423224244E-5,4.69901834244562E-7,1,0.999253354069792,40.0298881530762,1.99198216304492,18.0300008505583,0.000294043226355125,3.58802923274338E-5,0.25,-1.23244111928316E-6,2.56916925435819E-5,-1.21373577277908E-6,280.5791931,280.5791931,1999.70202636719,1999.70202636719,60.8575965073141,20.7157380657347,6.646428,0,0,0,40,4886,267.4042,1999.70202636719,,,,,,,,,,,,,0,,,,3.5797191,,,,,,280.5791931,,,,
,44277746.315,280.4770813,1999.70202636719,2.50850415248159E-5,3.96011750639977E-7,1,0.999253354069792,40.0298881530762,1.99196891911777,18.0300008505583,0.000285428924771508,4.6057883268014E-5,0.25,-2.36025925889798E-7,2.51028172045973E-5,-2.17047805833759E-7,280.4770813,280.4770813,1999.70202636719,1999.70202636719,60.8513434791603,20.7174254727445,6.273368,0,0,0,40,4886,267.0955,1999.70202636719,,,,,,,,,,,,,0,,,,3.5797191,,,,,,280.4770813,,,,
,44277747.84,280.2423096,1999.70202636719,2.50829407208303E-5,4.23109253003488E-7,1,0.999253354069792,40.0298881530762,1.9920350657989,18.0300008505583,0.00028508621182658,4.79875096650467E-5,0.25,-6.59946990131314E-8,2.51008074691876E-5,-4.68833991621208E-8,280.2423096,280.2423096,1999.70202636719,1999.70202636719,61.0131405826411,20.7162623451815,6.273368,0,0,0,40,4886,266.9095,1999.70202636719,,,,,,,,,,,,,0,,,,3.59768905,,,,,,280.2423096,,,,
,44277749.34,280.1200562,1999.70202636719,2.51566742708776E-5,3.85716131719945E-7,1,0.999253354069792,40.0298881530762,1.9920386775799,18.0300008505583,0.00028702970465624,4.16760561297739E-5,0.25,-6.34197414050446E-7,2.51751432502257E-5,-6.15422543756684E-7,280.1200562,280.1200562,1999.70202636719,1999.70202636719,60.9005860758718,20.7159554572042,6.273368,0,0,0,40,4886,266.7506,1999.70202636719,,,,,,,,,,,,,0,,,,3.615659,,,,,,280.1200562,,,,
,44277750.84,279.884491,1999.70202636719,2.50982033696265E-5,4.67019648519634E-7,1,0.999253354069792,40.0298881530762,1.99196110262438,18.0300008505583,0.000285861733481835,4.44590354799546E-5,0.25,-3.79140959827941E-7,2.51166586292034E-5,-3.6021160362952E-7,279.884491,279.884491,1999.70202636719,1999.70202636719,60.9115288751411,20.716249432094,6.646428,0,0,0,40,4886,266.51755,1999.70202636719,,,,,,,,,,,,,0,,,,3.5797191,,,,,,279.884491,,,,
,44277751.52,279.8272095,1999.70202636719,2.56149488693101E-5,3.18831749148745E-7,1,0.999253354069792,40.0298881530762,1.99207369434583,18.0300008505583,0.000291419756157473,4.73876902940483E-5,0.25,-2.09971758536981E-7,2.56337033839416E-5,-1.90513517616144E-7,279.769928,279.884491,1999.70202636719,1999.70202636719,60.8341476517372,20.7147607896216,6.273368,0,0,0,40,4886,266.38705,1999.70202636719,,,,,,,,,,,,,0,,,,3.6158396,,,,,,279.8272095,,,,
,44277753.605,279.58988955,1999.70202636719,2.56547371339555E-5,3.1117748621323E-7,1,0.999253354069792,40.0298881530762,1.99204184802305,18.0300008505583,0.000292904544190548,4.14157095496766E-5,0.25,-7.42435163094921E-7,2.56741577759457E-5,-7.23313943579784E-7,279.5330811,279.646698,1999.70202636719,1999.70202636719,61.0381526952565,20.7164195125506,6.646428,0,0,0,40,4886,266.09805,1999.70202636719,,,,,,,,,,,,,0,,,,3.615659,,,,,,279.58988955,,,,
,44277754.295,279.4711609,1999.70202636719,2.56847624907E-5,3.41554722357314E-7,1,0.999253354069792,40.0298881530762,1.9920806568288,18.0300008505583,0.000292795239669179,4.4148016059232E-5,0.25,-5.07168522023267E-7,2.5704140085888E-5,-4.87845154179274E-7,279.4092407,279.5330811,1999.70202636719,1999.70202636719,61.036589438218,20.7149801457229,6.646428,0,0,0,40,4886,266.0026,1999.70202636719,,,,,,,,,,,,,0,,,,3.615659,,,,,,279.4711609,,,,
,44277755.525,279.36149595,1999.70202636719,2.52090375644755E-5,3.75784571155573E-7,1,0.999253354069792,40.0298881530762,1.99206610585939,18.0300008505583,0.000286556551622886,4.80941473655345E-5,0.25,-7.84710100656634E-8,2.52278382967719E-5,-5.91809531949941E-8,279.3137512,279.4092407,1999.70202636719,1999.70202636719,60.9381042447949,20.7158605551144,6.273368,0,0,0,40,4886,265.8317,1999.70202636719,,,,,,,,,,,,,0,,,,3.615659,,,,,,279.36149595,,,,
,44277756.805,279.2566986,1999.70202636719,2.531068102402E-5,4.39699834348167E-7,1,0.999253354069792,40.0298881530762,1.99202592010415,18.0300008505583,0.0002883206544096,4.4702724041264E-5,0.25,-3.94319353736769E-7,2.53298993904046E-5,-3.75173963372968E-7,279.199646,279.3137512,1999.70202636719,1999.70202636719,60.8716658206603,20.7157606429263,6.273368,0,0,0,40,4886,265.676,1999.70202636719,,,,,,,,,,,,,0,,,,3.615659,,,,,,279.2566986,,,,
,44277758.06,279.08007815,1999.70202636719,2.53927366620665E-5,3.63039247348216E-7,1,0.999253354069792,40.0298881530762,1.99205737737718,18.0300008505583,0.000289168064065312,4.53957933242712E-5,0.25,-3.4745138177999E-7,2.54121495271708E-5,-3.28195119049395E-7,278.9605103,279.199646,1999.70202636719,1999.70202636719,60.9967263837372,20.7146926644522,6.273368,0,0,0,40,4886,265.50495,1999.70202636719,,,,,,,,,,,,,0,,,,3.59768905,,,,,,279.08007815,,,,
,44277760.17,278.8154297,1999.70202636719,2.53779987253263E-5,3.74799417018668E-7,1,0.999253354069792,40.0298881530762,1.99200590933927,18.0300008505583,0.00028891578386325,4.58377228417811E-5,0.25,-3.06001878972057E-7,2.5397621365208E-5,-2.86700073411188E-7,278.8154297,278.8154297,1999.70202636719,1999.70202636719,60.9170002747757,20.7155860713005,6.273368,0,0,0,40,4886,265.1809,1999.70202636719,,,,,,,,,,,,,0,,,,3.615659,,,,,,278.8154297,,,,
,44277761.695,278.6908264,1999.70202636719,2.51760735801584E-5,3.66526146144239E-7,1,0.999253354069792,40.0298881530762,1.99206966460063,18.0300008505583,0.000286745666453854,4.47810806488982E-5,0.25,-3.64628996049609E-7,2.51957045618969E-5,-3.45508915047762E-7,278.6908264,278.6908264,1999.70202636719,1999.70202636719,61.0233017533911,20.7158694994962,6.273368,0,0,0,40,4886,264.9507,1999.70202636719,,,,,,,,,,,,,0,,,,3.5797191,,,,,,278.6908264,,,,
,44277763.155,278.48789975,1999.70202636719,2.59536685578137E-5,3.72233945493056E-7,1,0.999253354069792,40.0298881530762,1.99198178601452,18.0300008505583,0.000295229735442668,4.82806350926926E-5,0.25,-1.89480389708068E-7,2.5973960792875E-5,-1.6961045535452E-7,278.4146423,278.5611572,1999.70202636719,1999.70202636719,60.8771372202949,20.715302265634,6.646428,0,0,0,40,4886,264.7586,1999.70202636719,,,,,,,,,,,,,0,,,,3.5797191,,,,,,278.48789975,,,,
,44277780.28,276.4676819,1999.70202636719,,,2,,,,18.0659997058511,,,,,,,276.4676819,276.4676819,1999.70202636719,1999.70202636719,,,6.273368,,,,-99999999,4886,262.2736,1999.70202636719,,,,,,,,,,,,,,,,,,,,,,,276.4676819,,,,
touchdown = 13.6599997058511 mm,44277794.485,274.7064209,1999.70202636719,2.54387988771484E-5,3.65667654220231E-7,1,0.999253354069792,40.0298881530762,1.9919077820605,18.0500000715256,0.000289810552505429,4.49501515459298E-5,0.25,-3.95400670149256E-7,2.54624702923895E-5,-3.75727947544165E-7,274.7064209,274.7064209,1999.70202636719,1999.70202636719,60.9771856707564,20.7125329720621,6.646428,0,0,0,40,4886,260.1784,1999.70202636719,,,,,,,,,,,,,0,,,,3.615659,,,,,,274.7064209,,,,
,44277796.015,274.5617676,1999.70202636719,2.60510632156946E-5,4.18823937973649E-7,1,0.999253354069792,40.0298881530762,1.99188989416856,18.0500000715256,0.000296199752584963,4.94521202352202E-5,0.25,-1.03923112229628E-7,2.60752079205442E-5,-8.34755861442745E-8,274.5617676,274.5617676,1999.70202636719,1999.70202636719,60.8951146762372,20.7125973870583,6.273368,0,0,0,40,4886,259.9092,1999.70202636719,,,,,,,,,,,,,0,,,,3.615659,,,,,,274.5617676,,,,
,44277797.58,274.2950134,1999.70202636719,2.54354391214338E-5,3.27757986946945E-7,1,0.999253354069792,40.0298881530762,1.99190614856808,18.0500000715256,0.000289648274837471,4.56946445281174E-5,0.25,-3.29407569361434E-7,2.54594489115051E-5,-3.09635673246834E-7,274.2950134,274.2950134,1999.70202636719,1999.70202636719,61.0475322374872,20.713765993072,6.646428,0,0,0,40,4886,259.679,1999.70202636719,,,,,,,,,,,,,0,,,,3.615659,,,,,,274.2950134,,,,
,44277798.3,274.22828675,1999.70202636719,2.55404945700602E-5,3.83604557804713E-7,1,0.999253354069792,40.0298881530762,1.9918902388945,18.0500000715256,0.000291004976869302,4.49369064045786E-5,0.25,-4.14057144320779E-7,2.55647330561588E-5,-3.94271346710009E-7,274.1615601,274.2950134,1999.70202636719,1999.70202636719,60.9005860758718,20.7164722540699,6.273368,0,0,0,40,4886,259.5605,1999.70202636719,,,,,,,,,,,,,0,,,,3.59768905,,,,,,274.22828675,,,,
,44277800.405,274.0219727,1999.70202636719,2.53804198112254E-5,4.42702051760436E-7,1,0.999253354069792,40.0298881530762,1.9917573629237,18.0500000715256,0.000289811519606847,4.08730683150215E-5,0.25,-7.44156962775411E-7,2.54049662545481E-5,-7.24787315063623E-7,274.0219727,274.0219727,1999.70202636719,1999.70202636719,60.8591597643526,20.7129959213147,6.273368,0,0,0,40,4886,259.29035,1999.70202636719,,,,,,,,,,,,,0,,,,3.615659,,,,,,274.0219727,,,,
,44277801.03,273.9534302,1999.70202636719,2.52897537787909E-5,3.73019239777706E-7,1,0.999253354069792,40.0298881530762,1.99183464312444,18.0500000715256,0.000287609617161759,4.76152748329292E-5,0.25,-1.35412782409346E-7,2.53137976833561E-5,-1.15526658641191E-7,273.8848877,274.0219727,1999.70202636719,1999.70202636719,60.8693209351026,20.7143568186056,6.646428,0,0,0,40,4886,259.14005,1999.70202636719,,,,,,,,,,,,,0,,,,3.615659,,,,,,273.9534302,,,,
,44277802.185,273.7558136,1999.70202636719,2.55584996381497E-5,3.61538377890722E-7,1,0.999253354069792,40.0298881530762,1.99171937364642,18.0500000715256,0.000290898924105526,4.66759516077234E-5,0.25,-2.63877505850762E-7,2.55830898356667E-5,-2.43884473089814E-7,273.6267395,273.8848877,1999.70202636719,1999.70202636719,61.0303364100642,20.7141974054489,6.646428,0,0,0,40,4886,258.951,1999.70202636719,,,,,,,,,,,,,0,,,,3.59768905,,,,,,273.7558136,,,,
,44277804.28,273.4831848,1999.70202636719,2.56353367253136E-5,3.38229219547825E-7,1,0.999253354069792,40.0298881530762,1.99181252310762,18.0500000715256,0.000291987948540732,4.56585097358411E-5,0.25,-3.66817399266699E-7,2.56603450628209E-5,-3.46840350205685E-7,273.4831848,273.4831848,1999.70202636719,1999.70202636719,61.077234121218,20.7150978655488,6.273368,0,0,0,40,4886,258.6852,1999.70202636719,,,,,,,,,,,,,0,,,,3.5797191,,,,,,273.4831848,,,,
,44277805.945,273.3379822,1999.70202636719,2.5256001466666E-5,3.29192775734376E-7,1,0.999253354069792,40.0298881530762,1.99181817735249,18.0500000715256,0.000288297824356618,4.13110297938298E-5,0.25,-6.84603279112863E-7,2.52810337294504E-5,-6.65215677776261E-7,273.3379822,273.3379822,1999.70202636719,1999.70202636719,60.9873468415065,20.7149172078831,6.646428,0,0,0,40,4886,258.4538,1999.70202636719,,,,,,,,,,,,,0,,,,3.615659,,,,,,273.3379822,,,,
,44277807.61,273.0583191,1999.70202636719,2.51824713754591E-5,3.5088538629367E-7,1,0.999253354069792,40.0298881530762,1.99181112748343,18.0500000715256,0.00028602792547404,4.95657202684135E-5,0.25,5.44155397599505E-8,2.52071105874287E-5,7.44864251511757E-8,273.0583191,273.0583191,1999.70202636719,1999.70202636719,60.9975080122564,20.7151662067385,6.273368,0,0,0,40,4886,258.1908,1999.70202636719,,,,,,,,,,,,,0,,,,3.59768905,,,,,,273.0583191,,,,
,44277809.18,272.9237366,1999.70202636719,2.62231675238289E-5,4.08866372703732E-7,1,0.999253354069792,40.0298881530762,1.99181771787097,18.0500000715256,0.000297935439515938,5.11197768016289E-5,0.25,1.31006918274547E-8,2.62489912063352E-5,3.3981730646007E-8,272.9237366,272.9237366,1999.70202636719,1999.70202636719,60.8239864809872,20.7151440073428,6.273368,0,0,0,40,4886,257.95,1999.70202636719,,,,,,,,,,,,,0,,,,3.5797191,,,,,,272.9237366,,,,
,44277810.77,272.6534424,1999.70202636719,2.59536268306806E-5,3.53272486035815E-7,1,0.999253354069792,40.0298881530762,1.99190487372735,18.0500000715256,0.000295322363581449,4.8059794914976E-5,0.25,-2.1033644226671E-7,2.59796271938624E-5,-1.89870230001265E-7,272.6534424,272.6534424,1999.70202636719,1999.70202636719,61.0537852656411,20.7142216064318,6.273368,0,0,0,40,4886,257.7229,1999.70202636719,,,,,,,,,,,,,0,,,,3.615659,,,,,,272.6534424,,,,
,44277812.385,272.538208,1999.70202636719,2.54312470623688E-5,3.81560482711798E-7,1,0.999253354069792,40.0298881530762,1.99179481063347,18.0500000715256,0.000289071354979579,4.88025722868573E-5,0.25,-5.54202667707084E-8,2.54567132088352E-5,-3.51952509356136E-8,272.538208,272.538208,1999.70202636719,1999.70202636719,60.8310211376603,20.7166103805541,6.646428,0,0,0,40,4886,257.5003,1999.70202636719,,,,,,,,,,,,,0,,,,3.615659,,,,,,272.538208,,,,
,44277814.06,272.2466125,1999.70202636719,2.57558144013582E-5,3.86641308120982E-7,1,0.999253354069792,40.0298881530762,1.99177545368669,18.0500000715256,0.000293600426319735,4.45193307493709E-5,0.25,-4.87940290722751E-7,2.57822327147721E-5,-4.67865035663231E-7,272.2466125,272.2466125,1999.70202636719,1999.70202636719,60.8169518243141,20.7144690872589,6.646428,0,0,0,40,4886,257.1972,1999.70202636719,,,,,,,,,,,,,0,,,,3.615659,,,,,,272.2466125,,,,
,44277815.64,272.120697,1999.70202636719,2.58350381830171E-5,3.82123450176816E-7,1,0.999253354069792,40.0298881530762,1.99176370175024,18.0500000715256,0.000294732458335924,4.33164520870207E-5,0.25,-6.0736945715793E-7,2.58617541366381E-5,-5.87337857864023E-7,272.120697,272.120697,1999.70202636719,1999.70202636719,60.9576449577757,20.7153686692589,6.273368,0,0,0,40,4886,257.0246,1999.70202636719,,,,,,,,,,,,,0,,,,3.59768905,,,,,,272.120697,,,,
,44277817.155,271.827301,1999.70202636719,2.52850320370558E-5,3.88244507973669E-7,1,0.999253354069792,40.0298881530762,1.99177297303974,18.0600006133318,0.000288129289189191,4.4341702940515E-5,0.25,-4.2313348493047E-7,2.53113220342718E-5,-4.03335369125297E-7,271.827301,271.827301,1999.70202636719,1999.70202636719,61.1632132583334,20.7160157212847,6.273368,0,0,0,40,4886,256.7745,1999.70202636719,,,,,,,,,,,,,0,,,,3.5797191,,,,,,271.827301,,,,
,44277818.755,271.68573,1999.70202636719,2.54727162090423E-5,3.64745268660475E-7,1,0.999253354069792,40.0298881530762,1.99181141822166,18.0500000715256,0.000290502314838842,4.3342393086773E-5,0.25,-5.43298696821413E-7,2.54994301423288E-5,-5.23455189204433E-7,271.68573,271.68573,1999.70202636719,1999.70202636719,61.0717627215834,20.7170107945315,6.273368,0,0,0,40,4886,256.5498,1999.70202636719,,,,,,,,,,,,,0,,,,3.615659,,,,,,271.68573,,,,
,44277819.46,271.61431885,1999.70202636719,2.5979624698399E-5,2.85453604828829E-7,1,0.999253354069792,40.0298881530762,1.99182318714881,18.0500000715256,0.000295285061122117,5.00550424834057E-5,0.25,-3.93154040314478E-8,2.60065273484769E-5,-1.85364681424601E-8,271.5429077,271.68573,1999.70202636719,1999.70202636719,60.7942845972564,20.7151431691289,6.646428,0,0,0,40,4886,256.45165,1999.70202636719,,,,,,,,,,,,,0,,,,3.615659,,,,,,271.61431885,,,,
,44277820.68,271.41070555,1999.70202636719,2.55698309780649E-5,3.46457478916557E-7,1,0.999253354069792,40.0298881530762,1.99183743519807,18.0500000715256,0.000290536634823611,4.98209612994245E-5,0.25,1.01050263419983E-8,2.55964657734637E-5,3.06269852423638E-8,271.2785034,271.5429077,1999.70202636719,1999.70202636719,60.7942845972564,20.7165371102792,6.273368,0,0,0,40,4886,256.24135,1999.70202636719,,,,,,,,,,,,,0,,,,3.615659,,,,,,271.41070555,,,,
,44277822.765,271.1430664,1999.70202636719,2.60188031906757E-5,3.10333508523586E-7,1,0.999253354069792,40.0298881530762,1.99173896008734,18.0500000715256,0.000296580267920093,4.51222667782908E-5,0.25,-4.8007711382841E-7,2.60465614628981E-5,-4.59687164193648E-7,271.1430664,271.1430664,1999.70202636719,1999.70202636719,60.9693693855641,20.7161914418552,6.273368,0,0,0,40,4886,256.0028,1999.70202636719,,,,,,,,,,,,,0,,,,3.63380955,,,,,,271.1430664,,,,
,44277824.26,271.0158081,1999.70202636719,2.57928982846059E-5,3.35390221691384E-7,1,0.999253354069792,40.0298881530762,1.99180010125993,18.0500000715256,0.000294102837733478,4.42200185204093E-5,0.25,-5.20988148932491E-7,2.58205745372911E-5,-5.00803590620695E-7,271.0158081,271.0158081,1999.70202636719,1999.70202636719,61.0053242974488,20.715704098807,6.273368,0,0,0,40,4886,255.781,1999.70202636719,,,,,,,,,,,,,0,,,,3.615659,,,,,,271.0158081,,,,
,44277825.695,270.7512817,1999.70202636719,2.57322267781611E-5,3.56744703791276E-7,1,0.999253354069792,40.0298881530762,1.99189634246858,18.0500000715256,0.000291965908695219,5.26618414914542E-5,0.25,2.32016431425796E-7,2.57594893244554E-5,2.52974270213131E-7,270.7512817,270.7512817,1999.70202636719,1999.70202636719,60.8669760495449,20.7167522951602,6.273368,0,0,0,40,4886,255.5349,1999.70202636719,,,,,,,,,,,,,0,,,,3.615659,,,,,,270.7512817,,,,
,44277826.35,270.682312,1999.70202636719,2.53315761901372E-5,3.88570287498479E-7,1,0.999253354069792,40.0298881530762,1.99176321759392,18.0500000715256,0.000287931481859419,4.87462395544379E-5,0.25,-4.37564427640431E-8,2.53586986283278E-5,-2.3405628967785E-8,270.6133423,270.7512817,1999.70202636719,1999.70202636719,60.823204852468,20.7157002322546,6.646428,0,0,0,40,4886,255.4334,1999.70202636719,,,,,,,,,,,,,0,,,,3.615659,,,,,,270.682312,,,,
,44277827.655,270.54122925,1999.70202636719,2.57252012267677E-5,3.84547169675993E-7,1,0.999253354069792,40.0298881530762,1.99177837298396,18.0500000715256,0.000293327712433038,4.41358023402223E-5,0.25,-5.16898829850889E-7,2.57532617962067E-5,-4.96721456126879E-7,270.4691162,270.6133423,1999.70202636719,1999.70202636719,61.0608199223142,20.7160193011653,6.646428,0,0,0,40,4886,255.24595,1999.70202636719,,,,,,,,,,,,,0,,,,3.615659,,,,,,270.54122925,,,,
,44277829.775,270.2036743,1999.70202636719,2.58281648388932E-5,3.57418955350441E-7,1,0.999253354069792,40.0298881530762,1.99184428466233,18.0500000715256,0.000293991833971222,4.73711315546614E-5,0.25,-2.5001026980814E-7,2.58564490930065E-5,-2.29435857670154E-7,270.2036743,270.2036743,1999.70202636719,1999.70202636719,60.9326328451603,20.7165249193867,6.273368,0,0,0,40,4886,254.9364,1999.70202636719,,,,,,,,,,,,,0,,,,3.615659,,,,,,270.2036743,,,,
,44277830.525,270.14279175,1999.70202636719,2.57854369356032E-5,3.68437481595846E-7,1,0.999253354069792,40.0298881530762,1.99176351914005,18.0500000715256,0.000293500281767743,4.72589910245229E-5,0.25,-2.52431648284635E-7,2.58137348851204E-5,-2.318805982373E-7,270.0819092,270.2036743,1999.70202636719,1999.70202636719,60.9873468415065,20.7179333810377,5.900308,0,0,0,40,4886,254.78995,1999.70202636719,,,,,,,,,,,,,0,,,,3.615659,,,,,,270.14279175,,,,
,44277831.825,270.0174408,1999.70202636719,2.57431691259747E-5,2.90860043722353E-7,1,0.999253354069792,40.0298881530762,1.99180920672859,18.0500000715256,0.000293547300491912,4.41412197012112E-5,0.25,-5.19688567222896E-7,2.57717581305731E-5,-4.99450589885581E-7,269.9529724,270.0819092,1999.70202636719,1999.70202636719,60.9928182411411,20.7158635083142,6.646428,0,0,0,40,4886,254.6402,1999.70202636719,,,,,,,,,,,,,0,,,,3.59768905,,,,,,270.0174408,,,,
,44277834.01,269.6529846,1999.70202636719,2.5585932891644E-5,3.76483641421641E-7,1,0.999253354069792,40.0298881530762,1.99179022905668,18.0500000715256,0.000291686469829055,4.42765132137172E-5,0.25,-4.80927960482061E-7,2.56146702160146E-5,-4.6075414860848E-7,269.6529846,269.6529846,1999.70202636719,1999.70202636719,60.7802152839103,20.7168435361858,6.273368,0,0,0,40,4886,254.3638,1999.70202636719,,,,,,,,,,,,,0,,,,3.5797191,,,,,,269.6529846,,,,
,44277835.72,269.5252075,1999.70202636719,2.61371234881919E-5,3.42145559030037E-7,1,0.999253354069792,40.0298881530762,1.99180968244928,18.0500000715256,0.000297712781152012,4.67600676108499E-5,0.25,-3.56761350353506E-7,2.61664950279629E-5,-3.35976238478791E-7,269.5252075,269.5252075,1999.70202636719,1999.70202636719,60.9279430740449,20.7170241794144,6.646428,0,0,0,40,4886,254.0696,1999.70202636719,,,,,,,,,,,,,0,,,,3.5797191,,,,,,269.5252075,,,,
,44277836.41,269.4374542,1999.70202636719,2.62173430611677E-5,3.02234214453596E-7,1,0.999253354069792,40.0298881530762,1.99182328853725,18.0500000715256,0.000299027351693321,4.45781939854241E-5,0.25,-5.6253467079184E-7,2.62470570929852E-5,-5.41905178577312E-7,269.3497009,269.5252075,1999.70202636719,1999.70202636719,60.9130921321795,20.7163335621586,6.646428,0,0,0,40,4886,253.96835,1999.70202636719,,,,,,,,,,,,,0,,,,3.5797191,,,,,,269.4374542,,,,
,44277838.58,269.0803223,1999.70202636719,2.5804752826134E-5,3.29800734635726E-7,1,0.999253354069792,40.0298881530762,1.99182153625722,18.0500000715256,0.000294204168594149,4.45844700919005E-5,0.25,-4.91483934970464E-7,2.5834295223079E-5,-4.71077331884458E-7,269.0803223,269.0803223,1999.70202636719,1999.70202636719,60.9373226162757,20.7166074234378,6.646428,0,0,0,40,4886,253.5759,1999.70202636719,,,,,,,,,,,,,0,,,,3.615659,,,,,,269.0803223,,,,
,44277839.3,269.0135498,1999.70202636719,2.58060002218737E-5,3.47017622668797E-7,1,0.999253354069792,40.0298881530762,1.99177200760564,18.0500000715256,0.000294414925439042,4.34004698750776E-5,0.25,-5.95810267195001E-7,2.583569364482E-5,-5.7551553986392E-7,268.9467773,269.0803223,1999.70202636719,1999.70202636719,60.8489985936026,20.7156999290288,6.273368,0,0,0,40,4886,253.5113,1999.70202636719,,,,,,,,,,,,,0,,,,3.59768905,,,,,,269.0135498,,,,
,44277841.47,268.8132935,1999.70202636719,2.58754030015447E-5,4.11491783383045E-7,1,0.999253354069792,40.0298881530762,1.99181687976314,18.0500000715256,0.000295189560563084,4.36687556665186E-5,0.25,-5.84218682505136E-7,2.59053594770684E-5,-5.63826496708485E-7,268.8132935,268.8132935,1999.70202636719,1999.70202636719,60.9318512166411,20.7162144755066,6.646428,0,0,0,40,4886,253.187,1999.70202636719,,,,,,,,,,,,,0,,,,3.5797191,,,,,,268.8132935,,,,
,44277843.09,268.5047913,1999.70202636719,2.55178195971774E-5,3.28440306333484E-7,1,0.999253354069792,40.0298881530762,1.99183454223776,18.0500000715256,0.000291034834876451,4.35408973914232E-5,0.25,-5.34385963018967E-7,2.55476255332944E-5,-5.14217763217677E-7,268.5047913,268.5047913,1999.70202636719,1999.70202636719,60.6035672385641,20.7165594174508,6.273368,0,0,0,40,4886,253.0214,1999.70202636719,,,,,,,,,,,,,0,,,,3.59768905,,,,,,268.5047913,,,,
,44277843.865,268.42982485,1999.70202636719,2.58067591728531E-5,4.2271631346592E-7,1,0.999253354069792,40.0298881530762,1.99182371823705,18.0500000715256,0.000293889789154019,4.66041364338409E-5,0.25,-3.14277862054095E-7,2.58367904314724E-5,-2.93607400801402E-7,268.3548584,268.5047913,1999.70202636719,1999.70202636719,60.9724958996411,20.7160172646302,6.646428,0,0,0,40,4886,252.8762,1999.70202636719,,,,,,,,,,,,,0,,,,3.59768905,,,,,,268.42982485,,,,
,44277845.115,268.28712465,1999.70202636719,2.61226223108001E-5,4.0117722907589E-7,1,0.999253354069792,40.0298881530762,1.99183451367893,18.0500000715256,0.000296948712505949,5.03388199342617E-5,0.25,-3.97554909382414E-8,2.6152933454039E-5,-1.84897377965835E-8,268.2193909,268.3548584,1999.70202636719,1999.70202636719,61.1522704590642,20.7180500216447,6.646428,0,0,0,40,4886,252.66525,1999.70202636719,,,,,,,,,,,,,0,,,,3.59768905,,,,,,268.28712465,,,,
,44277846.325,268.14619445,1999.70202636719,2.59768934430226E-5,3.03637646863455E-7,1,0.999253354069792,40.0298881530762,1.99181271441832,18.0500000715256,0.000296771714641091,4.14007499205661E-5,0.25,-8.01310391299786E-7,2.60077945289116E-5,-7.8103259154635E-7,268.072998,268.2193909,1999.70202636719,1999.70202636719,61.0115773256026,20.7169252019854,6.273368,0,0,0,40,4886,252.4879,1999.70202636719,,,,,,,,,,,,,0,,,,3.59768905,,,,,,268.14619445,,,,
,44277847.53,268.01911925,1999.70202636719,2.56973107675644E-5,4.13578201112353E-7,1,0.999253354069792,40.0298881530762,1.99180972789291,18.0500000715256,0.000291960976838075,5.04103233920975E-5,0.25,3.92738129841E-8,2.57273218670396E-5,6.03205178118399E-8,267.9652405,268.072998,1999.70202636719,1999.70202636719,61.0827055208526,20.7164169305442,6.646428,0,0,0,40,4886,252.30505,1999.70202636719,,,,,,,,,,,,,0,,,,3.5797191,,,,,,268.01911925,,,,
,44277849.56,267.6503906,1999.70202636719,2.58903882892431E-5,4.06061822530959E-7,1,0.999253354069792,40.0298881530762,1.99180980276834,18.0500000715256,0.000294999209470661,4.58772063655056E-5,0.25,-3.92727051302261E-7,2.59213378438651E-5,-3.72004875345926E-7,267.6503906,267.6503906,1999.70202636719,1999.70202636719,60.9740591566795,20.7154629114787,6.646428,0,0,0,40,4886,252.0267,1999.70202636719,,,,,,,,,,,,,0,,,,3.615659,,,,,,267.6503906,,,,
,44277850.265,267.59124755,1999.70202636719,2.59176330227343E-5,3.424248985777E-7,1,0.999253354069792,40.0298881530762,1.99180853472474,18.0500000715256,0.000295427680553202,4.52383760379386E-5,0.25,-4.53617601052043E-7,2.59487217863584E-5,-4.32935154003254E-7,267.5321045,267.6503906,1999.70202636719,1999.70202636719,60.9982896407757,20.7181970227407,6.646428,0,0,0,40,4886,251.91765,1999.70202636719,,,,,,,,,,,,,0,,,,3.59768905,,,,,,267.59124755,,,,
,44277852.415,267.2698669,1999.70202636719,2.58213121716135E-5,4.3934136195714E-7,1,0.999253354069792,40.0298881530762,1.99188075316716,18.0500000715256,0.000293894923264045,4.76940368670557E-5,0.25,-2.21288224215748E-7,2.58524081282298E-5,-2.00378918877705E-7,267.2698669,267.2698669,1999.70202636719,1999.70202636719,60.965461242968,20.7175634518934,6.273368,0,0,0,40,4886,251.5909,1999.70202636719,,,,,,,,,,,,,0,,,,3.615659,,,,,,267.2698669,,,,
,44277853.055,267.19416805,1999.70202636719,2.6089382567107E-5,3.0522795580838E-7,1,0.999253354069792,40.0298881530762,1.99183320572199,18.0500000715256,0.000297912708564848,4.25037768192617E-5,0.25,-7.23768129117654E-7,2.61212855937434E-5,-7.03232147803863E-7,267.1184692,267.2698669,1999.70202636719,1999.70202636719,61.0444057234103,20.7163026630673,6.646428,0,0,0,40,4886,251.4882,1999.70202636719,,,,,,,,,,,,,0,,,,3.615659,,,,,,267.19416805,,,,
,44277854.235,267.05302425,1999.70202636719,2.60514561850254E-5,3.37348005144468E-7,1,0.999253354069792,40.0298881530762,1.991765285006,18.0500000715256,0.000297500292147522,4.22727621099333E-5,0.25,-7.37522922819802E-7,2.60834630222773E-5,-7.17020369149368E-7,266.9875793,267.1184692,1999.70202636719,1999.70202636719,61.1499255735065,20.7173018970929,6.646428,0,0,0,40,4886,251.31115,1999.70202636719,,,,,,,,,,,,,0,,,,3.615659,,,,,,267.05302425,,,,
,44277856.545,266.7968597,1999.70202636719,2.60185798583499E-5,3.46212332069838E-7,1,0.999253354069792,40.0298881530762,1.99176663989233,18.0500000715256,0.000295981190957166,4.89220873816532E-5,0.25,-1.46890042025513E-7,2.60503112402741E-5,-1.25668398501749E-7,266.7153625,266.8783569,1999.70202636719,1999.70202636719,60.8544699932372,20.7175309642134,6.273368,0,0,0,40,4886,250.9632,1999.70202636719,,,,,,,,,,,,,0,,,,3.59768905,,,,,,266.7968597,,,,
,44277858.03,266.5618896,1999.70202636719,2.5976116396128E-5,3.19120249947576E-7,1,0.999253354069792,40.0298881530762,1.99180070016337,18.0500000715256,0.00029699200629709,4.01555599046942E-5,0.25,-9.11112394102094E-7,2.60086546336286E-5,-8.90839686045946E-7,266.5618896,266.5618896,1999.70202636719,1999.70202636719,60.7888131976218,20.7169129277249,6.273368,0,0,0,40,4886,250.7439,1999.70202636719,,,,,,,,,,,,,0,,,,3.615659,,,,,,266.5618896,,,,
,44277875.22,264.3470764,1999.70202636719,,,2,,,,18.0760002476573,,,,,,,264.3470764,264.3470764,1999.70202636719,1999.70202636719,,,6.646428,,,,-99999999,4886,248.2639,1999.70202636719,,,,,,,,,,,,,,,,,,,,,,,264.3470764,,,,
touchdown = 13.6700002476573 mm,44277888.655,262.4863281,1999.70202636719,2.66266769648421E-5,3.34617270081844E-7,1,0.999253354069792,40.0298881530762,2.00353097661066,18.0600006133318,0.000305610534815141,4.47533583788147E-5,0.25,-6.40903388359806E-7,2.66638606894256E-5,-6.19383433417747E-7,262.4863281,262.4863281,1999.70202636719,1999.70202636719,60.9068391040257,20.7126729123574,6.646428,0,0,0,40,4886,246.2806,1999.70202636719,,,,,,,,,,,,,0,,,,3.5797191,,,,,,262.4863281,,,,
,44277890.235,262.1812744,1999.70202636719,2.68483021378185E-5,3.56117195499659E-7,1,0.999253354069792,40.0298881530762,2.00348577873304,18.0600006133318,0.000307492005196086,4.89776458110972E-5,0.25,-3.09244281936333E-7,2.68858196919237E-5,-2.87061735763474E-7,262.1812744,262.1812744,1999.70202636719,1999.70202636719,61.0506587515642,20.7139197692714,6.273368,0,0,0,40,4886,246.0711,1999.70202636719,,,,,,,,,,,,,0,,,,3.59768905,,,,,,262.1812744,,,,
,44277891.83,262.0682678,1999.70202636719,2.64790784641292E-5,3.88315797695639E-7,1,0.999253354069792,40.0298881530762,2.00350618750331,18.0600006133318,0.000303757470327941,4.54414394388075E-5,0.25,-5.55515650411511E-7,2.65164018620917E-5,-5.3396101375165E-7,262.0682678,262.0682678,1999.70202636719,1999.70202636719,60.7974111113334,20.7120607760963,6.273368,0,0,0,40,4886,245.8218,1999.70202636719,,,,,,,,,,,,,0,,,,3.59768905,,,,,,262.0682678,,,,
,44277892.555,261.92811585,1999.70202636719,2.65368143385313E-5,3.21888518558589E-7,1,0.999253354069792,40.0298881530762,2.00350072060995,18.0600006133318,0.000304186855555424,4.69067000399753E-5,0.25,-4.37225852407709E-7,2.6574258446585E-5,-4.154523654347E-7,261.7879639,262.0682678,1999.70202636719,1999.70202636719,60.7450420005449,20.7141244808618,6.646428,0,0,0,40,4886,245.7509,1999.70202636719,,,,,,,,,,,,,0,,,,3.59768905,,,,,,261.92811585,,,,
,44277894.65,261.6583252,1999.70202636719,2.70285129685384E-5,3.99334052456046E-7,1,0.999253354069792,40.0298881530762,2.00351146983188,18.0600006133318,0.000309367444761774,5.04669563285732E-5,0.25,-2.0999789188433E-7,2.70667247044958E-5,-1.87458553704431E-7,261.6583252,261.6583252,1999.70202636719,1999.70202636719,61.016267096718,20.7120747290255,6.273368,0,0,0,40,4886,245.43095,1999.70202636719,,,,,,,,,,,,,0,,,,3.615659,,,,,,261.6583252,,,,
,44277896.34,261.41952515,1999.70202636719,2.68508280039555E-5,4.01515308540924E-7,1,0.999253354069792,40.0298881530762,2.00342633082396,18.0600006133318,0.000307319890157203,5.01574431502729E-5,0.25,-2.06563125247946E-7,2.68890262244933E-5,-1.84139422883417E-7,261.3498535,261.4891968,1999.70202636719,1999.70202636719,61.0037610404103,20.7127201979758,6.646428,0,0,0,40,4886,245.148,1999.70202636719,,,,,,,,,,,,,0,,,,3.615659,,,,,,261.41952515,,,,
,44277897.895,261.2090149,1999.70202636719,2.66708426473412E-5,3.13472602961644E-7,1,0.999253354069792,40.0298881530762,2.00348132224283,18.0600006133318,0.000307446036631959,3.71078328051794E-5,0.25,-1.31755591861444E-6,2.67099369520654E-5,-1.29684476233792E-6,261.2090149,261.2090149,1999.70202636719,1999.70202636719,60.8521251076795,20.7130622413122,6.273368,0,0,0,40,4886,244.9373,1999.70202636719,,,,,,,,,,,,,0,,,,3.5797191,,,,,,261.2090149,,,,
,44277898.57,261.1328583,1999.70202636719,2.70411892589533E-5,3.33369193383144E-7,1,0.999253354069792,40.0298881530762,2.00351450221594,18.0600006133318,0.000310911537193909,4.23541477841913E-5,0.25,-9.22042736873237E-7,2.70805532667381E-5,-9.00449096730606E-7,261.0567017,261.2090149,1999.70202636719,1999.70202636719,60.8443088224872,20.7127089138733,6.273368,0,0,0,40,4886,244.8639,1999.70202636719,,,,,,,,,,,,,0,,,,3.5797191,,,,,,261.1328583,,,,
,44277899.775,261.00047305,1999.70202636719,2.70246281516783E-5,3.50425875994413E-7,1,0.999253354069792,40.0298881530762,2.00345274788978,18.0600006133318,0.000309811383336327,4.75992721282001E-5,0.25,-4.60276176221559E-7,2.70637108182646E-5,-4.38020147319553E-7,260.9442444,261.0567017,1999.70202636719,1999.70202636719,60.9623347288911,20.712115613068,6.273368,0,0,0,40,4886,244.68755,1999.70202636719,,,,,,,,,,,,,0,,,,3.59768905,,,,,,261.00047305,,,,
,44277901.92,260.6072388,1999.70202636719,2.66096952265659E-5,3.66167629498688E-7,1,0.999253354069792,40.0298881530762,2.00350008470089,18.0600006133318,0.000305386989832777,4.49939870170094E-5,0.25,-6.17374461665377E-7,2.66487098449918E-5,-5.95668815324955E-7,260.6072388,260.6072388,1999.70202636719,1999.70202636719,61.1100625190257,20.7121486344752,6.273368,0,0,0,40,4886,244.3691,1999.70202636719,,,,,,,,,,,,,0,,,,3.59768905,,,,,,260.6072388,,,,
,44277903.545,260.4614258,1999.70202636719,2.63683468345151E-5,3.36218657531996E-7,1,0.999253354069792,40.0298881530762,2.00349391479126,18.0600006133318,0.000303182137893266,4.12887260679718E-5,0.25,-9.00244485351032E-7,2.6407396191419E-5,-8.79134401326686E-7,260.4614258,260.4614258,1999.70202636719,1999.70202636719,60.9396675018334,20.7123374484091,6.646428,0,0,0,40,4886,244.1563,1999.70202636719,,,,,,,,,,,,,0,,,,3.5797191,,,,,,260.4614258,,,,
,44277904.235,260.3858185,1999.70202636719,2.65784443025553E-5,4.11141720521911E-7,1,0.999253354069792,40.0298881530762,2.00348238256877,18.0600006133318,0.000304796039961686,4.62983394782913E-5,0.25,-4.97956047643866E-7,2.66175316133189E-5,-4.760729979109E-7,260.3102112,260.4614258,1999.70202636719,1999.70202636719,60.9115288751411,20.7139328053172,6.273368,0,0,0,40,4886,244.0514,1999.70202636719,,,,,,,,,,,,,0,,,,3.59768905,,,,,,260.3858185,,,,
,44277906.305,260.0453491,1999.70202636719,2.6514226065253E-5,2.90655620391487E-7,1,0.999253354069792,40.0298881530762,2.003462375023,18.0600006133318,0.000304433453928031,4.4007642267323E-5,0.25,-6.8740549688436E-7,2.65537195239102E-5,-6.65825900819639E-7,260.0453491,260.0453491,1999.70202636719,1999.70202636719,60.840400679891,20.712188282292,6.273368,0,0,0,40,4886,243.7329,1999.70202636719,,,,,,,,,,,,,0,,,,3.615659,,,,,,260.0453491,,,,
,44277906.915,259.9608612,1999.70202636719,2.64100030208875E-5,3.07032439723608E-7,1,0.999253354069792,40.0298881530762,2.00344642043802,18.0600006133318,0.000302829721349529,4.62053300693162E-5,0.25,-4.77310335211685E-7,2.6449247839356E-5,-4.55501053784857E-7,259.8763733,260.0453491,1999.70202636719,1999.70202636719,61.0999013482757,20.7140082611605,6.646428,0,0,0,40,4886,243.62775,1999.70202636719,,,,,,,,,,,,,0,,,,3.615659,,,,,,259.9608612,,,,
,44277908.055,259.80332945,1999.70202636719,2.63622914210857E-5,3.50043413686442E-7,1,0.999253354069792,40.0298881530762,2.00347123832759,18.0600006133318,0.000302712738331022,4.36405578300356E-5,0.25,-6.93592630631852E-7,2.64018064843763E-5,-6.72134202544995E-7,259.7302856,259.8763733,1999.70202636719,1999.70202636719,60.8708841921411,20.714044210876,6.646428,0,0,0,40,4886,243.5204,1999.70202636719,,,,,,,,,,,,,0,,,,3.615659,,,,,,259.80332945,,,,
,44277909.21,259.66226195,1999.70202636719,2.68895849747137E-5,2.65855467958926E-7,1,0.999253354069792,40.0298881530762,2.00348259394527,18.0600006133318,0.000307585531821893,5.14404507401203E-5,0.25,-1.01566959753022E-7,2.69295149292105E-5,-7.87650964803454E-8,259.5942383,259.7302856,1999.70202636719,1999.70202636719,60.9427940159103,20.714748770884,6.273368,0,0,0,40,4886,243.3425,1999.70202636719,,,,,,,,,,,,,0,,,,3.615659,,,,,,259.66226195,,,,
,44277910.43,259.52145385,1999.70202636719,2.72469601171851E-5,3.51182701272358E-7,1,0.999253354069792,40.0298881530762,2.00345358139787,18.0600006133318,0.000311569189941638,5.27175703341495E-5,0.25,-5.09837478238828E-8,2.72875192248718E-5,-2.77816401046122E-8,259.4486694,259.5942383,1999.70202636719,1999.70202636719,60.9592082148141,20.7130269076636,5.900308,0,0,0,40,4886,243.16415,1999.70202636719,,,,,,,,,,,,,0,,,,3.59768905,,,,,,259.52145385,,,,
,44277912.67,259.1444092,1999.70202636719,2.69702531050134E-5,4.01628885744317E-7,1,0.999253354069792,40.0298881530762,2.00350490901959,18.0600006133318,0.000309691252763442,4.47374206878817E-5,0.25,-7.01916302815852E-7,2.70113378690095E-5,-6.7988808113956E-7,259.1444092,259.1444092,1999.70202636719,1999.70202636719,60.9224716744103,20.7129183456363,6.646428,0,0,0,40,4886,242.8116,1999.70202636719,,,,,,,,,,,,,0,,,,3.615659,,,,,,259.1444092,,,,
,44277914.28,258.9873047,1999.70202636719,2.66815142081386E-5,3.42891049526987E-7,1,0.999253354069792,40.0298881530762,2.00351753557436,18.0600006133318,0.000306514181349105,4.34712881365351E-5,0.25,-7.63329827248861E-7,2.6722374523711E-5,-7.41621185442989E-7,258.9873047,258.9873047,1999.70202636719,1999.70202636719,60.8818269914103,20.7140756723876,6.273368,0,0,0,40,4886,242.598,1999.70202636719,,,,,,,,,,,,,0,,,,3.5797191,,,,,,258.9873047,,,,
,44277914.995,258.901886,1999.70202636719,2.693022499911E-5,4.76856210279816E-7,1,0.999253354069792,40.0298881530762,2.00344373874269,18.0600006133318,0.000309748027820571,4.16162724360431E-5,0.25,-9.68053523357023E-7,2.69717215069861E-5,-9.46431280318195E-7,258.8164673,258.9873047,1999.70202636719,1999.70202636719,60.9576449577757,20.713978945044,6.646428,0,0,0,40,4886,242.4923,1999.70202636719,,,,,,,,,,,,,0,,,,3.59768905,,,,,,258.901886,,,,
,44277916.19,258.7377472,1999.70202636719,2.6536035206746E-5,3.80964955723688E-7,1,0.999253354069792,40.0298881530762,2.00349595974013,18.0600006133318,0.000304723283800732,4.39317198742174E-5,0.25,-6.98190056013868E-7,2.6576867696926E-5,-6.7647872753007E-7,258.6590271,258.8164673,1999.70202636719,1999.70202636719,60.8849535054872,20.7154607441919,6.273368,0,0,0,40,4886,242.2822,1999.70202636719,,,,,,,,,,,,,0,,,,3.59768905,,,,,,258.7377472,,,,
,44277918.39,258.3639526,1999.70202636719,2.73550916070459E-5,3.85860957484761E-7,1,0.999253354069792,40.0298881530762,2.00351588833255,18.0600006133318,0.000313103057991598,5.13258713248047E-5,0.25,-1.91693238206739E-7,2.73971142633092E-5,-1.68480494995586E-7,258.3639526,258.3639526,1999.70202636719,1999.70202636719,61.1569602301795,20.7143559050058,6.646428,0,0,0,40,4886,241.99755,1999.70202636719,,,,,,,,,,,,,0,,,,3.59768905,,,,,,258.3639526,,,,
,44277920.025,258.2392883,1999.70202636719,2.66288680981752E-5,3.06568289330353E-7,1,0.999253354069792,40.0298881530762,2.00349460103924,18.0600006133318,0.000305433042013781,4.6200197074715E-5,0.25,-5.15774601727679E-7,2.66701808029253E-5,-4.93656674512997E-7,258.2392883,258.2392883,1999.70202636719,1999.70202636719,61.0006345263334,20.7117049626345,6.273368,0,0,0,40,4886,241.7556,1999.70202636719,,,,,,,,,,,,,0,,,,3.615659,,,,,,258.2392883,,,,
,44277920.68,258.16023255,1999.70202636719,2.68055215325605E-5,3.72266541877623E-7,1,0.999253354069792,40.0298881530762,2.00349311219108,18.0600006133318,0.000308000408890424,4.33486305967098E-5,0.25,-7.95457457900907E-7,2.68474253463357E-5,-7.73610713220656E-7,258.0811768,258.2392883,1999.70202636719,1999.70202636719,61.1022462338334,20.7145129200849,6.273368,0,0,0,40,4886,241.6823,1999.70202636719,,,,,,,,,,,,,0,,,,3.615659,,,,,,258.16023255,,,,
,44277922.72,257.7970886,1999.70202636719,2.7051955180942E-5,3.33607292716574E-7,1,0.999253354069792,40.0298881530762,2.00357020870511,18.0600006133318,0.000309549565858464,5.1334188996309E-5,0.25,-1.39376745258347E-7,2.70940400473172E-5,-1.16270336246892E-7,257.7970886,257.7970886,1999.70202636719,1999.70202636719,60.9873468415065,20.7146085662473,6.646428,0,0,0,40,4886,241.3332,1999.70202636719,,,,,,,,,,,,,0,,,,3.59768905,,,,,,257.7970886,,,,
,44277924.205,257.6548157,1999.70202636719,2.73172537878593E-5,3.61427364548327E-7,1,0.999253354069792,40.0298881530762,2.00347200941092,18.0600006133318,0.000312687323418887,5.11638339399193E-5,0.25,-1.99514573036784E-7,2.73599466113024E-5,-1.76252749509285E-7,257.6548157,257.6548157,1999.70202636719,1999.70202636719,61.0092324400449,20.7124832018207,6.273368,0,0,0,40,4886,241.1542,1999.70202636719,,,,,,,,,,,,,0,,,,3.615659,,,,,,257.6548157,,,,
,44277925.895,257.3525085,1999.70202636719,2.6385015176554E-5,3.63239348389886E-7,1,0.999253354069792,40.0298881530762,2.00349661094835,18.0600006133318,0.000302865481833599,4.44982689337209E-5,0.25,-6.23144744685062E-7,2.64269212142079E-5,-6.01325405212919E-7,257.3525085,257.3525085,1999.70202636719,1999.70202636719,61.0115773256026,20.7144787274535,6.646428,0,0,0,40,4886,240.9053,1999.70202636719,,,,,,,,,,,,,0,,,,3.615659,,,,,,257.3525085,,,,
,44277927.475,257.198822,1999.70202636719,2.73743917982493E-5,3.24018910846988E-7,1,0.999253354069792,40.0298881530762,2.00353800180173,18.0600006133318,0.000313794887994778,4.87117319562028E-5,0.25,-4.24042762195909E-7,2.74178334544749E-5,-4.01034390577138E-7,257.198822,257.198822,1999.70202636719,1999.70202636719,60.9560817007372,20.7150643817608,6.646428,0,0,0,40,4886,240.6982,1999.70202636719,,,,,,,,,,,,,0,,,,3.615659,,,,,,257.198822,,,,
,44277928.17,257.04711915,1999.70202636719,2.70107917483956E-5,3.2659847582694E-7,1,0.999253354069792,40.0298881530762,2.00353140399708,18.0600006133318,0.000309726335310366,4.74884689572546E-5,0.25,-4.68836951153207E-7,2.70538535204975E-5,-4.46203403303582E-7,256.8954163,257.198822,1999.70202636719,1999.70202636719,60.9693693855641,20.7131293390238,6.273368,0,0,0,40,4886,240.5892,1999.70202636719,,,,,,,,,,,,,0,,,,3.59768905,,,,,,257.04711915,,,,
,44277929.47,256.8266907,1999.70202636719,2.68319514250299E-5,3.11467673951366E-7,1,0.999253354069792,40.0298881530762,2.00352532158628,18.0600006133318,0.000308266332329878,4.37322009997984E-5,0.25,-7.66823739608463E-7,2.68752101886172E-5,-7.44801014734758E-7,256.7579651,256.8954163,1999.70202636719,1999.70202636719,61.0107956970834,20.7141536622005,6.646428,0,0,0,40,4886,240.4105,1999.70202636719,,,,,,,,,,,,,0,,,,3.5797191,,,,,,256.8266907,,,,
,44277931.545,256.5970764,1999.70202636719,2.71605371108178E-5,3.62077464748778E-7,1,0.999253354069792,40.0298881530762,2.0034376030565,18.0600006133318,0.000311409008663812,4.7900929356076E-5,0.25,-4.58325043332983E-7,2.7204282398638E-5,-4.35497913238999E-7,256.5970764,256.5970764,1999.70202636719,1999.70202636719,60.9717142711218,20.713216099148,6.273368,0,0,0,40,4886,240.1223,1999.70202636719,,,,,,,,,,,,,0,,,,3.59768905,,,,,,256.5970764,,,,
,44277933.305,256.3108826,1999.70202636719,2.68673264774178E-5,3.95639199400613E-7,1,0.999253354069792,40.0298881530762,2.00346552931304,18.0600006133318,0.000308091803436479,4.71674706836448E-5,0.25,-4.72427869811462E-7,2.69109035628095E-5,-4.49854314164857E-7,256.3108826,256.3108826,1999.70202636719,1999.70202636719,60.9826570703911,20.7167448073305,6.273368,0,0,0,40,4886,239.88095,1999.70202636719,,,,,,,,,,,,,0,,,,3.615659,,,,,,256.3108826,,,,
,44277934.845,256.1673889,1999.70202636719,2.73515877668457E-5,3.48999867911225E-7,1,0.999253354069792,40.0298881530762,2.00351695610439,18.0600006133318,0.000313478962103625,4.90431766219763E-5,0.25,-3.91397312941243E-7,2.73960176169598E-5,-3.6824522825097E-7,256.1673889,256.1673889,1999.70202636719,1999.70202636719,61.0694178360257,20.7146486913849,6.273368,0,0,0,40,4886,239.6303,1999.70202636719,,,,,,,,,,,,,0,,,,3.5797191,,,,,,256.1673889,,,,
,44277936.4,255.8527832,1999.70202636719,2.70192444919205E-5,3.92261179879081E-7,1,0.999253354069792,40.0298881530762,2.00349111934703,18.0600006133318,0.000310416340408438,4.40850734412214E-5,0.25,-7.68200948615993E-7,2.70637853052373E-5,-7.45933511538288E-7,255.8527832,255.8527832,1999.70202636719,1999.70202636719,60.975622413718,20.7133790867229,6.273368,0,0,0,40,4886,239.4557,1999.70202636719,,,,,,,,,,,,,0,,,,3.615659,,,,,,255.8527832,,,,
,44277937.98,255.727005,1999.70202636719,2.73367502367463E-5,3.42007761768591E-7,1,0.999253354069792,40.0298881530762,2.00341559085125,18.0600006133318,0.000313154816389886,4.98572263289439E-5,0.25,-3.17567539564817E-7,2.73815411299706E-5,-2.94264794736354E-7,255.727005,255.727005,1999.70202636719,1999.70202636719,60.934977730718,20.7135562006321,6.646428,0,0,0,40,4886,239.2152,1999.70202636719,,,,,,,,,,,,,0,,,,3.615659,,,,,,255.727005,,,,
,44277939.465,255.4858704,1999.70202636719,2.71309604103037E-5,4.04019372109535E-7,1,0.999253354069792,40.0298881530762,2.00346837506492,18.0600006133318,0.000311390664645813,4.60790050625319E-5,0.25,-6.12985654274478E-7,2.71759180311576E-5,-5.90322673701377E-7,255.4058533,255.5658875,1999.70202636719,1999.70202636719,61.1217869468141,20.7150228242772,6.273368,0,0,0,40,4886,238.9965,1999.70202636719,,,,,,,,,,,,,0,,,,3.59768905,,,,,,255.4858704,,,,
,44277941.055,255.2794495,1999.70202636719,2.73672812864355E-5,3.51503795215339E-7,1,0.999253354069792,40.0298881530762,2.00345913144617,18.0600006133318,0.000314906634502773,4.17909013029772E-5,0.25,-1.02852776214077E-6,2.74131994744026E-5,-1.0063217630374E-6,255.2794495,255.2794495,1999.70202636719,1999.70202636719,60.9255981884872,20.7148056939484,6.273368,0,0,0,40,4886,238.7878,1999.70202636719,,,,,,,,,,,,,0,,,,3.615659,,,,,,255.2794495,,,,
,44277941.75,255.20754245,1999.70202636719,2.75665558728733E-5,3.39364119543188E-7,1,0.999253354069792,40.0298881530762,2.0034951958312,18.0600006133318,0.000317044633001229,4.30383874429976E-5,0.25,-9.53604943410066E-7,2.76128104727666E-5,-9.31095040096053E-7,255.1356354,255.2794495,1999.70202636719,1999.70202636719,61.0959932056795,20.7157113837747,6.646428,0,0,0,40,4886,238.7122,1999.70202636719,,,,,,,,,,,,,0,,,,3.59768905,,,,,,255.20754245,,,,
,44277942.985,255.00086975,1999.70202636719,2.66792231690085E-5,3.59155304951942E-7,1,0.999253354069792,40.0298881530762,2.00347298080456,18.0600006133318,0.000306485908958525,4.37130869889235E-5,0.25,-7.42736884956274E-7,2.67240379849372E-5,-7.20643307017626E-7,254.8661041,255.1356354,1999.70202636719,1999.70202636719,61.046750608968,20.7148217541411,6.273368,0,0,0,40,4886,238.5675,1999.70202636719,,,,,,,,,,,,,0,,,,3.5797191,,,,,,255.00086975,,,,
,44277945.145,254.6937103,1999.70202636719,2.79480141795963E-5,3.77860125061544E-7,1,0.999253354069792,40.0298881530762,2.00341653714555,18.0600006133318,0.000319860086641602,5.27823810338775E-5,0.25,-1.66623287717479E-7,2.79947448246657E-5,-1.4242655595288E-7,254.6937103,254.6937103,1999.70202636719,1999.70202636719,60.9889100985449,20.711998726041,6.273368,0,0,0,40,4886,238.2265,1999.70202636719,,,,,,,,,,,,,0,,,,3.5797191,,,,,,254.6937103,,,,
,44277946.705,254.5335693,1999.70202636719,2.73230012259346E-5,3.24417797962527E-7,1,0.999253354069792,40.0298881530762,2.00347280827353,18.0600006133318,0.000313890043520701,4.47505258601683E-5,0.25,-7.62314035181219E-7,2.73693743187311E-5,-7.39635201333382E-7,254.5335693,254.5335693,1999.70202636719,1999.70202636719,60.9912549841026,20.7140472791878,6.646428,0,0,0,40,4886,238.0045,1999.70202636719,,,,,,,,,,,,,0,,,,3.5797191,,,,,,254.5335693,,,,
,44277948.285,254.2168732,1999.70202636719,2.7207023776489E-5,3.37515339096769E-7,1,0.999253354069792,40.0298881530762,2.00351581148883,18.0600006133318,0.000312599458571914,4.4376831229034E-5,0.25,-7.75302826953534E-7,2.72535365564455E-5,-7.52727441130573E-7,254.2168732,254.2168732,1999.70202636719,1999.70202636719,61.0193936107949,20.714138053422,6.646428,0,0,0,40,4886,237.7645,1999.70202636719,,,,,,,,,,,,,0,,,,3.59768905,,,,,,254.2168732,,,,
,44277965.25,251.9808807,1999.70202636719,,,2,,,,18.0960003999472,,,,,,,251.9808807,251.9808807,1999.70202636719,1999.70202636719,,,6.646428,,,,-99999999,4886,235.4629,1999.70202636719,,,,,,,,,,,,,,,,,,,,,,,251.9808807,,,,
touchdown = 13.6900003999472 mm,44277979.435,249.9518127,1999.70202636719,2.78907738888297E-5,3.64960022177469E-7,1,0.999253354069792,40.0298881530762,1.99180574452183,18.0799998342991,0.000319352987285498,4.15566676713246E-5,0.25,-1.11974171180057E-6,2.79431759951313E-5,-1.09678068963011E-6,249.9518127,249.9518127,1999.70202636719,1999.70202636719,61.0397159522949,20.7153384156527,6.273368,0,0,0,40,4886,233.4849,1999.70202636719,,,,,,,,,,,,,0,,,,3.5797191,,,,,,249.9518127,,,,
,44277980.21,249.8708725,1999.70202636719,2.75256252737415E-5,2.79264081043596E-7,1,0.999253354069792,40.0298881530762,1.99178758018809,18.0799998342991,0.000313322034072858,5.18096017204772E-5,0.25,-1.55630224034544E-7,2.75765716923935E-5,-1.31207686179773E-7,249.7899323,249.9518127,1999.70202636719,1999.70202636719,60.9138737606988,20.7168650219106,6.646428,0,0,0,40,4886,233.3837,1999.70202636719,,,,,,,,,,,,,0,,,,3.5797191,,,,,,249.8708725,,,,
,44277981.49,249.7208176,1999.70202636719,2.71593984930042E-5,2.98287583569296E-7,1,0.999253354069792,40.0298881530762,1.99176428394195,18.0799998342991,0.00031021149192453,4.49277834772608E-5,0.25,-6.98102783743569E-7,2.72103069018199E-5,-6.74991455640402E-7,249.6517029,249.7899323,1999.70202636719,1999.70202636719,60.9295063310834,20.7168380049246,6.646428,0,0,0,40,4886,233.2038,1999.70202636719,,,,,,,,,,,,,0,,,,3.59768905,,,,,,249.7208176,,,,
,44277982.75,249.49977115,1999.70202636719,2.77133492961155E-5,3.93533073403563E-7,1,0.999253354069792,40.0298881530762,1.9917686820337,18.0799998342991,0.000316407685601076,4.66288205347819E-5,0.25,-6.43405101239262E-7,2.7765462022653E-5,-6.19676764653892E-7,249.3478394,249.6517029,1999.70202636719,1999.70202636719,60.7755255127949,20.716009242801,6.273368,0,0,0,40,4886,233.02395,1999.70202636719,,,,,,,,,,,,,0,,,,3.59768905,,,,,,249.49977115,,,,
,44277984.05,249.2705765,1999.70202636719,2.75430494529955E-5,2.9483211420289E-7,1,0.999253354069792,40.0298881530762,1.99179939216972,18.0799998342991,0.000314386671705769,4.68339388183276E-5,0.25,-5.96334513483723E-7,2.75950381776599E-5,-5.72655162389469E-7,249.1933136,249.3478394,1999.70202636719,1999.70202636719,60.9607714718526,20.7169491552106,6.273368,0,0,0,40,4886,232.8555,1999.70202636719,,,,,,,,,,,,,0,,,,3.5797191,,,,,,249.2705765,,,,
,44277986.15,249.0622864,1999.70202636719,2.77937194000123E-5,3.67042590676908E-7,1,0.999253354069792,40.0298881530762,1.9917731597509,18.0799998342991,0.000316824336286136,4.97254734274533E-5,0.25,-3.84991691806531E-7,2.78461999631888E-5,-3.60661068191083E-7,249.0622864,249.0622864,1999.70202636719,1999.70202636719,61.0991197197565,20.7165727927335,6.273368,0,0,0,40,4886,232.59545,1999.70202636719,,,,,,,,,,,,,0,,,,3.59768905,,,,,,249.0622864,,,,
,44277986.875,248.9201126,1999.70202636719,2.75398371385157E-5,3.99742225430325E-7,1,0.999253354069792,40.0298881530762,1.99177673306652,18.0799998342991,0.000313791486006577,5.00953601471646E-5,0.25,-3.09051855321081E-7,2.75919186559478E-5,-2.84796197534723E-7,248.7779388,249.0622864,1999.70202636719,1999.70202636719,60.9005860758718,20.7178721032665,6.273368,0,0,0,40,4886,232.49455,1999.70202636719,,,,,,,,,,,,,0,,,,3.5797191,,,,,,248.9201126,,,,
,44277988.9,248.6351166,1999.70202636719,2.76020334762461E-5,3.41571782276368E-7,1,0.999253354069792,40.0298881530762,1.99178434451485,18.0799998342991,0.00031590760744089,4.20129806697384E-5,0.25,-1.03049899503817E-6,2.76551748377986E-5,-1.00751738682428E-6,248.6351166,248.6351166,1999.70202636719,1999.70202636719,60.9834386989103,20.71673524354,6.273368,0,0,0,40,4886,232.2033,1999.70202636719,,,,,,,,,,,,,0,,,,3.615659,,,,,,248.6351166,,,,
,44277990.445,248.4749298,1999.70202636719,2.8159149924802E-5,3.22615031166961E-7,1,0.999253354069792,40.0298881530762,1.99177501900509,18.0799998342991,0.000321963114412459,4.47375323671114E-5,0.25,-8.86316145485905E-7,2.82133821847274E-5,-8.62541315311592E-7,248.4749298,248.4749298,1999.70202636719,1999.70202636719,60.9412307588718,20.7160356248979,6.273368,0,0,0,40,4886,232.0333,1999.70202636719,,,,,,,,,,,,,0,,,,3.615659,,,,,,248.4749298,,,,
,44277991.195,248.3334274,1999.70202636719,2.85862417309252E-5,4.01633253526996E-7,1,0.999253354069792,40.0298881530762,1.99173920369941,18.0799998342991,0.000325838885647115,5.12783479010743E-5,0.25,-3.84241127871576E-7,2.86409803968606E-5,-3.59111583005499E-7,248.191925,248.4749298,1999.70202636719,1999.70202636719,60.9592082148141,20.715754334752,6.646428,0,0,0,40,4886,231.9002,1999.70202636719,,,,,,,,,,,,,0,,,,3.59768905,,,,,,248.3334274,,,,
,44277992.495,248.11507415,1999.70202636719,2.81066317209513E-5,3.71357387041843E-7,1,0.999253354069792,40.0298881530762,1.99178620729626,18.0799998342991,0.000320397663822687,5.03272705526959E-5,0.25,-3.85937409866846E-7,2.81606866594904E-5,-3.61219816146258E-7,248.0382233,248.191925,1999.70202636719,1999.70202636719,61.1522704590642,20.715587615086,6.273368,0,0,0,40,4886,231.68735,1999.70202636719,,,,,,,,,,,,,0,,,,3.5797191,,,,,,248.11507415,,,,
,44277993.72,247.94493105,1999.70202636719,2.8532774614798E-5,3.5632928441323E-7,1,0.999253354069792,40.0298881530762,1.99176097073142,18.0799998342991,0.000325234927583918,5.11987595739951E-5,0.25,-3.82247054762343E-7,2.85878204894471E-5,-3.57118893013691E-7,247.8516388,248.0382233,1999.70202636719,1999.70202636719,61.0193936107949,20.7171288581811,6.646428,0,0,0,40,4886,231.53955,1999.70202636719,,,,,,,,,,,,,0,,,,3.59768905,,,,,,247.94493105,,,,
,44277994.92,247.78330995,1999.70202636719,2.77238177062502E-5,3.47488283129791E-7,1,0.999253354069792,40.0298881530762,1.99178546385654,18.0799998342991,0.000316839146499041,4.49598902652439E-5,0.25,-7.92448059942576E-7,2.7777851013021E-5,-7.68826485563849E-7,247.7149811,247.8516388,1999.70202636719,1999.70202636719,60.8685393065834,20.7164810944843,6.273368,0,0,0,40,4886,231.4047,1999.70202636719,,,,,,,,,,,,,0,,,,3.615659,,,,,,247.78330995,,,,
,44277996.155,247.65036775,1999.70202636719,2.78234255086023E-5,3.53248654030142E-7,1,0.999253354069792,40.0298881530762,1.99176201297107,18.0799998342991,0.000318116049842404,4.43000457527291E-5,0.25,-8.67517472610953E-7,2.78778550662734E-5,-8.43930483963091E-7,247.5857544,247.7149811,1999.70202636719,1999.70202636719,60.9193451603334,20.7155795190503,6.273368,0,0,0,40,4886,231.2252,1999.70202636719,,,,,,,,,,,,,0,,,,3.615659,,,,,,247.65036775,,,,
,44277998.365,247.3200836,1999.70202636719,2.77609032127755E-5,4.19814353027151E-7,1,0.999253354069792,40.0298881530762,1.99178225122388,18.0799998342991,0.000317371850650645,4.44136270060472E-5,0.25,-8.46950124824675E-7,2.7815534085928E-5,-8.2335346577339E-7,247.3200836,247.3200836,1999.70202636719,1999.70202636719,61.0076691830065,20.7177295744432,6.273368,0,0,0,40,4886,230.9445,1999.70202636719,,,,,,,,,,,,,0,,,,3.5797191,,,,,,247.3200836,,,,
,44277999.06,247.234848,1999.70202636719,2.7857246455688E-5,3.40074405277577E-7,1,0.999253354069792,40.0298881530762,1.99175613342605,18.0799998342991,0.000317957326672089,4.7564022488305E-5,0.25,-5.86405715963455E-7,2.79119153320988E-5,-5.62207112808472E-7,247.1496124,247.3200836,1999.70202636719,1999.70202636719,61.0006345263334,20.7161695915479,6.273368,0,0,0,40,4886,230.864,1999.70202636719,,,,,,,,,,,,,0,,,,3.5797191,,,,,,247.234848,,,,
,44278001.415,246.8667755,1999.70202636719,2.80212062552674E-5,4.95398871238484E-7,1,0.999253354069792,40.0298881530762,1.99176326929838,18.0799998342991,0.000319213430092263,5.1470955735604E-5,0.25,-2.71067843706653E-7,2.80762879036473E-5,-2.46060014334681E-7,246.8667755,246.8667755,1999.70202636719,1999.70202636719,60.9271614455257,20.7178756053412,6.273368,0,0,0,40,4886,230.4833,1999.70202636719,,,,,,,,,,,,,0,,,,3.5797191,,,,,,246.8667755,,,,
,44278002.19,246.7882843,1999.70202636719,2.86298111223005E-5,4.10635267990389E-7,1,0.999253354069792,40.0298881530762,1.99178364073588,18.0799998342991,0.000325847242429413,5.43621561632057E-5,0.25,-1.21109157192018E-7,2.86860297128339E-5,-9.52400142461904E-8,246.7097931,246.8667755,1999.70202636719,1999.70202636719,61.0787973782564,20.7159546609555,6.646428,0,0,0,40,4886,230.3845,1999.70202636719,,,,,,,,,,,,,0,,,,3.5797191,,,,,,246.7882843,,,,
,44278003.48,246.63040925,1999.70202636719,2.77981119473318E-5,3.38859635874461E-7,1,0.999253354069792,40.0298881530762,1.99175318849283,18.0799998342991,0.000317748607008173,4.47792208097971E-5,0.25,-8.21316846859647E-7,2.78535013455864E-5,-7.97559108109806E-7,246.5510254,246.7097931,1999.70202636719,1999.70202636719,60.9084023610641,20.7158001728613,6.273368,0,0,0,40,4886,230.20425,1999.70202636719,,,,,,,,,,,,,0,,,,3.59768905,,,,,,246.63040925,,,,
,44278005.505,246.3981781,1999.70202636719,2.86752389685912E-5,3.7555394528522E-7,1,0.999253354069792,40.0298881530762,1.9917660584442,18.0799998342991,0.000327343648767437,4.87389550564486E-5,0.25,-6.23397579146532E-7,2.87324178558382E-5,-5.98420859109671E-7,246.3981781,246.3981781,1999.70202636719,1999.70202636719,61.0076691830065,20.7181458957507,6.646428,0,0,0,40,4886,229.9524,1999.70202636719,,,,,,,,,,,,,0,,,,3.5797191,,,,,,246.3981781,,,,
,44278006.985,246.0990295,1999.70202636719,2.86563943160442E-5,3.68814783746602E-7,1,0.999253354069792,40.0298881530762,1.99179952909254,18.0799998342991,0.000327955895336493,4.39269588498677E-5,0.25,-1.04339697226481E-6,2.87142391662713E-5,-1.0192560508776E-6,246.0990295,246.0990295,1999.70202636719,1999.70202636719,61.0576934082372,20.7172794583372,6.273368,0,0,0,40,4886,229.7929,1999.70202636719,,,,,,,,,,,,,0,,,,3.615659,,,,,,246.0990295,,,,
,44278008.635,245.9858551,1999.70202636719,2.85061674949781E-5,3.28218857272859E-7,1,0.999253354069792,40.0298881530762,1.99175535741823,18.0799998342991,0.000324724820617594,5.24947326471712E-5,0.25,-2.64338109767969E-7,2.85631171560265E-5,-2.38743802751904E-7,245.9858551,245.9858551,1999.70202636719,1999.70202636719,60.8763555917757,20.7170121142481,6.646428,0,0,0,40,4886,229.4629,1999.70202636719,,,,,,,,,,,,,0,,,,3.5797191,,,,,,245.9858551,,,,
,44278010.33,245.6801605,1999.70202636719,2.82184062466235E-5,3.39942353833714E-7,1,0.999253354069792,40.0298881530762,1.99176302313745,18.0799998342991,0.000322254351882933,4.72765607345171E-5,0.25,-6.73973764452903E-7,2.82754791880043E-5,-6.4943812291068E-7,245.6801605,245.6801605,1999.70202636719,1999.70202636719,60.8388374228526,20.7190588381461,6.646428,0,0,0,40,4886,229.2622,1999.70202636719,,,,,,,,,,,,,0,,,,3.5797191,,,,,,245.6801605,,,,
,44278011.765,245.5343933,1999.70202636719,2.8374501660258E-5,3.31613124850974E-7,1,0.999253354069792,40.0298881530762,1.99183240045912,18.0799998342991,0.000324105841671558,4.72105582763774E-5,0.25,-7.06681576536094E-7,2.8432069528927E-5,-6.82049190781448E-7,245.5343933,245.5343933,1999.70202636719,1999.70202636719,60.7536399142564,20.7169878274926,6.646428,0,0,0,40,4886,229.0966,1999.70202636719,,,,,,,,,,,,,0,,,,3.615659,,,,,,245.5343933,,,,
,44278012.455,245.4575424,1999.70202636719,2.8487044945133E-5,3.09304313509768E-7,1,0.999253354069792,40.0298881530762,1.99176768939305,18.0799998342991,0.000325584118620386,4.62170072640693E-5,0.25,-8.13200367579823E-7,2.8545017047101E-5,-7.88667051963508E-7,245.3806915,245.5343933,1999.70202636719,1999.70202636719,61.0381526952565,20.7179888311584,6.273368,0,0,0,40,4886,228.9984,1999.70202636719,,,,,,,,,,,,,0,,,,3.615659,,,,,,245.4575424,,,,
,44278013.655,245.230957,1999.70202636719,2.8799625790187E-5,3.44462589060195E-7,1,0.999253354069792,40.0298881530762,1.99178490738226,18.0799998342991,0.000329513800312641,4.4670716784062E-5,0.25,-1.00275600362326E-6,2.88586419872395E-5,-9.78299364175508E-7,245.0812225,245.3806915,1999.70202636719,1999.70202636719,61.0545668941603,20.715779567727,6.273368,0,0,0,40,4886,228.81765,1999.70202636719,,,,,,,,,,,,,0,,,,3.59768905,,,,,,245.230957,,,,
,44278015.695,244.9460602,1999.70202636719,2.83430559160807E-5,3.24788426289128E-7,1,0.999253354069792,40.0298881530762,1.99180101679777,18.0799998342991,0.000323845177788823,4.65957093472673E-5,0.25,-7.55460166448161E-7,2.84012222199989E-5,-7.30893560127069E-7,244.9460602,244.9460602,1999.70202636719,1999.70202636719,61.0631648078718,20.7168691546194,6.273368,0,0,0,40,4886,228.5368,1999.70202636719,,,,,,,,,,,,,0,,,,3.615659,,,,,,244.9460602,,,,
,44278017.33,244.73905185,1999.70202636719,2.83608762485098E-5,3.80337834212018E-7,1,0.999253354069792,40.0298881530762,1.9918078506006,18.0799998342991,0.000323837778165232,4.787875677198E-5,0.25,-6.45778532895198E-7,2.84191946394215E-5,-6.20950860310026E-7,244.6628571,244.8152466,1999.70202636719,1999.70202636719,60.9295063310834,20.7164098573579,6.273368,0,0,0,40,4886,228.3409,1999.70202636719,,,,,,,,,,,,,0,,,,3.5797191,,,,,,244.73905185,,,,
,44278018.86,244.5337982,1999.70202636719,2.85762904239831E-5,3.00863948989034E-7,1,0.999253354069792,40.0298881530762,1.99178112909678,18.0799998342991,0.000326780041364554,4.54133995907274E-5,0.25,-8.99418966139485E-7,2.86354974681292E-5,-8.74883152506465E-7,244.5337982,244.5337982,1999.70202636719,1999.70202636719,61.0631648078718,20.7186620191021,6.273368,0,0,0,40,4886,228.108,1999.70202636719,,,,,,,,,,,,,0,,,,3.5797191,,,,,,244.5337982,,,,
,44278020.45,244.392746,1999.70202636719,2.8536818800478E-5,3.11366048459189E-7,1,0.999253354069792,40.0298881530762,1.99173280094268,18.0799998342991,0.000326269557036824,4.56609039903847E-5,0.25,-8.70860988032524E-7,2.8596066401796E-5,-8.46275650044911E-7,244.392746,244.392746,1999.70202636719,1999.70202636719,61.0444057234103,20.7167020748549,6.646428,0,0,0,40,4886,227.87855,1999.70202636719,,,,,,,,,,,,,0,,,,3.615659,,,,,,244.392746,,,,
,44278022.09,244.0539703,1999.70202636719,2.80325607083518E-5,4.09301628844513E-7,1,0.999253354069792,40.0298881530762,1.9917249313933,18.0799998342991,0.000319719490706816,4.94547270155602E-5,0.25,-4.51042891074778E-7,2.80907398742593E-5,-4.26041685430708E-7,244.0539703,244.0539703,1999.70202636719,1999.70202636719,60.9068391040257,20.7182652385726,6.646428,0,0,0,40,4886,227.6789,1999.70202636719,,,,,,,,,,,,,0,,,,3.59768905,,,,,,244.0539703,,,,
,44278023.745,243.9121094,1999.70202636719,2.82631352033537E-5,3.50749890947526E-7,1,0.999253354069792,40.0298881530762,1.99182482621829,18.0799998342991,0.000323055346705395,4.5839547327011E-5,0.25,-8.08604930197676E-7,2.83222674695908E-5,-7.84103654770399E-7,243.9121094,243.9121094,1999.70202636719,1999.70202636719,61.0295547815449,20.7179336157452,6.273368,0,0,0,40,4886,227.4796,1999.70202636719,,,,,,,,,,,,,0,,,,3.59768905,,,,,,243.9121094,,,,
,44278024.44,243.75698855,1999.70202636719,2.83581636172284E-5,3.6485398346045E-7,1,0.999253354069792,40.0298881530762,1.9917776055513,18.0799998342991,0.00032314646536638,5.1773392876259E-5,0.25,-3.03135937797815E-7,2.84171867456938E-5,-2.77488096550203E-7,243.6018677,243.9121094,1999.70202636719,1999.70202636719,60.9998528978142,20.7163777756871,6.646428,0,0,0,40,4886,227.36465,1999.70202636719,,,,,,,,,,,,,0,,,,3.59768905,,,,,,243.75698855,,,,
,44278026.46,243.4762573,1999.70202636719,2.89393569788079E-5,4.16098889270376E-7,1,0.999253354069792,40.0298881530762,1.99179327282679,18.0799998342991,0.000330234512117129,5.01521677639214E-5,0.25,-5.45291855280873E-7,2.90001073118533E-5,-5.19568040473502E-7,243.4762573,243.4762573,1999.70202636719,1999.70202636719,60.9005860758718,20.716793923787,6.273368,0,0,0,40,4886,227.05275,1999.70202636719,,,,,,,,,,,,,0,,,,3.615659,,,,,,243.4762573,,,,
,44278027.195,243.3977432,1999.70202636719,2.84569976664649E-5,3.63013402968993E-7,1,0.999253354069792,40.0298881530762,1.99176604580991,18.0799998342991,0.00032455501909239,5.03196032221798E-5,0.25,-4.47964473365549E-7,2.85167350234092E-5,-4.22468823973494E-7,243.3192291,243.4762573,1999.70202636719,1999.70202636719,61.0076691830065,20.7170204817438,6.273368,0,0,0,40,4886,226.9237,1999.70202636719,,,,,,,,,,,,,0,,,,3.615659,,,,,,243.3977432,,,,
,44278029.385,243.0472412,1999.70202636719,2.82936006915976E-5,3.43062359120447E-7,1,0.999253354069792,40.0298881530762,1.99185106559901,18.0799998342991,0.000323878616816332,4.32002119087255E-5,0.25,-1.04613792456656E-6,2.8353920633412E-5,-1.02202150197585E-6,243.0472412,243.0472412,1999.70202636719,1999.70202636719,60.9537368151795,20.7175253235631,6.646428,0,0,0,40,4886,226.6899,1999.70202636719,,,,,,,,,,,,,0,,,,3.615659,,,,,,243.0472412,,,,
,44278030.09,242.9706955,1999.70202636719,2.86156382133641E-5,4.16967870988276E-7,1,0.999253354069792,40.0298881530762,1.99189227910803,18.0799998342991,0.000327313518152212,4.52049216044352E-5,0.25,-9.25137550463414E-7,2.86766016585457E-5,-9.0045660958405E-7,242.8941498,243.0472412,1999.70202636719,1999.70202636719,61.0444057234103,20.7170054641206,6.646428,0,0,0,40,4886,226.59275,1999.70202636719,,,,,,,,,,,,,0,,,,3.615659,,,,,,242.9706955,,,,
,44278031.27,242.82392885,1999.70202636719,2.85320606886112E-5,3.59815744752469E-7,1,0.999253354069792,40.0298881530762,1.9918216709821,18.0799998342991,0.000325670350760275,4.90313327677449E-5,0.25,-5.74350789388999E-7,2.85926761972655E-5,-5.48990802239044E-7,242.7537079,242.8941498,1999.70202636719,1999.70202636719,61.1272583464488,20.7179844422129,6.273368,0,0,0,40,4886,226.43025,1999.70202636719,,,,,,,,,,,,,0,,,,3.615659,,,,,,242.82392885,,,,
,44278032.485,242.6831894,1999.70202636719,2.84554223493899E-5,3.84760957362984E-7,1,0.999253354069792,40.0298881530762,1.9918280193546,18.0799998342991,0.000325389961129151,4.54438485803306E-5,0.25,-8.76672146764622E-7,2.85163051019875E-5,-8.519986442166E-7,242.6126709,242.7537079,1999.70202636719,1999.70202636719,60.945138901468,20.7158403260473,6.273368,0,0,0,40,4886,226.24725,1999.70202636719,,,,,,,,,,,,,0,,,,3.59768905,,,,,,242.6831894,,,,
,44278034.675,242.3300629,1999.70202636719,2.8709558996345E-5,3.9444449488989E-7,1,0.999253354069792,40.0298881530762,1.99181647294093,18.0799998342991,0.000328581444693548,4.41974021952829E-5,0.25,-1.02982348769739E-6,2.87714962663648E-5,-1.00521368797372E-6,242.3300629,242.3300629,1999.70202636719,1999.70202636719,60.9787489277949,20.7167651609504,6.273368,0,0,0,40,4886,225.997,1999.70202636719,,,,,,,,,,,,,0,,,,3.59768905,,,,,,242.3300629,,,,
,44278036.205,242.1765442,1999.70202636719,2.84596089804433E-5,3.54278308585101E-7,1,0.999253354069792,40.0298881530762,1.99183161518834,18.0799998342991,0.000325504573845878,4.51003664986925E-5,0.25,-9.07734418316851E-7,2.85210613571689E-5,-8.83070186424984E-7,242.1765442,242.1765442,1999.70202636719,1999.70202636719,61.0420608378526,20.7186534824924,6.273368,0,0,0,40,4886,225.7622,1999.70202636719,,,,,,,,,,,,,0,,,,3.615659,,,,,,242.1765442,,,,
,44278036.89,242.0919876,1999.70202636719,2.92780588051262E-5,4.06911953874522E-7,1,0.999253354069792,40.0298881530762,1.99180431015543,18.0799998342991,0.000334903022073496,4.6158446813646E-5,0.25,-9.5481725757108E-7,2.93413891214065E-5,-9.29477098808815E-7,242.007431,242.1765442,1999.70202636719,1999.70202636719,60.9779672992757,20.7181568300219,6.646428,0,0,0,40,4886,225.6654,1999.70202636719,,,,,,,,,,,,,0,,,,3.59768905,,,,,,242.0919876,,,,
,44278054.05,239.7923584,1999.70202636719,,,2,,,,18.1359997732043,,,,,,,239.7923584,239.7923584,1999.70202636719,1999.70202636719,,,6.273368,,,,-99999999,4886,223.3985,1999.70202636719,,,,,,,,,,,,,,,,,,,,,,,239.7923584,,,,
touchdown = 13.7299997732043 mm,44278067.895,237.8009033,1999.70202636719,2.95035925901299E-5,2.71089157119809E-7,1,0.999253354069792,40.0298881530762,2.00343350856331,18.1200001388788,0.000339106688130746,4.85696066523272E-5,0.25,-8.06366953481521E-7,2.95719169636814E-5,-7.79999853365123E-7,237.8009033,237.8009033,1999.70202636719,1999.70202636719,61.0701994645449,20.7139474306371,6.273368,0,0,0,40,4886,221.5452,1999.70202636719,,,,,,,,,,,,,0,,,,3.59768905,,,,,,237.8009033,,,,
,44278068.595,237.7301712,1999.70202636719,2.93924067845285E-5,3.14350592429098E-7,1,0.999253354069792,40.0298881530762,2.00340781175343,18.1200001388788,0.000337200349999584,5.20370258109255E-5,0.25,-4.8420274204737E-7,2.94602447711005E-5,-4.57196924913418E-7,237.6594391,237.8009033,1999.70202636719,1999.70202636719,60.8458720795257,20.7111363073658,6.646428,0,0,0,40,4886,221.48945,1999.70202636719,,,,,,,,,,,,,0,,,,3.5797191,,,,,,237.7301712,,,,
,44278070.715,237.5200195,1999.70202636719,2.9075793051614E-5,3.32890790469848E-7,1,0.999253354069792,40.0298881530762,2.00342035061213,18.1200001388788,0.000334415916157917,4.65519883255887E-5,0.25,-9.09548851127832E-7,2.91435344693441E-5,-8.83780445208139E-7,237.5200195,237.5200195,1999.70202636719,1999.70202636719,61.1296032320065,20.7114581484429,6.273368,0,0,0,40,4886,221.1802,1999.70202636719,,,,,,,,,,,,,0,,,,3.5797191,,,,,,237.5200195,,,,
,44278072.315,237.1954956,1999.70202636719,2.95163709948229E-5,3.6470617090511E-7,1,0.999253354069792,40.0298881530762,2.00340235387254,18.1200001388788,0.000339752585490545,4.56911424775933E-5,0.25,-1.06028943211147E-6,2.95856221268796E-5,-1.034418526939E-6,237.1954956,237.1954956,1999.70202636719,1999.70202636719,60.9021493329103,20.7134514985904,6.646428,0,0,0,40,4886,220.9272,1999.70202636719,,,,,,,,,,,,,0,,,,3.615659,,,,,,237.1954956,,,,
,44278073.055,237.1279602,1999.70202636719,2.94974965685817E-5,3.19793941719665E-7,1,0.999253354069792,40.0298881530762,2.00344103910707,18.1200001388788,0.000338719570855956,5.04682221629862E-5,0.25,-6.39596561749347E-7,2.95663728537075E-5,-6.12758885562226E-7,237.0604248,237.1954956,1999.70202636719,1999.70202636719,60.8896432766026,20.7131096898509,6.273368,0,0,0,40,4886,220.8381,1999.70202636719,,,,,,,,,,,,,0,,,,3.59768905,,,,,,237.1279602,,,,
,44278074.34,236.9822235,1999.70202636719,2.90034433741994E-5,3.31566194328279E-7,1,0.999253354069792,40.0298881530762,2.0033937768889,18.1200001388788,0.000333468104702768,4.71257206689373E-5,0.25,-8.47119042157145E-7,2.90715296244751E-5,-8.21212134406999E-7,236.9040222,237.0604248,1999.70202636719,1999.70202636719,60.9467021585064,20.7144317935762,6.273368,0,0,0,40,4886,220.65455,1999.70202636719,,,,,,,,,,,,,0,,,,3.59768905,,,,,,236.9822235,,,,
,44278075.56,236.82048035,1999.70202636719,2.90259389920027E-5,3.17032079808254E-7,1,0.999253354069792,40.0298881530762,2.00344933009438,18.1200001388788,0.000334368331048111,4.34799783262818E-5,0.25,-1.16979303875256E-6,2.90945595668941E-5,-1.14459542009937E-6,236.7369385,236.9040222,1999.70202636719,1999.70202636719,60.8646311639872,20.7118281859753,6.273368,0,0,0,40,4886,220.49655,1999.70202636719,,,,,,,,,,,,,0,,,,3.59768905,,,,,,236.82048035,,,,
,44278076.685,236.67554475,1999.70202636719,2.9397640974018E-5,3.49488945691133E-7,1,0.999253354069792,40.0298881530762,2.00343370372207,18.1200001388788,0.00033758358920655,5.02614117503661E-5,0.25,-6.40704036306919E-7,2.94667730387142E-5,-6.13902797720005E-7,236.614151,236.7369385,1999.70202636719,1999.70202636719,60.9920366126218,20.7132199962618,6.646428,0,0,0,40,4886,220.3743,1999.70202636719,,,,,,,,,,,,,0,,,,3.5797191,,,,,,236.67554475,,,,
,44278078.69,236.3483276,1999.70202636719,2.92410986095399E-5,3.57341921023522E-7,1,0.999253354069792,40.0298881530762,2.00337179901501,18.1200001388788,0.000335571384458171,5.12116719019631E-5,0.25,-5.30807990586994E-7,2.93101096270185E-5,-5.03859346362904E-7,236.3483276,236.3483276,1999.70202636719,1999.70202636719,61.0045426689295,20.7129527109025,6.646428,0,0,0,40,4886,220.0655,1999.70202636719,,,,,,,,,,,,,0,,,,3.615659,,,,,,236.3483276,,,,
,44278079.4,236.2785873,1999.70202636719,2.93330124927428E-5,2.99575909728383E-7,1,0.999253354069792,40.0298881530762,2.00343853474446,18.1200001388788,0.000337269491376117,4.76849969205196E-5,0.25,-8.54962622166363E-7,2.94026262892549E-5,-8.28677604968235E-7,236.208847,236.3483276,1999.70202636719,1999.70202636719,60.8208599669103,20.713546815352,6.646428,0,0,0,40,4886,220.00645,1999.70202636719,,,,,,,,,,,,,0,,,,3.59768905,,,,,,236.2785873,,,,
,44278081.655,235.9315643,1999.70202636719,2.92719798946286E-5,3.69753744946842E-7,1,0.999253354069792,40.0298881530762,2.00342503111167,18.1200001388788,0.000336058414414858,5.05727212299406E-5,0.25,-5.92182760430916E-7,2.9341568426463E-5,-5.65298990131585E-7,235.9315643,235.9315643,1999.70202636719,1999.70202636719,60.9412307588718,20.7136436429016,6.273368,0,0,0,40,4886,219.69565,1999.70202636719,,,,,,,,,,,,,0,,,,3.5797191,,,,,,235.9315643,,,,
,44278083.18,235.792511,1999.70202636719,2.92368604977208E-5,3.85038555328927E-7,1,0.999253354069792,40.0298881530762,2.00347664364646,18.1200001388788,0.000335904287348728,4.91170592996326E-5,0.25,-7.13553779974685E-7,2.93066315342159E-5,-6.86968663819369E-7,235.792511,235.792511,1999.70202636719,1999.70202636719,61.117878804218,20.7133060068155,6.273368,0,0,0,40,4886,219.53635,1999.70202636719,,,,,,,,,,,,,0,,,,3.5797191,,,,,,235.792511,,,,
,44278083.9,235.65366365,1999.70202636719,2.99777044341949E-5,3.38066684573106E-7,1,0.999253354069792,40.0298881530762,2.00342966602454,18.1200001388788,0.000344569081153368,4.94314982693546E-5,0.25,-8.12877787292892E-7,3.00494742739108E-5,-7.85795876638104E-7,235.5148163,235.792511,1999.70202636719,1999.70202636719,60.8380557943334,20.7113337284352,6.273368,0,0,0,40,4886,219.4175,1999.70202636719,,,,,,,,,,,,,0,,,,3.5797191,,,,,,235.65366365,,,,
,44278086.19,235.3930359,1999.70202636719,2.97328974934967E-5,3.4222273417216E-7,1,0.999253354069792,40.0298881530762,2.00342479591767,18.1200001388788,0.00034135510861032,5.13789574611245E-5,0.25,-6.00826296375563E-7,2.98041635690844E-5,-5.73430102028244E-7,235.3930359,235.3930359,1999.70202636719,1999.70202636719,61.0014161548526,20.7136644106933,6.646428,0,0,0,40,4886,219.0764,1999.70202636719,,,,,,,,,,,,,0,,,,3.615659,,,,,,235.3930359,,,,
,44278086.87,235.3095627,1999.70202636719,2.99270230497959E-5,2.80698883726242E-7,1,0.999253354069792,40.0298881530762,2.00343527249784,18.1200001388788,0.000344449537657728,4.66753951453096E-5,0.25,-1.04522103845161E-6,2.99992730782071E-5,-1.01868679299048E-6,235.2260895,235.3930359,1999.70202636719,1999.70202636719,61.2351230821026,20.7137916727469,6.646428,0,0,0,40,4886,219.01795,1999.70202636719,,,,,,,,,,,,,0,,,,3.59768905,,,,,,235.3095627,,,,
,44278088.015,235.14871215,1999.70202636719,2.94241663693847E-5,3.59715550036231E-7,1,0.999253354069792,40.0298881530762,2.0033564297486,18.1200001388788,0.000338797795008174,4.50332265201723E-5,0.25,-1.1025361437069E-6,2.94954485044282E-5,-1.07661285230829E-6,235.0713348,235.2260895,1999.70202636719,1999.70202636719,61.0404975808142,20.7130915829154,6.646428,0,0,0,40,4886,218.8953,1999.70202636719,,,,,,,,,,,,,0,,,,3.5797191,,,,,,235.14871215,,,,
,44278090.02,234.8495102,1999.70202636719,2.98450058862532E-5,2.70411650561815E-7,1,0.999253354069792,40.0298881530762,2.00343496930575,18.1200001388788,0.000343556377526802,4.62847916570843E-5,0.25,-1.06545337933466E-6,2.99175821005715E-5,-1.03899415646123E-6,234.7665558,234.9324646,1999.70202636719,1999.70202636719,61.0686362075065,20.7124481869377,6.273368,0,0,0,40,4886,218.5831,1999.70202636719,,,,,,,,,,,,,0,,,,3.615659,,,,,,234.8495102,,,,
,44278090.8,234.6914902,1999.70202636719,2.92390848445135E-5,3.59912948449964E-7,1,0.999253354069792,40.0298881530762,2.00339593211709,18.1200001388788,0.000336186007588327,4.76283895618545E-5,0.25,-8.44220333204838E-7,2.9310163130638E-5,-8.17810108200612E-7,234.6164246,234.7665558,1999.70202636719,1999.70202636719,60.9967263837372,20.7134863197751,6.646428,0,0,0,40,4886,218.4918,1999.70202636719,,,,,,,,,,,,,0,,,,3.59768905,,,,,,234.6914902,,,,
,44278092.07,234.5615311,1999.70202636719,2.97208235768491E-5,3.01814475388449E-7,1,0.999253354069792,40.0298881530762,2.00343865283833,18.1200001388788,0.000341417942261541,5.0257027834181E-5,0.25,-6.97104966919152E-7,2.97930560600619E-5,-6.69846085058624E-7,234.5066376,234.6164246,1999.70202636719,1999.70202636719,61.0389343237757,20.7134689967685,6.646428,0,0,0,40,4886,218.3072,1999.70202636719,,,,,,,,,,,,,0,,,,3.59768905,,,,,,234.5615311,,,,
,44278093.275,234.43405915,1999.70202636719,2.98052894556949E-5,2.53486720828891E-7,1,0.999253354069792,40.0298881530762,2.00340218841679,18.1200001388788,0.000343906574467235,4.15075298259527E-5,0.25,-1.47626199568999E-6,2.98786224191886E-5,-1.45077796536445E-6,234.3614807,234.5066376,1999.70202636719,1999.70202636719,61.046750608968,20.7147016704558,6.646428,0,0,0,40,4886,218.15015,1999.70202636719,,,,,,,,,,,,,0,,,,3.59768905,,,,,,234.43405915,,,,
,44278094.535,234.21780395,1999.70202636719,2.98538806567944E-5,3.9747748766815E-7,1,0.999253354069792,40.0298881530762,2.00343387705282,18.1200001388788,0.000342795387773484,5.13851150789289E-5,0.25,-6.21386207774388E-7,2.99267344354402E-5,-5.93777540193876E-7,234.0741272,234.3614807,1999.70202636719,1999.70202636719,61.2523189095257,20.7126258374338,6.273368,0,0,0,40,4886,218.0276,1999.70202636719,,,,,,,,,,,,,0,,,,3.59768905,,,,,,234.21780395,,,,
,44278095.89,234.0046158,1999.70202636719,2.98801695835263E-5,4.01947888899445E-7,1,0.999253354069792,40.0298881530762,2.00343903638855,18.1200001388788,0.000343719696877277,4.78166064213323E-5,0.25,-9.37848063034947E-7,2.99536282188944E-5,-9.10956818503942E-7,233.9351044,234.0741272,1999.70202636719,1999.70202636719,61.0412792093334,20.7141919944546,6.646428,0,0,0,40,4886,217.8443,1999.70202636719,,,,,,,,,,,,,0,,,,3.59768905,,,,,,234.0046158,,,,
,44278098.07,233.7967377,1999.70202636719,3.00210630496348E-5,3.53541969013329E-7,1,0.999253354069792,40.0298881530762,2.00347344381284,18.1200001388788,0.00034525597678843,4.85845563918195E-5,0.25,-8.95000888839945E-7,3.0095048442017E-5,-8.67832980447317E-7,233.7967377,233.7967377,1999.70202636719,1999.70202636719,60.955300072218,20.7132567801099,6.273368,0,0,0,40,4886,217.5906,1999.70202636719,,,,,,,,,,,,,0,,,,3.615659,,,,,,233.7967377,,,,
,44278098.76,233.7138672,1999.70202636719,3.03081128454366E-5,3.21995267954892E-7,1,0.999253354069792,40.0298881530762,2.00338728433322,18.1200001388788,0.000348027406320605,5.20635167998458E-5,0.25,-6.39954957890471E-7,3.03826386152323E-5,-6.11867243118525E-7,233.6309967,233.7967377,1999.70202636719,1999.70202636719,61.3382980466411,20.713005766461,6.273368,0,0,0,40,4886,217.47065,1999.70202636719,,,,,,,,,,,,,0,,,,3.615659,,,,,,233.7138672,,,,
,44278099.93,233.49837495,1999.70202636719,2.95346784259297E-5,4.0368766913336E-7,1,0.999253354069792,40.0298881530762,2.00346139431007,18.1200001388788,0.000338057239748884,5.71804242847056E-5,0.25,-6.05280550256281E-8,2.96069829573836E-5,-3.17548190775725E-8,233.3657532,233.6309967,1999.70202636719,1999.70202636719,61.168684657968,20.7135310526355,6.646428,0,0,0,40,4886,217.28815,1999.70202636719,,,,,,,,,,,,,0,,,,3.615659,,,,,,233.49837495,,,,
,44278102.165,233.2168732,1999.70202636719,2.99659441306209E-5,3.66294686293697E-7,1,0.999253354069792,40.0298881530762,2.00339815323339,18.1200001388788,0.000343543345685876,5.47639904209625E-5,0.25,-3.45527785798318E-7,3.00398881659957E-5,-3.16981133383804E-7,233.2168732,233.2168732,1999.70202636719,1999.70202636719,61.0334629241411,20.714743489152,6.646428,0,0,0,40,4886,216.9758,1999.70202636719,,,,,,,,,,,,,0,,,,3.615659,,,,,,233.2168732,,,,
,44278102.85,233.14730835,1999.70202636719,3.00743622659271E-5,3.32125724315347E-7,1,0.999253354069792,40.0298881530762,2.00342177357489,18.1200001388788,0.000345783602949754,4.91670813459036E-5,0.25,-8.53324462367243E-7,3.0149147001184E-5,-8.25910923847187E-7,233.0777435,233.2168732,1999.70202636719,1999.70202636719,61.0326812956218,20.7145153706749,6.646428,0,0,0,40,4886,216.916,1999.70202636719,,,,,,,,,,,,,0,,,,3.615659,,,,,,233.14730835,,,,
,44278104.09,232.93967435,1999.70202636719,2.9962550735194E-5,3.38320797049853E-7,1,0.999253354069792,40.0298881530762,2.0034150295489,18.1200001388788,0.000344850583291693,4.69347035465618E-5,0.25,-1.02931806794165E-6,3.00374610592287E-5,-1.00243404438164E-6,232.8016052,233.0777435,1999.70202636719,1999.70202636719,61.107717633468,20.7136679722541,6.646428,0,0,0,40,4886,216.79185,1999.70202636719,,,,,,,,,,,,,0,,,,3.615659,,,,,,232.93967435,,,,
,44278106.215,232.6803131,1999.70202636719,2.99440745786622E-5,4.27818255379318E-7,1,0.999253354069792,40.0298881530762,2.00331770592558,18.1200001388788,0.000344209990103858,4.932866767081E-5,0.25,-8.16821015180845E-7,3.00190120857362E-5,-7.8938746771082E-7,232.6803131,232.6803131,1999.70202636719,1999.70202636719,61.0459689804488,20.7141919954933,6.273368,0,0,0,40,4886,216.4843,1999.70202636719,,,,,,,,,,,,,0,,,,3.615659,,,,,,232.6803131,,,,
,44278107.64,232.5149231,1999.70202636719,3.02787278411848E-5,3.83931938285179E-7,1,0.999253354069792,40.0298881530762,2.00343302530194,18.1200001388788,0.000347973851958116,5.04912570651168E-5,0.25,-7.72822141270036E-7,3.03546320927043E-5,-7.4492353357701E-7,232.5149231,232.5149231,1999.70202636719,1999.70202636719,60.8966779332757,20.7132747156593,6.273368,0,0,0,40,4886,216.2975,1999.70202636719,,,,,,,,,,,,,0,,,,3.615659,,,,,,232.5149231,,,,
,44278109.275,232.2488861,1999.70202636719,3.04992581432484E-5,2.78703354136273E-7,1,0.999253354069792,40.0298881530762,2.00331501970537,18.1200001388788,0.000351338305545132,4.59149833755508E-5,0.25,-1.21037782425482E-6,3.05764370714954E-5,-1.18332739678849E-6,232.2488861,232.2488861,1999.70202636719,1999.70202636719,61.1694662864872,20.712735687195,6.646428,0,0,0,40,4886,216.1089,1999.70202636719,,,,,,,,,,,,,0,,,,3.615659,,,,,,232.2488861,,,,
,44278109.975,232.17110445,1999.70202636719,3.00390643121505E-5,2.9353579322755E-7,1,0.999253354069792,40.0298881530762,2.003398768278,18.1200001388788,0.000345459333573194,4.86836511249312E-5,0.25,-8.89788392138302E-7,3.01148647956114E-5,-8.62375074991792E-7,232.0933228,232.2488861,1999.70202636719,1999.70202636719,61.0662913219488,20.7142502393375,6.273368,0,0,0,40,4886,215.988,1999.70202636719,,,,,,,,,,,,,0,,,,3.59768905,,,,,,232.17110445,,,,
,44278112.155,231.8337555,1999.70202636719,3.0201991845497E-5,3.55617396387272E-7,1,0.999253354069792,40.0298881530762,2.00352202258897,18.1200001388788,0.000347885109145123,4.58713557279491E-5,0.25,-1.16380824564366E-6,3.02788399432762E-5,-1.13687940092787E-6,231.8337555,231.8337555,1999.70202636719,1999.70202636719,60.9545184436988,20.7164581791837,6.646428,0,0,0,40,4886,215.6789,1999.70202636719,,,,,,,,,,,,,0,,,,3.615659,,,,,,231.8337555,,,,
,44278112.915,231.76475525,1999.70202636719,2.9684702062729E-5,3.32301030450737E-7,1,0.999253354069792,40.0298881530762,2.00338267676684,18.1200001388788,0.000341206824611604,4.91585566513129E-5,0.25,-7.8769743664368E-7,2.9759955316228E-5,-7.6031867764027E-7,231.695755,231.8337555,1999.70202636719,1999.70202636719,61.1538337161026,20.7147103982689,5.900308,0,0,0,40,4886,215.5568,1999.70202636719,,,,,,,,,,,,,0,,,,3.615659,,,,,,231.76475525,,,,
,44278115.15,231.4316101,1999.70202636719,2.96930194172082E-5,3.16779140200676E-7,1,0.999253354069792,40.0298881530762,2.00344717844069,18.1200001388788,0.00034207877834878,4.4726596018873E-5,0.25,-1.17665947757642E-6,2.97690390446703E-5,-1.15022087104694E-6,231.4316101,231.4316101,1999.70202636719,1999.70202636719,60.9850019559487,20.7129667582818,6.273368,0,0,0,40,4886,215.3085,1999.70202636719,,,,,,,,,,,,,0,,,,3.5797191,,,,,,231.4316101,,,,
,44278115.885,231.3651428,1999.70202636719,2.98753375042383E-5,3.73093706906726E-7,1,0.999253354069792,40.0298881530762,2.00342866476635,18.1200001388788,0.000343035014548334,5.16687226663767E-5,0.25,-6.0119246014551E-7,2.99513183003953E-5,-5.73108518351251E-7,231.2986755,231.4316101,1999.70202636719,1999.70202636719,61.0936483201219,20.7145738811445,6.646428,0,0,0,40,4886,215.2166,1999.70202636719,,,,,,,,,,,,,0,,,,3.59768905,,,,,,231.3651428,,,,
,44278117.965,231.1560822,1999.70202636719,3.00155877203767E-5,3.16459312380135E-7,1,0.999253354069792,40.0298881530762,2.00346767888541,18.1200001388788,0.000345027237392579,4.97356279554497E-5,0.25,-7.94298250840011E-7,3.00923410678363E-5,-7.66531679988718E-7,231.1560822,231.1560822,1999.70202636719,1999.70202636719,60.9740591566795,20.7133027203373,6.646428,0,0,0,40,4886,214.9994,1999.70202636719,,,,,,,,,,,,,0,,,,3.59768905,,,,,,231.1560822,,,,
,44278119.565,230.8802185,1999.70202636719,3.03452555376831E-5,3.02609014544125E-7,1,0.999253354069792,40.0298881530762,2.00344775757666,18.1200001388788,0.000348330182996967,5.31239387353202E-5,0.25,-5.54701976291417E-7,3.04229090961422E-5,-5.25965190931014E-7,230.8802185,230.8802185,1999.70202636719,1999.70202636719,60.9638979859295,20.7145623948598,6.273368,0,0,0,40,4886,214.7541,1999.70202636719,,,,,,,,,,,,,0,,,,3.615659,,,,,,230.8802185,,,,
,44278120.285,230.80581665,1999.70202636719,3.01862468307077E-5,3.41459217667145E-7,1,0.999253354069792,40.0298881530762,2.00339918764476,18.1200001388788,0.000348358193906005,4.19824269331043E-5,0.25,-1.50105163183181E-6,3.02645183282834E-5,-1.47487043215283E-6,230.7314148,230.8802185,1999.70202636719,1999.70202636719,61.1319481175642,20.7146193089028,6.646428,0,0,0,40,4886,214.69045,1999.70202636719,,,,,,,,,,,,,0,,,,3.59768905,,,,,,230.80581665,,,,
,44278121.58,230.6630249,1999.70202636719,2.94145769949066E-5,3.66012217652983E-7,1,0.999253354069792,40.0298881530762,2.00343144434773,18.1200001388788,0.000338459583980665,4.67503761493834E-5,0.25,-9.52328636899856E-7,2.94904919336025E-5,-9.25492451683871E-7,230.594635,230.7314148,1999.70202636719,1999.70202636719,60.9967263837372,20.7139551747768,6.273368,0,0,0,40,4886,214.50495,1999.70202636719,,,,,,,,,,,,,0,,,,3.59768905,,,,,,230.6630249,,,,
,44278123.78,230.2905273,1999.70202636719,3.0100836138539E-5,3.88816429893391E-7,1,0.999253354069792,40.0298881530762,2.00339587062243,18.1200001388788,0.000346391660414457,4.76260754877594E-5,0.25,-9.93375441320464E-7,3.01789484121032E-5,-9.65921338641759E-7,230.2905273,230.2905273,1999.70202636719,1999.70202636719,60.8091355391218,20.7159491414257,6.273368,0,0,0,40,4886,214.1962,1999.70202636719,,,,,,,,,,,,,0,,,,3.5797191,,,,,,230.2905273,,,,
,44278125.235,230.1530762,1999.70202636719,2.95625791249033E-5,3.84540323162366E-7,1,0.999253354069792,40.0298881530762,2.00341621112265,18.1200001388788,0.000339524456506303,5.07341402459812E-5,0.25,-6.29671337190072E-7,2.96390958701732E-5,-6.01793834494474E-7,230.1530762,230.1530762,1999.70202636719,1999.70202636719,61.1499255735065,20.7136223902678,6.646428,0,0,0,40,4886,214.0125,1999.70202636719,,,,,,,,,,,,,0,,,,3.615659,,,,,,230.1530762,,,,
,44278126.835,229.9335785,1999.70202636719,3.00814374614228E-5,2.86221184523734E-7,1,0.999253354069792,40.0298881530762,2.0034420945868,18.1200001388788,0.00034596183463663,4.88736714523099E-5,0.25,-8.81243957062217E-7,3.0159776120957E-5,-8.53463810329292E-7,229.8509216,230.0162354,1999.70202636719,1999.70202636719,61.2249619113526,20.7151557887141,6.646428,0,0,0,40,4886,213.79405,1999.70202636719,,,,,,,,,,,,,0,,,,3.615659,,,,,,229.9335785,,,,
,44278127.61,229.76842495,1999.70202636719,3.0300390796387E-5,2.98776101394158E-7,1,0.999253354069792,40.0298881530762,2.00342480933129,18.1200001388788,0.000349078888233785,4.57280197486846E-5,0.25,-1.19363936188359E-6,3.03797878695488E-5,-1.16643573865668E-6,229.6859283,229.8509216,1999.70202636719,1999.70202636719,61.0592566652757,20.7162484944592,6.646428,0,0,0,40,4886,213.7009,1999.70202636719,,,,,,,,,,,,,0,,,,3.615659,,,,,,229.76842495,,,,
,44278145.3,227.5241394,1999.70202636719,,,2,,,,18.1460003150105,,,,,,,227.5241394,227.5241394,1999.70202636719,1999.70202636719,,,6.646428,,,,-99999999,4886,211.4139,1999.70202636719,,,,,,,,,,,,,,,,,,,,,,,227.5241394,,,,
touchdown = 13.7400003150105 mm,44278159.145,225.5905914,1999.70202636719,3.08151654662587E-5,4.0844005151083E-7,1,0.999253354069792,40.0298881530762,1.99175045902986,18.130000680685,0.000353606859102457,4.32452868915811E-5,0.25,-1.47896386631723E-6,3.09008336371424E-5,-1.45147375044284E-6,225.5905914,225.5905914,1999.70202636719,1999.70202636719,60.8716658206603,20.719411862453,6.273368,0,0,0,40,4886,209.6854,1999.70202636719,,,,,,,,,,,,,0,,,,3.615659,,,,,,225.5905914,,,,
,44278159.875,225.52278135,1999.70202636719,3.09520958267008E-5,2.80965846930688E-7,1,0.999253354069792,40.0298881530762,1.99176801073313,18.130000680685,0.000354400714829422,4.79988740495663E-5,0.25,-1.08481824633571E-6,3.10378102563877E-5,-1.05610298262571E-6,225.4549713,225.5905914,1999.70202636719,1999.70202636719,60.8904249051218,20.7206690884979,6.646428,0,0,0,40,4886,209.62515,1999.70202636719,,,,,,,,,,,,,0,,,,3.59768905,,,,,,225.52278135,,,,
,44278161.97,225.3011322,1999.70202636719,3.0580796867919E-5,3.96385109162205E-7,1,0.999253354069792,40.0298881530762,1.9917368766441,18.130000680685,0.000350933423646073,4.28312335587759E-5,0.25,-1.47527953561785E-6,3.06661386187104E-5,-1.44796541035546E-6,225.3011322,225.3011322,1999.70202636719,1999.70202636719,60.8880800195641,20.7189217039437,6.646428,0,0,0,40,4886,209.313,1999.70202636719,,,,,,,,,,,,,0,,,,3.5797191,,,,,,225.3011322,,,,
,44278163.6,225.0202026,1999.70202636719,3.07896609938966E-5,3.80513320418985E-7,1,0.999253354069792,40.0298881530762,1.99177132760883,18.130000680685,0.000353205329673305,4.39091802352288E-5,0.25,-1.4164846402475E-6,3.08758279549868E-5,-1.38877526224505E-6,225.0202026,225.0202026,1999.70202636719,1999.70202636719,61.0248650104295,20.719157294282,6.646428,0,0,0,40,4886,209.1307,1999.70202636719,,,,,,,,,,,,,0,,,,3.615659,,,,,,225.0202026,,,,
,44278165.1,224.9003143,1999.70202636719,3.08675958961662E-5,3.36601105019994E-7,1,0.999253354069792,40.0298881530762,1.99177484752511,18.130000680685,0.0003541044500266,4.40031821362467E-5,0.25,-1.42163533861458E-6,3.09541143736489E-5,-1.3938296653271E-6,224.9003143,224.9003143,1999.70202636719,1999.70202636719,60.738788972391,20.7198999212269,6.273368,0,0,0,40,4886,208.9364,1999.70202636719,,,,,,,,,,,,,0,,,,3.615659,,,,,,224.9003143,,,,
,44278166.735,224.629425,1999.70202636719,3.15697733237615E-5,3.30342320092142E-7,1,0.999253354069792,40.0298881530762,1.99181036430157,18.130000680685,0.000362490665208716,4.31295218231833E-5,0.25,-1.61881456567244E-6,3.16587386460838E-5,-1.59081151315546E-6,224.629425,224.629425,1999.70202636719,1999.70202636719,61.1108441475449,20.7204685242664,6.273368,0,0,0,40,4886,208.7562,1999.70202636719,,,,,,,,,,,,,0,,,,3.5797191,,,,,,224.629425,,,,
,44278167.445,224.55432125,1999.70202636719,3.12784697738452E-5,3.44243272260374E-7,1,0.999253354069792,40.0298881530762,1.99175169624439,18.130000680685,0.000358631853780926,4.56777817940362E-5,0.25,-1.344947608363E-6,3.13664319341442E-5,-1.31647350421317E-6,224.4792175,224.629425,1999.70202636719,1999.70202636719,60.9521735581411,20.720698131023,6.646428,0,0,0,40,4886,208.6672,1999.70202636719,,,,,,,,,,,,,0,,,,3.59768905,,,,,,224.55432125,,,,
,44278168.59,224.419754,1999.70202636719,3.11234325779191E-5,3.48215457184782E-7,1,0.999253354069792,40.0298881530762,1.99180960254158,18.130000680685,0.000356551124771204,4.72899885135736E-5,0.25,-1.17690789722576E-6,3.12109424831338E-5,-1.14810386395704E-6,224.3602905,224.4792175,1999.70202636719,1999.70202636719,61.168684657968,20.7194025966658,6.646428,0,0,0,40,4886,208.50965,1999.70202636719,,,,,,,,,,,,,0,,,,3.59768905,,,,,,224.419754,,,,
,44278170.475,224.1480331,1999.70202636719,3.15066097103253E-5,3.57678531829691E-7,1,0.999253354069792,40.0298881530762,1.99178581555801,18.130000680685,0.000361436603478295,4.49744983656364E-5,0.25,-1.44601832332821E-6,3.15957673036061E-5,-1.41753163357066E-6,224.0753326,224.2207336,1999.70202636719,1999.70202636719,61.0803606352949,20.7185047060484,6.646428,0,0,0,40,4886,208.2614,1999.70202636719,,,,,,,,,,,,,0,,,,3.5797191,,,,,,224.1480331,,,,
,44278172.105,223.9402313,1999.70202636719,3.12725277589713E-5,3.29517770561914E-7,1,0.999253354069792,40.0298881530762,1.99174543770165,18.130000680685,0.000357911894043165,4.95147780053398E-5,0.25,-1.00701245739768E-6,3.13608142635698E-5,-9.77517190108129E-7,223.9402313,223.9402313,1999.70202636719,1999.70202636719,60.884171876968,20.7206195795411,6.273368,0,0,0,40,4886,208.0742,1999.70202636719,,,,,,,,,,,,,0,,,,3.615659,,,,,,223.9402313,,,,
,44278173.625,223.6819763,1999.70202636719,3.14685199060849E-5,3.20447498543545E-7,1,0.999253354069792,40.0298881530762,1.99175197201016,18.130000680685,0.000361859908773493,3.98995942159731E-5,0.25,-1.8854279887441E-6,3.15585540841037E-5,-1.85816156152707E-6,223.6819763,223.6819763,1999.70202636719,1999.70202636719,60.728627801641,20.7212230916479,6.646428,0,0,0,40,4886,207.8851,1999.70202636719,,,,,,,,,,,,,0,,,,3.59768905,,,,,,223.6819763,,,,
,44278175.155,223.5529175,1999.70202636719,3.13545506784535E-5,3.30620282766673E-7,1,0.999253354069792,40.0298881530762,1.99181163274147,18.130000680685,0.000359867820351022,4.38046035219922E-5,0.25,-1.52298855362851E-6,3.14440353415506E-5,-1.49479733453212E-6,223.5529175,223.5529175,1999.70202636719,1999.70202636719,61.0819238923334,20.7216407671487,6.646428,0,0,0,40,4886,207.704,1999.70202636719,,,,,,,,,,,,,0,,,,3.5797191,,,,,,223.5529175,,,,
,44278175.82,223.47238925,1999.70202636719,3.13890918141395E-5,2.83130376342521E-7,1,0.999253354069792,40.0298881530762,1.99190243075617,18.130000680685,0.000359667112098542,4.74381078760459E-5,0.25,-1.20989789141456E-6,3.1478439983591E-5,-1.18078334731332E-6,223.391861,223.5529175,1999.70202636719,1999.70202636719,61.0725443501026,20.7190763252375,6.646428,0,0,0,40,4886,207.636,1999.70202636719,,,,,,,,,,,,,0,,,,3.59768905,,,,,,223.47238925,,,,
,44278177.075,223.3219223,1999.70202636719,3.17282510408107E-5,3.16673374157788E-7,1,0.999253354069792,40.0298881530762,1.99177964198192,18.130000680685,0.000364264432168748,4.36837897992088E-5,0.25,-1.59764376460237E-6,3.18191233775076E-5,-1.56923801599983E-6,223.2519836,223.391861,1999.70202636719,1999.70202636719,61.097556462718,20.7198477516417,6.646428,0,0,0,40,4886,207.4496,1999.70202636719,,,,,,,,,,,,,0,,,,3.615659,,,,,,223.3219223,,,,
,44278179.165,223.02737425,1999.70202636719,3.12605640695105E-5,3.58285150411353E-7,1,0.999253354069792,40.0298881530762,1.99176038486988,18.130000680685,0.000358748788821783,4.38963853526893E-5,0.25,-1.49890302198407E-6,3.13503496351451E-5,-1.47066825490007E-6,222.9473419,223.1074066,1999.70202636719,1999.70202636719,61.1413276597949,20.7194688444126,6.273368,0,0,0,40,4886,207.1823,1999.70202636719,,,,,,,,,,,,,0,,,,3.5797191,,,,,,223.02737425,,,,
,44278179.93,222.8801422,1999.70202636719,3.15230303670521E-5,4.0666766801489E-7,1,0.999253354069792,40.0298881530762,1.99178994234768,18.130000680685,0.000362226817422962,4.15870209421397E-5,0.25,-1.74684316967424E-6,3.16139816044091E-5,-1.71902534067201E-6,222.8129425,222.9473419,1999.70202636719,1999.70202636719,61.0272098959872,20.7216971548663,6.273368,0,0,0,40,4886,207.08355,1999.70202636719,,,,,,,,,,,,,0,,,,3.5797191,,,,,,222.8801422,,,,
,44278181.225,222.75385285,1999.70202636719,3.19575668527387E-5,3.25922787431534E-7,1,0.999253354069792,40.0298881530762,1.99181984270259,18.130000680685,0.000366086580969214,4.88174869246666E-5,0.25,-1.18618766334844E-6,3.20493078946873E-5,-1.15630668736549E-6,222.6947632,222.8129425,1999.70202636719,1999.70202636719,61.0045426689295,20.7223231819764,6.646428,0,0,0,40,4886,206.92535,1999.70202636719,,,,,,,,,,,,,0,,,,3.5797191,,,,,,222.75385285,,,,
,44278183.305,222.437912,1999.70202636719,3.18302348126928E-5,3.1136379327798E-7,1,0.999253354069792,40.0298881530762,1.99183561031218,18.130000680685,0.000365168050216028,4.55113480447672E-5,0.25,-1.45494127502602E-6,3.19222563613891E-5,-1.42592280328861E-6,222.437912,222.437912,1999.70202636719,1999.70202636719,61.0068875544872,20.7215741569083,6.273368,0,0,0,40,4886,206.68755,1999.70202636719,,,,,,,,,,,,,0,,,,3.59768905,,,,,,222.437912,,,,
,44278184.015,222.37091065,1999.70202636719,3.14784001009766E-5,3.72101675802626E-7,1,0.999253354069792,40.0298881530762,1.99177724746225,18.130000680685,0.000360934974208983,4.6101473882524E-5,0.25,-1.34273479733279E-6,3.15693797541658E-5,-1.31375306697085E-6,222.3039093,222.437912,1999.70202636719,1999.70202636719,60.9638979859295,20.7215071640816,6.646428,0,0,0,40,4886,206.61725,1999.70202636719,,,,,,,,,,,,,0,,,,3.5797191,,,,,,222.37091065,,,,
,44278185.195,222.22377015,1999.70202636719,3.1433117750744E-5,3.89966356838346E-7,1,0.999253354069792,40.0298881530762,1.99180878688319,18.130000680685,0.000361412600113143,4.0260227297188E-5,0.25,-1.84823858106688E-6,3.1524661024354E-5,-1.82072092415638E-6,222.143631,222.3039093,1999.70202636719,1999.70202636719,61.0350261811795,20.7221996857931,6.273368,0,0,0,40,4886,206.45875,1999.70202636719,,,,,,,,,,,,,0,,,,3.5797191,,,,,,222.22377015,,,,
,44278187.19,221.9978485,1999.70202636719,3.14479253617266E-5,2.90739658966368E-7,1,0.999253354069792,40.0298881530762,1.99175624580397,18.130000680685,0.000361907841066226,3.83454970949291E-5,0.25,-2.01897757205865E-6,3.1539943316767E-5,-1.99189470042426E-6,221.9978485,221.9978485,1999.70202636719,1999.70202636719,61.1843172283526,20.7209181029944,6.273368,0,0,0,40,4886,206.1928,1999.70202636719,,,,,,,,,,,,,0,,,,3.5797191,,,,,,221.9978485,,,,
,44278187.86,221.9278946,1999.70202636719,3.08643988089105E-5,3.10697920422108E-7,1,0.999253354069792,40.0298881530762,1.9918200032766,18.130000680685,0.000354737452697936,4.03599200789942E-5,0.25,-1.74217042819152E-6,3.09545366341305E-5,-1.71489634282547E-6,221.8579407,221.9978485,1999.70202636719,1999.70202636719,61.0506587515642,20.7219089755914,6.646428,0,0,0,40,4886,206.12205,1999.70202636719,,,,,,,,,,,,,0,,,,3.5797191,,,,,,221.9278946,,,,
,44278190.025,221.5531616,1999.70202636719,3.17030595951202E-5,3.39497887513399E-7,1,0.999253354069792,40.0298881530762,1.99179077866007,18.130000680685,0.000364909218285439,3.83461439673266E-5,0.25,-2.06280880238648E-6,3.17963600112117E-5,-2.03554787110469E-6,221.5531616,221.5531616,1999.70202636719,1999.70202636719,60.975622413718,20.721062943368,6.646428,0,0,0,40,4886,205.8467,1999.70202636719,,,,,,,,,,,,,0,,,,3.59768905,,,,,,221.5531616,,,,
,44278191.555,221.4202576,1999.70202636719,3.18280507016224E-5,3.26434737717538E-7,1,0.999253354069792,40.0298881530762,1.99181160909059,18.130000680685,0.000366607186577346,3.70158464557164E-5,0.25,-2.20116988730927E-6,3.19220063990581E-5,-2.17415018483432E-6,221.4202576,221.4202576,1999.70202636719,1999.70202636719,61.1014646053142,20.7229279033173,6.646428,0,0,0,40,4886,205.66845,1999.70202636719,,,,,,,,,,,,,0,,,,3.5797191,,,,,,221.4202576,,,,
,44278193.1,221.1530762,1999.70202636719,3.16340219353922E-5,3.05506428812959E-7,1,0.999253354069792,40.0298881530762,1.99178142439172,18.130000680685,0.000365030726050826,3.29364599594206E-5,0.25,-2.52632015570425E-6,3.17280638873944E-5,-2.50041784951178E-6,221.1530762,221.1530762,1999.70202636719,1999.70202636719,61.1241318323719,20.7213498862925,6.273368,0,0,0,40,4886,205.43905,1999.70202636719,,,,,,,,,,,,,0,,,,3.5797191,,,,,,221.1530762,,,,
,44278193.835,221.09397125,1999.70202636719,3.15819793975938E-5,3.65762028649903E-7,1,0.999253354069792,40.0298881530762,1.99174941553561,18.130000680685,0.00036406510135055,3.49847528223834E-5,0.25,-2.33744482835663E-6,3.16757393446477E-5,-2.31103851564781E-6,221.0348663,221.1530762,1999.70202636719,1999.70202636719,61.0811422638142,20.7216780490686,6.273368,0,0,0,40,4886,205.3505,1999.70202636719,,,,,,,,,,,,,0,,,,3.5797191,,,,,,221.09397125,,,,
,44278195,220.9551849,1999.70202636719,3.15297942071966E-5,3.70542576107612E-7,1,0.999253354069792,40.0298881530762,1.99178193459043,18.130000680685,0.00036245146487359,4.08784747665667E-5,0.25,-1.81084916880148E-6,3.16230071823165E-5,-1.78296020617999E-6,220.8755035,221.0348663,1999.70202636719,1999.70202636719,60.9592082148141,20.7222609253646,6.273368,0,0,0,40,4886,205.2316,1999.70202636719,,,,,,,,,,,,,0,,,,3.5797191,,,,,,220.9551849,,,,
,44278196.1,220.80649565,1999.70202636719,3.16902786534765E-5,3.19365539466402E-7,1,0.999253354069792,40.0298881530762,1.9918029306956,18.130000680685,0.000365292538218263,3.53050955204485E-5,0.25,-2.32801944272068E-6,3.1784669104043E-5,-2.3014453465068E-6,220.7374878,220.8755035,1999.70202636719,1999.70202636719,61.1850988568719,20.7214054949354,6.646428,0,0,0,40,4886,205.10095,1999.70202636719,,,,,,,,,,,,,0,,,,3.59768905,,,,,,220.80649565,,,,
,44278198.235,220.5530243,1999.70202636719,3.13930568633886E-5,3.6355340714065E-7,1,0.999253354069792,40.0298881530762,1.99179985093485,18.130000680685,0.000361806652440974,3.53394378584438E-5,0.25,-2.27415340395426E-6,3.14868136657735E-5,-2.24770655826523E-6,220.4867859,220.6192627,1999.70202636719,1999.70202636719,61.0201752393141,20.7214426751722,6.646428,0,0,0,40,4886,204.8552,1999.70202636719,,,,,,,,,,,,,0,,,,3.615659,,,,,,220.5530243,,,,
,44278199.72,220.3537292,1999.70202636719,3.11112757663775E-5,2.89373512619108E-7,1,0.999253354069792,40.0298881530762,1.99181060002337,18.130000680685,0.000358248972426849,3.68584733805444E-5,0.25,-2.09252401445315E-6,3.12042426004018E-5,-2.06581304205022E-6,220.3537292,220.3537292,1999.70202636719,1999.70202636719,61.0936483201219,20.7212908743522,6.646428,0,0,0,40,4886,204.62,1999.70202636719,,,,,,,,,,,,,0,,,,3.59768905,,,,,,220.3537292,,,,
,44278201.315,220.2051697,1999.70202636719,3.14455731302166E-5,3.2225477404062E-7,1,0.999253354069792,40.0298881530762,1.99172117277372,18.1399993598461,0.000361876778500436,3.84676337279388E-5,0.25,-2.00834724216531E-6,3.15395935565769E-5,-1.98101974297277E-6,220.2051697,220.2051697,1999.70202636719,1999.70202636719,61.0428424663718,20.722341052288,6.273368,0,0,0,40,4886,204.4774,1999.70202636719,,,,,,,,,,,,,0,,,,3.5797191,,,,,,220.2051697,,,,
,44278203.075,219.928421,1999.70202636719,3.2139273657322E-5,3.25564915895214E-7,1,0.999253354069792,40.0298881530762,1.9917188131995,18.130000680685,0.000369661062690166,4.04960447780162E-5,0.25,-1.94909598273006E-6,3.22355768578834E-5,-1.92082736458533E-6,219.928421,219.928421,1999.70202636719,1999.70202636719,61.3250103618142,20.7223942301621,6.273368,0,0,0,40,4886,204.2141,1999.70202636719,,,,,,,,,,,,,0,,,,3.59768905,,,,,,219.928421,,,,
,44278203.82,219.86245725,1999.70202636719,3.21175454907667E-5,3.76328423066365E-7,1,0.999253354069792,40.0298881530762,1.99172987727436,18.130000680685,0.000370467318114778,3.43210039690453E-5,0.25,-2.48786919221508E-6,3.22144300913983E-5,-2.46118833253444E-6,219.7964935,219.928421,1999.70202636719,1999.70202636719,61.0967748341988,20.72149103095,6.646428,0,0,0,40,4886,204.114,1999.70202636719,,,,,,,,,,,,,0,,,,3.59768905,,,,,,219.86245725,,,,
,44278206.1,219.493454,1999.70202636719,3.17807878457098E-5,2.79433689323607E-7,1,0.999253354069792,40.0298881530762,1.99178278920611,18.130000680685,0.000366299715360656,3.5697754815079E-5,0.25,-2.3094084661069E-6,3.18769162272242E-5,-2.2825328339983E-6,219.493454,219.493454,1999.70202636719,1999.70202636719,60.9201267888526,20.722917073224,6.646428,0,0,0,40,4886,203.8352,1999.70202636719,,,,,,,,,,,,,0,,,,3.5797191,,,,,,219.493454,,,,
,44278207.735,219.3560028,1999.70202636719,3.21128570293395E-5,3.48498154217413E-7,1,0.999253354069792,40.0298881530762,1.99173979764368,18.130000680685,0.000370443429852967,3.41899605717781E-5,0.25,-2.4987408526424E-6,3.22103223523834E-5,-2.4720465468546E-6,219.3560028,219.3560028,1999.70202636719,1999.70202636719,61.0717627215834,20.7213537424846,6.646428,0,0,0,40,4886,203.65875,1999.70202636719,,,,,,,,,,,,,0,,,,3.615659,,,,,,219.3560028,,,,
,44278208.4,219.276474,1999.70202636719,3.16056235479197E-5,4.24477184863708E-7,1,0.999253354069792,40.0298881530762,1.99181539262408,18.130000680685,0.00036373582646327,3.87321135839904E-5,0.25,-2.01298878466075E-6,3.17011652210352E-5,-1.98538335934089E-6,219.1969452,219.3560028,1999.70202636719,1999.70202636719,61.0428424663718,20.7208024343014,6.646428,0,0,0,40,4886,203.5582,1999.70202636719,,,,,,,,,,,,,0,,,,3.615659,,,,,,219.276474,,,,
,44278209.635,219.07291415,1999.70202636719,3.17245073828466E-5,3.45511610790572E-7,1,0.999253354069792,40.0298881530762,1.99182320179304,18.130000680685,0.000366152533435394,3.27820625359315E-5,0.25,-2.55607456290866E-6,3.18212086783769E-5,-2.52993336082801E-6,218.9488831,219.1969452,1999.70202636719,1999.70202636719,61.2609168232372,20.7227724126073,6.273368,0,0,0,40,4886,203.39925,1999.70202636719,,,,,,,,,,,,,0,,,,3.59768905,,,,,,219.07291415,,,,
,44278211.68,218.8163452,1999.70202636719,3.21018332382975E-5,3.03202522550519E-7,1,0.999253354069792,40.0298881530762,1.99170988003858,18.130000680685,0.000370226338876904,3.47139467079501E-5,0.25,-2.4509359991983E-6,3.2199835777056E-5,-2.4240611846464E-6,218.8163452,218.8163452,1999.70202636719,1999.70202636719,61.036589438218,20.72332375106,6.273368,0,0,0,40,4886,203.193,1999.70202636719,,,,,,,,,,,,,0,,,,3.5797191,,,,,,218.8163452,,,,
,44278213.25,218.6255646,1999.70202636719,3.16959549525631E-5,2.94910142817816E-7,1,0.999253354069792,40.0298881530762,1.99175463472269,18.130000680685,0.000365801821446435,3.28395857636831E-5,0.25,-2.54617176349793E-6,3.17930683816004E-5,-2.51998079904949E-6,218.5512238,218.6999054,1999.70202636719,1999.70202636719,61.0678545789872,20.7232766451021,6.646428,0,0,0,40,4886,202.962,1999.70202636719,,,,,,,,,,,,,0,,,,3.615659,,,,,,218.6255646,,,,
,44278214.805,218.4354248,1999.70202636719,3.17637361789641E-5,3.79733609409094E-7,1,0.999253354069792,40.0298881530762,1.99186652836158,18.130000680685,0.000366250361213196,3.49885759019731E-5,0.25,-2.36923326608217E-6,3.18610792021173E-5,-2.34242813306243E-6,218.4354248,218.4354248,1999.70202636719,1999.70202636719,60.9803121848334,20.7226070457991,6.273368,0,0,0,40,4886,202.8144,1999.70202636719,,,,,,,,,,,,,0,,,,3.59768905,,,,,,218.4354248,,,,
,44278216.26,218.276947,1999.70202636719,3.22864453469113E-5,3.04771577247647E-7,1,0.999253354069792,40.0298881530762,1.9918649455356,18.130000680685,0.000372251192141758,3.57282875359486E-5,0.25,-2.3938747597463E-6,3.2385557336751E-5,-2.36656202193911E-6,218.276947,218.276947,1999.70202636719,1999.70202636719,61.2820207932565,20.7230972152083,6.646428,0,0,0,40,4886,202.6407,1999.70202636719,,,,,,,,,,,,,0,,,,3.615659,,,,,,218.276947,,,,
,44278216.97,218.14551545,1999.70202636719,3.17716488119405E-5,2.91158465886832E-7,1,0.999253354069792,40.0298881530762,1.99172084878285,18.130000680685,0.000366332941405371,3.49187677506842E-5,0.25,-2.37659621652218E-6,3.18693522321979E-5,-2.34977099436266E-6,218.0140839,218.276947,1999.70202636719,1999.70202636719,61.1546153446219,20.7232758695606,6.273368,0,0,0,40,4886,202.53845,1999.70202636719,,,,,,,,,,,,,0,,,,3.59768905,,,,,,218.14551545,,,,
,44278219.19,217.8932648,1999.70202636719,3.20946289726991E-5,3.02595496319001E-7,1,0.999253354069792,40.0298881530762,1.99177011024642,18.1399993598461,0.000370032773300175,3.54863759312931E-5,0.25,-2.38222609840429E-6,3.21935950358776E-5,-2.35504699915594E-6,217.8932648,217.8932648,1999.70202636719,1999.70202636719,61.1131890331026,20.7221952863897,6.273368,0,0,0,40,4886,202.3181,1999.70202636719,,,,,,,,,,,,,0,,,,3.615659,,,,,,217.8932648,,,,
,44278220.775,217.604187,1999.70202636719,3.15292818169187E-5,3.09185350495068E-7,1,0.999253354069792,40.0298881530762,1.99175757612216,18.130000680685,0.000364621466676546,2.84110056655445E-5,0.25,-2.90690253806629E-6,3.16274372640428E-5,-2.88188276775651E-6,217.604187,217.604187,1999.70202636719,1999.70202636719,61.1444541738719,20.7215232472947,6.273368,0,0,0,40,4886,202.07315,1999.70202636719,,,,,,,,,,,,,0,,,,3.59768905,,,,,,217.604187,,,,
,44278221.54,217.5385132,1999.70202636719,3.16175834009732E-5,3.3748637352765E-7,1,0.999253354069792,40.0298881530762,1.99178320993944,18.130000680685,0.00036583560010838,2.73959821374096E-5,0.25,-3.01124073068794E-6,3.17161909897333E-5,-2.98643191077257E-6,217.4728394,217.604187,1999.70202636719,1999.70202636719,61.026428267468,20.723763099007,6.646428,0,0,0,40,4886,201.9977,1999.70202636719,,,,,,,,,,,,,0,,,,3.59768905,,,,,,217.5385132,,,,
,44278239.02,215.3969269,1999.70202636719,,,2,,,,18.1659995359778,,,,,,,215.3969269,215.3969269,1999.70202636719,1999.70202636719,,,6.646428,,,,-99999999,4886,199.8423,1999.70202636719,,,,,,,,,,,,,,,,,,,,,,,215.3969269,,,,
touchdown = 13.7599995359778 mm,44278252.985,213.6064606,1999.70202636719,3.15874766295033E-5,3.4787036474159E-7,1,0.999253354069792,40.0298881530762,1.99171570806796,18.1499999016523,0.000366303656853453,2.2837987464737E-5,0.25,-3.40747975065285E-6,3.16908545260498E-5,-3.38354435830222E-6,213.6064606,213.6064606,1999.70202636719,1999.70202636719,61.0318996671026,20.7216250616787,6.273368,0,0,0,40,4886,198.1844,1999.70202636719,,,,,,,,,,,,,0,,,,3.615659,,,,,,213.6064606,,,,
,44278253.695,213.47599795,1999.70202636719,3.1818702462498E-5,2.76216077691016E-7,1,0.999253354069792,40.0298881530762,1.99179059136936,18.1499999016523,0.000369029451483617,2.28342447832291E-5,0.25,-3.44752688977781E-6,3.19230020548373E-5,-3.42346868466835E-6,213.3455353,213.6064606,1999.70202636719,1999.70202636719,61.0608199223142,20.7225993485343,6.646428,0,0,0,40,4886,198.1347,1999.70202636719,,,,,,,,,,,,,0,,,,3.59768905,,,,,,213.47599795,,,,
,44278255.93,213.2046509,1999.70202636719,3.17336674287962E-5,2.64241600732883E-7,1,0.999253354069792,40.0298881530762,1.99180485526341,18.1499999016523,0.000368043918630147,2.2804856328017E-5,0.25,-3.43562997714E-6,3.18379913675643E-5,-3.41159819868382E-6,213.2046509,213.2046509,1999.70202636719,1999.70202636719,60.8982411903141,20.7218135109839,6.646428,0,0,0,40,4886,197.8575,1999.70202636719,,,,,,,,,,,,,0,,,,3.615659,,,,,,213.2046509,,,,
,44278256.54,213.13747405,1999.70202636719,3.21930162501809E-5,3.32504933525093E-7,1,0.999253354069792,40.0298881530762,1.99181373878301,18.1499999016523,0.000374776153845705,1.49526997931971E-5,0.25,-4.20396747240715E-6,3.22997182180969E-5,-4.18186164374597E-6,213.0702972,213.2046509,1999.70202636719,1999.70202636719,60.8255497380257,20.7217718338464,6.273368,0,0,0,40,4886,197.80085,1999.70202636719,,,,,,,,,,,,,0,,,,3.615659,,,,,,213.13747405,,,,
,44278257.685,213.0130386,1999.70202636719,3.18663512981505E-5,2.98844099938346E-7,1,0.999253354069792,40.0298881530762,1.9917511776406,18.1499999016523,0.000369342012049162,2.42638763922257E-5,0.25,-3.33023669257974E-6,3.19711964641206E-5,-3.30570472371483E-6,212.95578,213.0702972,1999.70202636719,1999.70202636719,61.1038094908719,20.7219961839071,6.646428,0,0,0,40,4886,197.66845,1999.70202636719,,,,,,,,,,,,,0,,,,3.615659,,,,,,213.0130386,,,,
,44278259.88,212.6877899,1999.70202636719,3.11608266278722E-5,3.02499966308723E-7,1,0.999253354069792,40.0298881530762,1.99180863134929,18.1499999016523,0.000362395838172203,1.66263406504642E-5,0.25,-3.88020852499101E-6,3.12643987826905E-5,-3.85817689606921E-6,212.6877899,212.6877899,1999.70202636719,1999.70202636719,60.9951631266988,20.7232829480617,6.646428,0,0,0,40,4886,197.3645,1999.70202636719,,,,,,,,,,,,,0,,,,3.59768905,,,,,,212.6877899,,,,
,44278260.59,212.6206894,1999.70202636719,3.18654214079068E-5,3.02251848873749E-7,1,0.999253354069792,40.0298881530762,1.99180539135798,18.1499999016523,0.000370367882635484,1.8301156418078E-5,0.25,-3.85389306265117E-6,3.19712857482355E-5,-3.83099590368155E-6,212.5535889,212.6877899,1999.70202636719,1999.70202636719,60.9998528978142,20.721941497887,6.273368,0,0,0,40,4886,197.30715,1999.70202636719,,,,,,,,,,,,,0,,,,3.615659,,,,,,212.6206894,,,,
,44278261.905,212.48368075,1999.70202636719,3.23677748438287E-5,3.22016541274978E-7,1,0.999253354069792,40.0298881530762,1.99182460587957,18.1499999016523,0.000375178193506291,2.46218695460025E-5,0.25,-3.38497224952943E-6,3.24748799425238E-5,-3.35999754365053E-6,212.4137726,212.5535889,1999.70202636719,1999.70202636719,61.0154854681988,20.7228597891313,6.273368,0,0,0,40,4886,197.11755,1999.70202636719,,,,,,,,,,,,,0,,,,3.59768905,,,,,,212.48368075,,,,
,44278263.18,212.29341125,1999.70202636719,3.13649870414486E-5,3.4721850016993E-7,1,0.999253354069792,40.0298881530762,1.99185436482748,18.1499999016523,0.000364253553588534,1.98267545502365E-5,0.25,-3.6342952872267E-6,3.14693775188615E-5,-3.61120727178012E-6,212.1730499,212.4137726,1999.70202636719,1999.70202636719,60.9850019559487,20.7236688121775,6.273368,0,0,0,40,4886,196.9289,1999.70202636719,,,,,,,,,,,,,0,,,,3.5797191,,,,,,212.29341125,,,,
,44278264.445,212.0956726,1999.70202636719,3.15654823587292E-5,2.59579722662569E-7,1,0.999253354069792,40.0298881530762,1.99182100551124,18.1499999016523,0.000366853049707116,1.8352551685481E-5,0.25,-3.79812899541593E-6,3.16709181997252E-5,-3.77534401214119E-6,212.0182953,212.1730499,1999.70202636719,1999.70202636719,60.9717142711218,20.7225085084156,6.646428,0,0,0,40,4886,196.81525,1999.70202636719,,,,,,,,,,,,,0,,,,3.59768905,,,,,,212.0956726,,,,
,44278266.56,211.884491,1999.70202636719,3.17595062742316E-5,3.33467664471189E-7,1,0.999253354069792,40.0298881530762,1.99182113899899,18.1499999016523,0.000369287477712635,1.74344659594899E-5,0.25,-3.91206746920489E-6,3.18659289398749E-5,-3.88941233475872E-6,211.884491,211.884491,1999.70202636719,1999.70202636719,61.1757193146411,20.7240304148732,6.273368,0,0,0,40,4886,196.5984,1999.70202636719,,,,,,,,,,,,,0,,,,3.615659,,,,,,211.884491,,,,
,44278268.1,211.7616119,1999.70202636719,3.13214563820003E-5,2.8531160103094E-7,1,0.999253354069792,40.0298881530762,1.99180978172765,18.1499999016523,0.000364241592994434,1.69139465469369E-5,0.25,-3.88275136994544E-6,3.14265747055202E-5,-3.86045433071226E-6,211.7616119,211.7616119,1999.70202636719,1999.70202636719,60.9404491303526,20.7238937090288,6.646428,0,0,0,40,4886,196.3766,1999.70202636719,,,,,,,,,,,,,0,,,,3.5797191,,,,,,211.7616119,,,,
,44278269.805,211.4889526,1999.70202636719,3.12814770944639E-5,2.7947165041861E-7,1,0.999253354069792,40.0298881530762,1.99181703071604,18.1499999016523,0.000363986944262095,1.56935620146758E-5,0.25,-3.98314002344399E-6,3.1386881735113E-5,-3.96119767955431E-6,211.4889526,211.4889526,1999.70202636719,1999.70202636719,60.9506103011026,20.7225939268881,6.646428,0,0,0,40,4886,196.1519,1999.70202636719,,,,,,,,,,,,,0,,,,3.5797191,,,,,,211.4889526,,,,
,44278271.335,211.3351593,1999.70202636719,3.13518250445516E-5,3.17095709402632E-7,1,0.999253354069792,40.0298881530762,1.9917781567781,18.1499999016523,0.000364441584510674,1.78239859264172E-5,0.25,-3.80812536896859E-6,3.14574331618549E-5,-3.7855243642267E-6,211.3351593,211.3351593,1999.70202636719,1999.70202636719,60.9607714718526,20.7235339475909,6.273368,0,0,0,40,4886,195.9939,1999.70202636719,,,,,,,,,,,,,0,,,,3.5797191,,,,,,211.3351593,,,,
,44278271.975,211.2583847,1999.70202636719,3.14067134967152E-5,3.32921385435771E-7,1,0.999253354069792,40.0298881530762,1.99177043175086,18.1499999016523,0.000364789553961526,1.95455316466802E-5,0.25,-3.66636147694442E-6,3.15124268416135E-5,-3.64323784569251E-6,211.1816101,211.3351593,1999.70202636719,1999.70202636719,60.9850019559487,20.7226849185049,6.273368,0,0,0,40,4886,195.93685,1999.70202636719,,,,,,,,,,,,,0,,,,3.5797191,,,,,,211.2583847,,,,
,44278273.225,211.0612793,1999.70202636719,3.14849423133281E-5,2.63793856011111E-7,1,0.999253354069792,40.0298881530762,1.99176916681595,18.1499999016523,0.00036649259478344,1.49728746226922E-5,0.25,-4.08136536374832E-6,3.15915920408624E-5,-4.05949963160671E-6,210.9409485,211.1816101,1999.70202636719,1999.70202636719,61.0045426689295,20.7223173785395,6.646428,0,0,0,40,4886,195.82285,1999.70202636719,,,,,,,,,,,,,0,,,,3.59768905,,,,,,211.0612793,,,,
,44278274.475,210.86405945,1999.70202636719,3.1232282444196E-5,3.42699220288867E-7,1,0.999253354069792,40.0298881530762,1.99181002663691,18.1499999016523,0.000362946707548666,1.84385335056758E-5,0.25,-3.73379025046538E-6,3.1337944114823E-5,-3.71107385771905E-6,210.7871704,210.9409485,1999.70202636719,1999.70202636719,61.1061543764295,20.7232146010998,6.273368,0,0,0,40,4886,195.6865,1999.70202636719,,,,,,,,,,,,,0,,,,3.59768905,,,,,,210.86405945,,,,
,44278276.505,210.6447144,1999.70202636719,3.15586199325226E-5,3.35183910539629E-7,1,0.999253354069792,40.0298881530762,1.99178670335564,18.1499999016523,0.000367672953161687,1.31748672923658E-5,0.25,-4.25201115547031E-6,3.16661661247008E-5,-4.2305839475722E-6,210.6447144,210.6447144,1999.70202636719,1999.70202636719,60.9013677043911,20.7230596282149,6.273368,0,0,0,40,4886,195.4127,1999.70202636719,,,,,,,,,,,,,0,,,,3.5797191,,,,,,210.6447144,,,,
,44278278.095,210.5168152,1999.70202636719,3.09728788161444E-5,2.70765328701623E-7,1,0.999253354069792,40.0298881530762,1.99174954466576,18.1499999016523,0.00035989864389074,1.84458546722255E-5,0.25,-3.68875462015808E-6,3.10780276693276E-5,-3.66613179662457E-6,210.5168152,210.5168152,1999.70202636719,1999.70202636719,60.9818754418718,20.7236455246384,6.273368,0,0,0,40,4886,195.271,1999.70202636719,,,,,,,,,,,,,0,,,,3.615659,,,,,,210.5168152,,,,
,44278278.815,210.38111115,1999.70202636719,3.14469364540939E-5,3.4847067910876E-7,1,0.999253354069792,40.0298881530762,1.99178079731434,18.1499999016523,0.000365610722033591,1.75826402516151E-5,0.25,-3.84585941071991E-6,3.15539588332227E-5,-3.82321857072034E-6,210.2454071,210.5168152,1999.70202636719,1999.70202636719,60.9795305563142,20.7229497500796,6.646428,0,0,0,40,4886,195.1916,1999.70202636719,,,,,,,,,,,,,0,,,,3.59768905,,,,,,210.38111115,,,,
,44278280.985,210.1235809,1999.70202636719,3.10387904088747E-5,3.35604864928051E-7,1,0.999253354069792,40.0298881530762,1.99175686538552,18.1499999016523,0.000361333926586417,1.46164543122124E-5,0.25,-4.03644634802194E-6,3.11449762313501E-5,-4.01485225509995E-6,210.1235809,210.1235809,1999.70202636719,1999.70202636719,60.9467021585064,20.7227775641887,6.646428,0,0,0,40,4886,194.8904,1999.70202636719,,,,,,,,,,,,,0,,,,3.5797191,,,,,,210.1235809,,,,
,44278281.655,210.05706785,1999.70202636719,3.09765518820781E-5,2.74819966112415E-7,1,0.999253354069792,40.0298881530762,1.99181456166079,18.1499999016523,0.000359898936040122,1.87955974504091E-5,0.25,-3.65886116030738E-6,3.1082182849895E-5,-3.63608312958866E-6,209.9905548,210.1235809,1999.70202636719,1999.70202636719,60.9326328451603,20.7232880690492,6.646428,0,0,0,40,4886,194.7789,1999.70202636719,,,,,,,,,,,,,0,,,,3.59768905,,,,,,210.05706785,,,,
,44278282.865,209.857666,1999.70202636719,3.09698025712834E-5,3.57681268023353E-7,1,0.999253354069792,40.0298881530762,1.99186979623473,18.1499999016523,0.000360498329726449,1.49078406025842E-5,0.25,-3.99917982714383E-6,3.10760124207368E-5,-3.97751520598015E-6,209.7247772,209.9905548,1999.70202636719,1999.70202636719,61.0170487252372,20.7237373466837,6.273368,0,0,0,40,4886,194.6157,1999.70202636719,,,,,,,,,,,,,0,,,,3.615659,,,,,,209.857666,,,,
,44278285.01,209.5971832,1999.70202636719,3.11727580105649E-5,2.85147217297471E-7,1,0.999253354069792,40.0298881530762,1.99175171719775,18.1499999016523,0.000362957460674759,1.43407310136819E-5,0.25,-4.08375536608585E-6,3.12800173655673E-5,-4.06212696671233E-6,209.5971832,209.5971832,1999.70202636719,1999.70202636719,60.9998528978142,20.7237428731751,6.273368,0,0,0,40,4886,194.3968,1999.70202636719,,,,,,,,,,,,,0,,,,3.59768905,,,,,,209.5971832,,,,
,44278286.6,209.3420868,1999.70202636719,3.06219550685704E-5,2.93514471624166E-7,1,0.999253354069792,40.0298881530762,1.99177076157855,18.1499999016523,0.00035633743783238,1.53317843151119E-5,0.25,-3.90238126255471E-6,3.07274732199259E-5,-3.88077170520785E-6,209.3420868,209.3420868,1999.70202636719,1999.70202636719,61.1639948868526,20.72387291572,6.273368,0,0,0,40,4886,194.2281,1999.70202636719,,,,,,,,,,,,,0,,,,3.59768905,,,,,,209.3420868,,,,
,44278288.22,209.2053375,1999.70202636719,2.99789030956905E-5,2.46515814068965E-7,1,0.999253354069792,40.0298881530762,1.99181851090997,18.1499999016523,0.000349513939199278,1.12190109958071E-5,0.25,-4.15338836265889E-6,3.00827255350077E-5,-4.13330325414771E-6,209.2053375,209.2053375,1999.70202636719,1999.70202636719,61.1030278623526,20.7245961388574,6.646428,0,0,0,40,4886,194.0115,1999.70202636719,,,,,,,,,,,,,0,,,,3.5797191,,,,,,209.2053375,,,,
,44278288.9,209.14653775,1999.70202636719,2.98474201537969E-5,3.2248361497369E-7,1,0.999253354069792,40.0298881530762,1.99179559772473,18.1499999016523,0.000347589545605191,1.3435599300332E-5,0.25,-3.93621509430548E-6,2.99506249190873E-5,-3.91555560750976E-6,209.087738,209.2053375,1999.70202636719,1999.70202636719,61.0842687778911,20.7239490872074,6.273368,0,0,0,40,4886,193.95505,1999.70202636719,,,,,,,,,,,,,0,,,,3.59768905,,,,,,209.14653775,,,,
,44278291,208.8485565,1999.70202636719,2.98224015006422E-5,2.71732622780893E-7,1,0.999253354069792,40.0298881530762,1.99176050819903,18.1499999016523,0.000347329941819182,1.32263031295047E-5,0.25,-3.95034787590817E-6,2.99258542078296E-5,-3.92975463189738E-6,208.8485565,208.8485565,1999.70202636719,1999.70202636719,61.0780157497372,20.7229964027821,6.646428,0,0,0,40,4886,193.732,1999.70202636719,,,,,,,,,,,,,0,,,,3.5797191,,,,,,208.8485565,,,,
,44278291.71,208.77194975,1999.70202636719,3.03162055620809E-5,3.14359578782193E-7,1,0.999253354069792,40.0298881530762,1.99179068769809,18.1499999016523,0.000352456089333557,1.71270937311242E-5,0.25,-3.69250593844026E-6,3.04210876349946E-5,-3.67048391923761E-6,208.695343,208.8485565,1999.70202636719,1999.70202636719,60.9396675018334,20.7226551289222,6.646428,0,0,0,40,4886,193.6238,1999.70202636719,,,,,,,,,,,,,0,,,,3.5797191,,,,,,208.77194975,,,,
,44278292.985,208.61897275,1999.70202636719,3.06805865881457E-5,2.79133595691133E-7,1,0.999253354069792,40.0298881530762,1.99181306042332,18.1499999016523,0.00035667478659475,1.74693449148477E-5,0.25,-3.72497326140324E-6,3.07868812720648E-5,-3.70262881225389E-6,208.5426025,208.695343,1999.70202636719,1999.70202636719,61.1311664890449,20.723755367915,6.273368,0,0,0,40,4886,193.4593,1999.70202636719,,,,,,,,,,,,,0,,,,3.5797191,,,,,,208.61897275,,,,
,44278295.11,208.3565903,1999.70202636719,2.99265361034553E-5,3.10191139231485E-7,1,0.999253354069792,40.0298881530762,1.99181648073517,18.1499999016523,0.000348374145450118,1.43464523863743E-5,0.25,-3.870002712816E-6,3.0030763741127E-5,-3.84897967377152E-6,208.2881165,208.4250641,1999.70202636719,1999.70202636719,61.1718111720449,20.7236374842203,6.273368,0,0,0,40,4886,193.2368,1999.70202636719,,,,,,,,,,,,,0,,,,3.59768905,,,,,,208.3565903,,,,
,44278296.58,208.1559296,1999.70202636719,2.98446290680409E-5,2.26769140362898E-7,1,0.999253354069792,40.0298881530762,1.99182719637008,18.1499999016523,0.000347931102606562,1.13542446266557E-5,0.25,-4.11875684448528E-6,2.99490773343516E-5,-4.09864226859438E-6,208.1559296,208.1559296,1999.70202636719,1999.70202636719,61.0795790067757,20.7235703601239,6.646428,0,0,0,40,4886,193.0464,1999.70202636719,,,,,,,,,,,,,0,,,,3.615659,,,,,,208.1559296,,,,
,44278298.16,208.033493,1999.70202636719,2.9556829204484E-5,2.68301732263802E-7,1,0.999253354069792,40.0298881530762,1.99181133983548,18.1499999016523,0.000344975430306428,8.90738016617882E-6,0.25,-4.28430438920165E-6,2.96606313698183E-5,-4.26505655838595E-6,208.033493,208.033493,1999.70202636719,1999.70202636719,61.0045426689295,20.7237117654679,6.273368,0,0,0,40,4886,192.9055,1999.70202636719,,,,,,,,,,,,,0,,,,3.615659,,,,,,208.033493,,,,
,44278298.895,207.89157865,1999.70202636719,2.94375011937398E-5,2.84772117618074E-7,1,0.999253354069792,40.0298881530762,1.99188754484646,18.1499999016523,0.00034212574590206,1.7454436055202E-5,0.25,-3.51344152672864E-6,2.95401754542323E-5,-3.49174811154568E-6,207.7496643,208.033493,1999.70202636719,1999.70202636719,61.2616984517565,20.7238851495384,6.273368,0,0,0,40,4886,192.8235,1999.70202636719,,,,,,,,,,,,,0,,,,3.615659,,,,,,207.89157865,,,,
,44278300.125,207.6886673,1999.70202636719,2.92396356547532E-5,2.86807117318159E-7,1,0.999253354069792,40.0298881530762,1.99184977842922,18.1499999016523,0.000339863124375951,1.70994221615897E-5,0.25,-3.51071606683167E-6,2.9341852626014E-5,-3.4892267345806E-6,207.6276703,207.7496643,1999.70202636719,1999.70202636719,61.2046395698526,20.7237077271524,6.273368,0,0,0,40,4886,192.65925,1999.70202636719,,,,,,,,,,,,,0,,,,3.615659,,,,,,207.6886673,,,,
,44278301.335,207.56206515,1999.70202636719,2.91330118178778E-5,3.0583691296429E-7,1,0.999253354069792,40.0298881530762,1.99185087388446,18.1499999016523,0.000340315986403252,7.17513037850204E-6,0.25,-4.36387415629836E-6,2.92359722668183E-5,-4.34535444990261E-6,207.49646,207.6276703,1999.70202636719,1999.70202636719,61.1694662864872,20.7226087561993,6.646428,0,0,0,40,4886,192.4942,1999.70202636719,,,,,,,,,,,,,0,,,,3.59768905,,,,,,207.56206515,,,,
,44278303.43,207.32152555,1999.70202636719,2.9275240591518E-5,2.4537414548723E-7,1,0.999253354069792,40.0298881530762,1.99190463989793,18.1499999016523,0.000340915774046272,1.34719993177838E-5,0.25,-3.83545530666801E-6,2.93783255732735E-5,-3.81497863221442E-6,207.2580566,207.3849945,1999.70202636719,1999.70202636719,61.0905218060449,20.723711938663,6.273368,0,0,0,40,4886,192.27275,1999.70202636719,,,,,,,,,,,,,0,,,,3.615659,,,,,,207.32152555,,,,
,44278304.125,207.189682,1999.70202636719,2.94152476015388E-5,2.38289311218778E-7,1,0.999253354069792,40.0298881530762,1.99185290738619,18.1499999016523,0.000342012311132011,1.6610388456873E-5,0.25,-3.58389080252745E-6,2.95186542989253E-5,-3.56240414771724E-6,207.1213074,207.2580566,1999.70202636719,1999.70202636719,61.056911779718,20.7229184230799,6.273368,0,0,0,40,4886,192.1909,1999.70202636719,,,,,,,,,,,,,0,,,,3.615659,,,,,,207.189682,,,,
,44278306.33,207.004715,1999.70202636719,2.89100068295173E-5,3.18001105798885E-7,1,0.999253354069792,40.0298881530762,1.99185959973897,18.1499999016523,0.000336239955899444,1.57485729767454E-5,0.25,-3.5730272708623E-6,2.90118826492599E-5,-3.55204238628144E-6,207.004715,207.004715,1999.70202636719,1999.70202636719,61.0811422638142,20.7231462259087,6.646428,0,0,0,40,4886,191.9154,1999.70202636719,,,,,,,,,,,,,0,,,,3.615659,,,,,,207.004715,,,,
,44278307.965,206.7366943,1999.70202636719,2.89787154839682E-5,3.81003322299191E-7,1,0.999253354069792,40.0298881530762,1.99191096396264,18.1499999016523,0.000335003649159519,2.77271317218012E-5,0.25,-2.5331846167757E-6,2.90799065654625E-5,-2.50859069743072E-6,206.7366943,206.7366943,1999.70202636719,1999.70202636719,60.9873468415065,20.7252489073469,6.273368,0,0,0,40,4886,191.7506,1999.70202636719,,,,,,,,,,,,,0,,,,3.615659,,,,,,206.7366943,,,,
,44278309.58,206.6151276,1999.70202636719,2.93055151457405E-5,3.34480899382029E-7,1,0.999253354069792,40.0298881530762,1.99195636402032,18.1499999016523,0.00033976150835012,2.2375235064064E-5,0.25,-3.05919059684729E-6,2.94085408166245E-5,-3.03597564197755E-6,206.6151276,206.6151276,1999.70202636719,1999.70202636719,61.1725928005641,20.7241462302616,6.273368,0,0,0,40,4886,191.5575,1999.70202636719,,,,,,,,,,,,,0,,,,3.615659,,,,,,206.6151276,,,,
,44278311.14,206.3478394,1999.70202636719,2.86921492343479E-5,2.77302496647589E-7,1,0.999253354069792,40.0298881530762,1.99187217106287,18.1499999016523,0.000332777675078933,2.11030874918039E-5,0.25,-3.06571478671447E-6,2.8793368842873E-5,-3.04321700719735E-6,206.3478394,206.3478394,1999.70202636719,1999.70202636719,61.0717627215834,20.7234915270953,6.646428,0,0,0,40,4886,191.39195,1999.70202636719,,,,,,,,,,,,,0,,,,3.615659,,,,,,206.3478394,,,,
,44278311.89,206.2795792,1999.70202636719,2.89119835224075E-5,3.39895505056721E-7,1,0.999253354069792,40.0298881530762,1.99185546703097,18.1499999016523,0.000334696226711775,2.49353365981485E-5,0.25,-2.76693695166634E-6,2.90136773416479E-5,-2.74315721175807E-6,206.211319,206.3478394,1999.70202636719,1999.70202636719,61.0459689804488,20.724421236948,6.646428,0,0,0,40,4886,191.3083,1999.70202636719,,,,,,,,,,,,,0,,,,3.615659,,,,,,206.2795792,,,,
,44278313.125,206.13552095,1999.70202636719,2.934706613283E-5,2.74326833186688E-7,1,0.999253354069792,40.0298881530762,1.99182435971979,18.1499999016523,0.000339793647132115,2.4936429629448E-5,0.25,-2.84144113053437E-6,2.94504752128955E-5,-2.81739204849397E-6,206.0597229,206.211319,1999.70202636719,1999.70202636719,61.0741076071411,20.724895451597,6.273368,0,0,0,40,4886,191.14325,1999.70202636719,,,,,,,,,,,,,0,,,,3.615659,,,,,,206.13552095,,,,
,44278315.25,205.88360595,1999.70202636719,2.90274883818134E-5,3.17868840686841E-7,1,0.999253354069792,40.0298881530762,1.99185420159056,18.1499999016523,0.000335226792608982,2.97659881126695E-5,0.25,-2.36273324765797E-6,2.91295106291866E-5,-2.33738280502975E-6,205.8075104,205.9597015,1999.70202636719,1999.70202636719,60.9842203274295,20.7241893676991,6.273368,0,0,0,40,4886,190.8958,1999.70202636719,,,,,,,,,,,,,0,,,,3.59768905,,,,,,205.88360595,,,,
,44278316.68,205.6772766,1999.70202636719,2.85008320086271E-5,3.77760948654107E-7,1,0.999253354069792,40.0298881530762,1.99191136864652,18.1499999016523,0.000329510775998204,2.71574749792583E-5,0.25,-2.50159816664636E-6,2.86014172422656E-5,-2.47730462241512E-6,205.6772766,205.6772766,1999.70202636719,1999.70202636719,60.9717142711218,20.723816521107,6.273368,0,0,0,40,4886,190.7045,1999.70202636719,,,,,,,,,,,,,0,,,,3.59768905,,,,,,205.6772766,,,,
,44278318.12,205.5565796,1999.70202636719,2.85279831891165E-5,3.7909152117097E-7,1,0.999253354069792,40.0298881530762,1.99192408471135,18.1499999016523,0.000329597467535861,2.85287536194143E-5,0.25,-2.38591708409501E-6,2.86286473131599E-5,-2.36117411208433E-6,205.5565796,205.5565796,1999.70202636719,1999.70202636719,61.0803606352949,20.7242115616632,6.273368,0,0,0,40,4886,190.56345,1999.70202636719,,,,,,,,,,,,,0,,,,3.5797191,,,,,,205.5565796,,,,
,44278318.845,205.48622895,1999.70202636719,2.82570192759157E-5,3.07542076401892E-7,1,0.999253354069792,40.0298881530762,1.99195813278345,18.1499999016523,0.000325460886474024,3.41621564796994E-5,0.25,-1.84496081106091E-6,2.83561969103087E-5,-1.81865432298952E-6,205.4158783,205.5565796,1999.70202636719,1999.70202636719,60.9904733555834,20.7242516286811,6.273368,0,0,0,40,4886,190.4542,1999.70202636719,,,,,,,,,,,,,0,,,,3.59768905,,,,,,205.48622895,,,,
,44278336.89,203.2460327,1999.70202636719,,,2,,,,18.1859996882677,,,,,,,203.2460327,203.2460327,1999.70202636719,1999.70202636719,,,6.273368,,,,-99999999,4886,188.3874,1999.70202636719,,,,,,,,,,,,,,,,,,,,,,,203.2460327,,,,
touchdown = 13.7799996882677 mm,44278350.58,201.5879364,1999.70202636719,2.89429694033016E-5,3.98379369945676E-7,1,0.999253354069792,40.0298881530762,1.99182666869608,18.1699991226196,0.000332360781539782,4.09686363365948E-5,0.25,-1.3660774523756E-6,2.90478202913396E-5,-1.33667607707247E-6,201.5879364,201.5879364,1999.70202636719,1999.70202636719,61.1397644027565,20.7238694091198,6.646428,0,0,0,40,4886,186.8421,1999.70202636719,,,,,,,,,,,,,0,,,,3.5797191,,,,,,201.5879364,,,,
,44278351.235,201.52040865,1999.70202636719,2.83448969194435E-5,2.98864427173375E-7,1,0.999253354069792,40.0298881530762,1.99177899781672,18.1699991226196,0.000325440907602395,4.03857440494681E-5,0.25,-1.31464296489832E-6,2.84476190309084E-5,-1.285755076699E-6,201.4528809,201.5879364,1999.70202636719,1999.70202636719,60.9912549841026,20.7232974769608,6.273368,0,0,0,40,4886,186.78095,1999.70202636719,,,,,,,,,,,,,0,,,,3.59768905,,,,,,201.52040865,,,,
,44278353.335,201.2143097,1999.70202636719,2.82972343337447E-5,2.8193343037875E-7,1,0.999253354069792,40.0298881530762,1.99180107517597,18.1699991226196,0.000324687342839532,4.15617964405036E-5,0.25,-1.20335979616738E-6,2.83999505001029E-5,-1.17408552842149E-6,201.2143097,201.2143097,1999.70202636719,1999.70202636719,61.0561301511988,20.722446760213,6.646428,0,0,0,40,4886,186.53235,1999.70202636719,,,,,,,,,,,,,0,,,,3.615659,,,,,,201.2143097,,,,
,44278354.005,201.14486695,1999.70202636719,2.82869874124465E-5,3.888918072751E-7,1,0.999253354069792,40.0298881530762,1.99179576086778,18.1699991226196,0.000325277183700355,3.74206926685518E-5,0.25,-1.56515286032608E-6,2.8390163590021E-5,-1.53717690072443E-6,201.0754242,201.2143097,1999.70202636719,1999.70202636719,61.3937936715065,20.7235641742923,6.273368,0,0,0,40,4886,186.4788,1999.70202636719,,,,,,,,,,,,,0,,,,3.59768905,,,,,,201.14486695,,,,
,44278355.22,201.0158005,1999.70202636719,2.74653413247294E-5,2.9751409141986E-7,1,0.999253354069792,40.0298881530762,1.99173779531171,18.1699991226196,0.000316674352114648,3.13593411722445E-5,0.25,-1.95634175771829E-6,2.75661606394157E-5,-1.93072658521001E-6,200.9561768,201.0754242,1999.70202636719,1999.70202636719,60.9506103011026,20.7238375637228,6.273368,0,0,0,40,4886,186.37185,1999.70202636719,,,,,,,,,,,,,0,,,,3.59768905,,,,,,201.0158005,,,,
,44278357.365,200.8278809,1999.70202636719,2.83133617328796E-5,2.62967490223059E-7,1,0.999253354069792,40.0298881530762,1.99175709854997,18.1699991226196,0.000325698920658513,3.67496519372175E-5,0.25,-1.62865029409846E-6,2.84170117954684E-5,-1.60079611638847E-6,200.8278809,200.8278809,1999.70202636719,1999.70202636719,61.1850988568719,20.7243167698264,6.273368,0,0,0,40,4886,186.0891,1999.70202636719,,,,,,,,,,,,,0,,,,3.59768905,,,,,,200.8278809,,,,
,44278358.095,200.7003937,1999.70202636719,2.85218086195174E-5,2.9554617161099E-7,1,0.999253354069792,40.0298881530762,1.99178523530709,18.1699991226196,0.000325973337588056,4.94386961846598E-5,0.25,-5.50536193814111E-7,2.8625048350586E-5,-5.18544221401889E-7,200.5729065,200.8278809,1999.70202636719,1999.70202636719,61.0733259786218,20.7234422443591,6.646428,0,0,0,40,4886,186.009,1999.70202636719,,,,,,,,,,,,,0,,,,3.59768905,,,,,,200.7003937,,,,
,44278360.25,200.4252777,1999.70202636719,2.87336708526406E-5,3.89721426556185E-7,1,0.999253354069792,40.0298881530762,1.9917649050153,18.1699991226196,0.000330489985599217,3.75855889312883E-5,0.25,-1.62746396122333E-6,2.88392256400858E-5,-1.59905497479764E-6,200.4252777,200.4252777,1999.70202636719,1999.70202636719,61.1124074045834,20.7228073946112,6.273368,0,0,0,40,4886,185.78765,1999.70202636719,,,,,,,,,,,,,0,,,,3.615659,,,,,,200.4252777,,,,
,44278360.965,200.35653685,1999.70202636719,2.90578514856008E-5,3.63032417116307E-7,1,0.999253354069792,40.0298881530762,1.99177636592284,18.1699991226196,0.000333562655435925,4.1850850940603E-5,0.25,-1.30866697059439E-6,2.91642621171423E-5,-1.2787030463655E-6,200.287796,200.4252777,1999.70202636719,1999.70202636719,61.1647765153719,20.7245122091391,6.273368,0,0,0,40,4886,185.6987,1999.70202636719,,,,,,,,,,,,,0,,,,3.615659,,,,,,200.35653685,,,,
,44278362.29,200.228714,1999.70202636719,2.89201474627569E-5,3.3118777726416E-7,1,0.999253354069792,40.0298881530762,1.99178664129377,18.1699991226196,0.000332199219517009,4.04034447633634E-5,0.25,-1.412188351612E-6,2.90263093423538E-5,-1.3827295822001E-6,200.169632,200.287796,1999.70202636719,1999.70202636719,61.5759131164873,20.7249833353556,6.273368,0,0,0,40,4886,185.5388,1999.70202636719,,,,,,,,,,,,,0,,,,3.59768905,,,,,,200.228714,,,,
,44278363.615,200.03187565,1999.70202636719,2.93558918961812E-5,3.04184848009856E-7,1,0.999253354069792,40.0298881530762,1.99175898161267,18.1699991226196,0.000335815273412115,4.91008197024494E-5,0.25,-7.23413658570099E-7,2.94630008424797E-5,-6.9091113734779E-7,199.8941193,200.169632,1999.70202636719,1999.70202636719,61.2515372810065,20.7223182288033,6.273368,0,0,0,40,4886,185.3784,1999.70202636719,,,,,,,,,,,,,0,,,,3.5797191,,,,,,200.03187565,,,,
,44278364.915,199.8398743,1999.70202636719,2.92372899909891E-5,3.46935326810572E-7,1,0.999253354069792,40.0298881530762,1.99178737837637,18.1699991226196,0.000335029346120314,4.56137879038777E-5,0.25,-1.00930513248019E-6,2.93445028812094E-5,-9.77950445320359E-7,199.7856293,199.8941193,1999.70202636719,1999.70202636719,61.0318996671026,20.7230431160017,6.646428,0,0,0,40,4886,185.23535,1999.70202636719,,,,,,,,,,,,,0,,,,3.5797191,,,,,,199.8398743,,,,
,44278366.195,199.7168198,1999.70202636719,2.93320123389879E-5,2.93672003462162E-7,1,0.999253354069792,40.0298881530762,1.99177432426187,18.1699991226196,0.000335141937652467,5.14305374026054E-5,0.25,-5.14952902114924E-7,2.94390972755757E-5,-4.81659339274328E-7,199.6480103,199.7856293,1999.70202636719,1999.70202636719,61.2554454236026,20.7231650195736,6.273368,0,0,0,40,4886,185.09315,1999.70202636719,,,,,,,,,,,,,0,,,,3.5797191,,,,,,199.7168198,,,,
,44278367.42,199.5887909,1999.70202636719,3.00028962799817E-5,3.53005557549196E-7,1,0.999253354069792,40.0298881530762,1.99181345499266,18.1699991226196,0.000344135753307843,4.49071578026123E-5,0.25,-1.20277084483285E-6,3.0113370552974E-5,-1.17114108673432E-6,199.5295715,199.6480103,1999.70202636719,1999.70202636719,61.1163155471795,20.7239307251412,6.273368,0,0,0,40,4886,184.9604,1999.70202636719,,,,,,,,,,,,,0,,,,3.59768905,,,,,,199.5887909,,,,
,44278368.67,199.4656143,1999.70202636719,2.95701056710675E-5,3.83244223066789E-7,1,0.999253354069792,40.0298881530762,1.99179955679058,18.1699991226196,0.000341009577160332,3.35360000691459E-5,0.25,-2.12676902413162E-6,2.96802400402935E-5,-2.09899577690529E-6,199.4016571,199.5295715,1999.70202636719,1999.70202636719,61.0787973782564,20.7245989468676,6.646428,0,0,0,40,4886,184.84315,1999.70202636719,,,,,,,,,,,,,0,,,,3.615659,,,,,,199.4656143,,,,
,44278371.11,199.1377563,1999.70202636719,2.98463681733621E-5,3.86860112415869E-7,1,0.999253354069792,40.0298881530762,1.99176905551959,18.1699991226196,0.000342651860479331,4.28441002275697E-5,0.25,-1.35710676198625E-6,2.99569156719303E-5,-1.32614660429823E-6,199.1377563,199.1377563,1999.70202636719,1999.70202636719,61.1522704590642,20.7244506166507,6.646428,0,0,0,40,4886,184.5677,1999.70202636719,,,,,,,,,,,,,0,,,,3.615659,,,,,,199.1377563,,,,
,44278372.625,198.95810695,1999.70202636719,3.0080916245914E-5,3.59309081388773E-7,1,0.999253354069792,40.0298881530762,1.99176613925455,18.1699991226196,0.000344746386094374,4.66788467170988E-5,0.25,-1.06076056682564E-6,3.01921458129621E-5,-1.02840236132588E-6,198.8920135,199.0242004,1999.70202636719,1999.70202636719,61.1530520875834,20.7236959037833,6.646428,0,0,0,40,4886,184.4088,1999.70202636719,,,,,,,,,,,,,0,,,,3.615659,,,,,,198.95810695,,,,
,44278373.335,198.82821655,1999.70202636719,3.03185351159792E-5,3.8114982150338E-7,1,0.999253354069792,40.0298881530762,1.99173724461949,18.1699991226196,0.000346849107551688,5.0646700812778E-5,0.25,-7.53179901813791E-7,3.04303963987021E-5,-7.19391047184015E-7,198.7644196,198.8920135,1999.70202636719,1999.70202636719,61.1342930031219,20.7232239207488,6.273368,0,0,0,40,4886,184.3185,1999.70202636719,,,,,,,,,,,,,0,,,,3.615659,,,,,,198.82821655,,,,
,44278375.41,198.6463776,1999.70202636719,3.07321985944415E-5,3.57087349362987E-7,1,0.999253354069792,40.0298881530762,1.9917659165908,18.1699991226196,0.000351288507265989,5.30877134151656E-5,0.25,-6.09985723999053E-7,3.08455868764344E-5,-5.75119112160404E-7,198.6463776,198.6463776,1999.70202636719,1999.70202636719,60.9084023610641,20.7234270108462,6.273368,0,0,0,40,4886,184.0951,1999.70202636719,,,,,,,,,,,,,0,,,,3.615659,,,,,,198.6463776,,,,
,44278376.125,198.57816315,1999.70202636719,3.002531797506E-5,3.45283436090685E-7,1,0.999253354069792,40.0298881530762,1.99176534992375,18.1699991226196,0.000343835965922099,4.82111743429995E-5,0.25,-9.1687308931392E-7,3.01365532049322E-5,-8.83960085981471E-7,198.5099487,198.6463776,1999.70202636719,1999.70202636719,61.4008283281796,20.7235486707981,6.273368,0,0,0,40,4886,183.99115,1999.70202636719,,,,,,,,,,,,,0,,,,3.59768905,,,,,,198.57816315,,,,
,44278378.195,198.2556915,1999.70202636719,3.05998858789234E-5,4.50560149820129E-7,1,0.999253354069792,40.0298881530762,1.99177346070336,18.1699991226196,0.000349797453969806,5.27695722112275E-5,0.25,-6.15386108703884E-7,3.07131985048678E-5,-5.80620779822211E-7,198.2556915,198.2556915,1999.70202636719,1999.70202636719,61.0647280649103,20.7254347783642,6.646428,0,0,0,40,4886,183.76755,1999.70202636719,,,,,,,,,,,,,0,,,,3.5797191,,,,,,198.2556915,,,,
,44278378.86,198.19237515,1999.70202636719,3.01810920167668E-5,2.66580208642167E-7,1,0.999253354069792,40.0298881530762,1.99177967431136,18.1699991226196,0.000345346094507,5.00984137874194E-5,0.25,-7.78088865192181E-7,3.0293124028432E-5,-7.44407264633921E-7,198.1290588,198.2556915,1999.70202636719,1999.70202636719,61.0842687778911,20.7252094894622,6.273368,0,0,0,40,4886,183.67835,1999.70202636719,,,,,,,,,,,,,0,,,,3.59768905,,,,,,198.19237515,,,,
,44278380.945,198.0110626,1999.70202636719,3.04205046760811E-5,3.27427671735728E-7,1,0.999253354069792,40.0298881530762,1.9917452269289,18.1699991226196,0.000348878414287095,4.58506721037239E-5,0.25,-1.19203954665116E-6,3.05341018702124E-5,-1.15952950291085E-6,198.0110626,198.0110626,1999.70202636719,1999.70202636719,61.1366378886795,20.7233075373699,6.646428,0,0,0,40,4886,183.4149,1999.70202636719,,,,,,,,,,,,,0,,,,3.615659,,,,,,198.0110626,,,,
,44278381.655,197.88916015,1999.70202636719,3.03516963399987E-5,3.57913987605329E-7,1,0.999253354069792,40.0298881530762,1.99174833053171,18.1699991226196,0.000346652480215062,5.41369235151204E-5,0.25,-4.52903765036132E-7,3.04642694669971E-5,-4.17740171761189E-7,197.7672577,198.0110626,1999.70202636719,1999.70202636719,61.1780642001988,20.7234369173903,6.273368,0,0,0,40,4886,183.3623,1999.70202636719,,,,,,,,,,,,,0,,,,3.615659,,,,,,197.88916015,,,,
,44278382.905,197.7186966,1999.70202636719,3.0364478687978E-5,3.40177448414393E-7,1,0.999253354069792,40.0298881530762,1.99176466210708,18.1699991226196,0.000345897531647637,5.94412833098202E-5,0.25,1.04161158021661E-8,3.04767099609724E-5,4.73432056340033E-8,197.6701355,197.7672577,1999.70202636719,1999.70202636719,61.0592566652757,20.724329777101,6.273368,0,0,0,40,4886,183.21885,1999.70202636719,,,,,,,,,,,,,0,,,,3.615659,,,,,,197.7186966,,,,
,44278384.225,197.59679415,1999.70202636719,3.16777972954108E-5,2.5597963232117E-7,1,0.999253354069792,40.0298881530762,1.9917438751056,18.1699991226196,0.00036233709649038,5.3375932986441E-5,0.25,-7.47233934612695E-7,3.17959320396623E-5,-7.11475516088241E-7,197.5234528,197.6701355,1999.70202636719,1999.70202636719,61.2007314272565,20.7225651253769,6.273368,0,0,0,40,4886,183.07545,1999.70202636719,,,,,,,,,,,,,0,,,,3.615659,,,,,,197.59679415,,,,
,44278385.42,197.4515839,1999.70202636719,3.15262910790604E-5,3.05389877371838E-7,1,0.999253354069792,40.0298881530762,1.99178224617401,18.1699991226196,0.000361333989682451,4.89149556788812E-5,0.25,-1.11296493482312E-6,3.16444647863522E-5,-1.0787202086938E-6,197.379715,197.5234528,1999.70202636719,1999.70202636719,61.1804090857565,20.7233409521505,6.646428,0,0,0,40,4886,182.96875,1999.70202636719,,,,,,,,,,,,,0,,,,3.59768905,,,,,,197.4515839,,,,
,44278387.38,197.20316315,1999.70202636719,3.05983235315993E-5,3.29499539180378E-7,1,0.999253354069792,40.0298881530762,1.99173639713683,18.1699991226196,0.000350229136757705,5.0182008672074E-5,0.25,-8.42592632230087E-7,3.07129861391318E-5,-8.08432792020921E-7,197.1345825,197.2717438,1999.70202636719,1999.70202636719,61.3453327033142,20.7238087831111,6.273368,0,0,0,40,4886,182.78345,1999.70202636719,,,,,,,,,,,,,0,,,,3.5797191,,,,,,197.20316315,,,,
,44278388.835,197.0128326,1999.70202636719,3.11364775969732E-5,3.94933154936531E-7,1,0.999253354069792,40.0298881530762,1.99173389275483,18.1699991226196,0.000355075124790949,5.87359479793402E-5,0.25,-1.84096221490481E-7,3.12525345987245E-5,-1.46792934611247E-7,197.0128326,197.0128326,1999.70202636719,1999.70202636719,61.1256950894103,20.7240835292042,6.646428,0,0,0,40,4886,182.6251,1999.70202636719,,,,,,,,,,,,,0,,,,3.5797191,,,,,,197.0128326,,,,
,44278390.345,196.8907166,1999.70202636719,3.15144690797656E-5,4.41838653522423E-7,1,0.999253354069792,40.0298881530762,1.99182523809927,18.1699991226196,0.000359973631165867,5.61233373549172E-5,0.25,-4.78544815108538E-7,3.16324160211955E-5,-4.41820134954409E-7,196.8907166,196.8907166,1999.70202636719,1999.70202636719,60.9427940159103,20.723247037728,6.273368,0,0,0,40,4886,182.4172,1999.70202636719,,,,,,,,,,,,,0,,,,3.5797191,,,,,,196.8907166,,,,
,44278392.055,196.6373444,1999.70202636719,3.09576006804607E-5,4.14142230707687E-7,1,0.999253354069792,40.0298881530762,1.9918647168169,18.1699991226196,0.000354718501675088,4.87424823016469E-5,0.25,-1.03106044809762E-6,3.10744135865559E-5,-9.97032084275658E-7,196.6373444,196.6373444,1999.70202636719,1999.70202636719,61.1733744290834,20.7229053934901,6.273368,0,0,0,40,4886,182.23265,1999.70202636719,,,,,,,,,,,,,0,,,,3.5797191,,,,,,196.6373444,,,,
,44278392.79,196.56383515,1999.70202636719,3.11063023226481E-5,4.34419570075492E-7,1,0.999253354069792,40.0298881530762,1.99184555568138,18.1699991226196,0.000354787194511107,5.84966803667934E-5,0.25,-2.00395764645552E-7,3.12227306482569E-5,-1.63070575773473E-7,196.4903259,196.6373444,1999.70202636719,1999.70202636719,61.341424560718,20.7252568717468,6.273368,0,0,0,40,4886,182.17865,1999.70202636719,,,,,,,,,,,,,0,,,,3.59768905,,,,,,196.56383515,,,,
,44278393.99,196.41747285,1999.70202636719,3.1114597643388E-5,3.05299916855658E-7,1,0.999253354069792,40.0298881530762,1.99174683537248,18.1699991226196,0.000354945050205484,5.80533606290216E-5,0.25,-2.40549403490574E-7,3.12312578711281E-5,-2.03329409162051E-7,196.3446198,196.4903259,1999.70202636719,1999.70202636719,61.3726897014873,20.7238950000136,6.646428,0,0,0,40,4886,182.0487,1999.70202636719,,,,,,,,,,,,,0,,,,3.615659,,,,,,196.41747285,,,,
,44278395.15,196.29576875,1999.70202636719,3.2893206775408E-5,3.21377156791151E-7,1,0.999253354069792,40.0298881530762,1.99180453857076,18.1699991226196,0.00037591495249899,5.74773462095731E-5,0.25,-5.96352568732095E-7,3.30170863770163E-5,-5.58241395076036E-7,196.2469177,196.3446198,1999.70202636719,1999.70202636719,61.2671698513911,20.7237857855753,6.273368,0,0,0,40,4886,181.89365,1999.70202636719,,,,,,,,,,,,,0,,,,3.59768905,,,,,,196.29576875,,,,
,44278397.315,196.0045624,1999.70202636719,3.27462687597168E-5,3.7422686135651E-7,1,0.999253354069792,40.0298881530762,1.99173219174974,18.1699991226196,0.000373321486365459,6.24951600897649E-5,0.25,-1.30658313999822E-7,3.28693440087489E-5,-9.09084753345264E-8,196.0045624,196.0045624,1999.70202636719,1999.70202636719,61.2390312246988,20.7228591004438,6.646428,0,0,0,40,4886,181.6307,1999.70202636719,,,,,,,,,,,,,0,,,,3.59768905,,,,,,196.0045624,,,,
,44278398.065,195.93589785,1999.70202636719,3.11046304184699E-5,2.84504151800938E-7,1,0.999253354069792,40.0298881530762,1.99177251753552,18.1699991226196,0.00035366007061987,6.4924031923207E-5,0.25,3.63954184074139E-7,3.12210069757967E-5,4.03559024612035E-7,195.8672333,196.0045624,1999.70202636719,1999.70202636719,61.0827055208526,20.7252855528708,6.646428,0,0,0,40,4886,181.5769,1999.70202636719,,,,,,,,,,,,,0,,,,3.615659,,,,,,195.93589785,,,,
,44278399.36,195.8068619,1999.70202636719,3.06700415693147E-5,3.02738881175003E-7,1,0.999253354069792,40.0298881530762,1.99175168634076,18.1699991226196,0.000350247624526701,5.50908862829761E-5,0.25,-4.24614241942065E-7,3.07858864073818E-5,-3.88471288860788E-7,195.7464905,195.8672333,1999.70202636719,1999.70202636719,61.107717633468,20.7246029979579,6.646428,0,0,0,40,4886,181.4458,1999.70202636719,,,,,,,,,,,,,0,,,,3.615659,,,,,,195.8068619,,,,
,44278401.585,195.5181732,1999.70202636719,3.05991033581493E-5,3.3388525429771E-7,1,0.999253354069792,40.0298881530762,1.9917658157861,18.1699991226196,0.000348561180057055,6.01071282138585E-5,0.25,2.7693616216712E-8,3.07144175259507E-5,6.55225911459145E-8,195.5181732,195.5181732,1999.70202636719,1999.70202636719,61.3406429321988,20.7257838096825,6.646428,0,0,0,40,4886,181.1821,1999.70202636719,,,,,,,,,,,,,0,,,,3.5797191,,,,,,195.5181732,,,,
,44278403.13,195.3735657,1999.70202636719,3.24459754435803E-5,2.8985970132693E-7,1,0.999253354069792,40.0298881530762,1.99175193699369,18.1699991226196,0.000369660167700039,6.33759646275715E-5,0.25,-2.18427438490673E-9,3.25684427854088E-5,3.78540511692194E-8,195.3735657,195.3735657,1999.70202636719,1999.70202636719,61.3695631874103,20.7239146382633,6.273368,0,0,0,40,4886,181.0276,1999.70202636719,,,,,,,,,,,,,0,,,,3.615659,,,,,,195.3735657,,,,
,44278403.805,195.30506135,1999.70202636719,3.21618481391715E-5,4.3523763956943E-7,1,0.999253354069792,40.0298881530762,1.99177372000804,18.1699991226196,0.000367567076498275,5.61787433679609E-5,0.25,-5.85269827402873E-7,3.22840342001354E-5,-5.47754265239184E-7,195.236557,195.3735657,1999.70202636719,1999.70202636719,61.2101109694872,20.7248343229857,6.273368,0,0,0,40,4886,180.9238,1999.70202636719,,,,,,,,,,,,,0,,,,3.615659,,,,,,195.30506135,,,,
,44278405.02,195.11585235,1999.70202636719,3.12862476597642E-5,3.50883330352966E-7,1,0.999253354069792,40.0298881530762,1.99178638523166,18.1699991226196,0.000355575414344457,6.62473704722674E-5,0.25,4.48542321012446E-7,3.14040464048272E-5,4.88925126516608E-7,194.9951477,195.236557,1999.70202636719,1999.70202636719,61.2476291384103,20.7247991343866,6.646428,0,0,0,40,4886,180.77655,1999.70202636719,,,,,,,,,,,,,0,,,,3.63380955,,,,,,195.11585235,,,,
,44278407.125,194.8892517,1999.70202636719,3.17029107422335E-5,3.97621956510555E-7,1,0.999253354069792,40.0298881530762,1.99179482286351,18.1699991226196,0.000361416648010168,6.07074477962029E-5,0.25,-1.09299594567385E-7,3.18232112231873E-5,-7.04415576602351E-8,194.8892517,194.8892517,1999.70202636719,1999.70202636719,61.117878804218,20.7222233265398,6.273368,0,0,0,40,4886,180.5287,1999.70202636719,,,,,,,,,,,,,0,,,,3.615659,,,,,,194.8892517,,,,
,44278408.665,194.6473236,1999.70202636719,3.23011705529438E-5,4.40947562578641E-7,1,0.999253354069792,40.0298881530762,1.99179563599486,18.1699991226196,0.000368380532438025,6.10343256085599E-5,0.25,-1.8329836355358E-7,3.24240942686618E-5,-1.43949701472665E-7,194.6473236,194.6473236,1999.70202636719,1999.70202636719,61.2476291384103,20.7224692891312,6.646428,0,0,0,40,4886,180.4219,1999.70202636719,,,,,,,,,,,,,0,,,,3.59768905,,,,,,194.6473236,,,,
,44278410.245,194.5208435,1999.70202636719,3.25200700708283E-5,3.4472645015699E-7,1,0.999253354069792,40.0298881530762,1.99168916541061,18.1699991226196,0.00037092129639557,6.10853327866264E-5,0.25,-2.16170734046698E-7,3.26439985473784E-5,-1.76620805797982E-7,194.5208435,194.5208435,1999.70202636719,1999.70202636719,61.280457536218,20.7239195276019,6.646428,0,0,0,40,4886,180.2336,1999.70202636719,,,,,,,,,,,,,0,,,,3.615659,,,,,,194.5208435,,,,
,44278410.965,194.40021515,1999.70202636719,3.16507172169565E-5,3.35793935440207E-7,1,0.999253354069792,40.0298881530762,1.99181879441168,18.1699991226196,0.000361025637431609,5.94779789788395E-5,0.25,-2.08516143604213E-7,3.17714569848295E-5,-1.69987757067969E-7,194.2795868,194.5208435,1999.70202636719,1999.70202636719,61.1342930031219,20.7268753821127,6.273368,0,0,0,40,4886,180.1317,1999.70202636719,,,,,,,,,,,,,0,,,,3.59768905,,,,,,194.40021515,,,,
,44278413.14,194.1642761,1999.70202636719,3.29750982523595E-5,4.15587460011191E-7,1,0.999253354069792,40.0298881530762,1.99176136262673,18.1699991226196,0.000375274022913853,6.69259505496665E-5,0.25,2.1807089785301E-7,3.31006058862513E-5,2.59933092699808E-7,194.1642761,194.1642761,1999.70202636719,1999.70202636719,61.1210053182949,20.7241273682445,6.273368,0,0,0,40,4886,179.9232,1999.70202636719,,,,,,,,,,,,,0,,,,3.5797191,,,,,,194.1642761,,,,
,44278413.805,194.09159085,1999.70202636719,3.25360890099468E-5,3.00330978100599E-7,1,0.999253354069792,40.0298881530762,1.99172474060804,18.1699991226196,0.000370940678386807,6.21369132288894E-5,0.25,-1.26905945406412E-7,3.26604280554483E-5,-8.68784521722688E-8,194.0189056,194.1642761,1999.70202636719,1999.70202636719,61.1968232846603,20.7249091147176,6.273368,0,0,0,40,4886,179.83015,1999.70202636719,,,,,,,,,,,,,0,,,,3.59768905,,,,,,194.09159085,,,,
,44278415.835,193.9087219,1999.70202636719,3.27326210819804E-5,3.48286780237394E-7,1,0.999253354069792,40.0298881530762,1.99176083179502,18.1699991226196,0.000371568177225239,7.19688954786625E-5,0.25,7.02141789512284E-7,3.28568722413411E-5,7.45642161384748E-7,193.9087219,193.9087219,1999.70202636719,1999.70202636719,61.0936483201219,20.7223329247323,6.646428,0,0,0,40,4886,179.6314,1999.70202636719,,,,,,,,,,,,,0,,,,3.615659,,,,,,193.9087219,,,,
,44278416.595,193.843132,1999.70202636719,3.19044141165824E-5,3.32375807052464E-7,1,0.999253354069792,40.0298881530762,1.99179725732218,18.1699991226196,0.000364818727076009,5.47291946045282E-5,0.25,-6.69027780215241E-7,3.20272775979901E-5,-6.31780418575909E-7,193.7775421,193.9087219,1999.70202636719,1999.70202636719,61.2718596225065,20.7257807289099,6.646428,0,0,0,40,4886,179.554,1999.70202636719,,,,,,,,,,,,,0,,,,3.615659,,,,,,193.843132,,,,
,44278418.75,193.49823,1999.70202636719,3.33918820408706E-5,3.72797896670779E-7,1,0.999253354069792,40.0298881530762,1.99171131913288,18.1699991226196,0.000379865383003139,6.86523719685541E-5,0.25,2.97942519815297E-7,3.3519611513534E-5,3.40816585878865E-7,193.49823,193.49823,1999.70202636719,1999.70202636719,61.2210537687565,20.7247123763687,6.273368,0,0,0,40,4886,179.3309,1999.70202636719,,,,,,,,,,,,,0,,,,3.5797191,,,,,,193.49823,,,,
,44278420.31,193.3782654,1999.70202636719,3.24950323115311E-5,3.6600372339355E-7,1,0.999253354069792,40.0298881530762,1.99169082938283,18.1699991226196,0.000369923104806244,6.52777790989543E-5,0.25,1.55566098351198E-7,3.26196225401289E-5,1.96832770059187E-7,193.3782654,193.3782654,1999.70202636719,1999.70202636719,61.2632617087949,20.7234064290151,6.646428,0,0,0,40,4886,179.1343,1999.70202636719,,,,,,,,,,,,,0,,,,3.5797191,,,,,,193.3782654,,,,
,44278437.14,191.4747009,1999.70202636719,,,2,,,,18.2160003823638,,,,,,,191.4747009,191.4747009,1999.70202636719,1999.70202636719,,,6.273368,,,,-99999999,4886,177.3379,1999.70202636719,,,,,,,,,,,,,,,,,,,,,,,191.4747009,,,,
touchdown = 13.8100003823638 mm,44278451.44,189.7294312,1999.70202636719,3.309711677336E-5,3.62612114602589E-7,1,0.999253354069792,40.0298881530762,2.00329404541829,18.2000007480383,0.000379084442758809,6.58644587181075E-5,0.25,7.01358642612323E-8,3.32280630291275E-5,1.12908595951364E-7,189.7294312,189.7294312,1999.70202636719,1999.70202636719,60.792721340218,20.7183591566867,6.273368,0,0,0,40,4886,175.7363,1999.70202636719,,,,,,,,,,,,,0,,,,3.59768905,,,,,,189.7294312,,,,
,44278453.055,189.5523605,1999.70202636719,3.3643076202816E-5,3.33351024846186E-7,1,0.999253354069792,40.0298881530762,2.00325257309099,18.2000007480383,0.000385572092677737,6.55522928867045E-5,0.25,-5.07533940593169E-8,3.37765315204667E-5,-7.70024880394803E-9,189.490509,189.614212,1999.70202636719,1999.70202636719,60.8771372202949,20.716957828638,6.646428,0,0,0,40,4886,175.55955,1999.70202636719,,,,,,,,,,,,,0,,,,3.5797191,,,,,,189.5523605,,,,
,44278453.775,189.4263229,1999.70202636719,3.32389842587293E-5,3.16490051993874E-7,1,0.999253354069792,40.0298881530762,2.00327008613004,18.2000007480383,0.000381447114879757,6.18430317750915E-5,0.25,-3.05252345043264E-7,3.33713027719205E-5,-2.63704000790092E-7,189.3621368,189.490509,1999.70202636719,1999.70202636719,61.3085961629103,20.7176942758861,6.273368,0,0,0,40,4886,175.4831,1999.70202636719,,,,,,,,,,,,,0,,,,3.59768905,,,,,,189.4263229,,,,
,44278455.75,189.2342224,1999.70202636719,3.35359092595882E-5,2.94018475738691E-7,1,0.999253354069792,40.0298881530762,2.00335154737121,18.2000007480383,0.000384440857201416,6.49106909626982E-5,0.25,-8.87635580800466E-8,3.36693380561359E-5,-4.59255350148848E-8,189.2342224,189.2342224,1999.70202636719,1999.70202636719,61.1514888305449,20.7181873002509,6.646428,0,0,0,40,4886,175.3349,1999.70202636719,,,,,,,,,,,,,0,,,,3.5797191,,,,,,189.2342224,,,,
,44278457.485,188.983139,1999.70202636719,3.24574324970264E-5,3.72086327195847E-7,1,0.999253354069792,40.0298881530762,2.00323942150492,18.2000007480383,0.000371705194179151,6.48933063493769E-5,0.25,9.49273567562768E-8,3.25865995867905E-5,1.37188220853219E-7,188.983139,188.983139,1999.70202636719,1999.70202636719,61.2171456261603,20.7200400414471,6.646428,0,0,0,40,4886,175.0829,1999.70202636719,,,,,,,,,,,,,0,,,,3.5797191,,,,,,188.983139,,,,
,44278458.25,188.91992185,1999.70202636719,3.35372473746657E-5,4.14117283607082E-7,1,0.999253354069792,40.0298881530762,2.00327838354714,18.2000007480383,0.000384657823093227,6.36812314273048E-5,0.25,-1.96253595687451E-7,3.36711605637726E-5,-1.53742901734973E-7,188.8567047,188.983139,1999.70202636719,1999.70202636719,61.1710295435257,20.7173675791886,6.646428,0,0,0,40,4886,175.0326,1999.70202636719,,,,,,,,,,,,,0,,,,3.5797191,,,,,,188.91992185,,,,
,44278460.425,188.69059755,1999.70202636719,3.23585375698794E-5,2.74065887618628E-7,1,0.999253354069792,40.0298881530762,2.00330420633046,18.2000007480383,0.000371133129626556,6.1518324235007E-5,0.25,-1.82958113724082E-7,3.2487976558161E-5,-1.41852801805739E-7,188.6197052,188.7614899,1999.70202636719,1999.70202636719,60.9842203274295,20.7209102514333,6.646428,0,0,0,40,4886,174.8317,1999.70202636719,,,,,,,,,,,,,0,,,,3.5797191,,,,,,188.69059755,,,,
,44278462.04,188.526474,1999.70202636719,3.30976658391637E-5,3.28306378458562E-7,1,0.999253354069792,40.0298881530762,2.00335634764846,18.2000007480383,0.000379492894997843,6.36771414676094E-5,0.25,-1.21597639566803E-7,3.32301494787226E-5,-7.92268216241104E-8,188.526474,188.526474,1999.70202636719,1999.70202636719,61.2218353972757,20.7188972003387,6.646428,0,0,0,40,4886,174.63275,1999.70202636719,,,,,,,,,,,,,0,,,,3.5797191,,,,,,188.526474,,,,
,44278463.545,188.3845978,1999.70202636719,3.37749464483427E-5,3.07195586960754E-7,1,0.999253354069792,40.0298881530762,2.00326264315659,18.2099994271994,0.000387313717269167,6.45654000768108E-5,0.25,-1.60108735907245E-7,3.39103412652057E-5,-1.16964347656373E-7,188.3845978,188.3845978,1999.70202636719,1999.70202636719,61.2163639976411,20.7183361613944,6.273368,0,0,0,40,4886,174.4807,1999.70202636719,,,,,,,,,,,,,0,,,,3.615659,,,,,,188.3845978,,,,
,44278465,188.1490021,1999.70202636719,3.35560445698872E-5,2.87325327523432E-7,1,0.999253354069792,40.0298881530762,2.00327594962417,18.2000007480383,0.000384797110171533,6.42163007309939E-5,0.25,-1.53145711442304E-7,3.36908132452084E-5,-1.10208323172375E-7,188.1490021,188.1490021,1999.70202636719,1999.70202636719,61.1639948868526,20.7210191244809,6.273368,0,0,0,40,4886,174.332,1999.70202636719,,,,,,,,,,,,,0,,,,3.59768905,,,,,,188.1490021,,,,
,44278465.66,188.0830307,1999.70202636719,3.34782873449617E-5,4.07409958273299E-7,1,0.999253354069792,40.0298881530762,2.00322125777127,18.2000007480383,0.000383509924237512,6.63176658984697E-5,0.25,4.37008844351829E-8,3.36125589202158E-5,8.7352286237762E-8,188.0170593,188.1490021,1999.70202636719,1999.70202636719,61.2999982491988,20.7197845302686,6.273368,0,0,0,40,4886,174.25625,1999.70202636719,,,,,,,,,,,,,0,,,,3.59768905,,,,,,188.0830307,,,,
,44278466.925,187.9512558,1999.70202636719,3.28210603124819E-5,2.36117449218199E-7,1,0.999253354069792,40.0298881530762,2.00332945156254,18.2000007480383,0.000376472265218871,6.22784561827977E-5,0.25,-1.96405816459058E-7,3.29531445060936E-5,-1.54522684767214E-7,187.8854523,188.0170593,1999.70202636719,1999.70202636719,61.1272583464488,20.7185885315465,6.646428,0,0,0,40,4886,174.10625,1999.70202636719,,,,,,,,,,,,,0,,,,3.615659,,,,,,187.9512558,,,,
,44278469.03,187.7069702,1999.70202636719,3.31887558999438E-5,2.95074036316583E-7,1,0.999253354069792,40.0298881530762,2.00327567576883,18.2000007480383,0.000380704393243329,6.28512634511544E-5,0.25,-2.09483504527973E-7,3.33225953183479E-5,-1.67101425302058E-7,187.6411438,187.7727966,1999.70202636719,1999.70202636719,61.260135194718,20.7221065710066,6.273368,0,0,0,40,4886,173.882,1999.70202636719,,,,,,,,,,,,,0,,,,3.5797191,,,,,,187.7069702,,,,
,44278470.565,187.5242615,1999.70202636719,3.3536998467904E-5,3.60382767922784E-7,1,0.999253354069792,40.0298881530762,2.00328222270179,18.2000007480383,0.000384921456228528,6.22352776679113E-5,0.25,-3.23093706273261E-7,3.36725858345597E-5,-2.80665972399166E-7,187.5242615,187.5242615,1999.70202636719,1999.70202636719,61.117878804218,20.720269584749,6.273368,0,0,0,40,4886,173.7311,1999.70202636719,,,,,,,,,,,,,0,,,,3.615659,,,,,,187.5242615,,,,
,44278472.1,187.3972168,1999.70202636719,3.21751893449242E-5,3.00312127966413E-7,1,0.999253354069792,40.0298881530762,2.00331717220912,18.2000007480383,0.000368705149050524,6.31696868210672E-5,0.25,-8.04411510618258E-9,3.23050067483393E-5,3.39264802636102E-8,187.3972168,187.3972168,1999.70202636719,1999.70202636719,60.9881284700257,20.7224686577432,6.273368,0,0,0,40,4886,173.5813,1999.70202636719,,,,,,,,,,,,,0,,,,3.615659,,,,,,187.3972168,,,,
,44278473.745,187.1626892,1999.70202636719,3.33875385488334E-5,4.21064240814182E-7,1,0.999253354069792,40.0298881530762,2.00327711272221,18.2000007480383,0.000382187303312792,6.79159541860534E-5,0.25,1.9813813887662E-7,3.35222299115699E-5,2.42591915642356E-7,187.1626892,187.1626892,1999.70202636719,1999.70202636719,61.0397159522949,20.7184858317052,6.273368,0,0,0,40,4886,173.3835,1999.70202636719,,,,,,,,,,,,,0,,,,3.615659,,,,,,187.1626892,,,,
,44278474.41,187.10144045,1999.70202636719,3.33385693772741E-5,3.40431673375946E-7,1,0.999253354069792,40.0298881530762,2.00331052155217,18.2000007480383,0.000381716932902556,6.7331572425344E-5,0.25,1.55411095249837E-7,3.34731828178344E-5,1.99654535335409E-7,187.0401917,187.1626892,1999.70202636719,1999.70202636719,61.2859289358526,20.7212046279759,6.273368,0,0,0,40,4886,173.30665,1999.70202636719,,,,,,,,,,,,,0,,,,3.615659,,,,,,187.10144045,,,,
,44278476.495,186.8197174,1999.70202636719,3.32161425653192E-5,3.7519140130974E-7,1,0.999253354069792,40.0298881530762,2.00322796161537,18.2000007480383,0.000381116593294844,6.2344982087728E-5,0.25,-2.58658724317635E-7,3.33511066290963E-5,-2.16183561408429E-7,186.8197174,186.8197174,1999.70202636719,1999.70202636719,61.1100625190257,20.7210334521662,6.646428,0,0,0,40,4886,173.10455,1999.70202636719,,,,,,,,,,,,,0,,,,3.615659,,,,,,186.8197174,,,,
,44278477.25,186.75639345,1999.70202636719,3.4018069645714E-5,3.7451204528415E-7,1,0.999253354069792,40.0298881530762,2.00326484123754,18.2000007480383,0.000388854614062781,7.24228121984881E-5,0.25,4.83093561678222E-7,3.4155379570315E-5,5.2965303422619E-7,186.6930695,186.8197174,1999.70202636719,1999.70202636719,61.2163639976411,20.7203719710278,6.646428,0,0,0,40,4886,173.02915,1999.70202636719,,,,,,,,,,,,,0,,,,3.59768905,,,,,,186.75639345,,,,
,44278478.54,186.62744905,1999.70202636719,3.31113562912619E-5,3.52037428242227E-7,1,0.999253354069792,40.0298881530762,2.00325668260605,18.2000007480383,0.000378532359850186,7.02468475523025E-5,0.25,4.48739551974058E-7,3.32451704018975E-5,4.94014723467505E-7,186.5618286,186.6930695,1999.70202636719,1999.70202636719,61.0404975808142,20.7190804891304,6.273368,0,0,0,40,4886,172.9057,1999.70202636719,,,,,,,,,,,,,0,,,,3.5797191,,,,,,186.62744905,,,,
,44278480.77,186.3374481,1999.70202636719,3.31427215105284E-5,3.73703417277206E-7,1,0.999253354069792,40.0298881530762,2.00326961422433,18.2000007480383,0.000379470065695261,6.69734341817848E-5,0.25,1.5751259683503E-7,3.32773531141683E-5,2.0173451343004E-7,186.3374481,186.3374481,1999.70202636719,1999.70202636719,61.2374679676603,20.7195475291835,6.646428,0,0,0,40,4886,172.65295,1999.70202636719,,,,,,,,,,,,,0,,,,3.615659,,,,,,186.3374481,,,,
,44278482.41,186.2108002,1999.70202636719,3.34052442881927E-5,3.10314637068578E-7,1,0.999253354069792,40.0298881530762,2.00321803024595,18.2099994271994,0.000383451045544114,6.17735136899236E-5,0.25,-3.41272206373823E-7,3.35417320560847E-5,-2.98675319255177E-7,186.2108002,186.2108002,1999.70202636719,1999.70202636719,61.2187088831988,20.7207836565965,6.273368,0,0,0,40,4886,172.4777,1999.70202636719,,,,,,,,,,,,,0,,,,3.615659,,,,,,186.2108002,,,,
,44278483.125,186.14782715,1999.70202636719,3.36522698835281E-5,3.80811234570475E-7,1,0.999253354069792,40.0298881530762,2.00324928724338,18.2000007480383,0.000385949964189388,6.42310184085328E-5,0.25,-1.69314273497676E-7,3.37896040756124E-5,-1.25666594531893E-7,186.0848541,186.2108002,1999.70202636719,1999.70202636719,61.1819723427949,20.7200535999483,6.273368,0,0,0,40,4886,172.4042,1999.70202636719,,,,,,,,,,,,,0,,,,3.615659,,,,,,186.14782715,,,,
,44278485.28,185.8509216,1999.70202636719,3.27886734491318E-5,3.08142267242963E-7,1,0.999253354069792,40.0298881530762,2.0033211603952,18.2000007480383,0.00037565778180941,6.4941104709716E-5,0.25,4.0521395561799E-8,3.29225261790535E-5,8.39638475783313E-8,185.8509216,185.8509216,1999.70202636719,1999.70202636719,61.1092808905065,20.7217584242711,6.646428,0,0,0,40,4886,172.1774,1999.70202636719,,,,,,,,,,,,,0,,,,3.615659,,,,,,185.8509216,,,,
,44278485.96,185.79025265,1999.70202636719,3.37944850841718E-5,3.1847911649577E-7,1,0.999253354069792,40.0298881530762,2.0032829058782,18.2000007480383,0.000387189558604747,6.68471520426855E-5,0.25,3.43155448272779E-8,3.3932516357179E-5,7.90947279231523E-8,185.7295837,185.8509216,1999.70202636719,1999.70202636719,61.1772825716796,20.7205428801895,6.646428,0,0,0,40,4886,172.0792,1999.70202636719,,,,,,,,,,,,,0,,,,3.59768905,,,,,,185.79025265,,,,
,44278487.195,185.66631315,1999.70202636719,3.32771173701599E-5,3.38545199360067E-7,1,0.999253354069792,40.0298881530762,2.00322820671968,18.2000007480383,0.000380697346610327,6.90635165191132E-5,0.25,3.1659321781779E-7,3.34127908905177E-5,3.61894731115407E-7,185.6030426,185.7295837,1999.70202636719,1999.70202636719,61.4274036978334,20.7182475655899,6.273368,0,0,0,40,4886,171.9316,1999.70202636719,,,,,,,,,,,,,0,,,,3.59768905,,,,,,185.66631315,,,,
,44278488.395,185.54454805,1999.70202636719,3.32006201019272E-5,3.07380609225234E-7,1,0.999253354069792,40.0298881530762,2.00329836350517,18.2000007480383,0.000381466003192976,5.94106827989203E-5,0.25,-5.12893819814916E-7,3.33372077327356E-5,-4.71052249036342E-7,185.4860535,185.6030426,1999.70202636719,1999.70202636719,61.0225201248718,20.7208732215676,6.646428,0,0,0,40,4886,171.8292,1999.70202636719,,,,,,,,,,,,,0,,,,3.615659,,,,,,185.54454805,,,,
,44278490.525,185.2439575,1999.70202636719,3.34272070665195E-5,3.48613914258144E-7,1,0.999253354069792,40.0298881530762,2.00328181042383,18.2000007480383,0.000382628237193815,6.82183808220745E-5,0.25,2.16729561926865E-7,3.35640776728171E-5,2.61947707301292E-7,185.2439575,185.2439575,1999.70202636719,1999.70202636719,61.1421092883142,20.7210960581988,6.273368,0,0,0,40,4886,171.5786,1999.70202636719,,,,,,,,,,,,,0,,,,3.59768905,,,,,,185.2439575,,,,
,44278492.14,185.115921,1999.70202636719,3.33178838389985E-5,3.47718764010953E-7,1,0.999253354069792,40.0298881530762,2.00327920995213,18.2000007480383,0.000382734029717758,6.00930399624801E-5,0.25,-4.73633397072124E-7,3.3455355864115E-5,-4.31342517967026E-7,185.115921,185.115921,1999.70202636719,1999.70202636719,61.1757193146411,20.7223544896151,6.646428,0,0,0,40,4886,171.4292,1999.70202636719,,,,,,,,,,,,,0,,,,3.5797191,,,,,,185.115921,,,,
,44278493.73,184.983078,1999.70202636719,3.3451132668624E-5,2.84007835945987E-7,1,0.999253354069792,40.0298881530762,2.00329859731998,18.2000007480383,0.000384126391933525,6.11701179764424E-5,0.25,-4.02635308932617E-7,3.35891974998461E-5,-3.59822459495918E-7,184.983078,184.983078,1999.70202636719,1999.70202636719,61.2280884254296,20.7213245279857,6.646428,0,0,0,40,4886,171.27275,1999.70202636719,,,,,,,,,,,,,0,,,,3.615659,,,,,,184.983078,,,,
,44278495.51,184.7032471,1999.70202636719,3.33647384417977E-5,2.95310724893683E-7,1,0.999253354069792,40.0298881530762,2.00331050278145,18.2000007480383,0.000381031475988863,7.32991393252838E-5,0.25,6.70449871419402E-7,3.35013206891317E-5,7.17635378326215E-7,184.7032471,184.7032471,1999.70202636719,1999.70202636719,61.4555423245257,20.7229472710123,6.273368,0,0,0,40,4886,171.0757,1999.70202636719,,,,,,,,,,,,,0,,,,3.5797191,,,,,,184.7032471,,,,
,44278496.965,184.5913086,1999.70202636719,3.32479721715179E-5,2.96330928127326E-7,1,0.999253354069792,40.0298881530762,2.00320922756328,18.2000007480383,0.000381516085465709,6.23462784341474E-5,0.25,-2.65091908480666E-7,3.33854346291467E-5,-2.21865615277437E-7,184.5913086,184.5913086,1999.70202636719,1999.70202636719,61.1186604327372,20.7191928978235,6.646428,0,0,0,40,4886,170.9282,1999.70202636719,,,,,,,,,,,,,0,,,,3.5797191,,,,,,184.5913086,,,,
,44278497.66,184.47488405,1999.70202636719,3.33285936559833E-5,2.89376201827934E-7,1,0.999253354069792,40.0298881530762,2.00326999511132,18.2000007480383,0.000382662250030677,6.12840916477889E-5,0.25,-3.71830750321111E-7,3.34666547336714E-5,-3.28902466144742E-7,184.3584595,184.5913086,1999.70202636719,1999.70202636719,61.0967748341988,20.7210507412018,6.273368,0,0,0,40,4886,170.8264,1999.70202636719,,,,,,,,,,,,,0,,,,3.59768905,,,,,,184.47488405,,,,
,44278498.885,184.30549625,1999.70202636719,3.32849416299095E-5,2.73423333698689E-7,1,0.999253354069792,40.0298881530762,2.00331549366909,18.2000007480383,0.000381662630412848,6.41701292256344E-5,0.25,-1.12682488023532E-7,3.34226590157743E-5,-6.87061494463674E-8,184.252533,184.3584595,1999.70202636719,1999.70202636719,61.3422061892373,20.721185462862,6.646428,0,0,0,40,4886,170.7215,1999.70202636719,,,,,,,,,,,,,0,,,,3.59768905,,,,,,184.30549625,,,,
,44278500.1,184.18919375,1999.70202636719,3.3390520654708E-5,3.22362182508793E-7,1,0.999253354069792,40.0298881530762,2.0033864694507,18.2000007480383,0.000381579097859067,7.20005314809904E-5,0.25,5.5221725788651E-7,3.35279095851771E-5,5.99120203116224E-7,184.1258545,184.252533,1999.70202636719,1999.70202636719,61.1507072020257,20.7216660330093,6.646428,0,0,0,40,4886,170.6217,1999.70202636719,,,,,,,,,,,,,0,,,,3.5797191,,,,,,184.18919375,,,,
,44278502.25,183.95635225,1999.70202636719,3.28412837534574E-5,2.8839793330147E-7,1,0.999253354069792,40.0298881530762,2.00331170389303,18.2000007480383,0.000376072824473894,6.62640490009992E-5,0.25,1.46001009566911E-7,3.29771832727138E-5,1.90576766559991E-7,183.8932495,184.019455,1999.70202636719,1999.70202636719,61.2015130557757,20.7219974378684,6.646428,0,0,0,40,4886,170.3766,1999.70202636719,,,,,,,,,,,,,0,,,,3.5797191,,,,,,183.95635225,,,,
,44278503.74,183.7635345,1999.70202636719,3.32438120969084E-5,3.84813868273124E-7,1,0.999253354069792,40.0298881530762,2.00325197032875,18.2000007480383,0.000381156709583052,6.42608349524905E-5,0.25,-9.78127071983076E-8,3.33819104321133E-5,-5.36528273040662E-8,183.7635345,183.7635345,1999.70202636719,1999.70202636719,61.2468475098911,20.7217597581812,6.646428,0,0,0,40,4886,170.21935,1999.70202636719,,,,,,,,,,,,,0,,,,3.5797191,,,,,,183.7635345,,,,
,44278505.275,183.6612396,1999.70202636719,3.33486997753036E-5,3.55434638039211E-7,1,0.999253354069792,40.0298881530762,2.00323796288284,18.2000007480383,0.000382070748448582,6.61367753092707E-5,0.25,4.78527163430025E-8,3.34871423554258E-5,9.28110898988073E-8,183.6612396,183.6612396,1999.70202636719,1999.70202636719,61.0451873519295,20.7210765252907,6.273368,0,0,0,40,4886,170.0709,1999.70202636719,,,,,,,,,,,,,0,,,,3.615659,,,,,,183.6612396,,,,
,44278506.79,183.4155731,1999.70202636719,3.2977954802881E-5,2.72512109579952E-7,1,0.999253354069792,40.0298881530762,2.00320674983078,18.2000007480383,0.000382395169112215,3.87462846953155E-5,0.25,-2.27872141599212E-6,3.31182440246233E-5,-2.24388081350917E-6,183.4155731,183.4155731,1999.70202636719,1999.70202636719,61.2687331084296,20.7226482337112,6.273368,0,0,0,40,4886,169.9006,1999.70202636719,,,,,,,,,,,,,0,,,,3.615659,,,,,,183.4155731,,,,
,44278508.305,183.3083496,1999.70202636719,3.33932136143247E-5,2.84534743235594E-7,1,0.999253354069792,40.0298881530762,2.00324663044384,18.2000007480383,0.000385943736309278,4.66652195985082E-5,0.25,-1.6590982359677E-6,3.3534511007355E-5,-1.6210775035114E-6,183.3083496,183.3083496,1999.70202636719,1999.70202636719,60.9224716744103,20.7206911169729,6.646428,0,0,0,40,4886,169.7644,1999.70202636719,,,,,,,,,,,,,0,,,,3.5797191,,,,,,183.3083496,,,,
,44278508.995,183.23863985,1999.70202636719,3.20219177547843E-5,8.02010665971055E-7,1,0.999253354069792,40.0298881530762,2.00331751135341,18.2000007480383,0.000369411932288239,4.88073129234502E-5,0.25,-1.23701151415204E-6,3.21570061646864E-5,-1.19904711358219E-6,183.1689301,183.3083496,1999.70202636719,1999.70202636719,61.0850504064103,20.7205767508963,6.646428,0,0,0,40,4886,169.6675,1999.70202636719,,,,,,,,,,,,,0,,,,3.59768905,,,,,,183.23863985,,,,
,44278510.26,183.0532303,1999.70202636719,3.20665553945004E-5,2.66484842770276E-7,1,0.999253354069792,40.0298881530762,2.00318080544376,18.2000007480383,0.000370842171997046,4.34122503752854E-5,0.25,-1.71526321299234E-6,3.2202665560984E-5,-1.67919043859219E-6,182.9375305,183.1689301,1999.70202636719,1999.70202636719,61.2077660839295,20.7209950343096,6.273368,0,0,0,40,4886,169.52105,1999.70202636719,,,,,,,,,,,,,0,,,,3.615659,,,,,,183.0532303,,,,
,44278511.54,182.88189695,1999.70202636719,3.30568997253429E-5,3.7630366813943E-7,1,0.999253354069792,40.0298881530762,2.00318655363073,18.2000007480383,0.000382100088535998,4.59090502141589E-5,0.25,-1.66742453217434E-6,3.31972618310308E-5,-1.62979078291732E-6,182.8262634,182.9375305,1999.70202636719,1999.70202636719,61.375034587045,20.7229907212846,6.646428,0,0,0,40,4886,169.4228,1999.70202636719,,,,,,,,,,,,,0,,,,3.615659,,,,,,182.88189695,,,,
,44278513.79,182.6572952,1999.70202636719,3.14267347531598E-5,2.6092057516907E-7,1,0.999253354069792,40.0298881530762,2.00323030779644,18.2000007480383,0.000364111711254737,3.87268537709696E-5,0.25,-2.01455897198583E-6,3.15609790127052E-5,-1.98050038788184E-6,182.5940704,182.72052,1999.70202636719,1999.70202636719,61.1710295435257,20.7204302736963,6.646428,0,0,0,40,4886,169.1644,1999.70202636719,,,,,,,,,,,,,0,,,,3.5797191,,,,,,182.6572952,,,,
,44278514.51,182.5298309,1999.70202636719,3.20535197437596E-5,3.41805891069213E-7,1,0.999253354069792,40.0298881530762,2.00329498197142,18.2000007480383,0.000370986203888248,4.18335409946392E-5,0.25,-1.85120634002687E-6,3.21902981200148E-5,-1.81559054706768E-6,182.4655914,182.5940704,1999.70202636719,1999.70202636719,61.1100625190257,20.7223424058794,6.273368,0,0,0,40,4886,169.06865,1999.70202636719,,,,,,,,,,,,,0,,,,3.5797191,,,,,,182.5298309,,,,
,44278516.6,182.3640594,1999.70202636719,3.26566148963384E-5,2.98695834671073E-7,1,0.999253354069792,40.0298881530762,2.00327320416501,18.2000007480383,0.000378754756530085,3.80160009292308E-5,0.25,-2.28787956872072E-6,3.27966827609509E-5,-2.25321849415984E-6,182.3640594,182.3640594,1999.70202636719,1999.70202636719,61.1913518850257,20.7211199124742,6.646428,0,0,0,40,4886,168.8727,1999.70202636719,,,,,,,,,,,,,0,,,,3.615659,,,,,,182.3640594,,,,
,44278518.17,182.1596985,1999.70202636719,3.18606644932286E-5,3.32086402781272E-7,1,0.999253354069792,40.0298881530762,2.00334076904953,18.2000007480383,0.000366952749969041,5.21502743227658E-5,0.25,-9.18179716520924E-7,3.19957444238992E-5,-8.78793833401352E-7,182.0948334,182.2245636,1999.70202636719,1999.70202636719,61.6134312854104,20.7229806632218,6.273368,0,0,0,40,4886,168.6886,1999.70202636719,,,,,,,,,,,,,0,,,,3.615659,,,,,,182.1596985,,,,
,44278519.765,181.9926605,1999.70202636719,3.14673690955993E-5,2.95325499368115E-7,1,0.999253354069792,40.0298881530762,2.00329748739627,18.2000007480383,0.000364514155257791,3.92901639654534E-5,0.25,-1.97276753359974E-6,3.16023979038652E-5,-1.93831275151497E-6,181.9926605,181.9926605,1999.70202636719,1999.70202636719,61.1108441475449,20.7217320499389,6.646428,0,0,0,40,4886,168.5649,1999.70202636719,,,,,,,,,,,,,0,,,,3.5797191,,,,,,181.9926605,,,,
,44278520.495,181.9235153,1999.70202636719,3.31196794396619E-5,3.21831675484023E-7,1,0.999253354069792,40.0298881530762,2.00326608408658,18.2000007480383,0.000382774527135823,4.6449919767892E-5,0.25,-1.63162352190533E-6,3.32612655419E-5,-1.59345701983323E-6,181.8543701,181.9926605,1999.70202636719,1999.70202636719,61.2687331084296,20.7199648313946,6.273368,0,0,0,40,4886,168.468,1999.70202636719,,,,,,,,,,,,,0,,,,3.5797191,,,,,,181.9235153,,,,
,44278521.76,181.80135345,1999.70202636719,3.30288861576355E-5,3.4934731034476E-7,1,0.999253354069792,40.0298881530762,2.00336021858019,18.2000007480383,0.000381814540640272,4.59123632680295E-5,0.25,-1.66319242904348E-6,3.31702601231953E-5,-1.6252355819192E-6,181.7483368,181.8543701,1999.70202636719,1999.70202636719,61.1045911193911,20.7246821361811,6.646428,0,0,0,40,4886,168.3235,1999.70202636719,,,,,,,,,,,,,0,,,,3.59768905,,,,,,181.80135345,,,,
,44278523.04,181.6259308,1999.70202636719,3.36286560414274E-5,3.70472718778835E-7,1,0.999253354069792,40.0298881530762,2.00324747838349,18.2000007480383,0.00038821519271659,4.97386036167708E-5,0.25,-1.43213731198584E-6,3.377242940961E-5,-1.39234133842404E-6,181.5035248,181.7483368,1999.70202636719,1999.70202636719,61.3437694462757,20.7213526892172,6.273368,0,0,0,40,4886,168.17005,1999.70202636719,,,,,,,,,,,,,0,,,,3.615659,,,,,,181.6259308,,,,
,44278540.73,179.6898499,1999.70202636719,,,2,,,,18.2460001451373,,,,,,,179.6898499,179.6898499,1999.70202636719,1999.70202636719,,,6.646428,,,,-99999999,4886,166.3634,1999.70202636719,,,,,,,,,,,,,,,,,,,,,,,179.6898499,,,,
touchdown = 13.8400001451373 mm,44278554.75,178.0864105,1999.70202636719,3.34161789777921E-5,3.40593968308807E-7,1,0.999253354069792,40.0298881530762,1.99179216536507,18.2300005108118,0.000384750923811089,4.30574941063166E-5,0.25,-1.95974246104804E-6,3.35635196998011E-5,-1.92140744100826E-6,178.0864105,178.0864105,1999.70202636719,1999.70202636719,61.0647280649103,20.7240854360414,6.646428,0,0,0,40,4886,164.859,1999.70202636719,,,,,,,,,,,,,0,,,,3.5797191,,,,,,178.0864105,,,,
,44278555.45,178.04076385,1999.70202636719,3.34816063602885E-5,3.00179959928313E-7,1,0.999253354069792,40.0298881530762,1.99182999470639,18.2300005108118,0.000384015053803582,5.1860623044176E-5,0.25,-1.19881109464643E-6,3.36282128880113E-5,-1.15708381863358E-6,177.9951172,178.0864105,1999.70202636719,1999.70202636719,61.0694178360257,20.7261668452269,6.273368,0,0,0,40,4886,164.83455,1999.70202636719,,,,,,,,,,,,,0,,,,3.5797191,,,,,,178.04076385,,,,
,44278557.71,177.7394409,1999.70202636719,3.30247254199546E-5,3.01335651269321E-7,1,0.999253354069792,40.0298881530762,1.99180779224039,18.2300005108118,0.000378347268238074,5.36409183709416E-5,0.25,-9.64285651493912E-7,3.31693371897563E-5,-9.2209733887692E-7,177.7394409,177.7394409,1999.70202636719,1999.70202636719,61.117878804218,20.7263296838451,5.900308,0,0,0,40,4886,164.5915,1999.70202636719,,,,,,,,,,,,,0,,,,3.5797191,,,,,,177.7394409,,,,
,44278559.19,177.6302795,1999.70202636719,3.21343285912401E-5,3.3462379695153E-7,1,0.999253354069792,40.0298881530762,1.99179969556435,18.2300005108118,0.000369633855545574,4.35300060636214E-5,0.25,-1.69844191314535E-6,3.2276216394151E-5,-1.66063987727676E-6,177.6302795,177.6302795,1999.70202636719,1999.70202636719,61.0412792093334,20.7267606275104,6.646428,0,0,0,40,4886,164.4494,1999.70202636719,,,,,,,,,,,,,0,,,,3.615659,,,,,,177.6302795,,,,
,44278560.735,177.4126282,1999.70202636719,3.34969829851278E-5,2.97830016919005E-7,1,0.999253354069792,40.0298881530762,1.9917570710797,18.2300005108118,0.00038491155260611,4.76549048473233E-5,0.25,-1.57054406638263E-6,3.364483674901E-5,-1.53021985675633E-6,177.4126282,177.4126282,1999.70202636719,1999.70202636719,61.3609652736988,20.7249348704272,6.273368,0,0,0,40,4886,164.29435,1999.70202636719,,,,,,,,,,,,,0,,,,3.59768905,,,,,,177.4126282,,,,
,44278562.305,177.2991943,1999.70202636719,3.16838874711392E-5,2.71497080618199E-7,1,0.999253354069792,40.0298881530762,1.99185482814523,18.2300005108118,0.00036398225753535,4.57383369155894E-5,0.25,-1.42764653534757E-6,3.18237659019546E-5,-1.38919827094179E-6,177.2991943,177.2991943,1999.70202636719,1999.70202636719,61.1241318323719,20.7266206497168,6.273368,0,0,0,40,4886,164.1362,1999.70202636719,,,,,,,,,,,,,0,,,,3.615659,,,,,,177.2991943,,,,
,44278562.915,177.2314224,1999.70202636719,3.28889041469788E-5,2.70516151432383E-7,1,0.999253354069792,40.0298881530762,1.99180379348791,18.2300005108118,0.00037654011467038,5.49136526604279E-5,0.25,-8.29587670764434E-7,3.30332513790895E-5,-7.86812331522416E-7,177.1636505,177.2991943,1999.70202636719,1999.70202636719,61.3375164181219,20.7263163797031,6.273368,0,0,0,40,4886,164.0653,1999.70202636719,,,,,,,,,,,,,0,,,,3.615659,,,,,,177.2314224,,,,
,44278564.055,177.1072998,1999.70202636719,3.50640850771549E-5,4.09704933846638E-7,1,0.999253354069792,40.0298881530762,1.99181662510132,18.2300005108118,0.000401999354402922,5.53313963922631E-5,0.25,-1.16651246216475E-6,3.52185100104536E-5,-1.12208078995631E-6,177.0509491,177.1636505,1999.70202636719,1999.70202636719,61.1702479150065,20.7238907242396,6.646428,0,0,0,40,4886,163.9236,1999.70202636719,,,,,,,,,,,,,0,,,,3.59768905,,,,,,177.1072998,,,,
,44278566.055,176.856369,1999.70202636719,3.28572338703283E-5,3.20276918917809E-7,1,0.999253354069792,40.0298881530762,1.99173950000569,18.2300005108118,0.000378587136261982,4.07837333645193E-5,0.25,-2.06372069778015E-6,3.30035725836419E-5,-2.02627055993852E-6,176.7884979,176.9242401,1999.70202636719,1999.70202636719,61.138201145718,20.7258374272124,6.273368,0,0,0,40,4886,163.7715,1999.70202636719,,,,,,,,,,,,,0,,,,3.5797191,,,,,,176.856369,,,,
,44278566.805,176.73457335,1999.70202636719,3.31578474367913E-5,2.53003025084036E-7,1,0.999253354069792,40.0298881530762,1.99183037430616,18.2300005108118,0.000378968040485397,5.9219015892205E-5,0.25,-4.98381937474582E-7,3.33034105783609E-5,-4.53638513423757E-7,176.6806488,176.7884979,1999.70202636719,1999.70202636719,61.476646294545,20.7258565709734,6.273368,0,0,0,40,4886,163.67785,1999.70202636719,,,,,,,,,,,,,0,,,,3.5797191,,,,,,176.73457335,,,,
,44278568.86,176.562851,1999.70202636719,3.27646030013522E-5,3.4711786356359E-7,1,0.999253354069792,40.0298881530762,1.99179983092382,18.2300005108118,0.000376244344184318,4.8182299290839E-5,0.25,-1.39905695763595E-6,3.29098941836955E-5,-1.35872834526713E-6,176.562851,176.562851,1999.70202636719,1999.70202636719,61.3914487859488,20.7247554516919,6.646428,0,0,0,40,4886,163.46645,1999.70202636719,,,,,,,,,,,,,0,,,,3.615659,,,,,,176.562851,,,,
,44278569.54,176.5018311,1999.70202636719,3.37371592068766E-5,3.7207405338252E-7,1,0.999253354069792,40.0298881530762,1.99180384456958,18.2300005108118,0.000386861349070726,5.28308043796271E-5,0.25,-1.15832557169942E-6,3.38864241581149E-5,-1.11552895264094E-6,176.4408112,176.562851,1999.70202636719,1999.70202636719,60.9287247025641,20.7258648530711,6.646428,0,0,0,40,4886,163.37235,1999.70202636719,,,,,,,,,,,,,0,,,,3.59768905,,,,,,176.5018311,,,,
,44278570.82,176.3283005,1999.70202636719,3.52504044373699E-5,2.14114235371554E-6,1,0.999253354069792,40.0298881530762,1.99180093202213,18.2300005108118,0.000402301709967686,6.63450423228467E-5,0.25,-2.32743305431801E-7,3.54051668926183E-5,-1.83693457024836E-7,176.2157898,176.4408112,1999.70202636719,1999.70202636719,61.0561301511988,20.7277169474861,6.273368,0,0,0,40,4886,163.2381,1999.70202636719,,,,,,,,,,,,,0,,,,3.59768905,,,,,,176.3283005,,,,
,44278572.105,176.15441895,1999.70202636719,3.38510350495574E-5,3.12847389105152E-7,1,0.999253354069792,40.0298881530762,1.99180884860494,18.2399991899729,0.000388171133455621,5.3016572218578E-5,0.25,-1.16174407325203E-6,3.40011715147558E-5,-1.1187124048469E-6,176.0930481,176.2157898,1999.70202636719,1999.70202636719,61.1600867442565,20.7280377482379,6.646428,0,0,0,40,4886,163.12735,1999.70202636719,,,,,,,,,,,,,0,,,,3.59768905,,,,,,176.15441895,,,,
,44278573.295,176.03432465,1999.70202636719,3.2899321971149E-5,3.55747680254797E-7,1,0.999253354069792,40.0298881530762,1.99180783442911,18.2300005108118,0.000376637450491547,5.51460816594367E-5,0.25,-8.11591453064333E-7,3.3044907072165E-5,-7.68332774452602E-7,175.9756012,176.0930481,1999.70202636719,1999.70202636719,61.3531489885065,20.7263328910569,6.646428,0,0,0,40,4886,163.00985,1999.70202636719,,,,,,,,,,,,,0,,,,3.5797191,,,,,,176.03432465,,,,
,44278575.375,175.8764496,1999.70202636719,3.38243972855082E-5,3.14764091873549E-7,1,0.999253354069792,40.0298881530762,1.99180839784169,18.2399991899729,0.000387923122334129,5.26592317788444E-5,0.25,-1.1886890016472E-6,3.39747406412938E-5,-1.14568755231726E-6,175.8764496,175.8764496,1999.70202636719,1999.70202636719,61.0412792093334,20.726114105934,6.273368,0,0,0,40,4886,162.7988,1999.70202636719,,,,,,,,,,,,,0,,,,3.5797191,,,,,,175.8764496,,,,
,44278576.875,175.6407013,1999.70202636719,3.3364736897076E-5,2.53275835542855E-7,1,0.999253354069792,40.0298881530762,1.99181241600157,18.2300005108118,0.000382195633462005,5.46189455536263E-5,0.25,-9.3797145881572E-7,3.35129473983462E-5,-8.94458311783089E-7,175.6407013,175.6407013,1999.70202636719,1999.70202636719,61.3125043055065,20.7277275968854,6.273368,0,0,0,40,4886,162.6231,1999.70202636719,,,,,,,,,,,,,0,,,,3.615659,,,,,,175.6407013,,,,
,44278577.55,175.5958023,1999.70202636719,3.27848416268152E-5,3.5906552731813E-7,1,0.999253354069792,40.0298881530762,1.99181615946843,18.2300005108118,0.000374590998962588,5.92784883048136E-5,0.25,-4.29702086238577E-7,3.29298182451565E-5,-3.84761277639085E-7,175.5509033,175.6407013,1999.70202636719,1999.70202636719,60.975622413718,20.7283028111005,6.273368,0,0,0,40,4886,162.57625,1999.70202636719,,,,,,,,,,,,,0,,,,3.59768905,,,,,,175.5958023,,,,
,44278579.745,175.3126221,1999.70202636719,3.34694475373602E-5,3.53215517039902E-7,1,0.999253354069792,40.0298881530762,1.99180136521158,18.2300005108118,0.000382713361128448,5.87715194007067E-5,0.25,-5.9183150965273E-7,3.36179621479746E-5,-5.4653515072994E-7,175.3126221,175.3126221,1999.70202636719,1999.70202636719,61.1460174309103,20.7270522685033,6.646428,0,0,0,40,4886,162.3423,1999.70202636719,,,,,,,,,,,,,0,,,,3.615659,,,,,,175.3126221,,,,
,44278580.385,175.2517929,1999.70202636719,3.37326342510026E-5,3.9577667084982E-7,1,0.999253354069792,40.0298881530762,1.99176059088245,18.2300005108118,0.000386225592821499,5.6264990065792E-5,0.25,-8.5683335065767E-7,3.38827516046852E-5,-8.12303918600511E-7,175.1909637,175.3126221,1999.70202636719,1999.70202636719,61.3164124481026,20.724562910929,6.646428,0,0,0,40,4886,162.2773,1999.70202636719,,,,,,,,,,,,,0,,,,3.615659,,,,,,175.2517929,,,,
,44278582.46,175.0561218,1999.70202636719,3.43429226451309E-5,4.15345725292266E-7,1,0.999253354069792,40.0298881530762,1.9918115980615,18.2300005108118,0.000393099930690313,5.80134908440338E-5,0.25,-8.08491418790297E-7,3.44958682866221E-5,-7.62791974199669E-7,175.0561218,175.0561218,1999.70202636719,1999.70202636719,61.0819238923334,20.7261636002794,6.646428,0,0,0,40,4886,162.0721,1999.70202636719,,,,,,,,,,,,,0,,,,3.59768905,,,,,,175.0561218,,,,
,44278584.08,174.8725128,1999.70202636719,3.29884070423668E-5,2.63731228287833E-7,1,0.999253354069792,40.0298881530762,1.99185877670768,18.2300005108118,0.000376567604433398,6.17759566172159E-5,0.25,-2.46090450532988E-7,3.31347420286983E-5,-1.99774033408015E-7,174.8049469,174.9400787,1999.70202636719,1999.70202636719,61.1350746316411,20.7276959083452,6.646428,0,0,0,40,4886,161.8868,1999.70202636719,,,,,,,,,,,,,0,,,,3.615659,,,,,,174.8725128,,,,
,44278585.565,174.6974487,1999.70202636719,3.49496025618226E-5,3.92643918508112E-7,1,0.999253354069792,40.0298881530762,1.99176826319142,18.2300005108118,0.000399898839038339,5.98615125857614E-5,0.25,-7.50634512873798E-7,3.5105533287849E-5,-7.03695904325625E-7,174.6974487,174.6974487,1999.70202636719,1999.70202636719,61.0233017533911,20.7269194507627,6.646428,0,0,0,40,4886,161.7937,1999.70202636719,,,,,,,,,,,,,0,,,,3.615659,,,,,,174.6974487,,,,
,44278587.015,174.5940552,1999.70202636719,3.67928630947E-5,3.11690410545911E-7,1,0.999253354069792,40.0298881530762,1.99183937941657,18.2300005108118,0.000424016713052853,4.54845709759445E-5,0.25,-2.32850756941461E-6,3.69593436991264E-5,-2.28584085387526E-6,174.5940552,174.5940552,1999.70202636719,1999.70202636719,61.0545668941603,20.7275294159777,6.273368,0,0,0,40,4886,161.6302,1999.70202636719,,,,,,,,,,,,,0,,,,3.615659,,,,,,174.5940552,,,,
,44278588.59,174.3471985,1999.70202636719,3.70156700675175E-5,3.18828944406292E-7,1,0.999253354069792,40.0298881530762,1.99178634006782,18.2300005108118,0.000425560095998224,5.16802073675111E-5,0.25,-1.82332273280325E-6,3.71826951213728E-5,-1.77802249433141E-6,174.3471985,174.3471985,1999.70202636719,1999.70202636719,61.0936483201219,20.7263945308636,6.646428,0,0,0,40,4886,161.4439,1999.70202636719,,,,,,,,,,,,,0,,,,3.615659,,,,,,174.3471985,,,,
,44278590.275,174.2223816,1999.70202636719,3.70070697494204E-5,3.67027593357084E-7,1,0.999253354069792,40.0298881530762,1.99185002296489,18.2300005108118,0.000425960547309422,4.88471615010318E-5,0.25,-2.07056303074384E-6,3.71745541171553E-5,-2.02631605051804E-6,174.2223816,174.2223816,1999.70202636719,1999.70202636719,61.2914003354873,20.7277765301415,6.273368,0,0,0,40,4886,161.3045,1999.70202636719,,,,,,,,,,,,,0,,,,3.615659,,,,,,174.2223816,,,,
,44278590.905,174.1550064,1999.70202636719,3.70455562558144E-5,3.79346113947445E-7,1,0.999253354069792,40.0298881530762,1.99180767760137,18.2300005108118,0.000426545567653974,4.80248092082856E-5,0.25,-2.14925830311397E-6,3.72134020452243E-5,-2.10527868235217E-6,174.0876312,174.2223816,1999.70202636719,1999.70202636719,60.9592082148141,20.7259624562425,6.646428,0,0,0,40,4886,161.2377,1999.70202636719,,,,,,,,,,,,,0,,,,3.59768905,,,,,,174.1550064,,,,
,44278592.075,174.034111,1999.70202636719,3.7522055948428E-5,2.46325216362577E-7,1,0.999253354069792,40.0298881530762,1.99186598126277,18.2300005108118,0.000433828606692076,3.8261825875828E-5,0.25,-3.08762223313831E-6,3.76935165808845E-5,-3.04707325802978E-6,173.9805908,174.0876312,1999.70202636719,1999.70202636719,61.0217384963526,20.7273425090675,6.646428,0,0,0,40,4886,161.1012,1999.70202636719,,,,,,,,,,,,,0,,,,3.59768905,,,,,,174.034111,,,,
,44278594.21,173.7434845,1999.70202636719,3.71022238876035E-5,2.97018858810718E-7,1,0.999253354069792,40.0298881530762,1.99186633518958,18.2300005108118,0.000426370024070515,5.3023162405993E-5,0.25,-1.72090807366697E-6,3.72701733337221E-5,-1.67480022466961E-6,173.7434845,173.7434845,1999.70202636719,1999.70202636719,61.1186604327372,20.7283285724095,6.646428,0,0,0,40,4886,160.8908,1999.70202636719,,,,,,,,,,,,,0,,,,3.615659,,,,,,173.7434845,,,,
,44278595.67,173.6309509,1999.70202636719,3.77796969271164E-5,3.11122225906924E-7,1,0.999253354069792,40.0298881530762,1.99191619097487,18.2300005108118,0.000436076554477128,4.28748232681111E-5,0.25,-2.72754894062815E-6,3.79522565716068E-5,-2.68489413452656E-6,173.6309509,173.6309509,1999.70202636719,1999.70202636719,61.2491923954488,20.7280296836964,6.273368,0,0,0,40,4886,160.7595,1999.70202636719,,,,,,,,,,,,,0,,,,3.615659,,,,,,173.6309509,,,,
,44278597.355,173.3989563,1999.70202636719,3.7449414814453E-5,2.99247663381465E-7,1,0.999253354069792,40.0298881530762,1.99184747431112,18.2300005108118,0.000431453174215845,4.71569224039743E-5,0.25,-2.29522920974103E-6,3.76201423249813E-5,-2.25105125413227E-6,173.3989563,173.3989563,1999.70202636719,1999.70202636719,61.077234121218,20.728222242134,6.273368,0,0,0,40,4886,160.5726,1999.70202636719,,,,,,,,,,,,,0,,,,3.615659,,,,,,173.3989563,,,,
,44278598.84,173.2824097,1999.70202636719,3.7270334333897E-5,3.2034533607803E-7,1,0.999253354069792,40.0298881530762,1.991863956185,18.2300005108118,0.000428384815133073,5.28133176875784E-5,0.25,-1.76846935295594E-6,3.74396247862166E-5,-1.72212707314729E-6,173.2824097,173.2824097,1999.70202636719,1999.70202636719,60.995944755218,20.7272563948986,6.273368,0,0,0,40,4886,160.4128,1999.70202636719,,,,,,,,,,,,,0,,,,3.59768905,,,,,,173.2824097,,,,
,44278600.305,173.08976745,1999.70202636719,3.7196646790368E-5,2.9875662686687E-7,1,0.999253354069792,40.0298881530762,1.99186767390387,18.2300005108118,0.000429225769864073,4.29003373796111E-5,0.25,-2.62537607519973E-6,3.73670797797847E-5,-2.5829341813991E-6,173.0409393,173.1385956,1999.70202636719,1999.70202636719,61.0936483201219,20.7261050314303,6.273368,0,0,0,40,4886,160.2966,1999.70202636719,,,,,,,,,,,,,0,,,,3.615659,,,,,,173.08976745,,,,
,44278601.01,172.99612425,1999.70202636719,3.77367080106948E-5,2.56666483737078E-7,1,0.999253354069792,40.0298881530762,1.99179611375739,18.2300005108118,0.000434902519324341,4.66752460442862E-5,0.25,-2.38693277267234E-6,3.79093223473746E-5,-2.34260958302519E-6,172.9513092,173.0409393,1999.70202636719,1999.70202636719,61.1952600276219,20.7278060621633,6.273368,0,0,0,40,4886,160.2283,1999.70202636719,,,,,,,,,,,,,0,,,,3.615659,,,,,,172.99612425,,,,
,44278602.265,172.8840637,1999.70202636719,3.76058171416148E-5,2.71090404811741E-7,1,0.999253354069792,40.0298881530762,1.99183097962892,18.2300005108118,0.00043499411251057,3.72482868166754E-5,0.25,-3.19145292675045E-6,3.77791465150732E-5,-3.15087064290491E-6,172.8168182,172.9513092,1999.70202636719,1999.70202636719,61.1655581438911,20.7285282908727,6.646428,0,0,0,40,4886,160.0914,1999.70202636719,,,,,,,,,,,,,0,,,,3.615659,,,,,,172.8840637,,,,
,44278604.43,172.7009735,1999.70202636719,3.69403596454675E-5,2.7112854301603E-7,1,0.999253354069792,40.0298881530762,1.99188650889156,18.2300005108118,0.000424926118897174,5.04726494807584E-5,0.25,-1.91748896399108E-6,3.7109046932119E-5,-1.87206470935069E-6,172.7009735,172.7009735,1999.70202636719,1999.70202636719,61.2773310221411,20.727779003194,6.646428,0,0,0,40,4886,159.86145,1999.70202636719,,,,,,,,,,,,,0,,,,3.59768905,,,,,,172.7009735,,,,
,44278606.11,172.4776154,1999.70202636719,3.7375243005358E-5,3.13514870311366E-7,1,0.999253354069792,40.0298881530762,1.99189790012461,18.2300005108118,0.000429184786887076,5.542902354882E-5,0.25,-1.55760907984476E-6,3.75456124125405E-5,-1.50985499638112E-6,172.4776154,172.4776154,1999.70202636719,1999.70202636719,61.1444541738719,20.7282379500911,6.273368,0,0,0,40,4886,159.67965,1999.70202636719,,,,,,,,,,,,,0,,,,3.615659,,,,,,172.4776154,,,,
,44278607.705,172.3710327,1999.70202636719,3.69282697144048E-5,2.71501747417685E-7,1,0.999253354069792,40.0298881530762,1.99183457308961,18.2300005108118,0.0004261991693463,4.21968108244874E-5,0.25,-2.64136332458824E-6,3.70983365669883E-5,-2.59909003937253E-6,172.3710327,172.3710327,1999.70202636719,1999.70202636719,61.2593535661988,20.7275322378546,6.273368,0,0,0,40,4886,159.5623,1999.70202636719,,,,,,,,,,,,,0,,,,3.59768905,,,,,,172.3710327,,,,
,44278609.27,172.1128235,1999.70202636719,3.72542338507878E-5,2.48994512319214E-7,1,0.999253354069792,40.0298881530762,1.99193417430158,18.2300005108118,0.00042799526266294,5.41573235070829E-5,0.25,-1.64864412732829E-6,3.74246080850075E-5,-1.60134862003967E-6,172.1128235,172.1128235,1999.70202636719,1999.70202636719,61.2038579413334,20.7276817858875,6.273368,0,0,0,40,4886,159.3784,1999.70202636719,,,,,,,,,,,,,0,,,,3.5797191,,,,,,172.1128235,,,,
,44278609.985,172.0636368,1999.70202636719,3.73660667451681E-5,2.40168126407498E-7,1,0.999253354069792,40.0298881530762,1.99184815022786,18.2300005108118,0.000430443327367823,4.74455630500738E-5,0.25,-2.25637532223033E-6,3.7537892567409E-5,-2.21162565302801E-6,172.0144501,172.1128235,1999.70202636719,1999.70202636719,61.2054211983719,20.7251149768391,6.273368,0,0,0,40,4886,159.311,1999.70202636719,,,,,,,,,,,,,0,,,,3.59768905,,,,,,172.0636368,,,,
,44278611.21,171.95230105,1999.70202636719,3.68812966847337E-5,2.75257276299573E-7,1,0.999253354069792,40.0298881530762,1.99189316799358,18.2300005108118,0.000425593802646824,4.26143388373935E-5,0.25,-2.5970028428176E-6,3.70515621640302E-5,-2.55445499845761E-6,171.890152,172.0144501,1999.70202636719,1999.70202636719,60.9803121848334,20.7292152090023,6.273368,0,0,0,40,4886,159.1962,1999.70202636719,,,,,,,,,,,,,0,,,,3.59768905,,,,,,171.95230105,,,,
,44278612.44,171.84123995,1999.70202636719,3.70447476990487E-5,2.41021099117122E-7,1,0.999253354069792,40.0298881530762,1.9918649109054,18.2300005108118,0.000427046175413023,4.53029364772354E-5,0.25,-2.38929509990497E-6,3.7215568603393E-5,-2.34551012940428E-6,171.7923279,171.890152,1999.70202636719,1999.70202636719,61.4117711274488,20.7266410573306,6.273368,0,0,0,40,4886,159.0584,1999.70202636719,,,,,,,,,,,,,0,,,,3.59768905,,,,,,171.84123995,,,,
,44278614.615,171.543045,1999.70202636719,3.68597273949515E-5,2.84329492043835E-7,1,0.999253354069792,40.0298881530762,1.99188037258524,18.2300005108118,0.000425730073039777,4.03629868788797E-5,0.25,-2.7909565796707E-6,3.70306443915039E-5,-2.7491719049282E-6,171.543045,171.543045,1999.70202636719,1999.70202636719,61.1819723427949,20.726731238101,6.646428,0,0,0,40,4886,158.82915,1999.70202636719,,,,,,,,,,,,,0,,,,3.5797191,,,,,,171.543045,,,,
,44278615.285,171.4897766,1999.70202636719,3.70922634341721E-5,2.44074428939775E-7,1,0.999253354069792,40.0298881530762,1.99184027476191,18.2300005108118,0.000429465955343405,3.44593642414569E-5,0.25,-3.34866132115068E-6,3.726511579394E-5,-3.3090282187908E-6,171.4365082,171.543045,1999.70202636719,1999.70202636719,61.0795790067757,20.7278203146116,6.273368,0,0,0,40,4886,158.7597,1999.70202636719,,,,,,,,,,,,,0,,,,3.59768905,,,,,,171.4897766,,,,
,44278617.545,171.2139435,1999.70202636719,3.77329379975248E-5,2.84500874412554E-7,1,0.999253354069792,40.0298881530762,1.99192886351599,18.2300005108118,0.000435880708673351,4.10263137772857E-5,0.25,-2.88301906591615E-6,3.79083244521804E-5,-2.84025227899786E-6,171.2139435,171.2139435,1999.70202636719,1999.70202636719,61.2734228795449,20.7262511080181,6.273368,0,0,0,40,4886,158.5528,1999.70202636719,,,,,,,,,,,,,0,,,,3.5797191,,,,,,171.2139435,,,,
,44278619.11,171.0993805,1999.70202636719,3.72575674122317E-5,2.80068325102633E-7,1,0.999253354069792,40.0298881530762,1.99194519618329,18.2300005108118,0.000430112315076301,4.21510027119606E-5,0.25,-2.7028383329551E-6,3.7430659718019E-5,-2.65989869229314E-6,171.0993805,171.0993805,1999.70202636719,1999.70202636719,61.0608199223142,20.7266012728296,6.273368,0,0,0,40,4886,158.4149,1999.70202636719,,,,,,,,,,,,,0,,,,3.59768905,,,,,,171.0993805,,,,
,44278620.67,170.8774567,1999.70202636719,3.76355076183265E-5,2.78751684827958E-7,1,0.999253354069792,40.0298881530762,1.99180153076248,18.2300005108118,0.000433702224812458,4.69204100330771E-5,0.25,-2.34929420081029E-6,3.78100481382495E-5,-2.30412396270897E-6,170.8774567,170.8774567,1999.70202636719,1999.70202636719,61.3734713300065,20.7268323125123,6.273368,0,0,0,40,4886,158.2519,1999.70202636719,,,,,,,,,,,,,0,,,,3.615659,,,,,,170.8774567,,,,
,44278622.235,170.7708588,1999.70202636719,3.72547189966708E-5,2.95639150704662E-7,1,0.999253354069792,40.0298881530762,1.99194921881943,18.2300005108118,0.00043031982132841,4.0778344796391E-5,0.25,-2.82295828575135E-6,3.74283462743318E-5,-2.7804129298847E-6,170.7708588,170.7708588,1999.70202636719,1999.70202636719,61.2249619113526,20.7249498821754,6.273368,0,0,0,40,4886,158.0485,1999.70202636719,,,,,,,,,,,,,0,,,,3.615659,,,,,,170.7708588,,,,
,44278623.76,170.5487823,1999.70202636719,3.65071187414139E-5,2.85676939980808E-7,1,0.999253354069792,40.0298881530762,1.99188992223165,18.2300005108118,0.000420113180462554,4.905414000028E-5,0.25,-1.96869760774355E-6,3.66763293438391E-5,-1.92334583113485E-6,170.5487823,170.5487823,1999.70202636719,1999.70202636719,61.0498771230449,20.7270599164743,6.273368,0,0,0,40,4886,157.9544,1999.70202636719,,,,,,,,,,,,,0,,,,3.615659,,,,,,170.5487823,,,,
,44278625.275,170.4336243,1999.70202636719,3.64516212188594E-5,2.75704424071282E-7,1,0.999253354069792,40.0298881530762,1.9918794473633,18.2300005108118,0.000421473846911332,3.73361583143746E-5,0.25,-2.9869535147059E-6,3.66222178220329E-5,-2.94624254863236E-6,170.4336243,170.4336243,1999.70202636719,1999.70202636719,61.2054211983719,20.7265543273693,6.273368,0,0,0,40,4886,157.772,1999.70202636719,,,,,,,,,,,,,0,,,,3.615659,,,,,,170.4336243,,,,
,44278625.915,170.3737183,1999.70202636719,3.71266408738088E-5,2.98049093494846E-7,1,0.999253354069792,40.0298881530762,1.99191415329135,18.2300005108118,0.000428199244832491,4.43589157125553E-5,0.25,-2.48709232034176E-6,3.72996355825597E-5,-2.44306519724855E-6,170.3138123,170.4336243,1999.70202636719,1999.70202636719,61.117878804218,20.7275550851383,6.273368,0,0,0,40,4886,157.6998,1999.70202636719,,,,,,,,,,,,,0,,,,3.615659,,,,,,170.3737183,,,,
,44278627.085,170.2542267,1999.70202636719,3.6923809774833E-5,2.7300912467033E-7,1,0.999253354069792,40.0298881530762,1.99187131101232,18.2300005108118,0.00042637997201123,4.10463277866183E-5,0.25,-2.74276713492669E-6,3.70963949267419E-5,-2.70016082634789E-6,170.1946411,170.3138123,1999.70202636719,1999.70202636719,61.2280884254296,20.7259939511942,6.646428,0,0,0,40,4886,157.5852,1999.70202636719,,,,,,,,,,,,,0,,,,3.615659,,,,,,170.2542267,,,,
,44278629.33,169.9595184,1999.70202636719,3.67512522666365E-5,2.96060175816771E-7,1,0.999253354069792,40.0298881530762,1.99181520204643,18.2300005108118,0.000423344694698587,4.68794157291785E-5,0.25,-2.2015826506298E-6,3.69225727573632E-5,-2.15667133817179E-6,169.9595184,169.9595184,1999.70202636719,1999.70202636719,61.1421092883142,20.7261372046623,6.273368,0,0,0,40,4886,157.35935,1999.70202636719,,,,,,,,,,,,,0,,,,3.5797191,,,,,,169.9595184,,,,
,44278630.755,169.849411,1999.70202636719,3.76019260113632E-5,2.6965729446048E-7,1,0.999253354069792,40.0298881530762,1.99193922965247,18.2300005108118,0.000434518786318494,4.0120882878138E-5,0.25,-2.94076228370447E-6,3.77783647493355E-5,-2.89789378389899E-6,169.849411,169.849411,1999.70202636719,1999.70202636719,61.5079114353142,20.726515899971,6.273368,0,0,0,40,4886,157.2156,1999.70202636719,,,,,,,,,,,,,0,,,,3.59768905,,,,,,169.849411,,,,
,44278632.37,169.6279144,1999.70202636719,3.68608812353899E-5,3.4312506809371E-7,1,0.999253354069792,40.0298881530762,1.99194955324213,18.2300005108118,0.000426086227133305,3.85983545094153E-5,0.25,-2.94711890374455E-6,3.70341889596081E-5,-2.90531828479969E-6,169.6279144,169.6279144,1999.70202636719,1999.70202636719,61.1507072020257,20.7251497130432,6.646428,0,0,0,40,4886,157.0354,1999.70202636719,,,,,,,,,,,,,0,,,,3.615659,,,,,,169.6279144,,,,
,44278649.72,167.8751678,1999.70202636719,,,2,,,,18.2759999079108,,,,,,,167.8751678,167.8751678,1999.70202636719,1999.70202636719,,,6.646428,,,,-99999999,4886,155.3347,1999.70202636719,,,,,,,,,,,,,,,,,,,,,,,167.8751678,,,,
touchdown = 13.8699999079108 mm,44278663.45,166.3414459,1999.70202636719,3.65784238369796E-5,3.22992356180694E-7,1,0.999253354069792,40.0298881530762,2.00338828139337,18.2600002735853,0.000422141341369108,5.61760130398892E-5,0.25,-1.3859019466817E-6,3.67516483554694E-5,-1.33592842202036E-6,166.3414459,166.3414459,1999.70202636719,1999.70202636719,61.0920850630834,20.7213019658143,6.646428,0,0,0,40,4886,153.97235,1999.70202636719,,,,,,,,,,,,,0,,,,3.615659,,,,,,166.3414459,,,,
,44278664.925,166.2361603,1999.70202636719,3.63837782911846E-5,2.79668059705416E-7,1,0.999253354069792,40.0298881530762,2.00344384596497,18.2600002735853,0.0004200329724997,5.51475395159562E-5,0.25,-1.44236471320235E-6,3.65562884910328E-5,-1.39288952375709E-6,166.2361603,166.2361603,1999.70202636719,1999.70202636719,60.8888616480834,20.7199718342116,6.646428,0,0,0,40,4886,153.8389,1999.70202636719,,,,,,,,,,,,,0,,,,3.615659,,,,,,166.2361603,,,,
,44278666.36,166.0177307,1999.70202636719,3.60973489080828E-5,2.52856994748439E-7,1,0.999253354069792,40.0298881530762,2.00336152518511,18.2600002735853,0.000417496185775002,5.01521257622549E-5,0.25,-1.82872429830934E-6,3.62693545162423E-5,-1.78144863166481E-6,166.0177307,166.0177307,1999.70202636719,1999.70202636719,61.1679030294488,20.7214857350249,6.273368,0,0,0,40,4886,153.7187,1999.70202636719,,,,,,,,,,,,,0,,,,3.5797191,,,,,,166.0177307,,,,
,44278668.065,165.905014,1999.70202636719,3.65271686323593E-5,2.68007093381324E-7,1,0.999253354069792,40.0298881530762,2.00339168891669,18.2600002735853,0.000420846060141086,6.02285668036086E-5,0.25,-1.02396318466483E-6,3.67000551983777E-5,-9.72154391310436E-7,165.905014,165.905014,1999.70202636719,1999.70202636719,60.9240349314488,20.7215403056035,6.273368,0,0,0,40,4886,153.5316,1999.70202636719,,,,,,,,,,,,,0,,,,3.5797191,,,,,,165.905014,,,,
,44278669.555,165.6700745,1999.70202636719,3.61553779267673E-5,3.0437002806834E-7,1,0.999253354069792,40.0298881530762,2.0033553941166,18.2600002735853,0.000417158505038116,5.61215061798109E-5,0.25,-1.31829560910987E-6,3.63272305910834E-5,-1.26837018741644E-6,165.6700745,165.6700745,1999.70202636719,1999.70202636719,61.1303848605257,20.7223230256967,6.273368,0,0,0,40,4886,153.37635,1999.70202636719,,,,,,,,,,,,,0,,,,3.5797191,,,,,,165.6700745,,,,
,44278671.08,165.5707092,1999.70202636719,3.70622205563816E-5,3.16060383644347E-7,1,0.999253354069792,40.0298881530762,2.00341775964677,18.2700008153915,0.000429250471935982,4.81325283886328E-5,0.25,-2.17109317386479E-6,3.72397589817876E-5,-2.12368701296738E-6,165.5707092,165.5707092,1999.70202636719,1999.70202636719,61.1131890331026,20.7219599228636,6.646428,0,0,0,40,4886,153.2214,1999.70202636719,,,,,,,,,,,,,0,,,,3.59768905,,,,,,165.5707092,,,,
,44278671.795,165.4625015,1999.70202636719,3.63522979943234E-5,3.23909421329306E-7,1,0.999253354069792,40.0298881530762,2.00340066630324,18.2600002735853,0.000419271535096944,5.74212280850668E-5,0.25,-1.2390295169061E-6,3.65251702506101E-5,-1.18832129005106E-6,165.3542938,165.5707092,1999.70202636719,1999.70202636719,61.4586688386027,20.7213228908408,6.646428,0,0,0,40,4886,153.16625,1999.70202636719,,,,,,,,,,,,,0,,,,3.5797191,,,,,,165.4625015,,,,
,44278673.06,165.29988095,1999.70202636719,3.61875012474284E-5,2.65896510599717E-7,1,0.999253354069792,40.0298881530762,2.00335615571811,18.2600002735853,0.000417768291878515,5.48073418601466E-5,0.25,-1.43865695117737E-6,3.63600831988106E-5,-1.38908605889484E-6,165.2454681,165.3542938,1999.70202636719,1999.70202636719,61.0959932056795,20.7227467415383,6.273368,0,0,0,40,4886,153.0454,1999.70202636719,,,,,,,,,,,,,0,,,,3.59768905,,,,,,165.29988095,,,,
,44278675.045,165.1228638,1999.70202636719,3.60334512152075E-5,2.59616144611157E-7,1,0.999253354069792,40.0298881530762,2.00341792798604,18.2600002735853,0.000415720307021389,5.62277302964902E-5,0.25,-1.28858220098475E-6,3.6205256352989E-5,-1.23844550814989E-6,165.1228638,165.1228638,1999.70202636719,1999.70202636719,61.1569602301795,20.7199587919169,6.273368,0,0,0,40,4886,152.8471,1999.70202636719,,,,,,,,,,,,,0,,,,3.615659,,,,,,165.1228638,,,,
,44278676.535,165.0197449,1999.70202636719,3.62081463533325E-5,2.8223053611695E-7,1,0.999253354069792,40.0298881530762,2.00337083581206,18.2600002735853,0.00041879290687795,5.0300271474842E-5,0.25,-1.83552067694918E-6,3.63817337070928E-5,-1.78762286765889E-6,165.0197449,165.0197449,1999.70202636719,1999.70202636719,61.219490511718,20.7197228245134,6.646428,0,0,0,40,4886,152.7147,1999.70202636719,,,,,,,,,,,,,0,,,,3.59768905,,,,,,165.0197449,,,,
,44278678.22,164.8023987,1999.70202636719,3.65908147728348E-5,2.70473370040487E-7,1,0.999253354069792,40.0298881530762,2.00344939285958,18.2600002735853,0.000422158821100811,5.71105311797823E-5,0.25,-1.30767208872526E-6,3.67656128604652E-5,-1.25658846351258E-6,164.8023987,164.8023987,1999.70202636719,1999.70202636719,61.2148007406026,20.7201888462718,6.646428,0,0,0,40,4886,152.5174,1999.70202636719,,,,,,,,,,,,,0,,,,3.59768905,,,,,,164.8023987,,,,
,44278679.75,164.6734009,1999.70202636719,3.63253123844299E-5,2.76293241175134E-7,1,0.999253354069792,40.0298881530762,2.00335205990127,18.2600002735853,0.000418884580760137,5.78180435931372E-5,0.25,-1.20020197848792E-6,3.64988229061181E-5,-1.14895833376063E-6,164.6734009,164.6734009,1999.70202636719,1999.70202636719,60.9170002747757,20.7231501122341,6.646428,0,0,0,40,4886,152.3838,1999.70202636719,,,,,,,,,,,,,0,,,,3.615659,,,,,,164.6734009,,,,
,44278681.405,164.4309082,1999.70202636719,3.67142927037446E-5,2.33992293478358E-7,1,0.999253354069792,40.0298881530762,2.00338581801051,18.2600002735853,0.000423238704062764,5.92601295379858E-5,0.25,-1.14149849782189E-6,3.68898109003637E-5,-1.08927919838594E-6,164.4309082,164.4309082,1999.70202636719,1999.70202636719,61.3906671574296,20.7207399319153,6.646428,0,0,0,40,4886,152.2078,1999.70202636719,,,,,,,,,,,,,0,,,,3.5797191,,,,,,164.4309082,,,,
,44278682.165,164.37900545,1999.70202636719,3.63889360341311E-5,2.83852340703191E-7,1,0.999253354069792,40.0298881530762,2.00338230727693,18.2600002735853,0.000419221644905547,6.02844911345647E-5,0.25,-9.96279322163056E-7,3.65627403184688E-5,-9.43854410899799E-7,164.3271027,164.4309082,1999.70202636719,1999.70202636719,61.1921335135449,20.7207924939047,6.646428,0,0,0,40,4886,152.1519,1999.70202636719,,,,,,,,,,,,,0,,,,3.5797191,,,,,,164.37900545,,,,
,44278684.365,164.15279385,1999.70202636719,3.64943705713984E-5,2.70589396360753E-7,1,0.999253354069792,40.0298881530762,2.00332809482921,18.2600002735853,0.000421446369806391,5.45334244804732E-5,0.25,-1.51598191452242E-6,3.66697267920684E-5,-1.46573363979975E-6,164.0992889,164.2062988,1999.70202636719,1999.70202636719,61.1389827742372,20.721482909187,6.646428,0,0,0,40,4886,151.9201,1999.70202636719,,,,,,,,,,,,,0,,,,3.5797191,,,,,,164.15279385,,,,
,44278685.06,164.04478455,1999.70202636719,3.60519561952503E-5,2.3486314983704E-7,1,0.999253354069792,40.0298881530762,2.00339667096507,18.2600002735853,0.000416531381813794,5.28314062043986E-5,0.25,-1.5885849186338E-6,3.6225445650619E-5,-1.53934574952967E-6,163.9902802,164.0992889,1999.70202636719,1999.70202636719,61.1264767179295,20.7201632386384,6.646428,0,0,0,40,4886,151.85355,1999.70202636719,,,,,,,,,,,,,0,,,,3.59768905,,,,,,164.04478455,,,,
,44278686.255,163.93682865,1999.70202636719,3.62588878844318E-5,3.39677127134442E-7,1,0.999253354069792,40.0298881530762,2.00335115217297,18.2600002735853,0.000417962258740912,5.86737968019921E-5,0.25,-1.11461971500502E-6,3.64327217445512E-5,-1.06273828012216E-6,163.8833771,163.9902802,1999.70202636719,1999.70202636719,61.1452358023911,20.7236884924681,6.273368,0,0,0,40,4886,151.72265,1999.70202636719,,,,,,,,,,,,,0,,,,3.59768905,,,,,,163.93682865,,,,
,44278687.47,163.8335266,1999.70202636719,3.63275827381878E-5,2.97582777422034E-7,1,0.999253354069792,40.0298881530762,2.00339777981122,18.2600002735853,0.000418694616125259,5.9193795590047E-5,0.25,-1.08126192068799E-6,3.65017971244237E-5,-1.0290610334083E-6,163.7836761,163.8833771,1999.70202636719,1999.70202636719,60.9998528978142,20.7212010256888,6.273368,0,0,0,40,4886,151.62105,1999.70202636719,,,,,,,,,,,,,0,,,,3.59768905,,,,,,163.8335266,,,,
,44278689.64,163.5494843,1999.70202636719,3.67803248248159E-5,3.03902389593168E-7,1,0.999253354069792,40.0298881530762,2.00338254988183,18.2600002735853,0.000423658188067639,6.14149975947196E-5,0.25,-9.65488540977641E-7,3.69568110227296E-5,-9.11913315399292E-7,163.5494843,163.5494843,1999.70202636719,1999.70202636719,61.3586203881411,20.7213311690045,6.273368,0,0,0,40,4886,151.4105,1999.70202636719,,,,,,,,,,,,,0,,,,3.59768905,,,,,,163.5494843,,,,
,44278691.105,163.4516754,1999.70202636719,3.63145509352421E-5,2.18173904665481E-7,1,0.999253354069792,40.0298881530762,2.00336586899283,18.2600002735853,0.000418675087311877,5.84014228378973E-5,0.25,-1.14831196494804E-6,3.6489203933449E-5,-1.09625008780261E-6,163.4516754,163.4516754,1999.70202636719,1999.70202636719,60.914655389218,20.7209083692444,6.646428,0,0,0,40,4886,151.2375,1999.70202636719,,,,,,,,,,,,,0,,,,3.5797191,,,,,,163.4516754,,,,
,44278692.635,163.3521423,1999.70202636719,3.67493246109662E-5,2.79606709347391E-7,1,0.999253354069792,40.0298881530762,2.00334075238567,18.2600002735853,0.000423919198730223,5.77302753315086E-5,0.25,-1.28158441516904E-6,3.69263605408135E-5,-1.22940695492636E-6,163.3521423,163.3521423,1999.70202636719,1999.70202636719,61.2273067969103,20.7221989418675,5.900308,0,0,0,40,4886,151.1226,1999.70202636719,,,,,,,,,,,,,0,,,,3.615659,,,,,,163.3521423,,,,
,44278694.27,163.0857239,1999.70202636719,3.5957641200994E-5,2.58742869985591E-7,1,0.999253354069792,40.0298881530762,2.00334860145382,18.2600002735853,0.000414692837612456,5.7061726084057E-5,0.25,-1.20397292269145E-6,3.61310655544655E-5,-1.15259396433815E-6,163.0857239,163.0857239,1999.70202636719,1999.70202636719,61.1757193146411,20.7212409935699,6.646428,0,0,0,40,4886,150.9477,1999.70202636719,,,,,,,,,,,,,0,,,,3.5797191,,,,,,163.0857239,,,,
,44278695.945,162.9784546,1999.70202636719,3.62521907502E-5,2.96434144782574E-7,1,0.999253354069792,40.0298881530762,2.00339849809014,18.2600002735853,0.000417198261138059,6.2782637712964E-5,0.25,-7.55919116214554E-7,3.64264128653481E-5,-7.01851972143847E-7,162.9784546,162.9784546,1999.70202636719,1999.70202636719,61.1952600276219,20.7238760650963,6.646428,0,0,0,40,4886,150.7949,1999.70202636719,,,,,,,,,,,,,0,,,,3.615659,,,,,,162.9784546,,,,
,44278697.44,162.7631989,1999.70202636719,3.65542192999862E-5,2.54171472890784E-7,1,0.999253354069792,40.0298881530762,2.00330060714337,18.2600002735853,0.00042263119811605,5.18179214926731E-5,0.25,-1.76392108412596E-6,3.67317176133601E-5,-1.71410980691462E-6,162.7631989,162.7631989,1999.70202636719,1999.70202636719,61.2085477124488,20.7227773021712,6.646428,0,0,0,40,4886,150.6439,1999.70202636719,,,,,,,,,,,,,0,,,,3.5797191,,,,,,162.7631989,,,,
,44278699.055,162.6473389,1999.70202636719,3.66585390656698E-5,2.90630448600312E-7,1,0.999253354069792,40.0298881530762,2.00337111918755,18.2600002735853,0.000423516906595024,5.39223213835572E-5,0.25,-1.59859170331846E-6,3.68363888977135E-5,-1.54773751644606E-6,162.6473389,162.6473389,1999.70202636719,1999.70202636719,61.3789427296411,20.7206018768528,6.646428,0,0,0,40,4886,150.48275,1999.70202636719,,,,,,,,,,,,,0,,,,3.615659,,,,,,162.6473389,,,,
,44278700.58,162.4316864,1999.70202636719,3.64464718240629E-5,2.45818897106458E-7,1,0.999253354069792,40.0298881530762,2.00340552895749,18.2600002735853,0.000419486236788466,6.28628946415416E-5,0.25,-7.82688154139262E-7,3.66222312026577E-5,-7.28177605281553E-7,162.4316864,162.4316864,1999.70202636719,1999.70202636719,61.1475806879488,20.7188864190097,6.273368,0,0,0,40,4886,150.3101,1999.70202636719,,,,,,,,,,,,,0,,,,3.5797191,,,,,,162.4316864,,,,
,44278701.285,162.367157,1999.70202636719,3.68634366882745E-5,2.75800908093682E-7,1,0.999253354069792,40.0298881530762,2.0034329759815,18.2600002735853,0.000425088264026373,5.89486643130071E-5,0.25,-1.19579815877217E-6,3.70419221565217E-5,-1.14257554460935E-6,162.3026276,162.4316864,1999.70202636719,1999.70202636719,61.0764524926988,20.7212120900517,6.273368,0,0,0,40,4886,150.2653,1999.70202636719,,,,,,,,,,,,,0,,,,3.59768905,,,,,,162.367157,,,,
,44278702.48,162.25325015,1999.70202636719,3.6338771035105E-5,2.50708874902895E-7,1,0.999253354069792,40.0298881530762,2.00341951204313,18.2600002735853,0.000419427377819388,5.58372858578931E-5,0.25,-1.37696819555978E-6,3.65151535967705E-5,-1.32541045836067E-6,162.2038727,162.3026276,1999.70202636719,1999.70202636719,61.0647280649103,20.7212830296074,6.273368,0,0,0,40,4886,150.18355,1999.70202636719,,,,,,,,,,,,,0,,,,3.615659,,,,,,162.25325015,,,,
,44278704.51,162.10495,1999.70202636719,3.634180185446E-5,2.37622531177175E-7,1,0.999253354069792,40.0298881530762,2.00339174626871,18.2600002735853,0.000420729550559178,4.84469116360142E-5,0.25,-2.02203430204007E-6,3.6519379483173E-5,-1.97345241337498E-6,162.10495,162.10495,1999.70202636719,1999.70202636719,61.300779877718,20.7187694259853,6.646428,0,0,0,40,4886,149.97405,1999.70202636719,,,,,,,,,,,,,0,,,,3.615659,,,,,,162.10495,,,,
,44278706.125,161.8727875,1999.70202636719,3.66179455141923E-5,3.00377268293459E-7,1,0.999253354069792,40.0298881530762,2.00339994638483,18.2600002735853,0.000423337082565819,5.22706062800498E-5,0.25,-1.73620567328829E-6,3.67966367374686E-5,-1.68572203249543E-6,161.8727875,161.8727875,1999.70202636719,1999.70202636719,61.1428909168334,20.720198883006,6.273368,0,0,0,40,4886,149.8018,1999.70202636719,,,,,,,,,,,,,0,,,,3.5797191,,,,,,161.8727875,,,,
,44278707.72,161.7519989,1999.70202636719,3.66327396081574E-5,2.65358363581951E-7,1,0.999253354069792,40.0298881530762,2.00338548010915,18.2600002735853,0.000422489593876223,5.82081822074429E-5,0.25,-1.2210299197746E-6,3.68107976444934E-5,-1.16797602100752E-6,161.7519989,161.7519989,1999.70202636719,1999.70202636719,61.2038579413334,20.7191051224586,6.273368,0,0,0,40,4886,149.6706,1999.70202636719,,,,,,,,,,,,,0,,,,3.615659,,,,,,161.7519989,,,,
,44278709.25,161.5287018,1999.70202636719,3.68563770716718E-5,2.35788980030741E-7,1,0.999253354069792,40.0298881530762,2.00331529269326,18.2600002735853,0.000424915258088865,5.93890650867564E-5,0.25,-1.15642562029393E-6,3.70356486018432E-5,-1.1026387074162E-6,161.5287018,161.5287018,1999.70202636719,1999.70202636719,61.3586203881411,20.7240127259957,6.273368,0,0,0,40,4886,149.5503,1999.70202636719,,,,,,,,,,,,,0,,,,3.59768905,,,,,,161.5287018,,,,
,44278710.945,161.4177094,1999.70202636719,3.7273630811352E-5,2.91188677180678E-7,1,0.999253354069792,40.0298881530762,2.00335309151354,18.2600002735853,0.000428126265633923,6.94192728696456E-5,0.25,-3.53707362748655E-7,3.74537195828224E-5,-2.95258628523734E-7,161.4177094,161.4177094,1999.70202636719,1999.70202636719,61.4375648685834,20.7225247316419,6.646428,0,0,0,40,4886,149.3353,1999.70202636719,,,,,,,,,,,,,0,,,,3.59768905,,,,,,161.4177094,,,,
,44278711.715,161.30615235,1999.70202636719,3.65580889442738E-5,2.77052071263851E-7,1,0.999253354069792,40.0298881530762,2.00333744249828,18.2600002735853,0.000421006768683515,6.16814595609255E-5,0.25,-9.05490707437013E-7,3.67357410441525E-5,-8.50819005233526E-7,161.1945953,161.4177094,1999.70202636719,1999.70202636719,61.2523189095257,20.7214091124922,6.273368,0,0,0,40,4886,149.26985,1999.70202636719,,,,,,,,,,,,,0,,,,3.59768905,,,,,,161.30615235,,,,
,44278712.915,161.1349487,1999.70202636719,3.65630833290266E-5,3.52255790823892E-7,1,0.999253354069792,40.0298881530762,2.00342790002545,18.2600002735853,0.000420749260912443,6.36428767941651E-5,0.25,-7.35630836376397E-7,3.67406671253988E-5,-6.80075357540654E-7,161.0753021,161.1945953,1999.70202636719,1999.70202636719,61.2523189095257,20.7217918918771,6.273368,0,0,0,40,4886,149.16585,1999.70202636719,,,,,,,,,,,,,0,,,,3.59768905,,,,,,161.1349487,,,,
,44278714.86,160.9721832,1999.70202636719,3.62148976545647E-5,2.1486501475067E-7,1,0.999253354069792,40.0298881530762,2.00335760258,18.2600002735853,0.000416777073712608,6.27635150218954E-5,0.25,-7.52418917688645E-7,3.63909869973316E-5,-6.97389047132703E-7,160.9721832,160.9721832,1999.70202636719,1999.70202636719,61.2687331084296,20.7224996163913,6.646428,0,0,0,40,4886,148.9559,1999.70202636719,,,,,,,,,,,,,0,,,,3.615659,,,,,,160.9721832,,,,
,44278716.435,160.7666626,1999.70202636719,3.70398431142826E-5,2.85458582358661E-7,1,0.999253354069792,40.0298881530762,2.00337493462937,18.2600002735853,0.000425701236758263,6.7542696208339E-5,0.25,-4.7765680308157E-7,3.7219685238095E-5,-4.19864930694378E-7,160.7666626,160.7666626,1999.70202636719,1999.70202636719,61.2671698513911,20.7230101381237,6.273368,0,0,0,40,4886,148.7849,1999.70202636719,,,,,,,,,,,,,0,,,,3.615659,,,,,,160.7666626,,,,
,44278717.185,160.7197876,1999.70202636719,3.67544610721069E-5,2.24943540933625E-7,1,0.999253354069792,40.0298881530762,2.003399292116,18.2600002735853,0.000423439770607623,6.11305017300162E-5,0.25,-9.87847152372311E-7,3.69337995584408E-5,-9.32959853701863E-7,160.6729126,160.7666626,1999.70202636719,1999.70202636719,61.2937452210449,20.7227702862219,6.273368,0,0,0,40,4886,148.7405,1999.70202636719,,,,,,,,,,,,,0,,,,3.615659,,,,,,160.7197876,,,,
,44278719.435,160.467804,1999.70202636719,3.6205458810815E-5,2.63836204523373E-7,1,0.999253354069792,40.0298881530762,2.00337704119511,18.2600002735853,0.000416739218118224,6.2393708174038E-5,0.25,-7.83417632648827E-7,3.63820682574599E-5,-7.28316271783061E-7,160.467804,160.467804,1999.70202636719,1999.70202636719,61.3062512773526,20.7214253965941,6.273368,0,0,0,40,4886,148.5313,1999.70202636719,,,,,,,,,,,,,0,,,,3.615659,,,,,,160.467804,,,,
,44278721.125,160.3184128,1999.70202636719,3.63314932450958E-5,3.30021440463373E-7,1,0.999253354069792,40.0298881530762,2.00342437266116,18.2600002735853,0.000418338104462767,6.18150307895465E-5,0.25,-8.55801038455471E-7,3.65089759460286E-5,-8.00735556776776E-7,160.2629242,160.3739014,1999.70202636719,1999.70202636719,61.3633101592565,20.7212650716118,6.273368,0,0,0,40,4886,148.3391,1999.70202636719,,,,,,,,,,,,,0,,,,3.5797191,,,,,,160.3184128,,,,
,44278722.725,160.1603546,1999.70202636719,3.66199199924415E-5,2.72462967874988E-7,1,0.999253354069792,40.0298881530762,2.00338310280069,18.2600002735853,0.000421528191043547,6.30294020892743E-5,0.25,-7.99499620498505E-7,3.67988696104313E-5,-7.43605286008784E-7,160.1603546,160.1603546,1999.70202636719,1999.70202636719,61.2148007406026,20.7207948226846,6.646428,0,0,0,40,4886,148.18895,1999.70202636719,,,,,,,,,,,,,0,,,,3.5797191,,,,,,160.1603546,,,,
,44278724.29,159.9634247,1999.70202636719,3.63422396857448E-5,2.61162570525517E-7,1,0.999253354069792,40.0298881530762,2.00330290971535,18.2600002735853,0.000417314923567898,6.83850703327564E-5,0.25,-2.84647890694019E-7,3.6519201639472E-5,-2.26612708470923E-7,159.9634247,159.9634247,1999.70202636719,1999.70202636719,61.1288216034872,20.7225755906512,6.646428,0,0,0,40,4886,148.0235,1999.70202636719,,,,,,,,,,,,,0,,,,3.59768905,,,,,,159.9634247,,,,
,44278725.86,159.860611,1999.70202636719,3.67388660288944E-5,2.75174331266796E-7,1,0.999253354069792,40.0298881530762,2.0033550336402,18.2600002735853,0.000423247445136784,6.11850357860121E-5,0.25,-9.80926495671366E-7,3.69189937396333E-5,-9.25549352061905E-7,159.860611,159.860611,1999.70202636719,1999.70202636719,61.3836325007565,20.7217947281504,6.646428,0,0,0,40,4886,147.8942,1999.70202636719,,,,,,,,,,,,,0,,,,3.5797191,,,,,,159.860611,,,,
,44278727.525,159.6340179,1999.70202636719,3.67979610942935E-5,2.96512645828185E-7,1,0.999253354069792,40.0298881530762,2.00333277939008,18.2600002735853,0.000423224995811131,6.53631166083961E-5,0.25,-6.26845110956392E-7,3.69780293246311E-5,-5.69538683464094E-7,159.6340179,159.6340179,1999.70202636719,1999.70202636719,61.2132374835642,20.7239182827374,6.646428,0,0,0,40,4886,147.7023,1999.70202636719,,,,,,,,,,,,,0,,,,3.5797191,,,,,,159.6340179,,,,
,44278729.085,159.5190887,1999.70202636719,3.7655219011416E-5,3.15339436923349E-7,1,0.999253354069792,40.0298881530762,2.00336043291271,18.2600002735853,0.000433321694827134,6.55485810481959E-5,0.25,-7.58241501457279E-7,3.78397884145448E-5,-7.00079713466433E-7,159.5190887,159.5190887,1999.70202636719,1999.70202636719,61.3609652736988,20.72089245605,6.646428,0,0,0,40,4886,147.55565,1999.70202636719,,,,,,,,,,,,,0,,,,3.5797191,,,,,,159.5190887,,,,
,44278729.795,159.4551239,1999.70202636719,3.69717715233595E-5,2.80302079291029E-7,1,0.999253354069792,40.0298881530762,2.00342387930115,18.2600002735853,0.000424953325456654,6.73682947768855E-5,0.25,-4.82295886277228E-7,3.71526221200383E-5,-4.23862338960747E-7,159.3911591,159.5190887,1999.70202636719,1999.70202636719,61.1827539713142,20.7243687301041,6.646428,0,0,0,40,4886,147.47075,1999.70202636719,,,,,,,,,,,,,0,,,,3.59768905,,,,,,159.4551239,,,,
,44278731.085,159.2884903,1999.70202636719,3.70731690108042E-5,2.69157746255654E-7,1,0.999253354069792,40.0298881530762,2.0032887688043,18.2600002735853,0.00042599381517219,6.81282876889798E-5,0.25,-4.33184297439768E-7,3.72546060653934E-5,-3.74268230884126E-7,159.1858215,159.3911591,1999.70202636719,1999.70202636719,61.6407882835834,20.7242140769251,6.273368,0,0,0,40,4886,147.3426,1999.70202636719,,,,,,,,,,,,,0,,,,3.615659,,,,,,159.2884903,,,,
,44278733.205,159.0666199,1999.70202636719,3.72990839806912E-5,2.74801980790434E-7,1,0.999253354069792,40.0298881530762,2.00330498086598,18.2600002735853,0.000428379331140051,6.98026755352386E-5,0.25,-3.26205906433859E-7,3.74816777902119E-5,-2.66292426299967E-7,159.0666199,159.0666199,1999.70202636719,1999.70202636719,61.5368316905257,20.722086583643,6.273368,0,0,0,40,4886,147.1714,1999.70202636719,,,,,,,,,,,,,0,,,,3.615659,,,,,,159.0666199,,,,
,44278733.89,159.0153885,1999.70202636719,3.70155959527398E-5,2.0613392972683E-7,1,0.999253354069792,40.0298881530762,2.00338885393917,18.2600002735853,0.000426117681221248,6.35945376883361E-5,0.25,-8.19087830127074E-7,3.71976691902007E-5,-7.6200986280966E-7,158.9641571,159.0666199,1999.70202636719,1999.70202636719,61.2491923954488,20.7226845649291,6.273368,0,0,0,40,4886,147.10835,1999.70202636719,,,,,,,,,,,,,0,,,,3.615659,,,,,,159.0153885,,,,
,44278736.065,158.78878785,1999.70202636719,3.70818420864141E-5,2.47869052550933E-7,1,0.999253354069792,40.0298881530762,2.00335142878526,18.2600002735853,0.000425755811502429,7.0218805110502E-5,0.25,-2.5291745016256E-7,3.72635338202259E-5,-1.92835830789931E-7,158.7246552,158.8529205,1999.70202636719,1999.70202636719,61.3218838477373,20.7243452885504,6.273368,0,0,0,40,4886,146.8955,1999.70202636719,,,,,,,,,,,,,0,,,,3.5797191,,,,,,158.78878785,,,,
,44278736.82,158.67330935,1999.70202636719,3.70537289824285E-5,2.73987656276964E-7,1,0.999253354069792,40.0298881530762,2.00339228386266,18.2600002735853,0.000424008509829997,7.85080309039292E-5,0.25,4.74518848586906E-7,3.72341992658989E-5,5.38163947071477E-7,158.6219635,158.7246552,1999.70202636719,1999.70202636719,61.2124558550449,20.7263928784152,6.273368,0,0,0,40,4886,146.8111,1999.70202636719,,,,,,,,,,,,,0,,,,3.5797191,,,,,,158.67330935,,,,
,44278739,158.5024719,1999.70202636719,3.71922687600689E-5,2.62978005917851E-7,1,0.999253354069792,40.0298881530762,2.00334372172379,18.2600002735853,0.000426882972573418,7.12562411701453E-5,0.25,-1.81661695539423E-7,3.7374665423242E-5,-1.20853081522096E-7,158.5024719,158.5024719,1999.70202636719,1999.70202636719,61.2069844554103,20.723271318175,6.273368,0,0,0,40,4886,146.5789,1999.70202636719,,,,,,,,,,,,,0,,,,3.59768905,,,,,,158.5024719,,,,
,44278739.77,158.40013885,1999.70202636719,3.68472594492477E-5,3.6685135830934E-7,1,0.999253354069792,40.0298881530762,2.00335782347375,18.2600002735853,0.000422758263623274,7.15778361571992E-5,0.25,-9.43954711054274E-8,3.7027928820602E-5,-3.36920812666604E-8,158.2978058,158.5024719,1999.70202636719,1999.70202636719,61.2609168232372,20.7239808283546,6.273368,0,0,0,40,4886,146.51435,1999.70202636719,,,,,,,,,,,,,0,,,,3.59768905,,,,,,158.40013885,,,,
,44278741.09,158.24037935,1999.70202636719,3.74838668757797E-5,2.40343201065463E-7,1,0.999253354069792,40.0298881530762,2.00346887578956,18.2600002735853,0.000431265647876231,6.59629903665194E-5,0.25,-6.93869202706814E-7,3.76688166857124E-5,-6.34967756841881E-7,158.1829529,158.2978058,1999.70202636719,1999.70202636719,61.1405460312757,20.7235501585136,6.273368,0,0,0,40,4886,146.38615,1999.70202636719,,,,,,,,,,,,,0,,,,3.59768905,,,,,,158.24037935,,,,
,44278743.39,158.0162201,1999.70202636719,3.6976615450436E-5,2.41886775201088E-7,1,0.999253354069792,40.0298881530762,2.00335119095383,18.2600002735853,0.000424465982238977,7.05471435541282E-5,0.25,-2.06779558380979E-7,3.71584900069734E-5,-1.46189104105299E-7,157.9567413,158.0756989,1999.70202636719,1999.70202636719,61.2484107669296,20.7220823546171,6.646428,0,0,0,40,4886,146.1546,1999.70202636719,,,,,,,,,,,,,0,,,,3.5797191,,,,,,158.0162201,,,,
,44278744.1,157.90533445,1999.70202636719,3.76040997911571E-5,2.51111002815648E-7,1,0.999253354069792,40.0298881530762,2.00334023666771,18.2600002735853,0.000431766101647437,7.1174873563796E-5,0.25,-2.59957378914964E-7,3.77892649232053E-5,-1.98555197082146E-7,157.8539276,157.9567413,1999.70202636719,1999.70202636719,61.1960416561411,20.725541758265,6.273368,0,0,0,40,4886,146.11065,1999.70202636719,,,,,,,,,,,,,0,,,,3.59768905,,,,,,157.90533445,,,,
,44278761.78,156.1539612,1999.70202636719,,,2,,,,18.3059996706843,,,,,,,156.1539612,156.1539612,1999.70202636719,1999.70202636719,,,6.646428,,,,-99999999,4886,144.4905,1999.70202636719,,,,,,,,,,,,,,,,,,,,,,,156.1539612,,,,
touchdown = 13.8999996706843 mm,44278776.405,154.6836853,1999.70202636719,3.80030275870561E-5,2.4989252326669E-7,1,0.999253354069792,40.0298881530762,1.99168740807787,18.2900000363588,0.000434386723038498,6.90881693866811E-5,0.25,-4.79467117362482E-7,3.81937957121873E-5,-4.16494072617332E-7,154.6836853,154.6836853,1999.70202636719,1999.70202636719,61.2132374835642,20.7311015075521,6.273368,0,0,0,40,4886,143.07475,1999.70202636719,,,,,,,,,,,,,0,,,,3.59768905,,,,,,154.6836853,,,,
,44278777.075,154.5791168,1999.70202636719,3.73625615242304E-5,2.51073350581935E-7,1,0.999253354069792,40.0298881530762,1.99162505710783,18.2900000363588,0.000427185890020487,6.71579787675807E-5,0.25,-5.38421586679254E-7,3.75503374058382E-5,-4.76798907719337E-7,154.4745483,154.6836853,1999.70202636719,1999.70202636719,61.4164608985642,20.7281447354782,6.273368,0,0,0,40,4886,143.00475,1999.70202636719,,,,,,,,,,,,,0,,,,3.59768905,,,,,,154.5791168,,,,
,44278778.225,154.41590115,1999.70202636719,3.70916914683872E-5,3.08473801735905E-7,1,0.999253354069792,40.0298881530762,1.99162103511191,18.2900000363588,0.000424966328822812,6.15766901646866E-5,0.25,-9.81265605108713E-7,3.72790448403369E-5,-9.22266488793514E-7,154.357254,154.4745483,1999.70202636719,1999.70202636719,61.2132374835642,20.7286432080329,6.646428,0,0,0,40,4886,142.91325,1999.70202636719,,,,,,,,,,,,,0,,,,3.615659,,,,,,154.41590115,,,,
,44278780.475,154.2407837,1999.70202636719,3.73888560890776E-5,3.5408535471798E-7,1,0.999253354069792,40.0298881530762,1.99159609618896,18.2900000363588,0.000427796358740391,6.53916054697227E-5,0.25,-6.97990473674555E-7,3.7577375803837E-5,-6.36925038827865E-7,154.2407837,154.2407837,1999.70202636719,1999.70202636719,61.0358078096988,20.7309040193741,6.646428,0,0,0,40,4886,142.7086,1999.70202636719,,,,,,,,,,,,,0,,,,3.5797191,,,,,,154.2407837,,,,
,44278781.205,154.17816165,1999.70202636719,3.81896222247152E-5,3.08452939505429E-7,1,0.999253354069792,40.0298881530762,1.99167815834917,18.2900000363588,0.000437978775220933,6.09677576181268E-5,0.25,-1.2238911241364E-6,3.83831220248484E-5,-1.16402181267561E-6,154.1155396,154.2407837,1999.70202636719,1999.70202636719,61.1577418586988,20.7278599848357,6.646428,0,0,0,40,4886,142.6259,1999.70202636719,,,,,,,,,,,,,0,,,,3.59768905,,,,,,154.17816165,,,,
,44278783.39,153.9073944,1999.70202636719,3.82591146264977E-5,3.27348948756242E-7,1,0.999253354069792,40.0298881530762,1.99155906704539,18.2900000363588,0.000436470304924483,7.43510520027231E-5,0.25,-6.22771147465195E-8,3.84512319363681E-5,3.6824815638627E-9,153.9073944,153.9073944,1999.70202636719,1999.70202636719,61.2233986543142,20.7306471616872,6.273368,0,0,0,40,4886,142.41335,1999.70202636719,,,,,,,,,,,,,0,,,,3.615659,,,,,,153.9073944,,,,
,44278784.125,153.8573837,1999.70202636719,3.77205756124923E-5,2.93559892799001E-7,1,0.999253354069792,40.0298881530762,1.99165144736492,18.2900000363588,0.000430793137938152,7.07086532361807E-5,0.25,-2.89340959388246E-7,3.79104271293289E-5,-2.25397211782803E-7,153.807373,153.9073944,1999.70202636719,1999.70202636719,61.2734228795449,20.7292691396568,6.273368,0,0,0,40,4886,142.3313,1999.70202636719,,,,,,,,,,,,,0,,,,3.59768905,,,,,,153.8573837,,,,
,44278786.37,153.5995941,1999.70202636719,3.79549196838974E-5,3.48657073019319E-7,1,0.999253354069792,40.0298881530762,1.99160061076078,18.2900000363588,0.000434335785265689,6.60668877982763E-5,0.25,-7.36669039410693E-7,3.81469857716506E-5,-6.74424803774301E-7,153.5995941,153.5995941,1999.70202636719,1999.70202636719,61.2491923954488,20.728795902268,6.273368,0,0,0,40,4886,142.12485,1999.70202636719,,,,,,,,,,,,,0,,,,3.615659,,,,,,153.5995941,,,,
,44278787.895,153.4905396,1999.70202636719,3.80210004239645E-5,2.94083753246665E-7,1,0.999253354069792,40.0298881530762,1.9916550858809,18.2900000363588,0.000435806281645237,6.21045416217085E-5,0.25,-1.0956896427359E-6,3.82141289907092E-5,-1.0350521070742E-6,153.4905396,153.4905396,1999.70202636719,1999.70202636719,61.0639464363911,20.7298363790057,6.273368,0,0,0,40,4886,142.0025,1999.70202636719,,,,,,,,,,,,,0,,,,3.615659,,,,,,153.4905396,,,,
,44278788.52,153.4347153,1999.70202636719,3.82038596940852E-5,2.89254879287298E-7,1,0.999253354069792,40.0298881530762,1.99166084674999,18.2900000363588,0.000437354428371352,6.55987146388058E-5,0.25,-8.20857428066458E-7,3.83974852123792E-5,-7.58480946740223E-7,153.378891,153.4905396,1999.70202636719,1999.70202636719,61.2085477124488,20.7295573171943,6.646428,0,0,0,40,4886,141.94645,1999.70202636719,,,,,,,,,,,,,0,,,,3.615659,,,,,,153.4347153,,,,
,44278790.875,153.1713409,1999.70202636719,3.81849179535138E-5,2.82596578467166E-7,1,0.999253354069792,40.0298881530762,1.99157611426434,18.2900000363588,0.000437149544319994,6.5409188304063E-5,0.25,-8.34179009773205E-7,3.83787392126342E-5,-7.7175124444836E-7,153.1713409,153.1713409,1999.70202636719,1999.70202636719,61.1530520875834,20.728367727314,6.273368,0,0,0,40,4886,141.72565,1999.70202636719,,,,,,,,,,,,,0,,,,3.5797191,,,,,,153.1713409,,,,
,44278791.65,153.10919185,1999.70202636719,3.79013958598623E-5,3.43454698704632E-7,1,0.999253354069792,40.0298881530762,1.99158469599756,18.3000005781651,0.000432937329887628,7.05554626176305E-5,0.25,-3.3428008640629E-7,3.80929738299099E-5,-2.69771458345733E-7,153.0470428,153.1713409,1999.70202636719,1999.70202636719,60.9935998696603,20.7296402171673,6.646428,0,0,0,40,4886,141.64405,1999.70202636719,,,,,,,,,,,,,0,,,,3.5797191,,,,,,153.10919185,,,,
,44278792.88,152.99091335,1999.70202636719,3.77725439625345E-5,2.64157371898227E-7,1,0.999253354069792,40.0298881530762,1.99166519542056,18.2900000363588,0.000432120506908767,6.66156159319931E-5,0.25,-6.57856948432043E-7,3.79641573188687E-5,-5.95141125754045E-7,152.9347839,153.0470428,1999.70202636719,1999.70202636719,61.1303848605257,20.7307695107963,6.646428,0,0,0,40,4886,141.55235,1999.70202636719,,,,,,,,,,,,,0,,,,3.5797191,,,,,,152.99091335,,,,
,44278794.945,152.78322605,1999.70202636719,3.89710197769561E-5,2.8348741473526E-7,1,0.999253354069792,40.0298881530762,1.9915877852882,18.2900000363588,0.000445965621032197,6.78632343117688E-5,0.25,-7.54622775518356E-7,3.91690535505121E-5,-6.90147751665544E-7,152.7268677,152.8395844,1999.70202636719,1999.70202636719,60.9803121848334,20.7284991783893,6.646428,0,0,0,40,4886,141.3392,1999.70202636719,,,,,,,,,,,,,0,,,,3.5797191,,,,,,152.78322605,,,,
,44278795.71,152.66869355,1999.70202636719,3.83315067190252E-5,2.78198557417635E-7,1,0.999253354069792,40.0298881530762,1.99157539255929,18.2900000363588,0.0004383136165656,6.86818969074817E-5,0.25,-5.72863511449748E-7,3.85261121169604E-5,-5.08533979750723E-7,152.6105194,152.7268677,1999.70202636719,1999.70202636719,61.2992166206796,20.7272663503565,6.646428,0,0,0,40,4886,141.2571,1999.70202636719,,,,,,,,,,,,,0,,,,3.5797191,,,,,,152.66869355,,,,
,44278797.945,152.5197754,1999.70202636719,3.8305794763322E-5,3.26068905961648E-7,1,0.999253354069792,40.0298881530762,1.99158451455667,18.2900000363588,0.000438352502053745,6.67220917079853E-5,0.25,-7.40436197659502E-7,3.85007083770144E-5,-6.76881295357799E-7,152.5197754,152.5197754,1999.70202636719,1999.70202636719,61.2562270521219,20.7277079059992,6.646428,0,0,0,40,4886,141.0918,1999.70202636719,,,,,,,,,,,,,0,,,,3.615659,,,,,,152.5197754,,,,
,44278799.565,152.3001862,1999.70202636719,3.79466045998887E-5,2.94463802713152E-7,1,0.999253354069792,40.0298881530762,1.99162499687896,18.2900000363588,0.000432688367309483,7.5192303575161E-5,0.25,6.37031122392495E-8,3.81385071450086E-5,1.30823728781719E-7,152.3001862,152.3001862,1999.70202636719,1999.70202636719,61.0694178360257,20.7281692254244,6.646428,0,0,0,40,4886,140.9085,1999.70202636719,,,,,,,,,,,,,0,,,,3.5797191,,,,,,152.3001862,,,,
,44278801.23,152.1888123,1999.70202636719,3.85823405747719E-5,2.66300116452662E-7,1,0.999253354069792,40.0298881530762,1.9915900140808,18.2900000363588,0.000439737559491309,7.75763317277078E-5,0.25,1.63333007106736E-7,3.87773869017935E-5,2.32183352734757E-7,152.1888123,152.1888123,1999.70202636719,1999.70202636719,61.3398613036796,20.7277965419408,6.646428,0,0,0,40,4886,140.76395,1999.70202636719,,,,,,,,,,,,,0,,,,3.59768905,,,,,,152.1888123,,,,
,44278803.02,151.9565125,1999.70202636719,3.82617765327649E-5,3.20572848863033E-7,1,0.999253354069792,40.0298881530762,1.99157392835579,18.2900000363588,0.000435986422110924,7.7494440499468E-5,0.25,2.11186012808356E-7,3.84553479583672E-5,2.79848220030192E-7,151.9565125,151.9565125,1999.70202636719,1999.70202636719,61.2218353972757,20.7292770863556,6.273368,0,0,0,40,4886,140.5814,1999.70202636719,,,,,,,,,,,,,0,,,,3.5797191,,,,,,151.9565125,,,,
,44278803.77,151.89016725,1999.70202636719,3.82882774106498E-5,2.77706129749181E-7,1,0.999253354069792,40.0298881530762,1.99158871056885,18.2900000363588,0.000436296176973341,7.75260146734747E-5,0.25,2.09304330792632E-7,3.84820547883541E-5,2.78034621217192E-7,151.823822,151.9565125,1999.70202636719,1999.70202636719,61.1725928005641,20.7299356965024,6.646428,0,0,0,40,4886,140.53995,1999.70202636719,,,,,,,,,,,,,0,,,,3.59768905,,,,,,151.89016725,,,,
,44278805.01,151.77236935,1999.70202636719,3.83912409389419E-5,2.99610227998484E-7,1,0.999253354069792,40.0298881530762,1.99158334927165,18.2900000363588,0.000437053803183156,8.01512374774154E-5,0.25,4.21669028173491E-7,3.85852786844762E-5,4.91743351872594E-7,151.7209167,151.823822,1999.70202636719,1999.70202636719,61.2226170257949,20.7283072930569,6.273368,0,0,0,40,4886,140.4259,1999.70202636719,,,,,,,,,,,,,0,,,,3.59768905,,,,,,151.77236935,,,,
,44278807.27,151.4924164,1999.70202636719,3.8406609067793E-5,2.91827533137958E-7,1,0.999253354069792,40.0298881530762,1.99159118839687,18.2900000363588,0.000438087774058765,7.52195262578291E-5,0.25,-1.36078241630441E-8,3.86017733083979E-5,5.44590566104857E-8,151.4924164,151.4924164,1999.70202636719,1999.70202636719,61.2538821665642,20.7290194943682,6.646428,0,0,0,40,4886,140.1908,1999.70202636719,,,,,,,,,,,,,0,,,,3.5797191,,,,,,151.4924164,,,,
,44278808.02,151.44083405,1999.70202636719,3.84155761777083E-5,2.96930864688964E-7,1,0.999253354069792,40.0298881530762,1.99158664767961,18.2900000363588,0.000436779719621089,8.34309078689896E-5,0.25,7.04722905556633E-7,3.86095548870607E-5,7.765161377756E-7,151.3892517,151.4924164,1999.70202636719,1999.70202636719,61.107717633468,20.7274243359067,6.273368,0,0,0,40,4886,140.11005,1999.70202636719,,,,,,,,,,,,,0,,,,3.59768905,,,,,,151.44083405,,,,
,44278809.3,151.3414612,1999.70202636719,3.87642848579435E-5,3.26343172404053E-7,1,0.999253354069792,40.0298881530762,1.99156983625842,18.2900000363588,0.000441803134167979,7.80210000950342E-5,0.25,1.70380494401713E-7,3.89610816861206E-5,2.40148347101979E-7,151.2936707,151.3892517,1999.70202636719,1999.70202636719,61.2874921928911,20.729305138922,6.646428,0,0,0,40,4886,140.016,1999.70202636719,,,,,,,,,,,,,0,,,,3.59768905,,,,,,151.3414612,,,,
,44278810.605,151.1902924,1999.70202636719,3.8731084352012E-5,3.25143898042126E-7,1,0.999253354069792,40.0298881530762,1.99166522362388,18.2900000363588,0.000441411288755543,7.81631526418721E-5,0.25,1.8811628566559E-7,3.89278297149753E-5,2.58017891952451E-7,151.0869141,151.2936707,1999.70202636719,1999.70202636719,61.5063481782757,20.7288533147728,6.273368,0,0,0,40,4886,139.8805,1999.70202636719,,,,,,,,,,,,,0,,,,3.59768905,,,,,,151.1902924,,,,
,44278812.695,150.987793,1999.70202636719,3.82482502785478E-5,3.18586467442147E-7,1,0.999253354069792,40.0298881530762,1.99162858937773,18.2900000363588,0.000436770310367094,7.21480412302646E-5,0.25,-2.56207009936223E-7,3.84435274638226E-5,-1.89290297408577E-7,150.987793,150.987793,1999.70202636719,1999.70202636719,61.1264767179295,20.7285004618382,6.273368,0,0,0,40,4886,139.69685,1999.70202636719,,,,,,,,,,,,,0,,,,3.5797191,,,,,,150.987793,,,,
,44278813.355,150.9256592,1999.70202636719,3.83467534532699E-5,3.43878284613106E-7,1,0.999253354069792,40.0298881530762,1.99162854449116,18.2900000363588,0.000437259740653348,7.60302585871663E-5,0.25,6.71337843078412E-8,3.85420115307892E-5,1.35933533714449E-7,150.8635254,150.987793,1999.70202636719,1999.70202636719,61.517290977545,20.7286714572274,6.273368,0,0,0,40,4886,139.6163,1999.70202636719,,,,,,,,,,,,,0,,,,3.5797191,,,,,,150.9256592,,,,
,44278814.59,150.82214355,1999.70202636719,3.88606039649125E-5,2.76930110256733E-7,1,0.999253354069792,40.0298881530762,1.99158229319275,18.2900000363588,0.00044341987959743,7.5249089697312E-5,0.25,-8.97207550592925E-8,3.90588610340566E-5,-2.07264964748065E-8,150.7807617,150.8635254,1999.70202636719,1999.70202636719,61.4180241556026,20.7291475100568,6.646428,0,0,0,40,4886,139.5156,1999.70202636719,,,,,,,,,,,,,0,,,,3.5797191,,,,,,150.82214355,,,,
,44278816.755,150.5631561,1999.70202636719,3.90189572587973E-5,3.67866727434495E-7,1,0.999253354069792,40.0298881530762,1.99160985421406,18.2900000363588,0.000444578039205005,7.93783416074741E-5,0.25,2.44749223665169E-7,3.92176810721652E-5,3.15902609029674E-7,150.5631561,150.5631561,1999.70202636719,1999.70202636719,61.1397644027565,20.7294598061141,6.646428,0,0,0,40,4886,139.2945,1999.70202636719,,,,,,,,,,,,,0,,,,3.5797191,,,,,,150.5631561,,,,
,44278818.28,150.4593506,1999.70202636719,3.86971355369362E-5,2.6400213455232E-7,1,0.999253354069792,40.0298881530762,1.99156553288501,18.2900000363588,0.000441206695405921,7.69571751535773E-5,0.25,8.78951252406734E-8,3.88945935280091E-5,1.57765186535197E-7,150.4593506,150.4593506,1999.70202636719,1999.70202636719,61.1983865416988,20.729181480327,6.646428,0,0,0,40,4886,139.1717,1999.70202636719,,,,,,,,,,,,,0,,,,3.615659,,,,,,150.4593506,,,,
,44278819.825,150.2437439,1999.70202636719,3.8321873625004E-5,2.93063606695161E-7,1,0.999253354069792,40.0298881530762,1.99161160721221,18.2900000363588,0.000436549074593489,7.84858429605535E-5,0.25,2.86184073947163E-7,3.85172734537808E-5,3.5651729890072E-7,150.2437439,150.2437439,1999.70202636719,1999.70202636719,61.4242771837565,20.7312594949999,6.273368,0,0,0,40,4886,139.01065,1999.70202636719,,,,,,,,,,,,,0,,,,3.615659,,,,,,150.2437439,,,,
,44278821.38,150.1496429,1999.70202636719,3.87672130136633E-5,3.15556253186654E-7,1,0.999253354069792,40.0298881530762,1.99164450699214,18.3000005781651,0.000442656729646874,7.34339594903875E-5,0.25,-2.33560760582004E-7,3.89659100943619E-5,-1.64995508223774E-7,150.1496429,150.1496429,1999.70202636719,1999.70202636719,61.1976049131796,20.731192780374,6.646428,0,0,0,40,4886,138.89445,1999.70202636719,,,,,,,,,,,,,0,,,,3.5797191,,,,,,150.1496429,,,,
,44278822.885,149.96943665,1999.70202636719,3.86327857643733E-5,2.6688750140303E-7,1,0.999253354069792,40.0298881530762,1.99157793763196,18.2900000363588,0.000440427172062474,7.71441346231664E-5,0.25,1.1493193387961E-7,3.88303508860714E-5,1.85132038925116E-7,149.9136047,150.0252686,1999.70202636719,1999.70202636719,61.2609168232372,20.7285257206333,6.646428,0,0,0,40,4886,138.7725,1999.70202636719,,,,,,,,,,,,,0,,,,3.615659,,,,,,149.96943665,,,,
,44278824.555,149.7991333,1999.70202636719,3.92641107569434E-5,3.23199170593226E-7,1,0.999253354069792,40.0298881530762,1.99161562393707,18.2900000363588,0.000448002383205141,7.62686083013631E-5,0.25,-7.0748770264334E-8,3.94654088182454E-5,-2.34546906002836E-10,149.7991333,149.7991333,1999.70202636719,1999.70202636719,61.1335113746026,20.7290651376479,6.646428,0,0,0,40,4886,138.6099,1999.70202636719,,,,,,,,,,,,,0,,,,3.5797191,,,,,,149.7991333,,,,
,44278825.15,149.737381,1999.70202636719,3.91135448580077E-5,3.83029936124401E-7,1,0.999253354069792,40.0298881530762,1.99154358035024,18.2900000363588,0.000446264318644989,7.6005051472738E-5,0.25,-6.77697991216138E-8,3.9314125985964E-5,2.53458045535244E-9,149.6756287,149.7991333,1999.70202636719,1999.70202636719,61.3390796751603,20.7291308046533,6.273368,0,0,0,40,4886,138.5501,1999.70202636719,,,,,,,,,,,,,0,,,,3.5797191,,,,,,149.737381,,,,
,44278826.27,149.6344681,1999.70202636719,3.90726592756226E-5,2.97429481635559E-7,1,0.999253354069792,40.0298881530762,1.99160796469644,18.3000005781651,0.000445445129747761,7.80639548132166E-5,0.25,1.19470120072509E-7,3.92727917437068E-5,1.90739017478497E-7,149.5933075,149.6756287,1999.70202636719,1999.70202636719,61.4000466996603,20.7294033742736,6.273368,0,0,0,40,4886,138.4499,1999.70202636719,,,,,,,,,,,,,0,,,,3.5797191,,,,,,149.6344681,,,,
,44278828.54,149.3665924,1999.70202636719,3.92256565258133E-5,2.38735639347518E-7,1,0.999253354069792,40.0298881530762,1.99160231890512,18.2900000363588,0.000447385993342369,7.72380107018385E-5,0.25,2.05287707476415E-8,3.94270193515973E-5,9.17411373322263E-8,149.3665924,149.3665924,1999.70202636719,1999.70202636719,61.3547122455449,20.7299140372451,6.273368,0,0,0,40,4886,138.22945,1999.70202636719,,,,,,,,,,,,,0,,,,3.615659,,,,,,149.3665924,,,,
,44278829.3,149.31088255,1999.70202636719,3.89308387074825E-5,3.05344579197402E-7,1,0.999253354069792,40.0298881530762,1.9915925900336,18.2900000363588,0.000444043553853382,7.65316828258893E-5,0.25,9.3049150880893E-9,3.91307563612872E-5,7.99883334675901E-8,149.2551727,149.3665924,1999.70202636719,1999.70202636719,61.2773310221411,20.7292132467851,6.646428,0,0,0,40,4886,138.14905,1999.70202636719,,,,,,,,,,,,,0,,,,3.615659,,,,,,149.31088255,,,,
,44278831.385,149.1725769,1999.70202636719,3.97197078137678E-5,2.91620710589053E-7,1,0.999253354069792,40.0298881530762,1.99157106282607,18.3000005781651,0.000453165027585423,7.73445713819868E-5,0.25,-5.52937995113076E-8,3.99239199077742E-5,1.66341153190706E-8,149.1725769,149.1725769,1999.70202636719,1999.70202636719,60.8951146762372,20.7293596226287,6.646428,0,0,0,40,4886,137.9684,1999.70202636719,,,,,,,,,,,,,0,,,,3.59768905,,,,,,149.1725769,,,,
,44278832.955,148.9547882,1999.70202636719,3.92409556826457E-5,3.33235016928112E-7,1,0.999253354069792,40.0298881530762,1.99157499912986,18.2900000363588,0.000446404083650416,8.39788162999999E-5,0.25,6.08556944603375E-7,3.94417204983157E-5,6.83150194215457E-7,148.9547882,148.9547882,1999.70202636719,1999.70202636719,61.2452842528526,20.7297072932818,6.646428,0,0,0,40,4886,137.8169,1999.70202636719,,,,,,,,,,,,,0,,,,3.5797191,,,,,,148.9547882,,,,
,44278834.57,148.8310699,1999.70202636719,3.91062726919278E-5,3.47370964225778E-7,1,0.999253354069792,40.0298881530762,1.99159852915114,18.2900000363588,0.000444970098196477,8.31576624857169E-5,0.25,5.59517784110224E-7,3.93065424524215E-5,6.33742917297235E-7,148.8310699,148.8310699,1999.70202636719,1999.70202636719,61.168684657968,20.7320674487509,6.273368,0,0,0,40,4886,137.6564,1999.70202636719,,,,,,,,,,,,,0,,,,3.5797191,,,,,,148.8310699,,,,
,44278836.125,148.6045074,1999.70202636719,3.89482181765211E-5,3.13124507147376E-7,1,0.999253354069792,40.0298881530762,1.9915966709909,18.2900000363588,0.000443065798040803,8.34499940119542E-5,0.25,6.12202565487399E-7,3.91478082546022E-5,6.86525871114579E-7,148.6045074,148.6045074,1999.70202636719,1999.70202636719,61.3297001329296,20.7306667444777,6.273368,0,0,0,40,4886,137.5164,1999.70202636719,,,,,,,,,,,,,0,,,,3.615659,,,,,,148.6045074,,,,
,44278836.815,148.55327605,1999.70202636719,3.92419953921901E-5,3.2530624125415E-7,1,0.999253354069792,40.0298881530762,1.99157936257349,18.2900000363588,0.000447424169912281,7.81550828256889E-5,0.25,9.74449219230077E-8,3.94440874491761E-5,1.69698249781302E-7,148.5020447,148.6045074,1999.70202636719,1999.70202636719,61.2531005380449,20.729738623273,6.273368,0,0,0,40,4886,137.4595,1999.70202636719,,,,,,,,,,,,,0,,,,3.59768905,,,,,,148.55327605,,,,
,44278838.04,148.4462967,1999.70202636719,3.87428654254389E-5,2.87725896264852E-7,1,0.999253354069792,40.0298881530762,1.99152424472184,18.3000005781651,0.000440928343034297,8.17743490729486E-5,0.25,5.00731318464013E-7,3.89417445488281E-5,5.74245083250091E-7,148.3905487,148.5020447,1999.70202636719,1999.70202636719,61.0240833819103,20.7281550529434,6.646428,0,0,0,40,4886,137.3425,1999.70202636719,,,,,,,,,,,,,0,,,,3.5797191,,,,,,148.4462967,,,,
,44278840.06,148.2514648,1999.70202636719,3.90404335792599E-5,3.37711456945743E-7,1,0.999253354069792,40.0298881530762,1.99158698794763,18.2900000363588,0.000444255764811997,8.28387426980907E-5,0.25,5.42433570570637E-7,3.92409558114511E-5,6.16854665094587E-7,148.1940765,148.3088531,1999.70202636719,1999.70202636719,61.2671698513911,20.7312580483686,6.646428,0,0,0,40,4886,137.16245,1999.70202636719,,,,,,,,,,,,,0,,,,3.615659,,,,,,148.2514648,,,,
,44278841.585,148.0924683,1999.70202636719,3.90150376567233E-5,2.84205551287125E-7,1,0.999253354069792,40.0298881530762,1.99163531333891,18.2900000363588,0.00044521448114752,7.5607822543806E-5,0.25,-8.74227234958689E-8,3.92167341253616E-5,-1.61709966842764E-8,148.0924683,148.0924683,1999.70202636719,1999.70202636719,61.1413276597949,20.7302808344225,6.273368,0,0,0,40,4886,137.00295,1999.70202636719,,,,,,,,,,,,,0,,,,3.5797191,,,,,,148.0924683,,,,
,44278843.08,147.9812775,1999.70202636719,3.93592281891491E-5,2.66761647578462E-7,1,0.999253354069792,40.0298881530762,1.99161399048125,18.2900000363588,0.0004484992568604,7.99897886999505E-5,0.25,2.37455381431365E-7,3.95622137092166E-5,3.11096570243129E-7,147.9812775,147.9812775,1999.70202636719,1999.70202636719,61.4719565234296,20.7311693736344,6.273368,0,0,0,40,4886,136.9074,1999.70202636719,,,,,,,,,,,,,0,,,,3.5797191,,,,,,147.9812775,,,,
,44278844.635,147.8014145,1999.70202636719,3.90334420825514E-5,2.36496861308742E-7,1,0.999253354069792,40.0298881530762,1.99158509060184,18.2900000363588,0.000444538777412596,8.07438166451683E-5,0.25,3.59559329220845E-7,3.92346866692784E-5,4.33379568750825E-7,147.7441864,147.8586426,1999.70202636719,1999.70202636719,61.2828024217757,20.7306681612429,6.273368,0,0,0,40,4886,136.7279,1999.70202636719,,,,,,,,,,,,,0,,,,3.5797191,,,,,,147.8014145,,,,
,44278846.31,147.6418915,1999.70202636719,3.92313887965641E-5,3.41086508691986E-7,1,0.999253354069792,40.0298881530762,1.99160652266317,18.2900000363588,0.000447354619736697,7.79292863168147E-5,0.25,7.85330684202456E-8,3.94343295059396E-5,1.51379064772397E-7,147.6418915,147.6418915,1999.70202636719,1999.70202636719,61.2546637950834,20.7299526053707,6.646428,0,0,0,40,4886,136.5886,1999.70202636719,,,,,,,,,,,,,0,,,,3.615659,,,,,,147.6418915,,,,
,44278847.9,147.4367981,1999.70202636719,3.92774122440008E-5,2.9397175110309E-7,1,0.999253354069792,40.0298881530762,1.9915196778943,18.3000005781651,0.000446828241479869,8.40301506739262E-5,0.25,6.05618797637791E-7,3.94798270777439E-5,6.81380862075052E-7,147.4367981,147.4367981,1999.70202636719,1999.70202636719,61.1655581438911,20.73116040638,6.646428,0,0,0,40,4886,136.4681,1999.70202636719,,,,,,,,,,,,,0,,,,3.615659,,,,,,147.4367981,,,,
,44278849.345,147.3338928,1999.70202636719,3.93183754014554E-5,2.73826981363422E-7,1,0.999253354069792,40.0298881530762,1.99160289182308,18.2900000363588,0.000447856390092657,8.09647665565733E-5,0.25,3.29401453145674E-7,3.95215976400135E-5,4.03937108340219E-7,147.3338928,147.3338928,1999.70202636719,1999.70202636719,61.1819723427949,20.7300544750247,6.646428,0,0,0,40,4886,136.31245,1999.70202636719,,,,,,,,,,,,,0,,,,3.5797191,,,,,,147.3338928,,,,
,44278850.89,147.2196503,1999.70202636719,4.02033968483755E-5,2.74527278911438E-7,1,0.999253354069792,40.0298881530762,1.99160179677547,18.2900000363588,0.00045805750727177,8.20938395601093E-5,0.25,2.75883379597124E-7,4.04114051634437E-5,3.51916230649984E-7,147.2196503,147.2196503,1999.70202636719,1999.70202636719,61.3422061892373,20.7295933690865,6.273368,0,0,0,40,4886,136.1535,1999.70202636719,,,,,,,,,,,,,0,,,,3.615659,,,,,,147.2196503,,,,
,44278851.585,147.1097641,1999.70202636719,3.91625869032844E-5,2.73911963432205E-7,1,0.999253354069792,40.0298881530762,1.99157335595834,18.3000005781651,0.00044644817729111,7.84928957668903E-5,0.25,1.3941801698372E-7,3.93655674712802E-5,2.12845118461248E-7,146.9998779,147.2196503,1999.70202636719,1999.70202636719,60.9287247025641,20.729340155888,6.273368,0,0,0,40,4886,136.11385,1999.70202636719,,,,,,,,,,,,,0,,,,3.615659,,,,,,147.1097641,,,,
,44278852.89,146.9427414,1999.70202636719,3.98376752567922E-5,2.99019722515029E-7,1,0.999253354069792,40.0298881530762,1.99163818131469,18.2900000363588,0.000453737105323866,8.2305848543505E-5,0.25,3.57117417179353E-7,4.00439229433742E-5,4.33029397032184E-7,146.8856049,146.9998779,1999.70202636719,1999.70202636719,61.0631648078718,20.7310123113018,6.646428,0,0,0,40,4886,135.99505,1999.70202636719,,,,,,,,,,,,,0,,,,3.615659,,,,,,146.9427414,,,,
,44278854.19,146.8287888,1999.70202636719,3.92964571304296E-5,2.7926284993881E-7,1,0.999253354069792,40.0298881530762,1.9916459245239,18.2900000363588,0.000447557876580713,8.12912183302115E-5,0.25,3.6118339440891E-7,3.94999861669525E-5,4.36226922554519E-7,146.7719727,146.8856049,1999.70202636719,1999.70202636719,61.2624800802757,20.7295566102968,6.646428,0,0,0,40,4886,135.85645,1999.70202636719,,,,,,,,,,,,,0,,,,3.615659,,,,,,146.8287888,,,,
,44278856.205,146.6735535,1999.70202636719,3.96030330401267E-5,2.82627814896439E-7,1,0.999253354069792,40.0298881530762,1.99157589689898,18.2900000363588,0.000450682491720114,8.39764371239618E-5,0.25,5.43870141997867E-7,3.98079532999278E-5,6.20587155485113E-7,146.6735535,146.6735535,1999.70202636719,1999.70202636719,61.1741560576026,20.729620512784,6.273368,0,0,0,40,4886,135.677,1999.70202636719,,,,,,,,,,,,,0,,,,3.59768905,,,,,,146.6735535,,,,
,44278857.77,146.4693451,1999.70202636719,3.95850472487694E-5,2.52635685169182E-7,1,0.999253354069792,40.0298881530762,1.99158555300856,18.2900000363588,0.000450997281323752,8.09470341503819E-5,0.25,2.81192376576624E-7,3.97905648522801E-5,3.5664315095087E-7,146.4693451,146.4693451,1999.70202636719,1999.70202636719,61.1874437424296,20.7288333341311,6.273368,0,0,0,40,4886,135.5215,1999.70202636719,,,,,,,,,,,,,0,,,,3.5797191,,,,,,146.4693451,,,,
,44278859.295,146.3877869,1999.70202636719,3.9812283376245E-5,2.77942110786837E-7,1,0.999253354069792,40.0298881530762,1.99156015094601,18.2900000363588,0.00045331489004891,8.29592178969528E-5,0.25,4.18443682352331E-7,4.00187943058435E-5,4.95136411041052E-7,146.3877869,146.3877869,1999.70202636719,1999.70202636719,61.1757193146411,20.7303420008909,6.646428,0,0,0,40,4886,135.4019,1999.70202636719,,,,,,,,,,,,,0,,,,3.615659,,,,,,146.3877869,,,,
,44278860.99,146.1833954,1999.70202636719,3.98295862781025E-5,2.97506808141592E-7,1,0.999253354069792,40.0298881530762,1.99158687863628,18.2900000363588,0.000453438533326422,8.34694850449581E-5,0.25,4.59915349441617E-7,4.00363050214414E-5,5.37012872961933E-7,146.1833954,146.1833954,1999.70202636719,1999.70202636719,61.4117711274488,20.7287015609358,6.273368,0,0,0,40,4886,135.2222,1999.70202636719,,,,,,,,,,,,,0,,,,3.615659,,,,,,146.1833954,,,,
,44278877.89,144.5511169,1999.70202636719,,,2,,,,18.3459999752641,,,,,,,144.5511169,144.5511169,1999.70202636719,1999.70202636719,,,6.646428,,,,-99999999,4886,133.695,1999.70202636719,,,,,,,,,,,,,,,,,,,,,,,144.5511169,,,,
touchdown = 13.9399999752641 mm,44278892.06,143.1004944,1999.70202636719,4.04615148739115E-5,2.93003144646171E-7,1,0.999253354069792,40.0298881530762,1.99155868738779,18.3300003409386,0.000461418484963084,8.03919542808666E-5,0.25,7.84101436697175E-8,4.06751766472476E-5,1.57232306502343E-7,143.1004944,143.1004944,1999.70202636719,1999.70202636719,61.1475806879488,20.7280312542365,6.646428,0,0,0,40,4886,132.427,1999.70202636719,,,,,,,,,,,,,0,,,,3.615659,,,,,,143.1004944,,,,
,44278892.775,143.0560837,1999.70202636719,4.02919169338716E-5,2.91949601342654E-7,1,0.999253354069792,40.0298881530762,1.99158773012961,18.3300003409386,0.000458418634988396,8.62833286297384E-5,0.25,6.23877943167876E-7,4.05036566980389E-5,7.05324918330892E-7,143.011673,143.1004944,1999.70202636719,1999.70202636719,61.239812853218,20.7295026750105,6.273368,0,0,0,40,4886,132.351,1999.70202636719,,,,,,,,,,,,,0,,,,3.59768905,,,,,,143.0560837,,,,
,44278894.105,142.9194107,1999.70202636719,4.02764090415836E-5,2.74488974729615E-7,1,0.999253354069792,40.0298881530762,1.99156117297847,18.3300003409386,0.000459163392282169,8.08749661923765E-5,0.25,1.52396196521693E-7,4.04891032859592E-5,2.31453051339812E-7,142.8271484,143.011673,1999.70202636719,1999.70202636719,61.2468475098911,20.7277163403664,6.646428,0,0,0,40,4886,132.20985,1999.70202636719,,,,,,,,,,,,,0,,,,3.59768905,,,,,,142.9194107,,,,
,44278895.47,142.76629635,1999.70202636719,4.05327817902205E-5,2.82659135077943E-7,1,0.999253354069792,40.0298881530762,1.99158033482732,18.3300003409386,0.000461175692683974,8.67108460896087E-5,0.25,6.19599154483445E-7,4.07460688178738E-5,7.01743253692534E-7,142.7054443,142.8271484,1999.70202636719,1999.70202636719,61.1264767179295,20.7275645657132,6.646428,0,0,0,40,4886,132.0862,1999.70202636719,,,,,,,,,,,,,0,,,,3.59768905,,,,,,142.76629635,,,,
,44278896.795,142.65138245,1999.70202636719,4.05840213419402E-5,2.77309969131055E-7,1,0.999253354069792,40.0298881530762,1.99154716249625,18.3300003409386,0.000462107540886907,8.47581293304616E-5,0.25,4.39591836923904E-7,4.07980326372733E-5,5.20993341565555E-7,142.5973206,142.7054443,1999.70202636719,1999.70202636719,61.2155823691219,20.728763609237,6.273368,0,0,0,40,4886,131.9705,1999.70202636719,,,,,,,,,,,,,0,,,,3.5797191,,,,,,142.65138245,,,,
,44278898.97,142.45024105,1999.70202636719,4.05740247634329E-5,2.94954436720068E-7,1,0.999253354069792,40.0298881530762,1.99153601004915,18.3300003409386,0.000462432899205851,8.21854729072244E-5,0.25,2.15636784206414E-7,4.07886076561495E-5,2.95998558879477E-7,142.3958282,142.5046539,1999.70202636719,1999.70202636719,61.1366378886795,20.7287878580646,6.646428,0,0,0,40,4886,131.7968,1999.70202636719,,,,,,,,,,,,,0,,,,3.59768905,,,,,,142.45024105,,,,
,44278900.455,142.294693,1999.70202636719,4.05691088557466E-5,2.59063841463943E-7,1,0.999253354069792,40.0298881530762,1.99155151658342,18.3300003409386,0.000461016230572578,9.01051739886217E-5,0.25,9.10513764606475E-7,4.07824525925091E-5,9.94676830044739E-7,142.294693,142.294693,1999.70202636719,1999.70202636719,61.1233502038526,20.7286391977798,6.646428,0,0,0,40,4886,131.6648,1999.70202636719,,,,,,,,,,,,,0,,,,3.5797191,,,,,,142.294693,,,,
,44278901.18,142.24464415,1999.70202636719,4.07740543082874E-5,2.65935672197457E-7,1,0.999253354069792,40.0298881530762,1.99157037592634,18.3300003409386,0.000464390662880444,8.4518419150924E-5,0.25,3.85335207421258E-7,4.09895494308628E-5,4.67188092087427E-7,142.1945953,142.294693,1999.70202636719,1999.70202636719,61.2140191120834,20.7277958271222,6.273368,0,0,0,40,4886,131.5879,1999.70202636719,,,,,,,,,,,,,0,,,,3.5797191,,,,,,142.24464415,,,,
,44278903.425,141.9817047,1999.70202636719,4.08976591398228E-5,3.38331269995322E-7,1,0.999253354069792,40.0298881530762,1.99153923186359,18.3300003409386,0.000466022472958737,8.34498131796673E-5,0.25,2.70250755880818E-7,4.1114290336373E-5,3.51923087661761E-7,141.9817047,141.9817047,1999.70202636719,1999.70202636719,61.1022462338334,20.7290424717437,6.646428,0,0,0,40,4886,131.3947,1999.70202636719,,,,,,,,,,,,,0,,,,3.5797191,,,,,,141.9817047,,,,
,44278904.22,141.92721555,1999.70202636719,4.09202432478653E-5,3.15446818635106E-7,1,0.999253354069792,40.0298881530762,1.99154554202274,18.3300003409386,0.000466153984306474,8.42377439793969E-5,0.25,3.3532732591399E-7,4.11369098224427E-5,4.17462741106689E-7,141.8727264,141.9817047,1999.70202636719,1999.70202636719,61.1921335135449,20.7272062975222,6.646428,0,0,0,40,4886,131.31925,1999.70202636719,,,,,,,,,,,,,0,,,,3.59768905,,,,,,141.92721555,,,,
,44278905.51,141.8186111,1999.70202636719,4.09085611399423E-5,2.33850488768501E-7,1,0.999253354069792,40.0298881530762,1.99152333890228,18.3300003409386,0.000465774236517992,8.56219759613034E-5,0.25,4.58606623180176E-7,4.11250111285636E-5,5.41512539070276E-7,141.7644958,141.8727264,1999.70202636719,1999.70202636719,61.1936967705834,20.7288323093988,6.273368,0,0,0,40,4886,131.177,1999.70202636719,,,,,,,,,,,,,0,,,,3.59768905,,,,,,141.8186111,,,,
,44278907.61,141.60608675,1999.70202636719,4.09227700880011E-5,3.05880460467335E-7,1,0.999253354069792,40.0298881530762,1.99156939272506,18.3300003409386,0.000466017762504423,8.52527719478611E-5,0.25,4.23451365054815E-7,4.1139572360225E-5,5.06342621106499E-7,141.5520935,141.66008,1999.70202636719,1999.70202636719,61.0780157497372,20.7302597077791,6.646428,0,0,0,40,4886,131.0311,1999.70202636719,,,,,,,,,,,,,0,,,,3.5797191,,,,,,141.60608675,,,,
,44278909.21,141.4437256,1999.70202636719,4.06414911530723E-5,2.23620100258355E-7,1,0.999253354069792,40.0298881530762,1.99159301379324,18.3300003409386,0.000463104512448104,8.30253266762651E-5,0.25,2.76399777654586E-7,4.0857233870215E-5,3.58102840868843E-7,141.4437256,141.4437256,1999.70202636719,1999.70202636719,61.2335598250642,20.7286641006603,6.273368,0,0,0,40,4886,130.8793,1999.70202636719,,,,,,,,,,,,,0,,,,3.615659,,,,,,141.4437256,,,,
,44278910.82,141.3394928,1999.70202636719,4.11463068232453E-5,2.05249834128609E-7,1,0.999253354069792,40.0298881530762,1.99154160668929,18.3300003409386,0.000468886130082961,8.38230385792201E-5,0.25,2.59385371617028E-7,4.13648519109217E-5,3.42136571520744E-7,141.3394928,141.3394928,1999.70202636719,1999.70202636719,61.2312149395065,20.7273334800369,6.273368,0,0,0,40,4886,130.7354,1999.70202636719,,,,,,,,,,,,,0,,,,3.59768905,,,,,,141.3394928,,,,
,44278912.395,141.1228027,1999.70202636719,4.08184168288646E-5,3.33274274526389E-7,1,0.999253354069792,40.0298881530762,1.99157265137925,18.3300003409386,0.000464549382786219,8.66950305932169E-5,0.25,5.67332635904767E-7,4.10348179978347E-5,6.5121922679262E-7,141.1228027,141.1228027,1999.70202636719,1999.70202636719,61.1233502038526,20.730662428132,6.646428,0,0,0,40,4886,130.5913,1999.70202636719,,,,,,,,,,,,,0,,,,3.5797191,,,,,,141.1228027,,,,
,44278913.905,141.0104828,1999.70202636719,4.02624327935974E-5,2.87834783962207E-7,1,0.999253354069792,40.0298881530762,1.99157660947025,18.3300003409386,0.00045750584249782,8.96809441942467E-5,0.25,9.24670490824695E-7,4.04752472334009E-5,1.00951052581679E-6,141.0104828,141.0104828,1999.70202636719,1999.70202636719,61.1733744290834,20.7301591281354,6.646428,0,0,0,40,4886,130.43805,1999.70202636719,,,,,,,,,,,,,0,,,,3.5797191,,,,,,141.0104828,,,,
,44278915.48,140.8109131,1999.70202636719,4.09093477444931E-5,2.59080480801989E-7,1,0.999253354069792,40.0298881530762,1.99157359622239,18.3300003409386,0.000467034323085709,7.84913687160029E-5,0.25,-1.67784395624287E-7,4.11279702510441E-5,-8.73351125212002E-8,140.8109131,140.8109131,1999.70202636719,1999.70202636719,61.209329340968,20.7289708473589,6.646428,0,0,0,40,4886,130.2863,1999.70202636719,,,,,,,,,,,,,0,,,,3.615659,,,,,,140.8109131,,,,
,44278917.075,140.7225189,1999.70202636719,4.10901649530809E-5,2.41119796020339E-7,1,0.999253354069792,40.0298881530762,1.99157280131388,18.3300003409386,0.000467897907850752,8.58108144669731E-5,0.25,4.42511753183359E-7,4.13086027350289E-5,5.26713465424032E-7,140.7225189,140.7225189,1999.70202636719,1999.70202636719,61.1663397724103,20.7313520198244,6.273368,0,0,0,40,4886,130.1501,1999.70202636719,,,,,,,,,,,,,0,,,,3.59768905,,,,,,140.7225189,,,,
,44278918.82,140.4984283,1999.70202636719,4.10472616577847E-5,3.82100587771806E-7,1,0.999253354069792,40.0298881530762,1.99152784226033,18.3300003409386,0.000466984201386596,8.81437810859337E-5,0.25,6.54392017079792E-7,4.12652696716074E-5,7.3977791472788E-7,140.4984283,140.4984283,1999.70202636719,1999.70202636719,61.1256950894103,20.7278665305301,6.273368,0,0,0,40,4886,130.01505,1999.70202636719,,,,,,,,,,,,,0,,,,3.5797191,,,,,,140.4984283,,,,
,44278920.505,140.3783569,1999.70202636719,4.07475402317117E-5,2.91260105559995E-7,1,0.999253354069792,40.0298881530762,1.9915000912421,18.3300003409386,0.000464383080152039,8.27754254480836E-5,0.25,2.35368634111305E-7,4.0964873424033E-5,3.18087189715307E-7,140.3783569,140.3783569,1999.70202636719,1999.70202636719,61.1772825716796,20.7271327308656,6.646428,0,0,0,40,4886,129.8453,1999.70202636719,,,,,,,,,,,,,0,,,,3.615659,,,,,,140.3783569,,,,
,44278921.255,140.32455445,1999.70202636719,4.09079173724267E-5,2.77153251224635E-7,1,0.999253354069792,40.0298881530762,1.99156504093978,18.3400008827448,0.000465792630806758,8.56182784515446E-5,0.25,4.56637682377068E-7,4.11257112842776E-5,5.40917074437791E-7,140.270752,140.3783569,1999.70202636719,1999.70202636719,60.8122620531987,20.7288146422962,6.273368,0,0,0,40,4886,129.78845,1999.70202636719,,,,,,,,,,,,,0,,,,3.59768905,,,,,,140.32455445,,,,
,44278922.525,140.1650467,1999.70202636719,4.11684129545098E-5,2.36893888727147E-7,1,0.999253354069792,40.0298881530762,1.99160896267716,18.3300003409386,0.00046863460524716,8.69533608442089E-5,0.25,5.28485769055535E-7,4.1387609943733E-5,6.13781432729774E-7,140.0593414,140.270752,1999.70202636719,1999.70202636719,61.280457536218,20.7281421123147,6.273368,0,0,0,40,4886,129.6807,1999.70202636719,,,,,,,,,,,,,0,,,,3.59768905,,,,,,140.1650467,,,,
,44278924.58,139.9517517,1999.70202636719,4.09854871316797E-5,3.37376898794973E-7,1,0.999253354069792,40.0298881530762,1.99157942941863,18.3300003409386,0.000467389063136306,8.1683923652379E-5,0.25,9.79868743304526E-8,4.12047578572508E-5,1.80816259841103E-7,139.9517517,139.9517517,1999.70202636719,1999.70202636719,61.2476291384103,20.7309644882779,6.273368,0,0,0,40,4886,129.4798,1999.70202636719,,,,,,,,,,,,,0,,,,3.59768905,,,,,,139.9517517,,,,
,44278926.185,139.8600616,1999.70202636719,4.07819200383251E-5,3.57629349407019E-7,1,0.999253354069792,40.0298881530762,1.99154356379895,18.3400008827448,0.000464360801319692,8.53368822211406E-5,0.25,4.53224281975627E-7,4.09994483548607E-5,5.37700937977205E-7,139.8600616,139.8600616,1999.70202636719,1999.70202636719,61.1553969731411,20.7308251393846,6.273368,0,0,0,40,4886,129.3279,1999.70202636719,,,,,,,,,,,,,0,,,,3.59768905,,,,,,139.8600616,,,,
,44278927.735,139.6322784,1999.70202636719,4.11392916308654E-5,3.76285554408831E-7,1,0.999253354069792,40.0298881530762,1.99157745611085,18.3300003409386,0.000467800824780614,8.97972023204323E-5,0.25,7.82332106293496E-7,4.13583019499487E-5,8.69410948113969E-7,139.6322784,139.6322784,1999.70202636719,1999.70202636719,61.1905702565065,20.73011690724,6.646428,0,0,0,40,4886,129.2146,1999.70202636719,,,,,,,,,,,,,0,,,,3.615659,,,,,,139.6322784,,,,
,44278929.145,139.5234833,1999.70202636719,4.0702821325911E-5,2.94170304815256E-7,1,0.999253354069792,40.0298881530762,1.99154695780521,18.3300003409386,0.000463703518573023,8.37836913443775E-5,0.25,3.30336592674837E-7,4.09204709548901E-5,4.14306176999487E-7,139.5234833,139.5234833,1999.70202636719,1999.70202636719,61.0928666916026,20.7288740133507,6.273368,0,0,0,40,4886,129.024,1999.70202636719,,,,,,,,,,,,,0,,,,3.5797191,,,,,,139.5234833,,,,
,44278929.85,139.467865,1999.70202636719,4.11733699178215E-5,2.51265284000754E-7,1,0.999253354069792,40.0298881530762,1.99162324421066,18.3300003409386,0.000468861566184049,8.60339591706694E-5,0.25,4.46159085102103E-7,4.13933570486278E-5,5.31758966994784E-7,139.4122467,139.5234833,1999.70202636719,1999.70202636719,61.3125043055065,20.7310686139314,6.273368,0,0,0,40,4886,128.96735,1999.70202636719,,,,,,,,,,,,,0,,,,3.5797191,,,,,,139.467865,,,,
,44278932.015,139.2129517,1999.70202636719,4.11825423469056E-5,2.6977008828558E-7,1,0.999253354069792,40.0298881530762,1.99156672527118,18.3300003409386,0.000468482257888784,8.8800717036734E-5,0.25,6.87061868883066E-7,4.14023295331781E-5,7.74171493279888E-7,139.2129517,139.2129517,1999.70202636719,1999.70202636719,61.148362316468,20.7300375649666,6.646428,0,0,0,40,4886,128.7788,1999.70202636719,,,,,,,,,,,,,0,,,,3.615659,,,,,,139.2129517,,,,
,44278932.775,139.15298465,1999.70202636719,4.1264056563332E-5,2.71599415292655E-7,1,0.999253354069792,40.0298881530762,1.9915478600162,18.3300003409386,0.000469930033150671,8.59342110773682E-5,0.25,4.21756585791208E-7,4.14848716532975E-5,5.07664941186699E-7,139.0930176,139.2129517,1999.70202636719,1999.70202636719,61.280457536218,20.7305510042636,6.273368,0,0,0,40,4886,128.72295,1999.70202636719,,,,,,,,,,,,,0,,,,3.59768905,,,,,,139.15298465,,,,
,44278934.04,139.033371,1999.70202636719,4.08722009149845E-5,2.70266555271418E-7,1,0.999253354069792,40.0298881530762,1.99164151627921,18.3400008827448,0.000465437259923679,8.5424900696675E-5,0.25,4.44155052987896E-7,4.1090964593648E-5,5.29521753642977E-7,138.9737244,139.0930176,1999.70202636719,1999.70202636719,61.2210537687565,20.7307523216202,6.273368,0,0,0,40,4886,128.5955,1999.70202636719,,,,,,,,,,,,,0,,,,3.5797191,,,,,,139.033371,,,,
,44278936.21,138.8238602,1999.70202636719,4.13232571571538E-5,3.39213939099471E-7,1,0.999253354069792,40.0298881530762,1.99154084429665,18.3300003409386,0.00047097429221564,8.39201745921764E-5,0.25,2.34666903260788E-7,4.15450582086995E-5,3.20016785888633E-7,138.7737122,138.8740082,1999.70202636719,1999.70202636719,61.382069243718,20.731296628968,6.273368,0,0,0,40,4886,128.4116,1999.70202636719,,,,,,,,,,,,,0,,,,3.5797191,,,,,,138.8238602,,,,
,44278937.9,138.6747894,1999.70202636719,4.15111074271742E-5,2.95040751016938E-7,1,0.999253354069792,40.0298881530762,1.99149883997943,18.3300003409386,0.000472735731084825,8.64566295835154E-5,0.25,4.2463246436577E-7,4.17336707326108E-5,5.11508576450455E-7,138.6747894,138.6747894,1999.70202636719,1999.70202636719,61.6142129139296,20.7310297718411,6.273368,0,0,0,40,4886,128.2971,1999.70202636719,,,,,,,,,,,,,0,,,,3.5797191,,,,,,138.6747894,,,,
,44278938.585,138.6249542,1999.70202636719,4.13255329375519E-5,3.12100841932361E-7,1,0.999253354069792,40.0298881530762,1.99156363427479,18.3300003409386,0.000469793201647199,9.09712205893091E-5,0.25,8.52010278964965E-7,4.15462602819504E-5,9.40888061639546E-7,138.575119,138.6747894,1999.70202636719,1999.70202636719,61.1874437424296,20.7302967390558,6.273368,0,0,0,40,4886,128.2221,1999.70202636719,,,,,,,,,,,,,0,,,,3.59768905,,,,,,138.6249542,,,,
,44278939.86,138.4717102,1999.70202636719,4.122013975133E-5,2.72322985989347E-7,1,0.999253354069792,40.0298881530762,1.99151253310904,18.3300003409386,0.000469117526675027,8.76478804728819E-5,0.25,5.78884505727776E-7,4.14409883476358E-5,6.66232059623012E-7,138.3683014,138.575119,1999.70202636719,1999.70202636719,61.2773310221411,20.7301619203357,6.646428,0,0,0,40,4886,128.07645,1999.70202636719,,,,,,,,,,,,,0,,,,3.59768905,,,,,,138.4717102,,,,
,44278942.1,138.2763672,1999.70202636719,4.16366438279549E-5,2.52494959349668E-7,1,0.999253354069792,40.0298881530762,1.99156157724605,18.3300003409386,0.00047489822587056,8.25735935943974E-5,0.25,6.19058584753694E-8,4.18609583970367E-5,1.47536021150185E-7,138.2763672,138.2763672,1999.70202636719,1999.70202636719,61.3257919903334,20.7295784094042,6.273368,0,0,0,40,4886,127.87395,1999.70202636719,,,,,,,,,,,,,0,,,,3.5797191,,,,,,138.2763672,,,,
,44278942.82,138.2107239,1999.70202636719,4.14476931902039E-5,2.62959262249193E-7,1,0.999253354069792,40.0298881530762,1.99158822992318,18.3300003409386,0.000472008642396135,8.65004031859769E-5,0.25,4.38497522010983E-7,4.16702760616162E-5,5.25831701652581E-7,138.1450806,138.2763672,1999.70202636719,1999.70202636719,61.324228733295,20.7313912028036,6.273368,0,0,0,40,4886,127.8172,1999.70202636719,,,,,,,,,,,,,0,,,,3.59768905,,,,,,138.2107239,,,,
,44278945.085,137.9467773,1999.70202636719,4.14262252907852E-5,2.98555921997058E-7,1,0.999253354069792,40.0298881530762,1.99160099135944,18.3300003409386,0.000472165945920404,8.41584395477191E-5,0.25,2.36634445084535E-7,4.16493541365561E-5,3.23037249019654E-7,137.9467773,137.9467773,1999.70202636719,1999.70202636719,61.2429393672949,20.72923178321,6.646428,0,0,0,40,4886,127.6304,1999.70202636719,,,,,,,,,,,,,0,,,,3.59768905,,,,,,137.9467773,,,,
,44278945.85,137.8873825,1999.70202636719,4.18164471288756E-5,3.06403916998458E-7,1,0.999253354069792,40.0298881530762,1.99161571487495,18.3300003409386,0.000476456625048896,8.58859360168486E-5,0.25,3.20690191395449E-7,4.20415669465423E-5,4.08390407621245E-7,137.8279877,137.9467773,1999.70202636719,1999.70202636719,61.2781126506603,20.730457555522,6.646428,0,0,0,40,4886,127.59215,1999.70202636719,,,,,,,,,,,,,0,,,,3.59768905,,,,,,137.8873825,,,,
,44278947.08,137.7881699,1999.70202636719,4.14576546095272E-5,3.2202525617867E-7,1,0.999253354069792,40.0298881530762,1.99155353655887,18.3300003409386,0.000472593423307733,8.37655773559944E-5,0.25,1.96764577380183E-7,4.16811715816005E-5,2.83179707620704E-7,137.7483521,137.8279877,1999.70202636719,1999.70202636719,61.2710779939873,20.7291415800636,6.273368,0,0,0,40,4886,127.47915,1999.70202636719,,,,,,,,,,,,,0,,,,3.5797191,,,,,,137.7881699,,,,
,44278949.195,137.59757235,1999.70202636719,4.18991120496787E-5,3.29293005739012E-7,1,0.999253354069792,40.0298881530762,1.99161396650038,18.3300003409386,0.000477187931430653,8.729159310251E-5,0.25,4.29286466037335E-7,4.21246973076861E-5,5.18071303930204E-7,137.5422974,137.6528473,1999.70202636719,1999.70202636719,61.473519780468,20.7312063037608,6.273368,0,0,0,40,4886,127.2925,1999.70202636719,,,,,,,,,,,,,0,,,,3.5797191,,,,,,137.59757235,,,,
,44278950.715,137.4427338,1999.70202636719,4.220707079595E-5,2.65560362272496E-7,1,0.999253354069792,40.0298881530762,1.9915901587912,18.3300003409386,0.000481138539535974,8.53377563285261E-5,0.25,2.04852935791309E-7,4.24349180979167E-5,2.93224972105357E-7,137.4427338,137.4427338,1999.70202636719,1999.70202636719,61.3297001329296,20.7305689733763,6.646428,0,0,0,40,4886,127.1435,1999.70202636719,,,,,,,,,,,,,0,,,,3.59768905,,,,,,137.4427338,,,,
,44278951.46,137.39315035,1999.70202636719,4.15737441642778E-5,3.12711770886228E-7,1,0.999253354069792,40.0298881530762,1.99154513224741,18.3400008827448,0.000473004045167,8.9306867619609E-5,0.25,6.62012711383887E-7,4.17972611589391E-5,7.51605502624942E-7,137.3435669,137.4427338,1999.70202636719,1999.70202636719,61.3797243581603,20.7312737729361,6.273368,0,0,0,40,4886,127.09105,1999.70202636719,,,,,,,,,,,,,0,,,,3.59768905,,,,,,137.39315035,,,,
,44278953.64,137.1373138,1999.70202636719,4.13954324400748E-5,2.5092262360724E-7,1,0.999253354069792,40.0298881530762,1.99159719783743,18.3400008827448,0.000470958592841138,8.91058098325208E-5,0.25,6.74632743034094E-7,4.16181751520879E-5,7.6418669453815E-7,137.1373138,137.1373138,1999.70202636719,1999.70202636719,61.2577903091603,20.7314237290152,6.646428,0,0,0,40,4886,126.8535,1999.70202636719,,,,,,,,,,,,,0,,,,3.59768905,,,,,,137.1373138,,,,
,44278955.195,137.0342102,1999.70202636719,4.15123874502545E-5,3.24302457763774E-7,1,0.999253354069792,40.0298881530762,1.99149327966536,18.3300003409386,0.000472612898772741,8.73441242413571E-5,0.25,5.00287922937652E-7,4.17362014222028E-5,5.89283803011011E-7,137.0342102,137.0342102,1999.70202636719,1999.70202636719,60.9482654155449,20.7283785076969,6.646428,0,0,0,40,4886,126.72345,1999.70202636719,,,,,,,,,,,,,0,,,,3.59768905,,,,,,137.0342102,,,,
,44278956.695,136.8199463,1999.70202636719,4.1569713926414E-5,2.83808311817706E-7,1,0.999253354069792,40.0298881530762,1.9915374886641,18.3300003409386,0.000473790553796813,8.44933088135142E-5,0.25,2.40203803396059E-7,4.17945897888214E-5,3.2803695289786E-7,136.8199463,136.8199463,1999.70202636719,1999.70202636719,61.1155339186603,20.7307702783954,6.273368,0,0,0,40,4886,126.6094,1999.70202636719,,,,,,,,,,,,,0,,,,3.615659,,,,,,136.8199463,,,,
,44278958.325,136.71698,1999.70202636719,4.16875656010675E-5,2.7482841970347E-7,1,0.999253354069792,40.0298881530762,1.99154348573982,18.3300003409386,0.00047533931290325,8.35537509131305E-5,0.25,1.37353710224973E-7,4.19133702027099E-5,2.25023065181519E-7,136.71698,136.71698,1999.70202636719,1999.70202636719,61.0741076071411,20.7298890681795,6.646428,0,0,0,40,4886,126.4753,1999.70202636719,,,,,,,,,,,,,0,,,,3.5797191,,,,,,136.71698,,,,
,44278959.045,136.62979125,1999.70202636719,4.18488575201573E-5,3.15442005198275E-7,1,0.999253354069792,40.0298881530762,1.9916399483688,18.3300003409386,0.000477471078187823,8.2316701867344E-5,0.25,7.13181038171006E-10,4.20759053750922E-5,8.803913499619E-8,136.5426025,136.71698,1999.70202636719,1999.70202636719,61.270296365468,20.7304393778848,6.646428,0,0,0,40,4886,126.42025,1999.70202636719,,,,,,,,,,,,,0,,,,3.5797191,,,,,,136.62979125,,,,
,44278961.14,136.4241333,1999.70202636719,4.16284809018482E-5,2.84312210983916E-7,1,0.999253354069792,40.0298881530762,1.99153005369033,18.3300003409386,0.0004735103911171,9.01355383844012E-5,0.25,7.2415684972625E-7,4.18529915624142E-5,8.15176603003092E-7,136.4241333,136.4241333,1999.70202636719,1999.70202636719,61.0616015508334,20.7313774588008,6.646428,0,0,0,40,4886,126.2171,1999.70202636719,,,,,,,,,,,,,0,,,,3.615659,,,,,,136.4241333,,,,
,44278961.82,136.37241365,1999.70202636719,4.18424604265368E-5,2.94394829920202E-7,1,0.999253354069792,40.0298881530762,1.99154631333136,18.3300003409386,0.000476916827814519,8.49822433157913E-5,0.25,2.35432489704614E-7,4.2069191095559E-5,3.24327965126623E-7,136.320694,136.4241333,1999.70202636719,1999.70202636719,61.3640917877757,20.7312279088315,6.646428,0,0,0,40,4886,126.14435,1999.70202636719,,,,,,,,,,,,,0,,,,3.615659,,,,,,136.37241365,,,,
,44278963.11,136.273201,1999.70202636719,4.21182362416055E-5,3.38401121189054E-7,1,0.999253354069792,40.0298881530762,1.99159477004671,18.3300003409386,0.000479282136206441,9.01277400940863E-5,0.25,6.38609719078767E-7,4.23457096959653E-5,7.30359607125377E-7,136.225708,136.320694,1999.70202636719,1999.70202636719,61.0834871493719,20.729776214881,6.273368,0,0,0,40,4886,126.06815,1999.70202636719,,,,,,,,,,,,,0,,,,3.615659,,,,,,136.273201,,,,
,44278965.435,135.9961395,1999.70202636719,4.1939755293906E-5,3.10391193850525E-7,1,0.999253354069792,40.0298881530762,1.99157847822302,18.3300003409386,0.000477224280067334,8.9895843418515E-5,0.25,6.48819615154205E-7,4.21664822781197E-5,7.40505937091704E-7,135.9961395,135.9961395,1999.70202636719,1999.70202636719,61.1741560576026,20.731270036192,6.273368,0,0,0,40,4886,125.84575,1999.70202636719,,,,,,,,,,,,,0,,,,3.615659,,,,,,135.9961395,,,,
,44278967.045,135.8972778,1999.70202636719,4.23604801629416E-5,2.9646865291205E-7,1,0.999253354069792,40.0298881530762,1.99157058210994,18.3300003409386,0.000482599866683049,8.73782286925201E-5,0.25,3.55432356461666E-7,4.25901641377629E-5,4.46618400750853E-7,135.8972778,135.8972778,1999.70202636719,1999.70202636719,61.1170971756988,20.7309508149292,6.646428,0,0,0,40,4886,125.6619,1999.70202636719,,,,,,,,,,,,,0,,,,3.5797191,,,,,,135.8972778,,,,
,44278968.565,135.6880798,1999.70202636719,4.23306185052862E-5,3.49928734199143E-7,1,0.999253354069792,40.0298881530762,1.99157438813846,18.3400008827448,0.000481977002885953,8.89758066642789E-5,0.25,5.00447142527719E-7,4.25600468989402E-5,5.92468466431981E-7,135.6880798,135.6880798,1999.70202636719,1999.70202636719,61.0639464363911,20.7318407847144,6.646428,0,0,0,40,4886,125.5692,1999.70202636719,,,,,,,,,,,,,0,,,,3.5797191,,,,,,135.6880798,,,,
,44278969.205,135.64446255,1999.70202636719,4.209847119662E-5,3.04358738110075E-7,1,0.999253354069792,40.0298881530762,1.9915700033362,18.3300003409386,0.000479644533730405,8.66806312540205E-5,0.25,3.39211601312057E-7,4.23269946046547E-5,4.29970393738034E-7,135.6008453,135.6880798,1999.70202636719,1999.70202636719,61.270296365468,20.7308874445035,6.273368,0,0,0,40,4886,125.4775,1999.70202636719,,,,,,,,,,,,,0,,,,3.5797191,,,,,,135.64446255,,,,
,44278970.39,135.55089565,1999.70202636719,4.1873771018387E-5,2.9027962569835E-7,1,0.999253354069792,40.0298881530762,1.99161137731821,18.3300003409386,0.000476613454238861,8.90109475423232E-5,0.25,5.81908006535512E-7,4.21006276867935E-5,6.73640394679123E-7,135.500946,135.6008453,1999.70202636719,1999.70202636719,61.239812853218,20.73099981459,6.273368,0,0,0,40,4886,125.3675,1999.70202636719,,,,,,,,,,,,,0,,,,3.5797191,,,,,,135.55089565,,,,
,44278972.535,135.338913,1999.70202636719,4.21104484233705E-5,2.96841039811313E-7,1,0.999253354069792,40.0298881530762,1.99157713457859,18.3300003409386,0.00047970027240843,8.72008397829785E-5,0.25,3.8235284024438E-7,4.23392042565137E-5,4.73692749871898E-7,135.2839661,135.3938599,1999.70202636719,1999.70202636719,61.2531005380449,20.7313616733646,6.273368,0,0,0,40,4886,125.20085,1999.70202636719,,,,,,,,,,,,,0,,,,3.59768905,,,,,,135.338913,,,,
,44278974.115,135.1730804,1999.70202636719,4.20239740635696E-5,3.54326749697914E-7,1,0.999253354069792,40.0298881530762,1.99156107610932,18.3300003409386,0.000478922938911141,8.58040940040044E-5,0.25,2.74687583961086E-7,4.22526217151539E-5,3.65446845970723E-7,135.1730804,135.1730804,1999.70202636719,1999.70202636719,61.3101594199488,20.731303679471,6.273368,0,0,0,40,4886,125.0375,1999.70202636719,,,,,,,,,,,,,0,,,,3.5797191,,,,,,135.1730804,,,,
,44278975.65,135.0775757,1999.70202636719,4.1985519162639E-5,3.41547714764906E-7,1,0.999253354069792,40.0298881530762,1.99159291114842,18.3300003409386,0.000477804136015138,8.97208033315118E-5,0.25,6.24341238746573E-7,4.22132822018174E-5,7.17063854673686E-7,135.0775757,135.0775757,1999.70202636719,1999.70202636719,61.3633101592565,20.7332195497551,6.646428,0,0,0,40,4886,124.9194,1999.70202636719,,,,,,,,,,,,,0,,,,3.615659,,,,,,135.0775757,,,,
,44278976.32,134.97356415,1999.70202636719,4.19093401471442E-5,2.66624232015553E-7,1,0.999253354069792,40.0298881530762,1.99151098785387,18.3300003409386,0.000477855791519959,8.41250343118246E-5,0.25,1.4721544293028E-7,4.21377972102655E-5,2.37257422366779E-7,134.8695526,135.0775757,1999.70202636719,1999.70202636719,61.3265736188526,20.7313137071609,6.646428,0,0,0,40,4886,124.84655,1999.70202636719,,,,,,,,,,,,,0,,,,3.59768905,,,,,,134.97356415,,,,
,44278977.555,134.82030485,1999.70202636719,4.20182997900742E-5,3.07054009555851E-7,1,0.999253354069792,40.0298881530762,1.99150872965465,18.3300003409386,0.000478758833642291,8.63184232657887E-5,0.25,3.20553511147332E-7,4.22471270806731E-5,4.11882295456319E-7,134.7710571,134.8695526,1999.70202636719,1999.70202636719,61.1577418586988,20.7299503069743,6.273368,0,0,0,40,4886,124.75435,1999.70202636719,,,,,,,,,,,,,0,,,,3.5797191,,,,,,134.82030485,,,,
,44278979.73,134.6531219,1999.70202636719,4.21022611880264E-5,3.257979460679E-7,1,0.999253354069792,40.0298881530762,1.99156156394213,18.3300003409386,0.000480189411245592,8.38233376066097E-5,0.25,8.69416924501765E-8,4.23321679182822E-5,1.77409120381213E-7,134.6531219,134.6531219,1999.70202636719,1999.70202636719,61.2382495961796,20.730245942141,6.273368,0,0,0,40,4886,124.5532,1999.70202636719,,,,,,,,,,,,,0,,,,3.59768905,,,,,,134.6531219,,,,
,44278996.39,133.0783844,1999.70202636719,,,2,,,,18.3860002798438,,,,,,,133.0783844,133.0783844,1999.70202636719,1999.70202636719,,,6.646428,,,,-99999999,4886,123.1003,1999.70202636719,,,,,,,,,,,,,,,,,,,,,,,133.0783844,,,,
touchdown = 13.9800002798438 mm,44279010.205,131.776413,1999.70202636719,4.3200336855053E-5,2.88945828538426E-7,1,0.999253354069792,40.0298881530762,2.00314353169392,18.3700006455183,0.000494780980337051,9.04837697640472E-5,0.25,4.33950662862293E-7,4.34378493072548E-5,5.32003149648892E-7,131.776413,131.776413,1999.70202636719,1999.70202636719,61.2374679676603,20.7229951049806,6.273368,0,0,0,40,4886,121.8905,1999.70202636719,,,,,,,,,,,,,0,,,,3.5797191,,,,,,131.776413,,,,
,44279011.625,131.6592407,1999.70202636719,4.30437597759581E-5,2.4715132515912E-7,1,0.999253354069792,40.0298881530762,2.00310019187151,18.3700006455183,0.000492822457886744,9.10580485368391E-5,0.25,5.10982930073926E-7,4.32803141486526E-5,6.09299500650858E-7,131.6592407,131.6592407,1999.70202636719,1999.70202636719,61.0139222111603,20.7242570469118,6.646428,0,0,0,40,4886,121.7469,1999.70202636719,,,,,,,,,,,,,0,,,,3.5797191,,,,,,131.6592407,,,,
,44279012.19,131.6043396,1999.70202636719,4.29397492158924E-5,3.43572349695433E-7,1,0.999253354069792,40.0298881530762,2.00304596277075,18.3700006455183,0.000491483479519556,9.16241199484391E-5,0.25,5.78416594785152E-7,4.3175627978776E-5,6.76923004218116E-7,131.5494385,131.6592407,1999.70202636719,1999.70202636719,61.1413276597949,20.725042640648,6.646428,0,0,0,40,4886,121.70995,1999.70202636719,,,,,,,,,,,,,0,,,,3.59768905,,,,,,131.6043396,,,,
,44279014.395,131.3354797,1999.70202636719,4.32031036072517E-5,3.01140126374474E-7,1,0.999253354069792,40.0298881530762,2.00308250669379,18.3700006455183,0.000495311332230478,8.75383045811446E-5,0.25,1.76438062307584E-7,4.34415695592737E-5,2.73542952913602E-7,131.3354797,131.3354797,1999.70202636719,1999.70202636719,61.1835355998334,20.7239125182478,6.273368,0,0,0,40,4886,121.53045,1999.70202636719,,,,,,,,,,,,,0,,,,3.5797191,,,,,,131.3354797,,,,
,44279016,131.2298431,1999.70202636719,4.33623781698301E-5,2.93450239244846E-7,1,0.999253354069792,40.0298881530762,2.00306298136687,18.3700006455183,0.000496408163937814,9.20644813615795E-5,0.25,5.43352206581655E-7,4.36009719024744E-5,6.43025368002133E-7,131.2298431,131.2298431,1999.70202636719,1999.70202636719,61.2452842528526,20.7228988516075,6.273368,0,0,0,40,4886,121.3893,1999.70202636719,,,,,,,,,,,,,0,,,,3.5797191,,,,,,131.2298431,,,,
,44279017.575,131.0360565,1999.70202636719,4.31690338296495E-5,2.77356333994235E-7,1,0.999253354069792,40.0298881530762,2.00312939999763,18.3700006455183,0.000494592537753431,8.94526143799092E-5,0.25,3.48565124643688E-7,4.34071499707928E-5,4.46943773261491E-7,131.0360565,131.0360565,1999.70202636719,1999.70202636719,61.2022946842949,20.7253281297902,6.273368,0,0,0,40,4886,121.2268,1999.70202636719,,,,,,,,,,,,,0,,,,3.5797191,,,,,,131.0360565,,,,
,44279019.205,130.947052,1999.70202636719,4.27255067524196E-5,3.49627435756536E-7,1,0.999253354069792,40.0298881530762,2.00315257593072,18.3700006455183,0.000489420273908342,8.90945433170466E-5,0.25,3.93601873843253E-7,4.29611103036516E-5,4.91424512449915E-7,130.947052,130.947052,1999.70202636719,1999.70202636719,61.1108441475449,20.7249989262295,6.646428,0,0,0,40,4886,121.084,1999.70202636719,,,,,,,,,,,,,0,,,,3.5797191,,,,,,130.947052,,,,
,44279020.785,130.7250519,1999.70202636719,4.36375123044333E-5,3.37084329012286E-7,1,0.999253354069792,40.0298881530762,2.00310418904295,18.3700006455183,0.000499749074991208,9.16263386553255E-5,0.25,4.56873997343387E-7,4.38782214489617E-5,5.57280307099324E-7,130.7250519,130.7250519,1999.70202636719,1999.70202636719,61.4336567259873,20.7230271184241,6.646428,0,0,0,40,4886,120.9416,1999.70202636719,,,,,,,,,,,,,0,,,,3.59768905,,,,,,130.7250519,,,,
,44279022.33,130.6243134,1999.70202636719,4.33748113191346E-5,2.98875574595735E-7,1,0.999253354069792,40.0298881530762,2.0031285325394,18.3700006455183,0.000496977840803138,8.97384253500509E-5,0.25,3.37390049719086E-7,4.36143999233906E-5,4.36702987538007E-7,130.6243134,130.6243134,1999.70202636719,1999.70202636719,61.1210053182949,20.7267174147575,6.273368,0,0,0,40,4886,120.82315,1999.70202636719,,,,,,,,,,,,,0,,,,3.5797191,,,,,,130.6243134,,,,
,44279023.865,130.5188904,1999.70202636719,4.34214151409994E-5,2.62782291703922E-7,1,0.999253354069792,40.0298881530762,2.00310448961963,18.3700006455183,0.00049778158097389,8.82413545764229E-5,0.25,1.98737401425921E-7,4.36616305519033E-5,2.97592605440547E-7,130.5188904,130.5188904,1999.70202636719,1999.70202636719,61.0717627215834,20.723579831366,5.900308,0,0,0,40,4886,120.6689,1999.70202636719,,,,,,,,,,,,,0,,,,3.59768905,,,,,,130.5188904,,,,
,44279025.465,130.2976379,1999.70202636719,4.33895109544786E-5,3.0563320641837E-7,1,0.999253354069792,40.0298881530762,2.00308734895421,18.3700006455183,0.000496370061622164,9.42261565712954E-5,0.25,7.25723489938856E-7,4.36285571918642E-5,8.27622906192689E-7,130.2976379,130.2976379,1999.70202636719,1999.70202636719,61.0068875544872,20.7269571864363,6.646428,0,0,0,40,4886,120.5256,1999.70202636719,,,,,,,,,,,,,0,,,,3.615659,,,,,,130.2976379,,,,
,44279027.165,130.188858,1999.70202636719,4.34037805721992E-5,2.95596210350542E-7,1,0.999253354069792,40.0298881530762,2.00308235282273,18.3700006455183,0.000497483006049956,8.87508777179519E-5,0.25,2.45847438552458E-7,4.36440540476912E-5,3.45306442223756E-7,130.188858,130.188858,1999.70202636719,1999.70202636719,61.2882738214103,20.7241128759456,6.646428,0,0,0,40,4886,120.3849,1999.70202636719,,,,,,,,,,,,,0,,,,3.544136,,,,,,130.188858,,,,
,44279028.595,129.994339,1999.70202636719,4.29459329746598E-5,3.27167173675823E-7,1,0.999253354069792,40.0298881530762,2.00306391107256,18.3700006455183,0.000491641188594328,9.12438575539366E-5,0.25,5.42046780198042E-7,4.31831754891669E-5,6.42253886725819E-7,129.994339,129.994339,1999.70202636719,1999.70202636719,61.1389827742372,20.7240098599206,6.646428,0,0,0,40,4886,120.28225,1999.70202636719,,,,,,,,,,,,,0,,,,3.5797191,,,,,,129.994339,,,,
,44279030.155,129.9089813,1999.70202636719,4.35123207743833E-5,2.85302311625221E-7,1,0.999253354069792,40.0298881530762,2.00312625705592,18.3700006455183,0.000498387284649259,9.10194889459766E-5,0.25,4.24342330720758E-7,4.37530192143239E-5,5.25345533384666E-7,129.9089813,129.9089813,1999.70202636719,1999.70202636719,61.0701994645449,20.7258324391445,6.273368,0,0,0,40,4886,120.15865,1999.70202636719,,,,,,,,,,,,,0,,,,3.615659,,,,,,129.9089813,,,,
,44279030.875,129.81207275,1999.70202636719,4.38459415905666E-5,2.67244764396407E-7,1,0.999253354069792,40.0298881530762,2.00313639718522,18.3700006455183,0.000501989003183533,9.30096730862466E-5,0.25,5.40082576804676E-7,4.40883122312238E-5,6.42582924645789E-7,129.7151642,129.9089813,1999.70202636719,1999.70202636719,61.0920850630834,20.7248550247989,6.273368,0,0,0,40,4886,120.08785,1999.70202636719,,,,,,,,,,,,,0,,,,3.59768905,,,,,,129.81207275,,,,
,44279032.22,129.66053775,1999.70202636719,4.35570220314727E-5,2.44114413373963E-7,1,0.999253354069792,40.0298881530762,2.00313185969008,18.3700006455183,0.00049857996016803,9.29851750051339E-5,0.25,5.87634704340174E-7,4.3797800384666E-5,6.89913192353472E-7,129.6059113,129.7151642,1999.70202636719,1999.70202636719,60.945138901468,20.7239435016717,6.646428,0,0,0,40,4886,119.9647,1999.70202636719,,,,,,,,,,,,,0,,,,3.5797191,,,,,,129.66053775,,,,
,44279033.525,129.54397585,1999.70202636719,4.38944067897409E-5,2.36917052298531E-7,1,0.999253354069792,40.0298881530762,2.00307440290737,18.3700006455183,0.000502366739187645,9.4064253645265E-5,0.25,6.23505665920341E-7,4.4137060312484E-5,7.26917634350329E-7,129.4820404,129.6059113,1999.70202636719,1999.70202636719,61.026428267468,20.7254968056741,6.273368,0,0,0,40,4886,119.84425,1999.70202636719,,,,,,,,,,,,,0,,,,3.5797191,,,,,,129.54397585,,,,
,44279035.565,129.3926849,1999.70202636719,4.33964573847875E-5,2.35192985456722E-7,1,0.999253354069792,40.0298881530762,2.00305798922235,18.3700006455183,0.000497664173950439,8.720756043245E-5,0.25,1.1163205201729E-7,4.3637613593847E-5,2.11278960128659E-7,129.3926849,129.3926849,1999.70202636719,1999.70202636719,61.1655581438911,20.7248340949619,6.646428,0,0,0,40,4886,119.6872,1999.70202636719,,,,,,,,,,,,,0,,,,3.5797191,,,,,,129.3926849,,,,
,44279036.285,129.3403244,1999.70202636719,4.35416319904283E-5,2.45064465152864E-7,1,0.999253354069792,40.0298881530762,2.00307051567544,18.3700006455183,0.000498490630845242,9.23773777002648E-5,0.25,5.37058986000394E-7,4.37826613742385E-5,6.39477767202806E-7,129.2879639,129.3926849,1999.70202636719,1999.70202636719,60.9052758469872,20.7258196037838,6.646428,0,0,0,40,4886,119.63375,1999.70202636719,,,,,,,,,,,,,0,,,,3.56192755,,,,,,129.3403244,,,,
,44279038.33,129.0951233,1999.70202636719,4.32901426445758E-5,2.72549123016905E-7,1,0.999253354069792,40.0298881530762,2.00304042413847,18.3700006455183,0.000496499209262765,8.66709128910483E-5,0.25,8.28915992884829E-8,4.35310074195911E-5,1.8247474115456E-7,129.0951233,129.0951233,1999.70202636719,1999.70202636719,61.300779877718,20.7252502416817,6.273368,0,0,0,40,4886,119.4406,1999.70202636719,,,,,,,,,,,,,0,,,,3.5797191,,,,,,129.0951233,,,,
,44279039.905,128.9863739,1999.70202636719,4.36197384170571E-5,2.51093024529572E-7,1,0.999253354069792,40.0298881530762,2.00307540340451,18.3700006455183,0.000499886411873085,8.96616043772444E-5,0.25,2.86347280256123E-7,4.38620353725939E-5,3.88011779242388E-7,128.9863739,128.9863739,1999.70202636719,1999.70202636719,60.7958478542949,20.7259963875413,6.273368,0,0,0,40,4886,119.3013,1999.70202636719,,,,,,,,,,,,,0,,,,3.5798975,,,,,,128.9863739,,,,
,44279041.415,128.8000336,1999.70202636719,4.40496944226045E-5,2.9399875773867E-7,1,0.999253354069792,40.0298881530762,2.00312106197814,18.3700006455183,0.000504513068465284,9.23624434283116E-5,0.25,4.47107412834213E-7,4.42941562832441E-5,5.50894101878633E-7,128.8000336,128.8000336,1999.70202636719,1999.70202636719,61.1608683727757,20.7255168037284,6.273368,0,0,0,40,4886,119.1316,1999.70202636719,,,,,,,,,,,,,0,,,,3.615659,,,,,,128.8000336,,,,
,44279043.04,128.6956482,1999.70202636719,4.34751123513079E-5,3.18632426661569E-7,1,0.999253354069792,40.0298881530762,2.00307145443726,18.3700006455183,0.00049772142261849,9.23136547957267E-5,0.25,5.42058125635763E-7,4.37162245285885E-5,6.45201978856438E-7,128.6956482,128.6956482,1999.70202636719,1999.70202636719,61.1428909168334,20.7278656866517,6.273368,0,0,0,40,4886,119.0252,1999.70202636719,,,,,,,,,,,,,0,,,,3.615659,,,,,,128.6956482,,,,
,44279044.735,128.4907379,1999.70202636719,4.38028611071986E-5,2.61299785868662E-7,1,0.999253354069792,40.0298881530762,2.00306109592605,18.3700006455183,0.000501508867746481,9.28013162073921E-5,0.25,5.27758880052027E-7,4.40459892851472E-5,6.31825347994996E-7,128.4907379,128.4907379,1999.70202636719,1999.70202636719,61.1335113746026,20.7250593232534,6.646428,0,0,0,40,4886,118.8511,1999.70202636719,,,,,,,,,,,,,0,,,,3.5797191,,,,,,128.4907379,,,,
,44279045.51,128.4324112,1999.70202636719,4.42710913103727E-5,2.68991021093361E-7,1,0.999253354069792,40.0298881530762,2.00308201536995,18.3700006455183,0.000506765617079802,9.44290979704424E-5,0.25,5.88629375055074E-7,4.45167261712557E-5,6.94215183146351E-7,128.3740845,128.4907379,1999.70202636719,1999.70202636719,61.2257435398719,20.7270550203033,6.273368,0,0,0,40,4886,118.7823,1999.70202636719,,,,,,,,,,,,,0,,,,3.5797191,,,,,,128.4324112,,,,
,44279047.855,128.1804962,1999.70202636719,4.41093664331772E-5,2.4256494033545E-7,1,0.999253354069792,40.0298881530762,2.00316090025963,18.3700006455183,0.000504116079078373,9.88367764659725E-5,0.25,1.00012290088533E-6,4.43533628680174E-5,1.10786636950091E-6,128.1804962,128.1804962,1999.70202636719,1999.70202636719,61.4172425270834,20.7277670247358,6.273368,0,0,0,40,4886,118.6211,1999.70202636719,,,,,,,,,,,,,0,,,,3.56192755,,,,,,128.1804962,,,,
,44279049.38,128.0884705,1999.70202636719,4.47240970733322E-5,2.17497593490081E-7,1,0.999253354069792,40.0298881530762,2.00308230400086,18.3700006455183,0.000512387651251492,9.28847126314854E-5,0.25,3.75344802047244E-7,4.49730144211883E-5,4.81226025746355E-7,128.0884705,128.0884705,1999.70202636719,1999.70202636719,61.2577903091603,20.7258724822356,6.646428,0,0,0,40,4886,118.4818,1999.70202636719,,,,,,,,,,,,,0,,,,3.615659,,,,,,128.0884705,,,,
,44279050.94,127.92947005,1999.70202636719,4.40841113675853E-5,3.49523476378807E-7,1,0.999253354069792,40.0298881530762,2.00311659314955,18.3700006455183,0.000505136824282555,9.11416026633247E-5,0.25,3.33520865146015E-7,4.43296619859406E-5,4.3790849693606E-7,127.8716812,127.9872589,1999.70202636719,1999.70202636719,61.2937452210449,20.7256800090789,6.273368,0,0,0,40,4886,118.326,1999.70202636719,,,,,,,,,,,,,0,,,,3.5797191,,,,,,127.92947005,,,,
,44279051.595,127.82551575,1999.70202636719,4.39616141234142E-5,2.58302966968503E-7,1,0.999253354069792,40.0298881530762,2.00310669730079,18.3700006455183,0.000504017855094072,8.92317322792644E-5,0.25,1.88151759160978E-7,4.42069141624987E-5,2.91518784370631E-7,127.7793503,127.8716812,1999.70202636719,1999.70202636719,61.2984349921603,20.72604960482,6.646428,0,0,0,40,4886,118.2732,1999.70202636719,,,,,,,,,,,,,0,,,,3.59768905,,,,,,127.82551575,,,,
,44279052.83,127.74068835,1999.70202636719,4.40305745875312E-5,2.92119314231533E-7,1,0.999253354069792,40.0298881530762,2.00302825552887,18.3700006455183,0.000504237539872446,9.25698787027847E-5,0.25,4.67333448265699E-7,4.42756573839463E-5,5.72574710102572E-7,127.7020264,127.7793503,1999.70202636719,1999.70202636719,61.1350746316411,20.7213332656893,6.273368,0,0,0,40,4886,118.1675,1999.70202636719,,,,,,,,,,,,,0,,,,3.59768905,,,,,,127.74068835,,,,
,44279054.095,127.64382175,1999.70202636719,4.41686597734491E-5,2.92576251330027E-7,1,0.999253354069792,40.0298881530762,2.00309473292009,18.3700006455183,0.000506465209571229,8.92161270146916E-5,0.25,1.50770852767475E-7,4.44153150812371E-5,2.54716290841077E-7,127.5856171,127.7020264,1999.70202636719,1999.70202636719,61.1546153446219,20.7231312712107,6.646428,0,0,0,40,4886,118.0629,1999.70202636719,,,,,,,,,,,,,0,,,,3.5797191,,,,,,127.64382175,,,,
,44279055.315,127.54135135,1999.70202636719,4.42596174462514E-5,2.79949723877459E-7,1,0.999253354069792,40.0298881530762,2.00317017184864,18.3700006455183,0.000506933728453449,9.2841255929024E-5,0.25,4.50596946785383E-7,4.45061580114488E-5,5.56560164114979E-7,127.4970856,127.5856171,1999.70202636719,1999.70202636719,61.3297001329296,20.7273021047605,6.273368,0,0,0,40,4886,117.9753,1999.70202636719,,,,,,,,,,,,,0,,,,3.5797191,,,,,,127.54135135,,,,
,44279056.57,127.3907013,1999.70202636719,4.38822283471941E-5,2.80038689761064E-7,1,0.999253354069792,40.0298881530762,2.00309807937631,18.3700006455183,0.000502217426899768,9.42362220333314E-5,0.25,6.3743531521216E-7,4.41263433695832E-5,7.43715718029118E-7,127.284317,127.4970856,1999.70202636719,1999.70202636719,61.4102078704103,20.7266988577217,6.273368,0,0,0,40,4886,117.8705,1999.70202636719,,,,,,,,,,,,,0,,,,3.5797191,,,,,,127.3907013,,,,
,44279058.72,127.1878815,1999.70202636719,4.41821125695553E-5,3.09190910021322E-7,1,0.999253354069792,40.0298881530762,2.00312222840751,18.3700006455183,0.000506124935561656,9.21706437946826E-5,0.25,4.05230716902191E-7,4.44285893312475E-5,5.11199157739301E-7,127.1878815,127.1878815,1999.70202636719,1999.70202636719,61.178845828718,20.7264721153205,6.273368,0,0,0,40,4886,117.6766,1999.70202636719,,,,,,,,,,,,,0,,,,3.5797191,,,,,,127.1878815,,,,
,44279060.275,127.0832672,1999.70202636719,4.45042991037976E-5,3.02673646453861E-7,1,0.999253354069792,40.0298881530762,2.00310384679839,18.3700006455183,0.000509742335111407,9.32453755255114E-5,0.25,4.431549759713E-7,4.47525519807148E-5,5.50273814651349E-7,127.0832672,127.0832672,1999.70202636719,1999.70202636719,61.4148976415257,20.7264122195523,6.273368,0,0,0,40,4886,117.55445,1999.70202636719,,,,,,,,,,,,,0,,,,3.5797191,,,,,,127.0832672,,,,
,44279062.055,126.8909378,1999.70202636719,4.40615302170232E-5,3.36446484124035E-7,1,0.999253354069792,40.0298881530762,2.00313410113871,18.3700006455183,0.000504459386649858,9.35962973200698E-5,0.25,5.49813942541448E-7,4.4307196081576E-5,6.56721164820028E-7,126.8909378,126.8909378,1999.70202636719,1999.70202636719,61.2468475098911,20.7245754611551,6.646428,0,0,0,40,4886,117.39845,1999.70202636719,,,,,,,,,,,,,0,,,,3.5797191,,,,,,126.8909378,,,,
,44279063.535,126.7824631,1999.70202636719,4.42767124652639E-5,2.54729051002584E-7,1,0.999253354069792,40.0298881530762,2.00304572162046,18.3700006455183,0.000507493518831753,9.06263074450959E-5,0.25,2.53950616538797E-7,4.45243472323941E-5,3.59886215134811E-7,126.7824631,126.7824631,1999.70202636719,1999.70202636719,61.371908072968,20.7256121774902,6.273368,0,0,0,40,4886,117.2779,1999.70202636719,,,,,,,,,,,,,0,,,,3.615659,,,,,,126.7824631,,,,
,44279064.195,126.72470855,1999.70202636719,4.44875568915209E-5,2.31898023803095E-7,1,0.999253354069792,40.0298881530762,2.0030765943068,18.3700006455183,0.000509458576133063,9.37201872273984E-5,0.25,4.86973526111507E-7,4.47358540720291E-5,5.94821544098971E-7,126.666954,126.7824631,1999.70202636719,1999.70202636719,61.1553969731411,20.727049895798,6.273368,0,0,0,40,4886,117.2058,1999.70202636719,,,,,,,,,,,,,0,,,,3.5798975,,,,,,126.72470855,,,,
,44279066.46,126.4660797,1999.70202636719,4.43018823828274E-5,3.14322470930679E-7,1,0.999253354069792,40.0298881530762,2.00304303720907,18.3700006455183,0.000507454181729588,9.25878810215856E-5,0.25,4.20124083870345E-7,4.45494892444286E-5,5.2747572960688E-7,126.4660797,126.4660797,1999.70202636719,1999.70202636719,61.2163639976411,20.7242722232956,6.273368,0,0,0,40,4886,116.9953,1999.70202636719,,,,,,,,,,,,,0,,,,3.5797191,,,,,,126.4660797,,,,
,44279067.085,126.41233825,1999.70202636719,4.44803417406703E-5,2.6424074668633E-7,1,0.999253354069792,40.0298881530762,2.00302639700411,18.3700006455183,0.000509347130443921,9.38148953258578E-5,0.25,4.96235010138849E-7,4.47288053737503E-5,6.04515261452307E-7,126.3585968,126.4660797,1999.70202636719,1999.70202636719,61.2022946842949,20.7248642953521,6.273368,0,0,0,40,4886,116.9435,1999.70202636719,,,,,,,,,,,,,0,,,,3.59768905,,,,,,126.41233825,,,,
,44279069.18,126.21603775,1999.70202636719,4.46552843170055E-5,2.44576274905242E-7,1,0.999253354069792,40.0298881530762,2.00298308066127,18.3700006455183,0.000511193300679416,9.50402805851792E-5,0.25,5.72715864834846E-7,4.49046871798302E-5,6.82104056770206E-7,126.1582718,126.2738037,1999.70202636719,1999.70202636719,61.1514888305449,20.7274094981714,6.646428,0,0,0,40,4886,116.7711,1999.70202636719,,,,,,,,,,,,,0,,,,3.544136,,,,,,126.21603775,,,,
,44279069.895,126.1139679,1999.70202636719,4.4336310238403E-5,2.44292960290329E-7,1,0.999253354069792,40.0298881530762,2.0031578730638,18.3700006455183,0.000507763796657324,9.33335695209362E-5,0.25,4.78236897248293E-7,4.45842268758758E-5,5.86447494876065E-7,126.069664,126.1582718,1999.70202636719,1999.70202636719,61.466485123795,20.7225664970086,6.646428,0,0,0,40,4886,116.69815,1999.70202636719,,,,,,,,,,,,,0,,,,3.56192755,,,,,,126.1139679,,,,
,44279072.02,125.9732971,1999.70202636719,4.43066811234728E-5,2.51771857665816E-7,1,0.999253354069792,40.0298881530762,2.00304293556272,18.3799993246794,0.000507024693193395,9.54253484466554E-5,0.25,6.65835958597874E-7,4.45540537902509E-5,7.75298648421761E-7,125.9732971,125.9732971,1999.70202636719,1999.70202636719,61.2726412510257,20.7234840071927,6.646428,0,0,0,40,4886,116.52165,1999.70202636719,,,,,,,,,,,,,0,,,,3.5797191,,,,,,125.9732971,,,,
,44279073.545,125.7729721,1999.70202636719,4.47749948380583E-5,2.87481161656621E-7,1,0.999253354069792,40.0298881530762,2.00303192647853,18.3700006455183,0.000512312147799512,9.6844679608104E-5,0.25,7.08496613488306E-7,4.50250658670517E-5,8.19506521603886E-7,125.7729721,125.7729721,1999.70202636719,1999.70202636719,61.392230414468,20.7250414302849,6.646428,0,0,0,40,4886,116.4001,1999.70202636719,,,,,,,,,,,,,0,,,,3.5797191,,,,,,125.7729721,,,,
,44279075.22,125.6652603,1999.70202636719,4.47071711971025E-5,3.83287005889267E-7,1,0.999253354069792,40.0298881530762,2.00301444603872,18.3700006455183,0.000512203985627537,9.28088067246862E-5,0.25,3.68293685310238E-7,4.49577264438028E-5,4.77440843531312E-7,125.6652603,125.6652603,1999.70202636719,1999.70202636719,61.2124558550449,20.7264082494858,6.273368,0,0,0,40,4886,116.2627,1999.70202636719,,,,,,,,,,,,,0,,,,3.5797191,,,,,,125.6652603,,,,
,44279076.83,125.4657822,1999.70202636719,4.47992302176223E-5,2.98881679357164E-7,1,0.999253354069792,40.0298881530762,2.00314043828793,18.3700006455183,0.000513702137964985,9.06257659418896E-5,0.25,1.6137035966019E-7,4.5050945082155E-5,2.69829224053572E-7,125.4657822,125.4657822,1999.70202636719,1999.70202636719,61.1835355998334,20.7245342216596,6.273368,0,0,0,40,4886,116.0988,1999.70202636719,,,,,,,,,,,,,0,,,,3.56192755,,,,,,125.4657822,,,,
,44279078.38,125.3660736,1999.70202636719,4.47278137508998E-5,3.6891786905149E-7,1,0.999253354069792,40.0298881530762,2.00297627542132,18.3700006455183,0.000511932070976884,9.57526763531521E-5,0.25,6.20968897193873E-7,4.49780643684959E-5,7.32055962549892E-7,125.3660736,125.3660736,1999.70202636719,1999.70202636719,61.0959932056795,20.7256328238816,6.646428,0,0,0,40,4886,115.962,1999.70202636719,,,,,,,,,,,,,0,,,,3.5797191,,,,,,125.3660736,,,,
,44279079.97,125.2042084,1999.70202636719,4.46579781636191E-5,2.75155721839949E-7,1,0.999253354069792,40.0298881530762,2.00310360207358,18.3700006455183,0.000511611390829479,9.30252493459994E-5,0.25,3.94605073024509E-7,4.49085031628562E-5,5.04439039469925E-7,125.1579819,125.2504349,1999.70202636719,1999.70202636719,61.2757677651026,20.7284747326786,6.646428,0,0,0,40,4886,115.84155,1999.70202636719,,,,,,,,,,,,,0,,,,3.544136,,,,,,125.2042084,,,,
,44279080.655,125.1139374,1999.70202636719,4.52314268357756E-5,2.90938801628785E-7,1,0.999253354069792,40.0298881530762,2.00308367230488,18.3700006455183,0.000518173375736228,9.42389674932976E-5,0.25,4.01303347488387E-7,4.54852336981727E-5,5.12664927868019E-7,125.0698929,125.1579819,1999.70202636719,1999.70202636719,61.3101594199488,20.7264865703753,6.273368,0,0,0,40,4886,115.7737,1999.70202636719,,,,,,,,,,,,,0,,,,3.56192755,,,,,,125.1139374,,,,
,44279081.89,125.0124779,1999.70202636719,4.48376613251417E-5,4.07210028527849E-7,1,0.999253354069792,40.0298881530762,2.00310949105876,18.3700006455183,0.000513072633721505,9.68747017714788E-5,0.25,6.98751225680789E-7,4.50885906181065E-5,8.11008972967874E-7,124.9550629,125.0698929,1999.70202636719,1999.70202636719,61.3054696488334,20.7267521614597,6.273368,0,0,0,40,4886,115.66585,1999.70202636719,,,,,,,,,,,,,0,,,,3.5797191,,,,,,125.0124779,,,,
,44279083.905,124.8665619,1999.70202636719,4.47911112315434E-5,3.13987543946356E-7,1,0.999253354069792,40.0298881530762,2.00300662658056,18.3700006455183,0.000512846952683961,9.48505094305942E-5,0.25,5.30436009459998E-7,4.5042236772283E-5,6.41966603797232E-7,124.8665619,124.8665619,1999.70202636719,1999.70202636719,61.5102563208719,20.7243235734402,6.273368,0,0,0,40,4886,115.4547,1999.70202636719,,,,,,,,,,,,,0,,,,3.615659,,,,,,124.8665619,,,,
,44279085.465,124.6664047,1999.70202636719,4.47269707078077E-5,2.51937355562042E-7,1,0.999253354069792,40.0298881530762,2.00308892898152,18.3700006455183,0.000511813926622214,9.65739506841872E-5,0.25,6.91157483198219E-7,4.49775011327032E-5,8.03655465993185E-7,124.6664047,124.6664047,1999.70202636719,1999.70202636719,61.2054211983719,20.7305640453043,6.646428,0,0,0,40,4886,115.3192,1999.70202636719,,,,,,,,,,,,,0,,,,3.5797191,,,,,,124.6664047,,,,
,44279087.055,124.5824661,1999.70202636719,4.38307471274304E-5,4.74457379965825E-7,1,0.999253354069792,40.0298881530762,2.00304985302217,18.3700006455183,0.000503472589673677,8.35028817359979E-5,0.25,-2.93334822478072E-7,4.40786381856636E-5,-1.88352608421133E-7,124.5824661,124.5824661,1999.70202636719,1999.70202636719,61.4875890938142,20.7260304833804,6.273368,0,0,0,40,4886,115.183,1999.70202636719,,,,,,,,,,,,,0,,,,3.615659,,,,,,124.5824661,,,,
,44279088.67,124.3904953,1999.70202636719,4.47960463228304E-5,3.34217319627163E-7,1,0.999253354069792,40.0298881530762,2.00303309422353,18.3700006455183,0.000512912946452142,9.4867906860624E-5,0.25,5.3033960302841E-7,4.5047541292324E-5,6.42483206558854E-7,124.3904953,124.3904953,1999.70202636719,1999.70202636719,61.3484592173911,20.7278853404344,6.646428,0,0,0,40,4886,115.0792,1999.70202636719,,,,,,,,,,,,,0,,,,3.59768905,,,,,,124.3904953,,,,
,44279090.305,124.29039,1999.70202636719,4.50956677819969E-5,2.87177296126458E-7,1,0.999253354069792,40.0298881530762,2.00306800900235,18.3700006455183,0.000516950518313471,9.20429683778935E-5,0.25,2.32008847877936E-7,4.5349620659629E-5,3.43417968015332E-7,124.29039,124.29039,1999.70202636719,1999.70202636719,60.8661944210257,20.726805583703,6.273368,0,0,0,40,4886,114.94345,1999.70202636719,,,,,,,,,,,,,0,,,,3.59768905,,,,,,124.29039,,,,
,44279091.98,124.0830002,1999.70202636719,4.47409211060087E-5,2.86883882843977E-7,1,0.999253354069792,40.0298881530762,2.00302551206913,18.3700006455183,0.000513044251330144,9.0339416190715E-5,0.25,1.44701620967637E-7,4.49932391567733E-5,2.54999085925416E-7,124.0830002,124.0830002,1999.70202636719,1999.70202636719,60.8802637343718,20.7274952674751,6.273368,0,0,0,40,4886,114.7899,1999.70202636719,,,,,,,,,,,,,0,,,,3.5798975,,,,,,124.0830002,,,,
,44279093.575,123.9830399,1999.70202636719,4.46475231081064E-5,2.92745493924208E-7,1,0.999253354069792,40.0298881530762,2.00309629946388,18.3700006455183,0.000511699751725838,9.18394517068787E-5,0.25,2.91083489265579E-7,4.48989937526336E-5,4.02197385136954E-7,123.9830399,123.9830399,1999.70202636719,1999.70202636719,60.9482654155449,20.7276915474835,6.273368,0,0,0,40,4886,114.6543,1999.70202636719,,,,,,,,,,,,,0,,,,3.5797191,,,,,,123.9830399,,,,
,44279095.1,123.7753143,1999.70202636719,4.54737887126977E-5,2.66582262291404E-7,1,0.999253354069792,40.0298881530762,2.00307980686378,18.3700006455183,0.00052030568260932,9.85238831397079E-5,0.25,7.30662544879185E-7,4.57289822428785E-5,8.46591120456532E-7,123.7753143,123.7753143,1999.70202636719,1999.70202636719,61.4414730111796,20.7273505382677,6.273368,0,0,0,40,4886,114.4698,1999.70202636719,,,,,,,,,,,,,0,,,,3.544136,,,,,,123.7753143,,,,
,44279096.77,123.6750488,1999.70202636719,4.51642213100275E-5,2.3681993885434E-7,1,0.999253354069792,40.0298881530762,2.00301728157253,18.3700006455183,0.000517210378542933,9.51780771884612E-5,0.25,4.92556068855123E-7,4.54182869155156E-5,6.06602472069145E-7,123.6750488,123.6750488,1999.70202636719,1999.70202636719,61.1733744290834,20.7263046397962,6.273368,0,0,0,40,4886,114.3332,1999.70202636719,,,,,,,,,,,,,0,,,,3.5797191,,,,,,123.6750488,,,,
,44279097.535,123.61395645,1999.70202636719,4.50893412150619E-5,2.72242763126537E-7,1,0.999253354069792,40.0298881530762,2.00307128120688,18.3700006455183,0.000517074228343279,9.09263526395642E-5,0.25,1.3460090697449E-7,4.53438972927203E-5,2.46550842242643E-7,123.5528641,123.6750488,1999.70202636719,1999.70202636719,61.2671698513911,20.7262725122695,6.646428,0,0,0,40,4886,114.26555,1999.70202636719,,,,,,,,,,,,,0,,,,3.59768905,,,,,,123.61395645,,,,
,44279098.835,123.4527779,1999.70202636719,4.51674427774055E-5,2.72236956192636E-7,1,0.999253354069792,40.0298881530762,2.00304558041554,18.3700006455183,0.00051738594678187,9.44345896943795E-5,0.25,4.26781084859892E-7,4.54218472611075E-5,5.40744900992729E-7,123.3526917,123.5528641,1999.70202636719,1999.70202636719,61.303906391795,20.7267384513473,6.273368,0,0,0,40,4886,114.1636,1999.70202636719,,,,,,,,,,,,,0,,,,3.615659,,,,,,123.4527779,,,,
,44279100.09,123.302948,1999.70202636719,4.48059956028022E-5,3.83586461072058E-7,1,0.999253354069792,40.0298881530762,2.00305347867634,18.3700006455183,0.000512675165117703,9.70000433481967E-5,0.25,7.12618372566814E-7,4.50577657311991E-5,8.27464359247824E-7,123.2532043,123.3526917,1999.70202636719,1999.70202636719,61.453197438968,20.7241172941537,6.646428,0,0,0,40,4886,114.06845,1999.70202636719,,,,,,,,,,,,,0,,,,3.5798975,,,,,,123.302948,,,,
,44279117.72,121.7323456,1999.70202636719,,,2,,,,18.425999653101,,,,,,,121.7323456,121.7323456,1999.70202636719,1999.70202636719,,,6.273368,,,,-99999999,4886,112.5168,1999.70202636719,,,,,,,,,,,,,,,,,,,,,,,121.7323456,,,,
touchdown = 14.019999653101 mm,44279131.655,120.4251709,1999.70202636719,4.42083694569713E-5,2.56657087317574E-7,1,0.999253354069792,40.0298881530762,1.99141106071876,18.4099990874529,0.000504272944465017,8.81225658373867E-5,0.25,8.00336530384958E-8,4.44598943440422E-5,1.94465536500424E-7,120.4251709,120.4251709,1999.70202636719,1999.70202636719,61.0530036371218,20.731120180069,6.273368,0,0,0,40,4886,111.31345,1999.70202636719,,,,,,,,,,,,,0,,,,3.544136,,,,,,120.4251709,,,,
,44279132.35,120.3732643,1999.70202636719,4.39525807314013E-5,2.70509204523861E-7,1,0.999253354069792,40.0298881530762,1.99136780377261,18.4099990874529,0.000500569777883008,9.20949776996708E-5,0.25,4.72448667209383E-7,4.42016514173247E-5,5.88570934352779E-7,120.3213577,120.4251709,1999.70202636719,1999.70202636719,60.8927697906795,20.7288975908162,6.646428,0,0,0,40,4886,111.24725,1999.70202636719,,,,,,,,,,,,,0,,,,3.56192755,,,,,,120.3732643,,,,
,44279134.42,120.1311493,1999.70202636719,4.46405604450784E-5,3.10006684527406E-7,1,0.999253354069792,40.0298881530762,1.99136986571069,18.4099990874529,0.000509018504235171,9.00033331924219E-5,0.25,1.69887963328685E-7,4.48945048116126E-5,2.86327345178634E-7,120.1311493,120.1311493,1999.70202636719,1999.70202636719,61.2874921928911,20.7292675401211,6.273368,0,0,0,40,4886,111.0986,1999.70202636719,,,,,,,,,,,,,0,,,,3.56192755,,,,,,120.1311493,,,,
,44279135.155,120.07756425,1999.70202636719,4.44046142861972E-5,3.29139821094529E-7,1,0.999253354069792,40.0298881530762,1.99139258183747,18.4099990874529,0.000507415850919291,8.32696245489483E-5,0.25,-3.79695602309851E-7,4.46586434094882E-5,-2.66853546279226E-7,120.0239792,120.1311493,1999.70202636719,1999.70202636719,61.4500709248911,20.7317211487948,6.273368,0,0,0,40,4886,111.0167,1999.70202636719,,,,,,,,,,,,,0,,,,3.56192755,,,,,,120.07756425,,,,
,44279136.405,119.97063065,1999.70202636719,4.44274116032465E-5,3.50113157976429E-7,1,0.999253354069792,40.0298881530762,1.99134813307941,18.4099990874529,0.000506248017358376,9.15129324958823E-5,0.25,3.38798338692961E-7,4.46797633915728E-5,4.55969769777096E-7,119.9172821,120.0239792,1999.70202636719,1999.70202636719,61.3117226769873,20.7291851271352,6.646428,0,0,0,40,4886,110.91785,1999.70202636719,,,,,,,,,,,,,0,,,,3.5797191,,,,,,119.97063065,,,,
,44279137.585,119.8714218,1999.70202636719,4.4392781577027E-5,3.69022984509296E-7,1,0.999253354069792,40.0298881530762,1.99140821498272,18.4199996292591,0.00050586693920297,9.14547476275811E-5,0.25,3.39331095765875E-7,4.46450028605702E-5,4.56529689089445E-7,119.8255615,119.9172821,1999.70202636719,1999.70202636719,61.107717633468,20.7282778836287,6.646428,0,0,0,40,4886,110.8541,1999.70202636719,,,,,,,,,,,,,0,,,,3.59768905,,,,,,119.8714218,,,,
,44279138.825,119.78214645,1999.70202636719,4.46151313375966E-5,3.04015451883554E-7,1,0.999253354069792,40.0298881530762,1.99139257057665,18.4099990874529,0.000508965160075976,8.86269670975961E-5,0.25,5.29068997742365E-8,4.48693869312916E-5,1.6925758056448E-7,119.7387314,119.8255615,1999.70202636719,1999.70202636719,61.0944299486411,20.7288424514957,6.646428,0,0,0,40,4886,110.73805,1999.70202636719,,,,,,,,,,,,,0,,,,3.5798975,,,,,,119.78214645,,,,
,44279140.875,119.5355606,1999.70202636719,4.42215213324042E-5,2.65022992392653E-7,1,0.999253354069792,40.0298881530762,1.99135338031172,18.4099990874529,0.000504905179041661,8.53117947091887E-5,0.25,-1.69746685800556E-7,4.4474282402025E-5,-5.54073359802015E-8,119.5355606,119.5355606,1999.70202636719,1999.70202636719,61.1030278623526,20.7295937423285,6.273368,0,0,0,40,4886,110.57955,1999.70202636719,,,,,,,,,,,,,0,,,,3.5797191,,,,,,119.5355606,,,,
,44279141.585,119.4899864,1999.70202636719,4.46497557757346E-5,2.41118369489155E-7,1,0.999253354069792,40.0298881530762,1.99140146972531,18.4099990874529,0.000509533031891867,8.7719909277987E-5,0.25,-3.3079413659458E-8,4.49045949641528E-5,8.33174659675796E-8,119.4444122,119.5355606,1999.70202636719,1999.70202636719,61.138201145718,20.7303426421249,6.646428,0,0,0,40,4886,110.49025,1999.70202636719,,,,,,,,,,,,,0,,,,3.5797191,,,,,,119.4899864,,,,
,44279142.785,119.3948364,1999.70202636719,4.50102178318808E-5,3.28182961851584E-7,1,0.999253354069792,40.0298881530762,1.99138409139681,18.4099990874529,0.000513096886175999,9.15836090303129E-5,0.25,2.43070148503566E-7,4.52664260195396E-5,3.62179814497375E-7,119.3452606,119.4444122,1999.70202636719,1999.70202636719,61.2124558550449,20.7302715029371,6.646428,0,0,0,40,4886,110.38295,1999.70202636719,,,,,,,,,,,,,0,,,,3.5797191,,,,,,119.3948364,,,,
,44279143.965,119.2498665,1999.70202636719,4.49208772275597E-5,3.13155919632612E-7,1,0.999253354069792,40.0298881530762,1.9913118901286,18.4099990874529,0.000511468588910196,9.48287791024405E-5,0.25,5.42996516910543E-7,4.51758757024476E-5,6.63789874813995E-7,119.1544724,119.3452606,1999.70202636719,1999.70202636719,61.1811907142757,20.7286390915857,6.646428,0,0,0,40,4886,110.2709,1999.70202636719,,,,,,,,,,,,,0,,,,3.5797191,,,,,,119.2498665,,,,
,44279145.2,119.11218265,1999.70202636719,4.46926899586436E-5,2.83202109845879E-7,1,0.999253354069792,40.0298881530762,1.99138508766639,18.4099990874529,0.000509566926534377,9.04319584048159E-5,0.25,1.96636601253997E-7,4.4947381635509E-5,3.15030060907624E-7,119.0698929,119.1544724,1999.70202636719,1999.70202636719,61.2319965680257,20.7284673552359,6.646428,0,0,0,40,4886,110.17515,1999.70202636719,,,,,,,,,,,,,0,,,,3.5797191,,,,,,119.11218265,,,,
,44279146.46,119.0278435,1999.70202636719,4.45716269710862E-5,3.08939920155346E-7,1,0.999253354069792,40.0298881530762,1.99140158165892,18.4099990874529,0.000507581992194466,9.37097431685516E-5,0.25,5.04620857781085E-7,4.4824856473498E-5,6.24603147719096E-7,118.9857941,119.0698929,1999.70202636719,1999.70202636719,61.0248650104295,20.7293530968353,6.273368,0,0,0,40,4886,110.0943,1999.70202636719,,,,,,,,,,,,,0,,,,3.56192755,,,,,,119.0278435,,,,
,44279147.665,118.93208315,1999.70202636719,4.50725080699368E-5,2.68392584166449E-7,1,0.999253354069792,40.0298881530762,1.99144299663098,18.4099990874529,0.000514176548800299,8.96764981356669E-5,0.25,6.41714370843369E-8,4.53297896941159E-5,1.83149636176984E-7,118.8783722,118.9857941,1999.70202636719,1999.70202636719,61.0233017533911,20.7311739735185,6.273368,0,0,0,40,4886,109.98855,1999.70202636719,,,,,,,,,,,,,0,,,,3.544136,,,,,,118.93208315,,,,
,44279148.8,118.8363457,1999.70202636719,4.52592621709271E-5,2.92601688035468E-7,1,0.999253354069792,40.0298881530762,1.99136071673303,18.4099990874529,0.000516155590197495,9.08047445882982E-5,0.25,1.3086311427681E-7,4.5517468798266E-5,2.50910506328157E-7,118.7943192,118.8783722,1999.70202636719,1999.70202636719,61.1882253709488,20.7302968316842,6.273368,0,0,0,40,4886,109.88285,1999.70202636719,,,,,,,,,,,,,0,,,,3.56192755,,,,,,118.8363457,,,,
,44279150.065,118.69869615,1999.70202636719,4.51433704995495E-5,3.04502627295606E-7,1,0.999253354069792,40.0298881530762,1.99142477961795,18.4099990874529,0.000514505418390818,9.25707123920852E-5,0.25,3.05204621550958E-7,4.54005293116504E-5,4.26155821785442E-7,118.6030731,118.7943192,1999.70202636719,1999.70202636719,60.9717142711218,20.7297697690457,6.273368,0,0,0,40,4886,109.7686,1999.70202636719,,,,,,,,,,,,,0,,,,3.56192755,,,,,,118.69869615,,,,
,44279152.215,118.5264664,1999.70202636719,4.5216902019075E-5,2.77459242818865E-7,1,0.999253354069792,40.0298881530762,1.99139841476881,18.4199996292591,0.000515243399597575,9.32652605156989E-5,0.25,3.53096297107297E-7,4.54744119475622E-5,4.74870916463473E-7,118.5264664,118.5264664,1999.70202636719,1999.70202636719,61.0952115771603,20.7305464370198,5.900308,0,0,0,40,4886,109.579,1999.70202636719,,,,,,,,,,,,,0,,,,3.615659,,,,,,118.5264664,,,,
,44279152.84,118.43499375,1999.70202636719,4.50516065297703E-5,2.63950290057562E-7,1,0.999253354069792,40.0298881530762,1.99134269036541,18.4099990874529,0.000513966864206553,8.93383348546568E-5,0.25,3.76550951653392E-8,4.53090829609764E-5,1.57260811702256E-7,118.3435211,118.5264664,1999.70202636719,1999.70202636719,61.158523487218,20.7301667347394,6.646428,0,0,0,40,4886,109.54075,1999.70202636719,,,,,,,,,,,,,0,,,,3.5798975,,,,,,118.43499375,,,,
,44279153.915,118.3016586,1999.70202636719,4.54679632742721E-5,2.58299425067438E-7,1,0.999253354069792,40.0298881530762,1.9914145667073,18.4099990874529,0.000518323072165963,9.25531271465886E-5,0.25,2.46945917119782E-7,4.57273583157137E-5,3.69004549754836E-7,118.2597961,118.3435211,1999.70202636719,1999.70202636719,61.2179272546796,20.7306309280517,6.273368,0,0,0,40,4886,109.4603,1999.70202636719,,,,,,,,,,,,,0,,,,3.544136,,,,,,118.3016586,,,,
,44279155.78,118.1533127,1999.70202636719,4.49560205752261E-5,2.78334391641438E-7,1,0.999253354069792,40.0298881530762,1.99134104057645,18.4099990874529,0.000512512665226158,9.12558885146164E-5,0.25,2.21669686577642E-7,4.52125594525392E-5,3.42643360760549E-7,118.1533127,118.1533127,1999.70202636719,1999.70202636719,61.2476291384103,20.7296052553676,6.273368,0,0,0,40,4886,109.2378,1999.70202636719,,,,,,,,,,,,,0,,,,3.5797191,,,,,,118.1533127,,,,
,44279157.215,118.0694885,1999.70202636719,4.55092999505207E-5,2.81828458449536E-7,1,0.999253354069792,40.0298881530762,1.99132031016721,18.4099990874529,0.000518611890181723,9.35566847995367E-5,0.25,3.27590485812439E-7,4.57687796004178E-5,4.5073847970267E-7,118.0694885,118.0694885,1999.70202636719,1999.70202636719,61.0655096934295,20.7320021169628,6.273368,0,0,0,40,4886,109.1882,1999.70202636719,,,,,,,,,,,,,0,,,,3.5797191,,,,,,118.0694885,,,,
,44279157.885,117.9779625,1999.70202636719,4.49321318416694E-5,2.92544562578385E-7,1,0.999253354069792,40.0298881530762,1.99140315757812,18.4099990874529,0.000511448926806959,9.58814720897999E-5,0.25,6.30730233348723E-7,4.51875634688479E-5,7.54178419780291E-7,117.8864365,118.0694885,1999.70202636719,1999.70202636719,61.2788942791796,20.7313914413876,6.273368,0,0,0,40,4886,109.13365,1999.70202636719,,,,,,,,,,,,,0,,,,3.56192755,,,,,,117.9779625,,,,
,44279159.095,117.84450535,1999.70202636719,4.52644945797816E-5,2.35856585136468E-7,1,0.999253354069792,40.0298881530762,1.99136844989314,18.4099990874529,0.00051641116664262,8.97283624816299E-5,0.25,3.39018970011785E-8,4.55234928471999E-5,1.55023391087589E-7,117.8025742,117.8864365,1999.70202636719,1999.70202636719,61.3156308195834,20.7294699895152,6.273368,0,0,0,40,4886,109.02775,1999.70202636719,,,,,,,,,,,,,0,,,,3.544136,,,,,,117.84450535,,,,
,44279160.26,117.7586098,1999.70202636719,4.56541923288181E-5,3.24791035519803E-7,1,0.999253354069792,40.0298881530762,1.99130455242305,18.4099990874529,0.000519857372876311,9.61881585325966E-5,0.25,5.32733695740318E-7,4.59141267915711E-5,6.57902064362634E-7,117.7146454,117.8025742,1999.70202636719,1999.70202636719,61.1718111720449,20.7299127376542,6.273368,0,0,0,40,4886,108.94995,1999.70202636719,,,,,,,,,,,,,0,,,,3.544136,,,,,,117.7586098,,,,
,44279161.445,117.6669464,1999.70202636719,4.54086458273544E-5,3.84594478782652E-7,1,0.999253354069792,40.0298881530762,1.99143168548721,18.4099990874529,0.000518858976468076,8.54679698265226E-5,0.25,-3.65034208437581E-7,4.56695914598954E-5,-2.45428569946462E-7,117.6192474,117.7146454,1999.70202636719,1999.70202636719,61.1507072020257,20.731476842273,6.646428,0,0,0,40,4886,108.8284,1999.70202636719,,,,,,,,,,,,,0,,,,3.56192755,,,,,,117.6669464,,,,
,44279162.665,117.5336151,1999.70202636719,4.54917024576423E-5,3.05617890260032E-7,1,0.999253354069792,40.0298881530762,1.99139554356872,18.4099990874529,0.00051910221777291,8.96543130046604E-5,0.25,-1.26497346054173E-8,4.5752230148907E-5,1.09455037468638E-7,117.4479828,117.6192474,1999.70202636719,1999.70202636719,61.3422061892373,20.7296498817112,6.273368,0,0,0,40,4886,108.6944,1999.70202636719,,,,,,,,,,,,,0,,,,3.5797191,,,,,,117.5336151,,,,
,44279163.825,117.40417865,1999.70202636719,4.54559452058294E-5,2.56687970047403E-7,1,0.999253354069792,40.0298881530762,1.99134256806515,18.4099990874529,0.000518297163844497,9.18052495115474E-5,0.25,1.82037986339473E-7,4.5715814019776E-5,3.0536024245396E-7,117.3603745,117.4479828,1999.70202636719,1999.70202636719,61.1108441475449,20.7305934827277,6.646428,0,0,0,40,4886,108.5921,1999.70202636719,,,,,,,,,,,,,0,,,,3.5797191,,,,,,117.40417865,,,,
,44279164.915,117.309227,1999.70202636719,4.60584739986232E-5,2.64965316346069E-7,1,0.999253354069792,40.0298881530762,1.99139152341855,18.4099990874529,0.000524569436344553,9.65536767372561E-5,0.25,4.93569233158733E-7,4.6320989861694E-5,6.20484526137309E-7,117.2580795,117.3603745,1999.70202636719,1999.70202636719,61.0662913219488,20.7306233137962,6.646428,0,0,0,40,4886,108.49695,1999.70202636719,,,,,,,,,,,,,0,,,,3.5797191,,,,,,117.309227,,,,
,44279166.07,117.2102966,1999.70202636719,4.60040763075837E-5,3.132146426387E-7,1,0.999253354069792,40.0298881530762,1.99134705481255,18.4099990874529,0.000524014935138921,9.60011520419025E-5,0.25,4.54590119163647E-7,4.62664443200679E-5,5.81272536122504E-7,117.1625137,117.2580795,1999.70202636719,1999.70202636719,61.1733744290834,20.7322426281959,6.273368,0,0,0,40,4886,108.42785,1999.70202636719,,,,,,,,,,,,,0,,,,3.5797191,,,,,,117.2102966,,,,
,44279168.07,117.079216,1999.70202636719,4.58925985956568E-5,2.74732463275723E-7,1,0.999253354069792,40.0298881530762,1.99138848356774,18.4099990874529,0.000522780447792946,9.56248265529251E-5,0.25,4.4030639059299E-7,4.61543445835624E-5,5.67034654589498E-7,117.079216,117.079216,1999.70202636719,1999.70202636719,61.2218353972757,20.7297817670587,6.273368,0,0,0,40,4886,108.2108,1999.70202636719,,,,,,,,,,,,,0,,,,3.56192755,,,,,,117.079216,,,,
,44279168.77,116.97234725,1999.70202636719,4.59862546586949E-5,2.71928664418202E-7,1,0.999253354069792,40.0298881530762,1.99143376400718,18.4199996292591,0.000524138412409895,9.42117564475333E-5,0.25,3.00001149816235E-7,4.62490134498142E-5,4.2624385136004E-7,116.8654785,117.079216,1999.70202636719,1999.70202636719,61.0787973782564,20.7312763466858,6.273368,0,0,0,40,4886,108.1786,1999.70202636719,,,,,,,,,,,,,0,,,,3.56192755,,,,,,116.97234725,,,,
,44279170.01,116.82739255,1999.70202636719,4.60304379064114E-5,3.10452795821569E-7,1,0.999253354069792,40.0298881530762,1.99141564740208,18.4099990874529,0.000524810104495312,9.33096760042558E-5,0.25,2.13165408127916E-7,4.62937748899452E-5,3.39221566960824E-7,116.7893066,116.8654785,1999.70202636719,1999.70202636719,61.1194420612565,20.731216923246,6.273368,0,0,0,40,4886,108.08275,1999.70202636719,,,,,,,,,,,,,0,,,,3.544136,,,,,,116.82739255,,,,
,44279171.265,116.7377853,1999.70202636719,4.52007066389916E-5,3.27318329489535E-7,1,0.999253354069792,40.0298881530762,1.99135743496765,18.4199996292591,0.000515417148724483,9.11550346508928E-5,0.25,1.6789502213939E-7,4.54594201132642E-5,2.9166730714337E-7,116.686264,116.7893066,1999.70202636719,1999.70202636719,61.0795790067757,20.7311907314056,6.646428,0,0,0,40,4886,107.9676,1999.70202636719,,,,,,,,,,,,,0,,,,3.56192755,,,,,,116.7377853,,,,
,44279172.46,116.6388855,1999.70202636719,4.5983815955418E-5,2.35694367800459E-7,1,0.999253354069792,40.0298881530762,1.99138504547351,18.4099990874529,0.000523383435203497,9.83457858603015E-5,0.25,6.622878165781E-7,4.62457108020439E-5,7.91214972414014E-7,116.591507,116.686264,1999.70202636719,1999.70202636719,61.4148976415257,20.7284641473885,6.646428,0,0,0,40,4886,107.87175,1999.70202636719,,,,,,,,,,,,,0,,,,3.56192755,,,,,,116.6388855,,,,
,44279173.56,116.54368975,1999.70202636719,4.56966631816123E-5,2.9461134672025E-7,1,0.999253354069792,40.0298881530762,1.99138939893907,18.4099990874529,0.000520622374514921,9.48072773116996E-5,0.25,4.01605618214633E-7,4.59576331350157E-5,5.28493236177392E-7,116.4958725,116.591507,1999.70202636719,1999.70202636719,61.2382495961796,20.7322930755571,6.646428,0,0,0,40,4886,107.75315,1999.70202636719,,,,,,,,,,,,,0,,,,3.544136,,,,,,116.54368975,,,,
,44279174.735,116.4484558,1999.70202636719,4.56875194202603E-5,2.71244645496256E-7,1,0.999253354069792,40.0298881530762,1.9914065201283,18.4099990874529,0.000520561828639255,9.45616736042294E-5,0.25,3.81330491893837E-7,4.59484926128604E-5,5.0834304426178E-7,116.4010391,116.4958725,1999.70202636719,1999.70202636719,61.3406429321988,20.7303389886218,6.646428,0,0,0,40,4886,107.6202,1999.70202636719,,,,,,,,,,,,,0,,,,3.56192755,,,,,,116.4484558,,,,
,44279176.04,116.3022461,1999.70202636719,4.63492152067283E-5,2.97080207597201E-7,1,0.999253354069792,40.0298881530762,1.99141045422947,18.4099990874529,0.000528220052958024,9.52561109290257E-5,0.25,3.2746082807572E-7,4.66142187632178E-5,4.56169467854017E-7,116.2034531,116.4010391,1999.70202636719,1999.70202636719,61.5204174916219,20.7324983512653,6.273368,0,0,0,40,4886,107.52385,1999.70202636719,,,,,,,,,,,,,0,,,,3.5797191,,,,,,116.3022461,,,,
,44279177.28,116.15039445,1999.70202636719,4.65254822849952E-5,2.25405597232456E-7,1,0.999253354069792,40.0298881530762,1.99140990407765,18.4099990874529,0.00053010645517233,9.63318045844114E-5,0.25,3.9103144102485E-7,4.67914229277392E-5,5.20772477068068E-7,116.0973358,116.2034531,1999.70202636719,1999.70202636719,61.3812876151988,20.7312647975016,6.646428,0,0,0,40,4886,107.434,1999.70202636719,,,,,,,,,,,,,0,,,,3.56192755,,,,,,116.15039445,,,,
,44279178.43,116.04967115,1999.70202636719,4.63962395481436E-5,4.06729879639064E-7,1,0.999253354069792,40.0298881530762,1.99137398720108,18.4099990874529,0.000530476267900988,8.53672103545656E-5,0.25,-5.47566525762014E-7,4.66640632388714E-5,-4.23404242142517E-7,116.0020065,116.0973358,1999.70202636719,1999.70202636719,61.3812876151988,20.7319548214419,6.273368,0,0,0,40,4886,107.3547,1999.70202636719,,,,,,,,,,,,,0,,,,3.56192755,,,,,,116.04967115,,,,
,44279179.65,115.9583664,1999.70202636719,4.71897354661294E-5,2.58285302367258E-7,1,0.999253354069792,40.0298881530762,1.99140217032039,18.4099990874529,0.000537957036875735,9.60704157101556E-5,0.25,2.52838477626067E-7,4.74599483533051E-5,3.83960381204509E-7,115.9147263,116.0020065,1999.70202636719,1999.70202636719,61.3531489885065,20.7308319290633,6.646428,0,0,0,40,4886,107.2649,1999.70202636719,,,,,,,,,,,,,0,,,,3.56192755,,,,,,115.9583664,,,,
,44279180.805,115.86356355,1999.70202636719,4.63536783153257E-5,3.2752364134103E-7,1,0.999253354069792,40.0298881530762,1.99137769269463,18.4099990874529,0.000528429091046735,9.43161970123902E-5,0.25,2.4368765541775E-7,4.6619146792748E-5,3.72653699039234E-7,115.8124008,115.9147263,1999.70202636719,1999.70202636719,61.2108925980065,20.7317035946544,6.646428,0,0,0,40,4886,107.17075,1999.70202636719,,,,,,,,,,,,,0,,,,3.544136,,,,,,115.86356355,,,,
,44279181.97,115.77469635,1999.70202636719,4.64915224420819E-5,2.90618799078598E-7,1,0.999253354069792,40.0298881530762,1.991343301467,18.4099990874529,0.000530078501560806,9.40954748957706E-5,0.25,2.00420159243342E-7,4.67579222933427E-5,3.29717877171602E-7,115.7369919,115.8124008,1999.70202636719,1999.70202636719,61.0537852656411,20.7299418715281,6.273368,0,0,0,40,4886,107.07385,1999.70202636719,,,,,,,,,,,,,0,,,,3.544136,,,,,,115.77469635,,,,
,44279183.245,115.64758685,1999.70202636719,4.65832838038608E-5,3.49528707514487E-7,1,0.999253354069792,40.0298881530762,1.99134549703378,18.4099990874529,0.00053061860991779,9.72119251959838E-5,0.25,4.5740564110917E-7,4.68495463746497E-5,5.88680374376744E-7,115.5581818,115.7369919,1999.70202636719,1999.70202636719,61.2546637950834,20.7305835912984,6.273368,0,0,0,40,4886,106.9547,1999.70202636719,,,,,,,,,,,,,0,,,,3.544136,,,,,,115.64758685,,,,
,44279184.44,115.50120165,1999.70202636719,4.7059088547255E-5,3.25163172592046E-7,1,0.999253354069792,40.0298881530762,1.99130908930021,18.4099990874529,0.00053585799518229,9.9195132858374E-5,0.25,5.48730316932195E-7,4.73278854907763E-5,6.82123979982372E-7,115.4442215,115.5581818,1999.70202636719,1999.70202636719,61.2366863391411,20.7294049050346,6.646428,0,0,0,40,4886,106.82215,1999.70202636719,,,,,,,,,,,,,0,,,,3.56192755,,,,,,115.50120165,,,,
,44279185.66,115.39126205,1999.70202636719,4.74541968600691E-5,2.29957348210988E-7,1,0.999253354069792,40.0298881530762,1.99145798747427,18.4099990874529,0.000540544539529235,9.91761934317717E-5,0.25,4.77813008830232E-7,4.77254852929394E-5,6.12142211001971E-7,115.3383026,115.4442215,1999.70202636719,1999.70202636719,61.415679270045,20.7318193475796,6.273368,0,0,0,40,4886,106.7055,1999.70202636719,,,,,,,,,,,,,0,,,,3.56192755,,,,,,115.39126205,,,,
,44279186.955,115.2967529,1999.70202636719,4.72122841081706E-5,2.70511220295294E-7,1,0.999253354069792,40.0298881530762,1.99130275292545,18.4199996292591,0.000537153376284748,0.000102107001098567,0.25,7.77018193426344E-7,4.74813909891679E-5,9.12567394703415E-7,115.2552032,115.3383026,1999.70202636719,1999.70202636719,60.9326328451603,20.7307740140571,6.646428,0,0,0,40,4886,106.62515,1999.70202636719,,,,,,,,,,,,,0,,,,3.56192755,,,,,,115.2967529,,,,
,44279188.21,115.2058029,1999.70202636719,4.78691700802333E-5,3.02579890059206E-7,1,0.999253354069792,40.0298881530762,1.99146403062635,18.4099990874529,0.000544248115441318,0.000105968350093517,0.25,1.00079052910151E-6,4.81414389335423E-5,1.1396802358448E-6,115.1564026,115.2552032,1999.70202636719,1999.70202636719,61.1217869468141,20.7321624311912,6.273368,0,0,0,40,4886,106.51865,1999.70202636719,,,,,,,,,,,,,0,,,,3.5797191,,,,,,115.2058029,,,,
,44279189.36,115.11092375,1999.70202636719,4.73419323601561E-5,2.55054261217686E-7,1,0.999253354069792,40.0298881530762,1.9914248471701,18.4199996292591,0.000540010025978636,9.45948228535253E-5,0.25,9.52212598049425E-8,4.76136983629439E-5,2.27693074803294E-7,115.0654449,115.1564026,1999.70202636719,1999.70202636719,61.056911779718,20.7311992539604,6.273368,0,0,0,40,4886,106.40145,1999.70202636719,,,,,,,,,,,,,0,,,,3.5797191,,,,,,115.11092375,,,,
,44279190.52,114.9649162,1999.70202636719,4.77094554660145E-5,3.2511174902167E-7,1,0.999253354069792,40.0298881530762,1.99138902884222,18.4099990874529,0.000543197683694583,0.000101081542191281,0.25,5.99984461284386E-7,4.79819960780247E-5,7.36624507205271E-7,114.8643875,115.0654449,1999.70202636719,1999.70202636719,61.364873416295,20.7307825014706,6.273368,0,0,0,40,4886,106.2898,1999.70202636719,,,,,,,,,,,,,0,,,,3.5797191,,,,,,114.9649162,,,,
,44279192.595,114.7621155,1999.70202636719,4.77393304215064E-5,3.17229597645576E-7,1,0.999253354069792,40.0298881530762,1.99153092568846,18.4099990874529,0.000543454023980392,0.000101856440230984,0.25,6.61793957643184E-7,4.80119786581692E-5,7.99180412251623E-7,114.7621155,114.7621155,1999.70202636719,1999.70202636719,61.3594020166603,20.7331391628689,6.646428,0,0,0,40,4886,106.1496,1999.70202636719,,,,,,,,,,,,,0,,,,3.5797191,,,,,,114.7621155,,,,
,44279193.27,114.7180672,1999.70202636719,4.7896438917063E-5,3.16990857939187E-7,1,0.999253354069792,40.0298881530762,1.99145537279063,18.4099990874529,0.000545276033347644,0.000101878875785708,0.25,6.36711854725753E-7,4.81700371895622E-5,7.74572325176396E-7,114.6740189,114.7621155,1999.70202636719,1999.70202636719,61.0647280649103,20.7312427328371,6.273368,0,0,0,40,4886,106.0681,1999.70202636719,,,,,,,,,,,,,0,,,,3.5797191,,,,,,114.7180672,,,,
,44279194.47,114.5853844,1999.70202636719,4.72441145576317E-5,3.52681960040792E-7,1,0.999253354069792,40.0298881530762,1.9913841569959,18.4099990874529,0.000538637370552011,9.58363200790369E-5,0.25,2.20153885215554E-7,4.75151954866197E-5,3.54003409316769E-7,114.4967499,114.6740189,1999.70202636719,1999.70202636719,61.2327781965449,20.7310225873338,6.646428,0,0,0,40,4886,105.9708,1999.70202636719,,,,,,,,,,,,,0,,,,3.5797191,,,,,,114.5853844,,,,
,44279195.61,114.4585419,1999.70202636719,4.80018994560043E-5,3.21919421726288E-7,1,0.999253354069792,40.0298881530762,1.99140354708845,18.4099990874529,0.000547194426053804,9.78873840672484E-5,0.25,2.68504063394194E-7,4.82773016310658E-5,4.0487905358946E-7,114.4203339,114.4967499,1999.70202636719,1999.70202636719,61.2812391647373,20.73072342107,6.273368,0,0,0,40,4886,105.91655,1999.70202636719,,,,,,,,,,,,,0,,,,3.5797191,,,,,,114.4585419,,,,
,44279196.775,114.37714005,1999.70202636719,4.78368802076233E-5,2.50872777455274E-7,1,0.999253354069792,40.0298881530762,1.99134502452456,18.4099990874529,0.000544685884247802,0.000101083768867724,0.25,5.77213390874883E-7,4.81104614848467E-5,7.15137315146616E-7,114.3339462,114.4203339,1999.70202636719,1999.70202636719,61.1030278623526,20.7316522811809,6.646428,0,0,0,40,4886,105.8095,1999.70202636719,,,,,,,,,,,,,0,,,,3.56192755,,,,,,114.37714005,,,,
,44279198.735,114.2389832,1999.70202636719,4.79748067196544E-5,2.73559697566705E-7,1,0.999253354069792,40.0298881530762,1.99140592868774,18.4099990874529,0.000547047664735767,9.68989208523242E-5,0.25,1.85910862502949E-7,4.82502726889392E-5,3.22386346261493E-7,114.2389832,114.2389832,1999.70202636719,1999.70202636719,61.1108441475449,20.7332976048601,6.646428,0,0,0,40,4886,105.6231,1999.70202636719,,,,,,,,,,,,,0,,,,3.5797191,,,,,,114.2389832,,,,
,44279199.345,114.18592455,1999.70202636719,4.75781081565853E-5,2.75054436228261E-7,1,0.999253354069792,40.0298881530762,1.99142507912739,18.4099990874529,0.000541941874594594,9.94914021108952E-5,0.25,4.81596477508896E-7,4.78504692868846E-5,6.18771504757131E-7,114.1328659,114.2389832,1999.70202636719,1999.70202636719,61.3140675625449,20.7320016912846,6.273368,0,0,0,40,4886,105.5698,1999.70202636719,,,,,,,,,,,,,0,,,,3.5797191,,,,,,114.18592455,,,,
,44279200.485,114.04388045,1999.70202636719,4.79632228276049E-5,3.06753282828431E-7,1,0.999253354069792,40.0298881530762,1.99144814630201,18.4099990874529,0.000546190258639989,0.000101136142327891,0.25,5.5872286554019E-7,4.82376512983315E-5,6.97658066940578E-7,113.954895,114.1328659,1999.70202636719,1999.70202636719,61.2992166206796,20.7311197297139,6.646428,0,0,0,40,4886,105.4681,1999.70202636719,,,,,,,,,,,,,0,,,,3.5797191,,,,,,114.04388045,,,,
,44279201.715,113.903965,1999.70202636719,4.77306368611363E-5,2.08155362232012E-7,1,0.999253354069792,40.0298881530762,1.99143544441798,18.4099990874529,0.000543895162583833,9.85885344941805E-5,0.25,3.75534622980183E-7,4.8004308212498E-5,5.12994989565138E-7,113.853035,113.954895,1999.70202636719,1999.70202636719,61.3961385570642,20.7299506853254,6.273368,0,0,0,40,4886,105.36205,1999.70202636719,,,,,,,,,,,,,0,,,,3.56192755,,,,,,113.903965,,,,
,44279202.93,113.8095932,1999.70202636719,4.78821842063157E-5,2.58962803507611E-7,1,0.999253354069792,40.0298881530762,1.99136670807973,18.4199996292591,0.000545026642225355,0.000102233701915953,0.25,6.68794792355572E-7,4.81559004778327E-5,8.08621036564852E-7,113.7661514,113.853035,1999.70202636719,1999.70202636719,61.1225685753334,20.7322541368215,6.646428,0,0,0,40,4886,105.2516,1999.70202636719,,,,,,,,,,,,,0,,,,3.56192755,,,,,,113.8095932,,,,
,44279204.1,113.71933365,1999.70202636719,4.79598922489376E-5,2.98635840925764E-7,1,0.999253354069792,40.0298881530762,1.99135083064382,18.4099990874529,0.000545899192424728,0.000102445956915809,0.25,6.73825021110776E-7,4.8234069532127E-5,8.14081734895186E-7,113.6725159,113.7661514,1999.70202636719,1999.70202636719,61.3328266470065,20.7314735277895,6.273368,0,0,0,40,4886,105.1717,1999.70202636719,,,,,,,,,,,,,0,,,,3.5797191,,,,,,113.71933365,,,,
,44279205.26,113.6192551,1999.70202636719,4.80123040876803E-5,3.36795719332742E-7,1,0.999253354069792,40.0298881530762,1.99140908660188,18.4099990874529,0.000547178101722549,9.87102623228932E-5,0.25,3.36896722371211E-7,4.82877706109829E-5,4.75570068817525E-7,113.5659943,113.6725159,1999.70202636719,1999.70202636719,61.2570086806411,20.7332760478375,6.646428,0,0,0,40,4886,105.08035,1999.70202636719,,,,,,,,,,,,,0,,,,3.5797191,,,,,,113.6192551,,,,
,44279206.26,113.521122,1999.70202636719,4.81215219519928E-5,3.58428384775606E-7,1,0.999253354069792,40.0298881530762,1.99136200387275,18.4199996292591,0.000547944709562199,0.000101624725196495,0.25,5.73415787993589E-7,4.83969800568479E-5,7.13945567005239E-7,113.4762497,113.5659943,1999.70202636719,1999.70202636719,61.0991197197565,20.7328848175147,6.273368,0,0,0,40,4886,104.9999,1999.70202636719,,,,,,,,,,,,,0,,,,3.56192755,,,,,,113.521122,,,,
,44279207.29,113.4384079,1999.70202636719,4.79466867505352E-5,3.18096598563294E-7,1,0.999253354069792,40.0298881530762,1.99145333408332,18.4099990874529,0.000547134550928491,9.45819180189432E-5,0.25,-1.40694114059819E-8,4.82228439692986E-5,1.22736951067698E-7,113.4005661,113.4762497,1999.70202636719,1999.70202636719,61.2163639976411,20.7316206520621,6.273368,0,0,0,40,4886,104.9304,1999.70202636719,,,,,,,,,,,,,0,,,,3.544136,,,,,,113.4384079,,,,
,44279208.385,113.35120775,1999.70202636719,4.82567467471147E-5,2.91104161370681E-7,1,0.999253354069792,40.0298881530762,1.99136905932015,18.4099990874529,0.000549997302730457,9.89618840850648E-5,0.25,3.16191678842312E-7,4.8533745742019E-5,4.56028480798095E-7,113.3018494,113.4005661,1999.70202636719,1999.70202636719,61.2085477124488,20.7308147632527,6.273368,0,0,0,40,4886,104.8243,1999.70202636719,,,,,,,,,,,,,0,,,,3.56192755,,,,,,113.35120775,,,,
,44279209.43,113.2641945,1999.70202636719,4.80049986099564E-5,3.18889375954663E-7,1,0.999253354069792,40.0298881530762,1.99141240218418,18.4099990874529,0.000547341854678981,9.7278578052025E-5,0.25,2.11845355208418E-7,4.82808454989729E-5,3.50602982357791E-7,113.2265396,113.3018494,1999.70202636719,1999.70202636719,61.3664366733334,20.7312705991805,6.646428,0,0,0,40,4886,104.71865,1999.70202636719,,,,,,,,,,,,,0,,,,3.56192755,,,,,,113.2641945,,,,
,44279210.575,113.13778685,1999.70202636719,4.81334348573509E-5,2.83553223401562E-7,1,0.999253354069792,40.0298881530762,1.99148022520686,18.4099990874529,0.000548868311514679,9.72895645656018E-5,0.25,1.90038027597954E-7,4.84101279612081E-5,3.29282649028208E-7,113.0490341,113.2265396,1999.70202636719,1999.70202636719,61.4000466996603,20.7330348870516,6.646428,0,0,0,40,4886,104.6125,1999.70202636719,,,,,,,,,,,,,0,,,,3.544136,,,,,,113.13778685,,,,
,44279211.85,112.99820325,1999.70202636719,4.79913076217337E-5,2.61067368080989E-7,1,0.999253354069792,40.0298881530762,1.99134720065311,18.4099990874529,0.000547092857976865,9.76909092764709E-5,0.25,2.50062289145223E-7,4.82670431857935E-5,3.8954801627377E-7,112.9473724,113.0490341,1999.70202636719,1999.70202636719,61.3758162155642,20.7317789459866,6.646428,0,0,0,40,4886,104.4809,1999.70202636719,,,,,,,,,,,,,0,,,,3.56192755,,,,,,112.99820325,,,,
,44279213.945,112.8602142,1999.70202636719,4.79778788168489E-5,2.62098787695763E-7,1,0.999253354069792,40.0298881530762,1.99138913606525,18.4099990874529,0.000546852238359334,9.82361514306425E-5,0.25,2.99684194538014E-7,4.82534203556752E-5,4.39731229183148E-7,112.8602142,112.8602142,1999.70202636719,1999.70202636719,61.0483138660065,20.7328350385622,6.646428,0,0,0,40,4886,104.3451,1999.70202636719,,,,,,,,,,,,,0,,,,3.544136,,,,,,112.8602142,,,,
,44279214.615,112.7716789,1999.70202636719,4.83076866241984E-5,2.78355721598975E-7,1,0.999253354069792,40.0298881530762,1.99139594605141,18.4099990874529,0.000550676216409281,9.85494932319344E-5,0.25,2.69805976742478E-7,4.85852383377468E-5,4.10817616457509E-7,112.6831436,112.8602142,1999.70202636719,1999.70202636719,61.3273552473719,20.7327810430729,6.646428,0,0,0,40,4886,104.26555,1999.70202636719,,,,,,,,,,,,,0,,,,3.544136,,,,,,112.7716789,,,,
,44279215.84,112.6263237,1999.70202636719,4.81837956517563E-5,2.65817341528297E-7,1,0.999253354069792,40.0298881530762,1.99140728179739,18.4099990874529,0.000549425219543529,9.7387607405455E-5,0.25,1.89131919952733E-7,4.84609291672058E-5,3.29570742951186E-7,112.5695038,112.6831436,1999.70202636719,1999.70202636719,61.4977502645642,20.7310751503482,6.273368,0,0,0,40,4886,104.1588,1999.70202636719,,,,,,,,,,,,,0,,,,3.56192755,,,,,,112.6263237,,,,
,44279217.04,112.53208925,1999.70202636719,4.85843969417001E-5,2.48417610447682E-7,1,0.999253354069792,40.0298881530762,1.99141441149642,18.4099990874529,0.000554006611745458,9.81328605823322E-5,0.25,1.84834389924672E-7,4.88638808390099E-5,3.26597097781499E-7,112.4946747,112.5695038,1999.70202636719,1999.70202636719,61.1514888305449,20.7319271646868,6.273368,0,0,0,40,4886,104.07835,1999.70202636719,,,,,,,,,,,,,0,,,,3.5797191,,,,,,112.53208925,,,,
,44279218.995,112.3813171,1999.70202636719,4.82033588374694E-5,2.77930907658648E-7,1,0.999253354069792,40.0298881530762,1.99150740028351,18.4099990874529,0.000549032442569692,0.000101142196737372,0.25,5.13797989682565E-7,4.84797055553084E-5,6.5672960552789E-7,112.3813171,112.3813171,1999.70202636719,1999.70202636719,61.3359531610834,20.7316901468609,6.646428,0,0,0,40,4886,103.9183,1999.70202636719,,,,,,,,,,,,,0,,,,3.5797191,,,,,,112.3813171,,,,
,44279219.66,112.32484815,1999.70202636719,4.85710562838159E-5,2.58833745882758E-7,1,0.999253354069792,40.0298881530762,1.99140824170785,18.4099990874529,0.000553000517391584,0.000103026087360949,0.25,6.1544237804572E-7,4.88492100951839E-5,7.60217453024673E-7,112.2683792,112.3813171,1999.70202636719,1999.70202636719,61.1749376861219,20.7306539628081,6.646428,0,0,0,40,4886,103.8383,1999.70202636719,,,,,,,,,,,,,0,,,,3.56192755,,,,,,112.32484815,,,,
,44279220.825,112.1874199,1999.70202636719,4.80080141190622E-5,2.40204051631781E-7,1,0.999253354069792,40.0298881530762,1.99133989550645,18.4099990874529,0.000547180842020187,9.83165005066324E-5,0.25,3.00200790661494E-7,4.82838645234379E-5,4.41831203979267E-7,112.1064606,112.2683792,1999.70202636719,1999.70202636719,61.2632617087949,20.7323572725476,6.273368,0,0,0,40,4886,103.7071,1999.70202636719,,,,,,,,,,,,,0,,,,3.56192755,,,,,,112.1874199,,,,
,44279222.025,112.05915835,1999.70202636719,4.83647975585986E-5,2.86486192150563E-7,1,0.999253354069792,40.0298881530762,1.99138397535559,18.4099990874529,0.000551226236437039,9.92428006064144E-5,0.25,3.19192906420927E-7,4.86427156005709E-5,4.62163632101504E-7,112.0118561,112.1064606,1999.70202636719,1999.70202636719,61.3140675625449,20.7297006684967,6.646428,0,0,0,40,4886,103.6271,1999.70202636719,,,,,,,,,,,,,0,,,,3.56192755,,,,,,112.05915835,,,,
,44279223.225,111.96452715,1999.70202636719,4.81399002481852E-5,2.71872136920071E-7,1,0.999253354069792,40.0298881530762,1.99139608648114,18.4099990874529,0.000548878670276589,9.75571503595556E-5,0.25,2.10174134720665E-7,4.84168648061588E-5,3.52055525169349E-7,111.9171982,112.0118561,1999.70202636719,1999.70202636719,61.4203690411603,20.731745327184,6.646428,0,0,0,40,4886,103.5449,1999.70202636719,,,,,,,,,,,,,0,,,,3.56192755,,,,,,111.96452715,,,,
,44279224.335,111.86644365,1999.70202636719,4.80247582330083E-5,3.11337458997758E-7,1,0.999253354069792,40.0298881530762,1.99132236274543,18.4099990874529,0.000546516861979049,0.000103264893683098,0.25,7.30436447834501E-7,4.82995509818844E-5,8.75208600299746E-7,111.8156891,111.9171982,1999.70202636719,1999.70202636719,61.3601836451796,20.7303752590766,6.646428,0,0,0,40,4886,103.44935,1999.70202636719,,,,,,,,,,,,,0,,,,3.56192755,,,,,,111.86644365,,,,
,44279241.34,110.326889,1999.70202636719,,,2,,,,18.4759995681643,,,,,,,110.326889,110.326889,1999.70202636719,1999.70202636719,,,6.646428,,,,-99999999,4886,102.05,1999.70202636719,,,,,,,,,,,,,,,,,,,,,,,110.326889,,,,
touchdown = 14.0699995681643 mm,44279254.865,109.08197405,1999.70202636719,4.92256883533213E-5,3.40532376062482E-7,1,0.999253354069792,40.0298881530762,1.9914748078532,18.4599999338388,0.000560923781965286,0.000101845010872725,0.25,3.90873437394879E-7,4.95088003388381E-5,5.4358414517385E-7,109.0375824,109.1263657,1999.70202636719,1999.70202636719,61.0701994645449,20.7298521114786,6.273368,0,0,0,40,4886,100.93125,1999.70202636719,,,,,,,,,,,,,0,,,,3.56192755,,,,,,109.08197405,,,,
,44279255.625,108.98902895,1999.70202636719,4.95567312676954E-5,2.80090860872104E-7,1,0.999253354069792,40.0298881530762,1.9913868045949,18.4599999338388,0.000564407079773429,0.000104055516419143,0.25,5.27371162849479E-7,4.98413474853161E-5,6.8209598057937E-7,108.9404755,109.0375824,1999.70202636719,1999.70202636719,61.2609168232372,20.7306618640216,6.646428,0,0,0,40,4886,100.85055,1999.70202636719,,,,,,,,,,,,,0,,,,3.544136,,,,,,108.98902895,,,,
,44279256.785,108.89039995,1999.70202636719,4.91093148805886E-5,2.92741077550653E-7,1,0.999253354069792,40.0298881530762,1.99155153923287,18.4700004756451,0.00055997241216298,9.95627761236843E-5,0.25,2.10159395308052E-7,4.93922677572703E-5,3.62041160388974E-7,108.8403244,108.9404755,1999.70202636719,1999.70202636719,60.9873468415065,20.7314313624181,6.646428,0,0,0,40,4886,100.7143,1999.70202636719,,,,,,,,,,,,,0,,,,3.56192755,,,,,,108.89039995,,,,
,44279258.72,108.7396469,1999.70202636719,4.95555307471338E-5,2.94624955419068E-7,1,0.999253354069792,40.0298881530762,1.99151113559907,18.4700004756451,0.000564660498725858,0.000102712205397003,0.25,4.08678944528724E-7,4.98404984916209E-5,5.63354091399033E-7,108.7396469,108.7396469,1999.70202636719,1999.70202636719,60.9982896407757,20.7304044954903,6.646428,0,0,0,40,4886,100.6103,1999.70202636719,,,,,,,,,,,,,0,,,,3.544136,,,,,,108.7396469,,,,
,44279260.17,108.6548996,1999.70202636719,4.97610658131646E-5,2.75068731874657E-7,1,0.999253354069792,40.0298881530762,1.99148558078602,18.4599999338388,0.000566869885173254,0.00010385704782613,0.25,4.73134758857646E-7,5.00469540529834E-5,6.29173979334024E-7,108.6548996,108.6548996,1999.70202636719,1999.70202636719,61.2171456261603,20.7309229556093,6.646428,0,0,0,40,4886,100.47605,1999.70202636719,,,,,,,,,,,,,0,,,,3.5797191,,,,,,108.6548996,,,,
,44279260.875,108.556324,1999.70202636719,4.97160669659049E-5,2.57731773245579E-7,1,0.999253354069792,40.0298881530762,1.99154692282942,18.4599999338388,0.000567066373083396,9.97735295375198E-5,0.25,1.22586977984629E-7,5.00027875603395E-5,2.7668729363185E-7,108.4577484,108.6548996,1999.70202636719,1999.70202636719,61.0233017533911,20.7329502841957,6.273368,0,0,0,40,4886,100.39295,1999.70202636719,,,,,,,,,,,,,0,,,,3.5797191,,,,,,108.556324,,,,
,44279262.04,108.41334535,1999.70202636719,4.97985943790923E-5,2.8257132036831E-7,1,0.999253354069792,40.0298881530762,1.99147881538479,18.4599999338388,0.000567840002513753,0.000100800918576612,0.25,1.98378770527915E-7,5.00856278942313E-5,3.53381153414478E-7,108.3689423,108.4577484,1999.70202636719,1999.70202636719,61.1866621139103,20.7324433210802,6.273368,0,0,0,40,4886,100.3156,1999.70202636719,,,,,,,,,,,,,0,,,,3.5797191,,,,,,108.41334535,,,,
,44279263.23,108.3207169,1999.70202636719,4.9692254848405E-5,2.54842887012799E-7,1,0.999253354069792,40.0298881530762,1.99150854417213,18.4599999338388,0.000566048462663998,0.000103972834167728,0.25,4.94451706202812E-7,4.99777655698536E-5,6.51052982291446E-7,108.2724915,108.3689423,1999.70202636719,1999.70202636719,61.1577418586988,20.7313604861037,6.646428,0,0,0,40,4886,100.23535,1999.70202636719,,,,,,,,,,,,,0,,,,3.56192755,,,,,,108.3207169,,,,
,44279264.48,108.22806935,1999.70202636719,4.96814007334264E-5,3.17585641510349E-7,1,0.999253354069792,40.0298881530762,1.9915343071672,18.4599999338388,0.000565990060269927,0.000103613333816656,0.25,4.64424796079354E-7,4.99669093784318E-5,6.21117933880891E-7,108.1836472,108.2724915,1999.70202636719,1999.70202636719,61.148362316468,20.7309644373657,6.273368,0,0,0,40,4886,100.12505,1999.70202636719,,,,,,,,,,,,,0,,,,3.544136,,,,,,108.22806935,,,,
,44279265.675,108.14117815,1999.70202636719,4.96747244103825E-5,3.18080792933257E-7,1,0.999253354069792,40.0298881530762,1.99144335890184,18.4599999338388,0.000566188403799363,0.000101868255669929,0.25,3.1275565120926E-7,4.99606293945078E-5,4.68844211968175E-7,108.0987091,108.1836472,1999.70202636719,1999.70202636719,61.239812853218,20.7313662246594,6.646428,0,0,0,40,4886,100.0176,1999.70202636719,,,,,,,,,,,,,0,,,,3.544136,,,,,,108.14117815,,,,
,44279266.785,108.0485573,1999.70202636719,4.97305651846035E-5,2.75488744293549E-7,1,0.999253354069792,40.0298881530762,1.99152724749782,18.4599999338388,0.00056660221524391,0.000103400100569759,0.25,4.36674558711863E-7,5.00163794110717E-5,5.93941668313883E-7,107.9984055,108.0987091,1999.70202636719,1999.70202636719,61.2022946842949,20.7333827438141,6.273368,0,0,0,40,4886,99.9115,1999.70202636719,,,,,,,,,,,,,0,,,,3.544136,,,,,,108.0485573,,,,
,44279267.84,107.9613533,1999.70202636719,4.93934351018119E-5,2.68897417292285E-7,1,0.999253354069792,40.0298881530762,1.99153372747487,18.4700004756451,0.000562777461795323,0.000102615605919142,0.25,4.26157035730997E-7,4.96773372219294E-5,5.82524100622372E-7,107.9243011,107.9984055,1999.70202636719,1999.70202636719,61.0334629241411,20.7295057728864,6.646428,0,0,0,40,4886,99.8344,1999.70202636719,,,,,,,,,,,,,0,,,,3.56192755,,,,,,107.9613533,,,,
,44279268.955,107.83185955,1999.70202636719,5.00043216134896E-5,3.04135749307102E-7,1,0.999253354069792,40.0298881530762,1.99149158347366,18.4599999338388,0.000569380601306266,0.000105879021244142,0.25,6.06162893316249E-7,5.02912392228184E-5,7.65689080252273E-7,107.739418,107.9243011,1999.70202636719,1999.70202636719,61.3328266470065,20.7285693271271,6.646428,0,0,0,40,4886,99.75635,1999.70202636719,,,,,,,,,,,,,0,,,,3.56192755,,,,,,107.83185955,,,,
,44279270.115,107.70236205,1999.70202636719,4.99473123519533E-5,2.98665043164724E-7,1,0.999253354069792,40.0298881530762,1.99156831525853,18.4599999338388,0.000568475585897991,0.000107358277839242,0.25,7.4503970730201E-7,5.02334724034249E-5,9.05494920250434E-7,107.6653061,107.739418,1999.70202636719,1999.70202636719,61.1772825716796,20.7336945879463,6.273368,0,0,0,40,4886,99.64615,1999.70202636719,,,,,,,,,,,,,0,,,,3.56192755,,,,,,107.70236205,,,,
,44279271.32,107.62303925,1999.70202636719,5.00121570529519E-5,2.84446735181477E-7,1,0.999253354069792,40.0298881530762,1.99149615334174,18.4599999338388,0.000570351448902161,0.000100817262995189,0.25,1.60585799924552E-7,5.0300469482368E-5,3.18171089894625E-7,107.5807724,107.6653061,1999.70202636719,1999.70202636719,61.1757193146411,20.7322013376095,6.646428,0,0,0,40,4886,99.5369,1999.70202636719,,,,,,,,,,,,,0,,,,3.56192755,,,,,,107.62303925,,,,
,44279272.585,107.5344124,1999.70202636719,4.96376503548932E-5,3.55344952618896E-7,1,0.999253354069792,40.0298881530762,1.99146885518683,18.4700004756451,0.000565568071847712,0.000102972364790638,0.25,4.1431128768736E-7,4.9923002524237E-5,5.72410656758785E-7,107.4880524,107.5807724,1999.70202636719,1999.70202636719,61.0686362075065,20.7321997380778,6.646428,0,0,0,40,4886,99.4566,1999.70202636719,,,,,,,,,,,,,0,,,,3.544136,,,,,,107.5344124,,,,
,44279274.735,107.2948303,1999.70202636719,4.98882879143867E-5,3.86983950979532E-7,1,0.999253354069792,40.0298881530762,1.99148837140449,18.4599999338388,0.000569130843551766,9.94502657158142E-5,0.25,6.15581958074691E-8,5.01762283661202E-5,2.1892699721275E-7,107.2948303,107.2948303,1999.70202636719,1999.70202636719,61.1874437424296,20.7318423564804,6.273368,0,0,0,40,4886,99.2701,1999.70202636719,,,,,,,,,,,,,0,,,,3.5797191,,,,,,107.2948303,,,,
,44279275.455,107.252594,1999.70202636719,4.95479557900314E-5,4.59548176914426E-7,1,0.999253354069792,40.0298881530762,1.99146889803062,18.4700004756451,0.000564549336391923,0.000102770677559154,0.25,4.1159564872051E-7,4.98328409310549E-5,5.69991979626304E-7,107.2103577,107.2948303,1999.70202636719,1999.70202636719,61.0967748341988,20.7330555633635,6.646428,0,0,0,40,4886,99.24245,1999.70202636719,,,,,,,,,,,,,0,,,,3.5797191,,,,,,107.252594,,,,
,44279276.665,107.1601944,1999.70202636719,5.05662664471323E-5,3.35393766661867E-7,1,0.999253354069792,40.0298881530762,1.99148980707667,18.4599999338388,0.000576666996979806,0.000101948160970875,0.25,1.62545041679709E-7,5.08578170825399E-5,3.22940073353284E-7,107.1100311,107.2103577,1999.70202636719,1999.70202636719,61.2273067969103,20.7304497158373,6.273368,0,0,0,40,4886,99.16125,1999.70202636719,,,,,,,,,,,,,0,,,,3.5797191,,,,,,107.1601944,,,,
,44279277.775,107.0310173,1999.70202636719,4.94721308220908E-5,2.9413432434578E-7,1,0.999253354069792,40.0298881530762,1.99155532032619,18.4700004756451,0.000563600735022809,0.000103240387571911,0.25,4.65017629672555E-7,4.97564133628922E-5,6.24008044088305E-7,106.9520035,107.1100311,1999.70202636719,1999.70202636719,61.0350261811795,20.7312343418087,6.646428,0,0,0,40,4886,99.05415,1999.70202636719,,,,,,,,,,,,,0,,,,3.56192755,,,,,,107.0310173,,,,
,44279278.89,106.9054489,1999.70202636719,5.02873183394518E-5,2.92521128508698E-7,1,0.999253354069792,40.0298881530762,1.99147984219881,18.4599999338388,0.000573192809552347,0.000103059311149457,0.25,3.07754425065735E-7,5.05768088069573E-5,4.68713760377868E-7,106.8588943,106.9520035,1999.70202636719,1999.70202636719,61.1389827742372,20.7314750085939,6.646428,0,0,0,40,4886,98.948,1999.70202636719,,,,,,,,,,,,,0,,,,3.544136,,,,,,106.9054489,,,,
,44279280.09,106.81791305,1999.70202636719,5.02501249833131E-5,2.93893430464142E-7,1,0.999253354069792,40.0298881530762,1.99155770870371,18.4700004756451,0.000572130662472761,0.000106788070318914,0.25,6.4041619041171E-7,5.05383386654136E-5,8.03408023119916E-7,106.7769318,106.8588943,1999.70202636719,1999.70202636719,61.0592566652757,20.7337990960126,6.646428,0,0,0,40,4886,98.86765,1999.70202636719,,,,,,,,,,,,,0,,,,3.56192755,,,,,,106.81791305,,,,
,44279281.35,106.72877125,1999.70202636719,4.98255245351592E-5,3.18172195407129E-7,1,0.999253354069792,40.0298881530762,1.99148988720122,18.4599999338388,0.000567957073361448,0.000101964779549659,0.25,2.91384875834444E-7,5.01123499340818E-5,4.51317803687233E-7,106.6806107,106.7769318,1999.70202636719,1999.70202636719,61.1475806879488,20.7318606878342,6.273368,0,0,0,40,4886,98.7605,1999.70202636719,,,,,,,,,,,,,0,,,,3.5797191,,,,,,106.72877125,,,,
,44279282.61,106.59918215,1999.70202636719,4.99184213162402E-5,2.6988505313324E-7,1,0.999253354069792,40.0298881530762,1.99149209669248,18.4599999338388,0.000569253704728799,0.000100786370226189,0.25,1.71612740775663E-7,5.02061326584782E-5,3.31527386541046E-7,106.5177536,106.6806107,1999.70202636719,1999.70202636719,61.3734713300065,20.7320383200943,6.273368,0,0,0,40,4886,98.62755,1999.70202636719,,,,,,,,,,,,,0,,,,3.56192755,,,,,,106.59918215,,,,
,44279283.805,106.46603395,1999.70202636719,5.0376563732563E-5,3.24079407463632E-7,1,0.999253354069792,40.0298881530762,1.99148177318244,18.4599999338388,0.000574100395267075,0.000103874972568825,0.25,3.62608679180889E-7,5.06663551230822E-5,5.25318211019438E-7,106.4143143,106.5177536,1999.70202636719,1999.70202636719,61.3992650711411,20.7321159032846,6.273368,0,0,0,40,4886,98.54675,1999.70202636719,,,,,,,,,,,,,0,,,,3.544136,,,,,,106.46603395,,,,
,44279284.935,106.37374115,1999.70202636719,5.01511617082227E-5,2.607044217032E-7,1,0.999253354069792,40.0298881530762,1.99154878917217,18.4599999338388,0.000571226152906833,0.000105279560199675,0.25,5.24287904784359E-7,5.04391289653379E-5,6.87446396349974E-7,106.333168,106.4143143,1999.70202636719,1999.70202636719,61.1124074045834,20.7317455030332,6.273368,0,0,0,40,4886,98.46545,1999.70202636719,,,,,,,,,,,,,0,,,,3.56192755,,,,,,106.37374115,,,,
,44279286.82,106.2292633,1999.70202636719,5.01563036524934E-5,2.47362974020197E-7,1,0.999253354069792,40.0298881530762,1.99149512724018,18.4599999338388,0.000571887728894735,0.000101724149604968,0.25,2.11588394336268E-7,5.04452424067589E-5,3.73422311333154E-7,106.2292633,106.2292633,1999.70202636719,1999.70202636719,61.2210537687565,20.7318036256453,6.646428,0,0,0,40,4886,98.3043,1999.70202636719,,,,,,,,,,,,,0,,,,3.544136,,,,,,106.2292633,,,,
,44279287.47,106.1741829,1999.70202636719,5.01474705739726E-5,2.54776823279617E-7,1,0.999253354069792,40.0298881530762,1.99150757859064,18.4599999338388,0.000571171328079475,0.00010527383258354,0.25,5.24005409560195E-7,5.04353464336889E-5,6.87768698150873E-7,106.1191025,106.2292633,1999.70202636719,1999.70202636719,61.2210537687565,20.7325756481237,6.273368,0,0,0,40,4886,98.2512,1999.70202636719,,,,,,,,,,,,,0,,,,3.544136,,,,,,106.1741829,,,,
,44279288.595,106.0729256,1999.70202636719,5.05697092084725E-5,3.36182419927183E-7,1,0.999253354069792,40.0298881530762,1.9914951400051,18.4599999338388,0.000576245250216162,0.000104614761952137,0.25,3.92794976847617E-7,5.0860447165103E-5,5.57389279701484E-7,106.0267487,106.1191025,1999.70202636719,1999.70202636719,61.2515372810065,20.7319886770466,6.273368,0,0,0,40,4886,98.17085,1999.70202636719,,,,,,,,,,,,,0,,,,3.544136,,,,,,106.0729256,,,,
,44279289.735,105.98061375,1999.70202636719,5.01804846806375E-5,2.86117172876987E-7,1,0.999253354069792,40.0298881530762,1.99142993834073,18.4599999338388,0.00057203464431857,0.000102406087810078,0.25,2.66749898916122E-7,5.04693350612039E-5,4.29678864264447E-7,105.9344788,106.0267487,1999.70202636719,1999.70202636719,61.2218353972757,20.7316443919104,6.273368,0,0,0,40,4886,98.06365,1999.70202636719,,,,,,,,,,,,,0,,,,3.544136,,,,,,105.98061375,,,,
,44279290.92,105.88861465,1999.70202636719,5.06168595663491E-5,2.85499637767595E-7,1,0.999253354069792,40.0298881530762,1.99152900521556,18.4599999338388,0.000576659068034655,0.000105470652987024,0.25,4.58792597921803E-7,5.09075267088348E-5,6.24625052329646E-7,105.8427505,105.9344788,1999.70202636719,1999.70202636719,61.3031247632757,20.7335744606402,6.273368,0,0,0,40,4886,97.9306,1999.70202636719,,,,,,,,,,,,,0,,,,3.544136,,,,,,105.88861465,,,,
,44279292.915,105.6692276,1999.70202636719,5.03180894493998E-5,3.56386201737151E-7,1,0.999253354069792,40.0298881530762,1.99138966303274,18.4599999338388,0.000573311041962004,0.000104306176880634,0.25,4.08865742817768E-7,5.06072898452065E-5,5.73767142488192E-7,105.6692276,105.6692276,1999.70202636719,1999.70202636719,61.3297001329296,20.7320224838281,6.646428,0,0,0,40,4886,97.8221,1999.70202636719,,,,,,,,,,,,,0,,,,3.5797191,,,,,,105.6692276,,,,
,44279293.565,105.61735535,1999.70202636719,5.06201054534271E-5,3.06574302322371E-7,1,0.999253354069792,40.0298881530762,1.99147946769106,18.4700004756451,0.000577541261848655,0.000100529313581353,0.25,2.48318861469224E-8,5.09122389637013E-5,1.88721998016807E-7,105.5654831,105.6692276,1999.70202636719,1999.70202636719,61.0756708641795,20.7312333875817,6.273368,0,0,0,40,4886,97.7444,1999.70202636719,,,,,,,,,,,,,0,,,,3.5797191,,,,,,105.61735535,,,,
,44279294.775,105.52503585,1999.70202636719,5.09189661932458E-5,2.96034666773072E-7,1,0.999253354069792,40.0298881530762,1.99154830126598,18.4599999338388,0.000579920603552549,0.000107170484748882,0.25,5.5438088076576E-7,5.12110637771965E-5,7.22609271230976E-7,105.4845886,105.5654831,1999.70202636719,1999.70202636719,61.3156308195834,20.73096240544,6.273368,0,0,0,40,4886,97.6391,1999.70202636719,,,,,,,,,,,,,0,,,,3.56192755,,,,,,105.52503585,,,,
,44279296.07,105.4329872,1999.70202636719,5.04479365580119E-5,3.09257077504281E-7,1,0.999253354069792,40.0298881530762,1.9914383490619,18.4700004756451,0.000575951913461579,9.79562067156324E-5,0.25,-1.71165481655773E-7,5.07396578673095E-5,-8.41168218538874E-9,105.3813858,105.4845886,1999.70202636719,1999.70202636719,61.3070329058719,20.7317508312591,6.646428,0,0,0,40,4886,97.5585,1999.70202636719,,,,,,,,,,,,,0,,,,3.544136,,,,,,105.4329872,,,,
,44279297.28,105.32600405,1999.70202636719,5.07415243801126E-5,3.22781574385288E-7,1,0.999253354069792,40.0298881530762,1.99154583039638,18.4599999338388,0.000578549206089155,0.000103047988764981,0.25,2.23353235622954E-7,5.10336266723138E-5,3.8965742747615E-7,105.2706223,105.3813858,1999.70202636719,1999.70202636719,61.1960416561411,20.7325863066607,6.273368,0,0,0,40,4886,97.4516,1999.70202636719,,,,,,,,,,,,,0,,,,3.544136,,,,,,105.32600405,,,,
,44279298.445,105.1876526,1999.70202636719,5.06739523873765E-5,2.73637958866648E-7,1,0.999253354069792,40.0298881530762,1.99149243112159,18.4700004756451,0.000577551015619969,0.000104135296697855,0.25,3.30284506228643E-7,5.09653185415932E-5,4.9730755588862E-7,105.1046829,105.2706223,1999.70202636719,1999.70202636719,61.2429393672949,20.7327516068047,6.273368,0,0,0,40,4886,97.34465,1999.70202636719,,,,,,,,,,,,,0,,,,3.544136,,,,,,105.1876526,,,,
,44279299.66,105.05473325,1999.70202636719,5.08379519362141E-5,2.90343614133606E-7,1,0.999253354069792,40.0298881530762,1.99150357380028,18.4700004756451,0.000579539327008873,0.000103804086735587,0.25,2.7242257637425E-7,5.11304489451938E-5,4.39967042920531E-7,105.0047836,105.1046829,1999.70202636719,1999.70202636719,61.2632617087949,20.7325715875651,6.273368,0,0,0,40,4886,97.23855,1999.70202636719,,,,,,,,,,,,,0,,,,3.544136,,,,,,105.05473325,,,,
,44279300.845,104.9569969,1999.70202636719,5.08398226046069E-5,2.84992563980702E-7,1,0.999253354069792,40.0298881530762,1.99150605006302,18.4599999338388,0.000578952782092924,0.000107313231180598,0.25,5.79386442606963E-7,5.11313197277108E-5,7.48951898469971E-7,104.9092102,105.0047836,1999.70202636719,1999.70202636719,61.2828024217757,20.7330891912042,6.273368,0,0,0,40,4886,97.1583,1999.70202636719,,,,,,,,,,,,,0,,,,3.544136,,,,,,104.9569969,,,,
,44279302.045,104.8649597,1999.70202636719,5.10700847356347E-5,3.01977423854467E-7,1,0.999253354069792,40.0298881530762,1.99141843759293,18.4599999338388,0.000581188164228014,0.000109878421025758,0.25,7.64311485554013E-7,5.13622456232994E-5,9.36027888560459E-7,104.8207092,104.9092102,1999.70202636719,1999.70202636719,61.1796274572372,20.7327176280372,6.273368,0,0,0,40,4886,97.0497,1999.70202636719,,,,,,,,,,,,,0,,,,3.544136,,,,,,104.8649597,,,,
,44279303.24,104.7784271,1999.70202636719,5.14307573601755E-5,2.52734865261354E-7,1,0.999253354069792,40.0298881530762,1.99149653411212,18.4700004756451,0.00058616645555814,0.000105747237124527,0.25,3.38962813465996E-7,5.17263296468695E-5,5.09736428886631E-7,104.736145,104.8207092,1999.70202636719,1999.70202636719,61.0795790067757,20.7331506508709,6.273368,0,0,0,40,4886,96.9427,1999.70202636719,,,,,,,,,,,,,0,,,,3.544136,,,,,,104.7784271,,,,
,44279304.36,104.69021985,1999.70202636719,5.0733458560086E-5,2.68881679519005E-7,1,0.999253354069792,40.0298881530762,1.9915076547441,18.4599999338388,0.000578799002516709,0.000100990974364643,0.25,4.28934726016999E-8,5.10259628390516E-5,2.09912052370341E-7,104.6442947,104.736145,1999.70202636719,1999.70202636719,61.0999013482757,20.7327655097015,6.646428,0,0,0,40,4886,96.86355,1999.70202636719,,,,,,,,,,,,,0,,,,3.56192755,,,,,,104.69021985,,,,
,44279305.565,104.55218505,1999.70202636719,5.09228736133977E-5,2.67867456081304E-7,1,0.999253354069792,40.0298881530762,1.99147309234882,18.4599999338388,0.000579763493550223,0.000108202080535072,0.25,6.41816810516451E-7,5.12144924110072E-5,8.13246968045334E-7,104.4600754,104.6442947,1999.70202636719,1999.70202636719,61.1460174309103,20.7315045054258,6.273368,0,0,0,40,4886,96.75485,1999.70202636719,,,,,,,,,,,,,0,,,,3.5797191,,,,,,104.55218505,,,,
,44279306.815,104.41957855,1999.70202636719,5.09149557613522E-5,2.35802773039465E-7,1,0.999253354069792,40.0298881530762,1.99162357476826,18.4599999338388,0.000580901221185648,0.000101363357599405,0.25,4.29417563033469E-8,5.12085314196395E-5,2.11140514116214E-7,104.3790817,104.4600754,1999.70202636719,1999.70202636719,61.371908072968,20.7331184814658,6.273368,0,0,0,40,4886,96.6741,1999.70202636719,,,,,,,,,,,,,0,,,,3.56192755,,,,,,104.41957855,,,,
,44279307.885,104.32769775,1999.70202636719,5.10986785675044E-5,2.53594590539681E-7,1,0.999253354069792,40.0298881530762,1.99145563133176,18.4599999338388,0.000582814781032527,0.000102501702819096,0.25,1.11284065604768E-7,5.13930737542641E-5,2.80727161024457E-7,104.2763138,104.3790817,1999.70202636719,1999.70202636719,61.1022462338334,20.7319018473452,6.273368,0,0,0,40,4886,96.5954,1999.70202636719,,,,,,,,,,,,,0,,,,3.544136,,,,,,104.32769775,,,,
,44279308.93,104.23578265,1999.70202636719,5.1263406031924E-5,2.92210486281112E-7,1,0.999253354069792,40.0298881530762,1.99149469744024,18.4599999338388,0.000583811423158009,0.000107973664897835,0.25,5.61759153021328E-7,5.15571996028063E-5,7.34680547795338E-7,104.1952515,104.2763138,1999.70202636719,1999.70202636719,61.303906391795,20.7320906756969,6.646428,0,0,0,40,4886,96.4876,1999.70202636719,,,,,,,,,,,,,0,,,,3.544136,,,,,,104.23578265,,,,
,44279310.11,104.1530533,1999.70202636719,5.1185000105617E-5,3.18305277275745E-7,1,0.999253354069792,40.0298881530762,1.99150792828699,18.4599999338388,0.000583454148602424,0.000104740766927581,0.25,2.91660255662049E-7,5.14791630709528E-5,4.63098560825564E-7,104.1108551,104.1952515,1999.70202636719,1999.70202636719,61.1296032320065,20.7318659191345,6.646428,0,0,0,40,4886,96.3805,1999.70202636719,,,,,,,,,,,,,0,,,,3.56192755,,,,,,104.1530533,,,,
,44279311.29,104.061409,1999.70202636719,5.08571636812558E-5,2.68795916549161E-7,1,0.999253354069792,40.0298881530762,1.9915084331648,18.4700004756451,0.00057997796809519,0.000102567573228888,0.25,1.57880788131996E-7,5.11498611977176E-5,3.27708287019682E-7,104.0119629,104.1108551,1999.70202636719,1999.70202636719,61.3429878177565,20.7314973776312,6.273368,0,0,0,40,4886,96.3009,1999.70202636719,,,,,,,,,,,,,0,,,,3.56192755,,,,,,104.061409,,,,
,44279312.405,103.96926115,1999.70202636719,5.0569997611599E-5,3.2593277300584E-7,1,0.999253354069792,40.0298881530762,1.99153092985354,18.4599999338388,0.000576530736084377,0.00010301516485358,0.25,2.46592735156737E-7,5.08607025535854E-5,4.16270442839397E-7,103.9265594,104.0119629,1999.70202636719,1999.70202636719,61.3328266470065,20.7327229021223,6.273368,0,0,0,40,4886,96.2066,1999.70202636719,,,,,,,,,,,,,0,,,,3.544136,,,,,,103.96926115,,,,
,44279313.575,103.82957075,1999.70202636719,5.11679651971542E-5,2.35891426564603E-7,1,0.999253354069792,40.0298881530762,1.99142851059746,18.4599999338388,0.000583611688163843,0.000102541374572196,0.25,1.01257701629163E-7,5.14625489833484E-5,2.72511459510276E-7,103.7325821,103.9265594,1999.70202636719,1999.70202636719,61.5977987150258,20.7332313662633,6.273368,0,0,0,40,4886,96.07195,1999.70202636719,,,,,,,,,,,,,0,,,,3.544136,,,,,,103.82957075,,,,
,44279314.85,103.6882286,1999.70202636719,5.14682547596343E-5,3.17038376721251E-7,1,0.999253354069792,40.0298881530762,1.9914138816369,18.4599999338388,0.000585824619751976,0.000110099302374431,0.25,7.11290242397493E-7,5.17625457546185E-5,8.87358614102546E-7,103.6438751,103.7325821,1999.70202636719,1999.70202636719,61.2859289358526,20.7327782470085,6.273368,0,0,0,40,4886,95.97875,1999.70202636719,,,,,,,,,,,,,0,,,,3.56192755,,,,,,103.6882286,,,,
,44279316.095,103.59627915,1999.70202636719,5.16025575657377E-5,2.8490117352013E-7,1,0.999253354069792,40.0298881530762,1.9915473339319,18.4599999338388,0.000588088670677231,0.00010637226685872,0.25,3.60424950240569E-7,5.18987497687343E-5,5.35217776416485E-7,103.5486832,103.6438751,1999.70202636719,1999.70202636719,61.649386197295,20.7338534088699,6.646428,0,0,0,40,4886,95.88545,1999.70202636719,,,,,,,,,,,,,0,,,,3.56192755,,,,,,103.59627915,,,,
,44279317.235,103.5044403,1999.70202636719,5.14089893912889E-5,2.51114953282876E-7,1,0.999253354069792,40.0298881530762,1.99152477196064,18.4599999338388,0.000586047959673118,0.000104982193669285,0.25,2.72060362352209E-7,5.17043346575964E-5,4.45957950323832E-7,103.4601974,103.5486832,1999.70202636719,1999.70202636719,61.3085961629103,20.7323517432204,6.646428,0,0,0,40,4886,95.80345,1999.70202636719,,,,,,,,,,,,,0,,,,3.56192755,,,,,,103.5044403,,,,
,44279318.415,103.41797635,1999.70202636719,5.15702921755153E-5,2.59548509977597E-7,1,0.999253354069792,40.0298881530762,1.99149784074912,18.4700004756451,0.000587280149326519,0.000108758569677999,0.25,5.74918030809851E-7,5.18655394644361E-5,7.51319874275551E-7,103.3757553,103.4601974,1999.70202636719,1999.70202636719,61.324228733295,20.7341412267797,6.273368,0,0,0,40,4886,95.7355,1999.70202636719,,,,,,,,,,,,,0,,,,3.56192755,,,,,,103.41797635,,,,
,44279319.705,103.2896385,1999.70202636719,5.14196551172081E-5,3.35727494745033E-7,1,0.999253354069792,40.0298881530762,1.99147181093605,18.4599999338388,0.000585707582995074,0.000107571608802965,0.25,4.96797287907468E-7,5.17142466651525E-5,6.72627461614109E-7,103.2035217,103.3757553,1999.70202636719,1999.70202636719,61.1983865416988,20.7334804084366,6.273368,0,0,0,40,4886,95.6158,1999.70202636719,,,,,,,,,,,,,0,,,,3.56192755,,,,,,103.2896385,,,,
,44279320.945,103.1613693,1999.70202636719,5.14183094486739E-5,2.50936150086931E-7,1,0.999253354069792,40.0298881530762,1.99153316429505,18.4599999338388,0.000585873127451702,0.000106626468429018,0.25,4.13551069344511E-7,5.17131251769022E-5,5.89277491931957E-7,103.1192169,103.2035217,1999.70202636719,1999.70202636719,61.2773310221411,20.7330671118033,6.646428,0,0,0,40,4886,95.4977,1999.70202636719,,,,,,,,,,,,,0,,,,3.56192755,,,,,,103.1613693,,,,
,44279322.935,103.0275574,1999.70202636719,5.16744264030858E-5,2.86151558266076E-7,1,0.999253354069792,40.0298881530762,1.99156222024056,18.4599999338388,0.000589365312387705,0.000103893185880481,0.25,1.28850777112309E-7,5.19715434352333E-5,3.04365158838381E-7,103.0275574,103.0275574,1999.70202636719,1999.70202636719,61.6314087413527,20.7326113463153,6.646428,0,0,0,40,4886,95.32405,1999.70202636719,,,,,,,,,,,,,0,,,,3.544136,,,,,,103.0275574,,,,
,44279323.64,102.93585205,1999.70202636719,5.14667029347871E-5,2.95584591075763E-7,1,0.999253354069792,40.0298881530762,1.99151120189704,18.4599999338388,0.000587029686511483,0.000103199954415178,0.25,1.04259326265311E-7,5.17627434874004E-5,2.79065090807734E-7,102.8441467,103.0275574,1999.70202636719,1999.70202636719,61.3070329058719,20.7321438087958,6.273368,0,0,0,40,4886,95.28245,1999.70202636719,,,,,,,,,,,,,0,,,,3.56192755,,,,,,102.93585205,,,,
,44279324.765,102.80348965,1999.70202636719,5.12266979257641E-5,2.30864367005634E-7,1,0.999253354069792,40.0298881530762,1.99156278169442,18.4599999338388,0.000584021596920283,0.000104363370996302,0.25,2.47432264845333E-7,5.15208918709131E-5,4.22505683078915E-7,102.7628326,102.8441467,1999.70202636719,1999.70202636719,61.2101109694872,20.7334871553814,6.273368,0,0,0,40,4886,95.20375,1999.70202636719,,,,,,,,,,,,,0,,,,3.56192755,,,,,,102.80348965,,,,
,44279325.865,102.7261505,1999.70202636719,5.17010472318993E-5,3.06908386779974E-7,1,0.999253354069792,40.0298881530762,1.99153808951519,18.4599999338388,0.000589535194333446,0.000104674005533868,0.25,1.92027572315216E-7,5.19980687488407E-5,3.68741538065387E-7,102.6894684,102.7628326,1999.70202636719,1999.70202636719,61.2304333109873,20.7339742548788,6.273368,0,0,0,40,4886,95.09645,1999.70202636719,,,,,,,,,,,,,0,,,,3.544136,,,,,,102.7261505,,,,
,44279327.04,102.6530762,1999.70202636719,5.17314043420348E-5,2.50457901531614E-7,1,0.999253354069792,40.0298881530762,1.99150989143815,18.4599999338388,0.000590286747881255,0.000102347894460991,0.25,-1.73327880470256E-8,5.20292099097933E-5,1.58642006405375E-7,102.616684,102.6894684,1999.70202636719,1999.70202636719,61.2718596225065,20.7335845941689,6.273368,0,0,0,40,4886,94.9862,1999.70202636719,,,,,,,,,,,,,0,,,,3.544136,,,,,,102.6530762,,,,
,44279328.27,102.52822495,1999.70202636719,5.16191316229167E-5,2.62183303902636E-7,1,0.999253354069792,40.0298881530762,1.99149079022063,18.4599999338388,0.000588913380286144,0.000102625341768748,0.25,2.63018643170529E-8,5.19161476081363E-5,2.02415383484709E-7,102.4397659,102.616684,1999.70202636719,1999.70202636719,61.2992166206796,20.7330628500828,6.273368,0,0,0,40,4886,94.90445,1999.70202636719,,,,,,,,,,,,,0,,,,3.544136,,,,,,102.52822495,,,,
,44279329.47,102.39953995,1999.70202636719,5.20400728461686E-5,2.68263564088661E-7,1,0.999253354069792,40.0298881530762,1.99150699946967,18.4599999338388,0.000592750419127397,0.000109047047498762,0.25,5.15652963808837E-7,5.23378548258662E-5,6.96281226472104E-7,102.359314,102.4397659,1999.70202636719,1999.70202636719,61.3046880203142,20.7324444373795,6.273368,0,0,0,40,4886,94.82555,1999.70202636719,,,,,,,,,,,,,0,,,,3.544136,,,,,,102.39953995,,,,
,44279330.6,102.3225136,1999.70202636719,5.2278949973019E-5,3.37987123716127E-7,1,0.999253354069792,40.0298881530762,1.99156465907643,18.4599999338388,0.000595244038997413,0.000110949638263218,0.25,6.40370007261045E-7,5.25776273113085E-5,8.22802651522215E-7,102.2857132,102.359314,1999.70202636719,1999.70202636719,61.2148007406026,20.7328451471504,6.273368,0,0,0,40,4886,94.7446,1999.70202636719,,,,,,,,,,,,,0,,,,3.56192755,,,,,,102.3225136,,,,
,44279331.805,102.2436714,1999.70202636719,5.20546054061702E-5,2.98527523392028E-7,1,0.999253354069792,40.0298881530762,1.99153372422683,18.4599999338388,0.000592889836866197,0.000109262478384107,0.25,5.31279065865486E-7,5.23522615858284E-5,7.12684134874618E-7,102.2016296,102.2857132,1999.70202636719,1999.70202636719,61.2124558550449,20.7322377537221,6.646428,0,0,0,40,4886,94.63465,1999.70202636719,,,,,,,,,,,,,0,,,,3.56192755,,,,,,102.2436714,,,,
,44279333.035,102.1523933,1999.70202636719,5.21000415638366E-5,2.63855513516217E-7,1,0.999253354069792,40.0298881530762,1.99148787481353,18.4599999338388,0.000593735933925553,0.000107380648422086,0.25,3.58236774255066E-7,5.23984203403675E-5,5.39252531152514E-7,102.103157,102.2016296,1999.70202636719,1999.70202636719,61.168684657968,20.7333934753797,6.646428,0,0,0,40,4886,94.5005,1999.70202636719,,,,,,,,,,,,,0,,,,3.56192755,,,,,,102.1523933,,,,
,44279334.23,102.04818725,1999.70202636719,5.19625853777114E-5,3.3540950205812E-7,1,0.999253354069792,40.0298881530762,1.99155956769945,18.4599999338388,0.000592528621477076,0.000105146602539564,0.25,1.85657947060961E-7,5.22606988029154E-5,3.65567764605003E-7,101.9932175,102.103157,1999.70202636719,1999.70202636719,61.3601836451796,20.7331169472263,6.273368,0,0,0,40,4886,94.394,1999.70202636719,,,,,,,,,,,,,0,,,,3.5443131,,,,,,102.04818725,,,,
,44279335.43,101.9418564,1999.70202636719,5.17531070127194E-5,2.820038326501E-7,1,0.999253354069792,40.0298881530762,1.99145379905665,18.4599999338388,0.000590681258692058,0.00010142796510892,0.25,-1.03698610996576E-7,5.20509745904465E-5,7.41339331400131E-8,101.8904953,101.9932175,1999.70202636719,1999.70202636719,61.4320934689488,20.7300185287948,6.273368,0,0,0,40,4886,94.30275,1999.70202636719,,,,,,,,,,,,,0,,,,3.5089071,,,,,,101.9418564,,,,
,44279336.67,101.8355713,1999.70202636719,5.15590407303164E-5,3.24688442133543E-7,1,0.999253354069792,40.0298881530762,1.99154545450935,18.4599999338388,0.000587823021645979,0.000104899584020821,0.25,2.3359669583878E-7,5.18545881889789E-5,4.13008601545278E-7,101.7806473,101.8904953,1999.70202636719,1999.70202636719,61.2319965680257,20.7346017962794,6.273368,0,0,0,40,4886,94.2107,1999.70202636719,,,,,,,,,,,,,0,,,,3.5089071,,,,,,101.8355713,,,,
,44279337.945,101.6856499,1999.70202636719,5.20099830700073E-5,3.1832596586123E-7,1,0.999253354069792,40.0298881530762,1.99144242757989,18.4599999338388,0.000592264891647088,0.000109666187446284,0.25,5.73102930445247E-7,5.23069272049229E-5,7.56389293271452E-7,101.5906525,101.7806473,1999.70202636719,1999.70202636719,61.2491923954488,20.7321189805576,6.273368,0,0,0,40,4886,94.10325,1999.70202636719,,,,,,,,,,,,,0,,,,3.52652155,,,,,,101.6856499,,,,
,44279340.025,101.5062866,1999.70202636719,5.19189622067985E-5,3.18441077997007E-7,1,0.999253354069792,40.0298881530762,1.9915074619554,18.4700004756451,0.000591704177506036,0.000106843149219476,0.25,3.40742125162851E-7,5.22161456205443E-5,5.22843835844171E-7,101.5062866,101.5062866,1999.70202636719,1999.70202636719,61.2249619113526,20.733438696417,6.646428,0,0,0,40,4886,93.9666,1999.70202636719,,,,,,,,,,,,,0,,,,3.5797191,,,,,,101.5062866,,,,
,44279340.695,101.4204254,1999.70202636719,5.241931211694E-5,2.38980132857035E-7,1,0.999253354069792,40.0298881530762,1.99151332961,18.4599999338388,0.000597334078291785,0.000108299644615615,0.25,3.81225533100434E-7,5.27192317544061E-5,5.65480125613275E-7,101.3345642,101.5062866,1999.70202636719,1999.70202636719,61.2218353972757,20.7352505482513,6.273368,0,0,0,40,4886,93.9133,1999.70202636719,,,,,,,,,,,,,0,,,,3.56192755,,,,,,101.4204254,,,,
,44279341.78,101.3345642,1999.70202636719,5.23796724369311E-5,3.50863905049681E-7,1,0.999253354069792,40.0298881530762,1.99157171030541,18.4599999338388,0.000596876862638442,0.00010834345249012,0.25,3.9137832656942E-7,5.26792539826957E-5,5.75878894090626E-7,101.3345642,101.3345642,1999.70202636719,1999.70202636719,61.219490511718,20.7321119661072,6.646428,0,0,0,40,4886,93.81905,1999.70202636719,,,,,,,,,,,,,0,,,,3.544136,,,,,,101.3345642,,,,
,44279342.89,101.24289705,1999.70202636719,5.17555948539525E-5,2.43547834170926E-7,1,0.999253354069792,40.0298881530762,1.99149857217318,18.4599999338388,0.000589943261035234,0.000105900508305552,0.25,2.85718323238807E-7,5.20518662796019E-5,4.67808228143969E-7,101.1512299,101.3345642,1999.70202636719,1999.70202636719,61.1499255735065,20.7327048992047,6.273368,0,0,0,40,4886,93.71155,1999.70202636719,,,,,,,,,,,,,0,,,,3.544136,,,,,,101.24289705,,,,
,44279344.125,101.10359195,1999.70202636719,5.21882088751727E-5,3.19844244321497E-7,1,0.999253354069792,40.0298881530762,1.99161479654739,18.4599999338388,0.000594738393699904,0.000107762088934621,0.25,3.72787700996875E-7,5.24866185320707E-5,5.57264300808646E-7,101.055954,101.1512299,1999.70202636719,1999.70202636719,61.2742045080642,20.7353574203552,6.646428,0,0,0,40,4886,93.6024,1999.70202636719,,,,,,,,,,,,,0,,,,3.544136,,,,,,101.10359195,,,,
,44279345.22,101.0065079,1999.70202636719,5.2122454554013E-5,3.36500119322768E-7,1,0.999253354069792,40.0298881530762,1.99145545330338,18.4599999338388,0.000594199942736084,0.00010614157285138,0.25,2.42626153528952E-7,5.2420899618711E-5,4.26411199240387E-7,100.9570618,101.055954,1999.70202636719,1999.70202636719,61.2984349921603,20.7325858886571,6.646428,0,0,0,40,4886,93.5201,1999.70202636719,,,,,,,,,,,,,0,,,,3.544136,,,,,,101.0065079,,,,
,44279347.11,100.8658447,1999.70202636719,5.26346297060759E-5,2.739830610251E-7,1,0.999253354069792,40.0298881530762,1.99152245149584,18.4599999338388,0.000600177944635891,0.000106493738585801,0.25,1.8374816735091E-7,5.29361555339314E-5,3.69414654230558E-7,100.8658447,100.8658447,1999.70202636719,1999.70202636719,61.3726897014873,20.7323110048318,6.646428,0,0,0,40,4886,93.3986,1999.70202636719,,,,,,,,,,,,,0,,,,3.544136,,,,,,100.8658447,,,,
,44279348.615,100.6818619,1999.70202636719,5.2740235152308E-5,2.97303638088405E-7,1,0.999253354069792,40.0298881530762,1.99154350531982,18.4700004756451,0.000602278061635392,0.000101587189744569,0.25,-2.65198878985295E-7,5.30439053268059E-5,-8.12668889716907E-8,100.6818619,100.6818619,1999.70202636719,1999.70202636719,61.1741560576026,20.7341242981768,6.646428,0,0,0,40,4886,93.2652,1999.70202636719,,,,,,,,,,,,,0,,,,3.544136,,,,,,100.6818619,,,,
,44279349.265,100.64178085,1999.70202636719,5.22071491541445E-5,2.53652175100399E-7,1,0.999253354069792,40.0298881530762,1.99144442626065,18.4599999338388,0.000594450756577524,0.000110394107661761,0.25,5.99595285142353E-7,5.25046362236742E-5,7.86849796386681E-7,100.6016998,100.6818619,1999.70202636719,1999.70202636719,61.2460658813719,20.7306431630693,6.273368,0,0,0,40,4886,93.1986,1999.70202636719,,,,,,,,,,,,,0,,,,3.544136,,,,,,100.64178085,,,,
,44279350.44,100.56513595,1999.70202636719,5.27864767846658E-5,3.25700233310595E-7,1,0.999253354069792,40.0298881530762,1.99154197789418,18.4700004756451,0.00060226260626292,0.000104790400206435,0.25,7.0162618206223E-9,5.30893094034897E-5,1.93197040301314E-7,100.5285721,100.6016998,1999.70202636719,1999.70202636719,61.1561786016603,20.734192272382,6.273368,0,0,0,40,4886,93.11795,1999.70202636719,,,,,,,,,,,,,0,,,,3.544136,,,,,,100.56513595,,,,
,44279351.625,100.4737358,1999.70202636719,5.22482047369716E-5,2.58626349616669E-7,1,0.999253354069792,40.0298881530762,1.99151656879645,18.4599999338388,0.000595453830415389,0.000107512770710916,0.25,3.39000916854216E-7,5.25467038380635E-5,5.25517183767978E-7,100.4188995,100.5285721,1999.70202636719,1999.70202636719,61.3328266470065,20.7321642076093,6.273368,0,0,0,40,4886,93.02475,1999.70202636719,,,,,,,,,,,,,0,,,,3.544136,,,,,,100.4737358,,,,
,44279368.69,99.0072327,1999.70202636719,,,2,,,,18.5360000250339,,,,,,,99.0072327,99.0072327,1999.70202636719,1999.70202636719,,,6.646428,,,,-99999999,4886,91.5958,1999.70202636719,,,,,,,,,,,,,,,,,,,,,,,99.0072327,,,,
touchdown = 14.130000025034 mm,44279382.47,97.7232437,1999.70202636719,5.32347366328685E-5,3.315505350057E-7,1,0.999253354069792,40.0298881530762,1.99123860144735,18.5199994593859,0.000606677675547932,0.00010903225201324,0.25,2.92862345692678E-7,5.35369000710676E-5,4.92077157127137E-7,97.7232437,97.7232437,1999.70202636719,1999.70202636719,60.9029309614295,20.7298020707959,6.646428,0,0,0,40,4886,90.4935,1999.70202636719,,,,,,,,,,,,,0,,,,3.544136,,,,,,97.7232437,,,,
,44279383.06,97.67237855,1999.70202636719,5.40353890825587E-5,3.08868636814387E-7,1,0.999253354069792,40.0298881530762,1.99135902590158,18.5199994593859,0.000615922581144024,0.0001101879027934,0.25,2.54104808748103E-7,5.43422199429584E-5,4.56235794314729E-7,97.6215134,97.7232437,1999.70202636719,1999.70202636719,61.3070329058719,20.7319802296483,6.273368,0,0,0,40,4886,90.45155,1999.70202636719,,,,,,,,,,,,,0,,,,3.52652155,,,,,,97.67237855,,,,
,44279384.13,97.57764435,1999.70202636719,5.361298590106E-5,3.54051349907011E-7,1,0.999253354069792,40.0298881530762,1.99135296471767,18.5199994593859,0.000610999703488721,0.000109932127631506,0.25,3.04926841235654E-7,5.39171452669688E-5,5.06097325895819E-7,97.5337753,97.6215134,1999.70202636719,1999.70202636719,61.0240833819103,20.733098787069,6.273368,0,0,0,40,4886,90.3704,1999.70202636719,,,,,,,,,,,,,0,,,,3.52652155,,,,,,97.57764435,,,,
,44279385.305,97.49246215,1999.70202636719,5.34326762061421E-5,2.85957716220935E-7,1,0.999253354069792,40.0298881530762,1.99123442253646,18.5199994593859,0.000608720867473616,0.000110636541302369,0.25,3.98266029441063E-7,5.37353449532662E-5,5.99662520191117E-7,97.451149,97.5337753,1999.70202636719,1999.70202636719,61.0428424663718,20.7326239525951,6.646428,0,0,0,40,4886,90.27725,1999.70202636719,,,,,,,,,,,,,0,,,,3.52652155,,,,,,97.49246215,,,,
,44279386.57,97.36052705,1999.70202636719,5.35819573352186E-5,3.72836068162198E-7,1,0.999253354069792,40.0298881530762,1.99123889521104,18.5300000011921,0.000611194500210837,0.000106506223902022,0.25,9.76917714455214E-9,5.38868271972181E-5,2.09938417087462E-7,97.2699051,97.451149,1999.70202636719,1999.70202636719,60.8990228188334,20.7303380037127,6.646428,0,0,0,40,4886,90.16905,1999.70202636719,,,,,,,,,,,,,0,,,,3.52652155,,,,,,97.36052705,,,,
,44279387.695,97.227932,1999.70202636719,5.39844171727236E-5,2.79883511250635E-7,1,0.999253354069792,40.0298881530762,1.99129247099929,18.5199994593859,0.000614339073875204,0.000115702620849204,0.25,7.45283485839322E-7,5.42887544817572E-5,9.51525377382735E-7,97.1859589,97.2699051,1999.70202636719,1999.70202636719,61.1702479150065,20.7315718070204,6.646428,0,0,0,40,4886,90.0727,1999.70202636719,,,,,,,,,,,,,0,,,,3.544136,,,,,,97.227932,,,,
,44279388.76,97.1426659,1999.70202636719,5.39670711948933E-5,3.27684798910994E-7,1,0.999253354069792,40.0298881530762,1.99125022499892,18.5199994593859,0.00061400976640191,0.000116345381663103,0.25,8.04598215094559E-7,5.42710249763245E-5,1.01138193976792E-6,97.0993729,97.1859589,1999.70202636719,1999.70202636719,61.2851473073334,20.7327012383814,6.646428,0,0,0,40,4886,90.00525,1999.70202636719,,,,,,,,,,,,,0,,,,3.544136,,,,,,97.1426659,,,,
,44279389.9,97.06303025,1999.70202636719,5.3862969019851E-5,2.84163889713529E-7,1,0.999253354069792,40.0298881530762,1.9912699153951,18.5199994593859,0.000614693784919375,0.000105413782933606,0.25,-1.36035716753663E-7,5.4169727864515E-5,6.53846255214077E-8,97.0266876,97.0993729,1999.70202636719,1999.70202636719,61.290618706968,20.7293822205671,6.646428,0,0,0,40,4886,89.9112,1999.70202636719,,,,,,,,,,,,,0,,,,3.52652155,,,,,,97.06303025,,,,
,44279391.095,96.97243115,1999.70202636719,5.40458470340585E-5,2.9126473393179E-7,1,0.999253354069792,40.0298881530762,1.99133220764863,18.5199994593859,0.000615837267359073,0.000111288028800158,0.25,3.46341756983618E-7,5.43516492461316E-5,5.5168058987843E-7,96.9181747,97.0266876,1999.70202636719,1999.70202636719,61.2108925980065,20.7313756092278,6.646428,0,0,0,40,4886,89.78955,1999.70202636719,,,,,,,,,,,,,0,,,,3.5089071,,,,,,96.97243115,,,,
,44279392.3,96.8819046,1999.70202636719,5.39883008894213E-5,2.87441156060534E-7,1,0.999253354069792,40.0298881530762,1.9913345902664,18.5199994593859,0.000615380546978329,0.000110022495954219,0.25,2.45049284170269E-7,5.42940342140597E-5,4.49979852273992E-7,96.8456345,96.9181747,1999.70202636719,1999.70202636719,61.4485076678527,20.733949884457,6.646428,0,0,0,40,4886,89.69445,1999.70202636719,,,,,,,,,,,,,0,,,,3.52652155,,,,,,96.8819046,,,,
,44279393.51,96.754879,1999.70202636719,5.43772806075492E-5,2.65472221818657E-7,1,0.999253354069792,40.0298881530762,1.9912297348271,18.5199994593859,0.000619576051966869,0.000111995829904223,0.25,3.50477899441398E-7,5.46847723085183E-5,5.57811264893314E-7,96.6641235,96.8456345,1999.70202636719,1999.70202636719,61.2867105643719,20.7292733070104,6.273368,0,0,0,40,4886,89.61175,1999.70202636719,,,,,,,,,,,,,0,,,,3.52652155,,,,,,96.754879,,,,
,44279394.76,96.6225433,1999.70202636719,5.42523347912654E-5,3.44734775202652E-7,1,0.999253354069792,40.0298881530762,1.99140005664464,18.5300000011921,0.00061728671252343,0.000117001531145924,0.25,8.09811706003195E-7,5.45572680582299E-5,1.01972214162285E-6,96.5809631,96.6641235,1999.70202636719,1999.70202636719,61.0170487252372,20.7328609651882,6.646428,0,0,0,40,4886,89.5036,1999.70202636719,,,,,,,,,,,,,0,,,,3.5089071,,,,,,96.6225433,,,,
,44279396.75,96.4898376,1999.70202636719,5.42376442282962E-5,2.78396672843043E-7,1,0.999253354069792,40.0298881530762,1.99137094010661,18.5199994593859,0.000617608627309819,0.000114091397211646,0.25,5.56739968552625E-7,5.45431707040188E-5,7.65876142763474E-7,96.4898376,96.4898376,1999.70202636719,1999.70202636719,61.239812853218,20.7338547071486,6.273368,0,0,0,40,4886,89.3278,1999.70202636719,,,,,,,,,,,,,0,,,,3.544136,,,,,,96.4898376,,,,
,44279397.48,96.39902875,1999.70202636719,5.43098087300657E-5,2.82602105920309E-7,1,0.999253354069792,40.0298881530762,1.99135262617723,18.5199994593859,0.000619361246030362,0.000108865795178549,0.25,8.60044076331505E-8,5.46175377533917E-5,2.92911491218707E-7,96.3082199,96.4898376,1999.70202636719,1999.70202636719,61.1350746316411,20.7321526131772,6.273368,0,0,0,40,4886,89.28735,1999.70202636719,,,,,,,,,,,,,0,,,,3.544136,,,,,,96.39902875,,,,
,44279398.68,96.26303865,1999.70202636719,5.4069743889816E-5,3.08604386551612E-7,1,0.999253354069792,40.0298881530762,1.9913100371224,18.5199994593859,0.000616127625046385,0.000111152690320788,0.25,3.28111054648943E-7,5.43751145106261E-5,5.3586574163122E-7,96.2178574,96.3082199,1999.70202636719,1999.70202636719,61.016267096718,20.7339147429424,6.646428,0,0,0,40,4886,89.1932,1999.70202636719,,,,,,,,,,,,,0,,,,3.52652155,,,,,,96.26303865,,,,
,44279399.84,96.1687546,1999.70202636719,5.41684240210946E-5,2.22143932222267E-7,1,0.999253354069792,40.0298881530762,1.99129305072524,18.5199994593859,0.000617673174189892,0.000108901729391783,0.25,1.13356367527971E-7,5.44750796940952E-5,3.20604146760115E-7,96.1196518,96.2178574,1999.70202636719,1999.70202636719,61.2007314272565,20.7326235711744,6.273368,0,0,0,40,4886,89.112,1999.70202636719,,,,,,,,,,,,,0,,,,3.5089071,,,,,,96.1687546,,,,
,44279401.07,96.07792665,1999.70202636719,5.45343627179267E-5,3.7115778538456E-7,1,0.999253354069792,40.0298881530762,1.99132566117142,18.5199994593859,0.000621818361981387,0.000109846763752404,0.25,1.32008586305282E-7,5.48429268619272E-5,3.41090843476557E-7,96.0362015,96.1196518,1999.70202636719,1999.70202636719,61.405518099295,20.7318081454179,6.273368,0,0,0,40,4886,89.03205,1999.70202636719,,,,,,,,,,,,,0,,,,3.5089071,,,,,,96.07792665,,,,
,44279403.11,95.9385834,1999.70202636719,5.44117127595124E-5,2.78931914354991E-7,1,0.999253354069792,40.0298881530762,1.9912808405519,18.5199994593859,0.000620495938207268,0.000109058957421087,0.25,8.36842902714749E-8,5.4719387526114E-5,2.92920149441411E-7,95.9385834,95.9385834,1999.70202636719,1999.70202636719,61.1217869468141,20.7300480923108,6.273368,0,0,0,40,4886,88.8173,1999.70202636719,,,,,,,,,,,,,0,,,,3.544136,,,,,,95.9385834,,,,
,44279403.695,95.89138795,1999.70202636719,5.47163325458909E-5,2.66057098204575E-7,1,0.999253354069792,40.0298881530762,1.9912802373873,18.5199994593859,0.000623116527307723,0.000114563395090202,0.25,5.13020589416624E-7,5.5024029930067E-5,7.26033316317374E-7,95.8441925,95.9385834,1999.70202636719,1999.70202636719,61.0123589541218,20.7325118974888,6.273368,0,0,0,40,4886,88.775,1999.70202636719,,,,,,,,,,,,,0,,,,3.544136,,,,,,95.89138795,,,,
,44279404.785,95.758873,1999.70202636719,5.48030898505844E-5,3.51427312048469E-7,1,0.999253354069792,40.0298881530762,1.99128460460489,18.5199994593859,0.000623871613010022,0.000116086027611429,0.25,6.3103735453391E-7,5.51107644722217E-5,8.45398939037087E-7,95.6735535,95.8441925,1999.70202636719,1999.70202636719,61.3054696488334,20.7327082248467,6.646428,0,0,0,40,4886,88.6927,1999.70202636719,,,,,,,,,,,,,0,,,,3.544136,,,,,,95.758873,,,,
,44279405.965,95.63207245,1999.70202636719,5.52935070171562E-5,2.67580051795228E-7,1,0.999253354069792,40.0298881530762,1.99145269066659,18.5199994593859,0.000629659891199082,0.000116241608494763,0.25,5.58105248493083E-7,5.5604175933046E-5,7.74280520292419E-7,95.5905914,95.6735535,1999.70202636719,1999.70202636719,61.4828993226988,20.7351078795111,6.646428,0,0,0,40,4886,88.61315,1999.70202636719,,,,,,,,,,,,,0,,,,3.52652155,,,,,,95.63207245,,,,
,44279407.145,95.5471382,1999.70202636719,5.43019469915117E-5,2.63622404182131E-7,1,0.999253354069792,40.0298881530762,1.99126069422435,18.5199994593859,0.000619207199176748,0.000108997953105971,0.25,9.64057071053826E-8,5.46086773160034E-5,3.06486050450659E-7,95.503685,95.5905914,1999.70202636719,1999.70202636719,61.0756708641795,20.7335261184701,6.273368,0,0,0,40,4886,88.5331,1999.70202636719,,,,,,,,,,,,,0,,,,3.52652155,,,,,,95.5471382,,,,
,44279408.29,95.45259475,1999.70202636719,5.44896661629898E-5,3.38870557025137E-7,1,0.999253354069792,40.0298881530762,1.99133200687006,18.5199994593859,0.00062057583063861,0.000113922406325574,0.25,4.94710846073211E-7,5.47957825133791E-5,7.08168113171955E-7,95.4015045,95.503685,1999.70202636719,1999.70202636719,61.2609168232372,20.734896730587,6.646428,0,0,0,40,4886,88.43845,1999.70202636719,,,,,,,,,,,,,0,,,,3.52652155,,,,,,95.45259475,,,,
,44279409.41,95.3506813,1999.70202636719,5.45799756701195E-5,3.01582932973408E-7,1,0.999253354069792,40.0298881530762,1.99130775394961,18.5199994593859,0.000621190072445168,0.000116435087455968,0.25,6.98940750839781E-7,5.48856397797536E-5,9.14366489109449E-7,95.2998581,95.4015045,1999.70202636719,1999.70202636719,61.3101594199488,20.7356982024365,6.273368,0,0,0,40,4886,88.3288,1999.70202636719,,,,,,,,,,,,,0,,,,3.5089071,,,,,,95.3506813,,,,
,44279411.31,95.2275238,1999.70202636719,5.50803020313145E-5,2.77835304800905E-7,1,0.999253354069792,40.0298881530762,1.99134971715032,18.5199994593859,0.000627166250627069,0.000115939348352648,0.25,5.67455229355993E-7,5.53890009389523E-5,7.84788169539302E-7,95.2275238,95.2275238,1999.70202636719,1999.70202636719,61.016267096718,20.7326097146083,6.646428,0,0,0,40,4886,88.1632,1999.70202636719,,,,,,,,,,,,,0,,,,3.544136,,,,,,95.2275238,,,,
,44279412.025,95.1369171,1999.70202636719,5.47108989116706E-5,2.82909706918511E-7,1,0.999253354069792,40.0298881530762,1.9912392126943,18.5199994593859,0.000623597218515072,0.000111309487923486,0.25,2.26275604204466E-7,5.5018835836092E-5,4.40420805851276E-7,95.0463104,95.2275238,1999.70202636719,1999.70202636719,61.1499255735065,20.7330559078525,6.646428,0,0,0,40,4886,88.12275,1999.70202636719,,,,,,,,,,,,,0,,,,3.52652155,,,,,,95.1369171,,,,
,44279413.23,95.0026245,1999.70202636719,5.49782567839682E-5,2.65792486998875E-7,1,0.999253354069792,40.0298881530762,1.99134979841366,18.5199994593859,0.000626284184390474,0.000114109108464348,0.25,4.24166633834706E-7,5.52867957066408E-5,6.40937873287483E-7,94.9589386,95.0463104,1999.70202636719,1999.70202636719,61.1944783991026,20.7325868250509,6.273368,0,0,0,40,4886,88.0143,1999.70202636719,,,,,,,,,,,,,0,,,,3.52652155,,,,,,95.0026245,,,,
,44279414.36,94.9173279,1999.70202636719,5.48984289873569E-5,3.49953117033434E-7,1,0.999253354069792,40.0298881530762,1.99133130788482,18.5199994593859,0.000625110270136052,0.000115418286996427,0.25,5.52553388349963E-7,5.52058556129696E-5,7.70150622262977E-7,94.8757172,94.9589386,1999.70202636719,1999.70202636719,61.1960416561411,20.7337875910499,6.273368,0,0,0,40,4886,87.91875,1999.70202636719,,,,,,,,,,,,,0,,,,3.544136,,,,,,94.9173279,,,,
,44279415.485,94.8305054,1999.70202636719,5.47383879336568E-5,2.89906839345335E-7,1,0.999253354069792,40.0298881530762,1.99128715119994,18.5199994593859,0.000623709003238434,0.000112579296344636,0.25,3.31429863362701E-7,5.50456552688126E-5,5.47507444090837E-7,94.7852936,94.8757172,1999.70202636719,1999.70202636719,61.4000466996603,20.7327758452191,6.646428,0,0,0,40,4886,87.8373,1999.70202636719,,,,,,,,,,,,,0,,,,3.52652155,,,,,,94.8305054,,,,
,44279417.445,94.6549187,1999.70202636719,5.49851474076123E-5,2.62332120386432E-7,1,0.999253354069792,40.0298881530762,1.99125365149392,18.5199994593859,0.000626310453505991,0.000114212753246041,0.25,4.31031800519045E-7,5.529310022749E-5,6.49459068873523E-7,94.60392,94.7059174,1999.70202636719,1999.70202636719,61.2171456261603,20.7334267816122,6.273368,0,0,0,40,4886,87.6487,1999.70202636719,,,,,,,,,,,,,0,,,,3.544136,,,,,,94.6549187,,,,
,44279418.85,94.5239792,1999.70202636719,5.51872793119928E-5,3.02646615605934E-7,1,0.999253354069792,40.0298881530762,1.99138147805246,18.5199994593859,0.00062887579763846,0.000113346585841651,0.25,3.18915984331647E-7,5.54967370599483E-5,5.37863711100681E-7,94.5239792,94.5239792,1999.70202636719,1999.70202636719,61.1765009431603,20.7338902971133,6.646428,0,0,0,40,4886,87.5675,1999.70202636719,,,,,,,,,,,,,0,,,,3.544136,,,,,,94.5239792,,,,
,44279419.51,94.47296145,1999.70202636719,5.53529050162337E-5,2.63357738001775E-7,1,0.999253354069792,40.0298881530762,1.99130322435706,18.5199994593859,0.000630680471681663,0.000114015347732373,0.25,3.48833476793189E-7,5.5663086849279E-5,5.68838494522001E-7,94.4219437,94.5239792,1999.70202636719,1999.70202636719,61.3468959603527,20.7340072844925,6.646428,0,0,0,40,4886,87.51385,1999.70202636719,,,,,,,,,,,,,0,,,,3.52652155,,,,,,94.47296145,,,,
,44279420.665,94.37664035,1999.70202636719,5.51484160308801E-5,2.74851673566585E-7,1,0.999253354069792,40.0298881530762,1.99133434885694,18.5199994593859,0.000628032503882369,0.000115466975120831,0.25,5.11253438812033E-7,5.54566931096925E-5,7.31720944164578E-7,94.331337,94.4219437,1999.70202636719,1999.70202636719,61.4086446133719,20.7332630286485,6.273368,0,0,0,40,4886,87.43365,1999.70202636719,,,,,,,,,,,,,0,,,,3.5089071,,,,,,94.37664035,,,,
,44279421.755,94.2895508,1999.70202636719,5.51563895172321E-5,2.51755952531764E-7,1,0.999253354069792,40.0298881530762,1.99132973511104,18.5199994593859,0.000628381653415422,0.000113979825238,0.25,3.79070708068877E-7,5.54650323936278E-5,5.99299656612703E-7,94.2477646,94.331337,1999.70202636719,1999.70202636719,61.2538821665642,20.7325247734091,6.273368,0,0,0,40,4886,87.32655,1999.70202636719,,,,,,,,,,,,,0,,,,3.5089071,,,,,,94.2895508,,,,
,44279422.935,94.1986046,1999.70202636719,5.51961435273147E-5,3.46942045036066E-7,1,0.999253354069792,40.0298881530762,1.99134029943159,18.5199994593859,0.000629069889036063,0.000112717340460467,0.25,2.60965294375405E-7,5.55052768692242E-5,4.81167824470072E-7,94.1494446,94.2477646,1999.70202636719,1999.70202636719,61.1811907142757,20.7337153309677,6.646428,0,0,0,40,4886,87.21845,1999.70202636719,,,,,,,,,,,,,0,,,,3.5089071,,,,,,94.1986046,,,,
,44279424.1,94.1040268,1999.70202636719,5.50133557358235E-5,2.99644648322112E-7,1,0.999253354069792,40.0298881530762,1.9913717887045,18.5199994593859,0.000626350070647576,0.000116043596447823,0.25,5.83941322124028E-7,5.53200535287214E-5,8.05602897747622E-7,94.058609,94.1494446,1999.70202636719,1999.70202636719,61.1733744290834,20.7314873376725,6.273368,0,0,0,40,4886,87.1354,1999.70202636719,,,,,,,,,,,,,0,,,,3.52652155,,,,,,94.1040268,,,,
,44279425.275,93.9640312,1999.70202636719,5.51105222869623E-5,3.06937838534243E-7,1,0.999253354069792,40.0298881530762,1.99120264237778,18.5199994593859,0.000627470670174135,0.000115860403538137,0.25,5.51408578920548E-7,5.54178161357687E-5,7.73645764552435E-7,93.8694534,94.058609,1999.70202636719,1999.70202636719,61.2632617087949,20.7342776338355,6.646428,0,0,0,40,4886,87.05195,1999.70202636719,,,,,,,,,,,,,0,,,,3.544136,,,,,,93.9640312,,,,
,44279426.5,93.8333511,1999.70202636719,5.50002208723478E-5,2.53137170915386E-7,1,0.999253354069792,40.0298881530762,1.99135694865278,18.5199994593859,0.000627094588460863,0.000110849979119833,0.25,1.30271941395995E-7,5.53084865922782E-5,3.50071712650839E-7,93.7972488,93.8694534,1999.70202636719,1999.70202636719,61.2562270521219,20.7349129568569,6.273368,0,0,0,40,4886,86.9701,1999.70202636719,,,,,,,,,,,,,0,,,,3.544136,,,,,,93.8333511,,,,
,44279428.47,93.7135086,1999.70202636719,5.58338865585958E-5,2.76770931270584E-7,1,0.999253354069792,40.0298881530762,1.99131065457224,18.5199994593859,0.000636151460865976,0.000114990604371414,0.25,3.47383519004346E-7,5.61455488672714E-5,5.72589648039371E-7,93.7135086,93.7135086,1999.70202636719,1999.70202636719,60.9474837870257,20.7332350283903,6.273368,0,0,0,40,4886,86.77935,1999.70202636719,,,,,,,,,,,,,0,,,,3.544136,,,,,,93.7135086,,,,
,44279429.03,93.66434095,1999.70202636719,5.53838252106248E-5,2.85620676350882E-7,1,0.999253354069792,40.0298881530762,1.99139274893029,18.5199994593859,0.000630594425297464,0.000116662839627413,0.25,5.71778334228226E-7,5.56919258945335E-5,7.96746163578179E-7,93.6151733,93.7135086,1999.70202636719,1999.70202636719,61.283584050295,20.734059098033,6.646428,0,0,0,40,4886,86.71225,1999.70202636719,,,,,,,,,,,,,0,,,,3.52652155,,,,,,93.66434095,,,,
,44279430.185,93.52468105,1999.70202636719,5.52931044504547E-5,3.22551628380826E-7,1,0.999253354069792,40.0298881530762,1.9913022288034,18.5199994593859,0.000630006888982543,0.000113750470338973,0.25,3.32346981366664E-7,5.560157767289E-5,5.55977980406453E-7,93.4341888,93.6151733,1999.70202636719,1999.70202636719,61.3265736188526,20.7324685988319,6.273368,0,0,0,40,4886,86.63115,1999.70202636719,,,,,,,,,,,,,0,,,,3.52652155,,,,,,93.52468105,,,,
,44279431.485,93.38677215,1999.70202636719,5.53528800123293E-5,3.2428894010233E-7,1,0.999253354069792,40.0298881530762,1.99128579594473,18.5199994593859,0.00063037938110543,0.000115605725906065,0.25,4.8425068800965E-7,5.56609539965117E-5,7.09407197610602E-7,93.3393555,93.4341888,1999.70202636719,1999.70202636719,61.2429393672949,20.7314519581143,6.273368,0,0,0,40,4886,86.53565,1999.70202636719,,,,,,,,,,,,,0,,,,3.544136,,,,,,93.38677215,,,,
,44279432.73,93.2996521,1999.70202636719,5.57496490153193E-5,2.91278663371321E-7,1,0.999253354069792,40.0298881530762,1.99132693342961,18.5300000011921,0.000635273177971905,0.000114341268628103,0.25,3.0354856231489E-7,5.6060445225794E-5,5.29790182874373E-7,93.2599487,93.3393555,1999.70202636719,1999.70202636719,61.2077660839295,20.7339782685287,6.273368,0,0,0,40,4886,86.42625,1999.70202636719,,,,,,,,,,,,,0,,,,3.544136,,,,,,93.2996521,,,,
,44279433.82,93.21987915,1999.70202636719,5.54610965926658E-5,3.29047914006284E-7,1,0.999253354069792,40.0298881530762,1.99123296132327,18.5199994593859,0.000632493633579487,0.000110654849027103,0.25,3.07494075061908E-8,5.57712250650418E-5,2.54678616267479E-7,93.1798096,93.2599487,1999.70202636719,1999.70202636719,61.1772825716796,20.7345378818031,6.646428,0,0,0,40,4886,86.3443,1999.70202636719,,,,,,,,,,,,,0,,,,3.544136,,,,,,93.21987915,,,,
,44279434.895,93.13793565,1999.70202636719,5.55314963773778E-5,3.06109837860551E-7,1,0.999253354069792,40.0298881530762,1.99135489983096,18.5199994593859,0.000633300668615721,0.000110979904542438,0.25,4.60569113399019E-8,5.58418078255104E-5,2.70731433918109E-7,93.0960617,93.1798096,1999.70202636719,1999.70202636719,61.1843172283526,20.7338368700996,6.273368,0,0,0,40,4886,86.26285,1999.70202636719,,,,,,,,,,,,,0,,,,3.544136,,,,,,93.13793565,,,,
,44279436.07,93.0469818,1999.70202636719,5.57109591483946E-5,2.93031474392965E-7,1,0.999253354069792,40.0298881530762,1.99133869853701,18.5199994593859,0.000634705652754743,0.000114974364344137,0.25,3.64589576985548E-7,5.60207654837622E-5,5.92266929882216E-7,92.9979019,93.0960617,1999.70202636719,1999.70202636719,61.0717627215834,20.732905755147,6.273368,0,0,0,40,4886,86.15555,1999.70202636719,,,,,,,,,,,,,0,,,,3.544136,,,,,,93.0469818,,,,
,44279437.29,92.90196225,1999.70202636719,5.57747435802575E-5,3.93481494518728E-7,1,0.999253354069792,40.0298881530762,1.99131149596225,18.5199994593859,0.000635302689120252,0.000115789637110835,0.25,4.24605021471629E-7,5.60844993570663E-5,6.53377781751703E-7,92.8060226,92.9979019,1999.70202636719,1999.70202636719,61.2984349921603,20.733986874089,6.273368,0,0,0,40,4886,86.0477,1999.70202636719,,,,,,,,,,,,,0,,,,3.52652155,,,,,,92.90196225,,,,
,44279439.515,92.7077484,1999.70202636719,5.57494480967728E-5,3.21675898545288E-7,1,0.999253354069792,40.0298881530762,1.99126472393803,18.5300000011921,0.000635326746106915,0.000113844650860639,0.25,2.58002848619471E-7,5.60594618458218E-5,4.86502140685151E-7,92.7077484,92.7077484,1999.70202636719,1999.70202636719,60.9779672992757,20.7336967820915,6.273368,0,0,0,40,4886,85.8851,1999.70202636719,,,,,,,,,,,,,0,,,,3.544136,,,,,,92.7077484,,,,
,44279440.18,92.65346145,1999.70202636719,5.60018592618316E-5,2.51472882338201E-7,1,0.999253354069792,40.0298881530762,1.99127555704225,18.5199994593859,0.000638242239200523,0.000114148907324753,0.25,2.40362714642518E-7,5.63132444288995E-5,4.70051183466023E-7,92.5991745,92.7077484,1999.70202636719,1999.70202636719,60.995944755218,20.7353630780961,6.273368,0,0,0,40,4886,85.82995,1999.70202636719,,,,,,,,,,,,,0,,,,3.544136,,,,,,92.65346145,,,,
,44279441.245,92.56288145,1999.70202636719,5.58609678054587E-5,2.60991574194467E-7,1,0.999253354069792,40.0298881530762,1.99127555704225,18.5199994593859,0.000636187997744236,0.000116417533674461,0.25,4.63378786154569E-7,5.61704214290281E-5,6.94246938790324E-7,92.5265884,92.5991745,1999.70202636719,1999.70202636719,61.2413761102565,20.7353630780961,6.273368,0,0,0,40,4886,85.7213,1999.70202636719,,,,,,,,,,,,,0,,,,3.52652155,,,,,,92.56288145,,,,
,44279442.37,92.48470685,1999.70202636719,5.56623818446309E-5,3.02704418479377E-7,1,0.999253354069792,40.0298881530762,1.99124970354284,18.5199994593859,0.000633790969800537,0.000116722451747878,0.25,5.24531093377545E-7,5.59703143368146E-5,7.55307191677141E-7,92.4428253,92.5265884,1999.70202636719,1999.70202636719,61.3554938740642,20.7339502421651,6.646428,0,0,0,40,4886,85.6406,1999.70202636719,,,,,,,,,,,,,0,,,,3.5089071,,,,,,92.48470685,,,,
,44279443.62,92.3938179,1999.70202636719,5.63686754354235E-5,3.23980383912291E-7,1,0.999253354069792,40.0298881530762,1.99138425760142,18.5199994593859,0.000641505027396724,0.000120317821843513,0.25,7.15520896644906E-7,5.66795971505023E-5,9.50649768336883E-7,92.3448105,92.4428253,1999.70202636719,1999.70202636719,61.2327781965449,20.7357194012799,6.273368,0,0,0,40,4886,85.55705,1999.70202636719,,,,,,,,,,,,,0,,,,3.52652155,,,,,,92.3938179,,,,
,44279444.765,92.2537918,1999.70202636719,5.59609373906478E-5,3.41539356818732E-7,1,0.999253354069792,40.0298881530762,1.99125491365395,18.5300000011921,0.000637250734085163,0.000116994955781741,0.25,4.95583877013427E-7,5.62703911343813E-5,7.2820376241583E-7,92.1627731,92.3448105,1999.70202636719,1999.70202636719,61.2890554499296,20.7345206583977,6.646428,0,0,0,40,4886,85.4755,1999.70202636719,,,,,,,,,,,,,0,,,,3.544136,,,,,,92.2537918,,,,
,44279445.935,92.111763,1999.70202636719,5.5904241592168E-5,2.86915241958474E-7,1,0.999253354069792,40.0298881530762,1.99134648894562,18.5199994593859,0.000637014770403907,0.00011468712161889,0.25,3.02316734760845E-7,5.62140801093796E-5,5.34010740733863E-7,92.0607529,92.1627731,1999.70202636719,1999.70202636719,61.4305302119103,20.7343117281485,6.646428,0,0,0,40,4886,85.39515,1999.70202636719,,,,,,,,,,,,,0,,,,3.52652155,,,,,,92.111763,,,,
,44279447.155,92.02093125,1999.70202636719,5.60733310154175E-5,3.22141966727237E-7,1,0.999253354069792,40.0298881530762,1.99132105837992,18.5199994593859,0.00063869766975449,0.000116369232910924,0.25,4.19947107728516E-7,5.63833790821324E-5,6.5351250377779E-7,91.9811096,92.0607529,1999.70202636719,1999.70202636719,61.4102078704103,20.7335801530511,6.646428,0,0,0,40,4886,85.28605,1999.70202636719,,,,,,,,,,,,,0,,,,3.4914675,,,,,,92.02093125,,,,
,44279448.315,91.9392891,1999.70202636719,5.62195697768773E-5,3.49575208934011E-7,1,0.999253354069792,40.0298881530762,1.99127277223494,18.5199994593859,0.00064054739516749,0.000115510343223005,0.25,3.18825593838964E-7,5.65305440735466E-5,5.53021199087174E-7,91.8974686,91.9811096,1999.70202636719,1999.70202636719,61.4797728086219,20.7352870514051,6.273368,0,0,0,40,4886,85.16345,1999.70202636719,,,,,,,,,,,,,0,,,,3.50908195,,,,,,91.9392891,,,,
,44279449.495,91.84835435,1999.70202636719,5.61514485513396E-5,3.2063014043161E-7,1,0.999253354069792,40.0298881530762,1.99134240662687,18.5199994593859,0.000639761739062562,0.000115534353864615,0.25,3.32001683712794E-7,5.6461740616707E-5,5.66511052808835E-7,91.7992401,91.8974686,1999.70202636719,1999.70202636719,61.3297001329296,20.7332651216758,6.273368,0,0,0,40,4886,85.0551,1999.70202636719,,,,,,,,,,,,,0,,,,3.52652155,,,,,,91.84835435,,,,
,44279450.61,91.7629242,1999.70202636719,5.64133226247337E-5,2.53541957103586E-7,1,0.999253354069792,40.0298881530762,1.99124879863379,18.5199994593859,0.000642675321612366,0.000116296274206728,0.25,3.53261792878956E-7,5.67248549640506E-5,5.89303440446169E-7,91.7266083,91.7992401,1999.70202636719,1999.70202636719,61.2671698513911,20.7343562043005,6.273368,0,0,0,40,4886,84.98735,1999.70202636719,,,,,,,,,,,,,0,,,,3.52652155,,,,,,91.7629242,,,,
,44279451.69,91.63961795,1999.70202636719,5.61415594872642E-5,3.2080351317082E-7,1,0.999253354069792,40.0298881530762,1.99126353504444,18.5199994593859,0.000638416669183533,0.000122417237838658,0.25,9.36948990434059E-7,5.64490354312804E-5,1.17548789907746E-6,91.5526276,91.7266083,1999.70202636719,1999.70202636719,61.3945753000257,20.7326956414859,6.646428,0,0,0,40,4886,84.9074,1999.70202636719,,,,,,,,,,,,,0,,,,3.544136,,,,,,91.63961795,,,,
,44279452.875,91.5128403,1999.70202636719,5.6558424441889E-5,3.34475212161953E-7,1,0.999253354069792,40.0298881530762,1.99133213223637,18.5199994593859,0.000644067182302645,0.000118227530013053,0.25,4.96125622163472E-7,5.68699186625438E-5,7.34349361938759E-7,91.473053,91.5526276,1999.70202636719,1999.70202636719,61.1467990594295,20.7341215225099,6.646428,0,0,0,40,4886,84.82625,1999.70202636719,,,,,,,,,,,,,0,,,,3.52652155,,,,,,91.5128403,,,,
,44279454,91.4222565,1999.70202636719,5.64586284917635E-5,3.16348567432168E-7,1,0.999253354069792,40.0298881530762,1.99132173374811,18.5199994593859,0.000642252360224679,0.000121869351317285,0.25,8.32419592846648E-7,5.67678987601278E-5,1.07263048652013E-6,91.37146,91.473053,1999.70202636719,1999.70202636719,61.4141160130065,20.7358209894084,6.273368,0,0,0,40,4886,84.7158,1999.70202636719,,,,,,,,,,,,,0,,,,3.52652155,,,,,,91.4222565,,,,
,44279455.895,91.2807846,1999.70202636719,5.64352288520995E-5,2.76334182964109E-7,1,0.999253354069792,40.0298881530762,1.99130124857851,18.5199994593859,0.000643126248711223,0.000115229478797218,0.25,2.53797984662126E-7,5.67464899983336E-5,4.91372555108383E-7,91.2807846,91.2807846,1999.70202636719,1999.70202636719,61.1467990594295,20.7352812765354,6.646428,0,0,0,40,4886,84.5802,1999.70202636719,,,,,,,,,,,,,0,,,,3.544136,,,,,,91.2807846,,,,
,44279456.575,91.2355118,1999.70202636719,5.64318212899957E-5,2.5393161269899E-7,1,0.999253354069792,40.0298881530762,1.99136326772952,18.5199994593859,0.000643424178171552,0.000113396564544893,0.25,9.31280149785864E-8,5.67435965954832E-5,3.30079113883749E-7,91.190239,91.2807846,1999.70202636719,1999.70202636719,61.2812391647373,20.7359260306197,6.646428,0,0,0,40,4886,84.52345,1999.70202636719,,,,,,,,,,,,,0,,,,3.52652155,,,,,,91.2355118,,,,
,44279458.75,90.9796143,1999.70202636719,5.65796690612863E-5,3.42778887149833E-7,1,0.999253354069792,40.0298881530762,1.99128095154107,18.5199994593859,0.000644153719044628,0.000118997931223628,0.25,5.57985782820937E-7,5.6889951883416E-5,7.99071017978312E-7,90.9796143,90.9796143,1999.70202636719,1999.70202636719,61.2609168232372,20.7372940102897,6.273368,0,0,0,40,4886,84.333,1999.70202636719,,,,,,,,,,,,,0,,,,3.5089071,,,,,,90.9796143,,,,
,44279460.28,90.8923111,1999.70202636719,5.70075382141081E-5,2.84238059328645E-7,1,0.999253354069792,40.0298881530762,1.99134854425657,18.5199994593859,0.000649937303227493,0.000114771278568492,0.25,1.11754564546541E-7,5.7321699907539E-5,3.52845651338159E-7,90.8923111,90.8923111,1999.70202636719,1999.70202636719,61.4586688386027,20.7376744497722,6.646428,0,0,0,40,4886,84.1993,1999.70202636719,,,,,,,,,,,,,0,,,,3.5089071,,,,,,90.8923111,,,,
,44279460.955,90.84155275,1999.70202636719,5.68798147479311E-5,3.09064775883039E-7,1,0.999253354069792,40.0298881530762,1.99126823078015,18.5199994593859,0.000647498347497196,0.00011998758678466,0.25,5.91577486960044E-7,5.71911084727634E-5,8.35058940892815E-7,90.7907944,90.8923111,1999.70202636719,1999.70202636719,61.1694662864872,20.7357362939143,6.646428,0,0,0,40,4886,84.1432,1999.70202636719,,,,,,,,,,,,,0,,,,3.5089071,,,,,,90.84155275,,,,
,44279462.095,90.75082015,1999.70202636719,5.66142048468455E-5,3.32895503437467E-7,1,0.999253354069792,40.0298881530762,1.99129163659752,18.5199994593859,0.000644824638621889,0.000117446862807385,0.25,4.14542028923929E-7,5.69244973701438E-5,6.5647812358077E-7,90.7108459,90.7907944,1999.70202636719,1999.70202636719,61.5000951501219,20.7343278794971,6.646428,0,0,0,40,4886,84.03265,1999.70202636719,,,,,,,,,,,,,0,,,,3.52652155,,,,,,90.75082015,,,,
,44279463.24,90.66873165,1999.70202636719,5.69176464101729E-5,2.77562482483685E-7,1,0.999253354069792,40.0298881530762,1.99126468140159,18.5199994593859,0.000647780941008956,0.000120876908898228,0.25,6.62092924014212E-7,5.72283667864182E-5,9.07089129657112E-7,90.6266174,90.7108459,1999.70202636719,1999.70202636719,61.5860742872373,20.7336257271199,6.646428,0,0,0,40,4886,83.951,1999.70202636719,,,,,,,,,,,,,0,,,,3.52652155,,,,,,90.66873165,,,,
,44279465.28,90.4272842,1999.70202636719,5.66456094596078E-5,2.85554796816993E-7,1,0.999253354069792,40.0298881530762,1.99133417409266,18.5199994593859,0.000645099884321747,0.000118034073436499,0.25,4.59293222678212E-7,5.6955465311837E-5,7.02730784832449E-7,90.4272842,90.4272842,1999.70202636719,1999.70202636719,61.1311664890449,20.735003321099,6.273368,0,0,0,40,4886,83.8099,1999.70202636719,,,,,,,,,,,,,0,,,,3.52652155,,,,,,90.4272842,,,,
,44279466.015,90.3871307,1999.70202636719,5.65256355867441E-5,2.35301056135556E-7,1,0.999253354069792,40.0298881530762,1.99127454769367,18.5199994593859,0.000643968236924941,0.000116321722582221,0.25,3.30136688617645E-7,5.68352322604452E-5,5.72627846306038E-7,90.3469772,90.4272842,1999.70202636719,1999.70202636719,61.3093777914296,20.7372335712522,6.273368,0,0,0,40,4886,83.7554,1999.70202636719,,,,,,,,,,,,,0,,,,3.52652155,,,,,,90.3871307,,,,
,44279467.195,90.2961502,1999.70202636719,5.70203321148874E-5,2.39598868926244E-7,1,0.999253354069792,40.0298881530762,1.99131831586888,18.5199994593859,0.000649478318528917,0.000118121942196273,0.25,4.00910087191652E-7,5.73320725961438E-5,6.46434857651279E-7,90.2453232,90.3469772,1999.70202636719,1999.70202636719,61.219490511718,20.7328581869671,6.273368,0,0,0,40,4886,83.64985,1999.70202636719,,,,,,,,,,,,,0,,,,3.544136,,,,,,90.2961502,,,,
,44279468.315,90.2054558,1999.70202636719,5.64310959368546E-5,3.77774645478022E-7,1,0.999253354069792,40.0298881530762,1.9913087119357,18.5199994593859,0.000642740392949609,0.000117016096215431,0.25,4.06391045217945E-7,5.67392928626142E-5,6.4997149620668E-7,90.1655884,90.2453232,1999.70202636719,1999.70202636719,61.0381526952565,20.7356547590706,6.273368,0,0,0,40,4886,83.5431,1999.70202636719,,,,,,,,,,,,,0,,,,3.52652155,,,,,,90.2054558,,,,
,44279469.495,90.0693474,1999.70202636719,5.69812852828003E-5,3.45350876134331E-7,1,0.999253354069792,40.0298881530762,1.99133415425716,18.5199994593859,0.000648439434832592,0.00012143708123095,0.25,6.97329948943965E-7,5.72910111675263E-5,9.45423315040056E-7,89.9731064,90.1655884,1999.70202636719,1999.70202636719,61.6994104225258,20.7346917992511,6.646428,0,0,0,40,4886,83.4333,1999.70202636719,,,,,,,,,,,,,0,,,,3.4914675,,,,,,90.0693474,,,,
,44279470.745,89.93135835,1999.70202636719,5.71678815708316E-5,2.5970228782382E-7,1,0.999253354069792,40.0298881530762,1.99129992824545,18.5199994593859,0.000650725135104096,0.000120826392633673,0.25,6.10851847214809E-7,5.7478757498597E-5,8.59830276179505E-7,89.8896103,89.9731064,1999.70202636719,1999.70202636719,61.3953569285449,20.7352003014914,6.273368,0,0,0,40,4886,83.3247,1999.70202636719,,,,,,,,,,,,,0,,,,3.4914675,,,,,,89.93135835,,,,
,44279471.97,89.8461571,1999.70202636719,5.70619072654771E-5,3.24459110749897E-7,1,0.999253354069792,40.0298881530762,1.99130506558093,18.5199994593859,0.00065028857546507,0.000116191086843092,0.25,2.22485391387325E-7,5.73736667308542E-5,4.69301265739227E-7,89.8027039,89.8896103,1999.70202636719,1999.70202636719,61.2640433373142,20.7365691984224,6.273368,0,0,0,40,4886,83.243,1999.70202636719,,,,,,,,,,,,,0,,,,3.52652155,,,,,,89.8461571,,,,
,44279473.045,89.76625065,1999.70202636719,5.70168103496603E-5,2.42655089829769E-7,1,0.999253354069792,40.0298881530762,1.99134010764091,18.5199994593859,0.000649094606393058,0.000120042990666666,0.25,5.67570623988838E-7,5.73266234307238E-5,8.16505433446634E-7,89.7297974,89.8027039,1999.70202636719,1999.70202636719,61.3656550448142,20.7355511641707,6.273368,0,0,0,40,4886,83.1613,1999.70202636719,,,,,,,,,,,,,0,,,,3.52652155,,,,,,89.76625065,,,,
,44279474.17,89.6791611,1999.70202636719,5.73491665042103E-5,3.34408584781259E-7,1,0.999253354069792,40.0298881530762,1.99115318665393,18.5199994593859,0.000653391993839643,0.000117442197719714,0.25,2.81990546133103E-7,5.76618214233509E-5,5.31225166901455E-7,89.6285248,89.7297974,1999.70202636719,1999.70202636719,61.2484107669296,20.7375910958828,6.273368,0,0,0,40,4886,83.07875,1999.70202636719,,,,,,,,,,,,,0,,,,3.5089071,,,,,,89.6791611,,,,
,44279475.435,89.53756715,1999.70202636719,5.71035044809196E-5,3.6023163841538E-7,1,0.999253354069792,40.0298881530762,1.99121959765051,18.5199994593859,0.000650811152888064,0.000115803305277378,0.25,1.80451490909289E-7,5.74151075800026E-5,4.28497906024894E-7,89.4466095,89.6285248,1999.70202636719,1999.70202636719,61.3969201855834,20.7361670449712,6.273368,0,0,0,40,4886,82.99665,1999.70202636719,,,,,,,,,,,,,0,,,,3.5089071,,,,,,89.53756715,,,,
,44279476.665,89.4068413,1999.70202636719,5.7171153923648E-5,3.30940387914244E-7,1,0.999253354069792,40.0298881530762,1.99125596706282,18.5199994593859,0.000650442622883525,0.000122513537015375,0.25,7.56375816937814E-7,5.74803711272442E-5,1.00842915479419E-6,89.3670731,89.4466095,1999.70202636719,1999.70202636719,61.4914972364104,20.7353564114925,6.646428,0,0,0,40,4886,82.8885,1999.70202636719,,,,,,,,,,,,,0,,,,3.5089071,,,,,,89.4068413,,,,
,44279477.805,89.31229405,1999.70202636719,5.75733751617955E-5,2.87281355788359E-7,1,0.999253354069792,40.0298881530762,1.99122918063384,18.5300000011921,0.000655879725292881,0.000118383542911858,0.25,3.23680167796912E-7,5.78864624207042E-5,5.75544523671584E-7,89.257515,89.3670731,1999.70202636719,1999.70202636719,61.2241802828334,20.735761898665,6.646428,0,0,0,40,4886,82.8067,1999.70202636719,,,,,,,,,,,,,0,,,,3.5089071,,,,,,89.31229405,,,,
,44279478.96,89.22132495,1999.70202636719,5.77338667431761E-5,2.82430822944288E-7,1,0.999253354069792,40.0298881530762,1.99135898371069,18.5300000011921,0.000657409987945539,0.000120646943188852,0.25,4.93076880980708E-7,5.80468821962203E-5,7.46997479704073E-7,89.1851349,89.257515,1999.70202636719,1999.70202636719,61.1553969731411,20.7356004458897,6.646428,0,0,0,40,4886,82.72485,1999.70202636719,,,,,,,,,,,,,0,,,,3.5089071,,,,,,89.22132495,,,,
,44279480.175,89.13790895,1999.70202636719,5.73690008406233E-5,3.82013900676168E-7,1,0.999253354069792,40.0298881530762,1.99124006696445,18.5199994593859,0.000653836730451623,0.000116314588830074,0.25,1.76969880603988E-7,5.76810666884626E-5,4.28167139787831E-7,89.090683,89.1851349,1999.70202636719,1999.70202636719,60.9623347288911,20.7356011322789,6.646428,0,0,0,40,4886,82.61335,1999.70202636719,,,,,,,,,,,,,0,,,,3.5089071,,,,,,89.13790895,,,,
,44279497.16,87.6419144,1999.70202636719,,,2,,,,18.5859999400973,,,,,,,87.6419144,87.6419144,1999.70202636719,1999.70202636719,,,6.646428,,,,-99999999,4886,81.251,1999.70202636719,,,,,,,,,,,,,,,,,,,,,,,87.6419144,,,,
touchdown = 14.1799999400973 mm,44279510.675,86.43310925,1999.70202636719,5.89743369272434E-5,2.8915793936631E-7,1,0.999253354069792,40.0298881530762,1.99132030460598,18.5700003057718,0.00067190430073885,0.000120522967708709,0.25,2.52347453692433E-7,5.92871931107539E-5,5.25111458108683E-7,86.3966522,86.4695663,1999.70202636719,1999.70202636719,61.3977018141027,20.7340944786611,6.646428,0,0,0,40,4886,80.1047,1999.70202636719,,,,,,,,,,,,,0,,,,3.52652155,,,,,,86.43310925,,,,
,44279511.285,86.35318755,1999.70202636719,5.84384193851579E-5,2.94823031150799E-7,1,0.999253354069792,40.0298881530762,1.99134520737563,18.5700003057718,0.000664844707505048,0.000124915248219379,0.25,7.30927753109446E-7,5.8746057451848E-5,1.00408703868129E-6,86.3097229,86.3966522,1999.70202636719,1999.70202636719,61.1514888305449,20.7352315550834,6.646428,0,0,0,40,4886,80.05035,1999.70202636719,,,,,,,,,,,,,0,,,,3.5089071,,,,,,86.35318755,,,,
,44279512.43,86.2551689,1999.70202636719,5.88689136146396E-5,3.26568585145256E-7,1,0.999253354069792,40.0298881530762,1.99126148975472,18.5700003057718,0.00067059971852531,0.000120759121908028,0.25,2.91083563134639E-7,5.91805995587599E-5,5.64364523008053E-7,86.2006149,86.3097229,1999.70202636719,1999.70202636719,61.4797728086219,20.7321622791685,6.646428,0,0,0,40,4886,79.96835,1999.70202636719,,,,,,,,,,,,,0,,,,3.5089071,,,,,,86.2551689,,,,
,44279513.665,86.1591568,1999.70202636719,5.87843822685657E-5,3.16112930003518E-7,1,0.999253354069792,40.0298881530762,1.99138911976936,18.580000847578,0.000670350758895657,0.000116728569323891,0.25,-4.87006682859347E-8,5.90969168082845E-5,2.22863244060204E-7,86.1176987,86.2006149,1999.70202636719,1999.70202636719,60.9521735581411,20.7338510767119,6.273368,0,0,0,40,4886,79.8865,1999.70202636719,,,,,,,,,,,,,0,,,,3.5089071,,,,,,86.1591568,,,,
,44279514.87,86.07210925,1999.70202636719,5.83919054314552E-5,4.11046929385316E-7,1,0.999253354069792,40.0298881530762,1.9912781076115,18.5700003057718,0.00066677033180471,0.000110606542101874,0.25,-5.16870837530387E-7,5.87042415048554E-5,-2.49127330593415E-7,86.0265198,86.1176987,1999.70202636719,1999.70202636719,61.0576934082372,20.733338289335,6.273368,0,0,0,40,4886,79.80435,1999.70202636719,,,,,,,,,,,,,0,,,,3.5089071,,,,,,86.07210925,,,,
,44279516.095,85.98643115,1999.70202636719,5.81880871419563E-5,3.10308383227789E-7,1,0.999253354069792,40.0298881530762,1.99130412403866,18.5700003057718,0.000662953534942816,0.000118753076903916,0.25,2.32636922155974E-7,5.84954567606539E-5,5.04048382908886E-7,85.9463425,86.0265198,1999.70202636719,1999.70202636719,61.2233986543142,20.7337462589813,6.273368,0,0,0,40,4886,79.6953,1999.70202636719,,,,,,,,,,,,,0,,,,3.4914675,,,,,,85.98643115,,,,
,44279517.385,85.8553009,1999.70202636719,5.86891246501068E-5,2.62165549186908E-7,1,0.999253354069792,40.0298881530762,1.9913975636152,18.5700003057718,0.000668317434550847,0.000121896310985915,0.25,4.19594086089834E-7,5.89979133009816E-5,6.94961268956456E-7,85.7642593,85.9463425,1999.70202636719,1999.70202636719,61.0662913219488,20.7355487950792,6.273368,0,0,0,40,4886,79.5866,1999.70202636719,,,,,,,,,,,,,0,,,,3.4914675,,,,,,85.8553009,,,,
,44279518.64,85.72798535,1999.70202636719,5.83850365039569E-5,3.27055810760481E-7,1,0.999253354069792,40.0298881530762,1.99127518379238,18.5700003057718,0.0006651915908962,0.000119092554533213,0.25,2.27063297261434E-7,5.86928484743871E-5,5.00497994140674E-7,85.6917114,85.7642593,1999.70202636719,1999.70202636719,61.2343414535834,20.733784571538,6.273368,0,0,0,40,4886,79.50105,1999.70202636719,,,,,,,,,,,,,0,,,,3.4914675,,,,,,85.72798535,,,,
,44279519.855,85.6404991,1999.70202636719,5.8335951831366E-5,2.47138402581493E-7,1,0.999253354069792,40.0298881530762,1.99135662524524,18.5700003057718,0.000664313580216279,0.000120933537885049,0.25,3.96076469754603E-7,5.86422199122563E-5,6.70904481869316E-7,85.5892868,85.6917114,1999.70202636719,1999.70202636719,61.0780157497372,20.7341811545134,6.273368,0,0,0,40,4886,79.37685,1999.70202636719,,,,,,,,,,,,,0,,,,3.4740279,,,,,,85.6404991,,,,
,44279521.115,85.5019493,1999.70202636719,5.91910051999492E-5,3.45680894535772E-7,1,0.999253354069792,40.0298881530762,1.99136327207898,18.5700003057718,0.000674150124527768,0.00012212589208811,0.25,3.5037338204034E-7,5.95016290771472E-5,6.29607818482679E-7,85.4146118,85.5892868,1999.70202636719,1999.70202636719,61.0795790067757,20.7346185332525,6.646428,0,0,0,40,4886,79.26805,1999.70202636719,,,,,,,,,,,,,0,,,,3.4740279,,,,,,85.5019493,,,,
,44279522.405,85.37088775,1999.70202636719,5.88794948135577E-5,2.65028117025131E-7,1,0.999253354069792,40.0298881530762,1.99128140822116,18.5700003057718,0.000671198509413211,0.000117896559879689,0.25,3.3770042117245E-8,5.91895778750868E-5,3.1052524977342E-7,85.3271637,85.4146118,1999.70202636719,1999.70202636719,61.1194420612565,20.7328915735316,6.273368,0,0,0,40,4886,79.1592,1999.70202636719,,,,,,,,,,,,,0,,,,3.4740279,,,,,,85.37088775,,,,
,44279523.585,85.28512955,1999.70202636719,5.85963992520166E-5,2.92709611038663E-7,1,0.999253354069792,40.0298881530762,1.99135470674862,18.5700003057718,0.000668023379705647,0.000117146580276002,0.25,1.66875387247094E-8,5.89047100433016E-5,2.92583417950642E-7,85.2430954,85.3271637,1999.70202636719,1999.70202636719,61.2890554499296,20.7343744206107,6.273368,0,0,0,40,4886,79.06525,1999.70202636719,,,,,,,,,,,,,0,,,,3.4914675,,,,,,85.28512955,,,,
,44279524.625,85.19757845,1999.70202636719,5.87935315775456E-5,2.70708930422012E-7,1,0.999253354069792,40.0298881530762,1.99128649307179,18.5700003057718,0.000670256601691392,0.000117477523697311,0.25,1.11782315503197E-8,5.91026753247688E-5,2.88375350851261E-7,85.1520615,85.2430954,1999.70202636719,1999.70202636719,61.4047364707757,20.7324932775227,6.646428,0,0,0,40,4886,78.9982,1999.70202636719,,,,,,,,,,,,,0,,,,3.4914675,,,,,,85.19757845,,,,
,44279526.515,85.0606384,1999.70202636719,5.86860321064815E-5,3.03574632023113E-7,1,0.999253354069792,40.0298881530762,1.99133531022912,18.5700003057718,0.000668524187556973,0.000120210262624151,0.25,2.6864960925439E-7,5.89927963693461E-5,5.47605016133999E-7,85.0606384,85.0606384,1999.70202636719,1999.70202636719,61.077234121218,20.7344793296925,6.273368,0,0,0,40,4886,78.84605,1999.70202636719,,,,,,,,,,,,,0,,,,3.5089071,,,,,,85.0606384,,,,
,44279527.12,85.00598905,1999.70202636719,5.85571864230173E-5,3.41092370638557E-7,1,0.999253354069792,40.0298881530762,1.99136607963833,18.5700003057718,0.000666552758360174,0.000122875887774676,0.25,5.24714001868745E-7,5.88619881961112E-5,8.04567259133588E-7,84.9513397,85.0606384,1999.70202636719,1999.70202636719,61.1593051157372,20.7359944231259,6.646428,0,0,0,40,4886,78.8188,1999.70202636719,,,,,,,,,,,,,0,,,,3.5089071,,,,,,85.00598905,,,,
,44279528.275,84.9018631,1999.70202636719,5.82907970906145E-5,3.29104703871713E-7,1,0.999253354069792,40.0298881530762,1.99129735067136,18.5700003057718,0.000664215494755964,0.000118195581112603,0.25,1.60674925900507E-7,5.85955733601028E-5,4.37919259453063E-7,84.8523865,84.9513397,1999.70202636719,1999.70202636719,61.303906391795,20.734461855464,6.646428,0,0,0,40,4886,78.7248,1999.70202636719,,,,,,,,,,,,,0,,,,3.5089071,,,,,,84.9018631,,,,
,44279529.51,84.76496125,1999.70202636719,5.85312801323854E-5,3.0589811688644E-7,1,0.999253354069792,40.0298881530762,1.99132783870158,18.5700003057718,0.00066729765439255,0.000116762048023565,0.25,-7.91798616527795E-9,5.88377238099892E-5,2.70241491339775E-7,84.677536,84.8523865,1999.70202636719,1999.70202636719,61.5876375442758,20.7342214658748,6.273368,0,0,0,40,4886,78.6156,1999.70202636719,,,,,,,,,,,,,0,,,,3.4914675,,,,,,84.76496125,,,,
,44279531.525,84.5979004,1999.70202636719,5.897578722344E-5,3.00780632119764E-7,1,0.999253354069792,40.0298881530762,1.99131165925886,18.5700003057718,0.000671572164505688,0.000122099214134284,0.25,3.81519102481277E-7,5.92819770519843E-5,6.64918400936351E-7,84.5979004,84.5979004,1999.70202636719,1999.70202636719,61.3656550448142,20.7334954816512,6.273368,0,0,0,40,4886,78.4363,1999.70202636719,,,,,,,,,,,,,0,,,,3.4740279,,,,,,84.5979004,,,,
,44279532.205,84.55578995,1999.70202636719,5.87883128105509E-5,2.4609694291435E-7,1,0.999253354069792,40.0298881530762,1.99133304526393,18.5700003057718,0.000670071146407158,0.000118113210333592,0.25,6.42494394098907E-8,5.90947457383255E-5,3.45501236170172E-7,84.5136795,84.5979004,1999.70202636719,1999.70202636719,61.4438178967373,20.7352081611309,6.646428,0,0,0,40,4886,78.36995,1999.70202636719,,,,,,,,,,,,,0,,,,3.4740279,,,,,,84.55578995,,,,
,44279534.305,84.3424454,1999.70202636719,5.88444112996812E-5,4.11993020739407E-7,1,0.999253354069792,40.0298881530762,1.9913334768326,18.5700003057718,0.000670563817625665,0.000119020296863226,0.25,1.33032546170168E-7,5.91501397371866E-5,4.15986292665486E-7,84.3424454,84.3424454,1999.70202636719,1999.70202636719,61.3101594199488,20.7371784297906,6.646428,0,0,0,40,4886,78.1941,1999.70202636719,,,,,,,,,,,,,0,,,,3.4740279,,,,,,84.3424454,,,,
,44279535.87,84.2329788,1999.70202636719,5.87521077277364E-5,3.08325116394371E-7,1,0.999253354069792,40.0298881530762,1.99126920808596,18.5700003057718,0.00067016148748071,0.000114975225740453,0.25,-2.05908608051782E-7,5.9058543076677E-5,7.55052868378096E-8,84.2329788,84.2329788,1999.70202636719,1999.70202636719,61.2929635925257,20.7337469661277,6.273368,0,0,0,40,4886,78.0855,1999.70202636719,,,,,,,,,,,,,0,,,,3.4914675,,,,,,84.2329788,,,,
,44279536.515,84.18190385,1999.70202636719,5.89302108361694E-5,2.56723416900721E-7,1,0.999253354069792,40.0298881530762,1.9912988460575,18.5700003057718,0.000672184113371024,0.000115424892428625,0.25,-1.97963055144776E-7,5.92374448225278E-5,8.4522049654481E-8,84.1308289,84.2329788,1999.70202636719,1999.70202636719,61.405518099295,20.7340329674516,6.646428,0,0,0,40,4886,78.0574,1999.70202636719,,,,,,,,,,,,,0,,,,3.4914675,,,,,,84.18190385,,,,
,44279537.66,84.08537295,1999.70202636719,5.88112611135592E-5,2.98817640631408E-7,1,0.999253354069792,40.0298881530762,1.99129569591361,18.580000847578,0.000670958062295859,0.000114413010000591,0.25,-2.66408471787735E-7,5.91178045275347E-5,1.5753412897936E-8,84.039917,84.1308289,1999.70202636719,1999.70202636719,61.0944299486411,20.7343845227736,6.646428,0,0,0,40,4886,77.9595,1999.70202636719,,,,,,,,,,,,,0,,,,3.4740279,,,,,,84.08537295,,,,
,44279538.84,83.94324875,1999.70202636719,5.87677186895639E-5,3.48514855306963E-7,1,0.999253354069792,40.0298881530762,1.991290371774,18.5700003057718,0.000669235953790586,0.000121284991825325,0.25,3.43475656982336E-7,5.90706761822181E-5,6.29263804817212E-7,83.8465805,84.039917,1999.70202636719,1999.70202636719,61.1983865416988,20.7350164911511,6.646428,0,0,0,40,4886,77.85045,1999.70202636719,,,,,,,,,,,,,0,,,,3.4914675,,,,,,83.94324875,,,,
,44279540.09,83.80640795,1999.70202636719,5.89207976190337E-5,2.38771529454714E-7,1,0.999253354069792,40.0298881530762,1.99137308529954,18.580000847578,0.000671972999160244,0.000116062054911622,0.25,-1.42442283151458E-7,5.92265519804486E-5,1.42150647834089E-7,83.7662354,83.8465805,1999.70202636719,1999.70202636719,61.2304333109873,20.7349187333598,6.646428,0,0,0,40,4886,77.7565,1999.70202636719,,,,,,,,,,,,,0,,,,3.4914675,,,,,,83.80640795,,,,
,44279542.11,83.6860275,1999.70202636719,5.92037434239582E-5,3.10322190856786E-7,1,0.999253354069792,40.0298881530762,1.99131558629343,18.5700003057718,0.000674239385920452,0.000121931178647582,0.25,3.22065953356284E-7,5.95077916063729E-5,6.11649069855107E-7,83.6860275,83.6860275,1999.70202636719,1999.70202636719,61.3531489885065,20.7352956426272,6.273368,0,0,0,40,4886,77.56135,1999.70202636719,,,,,,,,,,,,,0,,,,3.5089071,,,,,,83.6860275,,,,
,44279542.78,83.6348724,1999.70202636719,5.91088143075672E-5,3.05941630033822E-7,1,0.999253354069792,40.0298881530762,1.99133243012653,18.5700003057718,0.000674667531533023,0.000113134767517158,0.25,-4.33407373353546E-7,5.94157454419643E-5,-1.47765823473335E-7,83.5837173,83.6860275,1999.70202636719,1999.70202636719,61.1530520875834,20.7340375931743,6.273368,0,0,0,40,4886,77.49465,1999.70202636719,,,,,,,,,,,,,0,,,,3.4914675,,,,,,83.6348724,,,,
,44279543.985,83.49597545,1999.70202636719,5.89772306957993E-5,2.97318685584459E-7,1,0.999253354069792,40.0298881530762,1.99121289243309,18.5700003057718,0.000672320512547205,0.000117460128958234,0.25,-3.07830607443336E-8,5.92812308054574E-5,2.56808711750544E-7,83.4082336,83.5837173,1999.70202636719,1999.70202636719,61.4039548422565,20.7333902652899,6.646428,0,0,0,40,4886,77.4125,1999.70202636719,,,,,,,,,,,,,0,,,,3.4914675,,,,,,83.49597545,,,,
,44279545.93,83.320137,1999.70202636719,5.90175139704995E-5,2.69708043784922E-7,1,0.999253354069792,40.0298881530762,1.99130198255888,18.5700003057718,0.000673227110866002,0.000115115515833575,0.25,-2.44794599994852E-7,5.93221511843664E-5,4.28280145214916E-8,83.320137,83.320137,1999.70202636719,1999.70202636719,61.1663397724103,20.734523264441,6.273368,0,0,0,40,4886,77.2638,1999.70202636719,,,,,,,,,,,,,0,,,,3.4914675,,,,,,83.320137,,,,
,44279547.32,83.2362442,1999.70202636719,5.93892271837365E-5,3.53861945836955E-7,1,0.999253354069792,40.0298881530762,1.99129355201563,18.5700003057718,0.0006774456539018,0.000115917239349562,0.25,-2.4013171975045E-7,5.96952855431247E-5,4.9980052913505E-8,83.2362442,83.2362442,1999.70202636719,1999.70202636719,61.382069243718,20.7357135346947,6.273368,0,0,0,40,4886,77.16225,1999.70202636719,,,,,,,,,,,,,0,,,,3.4740279,,,,,,83.2362442,,,,
,44279547.955,83.1448822,1999.70202636719,5.93720332076638E-5,3.06066511129171E-7,1,0.999253354069792,40.0298881530762,1.99131233007757,18.5700003057718,0.000677159997727214,0.000116406701526613,0.25,-1.94731299073311E-7,5.9677425195708E-5,9.60529287266728E-8,83.0535202,83.2362442,1999.70202636719,1999.70202636719,61.1999497987372,20.7355034866257,6.273368,0,0,0,40,4886,77.08,1999.70202636719,,,,,,,,,,,,,0,,,,3.4740279,,,,,,83.1448822,,,,
,44279550.01,82.9797592,1999.70202636719,5.89672864936301E-5,3.01619181826266E-7,1,0.999253354069792,40.0298881530762,1.99132775518665,18.5700003057718,0.000671911921964097,0.000119202273060829,0.25,1.20541443520879E-7,5.92683824367321E-5,4.1191733428252E-7,82.9797592,82.9797592,1999.70202636719,1999.70202636719,61.3250103618142,20.7354454921631,6.273368,0,0,0,40,4886,76.9274,1999.70202636719,,,,,,,,,,,,,0,,,,3.5089071,,,,,,82.9797592,,,,
,44279550.71,82.92502595,1999.70202636719,5.90131129186781E-5,2.88352423246009E-7,1,0.999253354069792,40.0298881530762,1.99135910471482,18.5700003057718,0.000673402697684542,0.000113814041633293,0.25,-3.60631279601574E-7,5.93165919354893E-5,-7.11664335007693E-8,82.8702927,82.9797592,1999.70202636719,1999.70202636719,61.2429393672949,20.7351737011133,6.273368,0,0,0,40,4886,76.87645,1999.70202636719,,,,,,,,,,,,,0,,,,3.5089071,,,,,,82.92502595,,,,
,44279551.93,82.78824235,1999.70202636719,5.93157273167737E-5,3.09193754380452E-7,1,0.999253354069792,40.0298881530762,1.99137285180922,18.5700003057718,0.000674748727758647,0.00012641781441298,0.25,6.91422730184061E-7,5.96151711617934E-5,9.88356384390114E-7,82.706192,82.8702927,1999.70202636719,1999.70202636719,61.3156308195834,20.73617004341,6.646428,0,0,0,40,4886,76.78245,1999.70202636719,,,,,,,,,,,,,0,,,,3.5089071,,,,,,82.78824235,,,,
,44279553.955,82.6253128,1999.70202636719,5.94864735371305E-5,3.11237212923315E-7,1,0.999253354069792,40.0298881530762,1.99140835911158,18.580000847578,0.000677892351113563,0.000119939115604499,0.25,9.19154401100592E-8,5.97888759968901E-5,3.87815791843599E-7,82.6253128,82.6253128,1999.70202636719,1999.70202636719,61.1131890331026,20.7362820430144,6.273368,0,0,0,40,4886,76.5982,1999.70202636719,,,,,,,,,,,,,0,,,,3.4740279,,,,,,82.6253128,,,,
,44279554.67,82.583313,1999.70202636719,5.94905032672798E-5,2.65613998674666E-7,1,0.999253354069792,40.0298881530762,1.99132758804186,18.5700003057718,0.000678682606581839,0.000115535986569304,0.25,-2.94902532758797E-7,5.97946665035223E-5,-6.9566652737614E-10,82.5413132,82.6253128,1999.70202636719,1999.70202636719,61.3594020166603,20.7335145361212,6.646428,0,0,0,40,4886,76.55865,1999.70202636719,,,,,,,,,,,,,0,,,,3.4914675,,,,,,82.583313,,,,
,44279555.95,82.4498291,1999.70202636719,5.97253459482481E-5,2.78585257255225E-7,1,0.999253354069792,40.0298881530762,1.9912739096828,18.5700003057718,0.000681060099994892,0.000117589337216261,0.25,-1.56125036672346E-7,6.00297074506723E-5,1.4046415392638E-7,82.358345,82.5413132,1999.70202636719,1999.70202636719,61.1632132583334,20.7318564725051,6.646428,0,0,0,40,4886,76.4803,1999.70202636719,,,,,,,,,,,,,0,,,,3.5089071,,,,,,82.4498291,,,,
,44279557.035,82.3126831,1999.70202636719,5.95881527178671E-5,3.26402477160002E-7,1,0.999253354069792,40.0298881530762,1.99136038250728,18.580000847578,0.00067976202965902,0.000115933170490024,0.25,-2.78421216687203E-7,5.98919390699348E-5,1.75771549633465E-8,82.2670212,82.358345,1999.70202636719,1999.70202636719,61.2140191120834,20.7356970674564,6.646428,0,0,0,40,4886,76.3705,1999.70202636719,,,,,,,,,,,,,0,,,,3.4914675,,,,,,82.3126831,,,,
,44279558.14,82.22683715,1999.70202636719,5.96566159407125E-5,2.8641112678296E-7,1,0.999253354069792,40.0298881530762,1.99131476424246,18.5700003057718,0.000680706184784072,0.000115012513730858,0.25,-3.71599206128576E-7,5.99606676621228E-5,-7.501492924386E-8,82.1866531,82.2670212,1999.70202636719,1999.70202636719,61.2148007406026,20.7331114169873,6.273368,0,0,0,40,4886,76.26075,1999.70202636719,,,,,,,,,,,,,0,,,,3.4914675,,,,,,82.22683715,,,,
,44279559.41,82.14468,1999.70202636719,5.9648556498357E-5,2.74943622907617E-7,1,0.999253354069792,40.0298881530762,1.9913421977198,18.5700003057718,0.000680016204101153,0.000118428865340041,0.25,-7.11159621228004E-8,5.99506028047613E-5,2.27558341570711E-7,82.1027069,82.1866531,1999.70202636719,1999.70202636719,61.3265736188526,20.7358456374026,6.646428,0,0,0,40,4886,76.1675,1999.70202636719,,,,,,,,,,,,,0,,,,3.5089071,,,,,,82.14468,,,,
,44279560.635,82.05316925,1999.70202636719,5.9876572112301E-5,2.85368876180217E-7,1,0.999253354069792,40.0298881530762,1.99142878298544,18.5700003057718,0.000683107342389442,0.000116214231161833,0.25,-3.06365370638123E-7,6.0180495371893E-5,-7.12182310770478E-9,82.0036316,82.1027069,1999.70202636719,1999.70202636719,61.3531489885065,20.7356836711348,6.273368,0,0,0,40,4886,76.0739,1999.70202636719,,,,,,,,,,,,,0,,,,3.4914675,,,,,,82.05316925,,,,
,44279561.82,81.95619965,1999.70202636719,5.98176889282919E-5,3.12830215002305E-7,1,0.999253354069792,40.0298881530762,1.99129639437128,18.5700003057718,0.000681913590308897,0.000118789974902157,0.25,-6.99647757929225E-8,6.01196424548968E-5,2.30824229434733E-7,81.9087677,82.0036316,1999.70202636719,1999.70202636719,61.1452358023911,20.7342632206353,6.273368,0,0,0,40,4886,75.97535,1999.70202636719,,,,,,,,,,,,,0,,,,3.4740279,,,,,,81.95619965,,,,
,44279563.785,81.7182541,1999.70202636719,5.99728935442294E-5,2.88965195376372E-7,1,0.999253354069792,40.0298881530762,1.99131091898609,18.5700003057718,0.000683272757561271,0.000121426306625753,0.25,1.33237895301831E-7,6.02740309032749E-5,4.36740939056077E-7,81.7182541,81.7182541,1999.70202636719,1999.70202636719,61.0483138660065,20.7348440270597,6.646428,0,0,0,40,4886,75.8376,1999.70202636719,,,,,,,,,,,,,0,,,,3.4740279,,,,,,81.7182541,,,,
,44279564.46,81.6777916,1999.70202636719,5.98100339930905E-5,3.322696182906E-7,1,0.999253354069792,40.0298881530762,1.99134157448322,18.5700003057718,0.00068135872804227,0.000121463331596874,0.25,1.64499347386893E-7,6.01098033625085E-5,4.67805353038752E-7,81.6373291,81.7182541,1999.70202636719,1999.70202636719,61.2343414535834,20.7363988869657,6.273368,0,0,0,40,4886,75.76645,1999.70202636719,,,,,,,,,,,,,0,,,,3.4740279,,,,,,81.6777916,,,,
,44279565.695,81.5897522,1999.70202636719,5.9926577180017E-5,2.90388366841102E-7,1,0.999253354069792,40.0298881530762,1.99138203357815,18.5700003057718,0.000682761126898515,0.000121313337735938,0.25,1.30062912732924E-7,6.02265267213705E-5,4.34511507784974E-7,81.5421753,81.6373291,1999.70202636719,1999.70202636719,61.2108925980065,20.7370712449009,6.273368,0,0,0,40,4886,75.65655,1999.70202636719,,,,,,,,,,,,,0,,,,3.4740279,,,,,,81.5897522,,,,
,44279566.935,81.46175385,1999.70202636719,5.95189272023109E-5,2.9924146237289E-7,1,0.999253354069792,40.0298881530762,1.99142395356542,18.5700003057718,0.000679408550004864,0.000113176120178407,0.25,-5.13100105249977E-7,5.98196646777302E-5,-2.13325562709307E-7,81.3813324,81.5421753,1999.70202636719,1999.70202636719,61.3375164181219,20.7348322725653,6.646428,0,0,0,40,4886,75.56325,1999.70202636719,,,,,,,,,,,,,0,,,,3.4914675,,,,,,81.46175385,,,,
,44279568.17,81.33011245,1999.70202636719,5.98740457228272E-5,3.1022705242342E-7,1,0.999253354069792,40.0298881530762,1.99131609607564,18.580000847578,0.00068284321087471,0.000117148382978354,0.25,-2.26848389517437E-7,6.01747427378934E-5,7.67129115261145E-8,81.2788925,81.3813324,1999.70202636719,1999.70202636719,61.3726897014873,20.7358768987047,6.646428,0,0,0,40,4886,75.48085,1999.70202636719,,,,,,,,,,,,,0,,,,3.4914675,,,,,,81.33011245,,,,
,44279569.39,81.2422714,1999.70202636719,6.04804976287465E-5,2.67729180847805E-7,1,0.999253354069792,40.0298881530762,1.99136476033098,18.5700003057718,0.000689483433701977,0.000119968244026056,0.25,-8.66587214569386E-8,6.07829879269901E-5,2.21357371268917E-7,81.2056503,81.2788925,1999.70202636719,1999.70202636719,61.4297485833911,20.7350900939187,6.646428,0,0,0,40,4886,75.3817,1999.70202636719,,,,,,,,,,,,,0,,,,3.4914675,,,,,,81.2422714,,,,
,44279570.595,81.1599426,1999.70202636719,6.0251338338023E-5,2.05454445905195E-7,1,0.999253354069792,40.0298881530762,1.99127938277281,18.5700003057718,0.00068651069367018,0.000121362034635092,0.25,7.56483349080721E-8,6.05512503495963E-5,3.84043705697171E-7,81.1142349,81.2056503,1999.70202636719,1999.70202636719,61.3945753000257,20.7346172241768,6.646428,0,0,0,40,4886,75.2717,1999.70202636719,,,,,,,,,,,,,0,,,,3.4914675,,,,,,81.1599426,,,,
,44279571.775,81.0647087,1999.70202636719,6.0517348784043E-5,2.77837341729476E-7,1,0.999253354069792,40.0298881530762,1.99135463923377,18.5700003057718,0.000690135846052011,0.000118623374066619,0.25,-2.12286085436459E-7,6.08195388662676E-5,9.66987093195413E-8,81.0151825,81.1142349,1999.70202636719,1999.70202636719,61.1960416561411,20.7352315092697,6.646428,0,0,0,40,4886,75.1736,1999.70202636719,,,,,,,,,,,,,0,,,,3.4914675,,,,,,81.0647087,,,,
,44279572.9,80.96756365,1999.70202636719,6.07006074099136E-5,3.07642747021431E-7,1,0.999253354069792,40.0298881530762,1.99134745766355,18.5700003057718,0.00069107004175221,0.000125520599928937,0.25,3.60227899002728E-7,6.10002754127183E-5,6.7363341781785E-7,80.9199448,81.0151825,1999.70202636719,1999.70202636719,60.9435756444295,20.7361000802547,6.273368,0,0,0,40,4886,75.0799,1999.70202636719,,,,,,,,,,,,,0,,,,3.4914675,,,,,,80.96756365,,,,
,44279574.08,80.82471085,1999.70202636719,5.97537143111261E-5,3.21532885334664E-7,1,0.999253354069792,40.0298881530762,1.99132653944164,18.5700003057718,0.000681900405910307,0.000114316214864155,0.25,-4.5716214064861E-7,6.00524319921096E-5,-1.52041582017362E-7,80.7294769,80.9199448,1999.70202636719,1999.70202636719,61.422713926718,20.7361959108699,6.646428,0,0,0,40,4886,74.98545,1999.70202636719,,,,,,,,,,,,,0,,,,3.4914675,,,,,,80.82471085,,,,
,44279575.345,80.6889,1999.70202636719,6.05025027009239E-5,3.09761996236739E-7,1,0.999253354069792,40.0298881530762,1.99132196023861,18.5700003057718,0.000689419695932679,0.000121551369506933,0.25,4.57043890475311E-8,6.08018530159787E-5,3.57842527782146E-7,80.6483231,80.7294769,1999.70202636719,1999.70202636719,61.1843172283526,20.7348888010232,6.273368,0,0,0,40,4886,74.8866,1999.70202636719,,,,,,,,,,,,,0,,,,3.4914675,,,,,,80.6889,,,,
,44279576.585,80.6007576,1999.70202636719,6.01039756768233E-5,2.87551862907641E-7,1,0.999253354069792,40.0298881530762,1.99136254700821,18.5700003057718,0.000685420131131336,0.000117714282723203,0.25,-2.21718730493015E-7,6.04022925458712E-5,8.7600933610965E-8,80.5531921,80.6483231,1999.70202636719,1999.70202636719,61.1952600276219,20.7358421942872,6.273368,0,0,0,40,4886,74.804,1999.70202636719,,,,,,,,,,,,,0,,,,3.4740279,,,,,,80.6007576,,,,
,44279577.82,80.5034561,1999.70202636719,6.04215026755825E-5,2.79449015982471E-7,1,0.999253354069792,40.0298881530762,1.99124686568213,18.5700003057718,0.000688602211523082,0.000120570128840334,0.25,-2.69509252791096E-8,6.0719736600145E-5,2.85752826497332E-7,80.4537201,80.5531921,1999.70202636719,1999.70202636719,61.2351230821026,20.735187812595,6.273368,0,0,0,40,4886,74.68935,1999.70202636719,,,,,,,,,,,,,0,,,,3.45676185,,,,,,80.5034561,,,,
,44279579.07,80.4043083,1999.70202636719,6.03884411346475E-5,3.41673841751302E-7,1,0.999253354069792,40.0298881530762,1.9913783076881,18.5700003057718,0.000689532754812724,0.000113264122533285,0.25,-6.63630809854725E-7,6.0689092917778E-5,-3.53372648743217E-7,80.3548965,80.4537201,1999.70202636719,1999.70202636719,61.2179272546796,20.7354706444422,6.273368,0,0,0,40,4886,74.5635,1999.70202636719,,,,,,,,,,,,,0,,,,3.45676185,,,,,,80.4043083,,,,
,44279581.145,80.1708069,1999.70202636719,6.01962601546981E-5,2.89382014795722E-7,1,0.999253354069792,40.0298881530762,1.99137807673483,18.5700003057718,0.000686513538654842,0.000117539957177096,0.25,-2.55751810865075E-7,6.04929205156179E-5,5.67362099392674E-8,80.1708069,80.1708069,1999.70202636719,1999.70202636719,61.1757193146411,20.7351430909188,6.646428,0,0,0,40,4886,74.3853,1999.70202636719,,,,,,,,,,,,,0,,,,3.4740279,,,,,,80.1708069,,,,
,44279581.875,80.12872695,1999.70202636719,6.0274012155983E-5,2.6963965582318E-7,1,0.999253354069792,40.0298881530762,1.99130082533355,18.5700003057718,0.000687726343121393,0.000115669264571209,0.25,-4.33440982009695E-7,6.05717324407399E-5,-1.21116414458947E-7,80.086647,80.1708069,1999.70202636719,1999.70202636719,61.3945753000257,20.7350456607206,6.646428,0,0,0,40,4886,74.3413,1999.70202636719,,,,,,,,,,,,,0,,,,3.4740279,,,,,,80.12872695,,,,
,44279583.2,80.0371208,1999.70202636719,6.07169265908485E-5,3.02982587133528E-7,1,0.999253354069792,40.0298881530762,1.99129118896164,18.5700003057718,0.00069163250909082,0.000122995199588786,0.25,1.31098944572083E-7,6.10132655183937E-5,4.49217481115543E-7,79.9875946,80.086647,1999.70202636719,1999.70202636719,61.1155339186603,20.7370064383924,6.273368,0,0,0,40,4886,74.23745,1999.70202636719,,,,,,,,,,,,,0,,,,3.4740279,,,,,,80.0371208,,,,
,44279584.48,79.9324875,1999.70202636719,6.05109066750066E-5,3.16142044153712E-7,1,0.999253354069792,40.0298881530762,1.99129611817682,18.5700003057718,0.000689683836082569,0.000120276028007965,0.25,-7.20442841473304E-8,6.08066307844556E-5,2.44796957138345E-7,79.8773804,79.9875946,1999.70202636719,1999.70202636719,61.3672183018526,20.7355113709592,6.273368,0,0,0,40,4886,74.1225,1999.70202636719,,,,,,,,,,,,,0,,,,3.4914675,,,,,,79.9324875,,,,
,44279585.655,79.840683,1999.70202636719,6.0480927805492E-5,3.07475305677387E-7,1,0.999253354069792,40.0298881530762,1.9913305409539,18.5700003057718,0.000688976208573122,0.000122323213559111,0.25,1.12049778130549E-7,6.07748820407835E-5,4.30392893113933E-7,79.8039856,79.8773804,1999.70202636719,1999.70202636719,61.4555423245257,20.7366162671415,6.273368,0,0,0,40,4886,74.01225,1999.70202636719,,,,,,,,,,,,,0,,,,3.4914675,,,,,,79.840683,,,,
,44279587.72,79.6090088,1999.70202636719,6.05189435208392E-5,2.95985195823989E-7,1,0.999253354069792,40.0298881530762,1.99124755432959,18.5700003057718,0.000689242640080105,0.000123143310657377,0.25,1.76962348737648E-7,6.08120645520224E-5,4.96747507254051E-7,79.6090088,79.6090088,1999.70202636719,1999.70202636719,61.2421577387757,20.7338159432698,6.273368,0,0,0,40,4886,73.8784,1999.70202636719,,,,,,,,,,,,,0,,,,3.4740279,,,,,,79.6090088,,,,
,44279588.36,79.5594063,1999.70202636719,6.04710862590731E-5,2.78919726494144E-7,1,0.999253354069792,40.0298881530762,1.99123418134904,18.5700003057718,0.000689831653407815,0.000116542018434792,0.25,-3.94222438295957E-7,6.07666573394817E-5,-7.70801140450449E-8,79.5098038,79.6090088,1999.70202636719,1999.70202636719,61.3101594199488,20.7344659096462,6.273368,0,0,0,40,4886,73.82325,1999.70202636719,,,,,,,,,,,,,0,,,,3.4740279,,,,,,79.5594063,,,,
,44279589.525,79.46751785,1999.70202636719,6.04349744902969E-5,2.38655285477952E-7,1,0.999253354069792,40.0298881530762,1.9913859076018,18.5700003057718,0.000689367710492003,0.000117017902737833,0.25,-3.47512863000988E-7,6.07294584821446E-5,-2.95665348998922E-8,79.4252319,79.5098038,1999.70202636719,1999.70202636719,61.0748892356603,20.7364550874757,6.646428,0,0,0,40,4886,73.7132,1999.70202636719,,,,,,,,,,,,,0,,,,3.4740279,,,,,,79.46751785,,,,
,44279590.655,79.37937545,1999.70202636719,6.09756350020908E-5,2.86518259659512E-7,1,0.999253354069792,40.0298881530762,1.99131646806319,18.5700003057718,0.000694293503219641,0.000124958125300915,0.25,2.54119305132451E-7,6.12689832244197E-5,5.78493939829099E-7,79.333519,79.4252319,1999.70202636719,1999.70202636719,61.5297970338527,20.7360892329906,6.646428,0,0,0,40,4886,73.61945,1999.70202636719,,,,,,,,,,,,,0,,,,3.4740279,,,,,,79.37937545,,,,
,44279591.81,79.25100325,1999.70202636719,6.10841154875255E-5,2.90409023935207E-7,1,0.999253354069792,40.0298881530762,1.99128364752571,18.5700003057718,0.00069537510983051,0.000125960572723135,0.25,3.22708659704646E-7,6.13771705253446E-5,6.48569937758217E-7,79.1684875,79.333519,1999.70202636719,1999.70202636719,61.4789911801027,20.7347669870765,6.646428,0,0,0,40,4886,73.53675,1999.70202636719,,,,,,,,,,,,,0,,,,3.4914675,,,,,,79.25100325,,,,
,44279592.985,79.12624355,1999.70202636719,6.08146185649933E-5,2.50417336617467E-7,1,0.999253354069792,40.0298881530762,1.99127491150265,18.5700003057718,0.00069444721656718,0.000113177345524842,0.25,-7.52290988730309E-7,6.11116304897886E-5,-4.32460435553739E-7,79.0839996,79.1684875,1999.70202636719,1999.70202636719,61.0350261811795,20.7362246692633,6.273368,0,0,0,40,4886,73.4539,1999.70202636719,,,,,,,,,,,,,0,,,,3.47420145,,,,,,79.12624355,,,,
,44279594.92,78.9957047,1999.70202636719,6.11341854394577E-5,2.86830990752717E-7,1,0.999253354069792,40.0298881530762,1.99137058074229,18.5700003057718,0.000696943967541817,0.000120440656542006,0.25,-1.72557737832785E-7,6.14284811752722E-5,1.53054893832694E-7,78.9957047,78.9957047,1999.70202636719,1999.70202636719,61.3773794726026,20.7363268106941,6.646428,0,0,0,40,4886,73.2721,1999.70202636719,,,,,,,,,,,,,0,,,,3.4740279,,,,,,78.9957047,,,,
,44279595.585,78.9114304,1999.70202636719,6.09338664656648E-5,3.0684412895677E-7,1,0.999253354069792,40.0298881530762,1.99137279988831,18.5700003057718,0.000694499327285015,0.000120937959961374,0.25,-9.415661217314E-8,6.12263533204619E-5,2.31268983080772E-7,78.8271561,78.9957047,1999.70202636719,1999.70202636719,61.3422061892373,20.7365245198204,6.646428,0,0,0,40,4886,73.20055,1999.70202636719,,,,,,,,,,,,,0,,,,3.4740279,,,,,,78.9114304,,,,
,44279596.745,78.783062,1999.70202636719,6.15066455715741E-5,2.82625032410527E-7,1,0.999253354069792,40.0298881530762,1.99138675131308,18.5700003057718,0.00070138392588041,0.00012004371945395,0.25,-2.73873453641158E-7,6.18023692810031E-5,5.43483698851948E-8,78.7389679,78.8271561,1999.70202636719,1999.70202636719,61.3664366733334,20.7368969936327,6.273368,0,0,0,40,4886,73.1177,1999.70202636719,,,,,,,,,,,,,0,,,,3.45676185,,,,,,78.783062,,,,
,44279597.94,78.6966057,1999.70202636719,6.14164748333136E-5,2.5758743875505E-7,1,0.999253354069792,40.0298881530762,1.99136270690229,18.5700003057718,0.000700548607644928,0.000118688489334158,0.25,-3.77349979131559E-7,6.17118047906807E-5,-4.95109811091289E-8,78.6542435,78.7389679,1999.70202636719,1999.70202636719,61.2335598250642,20.7367939994341,6.273368,0,0,0,40,4886,73.0348,1999.70202636719,,,,,,,,,,,,,0,,,,3.45676185,,,,,,78.6966057,,,,
,44279599.205,78.6047821,1999.70202636719,6.12071877326209E-5,2.80506410459425E-7,1,0.999253354069792,40.0298881530762,1.99131985679607,18.580000847578,0.000698480173535637,0.000116330923311789,0.25,-5.48033759841597E-7,6.15015988953984E-5,-2.21221687583391E-7,78.5553207,78.6542435,1999.70202636719,1999.70202636719,61.3023431347565,20.7358817779428,6.273368,0,0,0,40,4886,72.908,1999.70202636719,,,,,,,,,,,,,0,,,,3.45676185,,,,,,78.6047821,,,,
,44279600.315,78.51328655,1999.70202636719,6.13575069700232E-5,2.8586836514277E-7,1,0.999253354069792,40.0298881530762,1.99137265460961,18.5700003057718,0.000699923662732577,0.000118232991128929,0.25,-4.08284860285539E-7,6.16513631193658E-5,-7.9401152767197E-8,78.4712524,78.5553207,1999.70202636719,1999.70202636719,61.2859289358526,20.735961312321,6.273368,0,0,0,40,4886,72.8251,1999.70202636719,,,,,,,,,,,,,0,,,,3.45676185,,,,,,78.51328655,,,,
,44279601.41,78.429039,1999.70202636719,6.14175984027251E-5,2.90120561584721E-7,1,0.999253354069792,40.0298881530762,1.99125430638773,18.5700003057718,0.000700983760099302,0.000115944692989355,0.25,-6.19678973513407E-7,6.17122690951801E-5,-2.9079591962786E-7,78.3868256,78.4712524,1999.70202636719,1999.70202636719,61.3234471047757,20.7358017847129,6.273368,0,0,0,40,4886,72.7312,1999.70202636719,,,,,,,,,,,,,0,,,,3.45676185,,,,,,78.429039,,,,
,44279602.625,78.29482655,1999.70202636719,6.10403802039247E-5,2.58343125572856E-7,1,0.999253354069792,40.0298881530762,1.99130729632455,18.5700003057718,0.000696566108105771,0.000115937907677536,0.25,-5.54803846049097E-7,6.1332350939122E-5,-2.26972667658084E-7,78.2028275,78.3868256,1999.70202636719,1999.70202636719,61.0373710667372,20.7341811513468,6.646428,0,0,0,40,4886,72.637,1999.70202636719,,,,,,,,,,,,,0,,,,3.45676185,,,,,,78.29482655,,,,
,44279603.785,78.1624451,1999.70202636719,6.13378983906138E-5,2.53295604766106E-7,1,0.999253354069792,40.0298881530762,1.99135509934592,18.5700003057718,0.000699323604928172,0.000120191613413483,0.25,-2.34514162496557E-7,6.16290538810471E-5,9.7045034212589E-8,78.1220627,78.2028275,1999.70202636719,1999.70202636719,61.3547122455449,20.7373976585437,6.646428,0,0,0,40,4886,72.5537,1999.70202636719,,,,,,,,,,,,,0,,,,3.45676185,,,,,,78.1624451,,,,
,44279604.875,78.0763016,1999.70202636719,6.21580588579891E-5,2.5846960921237E-7,1,0.999253354069792,40.0298881530762,1.99131641247294,18.580000847578,0.000708601658055623,0.000122087937970909,0.25,-2.12710685837785E-7,6.24522522433695E-5,1.24168578224759E-7,78.0305405,78.1220627,1999.70202636719,1999.70202636719,61.2007314272565,20.7363465684823,6.273368,0,0,0,40,4886,72.44865,1999.70202636719,,,,,,,,,,,,,0,,,,3.45676185,,,,,,78.0763016,,,,
,44279606.055,77.98041155,1999.70202636719,6.12838463164712E-5,3.96532726341462E-7,1,0.999253354069792,40.0298881530762,1.99133681663545,18.5700003057718,0.000699542671171235,0.000115202739466085,0.25,-6.641123936614E-7,6.15756274579654E-5,-3.33305364455372E-7,77.9302826,78.0305405,1999.70202636719,1999.70202636719,61.3289185044103,20.7377325249941,6.273368,0,0,0,40,4886,72.33765,1999.70202636719,,,,,,,,,,,,,0,,,,3.4740279,,,,,,77.98041155,,,,
,44279607.325,77.88804245,1999.70202636719,6.18021223306284E-5,2.36929474484928E-7,1,0.999253354069792,40.0298881530762,1.99138803626268,18.580000847578,0.000705349907816051,0.000116857623198787,0.25,-6.10794559505933E-7,6.20954562335435E-5,-2.76255821531134E-7,77.8458023,77.9302826,1999.70202636719,1999.70202636719,60.8591597643526,20.7346697037077,6.646428,0,0,0,40,4886,72.2482,1999.70202636719,,,,,,,,,,,,,0,,,,3.4740279,,,,,,77.88804245,,,,
,44279608.485,77.75878905,1999.70202636719,6.18400024823164E-5,2.74781554045243E-7,1,0.999253354069792,40.0298881530762,1.99135538370658,18.5700003057718,0.000704732864776523,0.00012279817657524,0.25,-9.63970077838861E-8,6.21301890697383E-5,2.41372605103843E-7,77.6717758,77.8458023,1999.70202636719,1999.70202636719,61.0905218060449,20.7371286653339,6.273368,0,0,0,40,4886,72.16465,1999.70202636719,,,,,,,,,,,,,0,,,,3.4740279,,,,,,77.75878905,,,,
,44279625.41,76.2853012,1999.70202636719,,,2,,,,18.6359998551607,,,,,,,76.2853012,76.2853012,1999.70202636719,1999.70202636719,,,6.646428,,,,-99999999,4886,70.7727,1999.70202636719,,,,,,,,,,,,,,,,,,,,,,,76.2853012,,,,
touchdown = 14.2299998551607 mm,44279638.735,75.0653992,1999.70202636719,6.30742945523242E-5,3.2357842625143E-7,1,0.999253354069792,40.0298881530762,1.99144464190623,18.6199992895126,0.00071989132162931,0.000117951415130786,0.25,-7.55572841085965E-7,6.3354719643072E-5,-3.94559099863696E-7,75.0653992,75.0653992,1999.70202636719,1999.70202636719,61.3679999303719,20.7374216183152,6.646428,0,0,0,40,4886,69.6063,1999.70202636719,,,,,,,,,,,,,0,,,,3.45676185,,,,,,75.0653992,,,,
,44279639.495,75.01900485,1999.70202636719,6.28911679513247E-5,2.50769520482768E-7,1,0.999253354069792,40.0298881530762,1.99146274963957,18.6199992895126,0.000718228370936948,0.000115190236184622,0.25,-9.66181634120673E-7,6.3171546650306E-5,-6.06720097420223E-7,74.9726105,75.0653992,1999.70202636719,1999.70202636719,61.4625769811988,20.735165181253,6.646428,0,0,0,40,4886,69.5513,1999.70202636719,,,,,,,,,,,,,0,,,,3.45676185,,,,,,75.01900485,,,,
,44279641.565,74.7873459,1999.70202636719,6.31604575414467E-5,2.3192637584321E-7,1,0.999253354069792,40.0298881530762,1.99146051431038,18.6299998313189,0.000720214084975317,0.0001217824954969,0.25,-4.35801809891366E-7,6.34377146258627E-5,-7.1254957845522E-8,74.7873459,74.7873459,1999.70202636719,1999.70202636719,61.1882253709488,20.7352665407815,6.646428,0,0,0,40,4886,69.3948,1999.70202636719,,,,,,,,,,,,,0,,,,3.4740279,,,,,,74.7873459,,,,
,44279643.095,74.6952515,1999.70202636719,6.36144566354314E-5,3.06133132935162E-7,1,0.999253354069792,40.0298881530762,1.99145980628375,18.6199992895126,0.000724063587342911,0.000130108131945374,0.25,2.14375044310086E-7,6.38886745934853E-5,5.85450891108239E-7,74.6952515,74.6952515,1999.70202636719,1999.70202636719,61.0490954945257,20.7362589213358,6.646428,0,0,0,40,4886,69.2564,1999.70202636719,,,,,,,,,,,,,0,,,,3.4740279,,,,,,74.6952515,,,,
,44279643.76,74.6452179,1999.70202636719,6.29703468950283E-5,3.14632297098911E-7,1,0.999253354069792,40.0298881530762,1.99141234313579,18.6299998313189,0.000719163480836839,0.000114868392662754,0.25,-1.01036733693077E-6,6.32484425117584E-5,-6.47921229864396E-7,74.5951843,74.6952515,1999.70202636719,1999.70202636719,61.1460174309103,20.734298607239,6.273368,0,0,0,40,4886,69.2024,1999.70202636719,,,,,,,,,,,,,0,,,,3.4740279,,,,,,74.6452179,,,,
,44279644.915,74.50238035,1999.70202636719,6.28193776755597E-5,3.27779071152304E-7,1,0.999253354069792,40.0298881530762,1.99150538728495,18.6199992895126,0.000715997653192494,0.000122899735814947,0.25,-2.79724436746919E-7,6.30916462610083E-5,8.58571409798357E-8,74.4095764,74.5951843,1999.70202636719,1999.70202636719,61.3093777914296,20.7384633738058,6.273368,0,0,0,40,4886,69.09105,1999.70202636719,,,,,,,,,,,,,0,,,,3.4740279,,,,,,74.50238035,,,,
,44279646.11,74.3574829,1999.70202636719,6.35795742295193E-5,3.48737263746212E-7,1,0.999253354069792,40.0298881530762,1.99141609935232,18.6199992895126,0.000725842190063713,0.000117453150140631,0.25,-8.92176016764641E-7,6.38578287857585E-5,-5.23967666711041E-7,74.3053894,74.4095764,1999.70202636719,1999.70202636719,61.3070329058719,20.7365699717105,6.646428,0,0,0,40,4886,68.986,1999.70202636719,,,,,,,,,,,,,0,,,,3.45676185,,,,,,74.3574829,,,,
,44279647.35,74.26457975,1999.70202636719,6.32775843885244E-5,3.12454460418245E-7,1,0.999253354069792,40.0298881530762,1.99136539221948,18.6199992895126,0.000722580728435865,0.000115677568826176,0.25,-9.95270762775601E-7,6.35542469299672E-5,-6.28465773507937E-7,74.2237701,74.3053894,1999.70202636719,1999.70202636719,61.0850504064103,20.7368527676305,6.646428,0,0,0,40,4886,68.88335,1999.70202636719,,,,,,,,,,,,,0,,,,3.4394958,,,,,,74.26457975,,,,
,44279648.96,74.1308212,1999.70202636719,6.36983069461827E-5,3.0908165529778E-7,1,0.999253354069792,40.0298881530762,1.99143676123128,18.6299998313189,0.000726320374466687,0.000122550792133696,0.25,-4.67100596659421E-7,6.39724430921927E-5,-9.44826287059044E-8,74.0378723,74.2237701,1999.70202636719,1999.70202636719,60.9943814981795,20.7359800076641,6.646428,0,0,0,40,4886,68.7449,1999.70202636719,,,,,,,,,,,,,0,,,,3.4394958,,,,,,74.1308212,,,,
,44279650.595,74.00051115,1999.70202636719,6.36495270128744E-5,2.77484437421977E-7,1,0.999253354069792,40.0298881530762,1.99138245222763,18.6199992895126,0.000726440186858594,0.000118443264940506,0.25,-8.19682101265679E-7,6.3924490332689E-5,-4.47919021821331E-7,73.96315,74.0378723,1999.70202636719,1999.70202636719,61.6095231428142,20.7351559448634,6.273368,0,0,0,40,4886,68.62645,1999.70202636719,,,,,,,,,,,,,0,,,,3.4394958,,,,,,74.00051115,,,,
,44279651.835,73.91083145,1999.70202636719,6.36571602886608E-5,3.32369661417604E-7,1,0.999253354069792,40.0298881530762,1.99147133339327,18.6199992895126,0.000725134722829284,0.000126481821106873,0.25,-1.16151154740384E-7,6.39271719196681E-5,2.59362358438898E-7,73.8585129,73.96315,1999.70202636719,1999.70202636719,61.4774279230642,20.7368539874501,6.273368,0,0,0,40,4886,68.5341,1999.70202636719,,,,,,,,,,,,,0,,,,3.4394958,,,,,,73.91083145,,,,
,44279653.015,73.76508715,1999.70202636719,6.41533046229505E-5,3.06870261408344E-7,1,0.999253354069792,40.0298881530762,1.99141554084195,18.6199992895126,0.000730698606024889,0.000127785641726835,0.25,-8.95450200128372E-8,6.44242574508506E-5,2.89899492915474E-7,73.6716614,73.8585129,1999.70202636719,1999.70202636719,61.0952115771603,20.7377092852815,6.273368,0,0,0,40,4886,68.42105,1999.70202636719,,,,,,,,,,,,,0,,,,3.4394958,,,,,,73.76508715,,,,
,44279654.15,73.63059615,1999.70202636719,6.40353555729064E-5,2.5832042652242E-7,1,0.999253354069792,40.0298881530762,1.99148150987658,18.6199992895126,0.000729967650656264,0.00012415035851089,0.25,-3.89004457357884E-7,6.43066541189356E-5,-1.06943634701384E-8,73.5895309,73.6716614,1999.70202636719,1999.70202636719,61.036589438218,20.7369008322929,6.646428,0,0,0,40,4886,68.31625,1999.70202636719,,,,,,,,,,,,,0,,,,3.45676185,,,,,,73.63059615,,,,
,44279655.36,73.55192945,1999.70202636719,6.39799110833542E-5,2.82568224738229E-7,1,0.999253354069792,40.0298881530762,1.99141685790038,18.6199992895126,0.000730254000442924,0.000118637507994872,0.25,-8.63692789046576E-7,6.4252803335856E-5,-4.86872470499058E-7,73.514328,73.5895309,1999.70202636719,1999.70202636719,61.3891039003911,20.7338570301312,6.273368,0,0,0,40,4886,68.21145,1999.70202636719,,,,,,,,,,,,,0,,,,3.45676185,,,,,,73.55192945,,,,
,44279657.355,73.42836,1999.70202636719,6.44706261474261E-5,3.17372709978721E-7,1,0.999253354069792,40.0298881530762,1.99145150070366,18.6299998313189,0.000734333038166158,0.000128151792148153,0.25,-1.1580616790712E-7,6.47396564387489E-5,2.68267282292492E-7,73.42836,73.42836,1999.70202636719,1999.70202636719,61.2656065943526,20.7366061021605,6.646428,0,0,0,40,4886,68.0589,1999.70202636719,,,,,,,,,,,,,0,,,,3.4740279,,,,,,73.42836,,,,
,44279658.02,73.32547,1999.70202636719,6.38802210062087E-5,3.01843517436114E-7,1,0.999253354069792,40.0298881530762,1.99148514828439,18.6199992895126,0.000728001060087385,0.000124784332482501,0.25,-3.07983717528737E-7,6.4147411215249E-5,7.22488744918835E-8,73.22258,73.42836,1999.70202636719,1999.70202636719,61.2828024217757,20.7375066424351,6.646428,0,0,0,40,4886,67.99775,1999.70202636719,,,,,,,,,,,,,0,,,,3.45676185,,,,,,73.32547,,,,
,44279659.305,73.1758881,1999.70202636719,6.39019049986418E-5,2.88187054933295E-7,1,0.999253354069792,40.0298881530762,1.99142526912103,18.6199992895126,0.00072843417659012,0.000123583842695958,0.25,-4.17628903317764E-7,6.41688335940183E-5,-3.68464311317859E-8,73.1291962,73.22258,1999.70202636719,1999.70202636719,61.249974023968,20.7356394294187,6.273368,0,0,0,40,4886,67.8866,1999.70202636719,,,,,,,,,,,,,0,,,,3.4394958,,,,,,73.1758881,,,,
,44279660.48,73.07855225,1999.70202636719,6.46227308294474E-5,2.85469243932295E-7,1,0.999253354069792,40.0298881530762,1.9914692942019,18.6199992895126,0.000737166963839561,0.000122091994942371,0.25,-6.76556558461399E-7,6.4893408610917E-5,-2.91862154017127E-7,73.0279083,73.1291962,1999.70202636719,1999.70202636719,61.2695147369488,20.7374061261725,6.273368,0,0,0,40,4886,67.8031,1999.70202636719,,,,,,,,,,,,,0,,,,3.4394958,,,,,,73.07855225,,,,
,44279661.56,72.9754715,1999.70202636719,6.40430838428527E-5,2.79125735407038E-7,1,0.999253354069792,40.0298881530762,1.99153663726267,18.6199992895126,0.000730289660814843,0.00012258094937476,0.25,-5.32283617657594E-7,6.43096510720917E-5,-1.49750838094574E-7,72.9230347,73.0279083,1999.70202636719,1999.70202636719,61.4688300093527,20.7382421458638,6.646428,0,0,0,40,4886,67.7123,1999.70202636719,,,,,,,,,,,,,0,,,,3.4394958,,,,,,72.9754715,,,,
,44279662.725,72.88185505,1999.70202636719,6.4536208155837E-5,3.55716384854875E-7,1,0.999253354069792,40.0298881530762,1.99143107339352,18.6299998313189,0.000735069743971385,0.000128014341224914,0.25,-1.42214520760481E-7,6.48013613029733E-5,2.45763149012471E-7,72.8406754,72.9230347,1999.70202636719,1999.70202636719,61.3375164181219,20.7394416381398,6.646428,0,0,0,40,4886,67.60135,1999.70202636719,,,,,,,,,,,,,0,,,,3.4394958,,,,,,72.88185505,,,,
,44279664.805,72.7280426,1999.70202636719,6.44769276529871E-5,3.699283896162E-7,1,0.999253354069792,40.0298881530762,1.99149453453273,18.6199992895126,0.000735605174382868,0.000121058175772574,0.25,-7.44081702808782E-7,6.47438422979526E-5,-3.57605300469786E-7,72.7280426,72.7280426,1999.70202636719,1999.70202636719,61.3390796751603,20.7365829324887,6.273368,0,0,0,40,4886,67.43635,1999.70202636719,,,,,,,,,,,,,0,,,,3.45676185,,,,,,72.7280426,,,,
,44279665.51,72.63417435,1999.70202636719,6.5109227831975E-5,2.8167011402062E-7,1,0.999253354069792,40.0298881530762,1.99136427737213,18.6199992895126,0.000742391110655505,0.000124345252946198,0.25,-5.66801928677216E-7,6.5376812173447E-5,-1.75101840291009E-7,72.5403061,72.7280426,1999.70202636719,1999.70202636719,61.2288700539488,20.7364193115546,6.646428,0,0,0,40,4886,67.3516,1999.70202636719,,,,,,,,,,,,,0,,,,3.4394958,,,,,,72.63417435,,,,
,44279666.7,72.48747635,1999.70202636719,6.45859736774209E-5,2.70643981407933E-7,1,0.999253354069792,40.0298881530762,1.99146185846015,18.6199992895126,0.000736588686654836,0.000122587721660373,0.25,-6.2971989610074E-7,6.48513549526031E-5,-2.40991543452366E-7,72.4346466,72.5403061,1999.70202636719,1999.70202636719,61.5563724035065,20.7362695740284,6.273368,0,0,0,40,4886,67.2953,1999.70202636719,,,,,,,,,,,,,0,,,,3.4394958,,,,,,72.48747635,,,,
,44279667.915,72.3933525,1999.70202636719,6.4335358047484E-5,2.51104851579657E-7,1,0.999253354069792,40.0298881530762,1.9914663889411,18.6299998313189,0.000733207779085291,0.000125016759435849,0.25,-3.72794269514823E-7,6.45971576380033E-5,1.62557347242751E-8,72.3520584,72.4346466,1999.70202636719,1999.70202636719,61.1546153446219,20.7355289430676,6.273368,0,0,0,40,4886,67.19445,1999.70202636719,,,,,,,,,,,,,0,,,,3.4394958,,,,,,72.3933525,,,,
,44279669.125,72.30303575,1999.70202636719,6.45846428165098E-5,2.99029288326337E-7,1,0.999253354069792,40.0298881530762,1.99133520857887,18.6299998313189,0.00073574407600026,0.000126861502787863,0.25,-2.54914584985657E-7,6.48452674876586E-5,1.37236166587981E-7,72.2540131,72.3520584,1999.70202636719,1999.70202636719,61.3742529585257,20.7356632082741,6.273368,0,0,0,40,4886,67.05435,1999.70202636719,,,,,,,,,,,,,0,,,,3.4394958,,,,,,72.30303575,,,,
,44279670.3,72.20878605,1999.70202636719,6.52001222141641E-5,3.16359018304854E-7,1,0.999253354069792,40.0298881530762,1.99149156304914,18.6199992895126,0.000743621306702636,0.000123426425548915,0.25,-6.66695387067484E-7,6.54647610555918E-5,-2.7168848371185E-7,72.163559,72.2540131,1999.70202636719,1999.70202636719,61.2749861365834,20.7360762131072,6.273368,0,0,0,40,4886,66.9601,1999.70202636719,,,,,,,,,,,,,0,,,,3.4224012,,,,,,72.20878605,,,,
,44279671.445,72.1203461,1999.70202636719,6.51975473847062E-5,2.50092606564898E-7,1,0.999253354069792,40.0298881530762,1.99141251011043,18.6199992895126,0.000743741104641693,0.000122369080015296,0.25,-7.59132960256042E-7,6.54620825737229E-5,-3.6397386857958E-7,72.0771332,72.163559,1999.70202636719,1999.70202636719,61.2241802828334,20.7350669334818,6.646428,0,0,0,40,4886,66.89365,1999.70202636719,,,,,,,,,,,,,0,,,,3.4224012,,,,,,72.1203461,,,,
,44279672.605,71.9882851,1999.70202636719,6.4930728580499E-5,2.91814630664458E-7,1,0.999253354069792,40.0298881530762,1.99151256146842,18.6199992895126,0.000739697444404623,0.000127686601546532,0.25,-2.45998429696313E-7,6.51902572543281E-5,1.50242019080325E-7,71.899437,72.0771332,1999.70202636719,1999.70202636719,61.1491439449872,20.7371585288177,6.273368,0,0,0,40,4886,66.8102,1999.70202636719,,,,,,,,,,,,,0,,,,3.4394958,,,,,,71.9882851,,,,
,44279673.88,71.85588075,1999.70202636719,6.55501643226211E-5,2.58596007210511E-7,1,0.999253354069792,40.0298881530762,1.99146622843817,18.6199992895126,0.000746836663394229,0.00012827289911003,0.25,-3.04232232252294E-7,6.58114858798662E-5,9.63805953277123E-8,71.8123245,71.899437,1999.70202636719,1999.70202636719,61.3015615062372,20.7363594983632,6.273368,0,0,0,40,4886,66.7091,1999.70202636719,,,,,,,,,,,,,0,,,,3.4394958,,,,,,71.85588075,,,,
,44279675.085,71.7559471,1999.70202636719,6.54720134632116E-5,2.78095860855626E-7,1,0.999253354069792,40.0298881530762,1.99135756441173,18.6299998313189,0.000746438465647199,0.000125022201362279,0.25,-5.76153585052902E-7,6.57334296246705E-5,-1.76138781084614E-7,71.6995697,71.8123245,1999.70202636719,1999.70202636719,61.3273552473719,20.7360835101301,6.273368,0,0,0,40,4886,66.5907,1999.70202636719,,,,,,,,,,,,,0,,,,3.4224012,,,,,,71.7559471,,,,
,44279676.165,71.6484871,1999.70202636719,6.53080807059137E-5,3.12066422710337E-7,1,0.999253354069792,40.0298881530762,1.9914232468847,18.6299998313189,0.000744567430027431,0.00012480098974041,0.25,-5.67514717645237E-7,6.5567943375536E-5,-1.67800179006943E-7,71.5974045,71.6995697,1999.70202636719,1999.70202636719,61.2054211983719,20.7365416251027,6.273368,0,0,0,40,4886,66.5072,1999.70202636719,,,,,,,,,,,,,0,,,,3.4053066,,,,,,71.6484871,,,,
,44279677.33,71.55382155,1999.70202636719,6.57564343151062E-5,2.48950898552851E-7,1,0.999253354069792,40.0298881530762,1.99152272552986,18.6199992895126,0.000748633937250272,0.000131732395935244,0.25,-3.87973275335633E-8,6.60140036164777E-5,3.66364599342551E-7,71.5102386,71.5974045,1999.70202636719,1999.70202636719,61.4031732137373,20.7379792907955,6.273368,0,0,0,40,4886,66.4309,1999.70202636719,,,,,,,,,,,,,0,,,,3.4053066,,,,,,71.55382155,,,,
,44279678.61,71.458992,1999.70202636719,6.56744942660802E-5,2.48198906068177E-7,1,0.999253354069792,40.0298881530762,1.99149076932009,18.6199992895126,0.000749809093420477,0.000119454117629857,0.25,-1.10368362519699E-6,6.59366583414728E-5,-7.01973412753588E-7,71.4077454,71.5102386,1999.70202636719,1999.70202636719,61.3586203881411,20.7348728384321,6.273368,0,0,0,40,4886,66.28185,1999.70202636719,,,,,,,,,,,,,0,,,,3.4224012,,,,,,71.458992,,,,
,44279679.74,71.36989595,1999.70202636719,6.54814862195334E-5,3.09622519821564E-7,1,0.999253354069792,40.0298881530762,1.99141384449458,18.6199992895126,0.000746167972978847,0.000126988956109491,0.25,-4.08054196336196E-7,6.57371679785353E-5,-3.79973199028316E-9,71.3320465,71.4077454,1999.70202636719,1999.70202636719,61.3156308195834,20.7373188467208,6.646428,0,0,0,40,4886,66.1534,1999.70202636719,,,,,,,,,,,,,0,,,,3.4224012,,,,,,71.36989595,,,,
,44279680.765,71.28269575,1999.70202636719,6.57401329259395E-5,2.72974564000985E-7,1,0.999253354069792,40.0298881530762,1.99139323083592,18.6199992895126,0.000750021824619346,0.000122284614712146,0.25,-8.67213891301973E-7,6.59992093899834E-5,-4.62760477295848E-7,71.233345,71.3320465,1999.70202636719,1999.70202636719,61.0608199223142,20.7365660232637,6.273368,0,0,0,40,4886,66.1078,1999.70202636719,,,,,,,,,,,,,0,,,,3.4224012,,,,,,71.28269575,,,,
,44279681.965,71.1308136,1999.70202636719,6.56361276917748E-5,2.53970290815276E-7,1,0.999253354069792,40.0298881530762,1.99140268150298,18.6299998313189,0.000746799467237326,0.000133567586100446,0.25,1.41744748485982E-7,6.58874807808871E-5,5.50253711843505E-7,71.0282822,71.233345,1999.70202636719,1999.70202636719,61.1655581438911,20.7379428887865,6.273368,0,0,0,40,4886,66.00645,1999.70202636719,,,,,,,,,,,,,0,,,,3.4224012,,,,,,71.1308136,,,,
,44279683.19,70.98463825,1999.70202636719,6.5717185771564E-5,3.16646597231291E-7,1,0.999253354069792,40.0298881530762,1.99147544285866,18.6199992895126,0.000748699197485361,0.00012827192265268,0.25,-3.38912551111138E-7,6.59706449470595E-5,6.91482811230651E-8,70.9409943,71.0282822,1999.70202636719,1999.70202636719,61.3711264444488,20.7371759542385,6.646428,0,0,0,40,4886,65.89515,1999.70202636719,,,,,,,,,,,,,0,,,,3.4224012,,,,,,70.98463825,,,,
,44279684.365,70.8933716,1999.70202636719,6.58077882774754E-5,3.00471910597529E-7,1,0.999253354069792,40.0298881530762,1.9914183516321,18.6199992895126,0.000749764470373006,0.000128087617255038,0.25,-3.71269534921439E-7,6.60609683802784E-5,3.78423318114817E-8,70.8457489,70.9409943,1999.70202636719,1999.70202636719,61.3539306170257,20.7371964014051,6.646428,0,0,0,40,4886,65.81935,1999.70202636719,,,,,,,,,,,,,0,,,,3.4394958,,,,,,70.8933716,,,,
,44279685.6,70.8038864,1999.70202636719,6.58050811764281E-5,2.40294421872226E-7,1,0.999253354069792,40.0298881530762,1.99138026902554,18.6199992895126,0.00075128353050443,0.000119141316419007,0.25,-1.15734006354326E-6,6.60618277186245E-5,-7.5028504858276E-7,70.7620239,70.8457489,1999.70202636719,1999.70202636719,61.2460658813719,20.736820907542,6.273368,0,0,0,40,4886,65.70245,1999.70202636719,,,,,,,,,,,,,0,,,,3.4224012,,,,,,70.8038864,,,,
,44279686.87,70.7050705,1999.70202636719,6.60831862603606E-5,2.99791485128846E-7,1,0.999253354069792,40.0298881530762,1.99153671592171,18.6199992895126,0.000753399632338966,0.000125869705473688,0.25,-6.16917268304809E-7,6.63361194271457E-5,-2.05028487354667E-7,70.6481171,70.7620239,1999.70202636719,1999.70202636719,61.2687331084296,20.7366112212038,6.273368,0,0,0,40,4886,65.57355,1999.70202636719,,,,,,,,,,,,,0,,,,3.4053066,,,,,,70.7050705,,,,
,44279688.11,70.556942,1999.70202636719,6.59921568544376E-5,2.57377134566637E-7,1,0.999253354069792,40.0298881530762,1.99143507226075,18.6199992895126,0.000750732974168838,0.000134609187459447,0.25,1.66820035506223E-7,6.62384213829686E-5,5.82089209927885E-7,70.4657669,70.6481171,1999.70202636719,1999.70202636719,61.2515372810065,20.7379439444819,5.900308,0,0,0,40,4886,65.44825,1999.70202636719,,,,,,,,,,,,,0,,,,3.43966725,,,,,,70.556942,,,,
,44279689.32,70.4125824,1999.70202636719,6.59949181131291E-5,2.65805070042344E-7,1,0.999253354069792,40.0298881530762,1.99144024109967,18.6199992895126,0.000752327293530226,0.000125713487425804,0.25,-6.15891162470082E-7,6.62450938899198E-5,-2.0278234235397E-7,70.3593979,70.4657669,1999.70202636719,1999.70202636719,61.3140675625449,20.7372421799956,6.273368,0,0,0,40,4886,65.35475,1999.70202636719,,,,,,,,,,,,,0,,,,3.43966725,,,,,,70.4125824,,,,
,44279691.48,70.275589,1999.70202636719,6.57385643812884E-5,2.74717371953835E-7,1,0.999253354069792,40.0298881530762,1.99155302105463,18.6299998313189,0.000749621796077634,0.000124089136241799,0.25,-7.1502799329469E-7,6.59862163403129E-5,-3.02403532771137E-7,70.275589,70.275589,1999.70202636719,1999.70202636719,61.2351230821026,20.736116417495,6.273368,0,0,0,40,4886,65.1687,1999.70202636719,,,,,,,,,,,,,0,,,,3.4394958,,,,,,70.275589,,,,
,44279692.125,70.1796074,1999.70202636719,6.61900210709731E-5,3.02928738402854E-7,1,0.999253354069792,40.0298881530762,1.99151506603607,18.6299998313189,0.000754684046174977,0.000125306951500599,0.25,-6.87956275251249E-7,6.64385690462516E-5,-2.71931940527407E-7,70.0836258,70.275589,1999.70202636719,1999.70202636719,61.3328266470065,20.7372229283067,6.646428,0,0,0,40,4886,65.11335,1999.70202636719,,,,,,,,,,,,,0,,,,3.4394958,,,,,,70.1796074,,,,
,44279693.34,70.04141235,1999.70202636719,6.6518077252061E-5,2.35966788942863E-7,1,0.999253354069792,40.0298881530762,1.99142523394808,18.6199992895126,0.000759722496180573,0.00011831851234817,0.25,-1.36017662184686E-6,6.67709440596817E-5,-9.4372542469931E-7,69.9991989,70.0836258,1999.70202636719,1999.70202636719,61.2929635925257,20.7379906061102,6.646428,0,0,0,40,4886,65.01235,1999.70202636719,,,,,,,,,,,,,0,,,,3.4394958,,,,,,70.04141235,,,,
,44279694.475,69.94572065,1999.70202636719,6.66770129590307E-5,2.52985449797413E-7,1,0.999253354069792,40.0298881530762,1.99142190223732,18.6199992895126,0.000759956109398665,0.000127471715223381,0.25,-5.84491841739457E-7,6.69244726352404E-5,-1.63447508555675E-7,69.8922424,69.9991989,1999.70202636719,1999.70202636719,61.2742045080642,20.7388997488644,6.273368,0,0,0,40,4886,64.92145,1999.70202636719,,,,,,,,,,,,,0,,,,3.4224012,,,,,,69.94572065,,,,
,44279695.635,69.85020065,1999.70202636719,6.66396329868083E-5,2.15988194804613E-7,1,0.999253354069792,40.0298881530762,1.99141932894272,18.6199992895126,0.000758810161386159,0.000131402829363985,0.25,-2.32927019563351E-7,6.68837418842188E-5,1.89833077501454E-7,69.8081589,69.8922424,1999.70202636719,1999.70202636719,61.3930120429873,20.7359920199662,6.273368,0,0,0,40,4886,64.8384,1999.70202636719,,,,,,,,,,,,,0,,,,3.4053066,,,,,,69.85020065,,,,
,44279696.845,69.7585297,1999.70202636719,6.69841774286098E-5,2.8002259785538E-7,1,0.999253354069792,40.0298881530762,1.99138249372356,18.6199992895126,0.000763369639848544,0.000128314796371963,0.25,-5.65666158994886E-7,6.72302915211162E-5,-1.41023598059936E-7,69.7089005,69.8081589,1999.70202636719,1999.70202636719,61.3961385570642,20.7369415385069,6.646428,0,0,0,40,4886,64.72725,1999.70202636719,,,,,,,,,,,,,0,,,,3.4053066,,,,,,69.7585297,,,,
,44279698.89,69.5295181,1999.70202636719,6.73189060828812E-5,2.96321388029471E-7,1,0.999253354069792,40.0298881530762,1.99142115685061,18.6199992895126,0.000767757596414602,0.00012566814905439,0.25,-8.58646444712714E-7,6.75661598921178E-5,-4.31583872660227E-7,69.5295181,69.5295181,1999.70202636719,1999.70202636719,61.199168170218,20.7375839280832,6.646428,0,0,0,40,4886,64.5629,1999.70202636719,,,,,,,,,,,,,0,,,,3.4053066,,,,,,69.5295181,,,,
,44279700.39,69.4335556,1999.70202636719,6.7083737752136E-5,2.56952058108243E-7,1,0.999253354069792,40.0298881530762,1.99137527339845,18.6199992895126,0.000764590925023224,0.00012775593725335,0.25,-6.34177486720497E-7,6.73269446270006E-5,-2.06676203664541E-7,69.4335556,69.4335556,1999.70202636719,1999.70202636719,61.6908125088142,20.7381461122055,6.273368,0,0,0,40,4886,64.4231,1999.70202636719,,,,,,,,,,,,,0,,,,3.4053066,,,,,,69.4335556,,,,
,44279701.025,69.3760643,1999.70202636719,6.7224025402833E-5,2.96046328324469E-7,1,0.999253354069792,40.0298881530762,1.99142252672486,18.6199992895126,0.000765884391641408,0.000129790577831622,0.25,-4.80860687286289E-7,6.74658244477834E-5,-5.13224919318913E-8,69.318573,69.4335556,1999.70202636719,1999.70202636719,61.2585719376796,20.7374168082327,6.273368,0,0,0,40,4886,64.35,1999.70202636719,,,,,,,,,,,,,0,,,,3.4053066,,,,,,69.3760643,,,,
,44279702.17,69.27632525,1999.70202636719,6.76237205585458E-5,2.20067752404767E-7,1,0.999253354069792,40.0298881530762,1.99139898124654,18.6199992895126,0.000770445733125925,0.000130416664538712,0.25,-4.96787212382985E-7,6.78662509719246E-5,-6.42063242843705E-8,69.2340775,69.318573,1999.70202636719,1999.70202636719,61.6228108276411,20.7383591134163,6.273368,0,0,0,40,4886,64.2842,1999.70202636719,,,,,,,,,,,,,0,,,,3.4053066,,,,,,69.27632525,,,,
,44279704.11,69.050293,1999.70202636719,6.7446684739728E-5,2.69782478082675E-7,1,0.999253354069792,40.0298881530762,1.99144313310723,18.6299998313189,0.000768762322498892,0.000128183260889324,0.25,-6.627925180959E-7,6.7688132462913E-5,-2.30886211217961E-7,69.050293,69.050293,1999.70202636719,1999.70202636719,61.1288216034872,20.7387308061809,6.273368,0,0,0,40,4886,64.155,1999.70202636719,,,,,,,,,,,,,0,,,,3.4394958,,,,,,69.050293,,,,
,44279705.61,68.9655228,1999.70202636719,6.73775378002877E-5,2.6074061101413E-7,1,0.999253354069792,40.0298881530762,1.99144806572159,18.6299998313189,0.000767715260279061,0.000129363922533395,0.25,-5.47904045544463E-7,6.76155353075237E-5,-1.14538130145268E-7,68.9655228,68.9655228,1999.70202636719,1999.70202636719,61.2663882228719,20.7366453518352,6.273368,0,0,0,40,4886,63.9692,1999.70202636719,,,,,,,,,,,,,0,,,,3.4394958,,,,,,68.9655228,,,,
,44279706.345,68.86939625,1999.70202636719,6.77354919128541E-5,2.94606321591342E-7,1,0.999253354069792,40.0298881530762,1.99139671042496,18.6199992895126,0.000772338281555863,0.000126818984181724,0.25,-8.34956369390934E-7,6.79759223330552E-5,-3.99825373572036E-7,68.7732697,68.9655228,1999.70202636719,1999.70202636719,61.0725443501026,20.7373147863168,6.273368,0,0,0,40,4886,63.9138,1999.70202636719,,,,,,,,,,,,,0,,,,3.4224012,,,,,,68.86939625,,,,
,44279707.57,68.72317125,1999.70202636719,6.75912633293871E-5,2.97099381315995E-7,1,0.999253354069792,40.0298881530762,1.99135519967047,18.6299998313189,0.000769861639818102,0.000131072355125619,0.25,-4.36026910629612E-7,6.78272201248887E-5,4.47681011640181E-10,68.6730728,68.7732697,1999.70202636719,1999.70202636719,61.2046395698526,20.7379283581066,6.273368,0,0,0,40,4886,63.80295,1999.70202636719,,,,,,,,,,,,,0,,,,3.4053066,,,,,,68.72317125,,,,
,44279708.56,68.6730728,1999.70202636719,6.79043344004351E-5,3.17561162536338E-7,1,0.999253354069792,40.0298881530762,1.99154271050368,18.6199992895126,0.000773166027947313,0.000133482012932283,0.25,-2.81172486528185E-7,6.81391562937589E-5,1.58584107589313E-7,68.6730728,68.6730728,1999.70202636719,1999.70202636719,61.3187573336603,20.7367567894708,6.273368,0,0,0,40,4886,63.71345,1999.70202636719,,,,,,,,,,,,,0,,,,3.4224012,,,,,,68.6730728,,,,
,44279709.615,68.5696716,1999.70202636719,6.78677916281117E-5,3.01459802775414E-7,1,0.999253354069792,40.0298881530762,1.99143131160317,18.6299998313189,0.000773684530892064,0.000127817170979318,0.25,-7.7248838670635E-7,6.81046100115652E-5,-3.33979093799634E-7,68.4662704,68.6730728,1999.70202636719,1999.70202636719,61.006105925968,20.736224568543,6.273368,0,0,0,40,4886,63.63015,1999.70202636719,,,,,,,,,,,,,0,,,,3.4394958,,,,,,68.5696716,,,,
,44279710.85,68.42248915,1999.70202636719,6.79176621244053E-5,3.21691582053402E-7,1,0.999253354069792,40.0298881530762,1.99144689856526,18.6199992895126,0.000774257541509831,0.000127831681100752,0.25,-7.80740098371682E-7,6.81533732568079E-5,-3.41086594799817E-7,68.3787079,68.4662704,1999.70202636719,1999.70202636719,61.3969201855834,20.7364985360272,6.646428,0,0,0,40,4886,63.52545,1999.70202636719,,,,,,,,,,,,,0,,,,3.4224012,,,,,,68.42248915,,,,
,44279711.92,68.3265877,1999.70202636719,6.77444088504028E-5,3.33699064235705E-7,1,0.999253354069792,40.0298881530762,1.99137785814905,18.6199992895126,0.000771629335730585,0.000130969427784169,0.25,-4.74427990592455E-7,6.7976335104667E-5,-3.41321380912206E-8,68.2744675,68.3787079,1999.70202636719,1999.70202636719,60.9787489277949,20.7372285872033,6.646428,0,0,0,40,4886,63.4342,1999.70202636719,,,,,,,,,,,,,0,,,,3.4053066,,,,,,68.3265877,,,,
,44279712.975,68.23580555,1999.70202636719,6.80988752729457E-5,3.39212226350752E-7,1,0.999253354069792,40.0298881530762,1.9914992383312,18.6199992895126,0.000775694154366529,0.000131682173915722,0.25,-4.75693047932011E-7,6.83307864790918E-5,-3.23561725843321E-8,68.1971436,68.2744675,1999.70202636719,1999.70202636719,61.178845828718,20.7382479758919,6.273368,0,0,0,40,4886,63.3429,1999.70202636719,,,,,,,,,,,,,0,,,,3.4053066,,,,,,68.23580555,,,,
,44279714.99,68.1082916,1999.70202636719,6.82873479096863E-5,2.60068828033203E-7,1,0.999253354069792,40.0298881530762,1.99144781250727,18.6199992895126,0.000778231043855876,0.000129577644518362,0.25,-6.94720081959593E-7,6.85189945296044E-5,-2.49519828398461E-7,68.1082916,68.1082916,1999.70202636719,1999.70202636719,61.6056150002181,20.7370716882653,6.273368,0,0,0,40,4886,63.1734,1999.70202636719,,,,,,,,,,,,,0,,,,3.4394958,,,,,,68.1082916,,,,
,44279715.665,68.0061836,1999.70202636719,6.81433704495634E-5,3.00485347316879E-7,1,0.999253354069792,40.0298881530762,1.99148306592403,18.6199992895126,0.000776405066107155,0.00013037226251912,0.25,-5.99954160764133E-7,6.83730876639867E-5,-1.54868162449427E-7,67.9040756,68.1082916,1999.70202636719,1999.70202636719,61.3992650711411,20.7390530944496,6.646428,0,0,0,40,4886,63.1092,1999.70202636719,,,,,,,,,,,,,0,,,,3.4394958,,,,,,68.0061836,,,,
,44279716.785,67.85181805,1999.70202636719,6.86701261585436E-5,2.67917093966781E-7,1,0.999253354069792,40.0298881530762,1.99149802527666,18.6299998313189,0.000782758079816667,0.000129331950302122,0.25,-7.85348434795471E-7,6.89013512271563E-5,-3.36534409293387E-7,67.7995605,67.9040756,1999.70202636719,1999.70202636719,61.2452842528526,20.7376230837009,6.273368,0,0,0,40,4886,62.9996,1999.70202636719,,,,,,,,,,,,,0,,,,3.4224012,,,,,,67.85181805,,,,
,44279718.86,67.6952057,1999.70202636719,6.80646164674655E-5,2.40190806401205E-7,1,0.999253354069792,40.0298881530762,1.99143635375227,18.6199992895126,0.000774659629561193,0.00013469191872154,0.25,-2.07429709553816E-7,6.82881398604997E-5,2.40410797026393E-7,67.6952057,67.6952057,1999.70202636719,1999.70202636719,61.2335598250642,20.7380510085572,6.646428,0,0,0,40,4886,62.8594,1999.70202636719,,,,,,,,,,,,,0,,,,3.4053066,,,,,,67.6952057,,,,
,44279719.5,67.64493945,1999.70202636719,6.79873898303575E-5,2.65924556514211E-7,1,0.999253354069792,40.0298881530762,1.99144792496593,18.6199992895126,0.000775402175771584,0.000125354923341896,0.25,-1.01495284825575E-6,6.8215238884682E-5,-5.69824785876177E-7,67.5946732,67.6952057,1999.70202636719,1999.70202636719,61.3289185044103,20.735355987281,6.273368,0,0,0,40,4886,62.80545,1999.70202636719,,,,,,,,,,,,,0,,,,3.4224012,,,,,,67.64493945,,,,
,44279721.49,67.4900284,1999.70202636719,6.89150607175086E-5,3.11430710996976E-7,1,0.999253354069792,40.0298881530762,1.99142681830441,18.6199992895126,0.000784871412132579,0.000133138014983739,0.25,-4.9576419490736E-7,6.91401180206166E-5,-4.14812556178107E-8,67.4900284,67.4900284,1999.70202636719,1999.70202636719,61.283584050295,20.7374910832306,6.646428,0,0,0,40,4886,62.6367,1999.70202636719,,,,,,,,,,,,,0,,,,3.4224012,,,,,,67.4900284,,,,
,44279722.125,67.39302825,1999.70202636719,6.88852392426944E-5,2.86483418957848E-7,1,0.999253354069792,40.0298881530762,1.99143420898502,18.6199992895126,0.000785028199940429,0.000130245909711334,0.25,-7.45094892854434E-7,6.91111411918319E-5,-2.91383113478971E-7,67.2960281,67.4900284,1999.70202636719,1999.70202636719,61.3883222718719,20.7392827853504,6.273368,0,0,0,40,4886,62.58315,1999.70202636719,,,,,,,,,,,,,0,,,,3.4053066,,,,,,67.39302825,,,,
,44279723.3,67.25160595,1999.70202636719,6.91166755037971E-5,1.86346885444171E-7,1,0.999253354069792,40.0298881530762,1.99148315488522,18.6299998313189,0.000787141264504882,0.000133661021493219,0.25,-4.86665015337467E-7,6.93402131200547E-5,-2.97875868385663E-8,67.2071838,67.2960281,1999.70202636719,1999.70202636719,61.1835355998334,20.7396022261542,6.273368,0,0,0,40,4886,62.4821,1999.70202636719,,,,,,,,,,,,,0,,,,3.4224012,,,,,,67.25160595,,,,
,44279724.48,67.16034695,1999.70202636719,6.87206546073826E-5,2.3856199954998E-7,1,0.999253354069792,40.0298881530762,1.99146552105934,18.6199992895126,0.00078254663462477,0.00013321840985996,0.25,-4.56014350934208E-7,6.89409690886769E-5,-7.11224912472415E-10,67.1135101,67.2071838,1999.70202636719,1999.70202636719,61.3703448159296,20.7385529297801,6.273368,0,0,0,40,4886,62.36095,1999.70202636719,,,,,,,,,,,,,0,,,,3.4224012,,,,,,67.16034695,,,,
,44279726.465,67.0363846,1999.70202636719,6.92457946820178E-5,3.03712995542885E-7,1,0.999253354069792,40.0298881530762,1.99144229919448,18.6199992895126,0.000788783117225681,0.000132573742647151,0.25,-6.06462412196831E-7,6.94662923368943E-5,-1.46810598735915E-7,67.0363846,67.0363846,1999.70202636719,1999.70202636719,61.2382495961796,20.7363524322305,6.646428,0,0,0,40,4886,62.1928,1999.70202636719,,,,,,,,,,,,,0,,,,3.4053066,,,,,,67.0363846,,,,
,44279727.08,66.9724388,1999.70202636719,6.8915285455261E-5,2.615361161042E-7,1,0.999253354069792,40.0298881530762,1.99141458937132,18.6299998313189,0.000785388717457002,0.00012974617100065,0.25,-7.96645623180423E-7,6.91353728700964E-5,-3.394279958066E-7,66.908493,67.0363846,1999.70202636719,1999.70202636719,61.2874921928911,20.7378113357624,6.646428,0,0,0,40,4886,62.14685,1999.70202636719,,,,,,,,,,,,,0,,,,3.4053066,,,,,,66.9724388,,,,
,44279728.295,66.81713865,1999.70202636719,6.91481717159026E-5,3.2021830151789E-7,1,0.999253354069792,40.0298881530762,1.99139542301978,18.6199992895126,0.000786697833475724,0.000137634021726742,0.25,-1.44818279945453E-7,6.93630708785809E-5,3.16841990538736E-7,66.7257843,66.908493,1999.70202636719,1999.70202636719,61.4610137241604,20.7372169531993,6.273368,0,0,0,40,4886,62.03655,1999.70202636719,,,,,,,,,,,,,0,,,,3.3883821,,,,,,66.81713865,,,,
,44279729.555,66.67503355,1999.70202636719,6.91138343953494E-5,2.92209338794894E-7,1,0.999253354069792,40.0298881530762,1.9913942150363,18.6199992895126,0.000787021695422865,0.000133413609319623,0.25,-5.10472995613986E-7,6.93293208600639E-5,-4.92293197306177E-8,66.6242828,66.7257843,1999.70202636719,1999.70202636719,61.260135194718,20.7372704540765,6.646428,0,0,0,40,4886,61.91575,1999.70202636719,,,,,,,,,,,,,0,,,,3.3883821,,,,,,66.67503355,,,,
,44279730.715,66.57759475,1999.70202636719,6.9230711777097E-5,2.53642481389062E-7,1,0.999253354069792,40.0298881530762,1.99136935605948,18.6199992895126,0.000788442959510281,0.000132974661166305,0.25,-5.70173623082662E-7,6.94454370441235E-5,-1.07530379085868E-7,66.5309067,66.6242828,1999.70202636719,1999.70202636719,61.1874437424296,20.7356525008446,6.646428,0,0,0,40,4886,61.8133,1999.70202636719,,,,,,,,,,,,,0,,,,3.4053066,,,,,,66.57759475,,,,
,44279731.915,66.49190905,1999.70202636719,6.95324764707012E-5,3.08485129247305E-7,1,0.999253354069792,40.0298881530762,1.99138445838691,18.6199992895126,0.000791027093259087,0.000138310965998137,0.25,-1.54934519692456E-7,6.9743974366989E-5,3.11697711658998E-7,66.4529114,66.5309067,1999.70202636719,1999.70202636719,61.2640433373142,20.7373620669432,6.273368,0,0,0,40,4886,61.7227,1999.70202636719,,,,,,,,,,,,,0,,,,3.4053066,,,,,,66.49190905,,,,
,44279733.165,66.39424135,1999.70202636719,6.95706699872688E-5,2.0319840238803E-7,1,0.999253354069792,40.0298881530762,1.99144234371622,18.6199992895126,0.000791825121746808,0.000136351506091114,0.25,-3.34912219920644E-7,6.97818060908765E-5,1.32292208986585E-7,66.3355713,66.4529114,1999.70202636719,1999.70202636719,61.4062997278142,20.737140427849,6.646428,0,0,0,40,4886,61.6115,1999.70202636719,,,,,,,,,,,,,0,,,,3.4053066,,,,,,66.39424135,,,,
,44279749.95,64.7651901,1999.70202636719,,,2,,,,18.6960003120303,,,,,,,64.7651901,64.7651901,1999.70202636719,1999.70202636719,,,6.273368,,,,-99999999,4886,60.1892,1999.70202636719,,,,,,,,,,,,,,,,,,,,,,,64.7651901,,,,
touchdown = 14.2900003120303 mm,44279763.43,63.4359703,1999.70202636719,7.28072755659709E-5,2.58631557007783E-7,1,0.999253354069792,40.0298881530762,1.99120444352425,18.6800006777048,0.000827227257527116,0.000147322374085761,0.25,4.57033114127853E-8,7.29810821347518E-5,5.55627383275609E-7,63.4359703,63.4359703,1999.70202636719,1999.70202636719,61.1311664890449,20.7335134673876,6.646428,0,0,0,40,4886,58.9626,1999.70202636719,,,,,,,,,,,,,0,,,,3.3714576,,,,,,63.4359703,,,,
,44279764.03,63.3861332,1999.70202636719,7.28109028037478E-5,2.82410516334959E-7,1,0.999253354069792,40.0298881530762,1.99124625648614,18.6800006777048,0.000827205598128082,0.000147725762937487,0.25,8.01241450655982E-8,7.29836473326509E-5,5.90472507810362E-7,63.3362961,63.4359703,1999.70202636719,1999.70202636719,61.1616500012949,20.7351027566722,6.646428,0,0,0,40,4886,58.91635,1999.70202636719,,,,,,,,,,,,,0,,,,3.3714576,,,,,,63.3861332,,,,
,44279765.125,63.2964802,1999.70202636719,7.28505549001813E-5,2.72162416190584E-7,1,0.999253354069792,40.0298881530762,1.99119972470663,18.6899993568659,0.000827456982163638,0.000148722042740353,0.25,1.60743772063053E-7,7.30213220354191E-5,6.72130182590401E-7,63.2566643,63.3362961,1999.70202636719,1999.70202636719,61.0756708641795,20.7352281865067,6.273368,0,0,0,40,4886,58.8327,1999.70202636719,,,,,,,,,,,,,0,,,,3.3714576,,,,,,63.2964802,,,,
,44279766.275,63.20666125,1999.70202636719,7.32023630447288E-5,2.73160042528672E-7,1,0.999253354069792,40.0298881530762,1.99126340049574,18.6800006777048,0.00083146265086558,0.000149421326677422,0.25,1.59114375483873E-7,7.33722761282679E-5,6.73593434789948E-7,63.1566582,63.2566643,1999.70202636719,1999.70202636719,61.3297001329296,20.7314354636348,6.273368,0,0,0,40,4886,58.73995,1999.70202636719,,,,,,,,,,,,,0,,,,3.35470115,,,,,,63.20666125,,,,
,44279767.44,63.1025467,1999.70202636719,7.30668918462875E-5,3.10969642895761E-7,1,0.999253354069792,40.0298881530762,1.99113308507257,18.6800006777048,0.000830781510138446,0.00014387716395391,0.25,-3.04389374015235E-7,7.3237701722472E-5,2.08816164735449E-7,63.0484352,63.1566582,1999.70202636719,1999.70202636719,61.0537852656411,20.7331372090102,6.273368,0,0,0,40,4886,58.6285,1999.70202636719,,,,,,,,,,,,,0,,,,3.37162565,,,,,,63.1025467,,,,
,44279768.45,62.99235345,1999.70202636719,7.30299511207273E-5,2.69730726384611E-7,1,0.999253354069792,40.0298881530762,1.99119886159459,18.6800006777048,0.000829215397783838,0.00015027821325631,0.25,2.64745317827812E-7,7.31946071432716E-5,7.7974781490561E-7,62.9362717,63.0484352,1999.70202636719,1999.70202636719,61.3297001329296,20.7325949881191,6.273368,0,0,0,40,4886,58.51625,1999.70202636719,,,,,,,,,,,,,0,,,,3.3883821,,,,,,62.99235345,,,,
,44279769.385,62.89211275,1999.70202636719,7.32441648032632E-5,2.80111449105954E-7,1,0.999253354069792,40.0298881530762,1.99134716200383,18.6800006777048,0.00083194209310052,0.000149278635713195,0.25,1.37461229971375E-7,7.34083052622832E-5,6.54360211893156E-7,62.8479538,62.9362717,1999.70202636719,1999.70202636719,61.2085477124488,20.7350507287879,6.273368,0,0,0,40,4886,58.4137,1999.70202636719,,,,,,,,,,,,,0,,,,3.3714576,,,,,,62.89211275,,,,
,44279770.46,62.8016281,1999.70202636719,7.31323607073448E-5,1.91274406792616E-7,1,0.999253354069792,40.0298881530762,1.99129353531527,18.6800006777048,0.000831807407218354,0.000142429675123252,0.25,-4.4545137206231E-7,7.32988180510581E-5,6.9905735584857E-8,62.7553024,62.8479538,1999.70202636719,1999.70202636719,61.514164463468,20.7331739245491,6.273368,0,0,0,40,4886,58.32995,1999.70202636719,,,,,,,,,,,,,0,,,,3.3883821,,,,,,62.8016281,,,,
,44279771.505,62.70853805,1999.70202636719,7.33518558613181E-5,2.52705436090673E-7,1,0.999253354069792,40.0298881530762,1.99129324432675,18.6800006777048,0.000833256056158155,0.000148646259048532,0.25,6.24300831169406E-8,7.35134880305046E-5,5.81076554000909E-7,62.6617737,62.7553024,1999.70202636719,1999.70202636719,61.629063855795,20.7334521595738,6.646428,0,0,0,40,4886,58.2373,1999.70202636719,,,,,,,,,,,,,0,,,,3.3883821,,,,,,62.70853805,,,,
,44279772.545,62.6134167,1999.70202636719,7.35904113741512E-5,3.36577650141355E-7,1,0.999253354069792,40.0298881530762,1.99130917886767,18.6800006777048,0.000836403512729836,0.000146587834134128,0.25,-1.61503227186764E-7,7.37524168218111E-5,3.5894213728362E-7,62.5650597,62.6617737,1999.70202636719,1999.70202636719,61.2116742265257,20.7320279906375,6.273368,0,0,0,40,4886,58.1447,1999.70202636719,,,,,,,,,,,,,0,,,,3.3883821,,,,,,62.6134167,,,,
,44279773.725,62.4640999,1999.70202636719,7.36082502861016E-5,3.00151035882718E-7,1,0.999253354069792,40.0298881530762,1.99129549463046,18.6800006777048,0.000836220630308777,0.000148664554818026,0.25,1.792157848037E-8,7.37675136748821E-5,5.3942714052502E-7,62.3631401,62.5650597,1999.70202636719,1999.70202636719,61.4211506696796,20.7350377093355,6.646428,0,0,0,40,4886,58.06095,1999.70202636719,,,,,,,,,,,,,0,,,,3.4053066,,,,,,62.4640999,,,,
,44279774.945,62.31679155,1999.70202636719,7.40508071735029E-5,2.61987071801E-7,1,0.999253354069792,40.0298881530762,1.99132861926127,18.6800006777048,0.000841290467965777,0.000149260724010073,0.25,-8.74276397338795E-9,7.42091264157558E-5,5.16560930702671E-7,62.270443,62.3631401,1999.70202636719,1999.70202636719,61.2335598250642,20.7347942638788,6.273368,0,0,0,40,4886,57.94925,1999.70202636719,,,,,,,,,,,,,0,,,,3.37162565,,,,,,62.31679155,,,,
,44279776.01,62.2154713,1999.70202636719,7.36148398785849E-5,2.53234825348145E-7,1,0.999253354069792,40.0298881530762,1.99132861926127,18.6800006777048,0.000836974785261551,0.000144651867431358,0.25,-3.37377766009491E-7,7.37724237017374E-5,1.84849136844547E-7,62.1604996,62.270443,1999.70202636719,1999.70202636719,61.2788942791796,20.7347942638788,6.646428,0,0,0,40,4886,57.8375,1999.70202636719,,,,,,,,,,,,,0,,,,3.37162565,,,,,,62.2154713,,,,
,44279777.025,62.1142273,1999.70202636719,7.40825289417989E-5,2.3896178473971E-7,1,0.999253354069792,40.0298881530762,1.9913007637126,18.6800006777048,0.000841194811787352,0.000151581867391958,0.25,1.89521135453673E-7,7.42357612012796E-5,7.16706848239181E-7,62.067955,62.1604996,1999.70202636719,1999.70202636719,61.0920850630834,20.7358256927845,6.646428,0,0,0,40,4886,57.7537,1999.70202636719,,,,,,,,,,,,,0,,,,3.37162565,,,,,,62.1142273,,,,
,44279778.14,62.01301385,1999.70202636719,7.41127965351561E-5,2.45762318899588E-7,1,0.999253354069792,40.0298881530762,1.99136148342765,18.6800006777048,0.000842271624305998,0.000147538470041348,0.25,-1.72449019709254E-7,7.42668618959037E-5,3.54789412624544E-7,61.9580727,62.067955,1999.70202636719,1999.70202636719,61.3468959603527,20.7348507273936,6.273368,0,0,0,40,4886,57.6598,1999.70202636719,,,,,,,,,,,,,0,,,,3.35470115,,,,,,62.01301385,,,,
,44279779.265,61.90512085,1999.70202636719,7.40226221116037E-5,2.70647071998159E-7,1,0.999253354069792,40.0298881530762,1.99130754015528,18.6800006777048,0.000840920859664923,0.000148900826227059,0.25,-3.65474290135781E-8,7.41729817491122E-5,4.91138343889047E-7,61.852169,61.9580727,1999.70202636719,1999.70202636719,61.2335598250642,20.7346937854418,6.273368,0,0,0,40,4886,57.52925,1999.70202636719,,,,,,,,,,,,,0,,,,3.35470115,,,,,,61.90512085,,,,
,44279780.345,61.81142235,1999.70202636719,7.43056230630741E-5,2.46582601541668E-7,1,0.999253354069792,40.0298881530762,1.99134436805629,18.6899993568659,0.000843769942665895,0.000151461523705737,0.25,1.38063808329704E-7,7.44529449976599E-5,6.68850396347894E-7,61.7706757,61.852169,1999.70202636719,1999.70202636719,60.8349292802564,20.7349546329204,6.646428,0,0,0,40,4886,57.4096,1999.70202636719,,,,,,,,,,,,,0,,,,3.35470115,,,,,,61.81142235,,,,
,44279781.405,61.72192765,1999.70202636719,7.44294557974573E-5,2.34883989508035E-7,1,0.999253354069792,40.0298881530762,1.99137660248063,18.6800006777048,0.000844897655174277,0.000153249382860129,0.25,2.73034149599817E-7,7.45744126901858E-5,8.05479130459338E-7,61.6731796,61.7706757,1999.70202636719,1999.70202636719,61.3375164181219,20.7344788412698,6.273368,0,0,0,40,4886,57.3255,1999.70202636719,,,,,,,,,,,,,0,,,,3.3714576,,,,,,61.72192765,,,,
,44279782.515,61.6265068,1999.70202636719,7.37846076769442E-5,2.62591088026301E-7,1,0.999253354069792,40.0298881530762,1.99126705922211,18.6800006777048,0.000837778557423663,0.000150414318084349,0.25,1.38420728645611E-7,7.3927422237217E-5,6.6654730885981E-7,61.579834,61.6731796,1999.70202636719,1999.70202636719,61.2538821665642,20.7336805152885,6.273368,0,0,0,40,4886,57.23175,1999.70202636719,,,,,,,,,,,,,0,,,,3.3714576,,,,,,61.6265068,,,,
,44279783.565,61.48363875,1999.70202636719,7.45255699837972E-5,2.3329729410057E-7,1,0.999253354069792,40.0298881530762,1.99131718972815,18.6899993568659,0.000846222647266708,0.000151739776387591,0.25,1.22933293532817E-7,7.46679773524616E-5,6.5693058439604E-7,61.3874435,61.579834,1999.70202636719,1999.70202636719,61.3015615062372,20.735349694232,6.273368,0,0,0,40,4886,57.13055,1999.70202636719,,,,,,,,,,,,,0,,,,3.35470115,,,,,,61.48363875,,,,
,44279784.59,61.3344936,1999.70202636719,7.4570048691911E-5,2.67378617012133E-7,1,0.999253354069792,40.0298881530762,1.99132232054726,18.6800006777048,0.000846054558035788,0.000155526799533242,0.25,4.48206510173243E-7,7.47086054075715E-5,9.83634390939844E-7,61.2815437,61.3874435,1999.70202636719,1999.70202636719,61.1163155471795,20.7351874477365,6.646428,0,0,0,40,4886,57.0465,1999.70202636719,,,,,,,,,,,,,0,,,,3.3379447,,,,,,61.3344936,,,,
,44279785.73,61.24064825,1999.70202636719,7.42606406732966E-5,2.41136930922758E-7,1,0.999253354069792,40.0298881530762,1.99130928206197,18.6800006777048,0.000843823829387498,0.000147537366402177,0.25,-2.00391368974012E-7,7.4401606220149E-5,3.32077046481943E-7,61.1997528,61.2815437,1999.70202636719,1999.70202636719,61.2413761102565,20.7352524517359,6.646428,0,0,0,40,4886,56.96275,1999.70202636719,,,,,,,,,,,,,0,,,,3.35470115,,,,,,61.24064825,,,,
,44279786.845,61.1504936,1999.70202636719,7.45669724037903E-5,2.2156686956088E-7,1,0.999253354069792,40.0298881530762,1.9912808993847,18.6800006777048,0.000846966731747463,0.000149857568656008,0.25,-5.05613169283753E-8,7.47055485257214E-5,4.84932297587248E-7,61.1012344,61.1997528,1999.70202636719,1999.70202636719,61.2413761102565,20.7357981797304,6.273368,0,0,0,40,4886,56.86855,1999.70202636719,,,,,,,,,,,,,0,,,,3.35470115,,,,,,61.1504936,,,,
,44279787.915,61.0440731,1999.70202636719,7.51748658182199E-5,2.38755464840978E-7,1,0.999253354069792,40.0298881530762,1.99133635619608,18.6800006777048,0.000854017572418491,0.000150278517972566,0.25,-1.22031150165567E-7,7.53134097710312E-5,4.18182140751438E-7,60.9869118,61.1012344,1999.70202636719,1999.70202636719,61.2062028268911,20.734539453097,6.646428,0,0,0,40,4886,56.78475,1999.70202636719,,,,,,,,,,,,,0,,,,3.3379447,,,,,,61.0440731,,,,
,44279789.01,60.94205285,1999.70202636719,7.50081023032786E-5,2.80755482548368E-7,1,0.999253354069792,40.0298881530762,1.99132281996425,18.6800006777048,0.000851851770269478,0.000151266515812152,0.25,-5.60906793292403E-9,7.51428580218763E-5,5.34350907479023E-7,60.8971939,60.9869118,1999.70202636719,1999.70202636719,61.2382495961796,20.73393688526,6.273368,0,0,0,40,4886,56.6557,1999.70202636719,,,,,,,,,,,,,0,,,,3.35470115,,,,,,60.94205285,,,,
,44279790.12,60.85002515,1999.70202636719,7.55884946357425E-5,2.38469052246361E-7,1,0.999253354069792,40.0298881530762,1.99132875099815,18.6800006777048,0.000857603130929792,0.000156999881545518,0.25,3.95834603274031E-7,7.57186656405787E-5,9.41416480241502E-7,60.8028564,60.8971939,1999.70202636719,1999.70202636719,61.2054211983719,20.7351724170772,6.273368,0,0,0,40,4886,56.5246,1999.70202636719,,,,,,,,,,,,,0,,,,3.35470115,,,,,,60.85002515,,,,
,44279791.285,60.70638275,1999.70202636719,7.5536875444249E-5,2.60061124912167E-7,1,0.999253354069792,40.0298881530762,1.99135090065862,18.6800006777048,0.000857544409322221,0.000153870178839358,0.25,1.29089890893917E-7,7.56672138341592E-5,6.74292525359795E-7,60.6099091,60.8028564,1999.70202636719,1999.70202636719,61.3359531610834,20.7343370256627,6.273368,0,0,0,40,4886,56.44075,1999.70202636719,,,,,,,,,,,,,0,,,,3.3379447,,,,,,60.70638275,,,,
,44279792.47,60.56247715,1999.70202636719,7.57280171201514E-5,2.68881832651451E-7,1,0.999253354069792,40.0298881530762,1.99137597476389,18.6800006777048,0.00085956082252646,0.000155061572830604,0.25,1.99692679954149E-7,7.58563186628967E-5,7.46899563163314E-7,60.5150452,60.6099091,1999.70202636719,1999.70202636719,61.1882253709488,20.7363395698715,6.273368,0,0,0,40,4886,56.3484,1999.70202636719,,,,,,,,,,,,,0,,,,3.35470115,,,,,,60.56247715,,,,
,44279793.61,60.46751025,1999.70202636719,7.55814121132317E-5,2.52565018585661E-7,1,0.999253354069792,40.0298881530762,1.99128550999586,18.6800006777048,0.000858159672268905,0.000152936813077715,0.25,3.90415496443541E-8,7.57086575459831E-5,5.85426033592813E-7,60.4199753,60.5150452,1999.70202636719,1999.70202636719,61.2210537687565,20.734249742299,6.646428,0,0,0,40,4886,56.25365,1999.70202636719,,,,,,,,,,,,,0,,,,3.3714576,,,,,,60.46751025,,,,
,44279794.695,60.37440875,1999.70202636719,7.61068171568992E-5,3.05611483567394E-7,1,0.999253354069792,40.0298881530762,1.99127886476415,18.6800006777048,0.000863552506668805,0.000157091801129108,0.25,3.1149608399715E-7,7.62312258201533E-5,8.62583293507604E-7,60.3288422,60.4199753,1999.70202636719,1999.70202636719,61.2030763128142,20.7328532593461,6.273368,0,0,0,40,4886,56.16955,1999.70202636719,,,,,,,,,,,,,0,,,,3.35470115,,,,,,60.37440875,,,,
,44279795.73,60.28341105,1999.70202636719,7.57490443577885E-5,2.35825343823213E-7,1,0.999253354069792,40.0298881530762,1.99131202044002,18.6800006777048,0.000859945709749734,0.000153785092223324,0.25,8.35084815069051E-8,7.5872988489876E-5,6.32015609425572E-7,60.2379799,60.3288422,1999.70202636719,1999.70202636719,61.1170971756988,20.7370105671051,6.273368,0,0,0,40,4886,56.09605,1999.70202636719,,,,,,,,,,,,,0,,,,3.35470115,,,,,,60.28341105,,,,
,44279796.795,60.19033435,1999.70202636719,7.5806751940874E-5,3.0595642478395E-7,1,0.999253354069792,40.0298881530762,1.99138133442688,18.6800006777048,0.000858806557863037,0.000163969638858939,0.25,9.69533385062919E-7,7.59213934950731E-5,1.52060348286134E-6,60.1426888,60.2379799,1999.70202636719,1999.70202636719,61.5430847186796,20.7361656631896,6.273368,0,0,0,40,4886,55.9567,1999.70202636719,,,,,,,,,,,,,0,,,,3.3714576,,,,,,60.19033435,,,,
,44279797.89,60.04929545,1999.70202636719,7.60703408946343E-5,2.44132804941356E-7,1,0.999253354069792,40.0298881530762,1.99134950430734,18.6800006777048,0.00086339139626568,0.000155273610661126,0.25,1.56842280222071E-7,7.61883503884228E-5,7.09226251894149E-7,59.9559021,60.1426888,1999.70202636719,1999.70202636719,61.1835355998334,20.7361878116352,6.273368,0,0,0,40,4886,55.81745,1999.70202636719,,,,,,,,,,,,,0,,,,3.3714576,,,,,,60.04929545,,,,
,44279798.825,59.9559021,1999.70202636719,7.64504357146707E-5,2.97422692250903E-7,1,0.999253354069792,40.0298881530762,1.9913182541947,18.6800006777048,0.000867484439224284,0.000157100672300708,0.25,2.50302653434717E-7,7.65665813049048E-5,8.06010463573588E-7,59.9559021,59.9559021,1999.70202636719,1999.70202636719,61.2679514799103,20.7359634172696,6.646428,0,0,0,40,4886,55.7336,1999.70202636719,,,,,,,,,,,,,0,,,,3.35470115,,,,,,59.9559021,,,,
,44279799.81,59.91052055,1999.70202636719,7.66102768402363E-5,2.59413765470013E-7,1,0.999253354069792,40.0298881530762,1.99131290820616,18.6899993568659,0.000869886065362307,0.00015398651167156,0.25,-5.24655963746146E-8,7.67270163559714E-5,5.04359647443536E-7,59.865139,59.9559021,1999.70202636719,1999.70202636719,61.5008767786411,20.7363902426213,6.273368,0,0,0,40,4886,55.64915,1999.70202636719,,,,,,,,,,,,,0,,,,3.35470115,,,,,,59.91052055,,,,
,44279800.935,59.76125145,1999.70202636719,7.70223688665987E-5,2.52880943704377E-7,1,0.999253354069792,40.0298881530762,1.99136858449739,18.6800006777048,0.00087365056415501,0.000159979108648562,0.25,4.01635663331294E-7,7.71346437240324E-5,9.62563096189188E-7,59.6573639,59.865139,1999.70202636719,1999.70202636719,61.2679514799103,20.7365722719125,6.646428,0,0,0,40,4886,55.56335,1999.70202636719,,,,,,,,,,,,,0,,,,3.35470115,,,,,,59.76125145,,,,
,44279802.09,59.6095314,1999.70202636719,7.64676956068439E-5,2.63393524451426E-7,1,0.999253354069792,40.0298881530762,1.99135405140481,18.6800006777048,0.000867254075751614,0.000159270989154719,0.25,4.37844186050774E-7,7.65771817823979E-5,9.95180207323601E-7,59.5616989,59.6573639,1999.70202636719,1999.70202636719,61.3234471047757,20.7361749555288,6.273368,0,0,0,40,4886,55.48125,1999.70202636719,,,,,,,,,,,,,0,,,,3.35470115,,,,,,59.6095314,,,,
,44279803.29,59.50528525,1999.70202636719,7.72325165459877E-5,3.30045356917315E-7,1,0.999253354069792,40.0298881530762,1.99140216167589,18.6899993568659,0.000875990320447547,0.000160483798665026,0.25,4.08305604846804E-7,7.73410893704334E-5,9.7165342831193E-7,59.4488716,59.5616989,1999.70202636719,1999.70202636719,61.1014646053142,20.7354913769438,6.273368,0,0,0,40,4886,55.37785,1999.70202636719,,,,,,,,,,,,,0,,,,3.35470115,,,,,,59.50528525,,,,
,44279804.385,59.4071903,1999.70202636719,7.65414957022379E-5,2.64010363854007E-7,1,0.999253354069792,40.0298881530762,1.99134562508549,18.6800006777048,0.000868796436361408,0.000155087582441794,0.25,5.60559579562765E-8,7.66485691329599E-5,6.14510771899374E-7,59.365509,59.4488716,1999.70202636719,1999.70202636719,61.2124558550449,20.735544243679,6.273368,0,0,0,40,4886,55.23835,1999.70202636719,,,,,,,,,,,,,0,,,,3.35470115,,,,,,59.4071903,,,,
,44279805.405,59.3236103,1999.70202636719,7.69207072503884E-5,2.8773313911457E-7,1,0.999253354069792,40.0298881530762,1.99134005586376,18.6800006777048,0.000872937412524901,0.000156659650449366,0.25,1.27105184972723E-7,7.70262479645776E-5,6.88753224577554E-7,59.2817116,59.365509,1999.70202636719,1999.70202636719,61.4148976415257,20.735460040414,6.273368,0,0,0,40,4886,55.167,1999.70202636719,,,,,,,,,,,,,0,,,,3.35470115,,,,,,59.3236103,,,,
,44279806.57,59.1772175,1999.70202636719,7.7160830715204E-5,2.47027051299236E-7,1,0.999253354069792,40.0298881530762,1.99133383980756,18.6800006777048,0.000875441528117096,0.000158231222901675,0.25,2.22819183511432E-7,7.72637938897817E-5,7.86814367941723E-7,59.0727234,59.2817116,1999.70202636719,1999.70202636719,61.2140191120834,20.7360338682994,6.273368,0,0,0,40,4886,55.06435,1999.70202636719,,,,,,,,,,,,,0,,,,3.3379447,,,,,,59.1772175,,,,
,44279807.805,59.0180378,1999.70202636719,7.7333504890742E-5,2.4230915082647E-7,1,0.999253354069792,40.0298881530762,1.99136869841597,18.6800006777048,0.000876703625427581,0.000162386293718808,0.25,5.57843135764683E-7,7.74311339970216E-5,1.12416448938621E-6,58.9633522,59.0727234,1999.70202636719,1999.70202636719,61.3101594199488,20.7360190758247,6.646428,0,0,0,40,4886,54.92255,1999.70202636719,,,,,,,,,,,,,0,,,,3.35470115,,,,,,59.0180378,,,,
,44279808.955,58.9129944,1999.70202636719,7.74447131068789E-5,3.17317695279981E-7,1,0.999253354069792,40.0298881530762,1.99141399141348,18.6800006777048,0.000878046397063246,0.000162149649403114,0.25,5.16875619512133E-7,7.7540972749858E-5,1.084306073545E-6,58.8626366,58.9633522,1999.70202636719,1999.70202636719,61.6251557131988,20.7358576211533,6.273368,0,0,0,40,4886,54.83985,1999.70202636719,,,,,,,,,,,,,0,,,,3.3714576,,,,,,58.9129944,,,,
,44279810.065,58.8140755,1999.70202636719,7.73086047739237E-5,2.6214217711558E-7,1,0.999253354069792,40.0298881530762,1.99139670985682,18.6800006777048,0.000876467739009617,0.000161900665819273,0.25,5.19223379338594E-7,7.74028206179324E-5,1.08600853225702E-6,58.7655144,58.8626366,1999.70202636719,1999.70202636719,61.4102078704103,20.7368013504722,6.273368,0,0,0,40,4886,54.75595,1999.70202636719,,,,,,,,,,,,,0,,,,3.35470115,,,,,,58.8140755,,,,
,44279811.17,58.71271325,1999.70202636719,7.80397483931459E-5,2.73505904829825E-7,1,0.999253354069792,40.0298881530762,1.99136960306953,18.6800006777048,0.000885542419673773,0.000158748517126671,0.25,1.11674211366464E-7,7.81348579310559E-5,6.83854022209015E-7,58.6599121,58.7655144,1999.70202636719,1999.70202636719,61.1600867442565,20.7334236791086,6.273368,0,0,0,40,4886,54.6233,1999.70202636719,,,,,,,,,,,,,0,,,,3.3379447,,,,,,58.71271325,,,,
,44279812.305,58.6136055,1999.70202636719,7.78006033705792E-5,2.62850601377089E-7,1,0.999253354069792,40.0298881530762,1.99141275143793,18.6800006777048,0.000882687097368294,0.000158955328298544,0.25,1.72100937362841E-7,7.78917890843542E-5,7.43167279377954E-7,58.5672989,58.6599121,1999.70202636719,1999.70202636719,61.4414730111796,20.7356180781207,6.273368,0,0,0,40,4886,54.48365,1999.70202636719,,,,,,,,,,,,,0,,,,3.3379447,,,,,,58.6136055,,,,
,44279813.455,58.46618845,1999.70202636719,7.78203549553001E-5,3.10735508444752E-7,1,0.999253354069792,40.0298881530762,1.99137995457854,18.6800006777048,0.000881986960452723,0.00016397982402345,0.25,6.11496178880469E-7,7.7906306165564E-5,1.18358366078797E-6,58.365078,58.5672989,1999.70202636719,1999.70202636719,61.4133343844873,20.7357314312498,6.273368,0,0,0,40,4886,54.39115,1999.70202636719,,,,,,,,,,,,,0,,,,3.35470115,,,,,,58.46618845,,,,
,44279814.58,58.31855775,1999.70202636719,7.79047700898907E-5,2.40856555647441E-7,1,0.999253354069792,40.0298881530762,1.99145974902755,18.6800006777048,0.000883391022808059,0.000161703729249903,0.25,3.95391711398539E-7,7.79903660991629E-5,9.68200123199515E-7,58.2720375,58.365078,1999.70202636719,1999.70202636719,61.2374679676603,20.7352858779414,6.273368,0,0,0,40,4886,54.29865,1999.70202636719,,,,,,,,,,,,,0,,,,3.35470115,,,,,,58.31855775,,,,
,44279815.59,58.223444,1999.70202636719,7.8114900788142E-5,2.67483480061176E-7,1,0.999253354069792,40.0298881530762,1.99139907037207,18.6800006777048,0.000886188927797682,0.00015951436338069,0.25,1.65542705648383E-7,7.82002730880348E-5,7.39991954162263E-7,58.1748505,58.2720375,1999.70202636719,1999.70202636719,61.2085477124488,20.7339389053569,6.273368,0,0,0,40,4886,54.2042,1999.70202636719,,,,,,,,,,,,,0,,,,3.3379447,,,,,,58.223444,,,,
,44279816.61,58.12635425,1999.70202636719,7.85903420484355E-5,2.3941109825217E-7,1,0.999253354069792,40.0298881530762,1.99141062079122,18.6800006777048,0.000891244619461641,0.000162276165039375,0.25,3.24297019050829E-7,7.86729617561155E-5,9.02756778617791E-7,58.077858,58.1748505,1999.70202636719,1999.70202636719,61.6173394280065,20.7350783434382,6.273368,0,0,0,40,4886,54.11205,1999.70202636719,,,,,,,,,,,,,0,,,,3.3379447,,,,,,58.12635425,,,,
,44279817.75,58.03104975,1999.70202636719,7.82578647578874E-5,2.59600671839315E-7,1,0.999253354069792,40.0298881530762,1.99134586342726,18.6899993568659,0.00088836929671732,0.00015626984000987,0.25,-1.45394221950665E-7,7.83416564378554E-5,4.30426037563754E-7,57.9842415,58.077858,1999.70202636719,1999.70202636719,61.148362316468,20.7333631682047,6.646428,0,0,0,40,4886,54.0276,1999.70202636719,,,,,,,,,,,,,0,,,,3.32135495,,,,,,58.03104975,,,,
,44279818.83,57.92494775,1999.70202636719,7.89206512813212E-5,2.36830023059076E-7,1,0.999253354069792,40.0298881530762,1.99142414805446,18.6800006777048,0.000895580375523438,0.000159385684679799,0.25,1.08264292629638E-8,7.90015408268043E-5,5.92072731218954E-7,57.865654,57.9842415,1999.70202636719,1999.70202636719,61.4078629848527,20.7361063934462,6.273368,0,0,0,40,4886,53.9217,1999.70202636719,,,,,,,,,,,,,0,,,,3.3047652,,,,,,57.92494775,,,,
,44279819.875,57.8230591,1999.70202636719,7.85767720589331E-5,2.50383291738365E-7,1,0.999253354069792,40.0298881530762,1.99138924676288,18.6800006777048,0.000891613103231218,0.000158755809143613,0.25,1.67773217787028E-8,7.86540013293085E-5,5.95982028859393E-7,57.7804642,57.865654,1999.70202636719,1999.70202636719,61.3578387596219,20.7345098232548,6.646428,0,0,0,40,4886,53.7823,1999.70202636719,,,,,,,,,,,,,0,,,,3.3047652,,,,,,57.8230591,,,,
,44279821.025,57.7295227,1999.70202636719,7.89274498397609E-5,2.63042232641293E-7,1,0.999253354069792,40.0298881530762,1.9913903642886,18.6800006777048,0.000894903041335159,0.000163160514647529,0.25,3.42660041052534E-7,7.89998490736435E-5,9.2515616024096E-7,57.6785812,57.7804642,1999.70202636719,1999.70202636719,61.3070329058719,20.7349725795541,6.273368,0,0,0,40,4886,53.66445,1999.70202636719,,,,,,,,,,,,,0,,,,3.3381114,,,,,,57.7295227,,,,
,44279822.2,57.58045005,1999.70202636719,7.91441543320718E-5,2.14975663160659E-7,1,0.999253354069792,40.0298881530762,1.99134951988615,18.6800006777048,0.000897847796960329,0.000160638714645146,0.25,8.22046086463062E-8,7.92167681510346E-5,6.66328383519189E-7,57.4823189,57.6785812,1999.70202636719,1999.70202636719,61.4453811537757,20.7371577011524,6.273368,0,0,0,40,4886,53.5799,1999.70202636719,,,,,,,,,,,,,0,,,,3.3381114,,,,,,57.58045005,,,,
,44279823.355,57.43522075,1999.70202636719,7.92499825579612E-5,2.63756453449622E-7,1,0.999253354069792,40.0298881530762,1.9914146844741,18.6800006777048,0.000898362759757175,0.000164709606329404,0.25,4.21800208745226E-7,7.93177271023155E-5,1.00734664479095E-6,57.3881226,57.4823189,1999.70202636719,1999.70202636719,61.351585731468,20.736326832314,6.273368,0,0,0,40,4886,53.4735,1999.70202636719,,,,,,,,,,,,,0,,,,3.32135495,,,,,,57.43522075,,,,
,44279824.44,57.3409939,1999.70202636719,7.89985778232089E-5,2.33060963971372E-7,1,0.999253354069792,40.0298881530762,1.99132409502467,18.6800006777048,0.000895381626824023,0.0001645446502268,0.25,4.52709022000174E-7,7.90635091885579E-5,1.03672247370301E-6,57.2938652,57.3881226,1999.70202636719,1999.70202636719,61.1772825716796,20.7361070101041,6.646428,0,0,0,40,4886,53.3733,1999.70202636719,,,,,,,,,,,,,0,,,,3.32135495,,,,,,57.3409939,,,,
,44279825.48,57.24456405,1999.70202636719,7.90851321419121E-5,2.55636189524579E-7,1,0.999253354069792,40.0298881530762,1.99130860919653,18.6800006777048,0.000896356011443149,0.000164612132050751,0.25,4.43449255128816E-7,7.91485089010381E-5,1.028304412443E-6,57.1952629,57.2938652,1999.70202636719,1999.70202636719,61.2124558550449,20.7356081997726,6.273368,0,0,0,40,4886,53.3002,1999.70202636719,,,,,,,,,,,,,0,,,,3.3047652,,,,,,57.24456405,,,,
,44279826.52,57.14157295,1999.70202636719,7.96132258443043E-5,2.88316889501714E-7,1,0.999253354069792,40.0298881530762,1.99129834383462,18.6800006777048,0.000903110272008282,0.000161142000660914,0.25,4.38981575808E-8,7.96766375905407E-5,6.32725596353764E-7,57.087883,57.1952629,1999.70202636719,1999.70202636719,61.4844625797373,20.7342273166495,6.646428,0,0,0,40,4886,53.16025,1999.70202636719,,,,,,,,,,,,,0,,,,3.3047652,,,,,,57.14157295,,,,
,44279827.635,57.0407486,1999.70202636719,7.95666921398407E-5,2.30451561148676E-7,1,0.999253354069792,40.0298881530762,1.99135102836909,18.6800006777048,0.0009022569604869,0.00016278835868597,0.25,1.97126889778723E-7,7.96255653529297E-5,7.86111940480728E-7,56.9936142,57.087883,1999.70202636719,1999.70202636719,61.1858804853911,20.7345501812934,6.273368,0,0,0,40,4886,53.0205,1999.70202636719,,,,,,,,,,,,,0,,,,3.32135495,,,,,,57.0407486,,,,
,44279828.83,56.89001085,1999.70202636719,7.97045509475503E-5,2.29552220366941E-7,1,0.999253354069792,40.0298881530762,1.99146514611002,18.6800006777048,0.000902992822016075,0.000167880988368298,0.25,6.20821612485879E-7,7.97584491751652E-5,1.21135797091134E-6,56.7864075,56.9936142,1999.70202636719,1999.70202636719,61.351585731468,20.736732517036,6.646428,0,0,0,40,4886,52.9363,1999.70202636719,,,,,,,,,,,,,0,,,,3.3379447,,,,,,56.89001085,,,,
,44279829.87,56.7864075,1999.70202636719,8.01767552997215E-5,2.81692317154579E-7,1,0.999253354069792,40.0298881530762,1.99133945989009,18.6899993568659,0.000908871940116634,0.000165423349494375,0.25,3.21241025715725E-7,8.02308041665672E-5,9.15303299508041E-7,56.7864075,56.7864075,1999.70202636719,1999.70202636719,61.3640917877757,20.736519111119,6.273368,0,0,0,40,4886,52.83595,1999.70202636719,,,,,,,,,,,,,0,,,,3.32135495,,,,,,56.7864075,,,,
,44279830.83,56.73884585,1999.70202636719,8.01684090694185E-5,2.55951667238697E-7,1,0.999253354069792,40.0298881530762,1.99134556931333,18.6800006777048,0.000909461819915297,0.000161418744568563,0.25,-3.01702270833771E-8,8.02227013734458E-5,5.63820705425408E-7,56.6912842,56.7864075,1999.70202636719,1999.70202636719,61.4586688386027,20.7352881263569,6.273368,0,0,0,40,4886,52.74045,1999.70202636719,,,,,,,,,,,,,0,,,,3.32135495,,,,,,56.73884585,,,,
,44279831.835,56.58316995,1999.70202636719,8.00534543122032E-5,2.19096565047991E-7,1,0.999253354069792,40.0298881530762,1.99135089207481,18.6800006777048,0.000907616236902217,0.00016411122228229,0.25,2.27739977686445E-7,8.01037232283267E-5,8.21256159439156E-7,56.4750557,56.6912842,1999.70202636719,1999.70202636719,61.7463081336796,20.7349660901177,6.273368,0,0,0,40,4886,52.65315,1999.70202636719,,,,,,,,,,,,,0,,,,3.3379447,,,,,,56.58316995,,,,
,44279832.92,56.43167875,1999.70202636719,8.02930071301111E-5,1.964039443323E-7,1,0.999253354069792,40.0298881530762,1.99142274969701,18.6800006777048,0.00091020246334609,0.000165357428318059,0.25,2.94671845332587E-7,8.03405625628192E-5,8.90228544972504E-7,56.3883018,56.4750557,1999.70202636719,1999.70202636719,61.1546153446219,20.7374143793441,6.273368,0,0,0,40,4886,52.55305,1999.70202636719,,,,,,,,,,,,,0,,,,3.3379447,,,,,,56.43167875,,,,
,44279834,56.3275051,1999.70202636719,8.10167053345537E-5,2.72461946492025E-7,1,0.999253354069792,40.0298881530762,1.99142274969701,18.6800006777048,0.000917741515604137,0.000170437232962491,0.25,6.13954034915892E-7,8.10600906730139E-5,1.21526229996042E-6,56.2667084,56.3883018,1999.70202636719,1999.70202636719,61.334389904045,20.7374143793441,6.273368,0,0,0,40,4886,52.4607,1999.70202636719,,,,,,,,,,,,,0,,,,3.3379447,,,,,,56.3275051,,,,
,44279835.01,56.2190857,1999.70202636719,8.05967093009187E-5,2.85284843413428E-7,1,0.999253354069792,40.0298881530762,1.99140022457079,18.6899993568659,0.00091302134598446,0.000169114417877,0.25,5.72446097984625E-7,8.06375438892724E-5,1.17082026387769E-6,56.171463,56.2667084,1999.70202636719,1999.70202636719,61.3914487859488,20.7378046182272,6.646428,0,0,0,40,4886,52.35375,1999.70202636719,,,,,,,,,,,,,0,,,,3.32135495,,,,,,56.2190857,,,,
,44279836.055,56.12143135,1999.70202636719,8.09312922885289E-5,2.08987208968353E-7,1,0.999253354069792,40.0298881530762,1.99139160077206,18.6800006777048,0.000916758537357524,0.000169944263540667,0.25,5.86368070023373E-7,8.09699508597162E-5,1.18740090207311E-6,56.0713997,56.171463,1999.70202636719,1999.70202636719,61.2429393672949,20.7370330416097,6.273368,0,0,0,40,4886,52.2615,1999.70202636719,,,,,,,,,,,,,0,,,,3.3047652,,,,,,56.12143135,,,,
,44279837.1,56.0169773,1999.70202636719,8.08820198217144E-5,2.71710523174017E-7,1,0.999253354069792,40.0298881530762,1.99142337305953,18.6800006777048,0.000916276004216212,0.000169361446197313,0.25,5.4372459857966E-7,8.09189104524828E-5,1.14451643717305E-6,55.9625549,56.0713997,1999.70202636719,1999.70202636719,61.3101594199488,20.7364834063125,6.273368,0,0,0,40,4886,52.1769,1999.70202636719,,,,,,,,,,,,,0,,,,3.2883403,,,,,,56.0169773,,,,
,44279838.17,55.91872025,1999.70202636719,8.14547186523116E-5,2.41468270711025E-7,1,0.999253354069792,40.0298881530762,1.99141117291722,18.6800006777048,0.000923222195160784,0.000167735490673209,0.25,2.98914232755591E-7,8.149040867249E-5,9.0405956558664E-7,55.8748856,55.9625549,1999.70202636719,1999.70202636719,61.3547122455449,20.7361762116015,6.273368,0,0,0,40,4886,52.04485,1999.70202636719,,,,,,,,,,,,,0,,,,3.2883403,,,,,,55.91872025,,,,
,44279839.295,55.81941415,1999.70202636719,8.13182595676754E-5,2.0631692133882E-7,1,0.999253354069792,40.0298881530762,1.99150110071662,18.6800006777048,0.000920712785242293,0.000172885715818438,0.25,7.77000134887322E-7,8.13471261388246E-5,1.38153584181875E-6,55.7639427,55.8748856,1999.70202636719,1999.70202636719,61.239812853218,20.7378664618261,6.646428,0,0,0,40,4886,51.91665,1999.70202636719,,,,,,,,,,,,,0,,,,3.3047652,,,,,,55.81941415,,,,
,44279840.4,55.71323585,1999.70202636719,8.15838766740473E-5,2.57757770758086E-7,1,0.999253354069792,40.0298881530762,1.99141978550059,18.6899993568659,0.000923820205242197,0.000172515901288778,0.25,6.98023348406363E-7,8.16109547199754E-5,1.30463161777529E-6,55.662529,55.7639427,1999.70202636719,1999.70202636719,61.3726897014873,20.737547522896,6.273368,0,0,0,40,4886,51.8165,1999.70202636719,,,,,,,,,,,,,0,,,,3.3047652,,,,,,55.71323585,,,,
,44279841.445,55.5596485,1999.70202636719,8.1880809663175E-5,2.62188162632214E-7,1,0.999253354069792,40.0298881530762,1.99146279512499,18.6800006777048,0.000928099640342425,0.000167952117615365,0.25,2.42728810922794E-7,8.19091449197942E-5,8.51490119022738E-7,55.456768,55.662529,1999.70202636719,1999.70202636719,61.476646294545,20.7383167419679,6.273368,0,0,0,40,4886,51.72425,1999.70202636719,,,,,,,,,,,,,0,,,,3.3047652,,,,,,55.5596485,,,,
,44279842.515,55.4057674,1999.70202636719,8.19857034624688E-5,1.66938833624581E-7,1,0.999253354069792,40.0298881530762,1.99144427792985,18.6800006777048,0.000929042397450728,0.000169349402852396,0.25,3.47690223627049E-7,8.2010954652049E-5,9.57388197844333E-7,55.3547668,55.456768,1999.70202636719,1999.70202636719,61.7212960210642,20.7366481038985,6.273368,0,0,0,40,4886,51.62845,1999.70202636719,,,,,,,,,,,,,0,,,,3.32135495,,,,,,55.4057674,,,,
,44279843.635,55.30208395,1999.70202636719,8.21725390482781E-5,2.9425688100947E-7,1,0.999253354069792,40.0298881530762,1.99149836040696,18.6800006777048,0.000930993071692344,0.000170659274819524,0.25,4.29859348262983E-7,8.2194932377857E-5,1.04107604509806E-6,55.2494011,55.3547668,1999.70202636719,1999.70202636719,61.2616984517565,20.7368639775133,6.273368,0,0,0,40,4886,51.5362,1999.70202636719,,,,,,,,,,,,,0,,,,3.32135495,,,,,,55.30208395,,,,
,44279844.625,55.19211195,1999.70202636719,8.1884652924469E-5,2.55318689055661E-7,1,0.999253354069792,40.0298881530762,1.991450990235,18.6800006777048,0.000927937159282036,0.000168631817523495,0.25,3.02925781515281E-7,8.19056038945107E-5,9.12057442703017E-7,55.1348228,55.2494011,1999.70202636719,1999.70202636719,61.4930604934488,20.7359570450977,6.273368,0,0,0,40,4886,51.444,1999.70202636719,,,,,,,,,,,,,0,,,,3.3047652,,,,,,55.19211195,,,,
,44279845.575,55.0908184,1999.70202636719,8.27299971046901E-5,2.56144744055341E-7,1,0.999253354069792,40.0298881530762,1.99141918440969,18.6800006777048,0.000937582157486237,0.000169742216964224,0.25,2.5104657082434E-7,8.27488288741329E-5,8.66553089488827E-7,55.046814,55.1348228,1999.70202636719,1999.70202636719,61.1061543764295,20.7344698072632,6.273368,0,0,0,40,4886,51.3362,1999.70202636719,,,,,,,,,,,,,0,,,,3.3047652,,,,,,55.0908184,,,,
,44279846.655,54.9984875,1999.70202636719,8.22038371176413E-5,2.66512071830904E-7,1,0.999253354069792,40.0298881530762,1.99150039803363,18.6800006777048,0.000931095733037818,0.000171661972505842,0.25,5.13698151478368E-7,8.22182567591677E-5,1.12542502951334E-6,54.950161,55.046814,1999.70202636719,1999.70202636719,61.8127465578142,20.7373772016718,6.273368,0,0,0,40,4886,51.2441,1999.70202636719,,,,,,,,,,,,,0,,,,3.2883403,,,,,,54.9984875,,,,
,44279847.815,54.90143585,1999.70202636719,8.302015656749E-5,2.65994594864815E-7,1,0.999253354069792,40.0298881530762,1.99145624059008,18.6800006777048,0.000940413915819376,0.000172629235363729,0.25,4.54569995576758E-7,8.30318901581601E-5,1.07244013171961E-6,54.8527107,54.950161,1999.70202636719,1999.70202636719,61.6486045687758,20.7361235629008,6.646428,0,0,0,40,4886,51.1159,1999.70202636719,,,,,,,,,,,,,0,,,,3.30493005,,,,,,54.90143585,,,,
,44279864.42,53.1221581,1999.70202636719,,,2,,,,18.7460002270937,,,,,,,53.1221581,53.1221581,1999.70202636719,1999.70202636719,,,6.646428,,,,-99999999,4886,49.4738,1999.70202636719,,,,,,,,,,,,,,,,,,,,,,,53.1221581,,,,
touchdown = 14.3400002270937 mm,44279877.72,51.5983429,1999.70202636719,9.00343416823164E-5,2.62998940724041E-7,1,0.999253354069792,40.0298881530762,2.00305194827529,18.7299996614456,0.00102411158740518,0.000190649571240391,0.25,7.21530003204203E-7,8.99615561353458E-5,1.38760686327393E-6,51.5983429,51.5983429,1999.70202636719,1999.70202636719,61.3328266470065,20.7273932298366,6.273368,0,0,0,40,4886,48.0964,1999.70202636719,,,,,,,,,,,,,0,,,,3.2719154,,,,,,51.5983429,,,,
,44279878.29,51.5452099,1999.70202636719,9.00844742562718E-5,2.0787342542666E-7,1,0.999253354069792,40.0298881530762,2.00311091581214,18.7299996614456,0.001025196343847,0.000187922550687546,0.25,4.73210628539433E-7,9.00118642321053E-5,1.13965849261595E-6,51.4920769,51.5983429,1999.70202636719,1999.70202636719,61.0404975808142,20.7299523237578,6.646428,0,0,0,40,4886,48.0381,1999.70202636719,,,,,,,,,,,,,0,,,,3.25565385,,,,,,51.5452099,,,,
,44279879.36,51.4340439,1999.70202636719,9.06598954329113E-5,2.89964050847226E-7,1,0.999253354069792,40.0298881530762,2.00307485939219,18.7299996614456,0.00103137065940665,0.00019097977726865,0.25,6.40168079935123E-7,9.05834295616865E-5,1.31048242252179E-6,51.3760109,51.4920769,1999.70202636719,1999.70202636719,61.3187573336603,20.7314273160491,6.273368,0,0,0,40,4886,47.9589,1999.70202636719,,,,,,,,,,,,,0,,,,3.25565385,,,,,,51.4340439,,,,
,44279880.47,51.3181553,1999.70202636719,9.07099165020022E-5,2.65763203222046E-7,1,0.999253354069792,40.0298881530762,2.00307484678499,18.7299996614456,0.00103188390444538,0.000191220500943143,0.25,6.53201132508094E-7,9.0630619290266E-5,1.32353883687282E-6,51.2602997,51.3760109,1999.70202636719,1999.70202636719,61.3492408459103,20.730328209878,6.646428,0,0,0,40,4886,47.8617,1999.70202636719,,,,,,,,,,,,,0,,,,3.25565385,,,,,,51.3181553,,,,
,44279881.48,51.19763755,1999.70202636719,9.12712732065734E-5,2.85520121198717E-7,1,0.999253354069792,40.0298881530762,2.00303110184803,18.7299996614456,0.00103842737335838,0.000191199147419566,0.25,5.52696449197989E-7,9.11893435428526E-5,1.22689489819841E-6,51.1349754,51.2602997,1999.70202636719,1999.70202636719,61.1296032320065,20.7292376741482,6.273368,0,0,0,40,4886,47.7573,1999.70202636719,,,,,,,,,,,,,0,,,,3.2393923,,,,,,51.19763755,,,,
,44279882.535,51.0812435,1999.70202636719,9.13392516524662E-5,2.46277275714388E-7,1,0.999253354069792,40.0298881530762,2.00306885935392,18.7299996614456,0.00103982422957084,0.000187653798578904,0.25,2.30348150163941E-7,9.12552490374463E-5,9.04758390427034E-7,51.0275116,51.1349754,1999.70202636719,1999.70202636719,61.1389827742372,20.7303766223603,6.646428,0,0,0,40,4886,47.6022,1999.70202636719,,,,,,,,,,,,,0,,,,3.2393923,,,,,,51.0812435,,,,
,44279883.77,50.91051675,1999.70202636719,9.16454016656179E-5,2.66247831249882E-7,1,0.999253354069792,40.0298881530762,2.00305592572563,18.7299996614456,0.00104201303540865,0.000195260734036384,0.25,8.45206308101626E-7,9.15524434638258E-5,1.52072674832506E-6,50.7935219,51.0275116,1999.70202636719,1999.70202636719,61.2507556524872,20.7272025195756,6.273368,0,0,0,40,4886,47.4541,1999.70202636719,,,,,,,,,,,,,0,,,,3.25565385,,,,,,50.91051675,,,,
,44279884.93,50.746603,1999.70202636719,9.19264173284708E-5,2.35627941996403E-7,1,0.999253354069792,40.0298881530762,2.00305616133729,18.7299996614456,0.0010462714316808,0.000189706119922109,0.25,3.08339505916313E-7,9.18344954831254E-5,9.86051627634059E-7,50.6996841,50.7935219,1999.70202636719,1999.70202636719,61.2171456261603,20.7329040217097,6.273368,0,0,0,40,4886,47.35715,1999.70202636719,,,,,,,,,,,,,0,,,,3.2719154,,,,,,50.746603,,,,
,44279885.88,50.6362495,1999.70202636719,9.20606054676716E-5,2.66621114889626E-7,1,0.999253354069792,40.0298881530762,2.00305616133729,18.7299996614456,0.0010475256747342,0.000191323689937993,0.25,4.2745124439875E-7,9.19647355692873E-5,1.10559817122706E-6,50.5728149,50.6996841,1999.70202636719,1999.70202636719,61.5188542345834,20.7329040217097,6.273368,0,0,0,40,4886,47.25265,1999.70202636719,,,,,,,,,,,,,0,,,,3.25565385,,,,,,50.6362495,,,,
,44279886.85,50.5256805,1999.70202636719,9.24159614746063E-5,2.80661265024021E-7,1,0.999253354069792,40.0298881530762,2.00302444250675,18.7299996614456,0.00105074469741587,0.000196424304688032,0.25,8.1330677707291E-7,9.23141476122112E-5,1.4932495219081E-6,50.4785461,50.5728149,1999.70202636719,1999.70202636719,61.2273067969103,20.729331640495,6.273368,0,0,0,40,4886,47.15505,1999.70202636719,,,,,,,,,,,,,0,,,,3.25565385,,,,,,50.5256805,,,,
,44279887.955,50.42417905,1999.70202636719,9.20825775884645E-5,2.47971147476718E-7,1,0.999253354069792,40.0298881530762,2.00304867255184,18.7299996614456,0.0010471015430916,0.000194772975367222,0.25,7.28315101582961E-7,9.19789502352449E-5,1.40543997987768E-6,50.369812,50.4785461,1999.70202636719,1999.70202636719,61.3328266470065,20.7312496147694,6.646428,0,0,0,40,4886,47.05585,1999.70202636719,,,,,,,,,,,,,0,,,,3.2719154,,,,,,50.42417905,,,,
,44279889,50.3108082,1999.70202636719,9.28506903285226E-5,2.00204043498823E-7,1,0.999253354069792,40.0298881530762,2.00304867255184,18.7400002032518,0.00105586471753112,0.000196051120973761,0.25,7.0489999555802E-7,9.2743619313215E-5,1.38723900904721E-6,50.2518044,50.369812,1999.70202636719,1999.70202636719,61.1233502038526,20.7312496147694,6.273368,0,0,0,40,4886,46.9565,1999.70202636719,,,,,,,,,,,,,0,,,,3.25565385,,,,,,50.3108082,,,,
,44279890.055,50.19983485,1999.70202636719,9.33275369095941E-5,2.33421810933002E-7,1,0.999253354069792,40.0298881530762,2.00309275984842,18.7299996614456,0.00106127943367766,0.000197031542700471,0.25,7.06866824053293E-7,9.32169140940676E-5,1.39219755235539E-6,50.1478653,50.2518044,1999.70202636719,1999.70202636719,61.0881769204872,20.7324621889286,6.273368,0,0,0,40,4886,46.8502,1999.70202636719,,,,,,,,,,,,,0,,,,3.22329225,,,,,,50.19983485,,,,
,44279891.955,49.97929195,1999.70202636719,9.34289344644041E-5,2.15917242240376E-7,1,0.999253354069792,40.0298881530762,2.00298670690576,18.7299996614456,0.00106265148673815,0.000195226061768849,0.25,5.33640849715302E-7,9.33122684655828E-5,1.21864582800637E-6,49.9199753,50.0386086,1999.70202636719,1999.70202636719,61.3875406433526,20.7323945010724,6.273368,0,0,0,40,4886,46.5975,1999.70202636719,,,,,,,,,,,,,0,,,,3.2719154,,,,,,49.97929195,,,,
,44279892.54,49.8677521,1999.70202636719,9.3702590416734E-5,1.99444050293787E-7,1,0.999253354069792,40.0298881530762,2.00304392697527,18.7299996614456,0.00106569969891656,0.000196227036185031,0.25,5.72979994637491E-7,9.35837809744085E-5,1.25965471031282E-6,49.8155289,49.9199753,1999.70202636719,1999.70202636719,61.4672667523142,20.7293303539594,6.273368,0,0,0,40,4886,46.54165,1999.70202636719,,,,,,,,,,,,,0,,,,3.2719154,,,,,,49.8677521,,,,
,44279893.595,49.75418665,1999.70202636719,9.41063858000269E-5,2.00623320812554E-7,1,0.999253354069792,40.0298881530762,2.00300370250494,18.7299996614456,0.00107027752368268,0.000196852929781785,0.25,5.57476921559097E-7,9.39844312795826E-5,1.2466112782026E-6,49.6928444,49.8155289,1999.70202636719,1999.70202636719,61.2405944817373,20.7331201814899,6.646428,0,0,0,40,4886,46.4439,1999.70202636719,,,,,,,,,,,,,0,,,,3.25565385,,,,,,49.75418665,,,,
,44279894.655,49.6398411,1999.70202636719,9.45976114072818E-5,2.30538178917466E-7,1,0.999253354069792,40.0298881530762,2.00291951400193,18.7299996614456,0.00107626627940041,0.000195185859717051,0.25,3.25395219001623E-7,9.44739707085199E-5,1.01789275198134E-6,49.5868378,49.6928444,1999.70202636719,1999.70202636719,61.209329340968,20.7305241266167,6.273368,0,0,0,40,4886,46.34625,1999.70202636719,,,,,,,,,,,,,0,,,,3.2393923,,,,,,49.6398411,,,,
,44279895.765,49.5386753,1999.70202636719,9.46699397971087E-5,2.70524102444772E-7,1,0.999253354069792,40.0298881530762,2.00307569499654,18.7299996614456,0.00107690583952521,0.000196618194922453,0.25,4.38243082759045E-7,9.45421734575986E-5,1.13050115209127E-6,49.4905128,49.5868378,1999.70202636719,1999.70202636719,61.3656550448142,20.7316734843264,6.273368,0,0,0,40,4886,46.2343,1999.70202636719,,,,,,,,,,,,,0,,,,3.2393923,,,,,,49.5386753,,,,
,44279896.805,49.4303436,1999.70202636719,9.45591789268746E-5,2.30623267188752E-7,1,0.999253354069792,40.0298881530762,2.00298248036228,18.7299996614456,0.00107546998920085,0.000196862423286869,0.25,4.81491664454026E-7,9.44276440687081E-5,1.17216114116452E-6,49.3701744,49.4905128,1999.70202636719,1999.70202636719,61.4500709248911,20.7319498618601,6.273368,0,0,0,40,4886,46.10845,1999.70202636719,,,,,,,,,,,,,0,,,,3.2393923,,,,,,49.4303436,,,,
,44279897.89,49.31466485,1999.70202636719,9.53015628668634E-5,2.78489264648125E-7,1,0.999253354069792,40.0298881530762,2.00301268748453,18.7299996614456,0.00108294683916219,0.000203653110203724,0.25,9.47397460316793E-7,9.51613538753715E-5,1.64196351701733E-6,49.2591553,49.3701744,1999.70202636719,1999.70202636719,61.4578872100834,20.7329226272765,6.646428,0,0,0,40,4886,45.9604,1999.70202636719,,,,,,,,,,,,,0,,,,3.22329225,,,,,,49.31466485,,,,
,44279898.97,49.2013836,1999.70202636719,9.51342077375571E-5,3.09917449656467E-7,1,0.999253354069792,40.0298881530762,2.00299014908943,18.7299996614456,0.00108154190371224,0.000200192447921135,0.25,6.74739721271002E-7,9.49925805330741E-5,1.36768062779468E-6,49.1436119,49.2591553,1999.70202636719,1999.70202636719,61.3390796751603,20.7287531016012,6.273368,0,0,0,40,4886,45.83285,1999.70202636719,,,,,,,,,,,,,0,,,,3.2071922,,,,,,49.2013836,,,,
,44279899.925,49.0883999,1999.70202636719,9.55598832021919E-5,2.25153312323329E-7,1,0.999253354069792,40.0298881530762,2.002968573729,18.7299996614456,0.00108597590322884,0.000203105602141807,0.25,8.56352888042999E-7,9.54133326023864E-5,1.55146831117933E-6,49.0331879,49.1436119,1999.70202636719,1999.70202636719,61.3609652736988,20.7327002240485,6.273368,0,0,0,40,4886,45.7277,1999.70202636719,,,,,,,,,,,,,0,,,,3.22329225,,,,,,49.0883999,,,,
,44279900.965,48.97722625,1999.70202636719,9.59545733077505E-5,2.69736391476155E-7,1,0.999253354069792,40.0298881530762,2.00306952526709,18.7299996614456,0.00109065169983059,0.000202965626753606,0.25,7.74313062603017E-7,9.58048417423966E-5,1.47169723242865E-6,48.9212646,49.0331879,1999.70202636719,1999.70202636719,61.1866621139103,20.7321030534366,6.646428,0,0,0,40,4886,45.61565,1999.70202636719,,,,,,,,,,,,,0,,,,3.2393923,,,,,,48.97722625,,,,
,44279902.01,48.86329075,1999.70202636719,9.6211135635746E-5,2.54525634572611E-7,1,0.999253354069792,40.0298881530762,2.00307687501401,18.7299996614456,0.00109320961516764,0.000205333579369978,0.25,9.37976378553962E-7,9.60566228410234E-5,1.63623054646715E-6,48.8053169,48.9212646,1999.70202636719,1999.70202636719,61.209329340968,20.7334964445548,6.646428,0,0,0,40,4886,45.5033,1999.70202636719,,,,,,,,,,,,,0,,,,3.22329225,,,,,,48.86329075,,,,
,44279903.01,48.7420883,1999.70202636719,9.65572223680743E-5,2.39529138036233E-7,1,0.999253354069792,40.0298881530762,2.00297527417643,18.7299996614456,0.00109775419681291,0.000202107854071997,0.25,5.95227469127817E-7,9.64014640690826E-5,1.29576585120541E-6,48.6788597,48.8053169,1999.70202636719,1999.70202636719,61.5063481782757,20.7353641233546,6.273368,0,0,0,40,4886,45.3908,1999.70202636719,,,,,,,,,,,,,0,,,,3.22329225,,,,,,48.7420883,,,,
,44279904.16,48.5717735,1999.70202636719,9.67112974533522E-5,2.6411102219685E-7,1,0.999253354069792,40.0298881530762,2.00298146660499,18.7299996614456,0.00109945980698864,0.000202527108281645,0.25,6.05771092298017E-7,9.65524868591025E-5,1.30673572662555E-6,48.4646873,48.6788597,1999.70202636719,1999.70202636719,61.3265736188526,20.7323837872695,6.273368,0,0,0,40,4886,45.29235,1999.70202636719,,,,,,,,,,,,,0,,,,3.2393923,,,,,,48.5717735,,,,
,44279905.37,48.40258785,1999.70202636719,9.6750020383587E-5,2.42702727424441E-7,1,0.999253354069792,40.0298881530762,2.00309192534251,18.7299996614456,0.00109917643825125,0.000206807030483512,0.25,9.75324008049157E-7,9.65853292467276E-5,1.67518159340604E-6,48.3404884,48.4646873,1999.70202636719,1999.70202636719,61.7588141899873,20.7363961077817,6.273368,0,0,0,40,4886,45.18005,1999.70202636719,,,,,,,,,,,,,0,,,,3.2393923,,,,,,48.40258785,,,,
,44279906.57,48.28663635,1999.70202636719,9.74643808043201E-5,2.43223700103902E-7,1,0.999253354069792,40.0298881530762,2.00295181507747,18.7299996614456,0.00110747012358608,0.000206593800552071,0.25,8.32820757667467E-7,9.72948710884781E-5,1.53690811031116E-6,48.2327843,48.3404884,1999.70202636719,1999.70202636719,61.3351715325642,20.7337166628458,6.273368,0,0,0,40,4886,45.0179,1999.70202636719,,,,,,,,,,,,,0,,,,3.2393923,,,,,,48.28663635,,,,
,44279907.67,48.17904665,1999.70202636719,9.76901859271045E-5,2.80308192853347E-7,1,0.999253354069792,40.0298881530762,2.00308670620234,18.7299996614456,0.00111015438778556,0.000206549362566405,0.25,7.89377077801527E-7,9.75165356134619E-5,1.49411621894391E-6,48.125309,48.2327843,1999.70202636719,1999.70202636719,61.5509010038719,20.7317639110624,6.646428,0,0,0,40,4886,44.87645,1999.70202636719,,,,,,,,,,,,,0,,,,3.22329225,,,,,,48.17904665,,,,
,44279908.625,48.0683403,1999.70202636719,9.78752919144684E-5,2.19815626510889E-7,1,0.999253354069792,40.0298881530762,2.0030162285047,18.7299996614456,0.00111219930834755,0.000206854738001947,0.25,7.85244142897787E-7,9.76983473341624E-5,1.49052478400929E-6,48.0113716,48.125309,1999.70202636719,1999.70202636719,61.4883707223334,20.7306182723574,6.273368,0,0,0,40,4886,44.77085,1999.70202636719,,,,,,,,,,,,,0,,,,3.22329225,,,,,,48.0683403,,,,
,44279909.725,47.944643,1999.70202636719,9.81337349954333E-5,2.35854312524645E-7,1,0.999253354069792,40.0298881530762,2.00301919997295,18.7299996614456,0.00111518270241979,0.000206936820607539,0.25,7.47920164616289E-7,9.79534241421444E-5,1.45426455921271E-6,47.8779144,48.0113716,1999.70202636719,1999.70202636719,61.0655096934295,20.7348209986429,6.646428,0,0,0,40,4886,44.65875,1999.70202636719,,,,,,,,,,,,,0,,,,3.22329225,,,,,,47.944643,,,,
,44279910.86,47.763731,1999.70202636719,9.81998124136282E-5,2.2142896743434E-7,1,0.999253354069792,40.0298881530762,2.00305987850677,18.7299996614456,0.00111613204115411,0.00020587820265366,0.25,6.44211894881073E-7,9.80170156052322E-5,1.35033947448631E-6,47.6495476,47.8779144,1999.70202636719,1999.70202636719,61.4047364707757,20.7300253996947,6.646428,0,0,0,40,4886,44.5466,1999.70202636719,,,,,,,,,,,,,0,,,,3.22329225,,,,,,47.763731,,,,
,44279911.925,47.5900059,1999.70202636719,9.8813659529811E-5,2.37137422014069E-7,1,0.999253354069792,40.0298881530762,2.00306318550106,18.7299996614456,0.00112320358885575,0.000206447679067849,0.25,5.86508942138952E-7,9.86272199492443E-5,1.29631844478243E-6,47.5304642,47.6495476,1999.70202636719,1999.70202636719,61.4399097541411,20.7304872669939,6.273368,0,0,0,40,4886,44.44085,1999.70202636719,,,,,,,,,,,,,0,,,,3.2393923,,,,,,47.5900059,,,,
,44279913.04,47.4731274,1999.70202636719,9.90021306415204E-5,2.8399102114809E-7,1,0.999253354069792,40.0298881530762,2.0030179190081,18.7299996614456,0.00112568239319583,0.000204566566347654,0.25,3.89738917697655E-7,9.88131350006593E-5,1.10024380203807E-6,47.4157906,47.5304642,1999.70202636719,1999.70202636719,61.3265736188526,20.7352924575181,6.273368,0,0,0,40,4886,44.31415,1999.70202636719,,,,,,,,,,,,,0,,,,3.22329225,,,,,,47.4731274,,,,
,44279914.22,47.3658524,1999.70202636719,9.92242921017984E-5,2.10879941845097E-7,1,0.999253354069792,40.0298881530762,2.00301996371511,18.7299996614456,0.00112783582893422,0.000206888464498343,0.25,5.5598946268301E-7,9.90300540801178E-5,1.26672759099019E-6,47.3159142,47.4157906,1999.70202636719,1999.70202636719,61.2828024217757,20.7319505611307,6.273368,0,0,0,40,4886,44.18735,1999.70202636719,,,,,,,,,,,,,0,,,,3.2071922,,,,,,47.3658524,,,,
,44279915.3,47.25338555,1999.70202636719,9.98215320462294E-5,2.33869740065867E-7,1,0.999253354069792,40.0298881530762,2.00299991548073,18.7400002032518,0.00113436718057785,0.00020926346154726,0.25,6.60602691277628E-7,9.96215516230663E-5,1.37428466765748E-6,47.1908569,47.3159142,1999.70202636719,1999.70202636719,61.4039548422565,20.7339031707128,6.646428,0,0,0,40,4886,44.05325,1999.70202636719,,,,,,,,,,,,,0,,,,3.2071922,,,,,,47.25338555,,,,
,44279916.305,47.13581085,1999.70202636719,9.97966332715128E-5,2.40042941178147E-7,1,0.999253354069792,40.0298881530762,2.00296709753537,18.7299996614456,0.00113343739566373,0.000212496279753435,0.25,9.51288210967464E-7,9.95908001979557E-5,1.66305388082821E-6,47.0807648,47.1908569,1999.70202636719,1999.70202636719,61.5673152027757,20.7334363248622,6.273368,0,0,0,40,4886,43.9192,1999.70202636719,,,,,,,,,,,,,0,,,,3.2071922,,,,,,47.13581085,,,,
,44279917.285,47.0155392,1999.70202636719,9.98161525284326E-5,2.51005367893838E-7,1,0.999253354069792,40.0298881530762,2.00303469715017,18.7299996614456,0.00113439561543475,0.000208405651086599,0.25,5.89109253265562E-7,9.96098907611632E-5,1.30081091023387E-6,46.9503136,47.0807648,1999.70202636719,1999.70202636719,61.4774279230642,20.7314264424617,6.646428,0,0,0,40,4886,43.8133,1999.70202636719,,,,,,,,,,,,,0,,,,3.2071922,,,,,,47.0155392,,,,
,44279918.255,46.9000225,1999.70202636719,0.000100144846549193,2.00944518398297E-7,1,0.999253354069792,40.0298881530762,2.00313250864688,18.7299996614456,0.00113784161822512,0.000210818446970738,0.25,7.43500187916959E-7,9.99336316144015E-5,1.45622957965183E-6,46.8497314,46.9503136,1999.70202636719,1999.70202636719,61.3672183018526,20.7323162154401,6.646428,0,0,0,40,4886,43.7005,1999.70202636719,,,,,,,,,,,,,0,,,,3.19125225,,,,,,46.9000225,,,,
,44279919.265,46.7891216,1999.70202636719,0.000100717952868298,2.42167430625362E-7,1,0.999253354069792,40.0298881530762,2.00300546828007,18.7299996614456,0.00114371789243028,0.000214987907782759,0.25,1.01092009334016E-6,0.000100500454180321,1.72615122645619E-6,46.7285118,46.8497314,1999.70202636719,1999.70202636719,61.5993619720642,20.7297375791,6.646428,0,0,0,40,4886,43.58755,1999.70202636719,,,,,,,,,,,,,0,,,,3.19125225,,,,,,46.7891216,,,,
,44279920.345,46.60692405,1999.70202636719,0.000100859758921966,2.61895561795614E-7,1,0.999253354069792,40.0298881530762,2.00306782183525,18.7299996614456,0.00114587282112986,0.000212215666171336,0.25,7.43058416377299E-7,0.000100640769678807,1.4588223790845E-6,46.4853363,46.7285118,1999.70202636719,1999.70202636719,61.5399582046026,20.7339007329668,6.273368,0,0,0,40,4886,43.47505,1999.70202636719,,,,,,,,,,,,,0,,,,3.19125225,,,,,,46.60692405,,,,
,44279921.44,46.4853363,1999.70202636719,0.000100959547259688,2.48215947583814E-7,1,0.999253354069792,40.0298881530762,2.00311192169907,18.7299996614456,0.00114729945774327,0.00021070631005243,0.25,5.93857937094642E-7,0.000100738248684321,1.30960182693151E-6,46.4853363,46.4853363,1999.70202636719,1999.70202636719,61.2312149395065,20.7343146620134,6.273368,0,0,0,40,4886,43.3626,1999.70202636719,,,,,,,,,,,,,0,,,,3.1753123,,,,,,46.4853363,,,,
,44279922.455,46.3630295,1999.70202636719,0.000101547933862418,2.51498891045885E-7,1,0.999253354069792,40.0298881530762,2.00309353297527,18.7299996614456,0.00115356218080967,0.000214063595251018,0.25,7.86184524835742E-7,0.000101321023485369,1.50468262516871E-6,46.2407227,46.4853363,1999.70202636719,1999.70202636719,61.1929151420642,20.7313454637439,6.273368,0,0,0,40,4886,43.25635,1999.70202636719,,,,,,,,,,,,,0,,,,3.19125225,,,,,,46.3630295,,,,
,44279923.495,46.1894455,1999.70202636719,0.00010147126644153,2.38236786429491E-7,1,0.999253354069792,40.0298881530762,2.00295204021569,18.7299996614456,0.00115233612563885,0.000215244647957132,0.25,9.06520204527238E-7,0.000101240562873461,1.62312272745808E-6,46.1381683,46.2407227,1999.70202636719,1999.70202636719,61.5720049738911,20.7335410303391,6.646428,0,0,0,40,4886,43.14335,1999.70202636719,,,,,,,,,,,,,0,,,,3.2071922,,,,,,46.1894455,,,,
,44279924.495,46.07672115,1999.70202636719,0.000101697942525598,2.17120479898874E-7,1,0.999253354069792,40.0298881530762,2.00310884657138,18.7299996614456,0.00115535493754904,0.000213512051464295,0.25,7.1419149135353E-7,0.0001014649311627,1.43172514662458E-6,46.015274,46.1381683,1999.70202636719,1999.70202636719,61.578258002045,20.733427363619,6.646428,0,0,0,40,4886,43.03035,1999.70202636719,,,,,,,,,,,,,0,,,,3.2071922,,,,,,46.07672115,,,,
,44279925.485,45.94839095,1999.70202636719,0.000101866668426872,2.24138119551576E-7,1,0.999253354069792,40.0298881530762,2.00308705827948,18.7299996614456,0.00115709159876702,0.000214628547629015,0.25,7.8403999984632E-7,0.000101630031785852,1.50162867071211E-6,45.8815079,46.015274,1999.70202636719,1999.70202636719,61.2171456261603,20.7297001731954,6.646428,0,0,0,40,4886,42.9308,1999.70202636719,,,,,,,,,,,,,0,,,,3.2071922,,,,,,45.94839095,,,,
,44279926.5,45.8247986,1999.70202636719,0.00010190480135168,2.57066733105237E-7,1,0.999253354069792,40.0298881530762,2.00304537914203,18.7299996614456,0.00115778438667646,0.000212917242054367,0.25,6.28751588513551E-7,0.00010166622639726,1.34590640780452E-6,45.7680893,45.8815079,1999.70202636719,1999.70202636719,61.3867590148334,20.7313089697527,6.273368,0,0,0,40,4886,42.8244,1999.70202636719,,,,,,,,,,,,,0,,,,3.2071922,,,,,,45.8247986,,,,
,44279927.615,45.7113514,1999.70202636719,0.00010217904467766,2.27931417310919E-7,1,0.999253354069792,40.0298881530762,2.00307790201725,18.7299996614456,0.00116046340626465,0.000215792809828428,0.25,8.34699535421299E-7,0.000101934439693984,1.55188884610237E-6,45.6546135,45.7680893,1999.70202636719,1999.70202636719,61.2773310221411,20.7311756202563,6.273368,0,0,0,40,4886,42.6835,1999.70202636719,,,,,,,,,,,,,0,,,,3.19125225,,,,,,45.7113514,,,,
,44279928.84,45.5948944,1999.70202636719,0.000102218815947224,2.45331884591794E-7,1,0.999253354069792,40.0298881530762,2.00312081308961,18.7299996614456,0.00116055543786943,0.000217728021443339,0.25,9.99944359315442E-7,0.000101968247479834,1.71529130984021E-6,45.5351753,45.6546135,1999.70202636719,1999.70202636719,61.1718111720449,20.7335129055576,5.900308,0,0,0,40,4886,42.51515,1999.70202636719,,,,,,,,,,,,,0,,,,3.19125225,,,,,,45.5948944,,,,
,44279929.985,45.4702091,1999.70202636719,0.00010267447522695,2.4795455004289E-7,1,0.999253354069792,40.0298881530762,2.00303911607304,18.7299996614456,0.00116597715671039,0.000216776926805587,0.25,8.38322769136807E-7,0.000102420055818445,1.55578425696509E-6,45.4052429,45.5351753,1999.70202636719,1999.70202636719,61.2812391647373,20.7309319672785,6.273368,0,0,0,40,4886,42.37445,1999.70202636719,,,,,,,,,,,,,0,,,,3.19125225,,,,,,45.4702091,,,,
,44279931.095,45.28002355,1999.70202636719,0.000102970853340722,2.72092971325193E-7,1,0.999253354069792,40.0298881530762,2.00310122058995,18.7400002032518,0.00116998811683866,0.000213754300855624,0.25,5.21190177318351E-7,0.000102714722942758,1.24024251974959E-6,45.1548042,45.4052429,1999.70202636719,1999.70202636719,61.3382980466411,20.7329666912766,6.646428,0,0,0,40,4886,42.255,1999.70202636719,,,,,,,,,,,,,0,,,,3.1753123,,,,,,45.28002355,,,,
,44279932.255,45.0970249,1999.70202636719,0.000103188208229323,2.9672315693645E-7,1,0.999253354069792,40.0298881530762,2.00310948619111,18.7299996614456,0.00117179801102713,0.000217749198174906,0.25,8.35542958347091E-7,0.000102926325885567,1.55413873843569E-6,45.0392456,45.1548042,1999.70202636719,1999.70202636719,61.2327781965449,20.7314625967392,6.273368,0,0,0,40,4886,42.14225,1999.70202636719,,,,,,,,,,,,,0,,,,3.19125225,,,,,,45.0970249,,,,
,44279933.395,44.9734535,1999.70202636719,0.000103325891182855,3.14538297322333E-7,1,0.999253354069792,40.0298881530762,2.00304443210168,18.7299996614456,0.00117276649335864,0.000220985946415063,0.25,1.09801422560777E-6,0.000103058889946383,1.81574171363223E-6,44.9076614,45.0392456,1999.70202636719,1999.70202636719,61.5032216641988,20.7310640046421,6.646428,0,0,0,40,4886,42.03395,1999.70202636719,,,,,,,,,,,,,0,,,,3.19125225,,,,,,44.9734535,,,,
,44279934.53,44.80970955,1999.70202636719,0.000103903995477832,2.89085921828487E-7,1,0.999253354069792,40.0298881530762,2.00309936197921,18.7299996614456,0.00117971933015949,0.000219888221628355,0.25,9.01060425136401E-7,0.000103632272553998,1.62144648564727E-6,44.7117577,44.9076614,1999.70202636719,1999.70202636719,61.2828024217757,20.7324216984619,6.273368,0,0,0,40,4886,41.86435,1999.70202636719,,,,,,,,,,,,,0,,,,3.1753123,,,,,,44.80970955,,,,
,44279935.585,44.6504765,1999.70202636719,0.000104008412365216,2.93835571428332E-7,1,0.999253354069792,40.0298881530762,2.00309800267816,18.7299996614456,0.00118147533185504,0.000216574093504124,0.25,5.93848472613162E-7,0.000103733811304837,1.31381839884501E-6,44.5891953,44.7117577,1999.70202636719,1999.70202636719,61.425840440795,20.7315869212823,6.273368,0,0,0,40,4886,41.69035,1999.70202636719,,,,,,,,,,,,,0,,,,3.15953075,,,,,,44.6504765,,,,
,44279936.67,44.5225201,1999.70202636719,0.000103850706258719,2.62385627813971E-7,1,0.999253354069792,40.0298881530762,2.00307613949995,18.7299996614456,0.00117944725600921,0.000217294595503521,0.25,6.87281074904801E-7,0.000103572655079636,1.4045765727739E-6,44.4558449,44.5891953,1999.70202636719,1999.70202636719,61.4883707223334,20.7340476594606,6.273368,0,0,0,40,4886,41.5709,1999.70202636719,,,,,,,,,,,,,0,,,,3.15953075,,,,,,44.5225201,,,,
,44279937.75,44.3971119,1999.70202636719,0.000104201070309283,2.49024061706751E-7,1,0.999253354069792,40.0298881530762,2.00307834774571,18.7299996614456,0.00118306331145538,0.000219876989802525,0.25,8.54056219308666E-7,0.000103917864644311,1.57203351982096E-6,44.3383789,44.4558449,1999.70202636719,1999.70202636719,61.6368801409873,20.7326638035419,6.273368,0,0,0,40,4886,41.45605,1999.70202636719,,,,,,,,,,,,,0,,,,3.15953075,,,,,,44.3971119,,,,
,44279938.775,44.27654075,1999.70202636719,0.000104317952468534,2.19787758511047E-7,1,0.999253354069792,40.0298881530762,2.00300803514863,18.7299996614456,0.00118434958294998,0.000219922412070623,0.25,8.39778421385857E-7,0.000104031518608818,1.55730779308145E-6,44.2147026,44.3383789,1999.70202636719,1999.70202636719,61.3164124481026,20.7362599822933,6.273368,0,0,0,40,4886,41.34315,1999.70202636719,,,,,,,,,,,,,0,,,,3.1437492,,,,,,44.27654075,,,,
,44279939.905,44.15265465,1999.70202636719,0.000104049275954776,2.55820359461865E-7,1,0.999253354069792,40.0298881530762,2.00306273608855,18.7299996614456,0.00118150108731605,0.000218161491388391,0.25,7.34192889683423E-7,0.000103760753771138,1.44862533705553E-6,44.0906067,44.2147026,1999.70202636719,1999.70202636719,61.5407398331219,20.7320908790548,6.273368,0,0,0,40,4886,41.2103,1999.70202636719,,,,,,,,,,,,,0,,,,3.15953075,,,,,,44.15265465,,,,
,44279941.02,44.02588275,1999.70202636719,0.000104810085641209,2.30823497299381E-7,1,0.999253354069792,40.0298881530762,2.00302154424545,18.7299996614456,0.00119016710483708,0.000219273436957512,0.25,6.99241479661113E-7,0.00010451678287314,1.41770957862689E-6,43.9611588,44.0906067,1999.70202636719,1999.70202636719,61.3234471047757,20.7330236170869,6.646428,0,0,0,40,4886,41.0989,1999.70202636719,,,,,,,,,,,,,0,,,,3.1753123,,,,,,44.02588275,,,,
,44279942.165,43.89927295,1999.70202636719,0.000104964539779978,2.64466022139409E-7,1,0.999253354069792,40.0298881530762,2.00306134228053,18.7299996614456,0.00119170804736036,0.000220654695562565,0.25,7.95509477902181E-7,0.000104666030613416,1.51295246692635E-6,43.8373871,43.9611588,1999.70202636719,1999.70202636719,61.3703448159296,20.729750693447,6.273368,0,0,0,40,4886,40.9444,1999.70202636719,,,,,,,,,,,,,0,,,,3.1753123,,,,,,43.89927295,,,,
,44279943.355,43.69293215,1999.70202636719,0.000105282317546228,2.34897269696078E-7,1,0.999253354069792,40.0298881530762,2.00302875285542,18.7299996614456,0.00119517361341901,0.000221708143694128,0.25,8.3504704173436E-7,0.000104978001663155,1.55243624218342E-6,43.5484772,43.8373871,1999.70202636719,1999.70202636719,61.3758162155642,20.734907150722,6.646428,0,0,0,40,4886,40.7667,1999.70202636719,,,,,,,,,,,,,0,,,,3.15953075,,,,,,43.69293215,,,,
,44279944.44,43.48864365,1999.70202636719,0.000105177388670301,2.92788591660343E-7,1,0.999253354069792,40.0298881530762,2.0030245696545,18.7299996614456,0.00119481437331867,0.000216576673008355,0.25,4.04270873407033E-7,0.000104873237165542,1.12072223546703E-6,43.4288101,43.5484772,1999.70202636719,1999.70202636719,61.2022946842949,20.7306610478168,6.646428,0,0,0,40,4886,40.64565,1999.70202636719,,,,,,,,,,,,,0,,,,3.15953075,,,,,,43.48864365,,,,
,44279945.51,43.36834335,1999.70202636719,0.000105420704531561,1.90877776073946E-7,1,0.999253354069792,40.0298881530762,2.00307139378863,18.7299996614456,0.00119654277732533,0.000222864412662122,0.25,9.15836149597404E-7,0.000105109210778801,1.63100750273545E-6,43.3078766,43.4288101,1999.70202636719,1999.70202636719,61.4047364707757,20.7328703500305,5.900308,0,0,0,40,4886,40.52435,1999.70202636719,,,,,,,,,,,,,0,,,,3.15953075,,,,,,43.36834335,,,,
,44279946.58,43.23108865,1999.70202636719,0.000105788501396176,2.3150919312017E-7,1,0.999253354069792,40.0298881530762,2.00306812122643,18.7299996614456,0.00120078124035435,0.000223076822172725,0.25,8.71239002998251E-7,0.000105473334347408,1.58765635827266E-6,43.1543007,43.3078766,1999.70202636719,1999.70202636719,61.4313118404296,20.7335091929408,6.273368,0,0,0,40,4886,40.4111,1999.70202636719,,,,,,,,,,,,,0,,,,3.1437492,,,,,,43.23108865,,,,
,44279947.595,43.09350015,1999.70202636719,0.000106023541434253,2.77178897899555E-7,1,0.999253354069792,40.0298881530762,2.00302551773598,18.7299996614456,0.00120281760346803,0.000226800222260096,0.25,1.15943549467442E-6,0.000105702832932359,1.87520234902011E-6,43.0326996,43.1543007,1999.70202636719,1999.70202636719,61.3578387596219,20.7356258282353,6.273368,0,0,0,40,4886,40.2979,1999.70202636719,,,,,,,,,,,,,0,,,,3.1281246,,,,,,43.09350015,,,,
,44279964.08,40.9354362,1999.70202636719,,,2,,,,18.7759999898672,,,,,,,40.9354362,40.9354362,1999.70202636719,1999.70202636719,,,6.646428,,,,-99999999,4886,38.182,1999.70202636719,,,,,,,,,,,,,,,,,,,,,,,40.9354362,,,,
touchdown = 14.3699999898672 mm,44279977.03,39.0478516,1999.70202636719,0.000112349455084731,2.66163827482748E-7,1,0.999253354069792,40.0298881530762,2.00306961137505,18.7599994242191,0.00127452132091218,0.000234694982556953,0.25,8.00655135297543E-7,0.000111920216231346,1.50796751292381E-6,39.0478516,39.0478516,1999.70202636719,1999.70202636719,61.1460174309103,20.7299036282703,6.273368,0,0,0,40,4886,36.5096,1999.70202636719,,,,,,,,,,,,,0,,,,3.0815613,,,,,,39.0478516,,,,
,44279977.545,38.97801975,1999.70202636719,0.000112268609922834,2.07483536070864E-7,1,0.999253354069792,40.0298881530762,2.00305911626659,18.7599994242191,0.00127334208163354,0.000235882908130989,0.25,9.20753398182736E-7,0.000111837588477195,1.62621445678828E-6,38.9081879,39.0478516,1999.70202636719,1999.70202636719,61.364873416295,20.7344853864394,6.273368,0,0,0,40,4886,36.44715,1999.70202636719,,,,,,,,,,,,,0,,,,3.0815613,,,,,,38.97801975,,,,
,44279978.595,38.8254166,1999.70202636719,0.000112539077164268,2.77280116878191E-7,1,0.999253354069792,40.0298881530762,2.00295647052514,18.7599994242191,0.00127611709144903,0.000237458385377389,0.25,1.0162349351812E-6,0.000112102173738795,1.72021624983547E-6,38.7426453,38.9081879,1999.70202636719,1999.70202636719,61.2140191120834,20.7336735442035,6.273368,0,0,0,40,4886,36.24885,1999.70202636719,,,,,,,,,,,,,0,,,,3.0815613,,,,,,38.8254166,,,,
,44279979.745,38.66267395,1999.70202636719,0.000113277876704338,2.38004869596453E-7,1,0.999253354069792,40.0298881530762,2.00297435557355,18.7599994242191,0.00128433908927454,0.000239671542319862,0.25,1.08401501328964E-6,0.000112833390645878,1.78945949856149E-6,38.5827026,38.7426453,1999.70202636719,1999.70202636719,61.2710779939873,20.7298811646652,6.646428,0,0,0,40,4886,36.04495,1999.70202636719,,,,,,,,,,,,,0,,,,3.0815613,,,,,,38.66267395,,,,
,44279980.86,38.4467487,1999.70202636719,0.000113279629695972,2.43456757946205E-7,1,0.999253354069792,40.0298881530762,2.00306454160393,18.7599994242191,0.00128446572770885,0.000239209272376481,0.25,1.044528801312E-6,0.00011283263466996,1.7481873461259E-6,38.3107948,38.5827026,1999.70202636719,1999.70202636719,61.4774279230642,20.7314278203484,6.273368,0,0,0,40,4886,35.9087,1999.70202636719,,,,,,,,,,,,,0,,,,3.0815613,,,,,,38.4467487,,,,
,44279981.935,38.22972295,1999.70202636719,0.000113649952229307,2.71372412232533E-7,1,0.999253354069792,40.0298881530762,2.00302019188321,18.7599994242191,0.00128873880110689,0.000239231912009984,0.25,9.83946196749713E-7,0.000113199178033927,1.68820963060158E-6,38.1486511,38.3107948,1999.70202636719,1999.70202636719,61.2976533636411,20.7298388725101,6.273368,0,0,0,40,4886,35.773,1999.70202636719,,,,,,,,,,,,,0,,,,3.0662458,,,,,,38.22972295,,,,
,44279983.045,38.079998,1999.70202636719,0.00011428916988432,2.52911884352914E-7,1,0.999253354069792,40.0298881530762,2.00305557681931,18.7599994242191,0.00129652886798101,0.000237445723841282,0.25,7.15908784423216E-7,0.000113834665620784,1.42317404077841E-6,38.0113449,38.1486511,1999.70202636719,1999.70202636719,61.4672667523142,20.7293920046162,6.273368,0,0,0,40,4886,35.63155,1999.70202636719,,,,,,,,,,,,,0,,,,3.035767,,,,,,38.079998,,,,
,44279984.165,37.9328232,1999.70202636719,0.000114839039059602,2.42333405550841E-7,1,0.999253354069792,40.0298881530762,2.0030706424428,18.7599994242191,0.00130234431622709,0.000240840997371479,0.25,9.20118676286549E-7,0.000114378218628238,1.62795332478388E-6,37.8543015,38.0113449,1999.70202636719,1999.70202636719,61.1436725453526,20.73107009551,6.273368,0,0,0,40,4886,35.49,1999.70202636719,,,,,,,,,,,,,0,,,,3.0510825,,,,,,37.9328232,,,,
,44279985.195,37.7911587,1999.70202636719,0.000114302676724618,2.73729881106512E-7,1,0.999253354069792,40.0298881530762,2.00303828456808,18.7599994242191,0.00129644942124029,0.000238354682334554,0.25,7.98681354343062E-7,0.000113842012997582,1.50173113361261E-6,37.7280159,37.8543015,1999.70202636719,1999.70202636719,61.2030763128142,20.731832414366,6.273368,0,0,0,40,4886,35.3543,1999.70202636719,,,,,,,,,,,,,0,,,,3.0662458,,,,,,37.7911587,,,,
,44279986.25,37.6551075,1999.70202636719,0.000114812725259594,2.47414016705966E-7,1,0.999253354069792,40.0298881530762,2.00307943497514,18.7599994242191,0.00130161106620812,0.000242813690494745,0.25,1.10457345407729E-6,0.000114343904057222,1.80653807963184E-6,37.5821991,37.7280159,1999.70202636719,1999.70202636719,61.412552755968,20.732524423873,6.273368,0,0,0,40,4886,35.1449,1999.70202636719,,,,,,,,,,,,,0,,,,3.0509303,,,,,,37.6551075,,,,
,44279987.41,37.50590325,1999.70202636719,0.000115299673805769,2.24049186987652E-7,1,0.999253354069792,40.0298881530762,2.00298626039595,18.7699999660254,0.00130799316750176,0.000238346518085616,0.25,6.29864553045098E-7,0.000114827632943946,1.33373285168749E-6,37.4296074,37.5821991,1999.70202636719,1999.70202636719,61.2609168232372,20.7314841646706,6.646428,0,0,0,40,4886,34.93545,1999.70202636719,,,,,,,,,,,,,0,,,,3.035767,,,,,,37.50590325,,,,
,44279988.48,37.35590745,1999.70202636719,0.000115326615318314,2.46300932774632E-7,1,0.999253354069792,40.0298881530762,2.00297802275227,18.7599994242191,0.00130806196341732,0.0002395303151869,0.25,7.3194738003176E-7,0.000114851101084659,1.43353870520715E-6,37.2822075,37.4296074,1999.70202636719,1999.70202636719,61.3969201855834,20.7354273364518,6.646428,0,0,0,40,4886,34.79375,1999.70202636719,,,,,,,,,,,,,0,,,,3.0206037,,,,,,37.35590745,,,,
,44279990.33,36.9405594,1999.70202636719,0.000115890596116399,2.36705767458444E-7,1,0.999253354069792,40.0298881530762,2.00300725834881,18.7599994242191,0.00131420656273266,0.000241981905315959,0.25,8.51643322492931E-7,0.00011540823596864,1.55319143910264E-6,36.9405594,36.9405594,1999.70202636719,1999.70202636719,61.2562270521219,20.730826590492,6.273368,0,0,0,40,4886,34.5845,1999.70202636719,,,,,,,,,,,,,0,,,,3.0509303,,,,,,36.9405594,,,,
,44279991.885,36.7974548,1999.70202636719,0.000116395975559184,3.09477796249039E-7,1,0.999253354069792,40.0298881530762,2.00294336335749,18.7599994242191,0.0013202554509577,0.00024063510024766,0.25,6.49466758525917E-7,0.000115907276832498,1.35087144383521E-6,36.7974548,36.7974548,1999.70202636719,1999.70202636719,61.5923273153911,20.7325867024312,6.273368,0,0,0,40,4886,34.3014,1999.70202636719,,,,,,,,,,,,,0,,,,3.0509303,,,,,,36.7974548,,,,
,44279992.835,36.6340847,1999.70202636719,0.000116887413734388,2.7640533306499E-7,1,0.999253354069792,40.0298881530762,2.00303668000352,18.7599994242191,0.00132487167316761,0.00024723471545554,0.25,1.14569870039753E-6,0.000116390852718093,1.84582364119757E-6,36.4707146,36.7974548,1999.70202636719,1999.70202636719,61.2820207932565,20.7314414347417,6.273368,0,0,0,40,4886,34.14925,1999.70202636719,,,,,,,,,,,,,0,,,,3.0509303,,,,,,36.6340847,,,,
,44279994.285,36.40464595,1999.70202636719,0.000116860959051709,2.57255414223047E-7,1,0.999253354069792,40.0298881530762,2.00294251659298,18.7599994242191,0.00132424629858361,0.000248414261841081,0.25,1.25899821300744E-6,0.000116359912272762,1.95540967529403E-6,36.3385773,36.4707146,1999.70202636719,1999.70202636719,61.4188057841219,20.731000669187,6.273368,0,0,0,40,4886,33.9341,1999.70202636719,,,,,,,,,,,,,0,,,,3.035767,,,,,,36.40464595,,,,
,44279995.365,36.18914605,1999.70202636719,0.000117660628987447,2.68447535944901E-7,1,0.999253354069792,40.0298881530762,2.00296756523158,18.7599994242191,0.00133436016610367,0.000244069618299118,0.25,7.37520509636807E-7,0.000117156724778645,1.43883322325002E-6,36.0397148,36.3385773,1999.70202636719,1999.70202636719,61.3351715325642,20.7314295267834,6.273368,0,0,0,40,4886,33.78655,1999.70202636719,,,,,,,,,,,,,0,,,,3.0206037,,,,,,36.18914605,,,,
,44279996.405,35.9559803,1999.70202636719,0.000117963207135661,1.78280882823969E-7,1,0.999253354069792,40.0298881530762,2.00305566753349,18.7599994242191,0.00133742338163817,0.000246934361084196,0.25,9.38188109419066E-7,0.000117454161215965,1.63828750181867E-6,35.8722458,36.0397148,1999.70202636719,1999.70202636719,61.412552755968,20.733627631332,6.646428,0,0,0,40,4886,33.6341,1999.70202636719,,,,,,,,,,,,,0,,,,3.0206037,,,,,,35.9559803,,,,
,44279997.445,35.79830935,1999.70202636719,0.00011789866325028,2.22594392266987E-7,1,0.999253354069792,40.0298881530762,2.00299735510437,18.7599994242191,0.00133651555862286,0.000247413350797413,0.25,9.94817979557369E-7,0.000117387062244936,1.69227744195758E-6,35.7243729,35.8722458,1999.70202636719,1999.70202636719,61.361746902218,20.735183345085,6.273368,0,0,0,40,4886,33.4923,1999.70202636719,,,,,,,,,,,,,0,,,,3.0206037,,,,,,35.79830935,,,,
,44279998.51,35.6567116,1999.70202636719,0.000118474781068568,2.25586832242608E-7,1,0.999253354069792,40.0298881530762,2.00302751580608,18.7699999660254,0.00134348996590348,0.000246046760797251,0.25,7.750582735243E-7,0.00011795941173583,1.47479325863132E-6,35.5890503,35.7243729,1999.70202636719,1999.70202636719,61.2616984517565,20.7303538797806,6.273368,0,0,0,40,4886,33.34435,1999.70202636719,,,,,,,,,,,,,0,,,,3.0206037,,,,,,35.6567116,,,,
,44279999.54,35.4936619,1999.70202636719,0.000118608817303046,2.69405762400893E-7,1,0.999253354069792,40.0298881530762,2.00295530444805,18.7599994242191,0.00134445883467032,0.000249003163779437,0.25,1.01519317682492E-6,0.000118088816672609,1.71253319590424E-6,35.3982735,35.5890503,1999.70202636719,1999.70202636719,61.3586203881411,20.7323717222979,6.273368,0,0,0,40,4886,33.192,1999.70202636719,,,,,,,,,,,,,0,,,,3.0206037,,,,,,35.4936619,,,,
,44280000.525,35.32291225,1999.70202636719,0.000119109130188507,2.447618661632E-7,1,0.999253354069792,40.0298881530762,2.00296465204919,18.7599994242191,0.00135036668595692,0.00024857263926309,0.25,8.91538682942393E-7,0.000118585095556474,1.5902248935527E-6,35.247551,35.3982735,1999.70202636719,1999.70202636719,61.0999013482757,20.73430142775,6.646428,0,0,0,40,4886,33.03965,1999.70202636719,,,,,,,,,,,,,0,,,,3.0206037,,,,,,35.32291225,,,,
,44280001.675,35.1681042,1999.70202636719,0.000119585335858511,2.32610173287776E-7,1,0.999253354069792,40.0298881530762,2.00302463717266,18.7599994242191,0.00135587072435501,0.000248935064221439,0.25,8.42726642761101E-7,0.000119055614782398,1.54125251582554E-6,35.0886574,35.247551,1999.70202636719,1999.70202636719,61.2984349921603,20.7300496132791,6.646428,0,0,0,40,4886,32.81345,1999.70202636719,,,,,,,,,,,,,0,,,,3.0206037,,,,,,35.1681042,,,,
,44280002.765,35.00209235,1999.70202636719,0.000119603548212779,2.75010597183763E-7,1,0.999253354069792,40.0298881530762,2.00299067006341,18.7599994242191,0.0013560548009639,0.000248710539010443,0.25,8.2400369663345E-7,0.000119069956247283,1.51949125253978E-6,34.9155273,35.0886574,1999.70202636719,1999.70202636719,61.3836325007565,20.732530249225,6.646428,0,0,0,40,4886,32.58195,1999.70202636719,,,,,,,,,,,,,0,,,,3.00559105,,,,,,35.00209235,,,,
,44280003.665,34.8458385,1999.70202636719,0.000119673305135669,2.8464763000743E-7,1,0.999253354069792,40.0298881530762,2.00299056993497,18.7599994242191,0.00135638412096933,0.000251300086415972,0.25,1.04248536599785E-6,0.000119135541151896,1.73521082408301E-6,34.7761497,34.9155273,1999.70202636719,1999.70202636719,61.3140675625449,20.731597933143,6.273368,0,0,0,40,4886,32.423,1999.70202636719,,,,,,,,,,,,,0,,,,2.9905784,,,,,,34.8458385,,,,
,44280004.735,34.6989231,1999.70202636719,0.000120382155143707,2.69560902906831E-7,1,0.999253354069792,40.0298881530762,2.00296684003213,18.7599994242191,0.00136528995126131,0.000247582615964786,0.25,5.9290606443582E-7,0.000119841312915195,1.28959194200984E-6,34.6216965,34.7761497,1999.70202636719,1999.70202636719,61.0701994645449,20.7308448847619,6.273368,0,0,0,40,4886,32.26585,1999.70202636719,,,,,,,,,,,,,0,,,,2.97571505,,,,,,34.6989231,,,,
,44280005.88,34.4525471,1999.70202636719,0.000120742265128578,2.61630893172363E-7,1,0.999253354069792,40.0298881530762,2.00298698211704,18.7599994242191,0.00136852481215492,0.000253056408395971,0.25,1.01403404152976E-6,0.000120194955043701,1.70876676621765E-6,34.2833977,34.6216965,1999.70202636719,1999.70202636719,61.7126981073527,20.7310570512023,5.900308,0,0,0,40,4886,32.1088,1999.70202636719,,,,,,,,,,,,,0,,,,2.9907277,,,,,,34.4525471,,,,
,44280006.92,34.1946087,1999.70202636719,0.000121270925631901,2.31961402628376E-7,1,0.999253354069792,40.0298881530762,2.0030754048676,18.7599994242191,0.00137461241548631,0.000253798817614894,0.25,9.87936989585844E-7,0.000120718987243577,1.6836633716964E-6,34.1058197,34.2833977,1999.70202636719,1999.70202636719,61.415679270045,20.7329326538282,6.646428,0,0,0,40,4886,31.9498,1999.70202636719,,,,,,,,,,,,,0,,,,2.9907277,,,,,,34.1946087,,,,
,44280008,34.02290725,1999.70202636719,0.000121800773566378,2.54982208887125E-7,1,0.999253354069792,40.0298881530762,2.0031740680938,18.7599994242191,0.00138103844917709,0.000252744704760342,0.25,8.03159546822234E-7,0.000121245158797116,1.5006925638822E-6,33.9399948,34.1058197,1999.70202636719,1999.70202636719,61.1124074045834,20.7327886550105,6.273368,0,0,0,40,4886,31.79745,1999.70202636719,,,,,,,,,,,,,0,,,,2.9608517,,,,,,34.02290725,,,,
,44280009.21,33.86099435,1999.70202636719,0.000122355988261206,2.62034738705022E-7,1,0.999253354069792,40.0298881530762,2.00302908412592,18.7599994242191,0.00138703476066774,0.000254782706844615,0.25,8.90324799817774E-7,0.000121793619667567,1.58740165575289E-6,33.7819939,33.9399948,1999.70202636719,1999.70202636719,61.1663397724103,20.7307999415537,6.273368,0,0,0,40,4886,31.55845,1999.70202636719,,,,,,,,,,,,,0,,,,2.9608517,,,,,,33.86099435,,,,
,44280010.255,33.7021294,1999.70202636719,0.000122572996753946,2.96939138415257E-7,1,0.999253354069792,40.0298881530762,2.00308213734777,18.7599994242191,0.00138973699239385,0.000253896728001151,0.25,7.76158274169403E-7,0.000122007783317366,1.47275579945788E-6,33.6222649,33.7819939,1999.70202636719,1999.70202636719,61.4180241556026,20.7330657556074,6.273368,0,0,0,40,4886,31.3923,1999.70202636719,,,,,,,,,,,,,0,,,,2.97571505,,,,,,33.7021294,,,,
,44280011.275,33.53787425,1999.70202636719,0.000123274322416059,1.87065355668067E-7,1,0.999253354069792,40.0298881530762,2.00300302502342,18.7599994242191,0.0013973999238324,0.000256518877371535,0.25,8.87081848276135E-7,0.000122702858230628,1.58499684493183E-6,33.4534836,33.6222649,1999.70202636719,1999.70202636719,61.5360500620065,20.7309690427605,6.273368,0,0,0,40,4886,31.2304,1999.70202636719,,,,,,,,,,,,,0,,,,2.9905784,,,,,,33.53787425,,,,
,44280012.51,33.27980235,1999.70202636719,0.000123557360840846,2.41783451384602E-7,1,0.999253354069792,40.0298881530762,2.00307551109315,18.7599994242191,0.00140062729787779,0.000257042143095841,0.25,8.86476451706085E-7,0.000122981006586053,1.58271255307014E-6,33.1061211,33.4534836,1999.70202636719,1999.70202636719,61.5931089439104,20.7316499538604,6.646428,0,0,0,40,4886,30.98375,1999.70202636719,,,,,,,,,,,,,0,,,,2.97571505,,,,,,33.27980235,,,,
,44280013.695,33.0314789,1999.70202636719,0.000123722533741241,2.559754476167E-7,1,0.999253354069792,40.0298881530762,2.00300907584588,18.7599994242191,0.00140183794151364,0.00026072605576491,0.25,1.18533975078265E-6,0.000123141375215664,1.87888605037276E-6,32.9568367,33.1061211,1999.70202636719,1999.70202636719,61.3297001329296,20.732553372184,6.273368,0,0,0,40,4886,30.8143,1999.70202636719,,,,,,,,,,,,,0,,,,2.97571505,,,,,,33.0314789,,,,
,44280014.735,32.8515644,1999.70202636719,0.00012411484815871,2.75579110788868E-7,1,0.999253354069792,40.0298881530762,2.00303722359216,18.7599994242191,0.00140779883566164,0.000252899948540912,0.25,4.28972418194539E-7,0.000123533825175113,1.12609445245576E-6,32.7462921,32.9568367,1999.70202636719,1999.70202636719,61.331263389968,20.7317618663554,6.273368,0,0,0,40,4886,30.64965,1999.70202636719,,,,,,,,,,,,,0,,,,2.9609995,,,,,,32.8515644,,,,
,44280015.775,32.66316415,1999.70202636719,0.000124451436604563,2.41715188095705E-7,1,0.999253354069792,40.0298881530762,2.00301986012966,18.7599994242191,0.00141000805291426,0.000262501482757562,0.25,1.2184300707088E-6,0.000123862134892317,1.91161386540614E-6,32.5800362,32.7462921,1999.70202636719,1999.70202636719,61.0561301511988,20.7348612494188,6.273368,0,0,0,40,4886,30.48485,1999.70202636719,,,,,,,,,,,,,0,,,,2.9314206,,,,,,32.66316415,,,,
,44280016.905,32.49250415,1999.70202636719,0.000124771846559018,2.3264249625594E-7,1,0.999253354069792,40.0298881530762,2.00301172720504,18.7599994242191,0.00141381163295957,0.000262009460718363,0.25,1.12129001536641E-6,0.000124179343350929,1.8145905285999E-6,32.4049721,32.5800362,1999.70202636719,1999.70202636719,61.2163639976411,20.7331390283365,6.646428,0,0,0,40,4886,30.31995,1999.70202636719,,,,,,,,,,,,,0,,,,2.9314206,,,,,,32.49250415,,,,
,44280017.935,32.30166625,1999.70202636719,0.000124709952532152,2.22499644298159E-7,1,0.999253354069792,40.0298881530762,2.00300366107359,18.7699999660254,0.00141329599097032,0.00026063676336763,0.25,1.01396729818511E-6,0.000124116015507561,1.70519130669047E-6,32.1983604,32.4049721,1999.70202636719,1999.70202636719,61.2577903091603,20.7338972505918,6.273368,0,0,0,40,4886,30.14545,1999.70202636719,,,,,,,,,,,,,0,,,,2.9314206,,,,,,32.30166625,,,,
,44280018.93,32.1210632,1999.70202636719,0.000125633038426641,2.28108264767223E-7,1,0.999253354069792,40.0298881530762,2.0029968120832,18.7599994242191,0.0014237373668498,0.000262411259247841,0.25,1.01190694287914E-6,0.000125031196879147,1.70493088371901E-6,32.043766,32.1983604,1999.70202636719,1999.70202636719,61.3257919903334,20.733976882612,6.273368,0,0,0,40,4886,29.88115,1999.70202636719,,,,,,,,,,,,,0,,,,2.9314206,,,,,,32.1210632,,,,
,44280020.07,31.95416545,1999.70202636719,0.000126608055797458,1.77036492732611E-7,1,0.999253354069792,40.0298881530762,2.00308443069181,18.7599994242191,0.00143443500535815,0.000266571165429284,0.25,1.20969545813443E-6,0.000125997124937016,1.90398180172772E-6,31.8645649,32.043766,1999.70202636719,1999.70202636719,61.5790396305642,20.7358683833455,6.646428,0,0,0,40,4886,29.6263,1999.70202636719,,,,,,,,,,,,,0,,,,2.9314206,,,,,,31.95416545,,,,
,44280021.185,31.6870117,1999.70202636719,0.000126748591232178,2.37392012644759E-7,1,0.999253354069792,40.0298881530762,2.00307161490974,18.7599994242191,0.00143764966457309,0.000257452927611154,0.25,3.84183335656982E-7,0.000126139427805249,1.08103016890974E-6,31.5094585,31.8645649,1999.70202636719,1999.70202636719,61.6751799384296,20.7343318185002,6.273368,0,0,0,40,4886,29.45165,1999.70202636719,,,,,,,,,,,,,0,,,,2.94613615,,,,,,31.6870117,,,,
,44280022.18,31.40971945,1999.70202636719,0.000127363704680718,2.5293946518303E-7,1,0.999253354069792,40.0298881530762,2.00308207781745,18.7599994242191,0.00144369567916316,0.000263891535784121,0.25,8.45770292136274E-7,0.000126746911745232,1.54159190413986E-6,31.3099804,31.5094585,1999.70202636719,1999.70202636719,61.527452148295,20.7332249991664,6.646428,0,0,0,40,4886,29.27225,1999.70202636719,,,,,,,,,,,,,0,,,,2.94613615,,,,,,31.40971945,,,,
,44280023.205,31.20944025,1999.70202636719,0.000127812295907427,2.67922772862626E-7,1,0.999253354069792,40.0298881530762,2.00303534405156,18.7599994242191,0.00144815221165148,0.000268054345291441,0.25,1.13682450814427E-6,0.000127189525488033,1.83147004382598E-6,31.1089001,31.3099804,1999.70202636719,1999.70202636719,61.3273552473719,20.7311478121004,6.273368,0,0,0,40,4886,29.0885,1999.70202636719,,,,,,,,,,,,,0,,,,2.9314206,,,,,,31.20944025,,,,
,44280024.345,31.0196791,1999.70202636719,0.00012815982510238,2.36376307040851E-7,1,0.999253354069792,40.0298881530762,2.00306090147184,18.7599994242191,0.00145246811421728,0.000266592769719287,0.25,9.49147855554925E-7,0.000127534269465747,1.64444061844202E-6,30.9304581,31.1089001,1999.70202636719,1999.70202636719,61.6501678258142,20.7322219443347,6.273368,0,0,0,40,4886,28.9091,1999.70202636719,,,,,,,,,,,,,0,,,,2.9314206,,,,,,31.0196791,,,,
,44280040.89,29.4515362,1999.70202636719,,,2,,,,18.8059997526407,,,,,,,29.4515362,29.4515362,1999.70202636719,1999.70202636719,,,6.273368,,,,-99999999,4886,29.8074,1999.70202636719,,,,,,,,,,,,,,,,,,,,,,,29.4515362,,,,
touchdown = 14.3999997526407 mm,44280055.4,30.6048985,1999.70202636719,0.000132772728820006,2.63358394965808E-7,1,0.999253354069792,40.0298881530762,1.99162205917209,18.7899991869926,0.00149694787000337,0.00027454413441684,0.25,9.37798581036254E-7,0.000132155816520064,1.68586564771024E-6,30.6048985,30.6048985,1999.70202636719,1999.70202636719,61.385195757795,20.7363839234018,6.646428,0,0,0,40,4886,30.96985,1999.70202636719,,,,,,,,,,,,,0,,,,2.9022818,,,,,,30.6048985,,,,
,44280056.09,30.6208296,1999.70202636719,0.000132255695411046,2.15765003049443E-7,1,0.999253354069792,40.0298881530762,1.99158509993394,18.7899991869926,0.00149030737083547,0.000277828292404401,0.25,1.32174862530485E-6,0.000131637515325696,2.06384540560694E-6,30.6048985,30.6367607,1999.70202636719,1999.70202636719,61.2280884254296,20.7358807065378,6.646428,0,0,0,40,4886,30.88035,1999.70202636719,,,,,,,,,,,,,0,,,,2.9022818,,,,,,30.6208296,,,,
,44280058.115,30.64236165,1999.70202636719,0.000132227125077949,1.92431195570014E-7,1,0.999253354069792,40.0298881530762,1.99160877852774,18.7899991869926,0.00149022310083481,0.000276297033201125,0.25,1.19431194392532E-6,0.000131606491042273,1.93395767578679E-6,30.6397896,30.6449337,1999.70202636719,1999.70202636719,61.5923273153911,20.7362755457638,6.273368,0,0,0,40,4886,30.6758,1999.70202636719,,,,,,,,,,,,,0,,,,2.8878572,,,,,,30.64236165,,,,
,44280059.71,30.6242943,1999.70202636719,0.000131841620791688,2.54770992524505E-7,1,0.999253354069792,40.0298881530762,1.99154744052008,18.7899991869926,0.00148544908852831,0.000277555151761235,0.25,1.37626852962477E-6,0.000131219972150122,2.11130994056752E-6,30.6242943,30.6242943,1999.70202636719,1999.70202636719,61.2874921928911,20.7356729681381,6.646428,0,0,0,40,4886,30.56175,1999.70202636719,,,,,,,,,,,,,0,,,,2.8878572,,,,,,30.6242943,,,,
,44280061.32,30.6052303,1999.70202636719,0.000131811273744905,2.63263505047035E-7,1,0.999253354069792,40.0298881530762,1.99167532042848,18.7899991869926,0.00148622883466414,0.00027156881608527,0.25,8.5115703002594E-7,0.000131191446356779,1.58733657058791E-6,30.6052303,30.6052303,1999.70202636719,1999.70202636719,61.2515372810065,20.7354041506205,6.646428,0,0,0,40,4886,30.4792,1999.70202636719,,,,,,,,,,,,,0,,,,2.8734326,,,,,,30.6052303,,,,
,44280062.985,30.5576744,1999.70202636719,0.00013147792357089,2.02468664294298E-7,1,0.999253354069792,40.0298881530762,1.99161394781519,18.7899991869926,0.00148193683491394,0.000273585234292223,0.25,1.09035343732876E-6,0.000130857247429874,1.82256630205321E-6,30.5576744,30.5576744,1999.70202636719,1999.70202636719,61.2999982491988,20.7373560256102,6.273368,0,0,0,40,4886,30.4077,1999.70202636719,,,,,,,,,,,,,0,,,,2.8734326,,,,,,30.5576744,,,,
,44280064.445,30.5334167,1999.70202636719,0.000131778727816174,2.29542194832984E-7,1,0.999253354069792,40.0298881530762,1.99160414804147,18.7899991869926,0.00148491092595254,0.000276489392688879,0.25,1.29554968225684E-6,0.000131154804884778,2.02785554756037E-6,30.5334167,30.5334167,1999.70202636719,1999.70202636719,61.4078629848527,20.7359721098591,6.273368,0,0,0,40,4886,30.36135,1999.70202636719,,,,,,,,,,,,,0,,,,2.9022818,,,,,,30.5334167,,,,
,44280066.115,30.4967556,1999.70202636719,0.000131992734010608,2.8410557002576E-7,1,0.999253354069792,40.0298881530762,1.9916546045208,18.7899991869926,0.00148796481673299,0.000273449950647471,0.25,9.88847654445417E-7,0.000131368779811361,1.72309303027682E-6,30.4846916,30.5088196,1999.70202636719,1999.70202636719,61.7197327640258,20.7365226648503,6.646428,0,0,0,40,4886,30.3104,1999.70202636719,,,,,,,,,,,,,0,,,,2.9022818,,,,,,30.4967556,,,,
,44280067.68,30.4643383,1999.70202636719,0.000131758560118547,2.44090686762139E-7,1,0.999253354069792,40.0298881530762,1.99163269239048,18.7899991869926,0.00148529780882015,0.000272993411006867,0.25,9.90454366724436E-7,0.000131135180798181,1.72289811453641E-6,30.4643383,30.4643383,1999.70202636719,1999.70202636719,61.3812876151988,20.7357584011186,6.646428,0,0,0,40,4886,30.2748,1999.70202636719,,,,,,,,,,,,,0,,,,2.8878572,,,,,,30.4643383,,,,
,44280069.11,30.4432068,1999.70202636719,0.000131796382231172,1.63514506285488E-7,1,0.999253354069792,40.0298881530762,1.99162106496359,18.7899991869926,0.00148609949684617,0.000270861511089202,0.25,7.95553575458889E-7,0.000131173470959029,1.52871016986904E-6,30.4432068,30.4432068,1999.70202636719,1999.70202636719,61.3125043055065,20.7349426213504,6.273368,0,0,0,40,4886,30.2443,1999.70202636719,,,,,,,,,,,,,0,,,,2.9022818,,,,,,30.4432068,,,,
,44280070.79,30.4011536,1999.70202636719,0.000132145066503519,2.71784031087065E-7,1,0.999253354069792,40.0298881530762,1.99161376875867,18.7899991869926,0.00148920829664186,0.000276193863724406,0.25,1.20714944562001E-6,0.000131517794894508,1.93991144166532E-6,30.4011536,30.4011536,1999.70202636719,1999.70202636719,61.412552755968,20.7367419126649,6.273368,0,0,0,40,4886,30.2139,1999.70202636719,,,,,,,,,,,,,0,,,,2.8734326,,,,,,30.4011536,,,,
,44280072.27,30.3806782,1999.70202636719,0.000131728289947345,2.4334224908765E-7,1,0.999253354069792,40.0298881530762,1.99165234639897,18.7899991869926,0.00148565215637057,0.00026898410557528,0.25,6.41667372274962E-7,0.000131105848175158,1.37448401235048E-6,30.3806782,30.3806782,1999.70202636719,1999.70202636719,61.4524158104488,20.7353921711265,6.646428,0,0,0,40,4886,30.1937,1999.70202636719,,,,,,,,,,,,,0,,,,2.8734326,,,,,,30.3806782,,,,
,44280073.895,30.3439732,1999.70202636719,0.000132040692166297,2.5332722128882E-7,1,0.999253354069792,40.0298881530762,1.99164542281855,18.7899991869926,0.00148777226541774,0.000277546355044531,0.25,1.34561885059745E-6,0.00013141257712215,2.07659800021913E-6,30.3439732,30.3439732,1999.70202636719,1999.70202636719,61.3734713300065,20.7360671218239,6.273368,0,0,0,40,4886,30.17335,1999.70202636719,,,,,,,,,,,,,0,,,,2.8734326,,,,,,30.3439732,,,,
,44280075.415,30.3251915,1999.70202636719,0.000132221278915749,2.44134831635007E-7,1,0.999253354069792,40.0298881530762,1.99171278724429,18.7899991869926,0.00149019448900959,0.000275982485586321,0.25,1.1749006756591E-6,0.000131592907188798,1.90735103371511E-6,30.3251915,30.3251915,1999.70202636719,1999.70202636719,61.4899339793719,20.7370403799813,6.646428,0,0,0,40,4886,30.14825,1999.70202636719,,,,,,,,,,,,,0,,,,2.8734326,,,,,,30.3251915,,,,
,44280077,30.2912884,1999.70202636719,0.000132320031621859,2.26085963619437E-7,1,0.999253354069792,40.0298881530762,1.991573955655,18.7899991869926,0.00149161271442901,0.000273859842702635,0.25,9.71331541388578E-7,0.00013169212959232,1.70508214104995E-6,30.2912884,30.2912884,1999.70202636719,1999.70202636719,61.0819238923334,20.7366804981952,6.273368,0,0,0,40,4886,30.1328,1999.70202636719,,,,,,,,,,,,,0,,,,2.8734326,,,,,,30.2912884,,,,
,44280078.58,30.276556,1999.70202636719,0.000132673045770424,2.7381335900073E-7,1,0.999253354069792,40.0298881530762,1.9916428735607,18.7899991869926,0.00149542261443589,0.00027581419210216,0.25,1.08200771190729E-6,0.000132042434566532,1.81680828747374E-6,30.276556,30.276556,1999.70202636719,1999.70202636719,61.3984834426219,20.7355925128808,6.273368,0,0,0,40,4886,30.1033,1999.70202636719,,,,,,,,,,,,,0,,,,2.9022818,,,,,,30.276556,,,,
,44280080.175,30.2510433,1999.70202636719,0.000132491129462782,2.73966124491384E-7,1,0.999253354069792,40.0298881530762,1.99167187682487,18.7899991869926,0.00149367717271298,0.000273805653260368,0.25,9.36077432036524E-7,0.000131861903792487,1.67027446637129E-6,30.2424335,30.2596531,1999.70202636719,1999.70202636719,61.3594020166603,20.7360045237194,6.646428,0,0,0,40,4886,30.0828,1999.70202636719,,,,,,,,,,,,,0,,,,2.8734326,,,,,,30.2510433,,,,
,44280080.89,30.2348375,1999.70202636719,0.000132275121938423,2.32228811305794E-7,1,0.999253354069792,40.0298881530762,1.99157865701635,18.7899991869926,0.00149117608239153,0.000273334312864313,0.25,9.33580205820164E-7,0.00013164679252729,1.66645056976951E-6,30.2272415,30.2424335,1999.70202636719,1999.70202636719,61.2327781965449,20.7353329776855,6.273368,0,0,0,40,4885,30.0728,1999.70202636719,,,,,,,,,,,,,0,,,,2.8878572,,,,,,30.2348375,,,,
,44280083.02,30.208889,1999.70202636719,0.000132513918951968,1.84505075353422E-7,1,0.999253354069792,40.0298881530762,1.99164904945062,18.7899991869926,0.00149338261486717,0.000276852699635688,0.25,1.20291421777777E-6,0.000131882537375413,1.93544139499294E-6,30.208889,30.208889,1999.70202636719,1999.70202636719,61.3625285307373,20.7367591823486,6.646428,0,0,0,40,4885,30.0427,1999.70202636719,,,,,,,,,,,,,0,,,,2.9022818,,,,,,30.208889,,,,
,44280083.715,30.200572,1999.70202636719,0.00013295613668394,2.22599780812146E-7,1,0.999253354069792,40.0298881530762,1.99171138924443,18.7899991869926,0.00149885352839896,0.00027526102892812,0.25,9.83498575788744E-7,0.000132323752812949,1.71939087084449E-6,30.192255,30.208889,1999.70202636719,1999.70202636719,61.3867590148334,20.7379026540799,6.273368,0,0,0,40,4885,30.03285,1999.70202636719,,,,,,,,,,,,,0,,,,2.9022818,,,,,,30.200572,,,,
,44280085.835,30.174696,1999.70202636719,0.000132575413144515,2.30975297643387E-7,1,0.999253354069792,40.0298881530762,1.99167817812281,18.7899991869926,0.00149487337400723,0.000272533250834916,0.25,8.09720061343526E-7,0.000131945365997329,1.54390730983302E-6,30.174696,30.174696,1999.70202636719,1999.70202636719,61.5094746923527,20.7355728736837,6.646428,0,0,0,40,4885,30.0027,1999.70202636719,,,,,,,,,,,,,0,,,,2.9022818,,,,,,30.174696,,,,
,44280087.575,30.1383457,1999.70202636719,0.00013254890631904,2.23328202230049E-7,1,0.999253354069792,40.0298881530762,1.99162969967524,18.7899991869926,0.00149392593624976,0.000275942613874848,0.25,1.11730737377121E-6,0.000131917007952721,1.84962790749253E-6,30.1383457,30.1383457,1999.70202636719,1999.70202636719,61.4946237504873,20.7386787721918,6.273368,0,0,0,40,4885,29.9827,1999.70202636719,,,,,,,,,,,,,0,,,,2.9022818,,,,,,30.1383457,,,,
,44280088.245,30.12953755,1999.70202636719,0.000133027409284173,2.87948038105936E-7,1,0.999253354069792,40.0298881530762,1.99163520269017,18.7899991869926,0.00149973537506561,0.000274582058538744,0.25,9.12725808195497E-7,0.00013239417602258,1.64847416909518E-6,30.1207294,30.1383457,1999.70202636719,1999.70202636719,61.4195874126411,20.7371501858685,6.273368,0,0,0,40,4885,29.96775,1999.70202636719,,,,,,,,,,,,,0,,,,2.8878572,,,,,,30.12953755,,,,
,44280089.46,30.1118326,1999.70202636719,0.000132734087143766,2.40299116058709E-7,1,0.999253354069792,40.0298881530762,1.99166514448114,18.7999997287989,0.00149625305757193,0.000275075574998655,0.25,1.00812052593313E-6,0.00013210135535174,1.74145346806822E-6,30.1029358,30.1207294,1999.70202636719,1999.70202636719,61.2796759076988,20.7380983355634,6.273368,0,0,0,40,4885,29.94285,1999.70202636719,,,,,,,,,,,,,0,,,,2.8734326,,,,,,30.1118326,,,,
,44280090.645,30.0942192,1999.70202636719,0.000132892526312257,2.60570222888605E-7,1,0.999253354069792,40.0298881530762,1.99156987562891,18.7899991869926,0.00149773975910332,0.000276680486813557,0.25,1.1239301216644E-6,0.000132258050562624,1.85726430253786E-6,30.0855026,30.1029358,1999.70202636719,1999.70202636719,61.4234955552373,20.7379589274996,6.273368,0,0,0,40,4885,29.918,1999.70202636719,,,,,,,,,,,,,0,,,,2.8878572,,,,,,30.0942192,,,,
,44280092.79,30.0501709,1999.70202636719,0.000133001506504886,2.39558231735355E-7,1,0.999253354069792,40.0298881530762,1.99166878694673,18.7899991869926,0.00149954322853523,0.000274013862812233,0.25,8.68052274405401E-7,0.000132367317648293,1.60260575394218E-6,30.0501709,30.0501709,1999.70202636719,1999.70202636719,61.3625285307373,20.7358181609532,6.646428,0,0,0,40,4885,29.8733,1999.70202636719,,,,,,,,,,,,,0,,,,2.8878572,,,,,,30.0501709,,,,
,44280094.375,30.0280399,1999.70202636719,0.000133110287984339,2.54493032069324E-7,1,0.999253354069792,40.0298881530762,1.99161209155828,18.7899991869926,0.00150127242611217,0.000271114794756232,0.25,5.93190767584258E-7,0.00013247669298628,1.32925447536301E-6,30.0280399,30.0280399,1999.70202636719,1999.70202636719,61.4813360656603,20.7360139397707,6.646428,0,0,0,40,4885,29.8436,1999.70202636719,,,,,,,,,,,,,0,,,,2.8734326,,,,,,30.0280399,,,,
,44280095.04,30.0192442,1999.70202636719,0.000133307024636562,2.16706809807509E-7,1,0.999253354069792,40.0298881530762,1.99161229619822,18.7899991869926,0.00150258007235186,0.00027668486489184,0.25,1.05220340392992E-6,0.00013266981268557,1.78705364699636E-6,30.0104485,30.0280399,1999.70202636719,1999.70202636719,61.4266220693142,20.7359713737333,6.273368,0,0,0,40,4885,29.8337,1999.70202636719,,,,,,,,,,,,,0,,,,2.8734326,,,,,,30.0192442,,,,
,44280097.25,29.968359,1999.70202636719,0.000133204260962759,2.61234321644573E-7,1,0.999253354069792,40.0298881530762,1.99166463354249,18.7899991869926,0.00150151444161391,0.000276139566132647,0.25,1.0218288133326E-6,0.000132567315123464,1.75585780464103E-6,29.968359,29.968359,1999.70202636719,1999.70202636719,61.5501193753527,20.7382725818114,6.273368,0,0,0,40,4885,29.804,1999.70202636719,,,,,,,,,,,,,0,,,,2.8734326,,,,,,29.968359,,,,
,44280098.755,29.9532204,1999.70202636719,0.000133247555402848,2.3348529571226E-7,1,0.999253354069792,40.0298881530762,1.99161221521666,18.7899991869926,0.00150154455346611,0.000278606397730752,0.25,1.23344931903404E-6,0.000132609172618208,1.96665046466376E-6,29.9532204,29.9532204,1999.70202636719,1999.70202636719,61.2788942791796,20.7350353350376,6.273368,0,0,0,40,4885,29.7991,1999.70202636719,,,,,,,,,,,,,0,,,,2.8734326,,,,,,29.9532204,,,,
,44280100.5,29.9188156,1999.70202636719,0.000133185375028251,2.10704688753186E-7,1,0.999253354069792,40.0298881530762,1.99167029751939,18.7899991869926,0.00150142143247917,0.000275441434926565,0.25,9.63303648632311E-7,0.000132548818435346,1.69744269029758E-6,29.9188156,29.9188156,1999.70202636719,1999.70202636719,61.1858804853911,20.7368724505378,6.646428,0,0,0,40,4885,29.79925,1999.70202636719,,,,,,,,,,,,,0,,,,2.8734326,,,,,,29.9188156,,,,
,44280102.015,29.9083366,1999.70202636719,0.00013302288083074,2.30026813510786E-7,1,0.999253354069792,40.0298881530762,1.99156429260323,18.7899991869926,0.00149955181551402,0.000274884009286598,0.25,9.43596360989357E-7,0.000132387354807559,1.67705640579925E-6,29.9083366,29.9083366,1999.70202636719,1999.70202636719,61.2359047106219,20.7363530281102,6.273368,0,0,0,40,4885,29.80895,1999.70202636719,,,,,,,,,,,,,0,,,,2.8591516,,,,,,29.9083366,,,,
,44280103.495,29.8966808,1999.70202636719,0.000133371295426179,2.10198906117979E-7,1,0.999253354069792,40.0298881530762,1.99164167685447,18.7899991869926,0.0015030652564415,0.000278299485490339,0.25,1.18372872892807E-6,0.000132733016614508,1.9181841005423E-6,29.8966808,29.8966808,1999.70202636719,1999.70202636719,61.4813360656603,20.7392982167647,6.273368,0,0,0,40,4885,29.82395,1999.70202636719,,,,,,,,,,,,,0,,,,2.8734326,,,,,,29.8966808,,,,
,44280104.245,29.88972565,1999.70202636719,0.000133149886529258,2.40934144700915E-7,1,0.999253354069792,40.0298881530762,1.99168204684806,18.7899991869926,0.00150097170990333,0.000275735255539354,0.25,9.94887909910131E-7,0.000132513855657878,1.7291410380977E-6,29.8827705,29.8966808,1999.70202636719,1999.70202636719,61.4657034952757,20.737329355988,6.273368,0,0,0,40,4885,29.83385,1999.70202636719,,,,,,,,,,,,,0,,,,2.8591516,,,,,,29.88972565,,,,
,44280106.375,29.8802547,1999.70202636719,0.00013339695108908,1.94378768483954E-7,1,0.999253354069792,40.0298881530762,1.99163496103296,18.7899991869926,0.00150375580719862,0.000276083648492885,0.25,9.82347553170963E-7,0.00013276026560887,1.71842799322899E-6,29.8802547,29.8802547,1999.70202636719,1999.70202636719,61.3734713300065,20.7374901829702,6.646428,0,0,0,40,4885,29.86355,1999.70202636719,,,,,,,,,,,,,0,,,,2.8448706,,,,,,29.8802547,,,,
,44280107.095,29.87976455,1999.70202636719,0.000133203895471727,2.72797736046406E-7,1,0.999253354069792,40.0298881530762,1.99165516293699,18.7899991869926,0.00150138267773014,0.000276897528035735,0.25,1.08803394187275E-6,0.000132567682841235,1.82267459953079E-6,29.8792744,29.8802547,1999.70202636719,1999.70202636719,61.3844141292757,20.7362067255859,6.273368,0,0,0,40,4885,29.87345,1999.70202636719,,,,,,,,,,,,,0,,,,2.8591516,,,,,,29.87976455,,,,
,44280108.35,29.8797789,1999.70202636719,0.000133007852018477,1.84649389895046E-7,1,0.999253354069792,40.0298881530762,1.99160875215303,18.7899991869926,0.00149902303373429,0.000277166051611281,0.25,1.14655931087275E-6,0.000132372529496044,1.88009561065629E-6,29.8792744,29.8802834,1999.70202636719,1999.70202636719,61.3977018141027,20.7376876475769,6.273368,0,0,0,40,4885,29.893,1999.70202636719,,,,,,,,,,,,,0,,,,2.8734326,,,,,,29.8797789,,,,
,44280110.655,29.8858738,1999.70202636719,0.000133178943622746,2.38788725925832E-7,1,0.999253354069792,40.0298881530762,1.99167535663958,18.7899991869926,0.00150064294677003,0.000279584595525059,0.25,1.32944463446643E-6,0.00013254223766004,2.06347339238225E-6,29.8858738,29.8858738,1999.70202636719,1999.70202636719,61.3969201855834,20.7384674737929,6.273368,0,0,0,40,4885,29.9233,1999.70202636719,,,,,,,,,,,,,0,,,,2.8448706,,,,,,29.8858738,,,,
,44280112.27,29.889843,1999.70202636719,0.0001331590881658,1.89349023964897E-7,1,0.999253354069792,40.0298881530762,1.99173004933518,18.7899991869926,0.0015008974236552,0.000277085089438437,0.25,1.11039035398971E-6,0.000132524125224703,1.84573786566534E-6,29.889843,29.889843,1999.70202636719,1999.70202636719,61.4172425270834,20.7354076508984,6.273368,0,0,0,40,4885,29.95265,1999.70202636719,,,,,,,,,,,,,0,,,,2.8448706,,,,,,29.889843,,,,
,44280113.815,29.9012985,1999.70202636719,0.000133654039035009,2.35075654301782E-7,1,0.999253354069792,40.0298881530762,1.9916794293572,18.7899991869926,0.00150731161093748,0.000273169165356819,0.25,6.76710705147036E-7,0.000133019368691838,1.41706381633559E-6,29.9012985,29.9012985,1999.70202636719,1999.70202636719,61.3234471047757,20.7370626775757,6.273368,0,0,0,40,4885,29.9679,1999.70202636719,,,,,,,,,,,,,0,,,,2.8448706,,,,,,29.9012985,,,,
,44280115.525,29.9074612,1999.70202636719,0.000133079294638272,2.33081532436557E-7,1,0.999253354069792,40.0298881530762,1.99163922281897,18.7899991869926,0.00150010293181769,0.000275969689052058,0.25,1.0261997230634E-6,0.000132445612263768,1.7619085742751E-6,29.9074612,29.9074612,1999.70202636719,1999.70202636719,61.3461143318334,20.7376106120562,6.273368,0,0,0,40,4885,29.983,1999.70202636719,,,,,,,,,,,,,0,,,,2.8734326,,,,,,29.9074612,,,,
,44280116.23,29.91519835,1999.70202636719,0.000133633925589625,2.34499197232663E-7,1,0.999253354069792,40.0298881530762,1.99165609054405,18.7899991869926,0.00150641668445275,0.000276849335053058,0.25,1.00615595510111E-6,0.000132997878031233,1.74517872014978E-6,29.9074612,29.9229355,1999.70202636719,1999.70202636719,61.375034587045,20.7365871528742,6.646428,0,0,0,40,4885,29.99285,1999.70202636719,,,,,,,,,,,,,0,,,,2.8734326,,,,,,29.91519835,,,,
,44280118.36,29.9296722,1999.70202636719,0.00013352275411943,1.93610395789828E-7,1,0.999253354069792,40.0298881530762,1.991634037776,18.7899991869926,0.00150504734359882,0.00027721438757509,0.25,1.05784776874164E-6,0.000132887373008026,1.79640725098593E-6,29.9296722,29.9296722,1999.70202636719,1999.70202636719,61.3101594199488,20.7364514760319,6.273368,0,0,0,40,4885,30.0224,1999.70202636719,,,,,,,,,,,,,0,,,,2.8591516,,,,,,29.9296722,,,,
,44280118.985,29.93365765,1999.70202636719,0.000133268439814782,2.33462927349145E-7,1,0.999253354069792,40.0298881530762,1.99162247396036,18.7899991869926,0.00150250834438634,0.000274776487822657,0.25,8.86759557178534E-7,0.000132635211311776,1.62471343659849E-6,29.9296722,29.9376431,1999.70202636719,1999.70202636719,61.2914003354873,20.7362217243263,6.646428,0,0,0,40,4885,30.0227,1999.70202636719,,,,,,,,,,,,,0,,,,2.8591516,,,,,,29.93365765,,,,
,44280120.125,29.94028855,1999.70202636719,0.000133236781606428,2.42058190565934E-7,1,0.999253354069792,40.0298881530762,1.99166345049199,18.7899991869926,0.00150215261980257,0.000274881898368166,0.25,9.01110893678136E-7,0.000132603693687692,1.63889021414173E-6,29.9376431,29.942934,1999.70202636719,1999.70202636719,61.3351715325642,20.736778346127,6.273368,0,0,0,40,4885,30.02785,1999.70202636719,,,,,,,,,,,,,0,,,,2.8591516,,,,,,29.94028855,,,,
,44280121.36,29.9465227,1999.70202636719,0.000133284397444526,2.50013606919758E-7,1,0.999253354069792,40.0298881530762,1.99171385234022,18.7899991869926,0.0015025248781708,0.000276132206866754,0.25,1.00282955040007E-6,0.000132650585694852,1.74046000945267E-6,29.942934,29.9501114,1999.70202636719,1999.70202636719,61.3062512773526,20.7376539802162,6.646428,0,0,0,40,4885,30.0327,1999.70202636719,,,,,,,,,,,,,0,,,,2.8591516,,,,,,29.9465227,,,,
,44280123.445,29.9612045,1999.70202636719,0.000133262764928454,2.1290325792355E-7,1,0.999253354069792,40.0298881530762,1.99161695759325,18.7899991869926,0.0015022099279841,0.000276091550083492,0.25,1.00401516070669E-6,0.000132629180875504,1.74165046096302E-6,29.9612045,29.9612045,1999.70202636719,1999.70202636719,61.3281368758911,20.7395894928192,6.646428,0,0,0,40,4885,30.0424,1999.70202636719,,,,,,,,,,,,,0,,,,2.8591516,,,,,,29.9612045,,,,
,44280124.875,29.9660511,1999.70202636719,0.000133219777870908,2.23710310296982E-7,1,0.999253354069792,40.0298881530762,1.99168257947002,18.7899991869926,0.00150179735986172,0.000275870006590215,0.25,9.91182578938012E-7,0.000132586468015933,1.72864288090314E-6,29.9660511,29.9660511,1999.70202636719,1999.70202636719,61.6337536269103,20.7372245479021,6.273368,0,0,0,40,4885,30.0427,1999.70202636719,,,,,,,,,,,,,0,,,,2.8734326,,,,,,29.9660511,,,,
,44280125.61,29.9695902,1999.70202636719,0.000133043725255091,2.25600264324811E-7,1,0.999253354069792,40.0298881530762,1.99170904163127,18.7899991869926,0.00149973577517113,0.000276048683696985,0.25,1.03777078625508E-6,0.000132410907410263,1.77396326771692E-6,29.9660511,29.9731293,1999.70202636719,1999.70202636719,61.4578872100834,20.7366008161477,6.273368,0,0,0,40,4885,30.0377,1999.70202636719,,,,,,,,,,,,,0,,,,2.8591516,,,,,,29.9695902,,,,
,44280126.845,29.97486595,1999.70202636719,0.000133185737893565,2.10814014245445E-7,1,0.999253354069792,40.0298881530762,1.99163682125204,18.7899991869926,0.00150162841648657,0.000274375822475636,0.25,8.65498282939068E-7,0.000132553130548047,1.60322622784331E-6,29.9731293,29.9766026,1999.70202636719,1999.70202636719,61.504003292718,20.7367695237963,6.273368,0,0,0,40,4885,30.0327,1999.70202636719,,,,,,,,,,,,,0,,,,2.8448706,,,,,,29.97486595,,,,
,44280128.825,29.9784126,1999.70202636719,0.000133040393094363,2.1894729732025E-7,1,0.999253354069792,40.0298881530762,1.99168845744147,18.7999997287989,0.00149971999875547,0.00027581598492163,0.25,1.01822421322892E-6,0.000132407469622964,1.75428986696316E-6,29.9784126,29.9784126,1999.70202636719,1999.70202636719,61.3359531610834,20.7366251592938,6.646428,0,0,0,40,4885,30.02285,1999.70202636719,,,,,,,,,,,,,0,,,,2.8734326,,,,,,29.9784126,,,,
,44280129.555,29.97888085,1999.70202636719,0.000133355971216221,2.22729379183113E-7,1,0.999253354069792,40.0298881530762,1.99168149620848,18.7899991869926,0.00150303609521018,0.000277811684895378,0.25,1.13956403235951E-6,0.000132720881492113,1.8768129334327E-6,29.9784126,29.9793491,1999.70202636719,1999.70202636719,61.3812876151988,20.737016331254,6.646428,0,0,0,40,4885,30.0227,1999.70202636719,,,,,,,,,,,,,0,,,,2.8734326,,,,,,29.97888085,,,,
,44280130.89,29.9789724,1999.70202636719,0.000132994726385216,2.50398332554573E-7,1,0.999253354069792,40.0298881530762,1.99169857364235,18.7899991869926,0.00149885941947297,0.000277723332016265,0.25,1.19519919756682E-6,0.00013236095530796,1.93010665151442E-6,29.9785957,29.9793491,1999.70202636719,1999.70202636719,61.1843172283526,20.7357376057022,6.273368,0,0,0,40,4885,30.0177,1999.70202636719,,,,,,,,,,,,,0,,,,2.8591516,,,,,,29.9789724,,,,
,44280132.235,29.9778347,1999.70202636719,0.000133502386567211,2.08501804744035E-7,1,0.999253354069792,40.0298881530762,1.99166273252726,18.7899991869926,0.00150456784080664,0.000278695654256396,0.25,1.19256933455874E-6,0.000132866087624797,1.93018058945881E-6,29.9770737,29.9785957,1999.70202636719,1999.70202636719,61.4406913826604,20.7371015236228,6.646428,0,0,0,40,4885,30.0077,1999.70202636719,,,,,,,,,,,,,0,,,,2.8448706,,,,,,29.9778347,,,,
,44280133.535,29.9759312,1999.70202636719,0.000133502816004214,1.7636818599751E-7,1,0.999253354069792,40.0298881530762,1.99172349726819,18.7999997287989,0.00150487701199188,0.00027721427143193,0.25,1.0607023871868E-6,0.000132867101170721,1.79880286516422E-6,29.9747887,29.9770737,1999.70202636719,1999.70202636719,61.3164124481026,20.7379412841215,6.646428,0,0,0,40,4885,29.9977,1999.70202636719,,,,,,,,,,,,,0,,,,2.8448706,,,,,,29.9759312,,,,
,44280135.57,29.9721451,1999.70202636719,0.000133313035274591,2.50251114386503E-7,1,0.999253354069792,40.0298881530762,1.99163075054406,18.7899991869926,0.00150263320024056,0.000277018271139443,0.25,1.07791092900573E-6,0.000132678048693015,1.81480646256988E-6,29.9721451,29.9721451,1999.70202636719,1999.70202636719,61.2992166206796,20.733935069778,6.273368,0,0,0,40,4885,29.9927,1999.70202636719,,,,,,,,,,,,,0,,,,2.8591516,,,,,,29.9721451,,,,
,44280137.015,29.96776005,1999.70202636719,0.000133506414884963,2.75398716251095E-7,1,0.999253354069792,40.0298881530762,1.99163736205585,18.7899991869926,0.0015048851723383,0.000277027533407265,0.25,1.04477825288153E-6,0.000132870554785545,1.78277147006085E-6,29.9662933,29.9692268,1999.70202636719,1999.70202636719,61.4907156078911,20.7350768262311,6.646428,0,0,0,40,4885,29.9827,1999.70202636719,,,,,,,,,,,,,0,,,,2.8734326,,,,,,29.96776005,,,,
,44280138.475,29.9635868,1999.70202636719,0.000133289134578129,2.72081523090439E-7,1,0.999253354069792,40.0298881530762,1.99169619288784,18.7899991869926,0.00150306424763118,0.000273245524517016,0.25,7.47439343931761E-7,0.000132655808849361,1.48549236535402E-6,29.9635868,29.9635868,1999.70202636719,1999.70202636719,61.5892008013142,20.7341134558457,5.900308,0,0,0,40,4885,29.9727,1999.70202636719,,,,,,,,,,,,,0,,,,2.8448706,,,,,,29.9635868,,,,
,44280140.055,29.9606514,1999.70202636719,0.000133384228588509,2.21078797337847E-7,1,0.999253354069792,40.0298881530762,1.99173536633312,18.7899991869926,0.0015035508561914,0.000276933938892047,0.25,1.05700129781433E-6,0.000132748734321691,1.794122198762E-6,29.9606514,29.9606514,1999.70202636719,1999.70202636719,61.6767431954681,20.7361216055757,6.273368,0,0,0,40,4885,29.9727,1999.70202636719,,,,,,,,,,,,,0,,,,2.8448706,,,,,,29.9606514,,,,
,44280141.52,29.954567,1999.70202636719,0.000133408189037434,2.21791513684191E-7,1,0.999253354069792,40.0298881530762,1.99169555635991,18.7899991869926,0.00150433465435939,0.000273897299723677,0.25,7.842322916469E-7,0.00013277410476227,1.52277411557912E-6,29.954567,29.954567,1999.70202636719,1999.70202636719,61.4539790674873,20.736980535439,6.646428,0,0,0,40,4885,29.9727,1999.70202636719,,,,,,,,,,,,,0,,,,2.8448706,,,,,,29.954567,,,,
,44280142.965,29.9522324,1999.70202636719,0.000133415525338843,2.215698923295E-7,1,0.999253354069792,40.0298881530762,1.99163850145301,18.7999997287989,0.00150400288409652,0.000276026672723583,0.25,9.72251118920866E-7,0.000132780362458342,1.70994628963742E-6,29.9522324,29.9522324,1999.70202636719,1999.70202636719,61.4141160130065,20.7361223360258,6.273368,0,0,0,40,4885,29.9727,1999.70202636719,,,,,,,,,,,,,0,,,,2.8448706,,,,,,29.9522324,,,,
,44280143.62,29.9500666,1999.70202636719,0.000133203285696977,2.38858919540824E-7,1,0.999253354069792,40.0298881530762,1.99169759011441,18.7899991869926,0.0015015918050135,0.000275941763059562,0.25,1.0013923878801E-6,0.000132568964454997,1.73776919186176E-6,29.9479008,29.9522324,1999.70202636719,1999.70202636719,61.3250103618142,20.7355466400606,6.646428,0,0,0,40,4885,29.9727,1999.70202636719,,,,,,,,,,,,,0,,,,2.8448706,,,,,,29.9500666,,,,
,44280144.815,29.94703485,1999.70202636719,0.000133323476465629,2.14211114431112E-7,1,0.999253354069792,40.0298881530762,1.99165466622669,18.7899991869926,0.00150263922842097,0.000277756847366405,0.25,1.14154266435774E-6,0.000132687810872359,1.87792667164014E-6,29.9461689,29.9479008,1999.70202636719,1999.70202636719,61.463358609718,20.7375927474619,6.273368,0,0,0,40,4885,29.9727,1999.70202636719,,,,,,,,,,,,,0,,,,2.8591516,,,,,,29.94703485,,,,
,44280146.75,29.9446354,1999.70202636719,0.000133534986341434,2.30677774114678E-7,1,0.999253354069792,40.0298881530762,1.99168255599982,18.7899991869926,0.00150505855457228,0.000278123572514361,0.25,1.13631915427645E-6,0.000132898498398443,1.87403560356759E-6,29.9446354,29.9446354,1999.70202636719,1999.70202636719,61.331263389968,20.7368837802838,6.273368,0,0,0,40,4885,29.9824,1999.70202636719,,,,,,,,,,,,,0,,,,2.8734326,,,,,,29.9446354,,,,
,44280147.455,29.9441929,1999.70202636719,0.000133376655113356,2.70058576559803E-7,1,0.999253354069792,40.0298881530762,1.99167604491821,18.7899991869926,0.00150309393382025,0.000278789535063387,0.25,1.22326175805478E-6,0.000132740430942302,1.95968686067217E-6,29.9437504,29.9446354,1999.70202636719,1999.70202636719,61.4539790674873,20.7360984711936,6.646428,0,0,0,40,4885,29.9824,1999.70202636719,,,,,,,,,,,,,0,,,,2.8734326,,,,,,29.9441929,,,,
,44280148.735,29.943594,1999.70202636719,0.000133448828853695,2.34649437910453E-7,1,0.999253354069792,40.0298881530762,1.99169455847637,18.7899991869926,0.00150425215668087,0.000277059402205621,0.25,1.05706368655026E-6,0.000132813191706139,1.79467674785372E-6,29.9434376,29.9437504,1999.70202636719,1999.70202636719,61.6407882835834,20.7369143991542,6.646428,0,0,0,40,4885,29.98255,1999.70202636719,,,,,,,,,,,,,0,,,,2.8734326,,,,,,29.943594,,,,
,44280149.995,29.94361305,1999.70202636719,0.000133364000366704,2.09617070088277E-7,1,0.999253354069792,40.0298881530762,1.99164078940455,18.7999997287989,0.00150348093896053,0.000275610548499299,0.25,9.44184355432931E-7,0.000132729468590085,1.68192743302125E-6,29.9434376,29.9437885,1999.70202636719,1999.70202636719,61.334389904045,20.7371388404247,6.646428,0,0,0,40,4885,29.9877,1999.70202636719,,,,,,,,,,,,,0,,,,2.8734326,,,,,,29.94361305,,,,
,44280151.13,29.94415855,1999.70202636719,0.000133242210415362,2.27752040001124E-7,1,0.999253354069792,40.0298881530762,1.99165167058437,18.7899991869926,0.00150155257716707,0.000278565012463111,0.25,1.22715586825779E-6,0.000132606752544907,1.96295342860345E-6,29.9437885,29.9445286,1999.70202636719,1999.70202636719,61.7041001936411,20.7371229998264,6.273368,0,0,0,40,4885,29.9927,1999.70202636719,,,,,,,,,,,,,0,,,,2.8591516,,,,,,29.94415855,,,,
,44280153.22,29.9474525,1999.70202636719,0.000133107843057342,2.2782904804665E-7,1,0.999253354069792,40.0298881530762,1.99166265730879,18.7899991869926,0.0015000230977452,0.000278426746689445,0.25,1.23826588745023E-6,0.000132473103337184,1.97339803434926E-6,29.9474525,29.9474525,1999.70202636719,1999.70202636719,61.4578872100834,20.7362241098396,6.646428,0,0,0,40,4885,30.0027,1999.70202636719,,,,,,,,,,,,,0,,,,2.8734326,,,,,,29.9474525,,,,
,44280154.725,29.9494171,1999.70202636719,0.000132992580673382,2.08897193755763E-7,1,0.999253354069792,40.0298881530762,1.99169601070708,18.7899991869926,0.00149933080661519,0.00027488926547895,0.25,9.44611605111559E-7,0.000132360166884894,1.68062175255222E-6,29.9494171,29.9494171,1999.70202636719,1999.70202636719,61.371908072968,20.7359690289695,6.646428,0,0,0,40,4885,30.0127,1999.70202636719,,,,,,,,,,,,,0,,,,2.8448706,,,,,,29.9494171,,,,
,44280156.395,29.9545174,1999.70202636719,0.000133437779518208,2.45181115321395E-7,1,0.999253354069792,40.0298881530762,1.99165368630516,18.7899991869926,0.00150477073456155,0.000273249444990383,0.25,7.21309900491296E-7,0.000132804655206091,1.46098658610388E-6,29.9545174,29.9545174,1999.70202636719,1999.70202636719,61.1819723427949,20.7357167697899,6.646428,0,0,0,40,4885,30.0227,1999.70202636719,,,,,,,,,,,,,0,,,,2.8734326,,,,,,29.9545174,,,,
,44280157.13,29.95574095,1999.70202636719,0.000133747548049103,2.15375616753994E-7,1,0.999253354069792,40.0298881530762,1.99159133405417,18.7899991869926,0.00150732129167429,0.000278975699820202,0.25,1.17482612124842E-6,0.000133110436688146,1.91408965095153E-6,29.9545174,29.9569645,1999.70202636719,1999.70202636719,61.3773794726026,20.7357926392485,6.646428,0,0,0,40,4885,30.0227,1999.70202636719,,,,,,,,,,,,,0,,,,2.8734326,,,,,,29.95574095,,,,
,44280159.345,29.9623871,1999.70202636719,0.000133038702115875,2.32831295321383E-7,1,0.999253354069792,40.0298881530762,1.99166644138818,18.7899991869926,0.00149946198743046,0.000277088184809049,0.25,1.131323882898E-6,0.000132405318491656,1.86698003716785E-6,29.9623871,29.9623871,1999.70202636719,1999.70202636719,61.5626254316604,20.737015290916,6.273368,0,0,0,40,4885,30.0327,1999.70202636719,,,,,,,,,,,,,0,,,,2.8448706,,,,,,29.9623871,,,,
,44280160.085,29.96383,1999.70202636719,0.000133297399849143,2.21214689607559E-7,1,0.999253354069792,40.0298881530762,1.99160829352813,18.7899991869926,0.00150265540351684,0.000275804112798065,0.25,9.72712422753303E-7,0.000132663678965939,1.71055705544422E-6,29.9623871,29.9652729,1999.70202636719,1999.70202636719,61.3101594199488,20.7367520428551,6.273368,0,0,0,40,4885,30.0327,1999.70202636719,,,,,,,,,,,,,0,,,,2.8591516,,,,,,29.96383,,,,
,44280162.345,29.968235,1999.70202636719,0.000133107125584255,2.7611370314598E-7,1,0.999253354069792,40.0298881530762,1.99164905727923,18.7899991869926,0.00150048442891978,0.000275739378366707,0.25,9.99835409204273E-7,0.000132474291927647,1.73662330347567E-6,29.968235,29.968235,1999.70202636719,1999.70202636719,61.4391281256219,20.7370212857486,6.646428,0,0,0,40,4885,30.0424,1999.70202636719,,,,,,,,,,,,,0,,,,2.8591516,,,,,,29.968235,,,,
,44280163.1,29.97090815,1999.70202636719,0.000132961363492498,2.57924834835181E-7,1,0.999253354069792,40.0298881530762,1.99165545900432,18.7899991869926,0.00149847241383043,0.000277560073264951,0.25,1.18671332044123E-6,0.000132328175536439,1.92181055230409E-6,29.968235,29.9735813,1999.70202636719,1999.70202636719,61.4281853263527,20.7358514746371,6.646428,0,0,0,40,4885,30.04255,1999.70202636719,,,,,,,,,,,,,0,,,,2.8591516,,,,,,29.97090815,,,,
,44280164.36,29.9747305,1999.70202636719,0.000133063870909978,2.39370836043253E-7,1,0.999253354069792,40.0298881530762,1.99168277731965,18.7899991869926,0.00150021211686322,0.000274568362087293,0.25,9.03312068148635E-7,0.000132431775197633,1.64031581815423E-6,29.9735813,29.9758797,1999.70202636719,1999.70202636719,61.1874437424296,20.7375010791831,6.273368,0,0,0,40,4885,30.04255,1999.70202636719,,,,,,,,,,,,,0,,,,2.8734326,,,,,,29.9747305,,,,
,44280165.51,29.9766159,1999.70202636719,0.000133142156869476,2.51635848597587E-7,1,0.999253354069792,40.0298881530762,1.99166872257949,18.7899991869926,0.00150025360486168,0.000279444436752661,0.25,1.32175546563815E-6,0.00013250728468619,2.05715568000281E-6,29.9758797,29.9773521,1999.70202636719,1999.70202636719,61.5548091464681,20.7361232159928,6.273368,0,0,0,40,4885,30.03755,1999.70202636719,,,,,,,,,,,,,0,,,,2.8734326,,,,,,29.9766159,,,,
,44280166.65,29.97790335,1999.70202636719,0.000133323562603383,2.45572981294815E-7,1,0.999253354069792,40.0298881530762,1.99169491388974,18.7899991869926,0.00150313848987837,0.000275158666208148,0.25,9.09838329955053E-7,0.000132690128744126,1.64819039660178E-6,29.9773521,29.9784546,1999.70202636719,1999.70202636719,61.4547606960065,20.7377355807769,6.273368,0,0,0,40,4885,30.03755,1999.70202636719,,,,,,,,,,,,,0,,,,2.8734326,,,,,,29.97790335,,,,
,44280167.725,29.9789982,1999.70202636719,0.00013340031420894,2.44383191511091E-7,1,0.999253354069792,40.0298881530762,1.99165787203586,18.7899991869926,0.00150398244362029,0.000275282082919561,0.25,9.07695118273267E-7,0.000132766529562716,1.64648479636265E-6,29.9784546,29.9795418,1999.70202636719,1999.70202636719,61.3570571311027,20.7379428624159,6.646428,0,0,0,40,4885,30.03755,1999.70202636719,,,,,,,,,,,,,0,,,,2.8734326,,,,,,29.9789982,,,,
,44280168.81,29.97979735,1999.70202636719,0.000132815469502926,1.85426576494395E-7,1,0.999253354069792,40.0298881530762,1.99169187440376,18.7999997287989,0.00149702812588981,0.000276257282683256,0.25,1.09679008508651E-6,0.000132183240128622,1.83129808803345E-6,29.9795418,29.9800529,1999.70202636719,1999.70202636719,61.4602320956411,20.7356547239302,6.646428,0,0,0,40,4885,30.0277,1999.70202636719,,,,,,,,,,,,,0,,,,2.8591516,,,,,,29.97979735,,,,
,44280169.985,29.9800758,1999.70202636719,0.000133033854482807,2.65294899563699E-7,1,0.999253354069792,40.0298881530762,1.99157688498198,18.7899991869926,0.00149926317494617,0.000277509219578139,0.25,1.17069521411509E-6,0.00013240010903156,1.90600354609532E-6,29.9800529,29.9800987,1999.70202636719,1999.70202636719,61.4782095515834,20.7383849745199,6.273368,0,0,0,40,4885,30.0227,1999.70202636719,,,,,,,,,,,,,0,,,,2.8448706,,,,,,29.9800758,,,,
,44280171.18,29.9794235,1999.70202636719,0.000133194856586756,2.69870965857782E-7,1,0.999253354069792,40.0298881530762,1.99161615643273,18.7899991869926,0.00150139437728669,0.000276211041399965,0.25,1.02688457130458E-6,0.000132561153473522,1.76376752271871E-6,29.9787483,29.9800987,1999.70202636719,1999.70202636719,61.5079114353142,20.7373301355075,6.273368,0,0,0,40,4885,30.0227,1999.70202636719,,,,,,,,,,,,,0,,,,2.8591516,,,,,,29.9794235,,,,
,44280173.415,29.9775791,1999.70202636719,0.000133262877689541,2.52500149496513E-7,1,0.999253354069792,40.0298881530762,1.9916302484146,18.7899991869926,0.00150236910210417,0.000275219991975979,0.25,9.27107959088575E-7,0.000132629261342392,1.66470526669578E-6,29.9775791,29.9775791,1999.70202636719,1999.70202636719,61.5321419194104,20.7357373480689,6.273368,0,0,0,40,4885,30.0127,1999.70202636719,,,,,,,,,,,,,0,,,,2.8448706,,,,,,29.9775791,,,,
,44280174.155,29.97619055,1999.70202636719,0.00013307548479022,2.43978037376187E-7,1,0.999253354069792,40.0298881530762,1.99171086408882,18.7899991869926,0.00149993793935826,0.000276977489055593,0.25,1.11492449590901E-6,0.00013244163530011,1.85052735075175E-6,29.974802,29.9775791,1999.70202636719,1999.70202636719,61.4985318930834,20.7373785100554,6.646428,0,0,0,40,4885,30.00785,1999.70202636719,,,,,,,,,,,,,0,,,,2.8448706,,,,,,29.97619055,,,,
,44280175.45,29.9739027,1999.70202636719,0.000133263213812118,2.10150125277291E-7,1,0.999253354069792,40.0298881530762,1.99161568177353,18.7899991869926,0.00150214856719754,0.000276424153626926,0.25,1.03405830886532E-6,0.000132628856414717,1.77102027642386E-6,29.9730034,29.974802,1999.70202636719,1999.70202636719,61.4711748949103,20.7387177884382,6.646428,0,0,0,40,4885,30.00285,1999.70202636719,,,,,,,,,,,,,0,,,,2.8448706,,,,,,29.9739027,,,,
,44280177.455,29.9710007,1999.70202636719,0.000133496313001448,2.38335724683915E-7,1,0.999253354069792,40.0298881530762,1.99169423595154,18.7899991869926,0.00150505086883539,0.000275678212330783,0.25,9.26028902785113E-7,0.000132861457819967,1.66479605096522E-6,29.9710007,29.9710007,1999.70202636719,1999.70202636719,61.8619891545258,20.7364540508144,6.646428,0,0,0,40,4885,30.0027,1999.70202636719,,,,,,,,,,,,,0,,,,2.8448706,,,,,,29.9710007,,,,
,44280178.97,29.9686413,1999.70202636719,0.000133422328047725,2.23367050711181E-7,1,0.999253354069792,40.0298881530762,1.99168920802023,18.7899991869926,0.00150381634428754,0.000277778998639145,0.25,1.12522440034346E-6,0.000132786710630649,1.86263606940463E-6,29.9686413,29.9686413,1999.70202636719,1999.70202636719,61.310941048468,20.7379315716371,6.646428,0,0,0,40,4885,30.0024,1999.70202636719,,,,,,,,,,,,,0,,,,2.8448706,,,,,,29.9686413,,,,
,44280180.49,29.9647217,1999.70202636719,0.000133116470115147,2.6517599264471E-7,1,0.999253354069792,40.0298881530762,1.99156801299844,18.7899991869926,0.0015000414032167,0.000278483543101515,0.25,1.24306068518885E-6,0.000132481498458601,1.97808309769919E-6,29.9647217,29.9647217,1999.70202636719,1999.70202636719,61.3930120429873,20.7361804903082,6.646428,0,0,0,40,4885,29.9927,1999.70202636719,,,,,,,,,,,,,0,,,,2.8307313,,,,,,29.9647217,,,,
,44280181.14,29.96372605,1999.70202636719,0.000133329881174713,2.32782214705423E-7,1,0.999253354069792,40.0298881530762,1.99164505290891,18.7899991869926,0.00150301041608175,0.000276054580733051,0.25,9.89322405581386E-7,0.000132695388252791,1.72679515403296E-6,29.9627304,29.9647217,1999.70202636719,1999.70202636719,61.3961385570642,20.73663953076,6.646428,0,0,0,40,4885,29.99755,1999.70202636719,,,,,,,,,,,,,0,,,,2.8307313,,,,,,29.96372605,,,,
,44280182.4,29.96196365,1999.70202636719,0.000133293545206303,2.09504574367014E-7,1,0.999253354069792,40.0298881530762,1.99159430555469,18.7899991869926,0.00150254294312769,0.000276094178006261,0.25,9.99819574743245E-7,0.0001326591668588,1.73704057037616E-6,29.9611969,29.9627304,1999.70202636719,1999.70202636719,61.229651682468,20.7348270147664,6.273368,0,0,0,40,4885,29.99755,1999.70202636719,,,,,,,,,,,,,0,,,,2.8307313,,,,,,29.96196365,,,,
,44280184.6,29.9590836,1999.70202636719,0.000133260447575249,2.29271790582286E-7,1,0.999253354069792,40.0298881530762,1.99169839055845,18.7899991869926,0.00150255833618742,0.0002742626046521,0.25,8.42083409908984E-7,0.000132627183004615,1.57993366136737E-6,29.9590836,29.9590836,1999.70202636719,1999.70202636719,61.4641402382373,20.7376317089677,6.273368,0,0,0,40,4885,30.0027,1999.70202636719,,,,,,,,,,,,,0,,,,2.816592,,,,,,29.9590836,,,,
,44280186.275,29.9584446,1999.70202636719,0.000133265989414815,2.70469015801176E-7,1,0.999253354069792,40.0298881530762,1.9916588604379,18.7999997287989,0.00150276552010625,0.000273285260698879,0.25,7.54982589889562E-7,0.000132633184144464,1.49327454397865E-6,29.9584446,29.9584446,1999.70202636719,1999.70202636719,61.3945753000257,20.7398096026979,6.273368,0,0,0,40,4885,30.0027,1999.70202636719,,,,,,,,,,,,,0,,,,2.8448706,,,,,,29.9584446,,,,
,44280186.96,29.95801165,1999.70202636719,0.000133445877604819,2.69776112137087E-7,1,0.999253354069792,40.0298881530762,1.99164485108308,18.7899991869926,0.00150529363609181,0.000270756422687894,0.25,4.99446518403634E-7,0.000132813646705409,1.23994519994099E-6,29.9575787,29.9584446,1999.70202636719,1999.70202636719,61.3953569285449,20.7370891007042,6.646428,0,0,0,40,4885,30.0027,1999.70202636719,,,,,,,,,,,,,0,,,,2.8448706,,,,,,29.95801165,,,,
,44280188.2,29.9576607,1999.70202636719,0.000133329505927175,2.50256159722365E-7,1,0.999253354069792,40.0298881530762,1.99171552121814,18.7899991869926,0.0015031526529921,0.000275524423731368,0.25,9.41513288291865E-7,0.000132695363399824,1.67927898246422E-6,29.9575787,29.9577427,1999.70202636719,1999.70202636719,61.6259373417181,20.7371609442522,6.646428,0,0,0,40,4885,30.0027,1999.70202636719,,,,,,,,,,,,,0,,,,2.8591516,,,,,,29.9576607,,,,
,44280189.43,29.9578924,1999.70202636719,0.000133366269955579,2.31357572414736E-7,1,0.999253354069792,40.0298881530762,1.99160749435722,18.7899991869926,0.00150355701204844,0.000275206870554089,0.25,9.08092790316761E-7,0.000132732212479935,1.64628617962512E-6,29.9577427,29.9580421,1999.70202636719,1999.70202636719,61.4445995252565,20.7370981160697,6.646428,0,0,0,40,4885,30.00755,1999.70202636719,,,,,,,,,,,,,0,,,,2.8734326,,,,,,29.9578924,,,,
,44280191.58,29.9590454,1999.70202636719,0.000133375791701449,2.52352586365684E-7,1,0.999253354069792,40.0298881530762,1.99161360443182,18.7899991869926,0.00150373705263627,0.000274844377757939,0.25,8.74148043600341E-7,0.000132741954443079,1.61262398076944E-6,29.9590454,29.9590454,1999.70202636719,1999.70202636719,61.4289669548719,20.7350440408022,6.273368,0,0,0,40,4885,30.0127,1999.70202636719,,,,,,,,,,,,,0,,,,2.8448706,,,,,,29.9590454,,,,
,44280193.07,29.9599152,1999.70202636719,0.000133197430588003,2.42809595750045E-7,1,0.999253354069792,40.0298881530762,1.99170165569068,18.7999997287989,0.00150144424414696,0.000276449408115043,0.25,1.04670535679397E-6,0.000132563472907721,1.78337447831266E-6,29.9599152,29.9599152,1999.70202636719,1999.70202636719,61.1522704590642,20.7374439696389,6.273368,0,0,0,40,4885,30.0127,1999.70202636719,,,,,,,,,,,,,0,,,,2.8307313,,,,,,29.9599152,,,,
,44280193.815,29.9604044,1999.70202636719,0.00013313510428084,2.5903399940013E-7,1,0.999253354069792,40.0298881530762,1.99170324858168,18.7899991869926,0.00150046146442771,0.000277923778407396,0.25,1.18819071502345E-6,0.000132500727013945,1.92391311339738E-6,29.9599152,29.9608936,1999.70202636719,1999.70202636719,61.3898855289103,20.7380976622336,6.646428,0,0,0,40,4885,30.0177,1999.70202636719,,,,,,,,,,,,,0,,,,2.8307313,,,,,,29.9604044,,,,
,44280195.055,29.96149155,1999.70202636719,0.000133264937353345,1.64812675914806E-7,1,0.999253354069792,40.0298881530762,1.99162628601724,18.7899991869926,0.0015024092655011,0.000275122240673223,0.25,9.17967597548014E-7,0.000132631526511962,1.65575453042947E-6,29.9608936,29.9620895,1999.70202636719,1999.70202636719,61.3992650711411,20.7379642111164,6.273368,0,0,0,40,4885,30.0227,1999.70202636719,,,,,,,,,,,,,0,,,,2.8307313,,,,,,29.96149155,,,,
,44280197.275,29.9651928,1999.70202636719,0.000133072833143523,1.77137891026684E-7,1,0.999253354069792,40.0298881530762,1.99160461823697,18.7899991869926,0.00150012940012239,0.000275282513164708,0.25,9.66232499591008E-7,0.000132440055904914,1.70272206288869E-6,29.9651928,29.9651928,1999.70202636719,1999.70202636719,61.5712233453719,20.7385357677478,6.273368,0,0,0,40,4885,30.0227,1999.70202636719,,,,,,,,,,,,,0,,,,2.8591516,,,,,,29.9651928,,,,
,44280197.995,29.96595,1999.70202636719,0.000133278513177083,2.542126409419E-7,1,0.999253354069792,40.0298881530762,1.99161877236302,18.7899991869926,0.00150224091842617,0.000276944488549732,0.25,1.07710356979945E-6,0.00013264415037632,1.81421780224603E-6,29.9651928,29.9667072,1999.70202636719,1999.70202636719,61.4305302119103,20.7365022298683,6.646428,0,0,0,40,4885,30.02285,1999.70202636719,,,,,,,,,,,,,0,,,,2.8307313,,,,,,29.96595,,,,
,44280200.005,29.9682388,1999.70202636719,0.000133462625649785,2.25141805354905E-7,1,0.999253354069792,40.0298881530762,1.9916979806668,18.7899991869926,0.0015052282731547,0.000272484106120483,0.25,6.48541210639385E-7,0.00013282985452691,1.38876864319086E-6,29.9682388,29.9682388,1999.70202636719,1999.70202636719,61.4039548422565,20.7380266990531,6.273368,0,0,0,40,4885,30.02785,1999.70202636719,,,,,,,,,,,,,0,,,,2.8448706,,,,,,29.9682388,,,,
,44280201.62,29.9707317,1999.70202636719,0.000133236657323829,2.33553432222097E-7,1,0.999253354069792,40.0298881530762,1.99171967221192,18.7899991869926,0.00150187259661392,0.000276704660727205,0.25,1.0618815063564E-6,0.000132602719888652,1.79896743328543E-6,29.9707317,29.9707317,1999.70202636719,1999.70202636719,61.415679270045,20.737795936017,6.273368,0,0,0,40,4885,30.0327,1999.70202636719,,,,,,,,,,,,,0,,,,2.8448706,,,,,,29.9707317,,,,
,44280203.23,29.9722872,1999.70202636719,0.000133474439832238,2.52820998464251E-7,1,0.999253354069792,40.0298881530762,1.99165500391203,18.7999997287989,0.00150434528758231,0.000278100159953333,0.25,1.14449648503088E-6,0.000132838847270413,1.88245166755436E-6,29.9718781,29.9726963,1999.70202636719,1999.70202636719,61.361746902218,20.7376184052158,6.273368,0,0,0,40,4885,30.02785,1999.70202636719,,,,,,,,,,,,,0,,,,2.8448706,,,,,,29.9722872,,,,
,44280203.955,29.97308825,1999.70202636719,0.00013312070697391,2.56378171381178E-7,1,0.999253354069792,40.0298881530762,1.99167044134773,18.7999997287989,0.00150053395226718,0.000276426202508866,0.25,1.05835794881428E-6,0.000132487186141772,1.79468169313131E-6,29.9726963,29.9734802,1999.70202636719,1999.70202636719,61.3758162155642,20.7358276447477,6.273368,0,0,0,40,4885,30.02285,1999.70202636719,,,,,,,,,,,,,0,,,,2.8307313,,,,,,29.97308825,,,,
,44280205.205,29.973732,1999.70202636719,0.000132882558635294,2.36969179791892E-7,1,0.999253354069792,40.0298881530762,1.99167892749149,18.7999997287989,0.00149838060298566,0.000272949852430049,0.25,7.92206497992901E-7,0.000132251637665921,1.52845484962067E-6,29.9734802,29.9739838,1999.70202636719,1999.70202636719,61.3656550448142,20.7372569903998,6.646428,0,0,0,40,4885,30.02255,1999.70202636719,,,,,,,,,,,,,0,,,,2.816592,,,,,,29.973732,,,,
,44280206.48,29.9738455,1999.70202636719,0.000133369458128145,2.75960911672879E-7,1,0.999253354069792,40.0298881530762,1.99168769710699,18.7899991869926,0.00150318970707374,0.000277851993606745,0.25,1.14077055578473E-6,0.00013273422551088,1.87801928345387E-6,29.9737072,29.9739838,1999.70202636719,1999.70202636719,61.4375648685834,20.7396568271219,6.646428,0,0,0,40,4885,30.01755,1999.70202636719,,,,,,,,,,,,,0,,,,2.816592,,,,,,29.9738455,,,,
,44280208.565,29.9699039,1999.70202636719,0.000133486200475987,2.27615478602805E-7,1,0.999253354069792,40.0298881530762,1.99171201037296,18.7899991869926,0.00150405563982967,0.000280729188185964,0.25,1.3752277032424E-6,0.000132848744124835,2.1116842786857E-6,29.9699039,29.9699039,1999.70202636719,1999.70202636719,61.3656550448142,20.7383469160478,6.273368,0,0,0,40,4885,29.9927,1999.70202636719,,,,,,,,,,,,,0,,,,2.8307313,,,,,,29.9699039,,,,
,44280210.12,29.9670086,1999.70202636719,0.000132834854285633,2.22728012532661E-7,1,0.999253354069792,40.0298881530762,1.99165985869573,18.7899991869926,0.00149792703667036,0.000272253339787998,0.25,7.39754055662759E-7,0.000132203863707721,1.4754517294041E-6,29.9670086,29.9670086,1999.70202636719,1999.70202636719,61.3945753000257,20.7380550680453,6.273368,0,0,0,40,4885,29.98285,1999.70202636719,,,,,,,,,,,,,0,,,,2.816592,,,,,,29.9670086,,,,
,44280211.79,29.9610014,1999.70202636719,0.000133213565855053,2.78200110624901E-7,1,0.999253354069792,40.0298881530762,1.99172286110368,18.7999997287989,0.00150105724069665,0.000279774191242152,0.25,1.33864622434759E-6,0.000132577454109522,2.07361904125254E-6,29.9590168,29.962986,1999.70202636719,1999.70202636719,61.5876375442758,20.7374861889875,6.646428,0,0,0,40,4885,29.9824,1999.70202636719,,,,,,,,,,,,,0,,,,2.8448706,,,,,,29.9610014,,,,
,44280213.525,29.9555759,1999.70202636719,0.000133296153015237,2.21730301868427E-7,1,0.999253354069792,40.0298881530762,1.99164657692748,18.7999997287989,0.00150263443688712,0.000275942841447238,0.25,9.85740475015761E-7,0.000132661475538325,1.72270778137581E-6,29.9555759,29.9555759,1999.70202636719,1999.70202636719,61.2953084780834,20.7378110355464,6.273368,0,0,0,40,4885,29.9727,1999.70202636719,,,,,,,,,,,,,0,,,,2.816592,,,,,,29.9555759,,,,
,44280214.275,29.9538698,1999.70202636719,0.000133170973177802,2.19135985752999E-7,1,0.999253354069792,40.0298881530762,1.99169096508086,18.7899991869926,0.00150136487004688,0.000275066467439985,0.25,9.29614411829075E-7,0.000132537200387105,1.6661502038705E-6,29.9521637,29.9555759,1999.70202636719,1999.70202636719,61.5587172890642,20.7387429937227,6.273368,0,0,0,40,4885,29.9727,1999.70202636719,,,,,,,,,,,,,0,,,,2.8307313,,,,,,29.9538698,,,,
,44280216.55,29.9472694,1999.70202636719,0.00013316205737631,2.16027034009532E-7,1,0.999253354069792,40.0298881530762,1.99157460866991,18.7899991869926,0.00150156554322506,0.000272852124454032,0.25,7.36274316564961E-7,0.00013252948588916,1.47374295947529E-6,29.9472694,29.9472694,1999.70202636719,1999.70202636719,61.4375648685834,20.7374178099524,6.273368,0,0,0,40,4885,29.9779,1999.70202636719,,,,,,,,,,,,,0,,,,2.8307313,,,,,,29.9472694,,,,
,44280218.13,29.94550895,1999.70202636719,0.000133358452896021,2.17896219760174E-7,1,0.999253354069792,40.0298881530762,1.99163301235599,18.7899991869926,0.00150324167427627,0.000276565252890436,0.25,1.02991289842155E-6,0.000132723393838721,1.76715317076285E-6,29.945322,29.9456959,1999.70202636719,1999.70202636719,61.2796759076988,20.736770672199,6.273368,0,0,0,40,4885,29.9827,1999.70202636719,,,,,,,,,,,,,0,,,,2.816592,,,,,,29.94550895,,,,
,44280218.79,29.94547745,1999.70202636719,0.000133349064284874,2.70595031860953E-7,1,0.999253354069792,40.0298881530762,1.99159006625455,18.7899991869926,0.00150274580114222,0.000278585636097719,0.25,1.21098441447366E-6,0.000132713116507068,1.9473854506385E-6,29.945322,29.9456329,1999.70202636719,1999.70202636719,61.720514392545,20.7372751106876,6.273368,0,0,0,40,4885,29.9877,1999.70202636719,,,,,,,,,,,,,0,,,,2.8307313,,,,,,29.94547745,,,,
,44280219.97,29.94632145,1999.70202636719,0.000133291628877519,2.1007721659292E-7,1,0.999253354069792,40.0298881530762,1.99158961378858,18.7899991869926,0.00150249732674879,0.000276207948359777,0.25,1.01028625757455E-6,0.00013265721764287,1.74744941785715E-6,29.9456329,29.94701,1999.70202636719,1999.70202636719,61.5876375442758,20.7367758145753,6.646428,0,0,0,40,4885,29.9977,1999.70202636719,,,,,,,,,,,,,0,,,,2.8307313,,,,,,29.94632145,,,,
,44280222.035,29.9487171,1999.70202636719,0.000133258392889439,2.16545582418382E-7,1,0.999253354069792,40.0298881530762,1.99166781795522,18.7899991869926,0.00150193805666692,0.000277532593276493,0.25,1.13233122923493E-6,0.00013262368106868,1.86893612063667E-6,29.9487171,29.9487171,1999.70202636719,1999.70202636719,61.4938421219681,20.7393086557048,6.273368,0,0,0,40,4885,30.0127,1999.70202636719,,,,,,,,,,,,,0,,,,2.8307313,,,,,,29.9487171,,,,
,44280223.54,29.95301245,1999.70202636719,0.000133204761834118,2.58251810543234E-7,1,0.999253354069792,40.0298881530762,1.99155853986136,18.7899991869926,0.00150146156512469,0.000276243262421478,0.25,1.02866130374362E-6,0.000132571030403749,1.76559540403559E-6,29.9512596,29.9547653,1999.70202636719,1999.70202636719,61.3484592173911,20.7353540560474,6.273368,0,0,0,40,4885,30.023,1999.70202636719,,,,,,,,,,,,,0,,,,2.8448706,,,,,,29.95301245,,,,
,44280225.075,29.9585648,1999.70202636719,0.000133164213901663,1.86395039659967E-7,1,0.999253354069792,40.0298881530762,1.99167888198083,18.7899991869926,0.00150093662487735,0.00027707129904416,0.25,1.10742808255755E-6,0.00013253052505484,1.84403114827322E-6,29.9585648,29.9585648,1999.70202636719,1999.70202636719,61.4250588122757,20.7367789526983,6.273368,0,0,0,40,4885,30.0427,1999.70202636719,,,,,,,,,,,,,0,,,,2.8448706,,,,,,29.9585648,,,,
,44280226.695,29.96583555,1999.70202636719,0.000133316750482652,2.06339533104187E-7,1,0.999253354069792,40.0298881530762,1.9915996549874,18.7899991869926,0.0015018661307403,0.000281551142946259,0.25,1.47823771742014E-6,0.000132680420402437,2.21407884760223E-6,29.9636459,29.9680252,1999.70202636719,1999.70202636719,61.4555423245257,20.7385073221256,6.646428,0,0,0,40,4885,30.0527,1999.70202636719,,,,,,,,,,,,,0,,,,2.8307313,,,,,,29.96583555,,,,
,44280228.4,29.9732456,1999.70202636719,0.000133190302690825,2.37813904894657E-7,1,0.999253354069792,40.0298881530762,1.99166562939907,18.7899991869926,0.00150204902276309,0.000272440113191675,0.25,6.92379917136822E-7,0.000132559098411719,1.4313604898108E-6,29.9732456,29.9732456,1999.70202636719,1999.70202636719,61.575131487968,20.738067384883,6.273368,0,0,0,40,4885,30.0632,1999.70202636719,,,,,,,,,,,,,0,,,,2.8448706,,,,,,29.9732456,,,,
,44280229.08,29.97676755,1999.70202636719,0.000132950677866934,2.21738092268204E-7,1,0.999253354069792,40.0298881530762,1.99162120490539,18.7899991869926,0.00149870327831819,0.000275423030143049,0.25,9.99258745993462E-7,0.000132318961746089,1.73552396550399E-6,29.9732456,29.9802895,1999.70202636719,1999.70202636719,61.3164124481026,20.7370551250994,6.273368,0,0,0,40,4885,30.06805,1999.70202636719,,,,,,,,,,,,,0,,,,2.8307313,,,,,,29.97676755,,,,
,44280230.235,29.98251345,1999.70202636719,0.000133330385986292,2.37333507285534E-7,1,0.999253354069792,40.0298881530762,1.99158995655257,18.7899991869926,0.00150374726544749,0.000271748746130605,0.25,6.07108977048903E-7,0.000132699211560602,1.34747096635753E-6,29.9802895,29.9847374,1999.70202636719,1999.70202636719,61.3046880203142,20.7371021187932,6.273368,0,0,0,40,4885,30.07795,1999.70202636719,,,,,,,,,,,,,0,,,,2.8307313,,,,,,29.98251345,,,,
,44280231.405,29.9874525,1999.70202636719,0.000133229702433395,2.04288076900225E-7,1,0.999253354069792,40.0298881530762,1.99164032557409,18.7899991869926,0.00150183144765026,0.000276193604997482,0.25,1.01794949548462E-6,0.000132596783591768,1.75588416527926E-6,29.9847374,29.9901676,1999.70202636719,1999.70202636719,61.5180726060642,20.7371713948909,6.646428,0,0,0,40,4885,30.083,1999.70202636719,,,,,,,,,,,,,0,,,,2.8448706,,,,,,29.9874525,,,,
,44280232.6,29.9947872,1999.70202636719,0.000133062571646274,2.63172647147579E-7,1,0.999253354069792,40.0298881530762,1.99164584827512,18.7899991869926,0.00150027798783849,0.000273992158330013,0.25,8.52273388902623E-7,0.000132431356658781,1.59005626222592E-6,29.9901676,29.9994068,1999.70202636719,1999.70202636719,61.4743014089873,20.7390437560866,6.273368,0,0,0,40,4885,30.083,1999.70202636719,,,,,,,,,,,,,0,,,,2.8448706,,,,,,29.9947872,,,,
,44280233.645,30.0011301,1999.70202636719,0.000132847376779067,2.78700542258289E-7,1,0.999253354069792,40.0298881530762,1.99164584827512,18.7899991869926,0.00149759946125629,0.000274981333454883,0.25,9.77788506447647E-7,0.000132216466506701,1.71377800837628E-6,29.9994068,30.0028534,1999.70202636719,1999.70202636719,61.4789911801027,20.7390437560866,6.273368,0,0,0,40,4885,30.0828,1999.70202636719,,,,,,,,,,,,,0,,,,2.8307313,,,,,,30.0011301,,,,
,44280234.725,30.004035,1999.70202636719,0.00013321406355755,2.32702071315985E-7,1,0.999253354069792,40.0298881530762,1.99162161112606,18.7899991869926,0.00150118571919086,0.000278743208183345,0.25,1.24688381891998E-6,0.000132579850402046,1.98358402620283E-6,30.0028534,30.0052166,1999.70202636719,1999.70202636719,61.5524642609104,20.7382094860975,6.273368,0,0,0,40,4885,30.0779,1999.70202636719,,,,,,,,,,,,,0,,,,2.8307313,,,,,,30.004035,,,,
,44280235.93,30.0062437,1999.70202636719,0.000133297055701014,2.07146486872525E-7,1,0.999253354069792,40.0298881530762,1.99163553218599,18.7899991869926,0.00150204349908558,0.000279410625095281,0.25,1.29131856725409E-6,0.000132662129123079,2.02820625094903E-6,30.0052166,30.0072708,1999.70202636719,1999.70202636719,61.5165093490257,20.7381146895666,6.646428,0,0,0,40,4885,30.07305,1999.70202636719,,,,,,,,,,,,,0,,,,2.8307313,,,,,,30.0062437,,,,
,44280237.165,30.007761,1999.70202636719,0.000133258479259554,2.14935898563481E-7,1,0.999253354069792,40.0298881530762,1.9917547694281,18.7899991869926,0.00150199304668271,0.000277644222845827,0.25,1.14029897187754E-6,0.00013262449724798,1.87761297984418E-6,30.0072708,30.0082512,1999.70202636719,1999.70202636719,61.4875890938142,20.7378573528166,6.646428,0,0,0,40,4885,30.0679,1999.70202636719,,,,,,,,,,,,,0,,,,2.8307313,,,,,,30.007761,,,,
,44280238.48,30.00823595,1999.70202636719,0.000133297459053562,2.36816902153191E-7,1,0.999253354069792,40.0298881530762,1.9916042163024,18.7899991869926,0.00150276858596085,0.000275165345799821,0.25,9.1584035550135E-7,0.000132664317404011,1.65422516681627E-6,30.0082207,30.0082512,1999.70202636719,1999.70202636719,61.5876375442758,20.7371686579508,6.646428,0,0,0,40,4885,30.05285,1999.70202636719,,,,,,,,,,,,,0,,,,2.8307313,,,,,,30.00823595,,,,
,44280239.7,30.00786305,1999.70202636719,0.000133191368320188,2.36111498579611E-7,1,0.999253354069792,40.0298881530762,1.99159500325,18.7899991869926,0.00150103474947961,0.000277952724640154,0.25,1.18173231667074E-6,0.000132557092412088,1.91813518350127E-6,30.0075054,30.0082207,1999.70202636719,1999.70202636719,61.5946722009488,20.7370013111323,6.646428,0,0,0,40,4885,30.04265,1999.70202636719,,,,,,,,,,,,,0,,,,2.816592,,,,,,30.00786305,,,,
,44280241.75,30.0029411,1999.70202636719,0.000133134965283281,2.31824874021536E-7,1,0.999253354069792,40.0298881530762,1.9916327482357,18.7899991869926,0.00150003910855845,0.000280020065205232,0.25,1.37468218204997E-6,0.000132499592542231,2.10959690072905E-6,30.0029411,30.0029411,1999.70202636719,1999.70202636719,61.6267189702373,20.7360144815044,6.273368,0,0,0,40,4885,30.0231,1999.70202636719,,,,,,,,,,,,,0,,,,2.8307313,,,,,,30.0029411,,,,
,44280243.265,30.0002956,1999.70202636719,0.000133347764625564,2.25156839562903E-7,1,0.999253354069792,40.0298881530762,1.99162603224082,18.7899991869926,0.00150363462929823,0.000273633024702805,0.25,7.71467172585632E-7,0.000132714741094309,1.51040295191621E-6,30.0002956,30.0002956,1999.70202636719,1999.70202636719,61.4555423245257,20.7378771328379,5.900308,0,0,0,40,4885,30.0225,1999.70202636719,,,,,,,,,,,,,0,,,,2.8448706,,,,,,30.0002956,,,,
,44280243.97,29.99681375,1999.70202636719,0.000133177633781928,2.06562832528032E-7,1,0.999253354069792,40.0298881530762,1.99158779837375,18.7899991869926,0.00150120380518022,0.000276024639895463,0.25,1.0138963859007E-6,0.000132543920386453,1.75061091386269E-6,29.9933319,30.0002956,1999.70202636719,1999.70202636719,61.3570571311027,20.7370156132656,6.273368,0,0,0,40,4885,30.0128,1999.70202636719,,,,,,,,,,,,,0,,,,2.8448706,,,,,,29.99681375,,,,
,44280246.08,29.9894257,1999.70202636719,0.000132802133802172,2.44238162748427E-7,1,0.999253354069792,40.0298881530762,1.99162192837478,18.7899991869926,0.00149685278951814,0.000276052449713084,0.25,1.08221181167405E-6,0.000132169668566483,1.81637907032311E-6,29.9894257,29.9894257,1999.70202636719,1999.70202636719,61.4094262418911,20.73792366737,6.273368,0,0,0,40,4885,30.0028,1999.70202636719,,,,,,,,,,,,,0,,,,2.8448706,,,,,,29.9894257,,,,
,44280246.805,29.9872637,1999.70202636719,0.00013317205097865,2.25458354293554E-7,1,0.999253354069792,40.0298881530762,1.9916057326383,18.7899991869926,0.0015013594625709,0.00027483232320363,0.25,9.09276679480338E-7,0.000132538730708656,1.64625163313482E-6,29.9851017,29.9894257,1999.70202636719,1999.70202636719,61.7064450791988,20.7372548196064,6.273368,0,0,0,40,4885,29.9978,1999.70202636719,,,,,,,,,,,,,0,,,,2.8448706,,,,,,29.9872637,,,,
,44280248.11,29.9810343,1999.70202636719,0.000132734003487879,1.99818870425993E-7,1,0.999253354069792,40.0298881530762,1.99156120600533,18.7899991869926,0.00149611127840193,0.000275496349998761,0.25,1.04580482504925E-6,0.000132101921049067,1.77963035316184E-6,29.9769669,29.9851017,1999.70202636719,1999.70202636719,61.4555423245257,20.7352370079564,6.273368,0,0,0,40,4885,29.9928,1999.70202636719,,,,,,,,,,,,,0,,,,2.8307313,,,,,,29.9810343,,,,
,44280250.23,29.9735508,1999.70202636719,0.000133313871425501,2.0990641172752E-7,1,0.999253354069792,40.0298881530762,1.99160586474953,18.7899991869926,0.00150236291818836,0.000278504080480413,0.25,1.20969147744379E-6,0.000132678145433709,1.9459692142787E-6,29.9735508,29.9735508,1999.70202636719,1999.70202636719,61.4211506696796,20.7371873735181,6.273368,0,0,0,40,4885,29.99265,1999.70202636719,,,,,,,,,,,,,0,,,,2.816592,,,,,,29.9735508,,,,
,44280251.655,29.9709301,1999.70202636719,0.000133137542131059,2.19786020623151E-7,1,0.999253354069792,40.0298881530762,1.99165144434808,18.7899991869926,0.00150047941784247,0.000277739303707442,0.25,1.1724322146224E-6,0.000132502860054107,1.90790640563751E-6,29.9709301,29.9709301,1999.70202636719,1999.70202636719,61.2929635925257,20.7366505913479,6.273368,0,0,0,40,4885,29.9928,1999.70202636719,,,,,,,,,,,,,0,,,,2.816592,,,,,,29.9709301,,,,
,44280252.39,29.96863555,1999.70202636719,0.000132861546919754,2.23887544345852E-7,1,0.999253354069792,40.0298881530762,1.99164208361862,18.7899991869926,0.00149670991041583,0.000280868504781997,0.25,1.49834413154166E-6,0.000132226355144642,2.23074456013752E-6,29.966341,29.9709301,1999.70202636719,1999.70202636719,61.2695147369488,20.7364720206788,6.273368,0,0,0,40,4885,29.9928,1999.70202636719,,,,,,,,,,,,,0,,,,2.816592,,,,,,29.96863555,,,,
,44280253.755,29.96568775,1999.70202636719,0.000133554423269914,2.53506080035925E-7,1,0.999253354069792,40.0298881530762,1.99163994565027,18.7899991869926,0.00150565495999192,0.000275854108793521,0.25,9.32099336194956E-7,0.000132919189308145,1.6710932079486E-6,29.9650345,29.966341,1999.70202636719,1999.70202636719,61.710353221795,20.7379657731283,6.273368,0,0,0,40,4885,29.99765,1999.70202636719,,,,,,,,,,,,,0,,,,2.816592,,,,,,29.96568775,,,,
,44280255.93,29.9644165,1999.70202636719,0.000133520842287858,2.33278582243825E-7,1,0.999253354069792,40.0298881530762,1.99160099085898,18.7899991869926,0.00150500541757092,0.000277164877836553,0.25,1.05450905685276E-6,0.000132885163631957,1.7928081450344E-6,29.9644165,29.9644165,1999.70202636719,1999.70202636719,61.3781611011219,20.737843695019,6.273368,0,0,0,40,4885,30.0028,1999.70202636719,,,,,,,,,,,,,0,,,,2.8448706,,,,,,29.9644165,,,,
,44280256.555,29.96436025,1999.70202636719,0.00013319936122817,2.04793029172701E-7,1,0.999253354069792,40.0298881530762,1.99164219899822,18.7899991869926,0.0015014174173266,0.000276473745459939,0.25,1.04929823199464E-6,0.000132565302746872,1.78589972650641E-6,29.964304,29.9644165,1999.70202636719,1999.70202636719,61.3578387596219,20.7386599650175,6.273368,0,0,0,40,4885,30.0078,1999.70202636719,,,,,,,,,,,,,0,,,,2.8307313,,,,,,29.96436025,,,,
,44280258.65,29.9655895,1999.70202636719,0.000133442101972821,2.12706008464572E-7,1,0.999253354069792,40.0298881530762,1.99168219410008,18.7899991869926,0.00150483065803297,0.000273304550443869,0.25,7.25262234629566E-7,0.000132808776561724,1.46481076317414E-6,29.9655895,29.9655895,1999.70202636719,1999.70202636719,61.2984349921603,20.7372727483039,6.646428,0,0,0,40,4885,30.0128,1999.70202636719,,,,,,,,,,,,,0,,,,2.816592,,,,,,29.9655895,,,,
,44280260.265,29.9671097,1999.70202636719,0.000132944789100154,2.34994400661439E-7,1,0.999253354069792,40.0298881530762,1.99166730119538,18.7899991869926,0.00149931887659591,0.000271685382981473,0.25,6.69361413163253E-7,0.000132314268515195,1.40653891396756E-6,29.9671097,29.9671097,1999.70202636719,1999.70202636719,61.3867590148334,20.7362670388554,6.273368,0,0,0,40,4885,30.0228,1999.70202636719,,,,,,,,,,,,,0,,,,2.8448706,,,,,,29.9671097,,,,
,44280260.96,29.9692526,1999.70202636719,0.000133286648289586,2.25744268797496E-7,1,0.999253354069792,40.0298881530762,1.99158875729428,18.7899991869926,0.00150259627408794,0.000275341585060846,0.25,9.33935742366405E-7,0.000132653115652713,1.67183704415534E-6,29.9671097,29.9713955,1999.70202636719,1999.70202636719,61.4805544371411,20.7362167467066,6.273368,0,0,0,40,4885,30.0278,1999.70202636719,,,,,,,,,,,,,0,,,,2.8307313,,,,,,29.9692526,,,,
,44280262.24,29.97238635,1999.70202636719,0.000133546113913627,2.42831184747913E-7,1,0.999253354069792,40.0298881530762,1.99163626509939,18.7999997287989,0.001505651103637,0.000275345902000241,0.25,8.88014466857843E-7,0.000132911686227847,1.62764485338909E-6,29.9713955,29.9733772,1999.70202636719,1999.70202636719,61.219490511718,20.7378023433625,6.273368,0,0,0,40,4885,30.0328,1999.70202636719,,,,,,,,,,,,,0,,,,2.816592,,,,,,29.97238635,,,,
,44280263.555,29.97458935,1999.70202636719,0.000133365190760169,2.33058610489106E-7,1,0.999253354069792,40.0298881530762,1.99171733898475,18.7899991869926,0.00150308849025255,0.000278290196446222,0.25,1.1796651755149E-6,0.000132730064450905,1.91698083105352E-6,29.9733772,29.9758015,1999.70202636719,1999.70202636719,61.6173394280065,20.7372603189113,6.273368,0,0,0,40,4885,30.0378,1999.70202636719,,,,,,,,,,,,,0,,,,2.8307313,,,,,,29.97458935,,,,
,44280264.775,29.97729495,1999.70202636719,0.000133301873382517,2.2191279188032E-7,1,0.999253354069792,40.0298881530762,1.99158943057594,18.7899991869926,0.00150195451165295,0.00028001170062037,0.25,1.3447544922268E-6,0.000132666198368405,2.08100714194177E-6,29.9758015,29.9787884,1999.70202636719,1999.70202636719,61.507129806795,20.7377110852181,6.273368,0,0,0,40,4885,30.0428,1999.70202636719,,,,,,,,,,,,,0,,,,2.8448706,,,,,,29.97729495,,,,
,44280266.79,29.9831982,1999.70202636719,0.000132884321868781,2.31159922116966E-7,1,0.999253354069792,40.0298881530762,1.99159776868089,18.7899991869926,0.00149789163117633,0.000275522942753265,0.25,1.0204722772769E-6,0.000132252415746733,1.75592696319562E-6,29.9831982,29.9831982,1999.70202636719,1999.70202636719,61.422713926718,20.7377247748623,6.273368,0,0,0,40,4885,30.0428,1999.70202636719,,,,,,,,,,,,,0,,,,2.8448706,,,,,,29.9831982,,,,
,44280267.51,29.9843216,1999.70202636719,0.000132876303186086,2.14826494566875E-7,1,0.999253354069792,40.0298881530762,1.99159000248225,18.7999997287989,0.00149758443444321,0.000276705530839201,0.25,1.12674314237448E-6,0.000132243844079092,1.86165436361055E-6,29.9831982,29.985445,1999.70202636719,1999.70202636719,61.4406913826604,20.7353524275531,6.273368,0,0,0,40,4885,30.04295,1999.70202636719,,,,,,,,,,,,,0,,,,2.8448706,,,,,,29.9843216,,,,
,44280268.775,29.98647785,1999.70202636719,0.000133126827022236,1.96945205925003E-7,1,0.999253354069792,40.0298881530762,1.99161466407494,18.7899991869926,0.00150057690209631,0.000276371338060468,0.25,1.05274909038959E-6,0.000132493599826123,1.78940661689199E-6,29.985445,29.9875107,1999.70202636719,1999.70202636719,61.5743498594488,20.735870410558,6.273368,0,0,0,40,4885,30.0431,1999.70202636719,,,,,,,,,,,,,0,,,,2.81673265,,,,,,29.98647785,,,,
,44280270.915,29.9896679,1999.70202636719,0.000132770461287152,2.38509476604617E-7,1,0.999253354069792,40.0298881530762,1.99163830536965,18.7899991869926,0.0014965477135591,0.000275800587498224,0.25,1.06463315788001E-6,0.000132138844401712,1.7992494107566E-6,29.9890633,29.9902725,1999.70202636719,1999.70202636719,61.4164608985642,20.7378314583984,6.646428,0,0,0,40,4885,30.0431,1999.70202636719,,,,,,,,,,,,,0,,,,2.816592,,,,,,29.9896679,,,,
,44280271.61,29.99063585,1999.70202636719,0.000133316733786005,2.3447064300043E-7,1,0.999253354069792,40.0298881530762,1.99160913608294,18.7899991869926,0.00150317206896192,0.000274159216840503,0.25,8.23410677052743E-7,0.000132683883235002,1.5622048216221E-6,29.9902725,29.9909992,1999.70202636719,1999.70202636719,61.7064450791988,20.7386369061134,6.273368,0,0,0,40,4885,30.04295,1999.70202636719,,,,,,,,,,,,,0,,,,2.8307313,,,,,,29.99063585,,,,
,44280272.805,29.99127195,1999.70202636719,0.000133177559635813,2.1986009486676E-7,1,0.999253354069792,40.0298881530762,1.9916044569947,18.7899991869926,0.00150130354055167,0.00027555362790996,0.25,9.71500505740027E-7,0.000132544537155493,1.70881942946094E-6,29.9909992,29.9915447,1999.70202636719,1999.70202636719,61.4266220693142,20.7383395010658,6.273368,0,0,0,40,4885,30.0428,1999.70202636719,,,,,,,,,,,,,0,,,,2.8448706,,,,,,29.99127195,,,,
,44280273.945,29.9914732,1999.70202636719,0.000133151985553806,2.07345063109064E-7,1,0.999253354069792,40.0298881530762,1.99155684370123,18.7899991869926,0.00150038331373259,0.000278885379526923,0.25,1.27181914305583E-6,0.000132517335560731,2.00751263986575E-6,29.9914017,29.9915447,1999.70202636719,1999.70202636719,61.415679270045,20.7372592679726,6.273368,0,0,0,40,4885,30.0378,1999.70202636719,,,,,,,,,,,,,0,,,,2.8307313,,,,,,29.9914732,,,,
,44280275.165,29.991189,1999.70202636719,0.000132818034921336,2.13119706459657E-7,1,0.999253354069792,40.0298881530762,1.99157615235751,18.7899991869926,0.00149735684908988,0.000274072540758925,0.25,9.04133724443341E-7,0.000132186859899305,1.63956747436354E-6,29.9909763,29.9914017,1999.70202636719,1999.70202636719,61.5712233453719,20.7379418968015,6.273368,0,0,0,40,4885,30.02795,1999.70202636719,,,,,,,,,,,,,0,,,,2.816592,,,,,,29.991189,,,,
,44280276.47,29.98976325,1999.70202636719,0.000133406029830108,2.53891115004257E-7,1,0.999253354069792,40.0298881530762,1.9916226437354,18.7899991869926,0.00150351463106889,0.000278153872173216,0.25,1.16175967760452E-6,0.000132770574413145,1.89918593628317E-6,29.9885502,29.9909763,1999.70202636719,1999.70202636719,61.3570571311027,20.7372613087273,6.646428,0,0,0,40,4885,30.02295,1999.70202636719,,,,,,,,,,,,,0,,,,2.816592,,,,,,29.98976325,,,,
,44280277.71,29.98781015,1999.70202636719,0.000132864978577082,2.21884075582202E-7,1,0.999253354069792,40.0298881530762,1.99167298577275,18.7899991869926,0.00149728310597995,0.000277992501400302,0.25,1.24218088739286E-6,0.000132231553483709,1.97614759502415E-6,29.9870701,29.9885502,1999.70202636719,1999.70202636719,61.5016584071604,20.7392945332748,6.273368,0,0,0,40,4885,30.01795,1999.70202636719,,,,,,,,,,,,,0,,,,2.816592,,,,,,29.98781015,,,,
,44280279.865,29.984972,1999.70202636719,0.00013311389104669,2.50139127811382E-7,1,0.999253354069792,40.0298881530762,1.99157152852267,18.7899991869926,0.00150052493571326,0.000275599433434389,0.25,9.87632676384685E-7,0.000132480635159351,1.72411630148356E-6,29.984972,29.984972,1999.70202636719,1999.70202636719,61.700192051045,20.7377649002264,6.273368,0,0,0,40,4885,30.0128,1999.70202636719,,,,,,,,,,,,,0,,,,2.8307313,,,,,,29.984972,,,,
,44280280.53,29.98365975,1999.70202636719,0.0001336823996751,1.74378070408983E-7,1,0.999253354069792,40.0298881530762,1.99159584039922,18.7899991869926,0.00150696162156873,0.000276714430986128,0.25,9.8614683161393E-7,0.000133046399388572,1.72573715615145E-6,29.9823475,29.984972,1999.70202636719,1999.70202636719,61.3578387596219,20.737762280529,6.273368,0,0,0,40,4885,30.00795,1999.70202636719,,,,,,,,,,,,,0,,,,2.816592,,,,,,29.98365975,,,,
,44280281.68,29.9812908,1999.70202636719,0.000133255727607594,1.95673398213858E-7,1,0.999253354069792,40.0298881530762,1.99158788526004,18.7899991869926,0.00150202410056722,0.000276518812307189,0.25,1.04408761963052E-6,0.000132621344527607,1.7809618647026E-6,29.9802341,29.9823475,1999.70202636719,1999.70202636719,61.4883707223334,20.7381844731231,6.646428,0,0,0,40,4885,30.00295,1999.70202636719,,,,,,,,,,,,,0,,,,2.816592,,,,,,29.9812908,,,,
,44280282.945,29.9775133,1999.70202636719,0.000133266565079829,2.5661639706833E-7,1,0.999253354069792,40.0298881530762,1.99153987272498,18.7899991869926,0.00150309708382332,0.00027093661241123,0.25,5.48180382239889E-7,0.000132634890369429,1.2874501680699E-6,29.9747925,29.9802341,1999.70202636719,1999.70202636719,61.5321419194104,20.737722831159,6.273368,0,0,0,40,4885,30.00265,1999.70202636719,,,,,,,,,,,,,0,,,,2.8307313,,,,,,29.9775133,,,,
,44280285.03,29.97225,1999.70202636719,0.000133378949558893,2.08577050493024E-7,1,0.999253354069792,40.0298881530762,1.99160288985604,18.7999997287989,0.00150343291615292,0.000276715387285467,0.25,1.03979887950154E-6,0.000132743867747465,1.77724446120448E-6,29.97225,29.97225,1999.70202636719,1999.70202636719,61.4797728086219,20.7379201879034,6.273368,0,0,0,40,4885,29.99295,1999.70202636719,,,,,,,,,,,,,0,,,,2.8448706,,,,,,29.97225,,,,
,44280285.72,29.97072695,1999.70202636719,0.000133016409277897,2.32253622865287E-7,1,0.999253354069792,40.0298881530762,1.99168514566573,18.7899991869926,0.00149867848115534,0.000280104217421301,0.25,1.40286580974068E-6,0.000132381016372845,2.13657860309485E-6,29.9692039,29.97225,1999.70202636719,1999.70202636719,61.5524642609104,20.7386688713601,6.273368,0,0,0,40,4885,29.9928,1999.70202636719,,,,,,,,,,,,,0,,,,2.8448706,,,,,,29.97072695,,,,
,44280286.93,29.9679737,1999.70202636719,0.000133202996258353,1.98419763713301E-7,1,0.999253354069792,40.0298881530762,1.99168094224312,18.7899991869926,0.00150171293130622,0.000275183213322995,0.25,9.34116817421587E-7,0.000132569334420916,1.671079737751E-6,29.9667435,29.9692039,1999.70202636719,1999.70202636719,61.3093777914296,20.7386981560145,6.273368,0,0,0,40,4885,29.9928,1999.70202636719,,,,,,,,,,,,,0,,,,2.8307313,,,,,,29.9679737,,,,
,44280288.165,29.96468545,1999.70202636719,0.000133455724535554,2.13912641522401E-7,1,0.999253354069792,40.0298881530762,1.99161919829061,18.7899991869926,0.00150433639848164,0.000276727463755587,0.25,1.02716565408098E-6,0.000132820355388631,1.76509621572634E-6,29.9626274,29.9667435,1999.70202636719,1999.70202636719,61.3656550448142,20.7404763596263,6.273368,0,0,0,40,4885,29.9928,1999.70202636719,,,,,,,,,,,,,0,,,,2.816592,,,,,,29.96468545,,,,
,44280290.17,29.9610443,1999.70202636719,0.000133244797799956,2.17461309546654E-7,1,0.999253354069792,40.0298881530762,1.99156326678295,18.7899991869926,0.00150224010300727,0.000274465921279122,0.25,8.64425677905443E-7,0.000132611477916548,1.60208071078636E-6,29.9610443,29.9610443,1999.70202636719,1999.70202636719,61.5657519457373,20.7397618256226,6.273368,0,0,0,40,4885,30.0025,1999.70202636719,,,,,,,,,,,,,0,,,,2.816592,,,,,,29.9610443,,,,
,44280290.84,29.9603872,1999.70202636719,0.00013306417957577,2.50713700518735E-7,1,0.999253354069792,40.0298881530762,1.99153458403604,18.7899991869926,0.0014999654826716,0.000275327092804342,0.25,9.72844758564235E-7,0.000132431110953163,1.70898496592573E-6,29.9597301,29.9610443,1999.70202636719,1999.70202636719,61.5485561183142,20.7380958199135,6.646428,0,0,0,40,4885,30.00265,1999.70202636719,,,,,,,,,,,,,0,,,,2.8307313,,,,,,29.9603872,,,,
,44280292.04,29.9595127,1999.70202636719,0.000132741837606354,2.36192153379753E-7,1,0.999253354069792,40.0298881530762,1.99151713487745,18.7899991869926,0.00149633888288755,0.000274547275144292,0.25,9.6069043112158E-7,0.000132110360123587,1.69509561079113E-6,29.9592953,29.9597301,1999.70202636719,1999.70202636719,61.4375648685834,20.7386489539471,6.273368,0,0,0,40,4885,30.0028,1999.70202636719,,,,,,,,,,,,,0,,,,2.8307313,,,,,,29.9595127,,,,
,44280294.055,29.958437,1999.70202636719,0.000132919748548543,1.92421910815332E-7,1,0.999253354069792,40.0298881530762,1.9915837132988,18.7899991869926,0.00149843499379137,0.000274690524445586,0.25,9.41131849846144E-7,0.000132287690980504,1.67675414072956E-6,29.958437,29.958437,1999.70202636719,1999.70202636719,61.5211991201411,20.7379933879446,6.273368,0,0,0,40,4885,30.0128,1999.70202636719,,,,,,,,,,,,,0,,,,2.816592,,,,,,29.958437,,,,
,44280294.71,29.9586115,1999.70202636719,0.000133412422547418,2.80863228583886E-7,1,0.999253354069792,40.0298881530762,1.99160856567737,18.7899991869926,0.00150442084795208,0.000273360146475634,0.25,7.36263544005742E-7,0.00013277918213992,1.47559501559106E-6,29.958437,29.958786,1999.70202636719,1999.70202636719,61.6157761709681,20.7385257726178,6.273368,0,0,0,40,4885,30.0128,1999.70202636719,,,,,,,,,,,,,0,,,,2.816592,,,,,,29.9586115,,,,
,44280295.86,29.9592247,1999.70202636719,0.000133219533887969,2.82950346475287E-7,1,0.999253354069792,40.0298881530762,1.99157219558784,18.7899991869926,0.00150156222520703,0.000276700003732573,0.25,1.06645155166413E-6,0.000132585438945542,1.80321946350298E-6,29.958786,29.9596634,1999.70202636719,1999.70202636719,61.3093777914296,20.7383095392485,6.646428,0,0,0,40,4885,30.0178,1999.70202636719,,,,,,,,,,,,,0,,,,2.8307313,,,,,,29.9592247,,,,
,44280297.9,29.96124455,1999.70202636719,0.000133618017192542,2.29906680569669E-7,1,0.999253354069792,40.0298881530762,1.99165482252156,18.7899991869926,0.00150566427923862,0.000280094158769601,0.25,1.29595988450572E-6,0.000132980838489597,2.03393227449239E-6,29.9607353,29.9617538,1999.70202636719,1999.70202636719,61.3218838477373,20.7408198560601,6.273368,0,0,0,40,4885,30.0228,1999.70202636719,,,,,,,,,,,,,0,,,,2.8448706,,,,,,29.96124455,,,,
,44280298.635,29.96256825,1999.70202636719,0.000132971515659127,2.11928286652978E-7,1,0.999253354069792,40.0298881530762,1.99161117952097,18.7899991869926,0.0014994145769844,0.000272677924391161,0.25,7.53155640587201E-7,0.000132340481415624,1.49015418585387E-6,29.9617538,29.9633827,1999.70202636719,1999.70202636719,61.3961385570642,20.7374943565439,6.273368,0,0,0,40,4885,30.0278,1999.70202636719,,,,,,,,,,,,,0,,,,2.8307313,,,,,,29.96256825,,,,
,44280299.875,29.964385,1999.70202636719,0.000133484368325851,2.23428723670117E-7,1,0.999253354069792,40.0298881530762,1.99159881669482,18.7899991869926,0.00150352949040038,0.000283159645254185,0.25,1.59157181677633E-6,0.00013284632027891,2.32754214224865E-6,29.9633827,29.9653873,1999.70202636719,1999.70202636719,61.7142613643912,20.7384339436949,6.273368,0,0,0,40,4885,30.0328,1999.70202636719,,,,,,,,,,,,,0,,,,2.8307313,,,,,,29.964385,,,,
,44280301.03,29.9663076,1999.70202636719,0.000133460513447548,2.24903891220147E-7,1,0.999253354069792,40.0298881530762,1.99154394923568,18.7899991869926,0.00150502516897167,0.000272857918458549,0.25,6.83652385025413E-7,0.00013282770600168,1.42383479317875E-6,29.9653873,29.9672279,1999.70202636719,1999.70202636719,61.5438663471988,20.7384393699658,6.273368,0,0,0,40,4885,30.03765,1999.70202636719,,,,,,,,,,,,,0,,,,2.8307313,,,,,,29.9663076,,,,
,44280302.205,29.96848105,1999.70202636719,0.000133345940188896,2.3150109604576E-7,1,0.999253354069792,40.0298881530762,1.99160110762636,18.7899991869926,0.00150297829528898,0.000277158276166981,0.25,1.08406369992313E-6,0.00013271151544632,1.82178841563352E-6,29.9672279,29.9697342,1999.70202636719,1999.70202636719,61.4680483808334,20.7392762604368,6.646428,0,0,0,40,4885,30.04265,1999.70202636719,,,,,,,,,,,,,0,,,,2.8307313,,,,,,29.96848105,,,,
,44280303.4,29.97105695,1999.70202636719,0.000133382494869941,2.3412250403262E-7,1,0.999253354069792,40.0298881530762,1.99161903661482,18.7899991869926,0.00150283552960881,0.000280461869490703,0.25,1.37009358110219E-6,0.00013274630439752,2.10667603108816E-6,29.9697342,29.9723797,1999.70202636719,1999.70202636719,61.5923273153911,20.73883709514,6.273368,0,0,0,40,4885,30.0428,1999.70202636719,,,,,,,,,,,,,0,,,,2.8307313,,,,,,29.97105695,,,,
,44280304.655,29.97352125,1999.70202636719,0.000132983147969339,2.30056246257728E-7,1,0.999253354069792,40.0298881530762,1.99156858383784,18.7899991869926,0.00149896807387096,0.000275823960689175,0.25,1.03000432407665E-6,0.000132350807400938,1.76603289631138E-6,29.9723797,29.9746628,1999.70202636719,1999.70202636719,61.2765493936219,20.7402723184034,6.646428,0,0,0,40,4885,30.04785,1999.70202636719,,,,,,,,,,,,,0,,,,2.816592,,,,,,29.97352125,,,,
,44280306.97,29.9799519,1999.70202636719,0.00013305777641298,2.7436547971114E-7,1,0.999253354069792,40.0298881530762,1.9915552342721,18.7899991869926,0.00149969962589141,0.000276550183841484,0.25,1.08128486418232E-6,0.000132424868447858,1.81755574810276E-6,29.9799519,29.9799519,1999.70202636719,1999.70202636719,61.443036268218,20.7402362227691,6.273368,0,0,0,40,4885,30.0529,1999.70202636719,,,,,,,,,,,,,0,,,,2.8448706,,,,,,29.9799519,,,,
,44280307.63,29.9813757,1999.70202636719,0.000132807321342584,2.65231189309993E-7,1,0.999253354069792,40.0298881530762,1.99159266472265,18.7899991869926,0.00149780508323572,0.000270912537838316,0.25,6.25465501097981E-7,0.00013217813179612,1.3624884276633E-6,29.9799519,29.9827995,1999.70202636719,1999.70202636719,61.5305786623719,20.7397001085601,6.646428,0,0,0,40,4885,30.0529,1999.70202636719,,,,,,,,,,,,,0,,,,2.8448706,,,,,,29.9813757,,,,
,44280309.585,29.985199,1999.70202636719,0.000132925095440126,2.53408244148971E-7,1,0.999253354069792,40.0298881530762,1.99153494338675,18.7899991869926,0.00149872332051597,0.000273249017603206,0.25,8.12247770073429E-7,0.000132294452562699,1.54917758829589E-6,29.985199,29.985199,1999.70202636719,1999.70202636719,61.4907156078911,20.7393240942846,6.273368,0,0,0,40,4885,30.0626,1999.70202636719,,,,,,,,,,,,,0,,,,2.816592,,,,,,29.985199,,,,
,44280310.22,29.98631385,1999.70202636719,0.00013297540629767,2.56318443495902E-7,1,0.999253354069792,40.0298881530762,1.99154462421118,18.7899991869926,0.00149864414595444,0.000277065829676775,0.25,1.14143379533222E-6,0.000132342693223194,1.87709543336501E-6,29.985199,29.9874287,1999.70202636719,1999.70202636719,61.5790396305642,20.7380451278231,6.273368,0,0,0,40,4885,30.06275,1999.70202636719,,,,,,,,,,,,,0,,,,2.8307313,,,,,,29.98631385,,,,
,44280311.32,29.9886284,1999.70202636719,0.000133278767046782,2.49882086678701E-7,1,0.999253354069792,40.0298881530762,1.99158366098494,18.7999997287989,0.00150306786973671,0.000272153787952473,0.25,6.5239612121626E-7,0.000132647350514359,1.39205382160411E-6,29.9874287,29.9898281,1999.70202636719,1999.70202636719,61.3476775888719,20.7404106101564,6.273368,0,0,0,40,4885,30.0629,1999.70202636719,,,,,,,,,,,,,0,,,,2.8448706,,,,,,29.9886284,,,,
,44280312.45,29.9906759,1999.70202636719,0.000132959667690626,2.3011778829691E-7,1,0.999253354069792,40.0298881530762,1.9915297968643,18.7899991869926,0.00149938065771835,0.000271778288645066,0.25,6.75918419320092E-7,0.000132329619023736,1.41368501858991E-6,29.9898281,29.9915237,1999.70202636719,1999.70202636719,61.422713926718,20.7397175469788,6.646428,0,0,0,40,4885,30.06275,1999.70202636719,,,,,,,,,,,,,0,,,,2.8448706,,,,,,29.9906759,,,,
,44280313.665,29.9928894,1999.70202636719,0.000133244654418552,2.33141815248282E-7,1,0.999253354069792,40.0298881530762,1.99159423014902,18.7999997287989,0.00150205288097483,0.00027570409676031,0.25,9.72899695045038E-7,0.000132611531158795,1.71078790471999E-6,29.9915237,29.9942551,1999.70202636719,1999.70202636719,61.453197438968,20.7391604884433,6.646428,0,0,0,40,4885,30.05775,1999.70202636719,,,,,,,,,,,,,0,,,,2.8307313,,,,,,29.9928894,,,,
,44280314.95,29.9948454,1999.70202636719,0.0001330909759428,2.29712622780455E-7,1,0.999253354069792,40.0298881530762,1.99160375182673,18.7999997287989,0.00150012359713024,0.000276539792860742,0.25,1.07395432306235E-6,0.000132457938994509,1.81044454011085E-6,29.9942551,29.9954357,1999.70202636719,1999.70202636719,61.3961385570642,20.7390897704739,6.273368,0,0,0,40,4885,30.0529,1999.70202636719,,,,,,,,,,,,,0,,,,2.816592,,,,,,29.9948454,,,,
,44280316.205,29.99588105,1999.70202636719,0.000133000315946488,2.21326616714015E-7,1,0.999253354069792,40.0298881530762,1.99155529798117,18.7899991869926,0.0014988510205949,0.000277571837319537,0.25,1.18191505427166E-6,0.000132367103676513,1.91739146972867E-6,29.9954357,29.9963264,1999.70202636719,1999.70202636719,61.5524642609104,20.7384881046329,6.273368,0,0,0,40,4885,30.0529,1999.70202636719,,,,,,,,,,,,,0,,,,2.816592,,,,,,29.99588105,,,,
,44280317.38,29.9966249,1999.70202636719,0.00013316911465643,1.98972047659897E-7,1,0.999253354069792,40.0298881530762,1.99162137145679,18.7899991869926,0.0015010318010133,0.000276620215907899,0.25,1.06711951020862E-6,0.000132535746038479,1.80407727704072E-6,29.9963264,29.9969234,1999.70202636719,1999.70202636719,61.5094746923527,20.7379975740169,6.273368,0,0,0,40,4885,30.0529,1999.70202636719,,,,,,,,,,,,,0,,,,2.816592,,,,,,29.9966249,,,,
,44280318.63,29.99693485,1999.70202636719,0.000133217593885386,1.94398536105799E-7,1,0.999253354069792,40.0298881530762,1.99152707870695,18.7899991869926,0.00150109956746686,0.000279037927835826,0.25,1.27397686637261E-6,0.000132582768299192,2.01016170240024E-6,29.9969234,29.9969463,1999.70202636719,1999.70202636719,61.3609652736988,20.7400533757578,6.273368,0,0,0,40,4885,30.04785,1999.70202636719,,,,,,,,,,,,,0,,,,2.816592,,,,,,29.99693485,,,,
,44280320.94,29.9968204,1999.70202636719,0.000133301273178254,2.94374663201309E-7,1,0.999253354069792,40.0298881530762,1.99160127302553,18.7899991869926,0.00150324411787814,0.000272694157123516,0.25,6.96428577912302E-7,0.000132669197292593,1.43573494604939E-6,29.9968204,29.9968204,1999.70202636719,1999.70202636719,61.5337051764488,20.740944841121,6.646428,0,0,0,40,4885,30.04295,1999.70202636719,,,,,,,,,,,,,0,,,,2.816592,,,,,,29.9968204,,,,
,44280321.65,29.9965076,1999.70202636719,0.000133115046379753,2.04534957724408E-7,1,0.999253354069792,40.0298881530762,1.99161487115748,18.7899991869926,0.00150046030256994,0.000276254874757822,0.25,1.04450881565326E-6,0.000132481907071452,1.78113537319895E-6,29.9961948,29.9968204,1999.70202636719,1999.70202636719,61.4946237504873,20.7401476192945,6.646428,0,0,0,40,4885,30.0428,1999.70202636719,,,,,,,,,,,,,0,,,,2.8307313,,,,,,29.9965076,,,,
,44280322.88,29.99534225,1999.70202636719,0.000133020712677849,2.20072407356904E-7,1,0.999253354069792,40.0298881530762,1.99156405712665,18.7899991869926,0.00149941353260737,0.000275751278409584,0.25,1.0170911873533E-6,0.000132388171714049,1.75332145940165E-6,29.9944897,29.9961948,1999.70202636719,1999.70202636719,61.5313602908911,20.7387759100594,6.273368,0,0,0,40,4885,30.0428,1999.70202636719,,,,,,,,,,,,,0,,,,2.8448706,,,,,,29.99534225,,,,
,44280324.085,29.9939032,1999.70202636719,0.000133017508723231,2.36805545150767E-7,1,0.999253354069792,40.0298881530762,1.99155686741969,18.7899991869926,0.0014990569579118,0.000277530132437427,0.25,1.17541917557942E-6,0.000132384027322927,1.91081792112586E-6,29.9933167,29.9944897,1999.70202636719,1999.70202636719,61.4875890938142,20.73880105533,6.273368,0,0,0,40,4885,30.0378,1999.70202636719,,,,,,,,,,,,,0,,,,2.8307313,,,,,,29.9939032,,,,
,44280325.335,29.99282555,1999.70202636719,0.000132973928146132,2.07914546173148E-7,1,0.999253354069792,40.0298881530762,1.9916286093446,18.7899991869926,0.00149930413407583,0.000273541430540414,0.25,8.28954719643694E-7,0.000132342508069693,1.56567635047488E-6,29.9923344,29.9933167,1999.70202636719,1999.70202636719,61.575131487968,20.7379664072308,6.646428,0,0,0,40,4885,30.0328,1999.70202636719,,,,,,,,,,,,,0,,,,2.816592,,,,,,29.99282555,,,,
,44280326.52,29.99190715,1999.70202636719,0.000133223708954338,1.96303191040084E-7,1,0.999253354069792,40.0298881530762,1.99157219966721,18.7899991869926,0.00150159657931354,0.000276793913082335,0.25,1.07379982823835E-6,0.000132589748585406,1.81075854904029E-6,29.9914799,29.9923344,1999.70202636719,1999.70202636719,61.334389904045,20.737651242772,6.273368,0,0,0,40,4885,30.0328,1999.70202636719,,,,,,,,,,,,,0,,,,2.816592,,,,,,29.99190715,,,,
,44280327.6,29.9908762,1999.70202636719,0.000132868334114863,2.54693514050874E-7,1,0.999253354069792,40.0298881530762,1.99156125925048,18.7899991869926,0.00149738832171356,0.000277161501043723,0.25,1.16904489839504E-6,0.0001322355193218,1.90357533120333E-6,29.9902725,29.9914799,1999.70202636719,1999.70202636719,61.4602320956411,20.7382049713289,6.646428,0,0,0,40,4885,30.0328,1999.70202636719,,,,,,,,,,,,,0,,,,2.816592,,,,,,29.9908762,,,,
,44280328.615,29.98982045,1999.70202636719,0.000132831047308033,2.18094339034728E-7,1,0.999253354069792,40.0298881530762,1.99156125925048,18.7899991869926,0.0014967866673358,0.000278109810611602,0.25,1.25970223706181E-6,0.000132197831924392,1.99353222978325E-6,29.9893684,29.9902725,1999.70202636719,1999.70202636719,61.7126981073527,20.7382049713289,6.273368,0,0,0,40,4885,30.02795,1999.70202636719,,,,,,,,,,,,,0,,,,2.816592,,,,,,29.98982045,,,,
,44280329.615,29.98904225,1999.70202636719,0.000133049146861462,2.67067995538795E-7,1,0.999253354069792,40.0298881530762,1.99164344745346,18.7899991869926,0.00149957061535074,0.000277058469625943,0.25,1.12720416205772E-6,0.000132415641915086,1.86287344440856E-6,29.9887161,29.9893684,1999.70202636719,1999.70202636719,61.486807465295,20.7405367302643,6.273368,0,0,0,40,4885,30.02795,1999.70202636719,,,,,,,,,,,,,0,,,,2.816592,,,,,,29.98904225,,,,
,44280330.665,29.988204,1999.70202636719,0.000132845441643489,2.2416798082212E-7,1,0.999253354069792,40.0298881530762,1.99152010179224,18.7899991869926,0.00149738050295069,0.000275519418535123,0.25,1.02807511814579E-6,0.000132213520082746,1.76314054886589E-6,29.9876919,29.9887161,1999.70202636719,1999.70202636719,61.6650187676796,20.738099552245,6.273368,0,0,0,40,4885,30.03265,1999.70202636719,,,,,,,,,,,,,0,,,,2.80259335,,,,,,29.988204,,,,
,44280331.815,29.9872532,1999.70202636719,0.00013337067327592,2.45046775119579E-7,1,0.999253354069792,40.0298881530762,1.99149510689119,18.7899991869926,0.00150331766841118,0.000276406784918563,0.25,1.01454219084999E-6,0.000132736349904479,1.75259478637492E-6,29.9868145,29.9876919,1999.70202636719,1999.70202636719,61.422713926718,20.7382343043342,6.273368,0,0,0,40,4885,30.0325,1999.70202636719,,,,,,,,,,,,,0,,,,2.7885947,,,,,,29.9872532,,,,
,44280333.105,29.9865494,1999.70202636719,0.000133205074598109,2.03667048481035E-7,1,0.999253354069792,40.0298881530762,1.99156443542058,18.7899991869926,0.00150148915963339,0.000276134803746845,0.25,1.01885630733144E-6,0.000132571437984168,1.75590277299716E-6,29.9862843,29.9868145,1999.70202636719,1999.70202636719,61.3609652736988,20.738601265635,6.273368,0,0,0,40,4885,30.0278,1999.70202636719,,,,,,,,,,,,,0,,,,2.80259335,,,,,,29.9865494,,,,
,44280335.43,29.9854889,1999.70202636719,0.000133439609940115,2.41934413542143E-7,1,0.999253354069792,40.0298881530762,1.99158112742678,18.7999997287989,0.00150355157929994,0.000279998975653655,0.25,1.31964585527205E-6,0.000132803268372657,2.05664832644144E-6,29.9854889,29.9854889,1999.70202636719,1999.70202636719,61.4133343844873,20.7401503371883,6.646428,0,0,0,40,4885,30.0328,1999.70202636719,,,,,,,,,,,,,0,,,,2.816592,,,,,,29.9854889,,,,
,44280336.06,29.9854431,1999.70202636719,0.000132971887341566,2.21308227057186E-7,1,0.999253354069792,40.0298881530762,1.99153316024961,18.7899991869926,0.00149903023087785,0.000274561382654371,0.25,9.20786965234997E-7,0.000132339969800563,1.65706241949559E-6,29.9853973,29.9854889,1999.70202636719,1999.70202636719,61.3984834426219,20.7379004644027,6.646428,0,0,0,40,4885,30.03265,1999.70202636719,,,,,,,,,,,,,0,,,,2.80259335,,,,,,29.9854431,,,,
,44280337.28,29.9852924,1999.70202636719,0.000133159060484483,2.47271920252534E-7,1,0.999253354069792,40.0298881530762,1.99158354071063,18.7899991869926,0.00150144569045099,0.000273424846662367,0.25,7.86566829612387E-7,0.000132527006118925,1.52451543848581E-6,29.9851875,29.9853973,1999.70202636719,1999.70202636719,61.5509010038719,20.7378834207214,6.646428,0,0,0,40,4885,30.0325,1999.70202636719,,,,,,,,,,,,,0,,,,2.81673265,,,,,,29.9852924,,,,
,44280338.46,29.9851379,1999.70202636719,0.000133064176723746,2.02603729299647E-7,1,0.999253354069792,40.0298881530762,1.99156201206812,18.7899991869926,0.00149990359171618,0.000275822482541853,0.25,1.01593538021824E-6,0.000132431294483712,1.75227636316512E-6,29.9850883,29.9851875,1999.70202636719,1999.70202636719,61.5118195779104,20.738136262709,6.646428,0,0,0,40,4885,30.03265,1999.70202636719,,,,,,,,,,,,,0,,,,2.81673265,,,,,,29.9851379,,,,
,44280339.595,29.98501395,1999.70202636719,0.000133122027937937,2.36571386085526E-7,1,0.999253354069792,40.0298881530762,1.99158804191629,18.7899991869926,0.00150018296210549,0.000278169842378739,0.25,1.2134100053248E-6,0.00013248777548309,1.94914439786513E-6,29.9849396,29.9850883,1999.70202636719,1999.70202636719,61.6650187676796,20.7355424647609,6.273368,0,0,0,40,4885,30.0328,1999.70202636719,,,,,,,,,,,,,0,,,,2.80259335,,,,,,29.98501395,,,,
,44280341.58,29.9848061,1999.70202636719,0.000133447170379092,2.24914928798286E-7,1,0.999253354069792,40.0298881530762,1.99161697197169,18.7899991869926,0.00150442711176247,0.000275675926266455,0.25,9.34894978315994E-7,0.000132812936749885,1.67375315902109E-6,29.9848061,29.9848061,1999.70202636719,1999.70202636719,61.618902685045,20.7387770759762,6.273368,0,0,0,40,4885,30.0328,1999.70202636719,,,,,,,,,,,,,0,,,,2.816592,,,,,,29.9848061,,,,
,44280343.07,29.9847279,1999.70202636719,0.000133229249105185,2.50652818610343E-7,1,0.999253354069792,40.0298881530762,1.99155737420893,18.7899991869926,0.00150117909627407,0.000279470041868699,0.25,1.31009214185394E-6,0.000132593953008766,2.04596800328438E-6,29.9847279,29.9847279,1999.70202636719,1999.70202636719,61.4774279230642,20.7395949841129,6.646428,0,0,0,40,4885,30.0328,1999.70202636719,,,,,,,,,,,,,0,,,,2.7885947,,,,,,29.9847279,,,,
,44280343.705,29.98489095,1999.70202636719,0.000132979672556348,1.94052406620154E-7,1,0.999253354069792,40.0298881530762,1.9915969783103,18.7899991869926,0.00149925163915477,0.000274086715800892,0.25,8.76620827283625E-7,0.000132347964807873,1.61314783477749E-6,29.9847279,29.985054,1999.70202636719,1999.70202636719,61.3257919903334,20.7391562218147,6.273368,0,0,0,40,4885,30.03265,1999.70202636719,,,,,,,,,,,,,0,,,,2.80259335,,,,,,29.98489095,,,,
,44280344.87,29.98490335,1999.70202636719,0.000133451405505376,2.14276308206268E-7,1,0.999253354069792,40.0298881530762,1.99156546157846,18.7899991869926,0.00150409455942733,0.000277627662156804,0.25,1.10766962228517E-6,0.000132816187265502,1.84573495574002E-6,29.9847527,29.985054,1999.70202636719,1999.70202636719,61.6407882835834,20.739173168626,6.646428,0,0,0,40,4885,30.03265,1999.70202636719,,,,,,,,,,,,,0,,,,2.80259335,,,,,,29.98490335,,,,
,44280346.095,29.98479845,1999.70202636719,0.000133279159887439,2.03512352794217E-7,1,0.999253354069792,40.0298881530762,1.99160466597104,18.7899991869926,0.00150230046145045,0.000276598295784321,0.25,1.04632709510492E-6,0.000132645097564866,1.78372424777643E-6,29.9847527,29.9848442,1999.70202636719,1999.70202636719,61.2921819640065,20.7380841956562,6.273368,0,0,0,40,4885,30.0328,1999.70202636719,,,,,,,,,,,,,0,,,,2.80259335,,,,,,29.98479845,,,,
,44280347.345,29.9847822,1999.70202636719,0.000133056964752699,2.75996546553703E-7,1,0.999253354069792,40.0298881530762,1.99159579443867,18.7899991869926,0.00149962970659739,0.000277044124380132,0.25,1.12503797619271E-6,0.000132423511401757,1.86082654426055E-6,29.9847202,29.9848442,1999.70202636719,1999.70202636719,61.5493377468334,20.7412355586121,6.646428,0,0,0,40,4885,30.0328,1999.70202636719,,,,,,,,,,,,,0,,,,2.816592,,,,,,29.9847822,,,,
,44280348.62,29.9846258,1999.70202636719,0.000132924103739781,2.4620279092006E-7,1,0.999253354069792,40.0298881530762,1.99160745361219,18.7899991869926,0.00149856108708556,0.000274380317638778,0.25,9.12288749653488E-7,0.0001322924617492,1.64834014979715E-6,29.9845314,29.9847202,1999.70202636719,1999.70202636719,61.7416183625642,20.7392548041587,6.273368,0,0,0,40,4885,30.0328,1999.70202636719,,,,,,,,,,,,,0,,,,2.8307313,,,,,,29.9846258,,,,
,44280349.76,29.98451805,1999.70202636719,0.000133039201079555,2.20369382939288E-7,1,0.999253354069792,40.0298881530762,1.99158290260206,18.7899991869926,0.00149945302408905,0.000276814390779732,0.25,1.10804096722106E-6,0.000132405853817135,1.84374525593079E-6,29.9845047,29.9845314,1999.70202636719,1999.70202636719,61.5673152027757,20.7379802158781,6.646428,0,0,0,40,4885,30.02795,1999.70202636719,,,,,,,,,,,,,0,,,,2.81673265,,,,,,29.98451805,,,,
,44280350.905,29.9843378,1999.70202636719,0.000133310149336973,2.17958630371139E-7,1,0.999253354069792,40.0298881530762,1.99162082937973,18.7899991869926,0.00150271445750171,0.000276358433738489,0.25,1.01951114506239E-6,0.000132676017971149,1.75714176224298E-6,29.9841709,29.9845047,1999.70202636719,1999.70202636719,61.5540275179488,20.7376367736985,6.273368,0,0,0,40,4885,30.02795,1999.70202636719,,,,,,,,,,,,,0,,,,2.7885947,,,,,,29.9843378,,,,
,44280353.075,29.983799,1999.70202636719,0.000133178167137229,2.74058993916974E-7,1,0.999253354069792,40.0298881530762,1.99159589675732,18.7899991869926,0.00150119645102127,0.000276146879187693,0.25,1.02436918835379E-6,0.0001325445587649,1.7611764061035E-6,29.983799,29.983799,1999.70202636719,1999.70202636719,61.4719565234296,20.7376406526167,6.646428,0,0,0,40,4885,30.0231,1999.70202636719,,,,,,,,,,,,,0,,,,2.816592,,,,,,29.983799,,,,
,44280353.76,29.98374655,1999.70202636719,0.000133353792684376,2.36142834577976E-7,1,0.999253354069792,40.0298881530762,1.99164146294997,18.7899991869926,0.00150254754121505,0.000280279245525416,0.25,1.35894494924758E-6,0.000132717563472972,2.09521643620236E-6,29.9836941,29.983799,1999.70202636719,1999.70202636719,61.5258888912565,20.7400082885294,6.273368,0,0,0,40,4885,30.0278,1999.70202636719,,,,,,,,,,,,,0,,,,2.80259335,,,,,,29.98374655,,,,
,44280354.96,29.98342895,1999.70202636719,0.000132921483607705,2.45020776355787E-7,1,0.999253354069792,40.0298881530762,1.99155155510149,18.7899991869926,0.00149774581023948,0.000278599039663368,0.25,1.28724417771805E-6,0.000132287692005944,2.02144605477999E-6,29.9831638,29.9836941,1999.70202636719,1999.70202636719,61.4625769811988,20.7388332537547,6.273368,0,0,0,40,4885,30.0278,1999.70202636719,,,,,,,,,,,,,0,,,,2.80259335,,,,,,29.98342895,,,,
,44280356.045,29.9829149,1999.70202636719,0.000133271618053708,2.61269159709622E-7,1,0.999253354069792,40.0298881530762,1.99151920858713,18.7999997287989,0.00150277677624676,0.000273023391836493,0.25,7.32086816560728E-7,0.000132639195277205,1.47079047090159E-6,29.982666,29.9831638,1999.70202636719,1999.70202636719,61.4883707223334,20.7404820068341,6.646428,0,0,0,40,4885,30.02295,1999.70202636719,,,,,,,,,,,,,0,,,,2.816592,,,,,,29.9829149,,,,
,44280357.13,29.9823742,1999.70202636719,0.000133072578399952,2.48599033908303E-7,1,0.999253354069792,40.0298881530762,1.99160873053859,18.7999997287989,0.00150065815825212,0.000272277927787422,0.25,7.00042230947462E-7,0.00013244127073713,1.4377865559657E-6,29.9820824,29.982666,1999.70202636719,1999.70202636719,61.2765493936219,20.7408819328893,6.273368,0,0,0,40,4885,30.0228,1999.70202636719,,,,,,,,,,,,,0,,,,2.80259335,,,,,,29.9823742,,,,
,44280358.32,29.9816513,1999.70202636719,0.00013295096111101,2.00399339338541E-7,1,0.999253354069792,40.0298881530762,1.99158499320563,18.7899991869926,0.00149911741294192,0.000272890973814033,0.25,7.76034880225678E-7,0.000132319804316082,1.51274366976567E-6,29.9812202,29.9820824,1999.70202636719,1999.70202636719,61.6790880810258,20.7394077958056,6.646428,0,0,0,40,4885,30.0228,1999.70202636719,,,,,,,,,,,,,0,,,,2.7885947,,,,,,29.9816513,,,,
,44280359.485,29.9810829,1999.70202636719,0.000133058584492272,2.39178629778924E-7,1,0.999253354069792,40.0298881530762,1.99160115741678,18.7899991869926,0.00149965683193514,0.000277009917410126,0.25,1.12182009210517E-6,0.000132424995204308,1.85749791095203E-6,29.9809456,29.9812202,1999.70202636719,1999.70202636719,61.4391281256219,20.7401613302113,6.273368,0,0,0,40,4885,30.0228,1999.70202636719,,,,,,,,,,,,,0,,,,2.7885947,,,,,,29.9810829,,,,
,44280361.445,29.9806137,1999.70202636719,0.000133445643160819,2.19179997213822E-7,1,0.999253354069792,40.0298881530762,1.99160679583905,18.7899991869926,0.00150523401351939,0.000270942838906772,0.25,5.16039369136146E-7,0.000132813678107684,1.25679607307296E-6,29.9806137,29.9806137,1999.70202636719,1999.70202636719,61.229651682468,20.7398633766463,6.273368,0,0,0,40,4885,30.0278,1999.70202636719,,,,,,,,,,,,,0,,,,2.816592,,,,,,29.9806137,,,,
,44280362.155,29.9806299,1999.70202636719,0.00013328170956474,2.31191164751089E-7,1,0.999253354069792,40.0298881530762,1.99156123011657,18.7899991869926,0.00150256159414898,0.000275100336985827,0.25,9.13673906149789E-7,0.000132648377825213,1.65171059058085E-6,29.9806137,29.9806461,1999.70202636719,1999.70202636719,61.2491923954488,20.7394521309173,6.273368,0,0,0,40,4885,30.0328,1999.70202636719,,,,,,,,,,,,,0,,,,2.816592,,,,,,29.9806299,,,,
,44280363.38,29.98059845,1999.70202636719,0.000133286293157269,2.35634760967976E-7,1,0.999253354069792,40.0298881530762,1.99153039511588,18.7899991869926,0.00150227435855244,0.000276900253656808,0.25,1.07277531402457E-6,0.000132651978737361,1.81001998987702E-6,29.9805508,29.9806461,1999.70202636719,1999.70202636719,61.5931089439104,20.7388235550351,6.646428,0,0,0,40,4885,30.0278,1999.70202636719,,,,,,,,,,,,,0,,,,2.816592,,,,,,29.98059845,,,,
,44280364.605,29.98051645,1999.70202636719,0.000133302961061296,2.28176070149462E-7,1,0.999253354069792,40.0298881530762,1.9915267734822,18.7899991869926,0.00150281034429964,0.000274941621748669,0.25,8.96356682454173E-7,0.0001326695484043,1.63452383686522E-6,29.9804821,29.9805508,1999.70202636719,1999.70202636719,61.3453327033142,20.7384999501707,6.273368,0,0,0,40,4885,30.02765,1999.70202636719,,,,,,,,,,,,,0,,,,2.80259335,,,,,,29.98051645,,,,
,44280366.635,29.9806843,1999.70202636719,0.000132916623224839,1.8116664405589E-7,1,0.999253354069792,40.0298881530762,1.99156720617524,18.7999997287989,0.00149885992834497,0.000272018862360356,0.25,7.0485814962939E-7,0.000132286175372057,1.44184568400238E-6,29.9806843,29.9806843,1999.70202636719,1999.70202636719,61.4148976415257,20.7398674321164,6.273368,0,0,0,40,4885,30.0328,1999.70202636719,,,,,,,,,,,,,0,,,,2.816592,,,,,,29.9806843,,,,
,44280367.25,29.9807806,1999.70202636719,0.000133174025683046,2.79274244666963E-7,1,0.999253354069792,40.0298881530762,1.9915760642792,18.7999997287989,0.00150086464648516,0.000277684510254688,0.25,1.1614001985319E-6,0.000132539821622385,1.89766941655276E-6,29.9806843,29.9808769,1999.70202636719,1999.70202636719,61.1866621139103,20.7397269275468,6.273368,0,0,0,40,4885,30.0328,1999.70202636719,,,,,,,,,,,,,0,,,,2.816592,,,,,,29.9807806,,,,
,44280368.365,29.9809723,1999.70202636719,0.000133140553541005,2.27731091484907E-7,1,0.999253354069792,40.0298881530762,1.99156238755503,18.7899991869926,0.00150083129908294,0.000275603343244677,0.25,9.8306983719489E-7,0.000132507500335898,1.71999320851743E-6,29.9808769,29.9810677,1999.70202636719,1999.70202636719,61.6173394280065,20.7387555917422,6.273368,0,0,0,40,4885,30.0328,1999.70202636719,,,,,,,,,,,,,0,,,,2.80259335,,,,,,29.9809723,,,,
,44280369.5,29.9813023,1999.70202636719,0.000133079433826191,2.1556282254932E-7,1,0.999253354069792,40.0298881530762,1.99159768517414,18.7899991869926,0.0015002022794759,0.000275284801775136,0.25,9.65194209994389E-7,0.000132446767983307,1.70186141648427E-6,29.9810677,29.9815369,1999.70202636719,1999.70202636719,61.8643340400835,20.7393648822008,6.646428,0,0,0,40,4885,30.0328,1999.70202636719,,,,,,,,,,,,,0,,,,2.7885947,,,,,,29.9813023,,,,
,44280370.525,29.98175525,1999.70202636719,0.000133566133715737,2.14167208552543E-7,1,0.999253354069792,40.0298881530762,1.99159768517414,18.7899991869926,0.00150534130206523,0.000278266065265342,0.25,1.14365284303496E-6,0.000132930179363523,1.8821896400645E-6,29.9815369,29.9819736,1999.70202636719,1999.70202636719,61.2577903091603,20.7393648822008,6.273368,0,0,0,40,4885,30.0328,1999.70202636719,,,,,,,,,,,,,0,,,,2.80259335,,,,,,29.98175525,,,,
,44280371.57,29.9822578,1999.70202636719,0.000133192165721456,2.00254960551483E-7,1,0.999253354069792,40.0298881530762,1.99157116086993,18.7899991869926,0.00150136534236467,0.00027601840435745,0.25,1.01065576318338E-6,0.000132558714430178,1.74773655489507E-6,29.9819736,29.982542,1999.70202636719,1999.70202636719,61.6712717958334,20.7406714733448,6.273368,0,0,0,40,4885,30.0328,1999.70202636719,,,,,,,,,,,,,0,,,,2.80259335,,,,,,29.9822578,,,,
,44280372.705,29.9831724,1999.70202636719,0.000132917269258865,2.0526667842063E-7,1,0.999253354069792,40.0298881530762,1.99159673796984,18.7899991869926,0.00149840517206076,0.000274774293017226,0.25,9.48439591225368E-7,0.00013228553428491,1.6843498955634E-6,29.982542,29.9838028,1999.70202636719,1999.70202636719,61.4234955552373,20.7388764714993,6.646428,0,0,0,40,4885,30.0378,1999.70202636719,,,,,,,,,,,,,0,,,,2.80259335,,,,,,29.9831724,,,,
,44280373.9,29.98414805,1999.70202636719,0.000133184068105129,2.3669658810847E-7,1,0.999253354069792,40.0298881530762,1.99160518799928,18.7999997287989,0.00150177382047387,0.000273315438460648,0.25,7.72057439011033E-7,0.000132552130163676,1.51035056243701E-6,29.9838028,29.9844933,1999.70202636719,1999.70202636719,61.5188542345834,20.7416392897843,6.646428,0,0,0,40,4885,30.04265,1999.70202636719,,,,,,,,,,,,,0,,,,2.80259335,,,,,,29.98414805,,,,
,44280375.07,29.98489095,1999.70202636719,0.000133241284135694,2.82483044536112E-7,1,0.999253354069792,40.0298881530762,1.9915489356212,18.7899991869926,0.00150257306182669,0.000272320287063176,0.25,6.74471849747424E-7,0.000132609619513179,1.41354357795743E-6,29.9844933,29.9852886,1999.70202636719,1999.70202636719,61.1952600276219,20.7404937043854,6.646428,0,0,0,40,4885,30.04265,1999.70202636719,,,,,,,,,,,,,0,,,,2.7885947,,,,,,29.98489095,,,,
,44280376.11,29.9855423,1999.70202636719,0.000133202376483806,2.08340576634991E-7,1,0.999253354069792,40.0298881530762,1.99157827256713,18.7899991869926,0.00150142430931214,0.000276398254371627,0.25,1.0422672024335E-6,0.000132568847993585,1.77939094957312E-6,29.9852886,29.985796,1999.70202636719,1999.70202636719,61.3711264444488,20.7385678853542,6.646428,0,0,0,40,4885,30.0428,1999.70202636719,,,,,,,,,,,,,0,,,,2.7885947,,,,,,29.9855423,,,,
,44280377.195,29.98610305,1999.70202636719,0.000132900848613458,1.76211067995148E-7,1,0.999253354069792,40.0298881530762,1.99164769047727,18.7999997287989,0.00149809788681374,0.00027565353160632,0.25,1.028549859902E-6,0.000132268816998609,1.76405851129453E-6,29.985796,29.9864101,1999.70202636719,1999.70202636719,61.3390796751603,20.738418630584,6.646428,0,0,0,40,4885,30.0428,1999.70202636719,,,,,,,,,,,,,0,,,,2.80259335,,,,,,29.98610305,,,,
,44280378.265,29.9867115,1999.70202636719,0.00013309741303928,2.11561160530937E-7,1,0.999253354069792,40.0298881530762,1.99154175660223,18.7899991869926,0.00150071394985995,0.000273340646557734,0.25,7.90276218633748E-7,0.000132465781916805,1.52800274886691E-6,29.9864101,29.9870129,1999.70202636719,1999.70202636719,61.3789427296411,20.7403647150593,6.273368,0,0,0,40,4885,30.0428,1999.70202636719,,,,,,,,,,,,,0,,,,2.816592,,,,,,29.9867115,,,,
,44280379.39,29.9872818,1999.70202636719,0.000133448105554385,2.67301841733775E-7,1,0.999253354069792,40.0298881530762,1.99161091539958,18.7899991869926,0.00150456619457547,0.00027493188507905,0.25,8.68722391122834E-7,0.000132814384256629,1.60803284926708E-6,29.9870129,29.9875507,1999.70202636719,1999.70202636719,61.4524158104488,20.7398955092016,6.273368,0,0,0,40,4885,30.0428,1999.70202636719,,,,,,,,,,,,,0,,,,2.816592,,,,,,29.9872818,,,,
,44280381.48,29.9884968,1999.70202636719,0.000133153482570623,2.71559247434438E-7,1,0.999253354069792,40.0298881530762,1.99169430914849,18.7899991869926,0.00150108631196477,0.000275574635847814,0.25,9.7654934697809E-7,0.000132520547930272,1.7137103829383E-6,29.9884968,29.9884968,1999.70202636719,1999.70202636719,61.524325634218,20.7420086794717,6.646428,0,0,0,40,4885,30.0428,1999.70202636719,,,,,,,,,,,,,0,,,,2.7885947,,,,,,29.9884968,,,,
,44280382.18,29.9886446,1999.70202636719,0.000133463330168069,1.89036224194307E-7,1,0.999253354069792,40.0298881530762,1.99156030947911,18.7899991869926,0.00150423432903745,0.000277610157192854,0.25,1.10391677010967E-6,0.000132828225686597,1.84220365647172E-6,29.9884968,29.9887924,1999.70202636719,1999.70202636719,61.483680951218,20.7392659649455,6.273368,0,0,0,40,4885,30.0428,1999.70202636719,,,,,,,,,,,,,0,,,,2.80259335,,,,,,29.9886446,,,,
,44280383.435,29.98888585,1999.70202636719,0.000133040349042633,2.17105126057616E-7,1,0.999253354069792,40.0298881530762,1.99162089189737,18.7899991869926,0.00149889730972084,0.00028021718061459,0.25,1.40869711289144E-6,0.000132405467337546,2.14312570980814E-6,29.9887924,29.9889793,1999.70202636719,1999.70202636719,61.6345352554296,20.7401498724767,6.646428,0,0,0,40,4885,30.03795,1999.70202636719,,,,,,,,,,,,,0,,,,2.816592,,,,,,29.98888585,,,,
,44280385.63,29.9891644,1999.70202636719,0.000132982195830969,1.9997039003034E-7,1,0.999253354069792,40.0298881530762,1.9915318329865,18.7999997287989,0.00149878028070685,0.000276667024549416,0.25,1.10538368425909E-6,0.000132349345595949,1.84097932743963E-6,29.9891644,29.9891644,1999.70202636719,1999.70202636719,61.4555423245257,20.7399594083624,6.273368,0,0,0,40,4885,30.0425,1999.70202636719,,,,,,,,,,,,,0,,,,2.7885947,,,,,,29.9891644,,,,
,44280386.405,29.98909955,1999.70202636719,0.000133449016691055,1.84040735693209E-7,1,0.999253354069792,40.0298881530762,1.99157518187285,18.7899991869926,0.00150500370049874,0.000272355335047675,0.25,6.40711067527012E-7,0.000132816557388494,1.38109907629179E-6,29.9890347,29.9891644,1999.70202636719,1999.70202636719,61.5063481782757,20.7383136813439,6.646428,0,0,0,40,4885,30.04265,1999.70202636719,,,,,,,,,,,,,0,,,,2.80259335,,,,,,29.98909955,,,,
,44280387.61,29.9891434,1999.70202636719,0.000132994738957155,2.36377313975798E-7,1,0.999253354069792,40.0298881530762,1.99153412016688,18.7899991869926,0.00150004981500807,0.000270293462696407,0.25,5.38465593999263E-7,0.000132364992274169,1.27680680384369E-6,29.9890347,29.9892521,1999.70202636719,1999.70202636719,61.5251072627373,20.7406367734944,6.273368,0,0,0,40,4885,30.0428,1999.70202636719,,,,,,,,,,,,,0,,,,2.80259335,,,,,,29.9891434,,,,
,44280388.79,29.9893608,1999.70202636719,0.000132773494855008,2.27340079893195E-7,1,0.999253354069792,40.0298881530762,1.99158455266191,18.7999997287989,0.00149657260561321,0.000275633492738834,0.25,1.04993120095478E-6,0.000132141939121308,1.78462757656952E-6,29.9892521,29.9894695,1999.70202636719,1999.70202636719,61.4516341819296,20.7407107730396,6.646428,0,0,0,40,4885,30.04265,1999.70202636719,,,,,,,,,,,,,0,,,,2.80259335,,,,,,29.9893608,,,,
,44280390.015,29.9895086,1999.70202636719,0.000133359964517052,2.19314655340539E-7,1,0.999253354069792,40.0298881530762,1.99157388217156,18.7899991869926,0.00150371849107589,0.000273764000929207,0.25,7.81201679198828E-7,0.000132727141877269,1.52043152459509E-6,29.9894695,29.9895477,1999.70202636719,1999.70202636719,61.4875890938142,20.7396773552315,6.646428,0,0,0,40,4885,30.04265,1999.70202636719,,,,,,,,,,,,,0,,,,2.80259335,,,,,,29.9895086,,,,
,44280391.22,29.98964595,1999.70202636719,0.000133130173900002,2.5629840942166E-7,1,0.999253354069792,40.0298881530762,1.99158807424178,18.7899991869926,0.00150075640414543,0.000275460301805169,0.25,9.71763909395266E-7,0.000132497374726486,1.70881763720961E-6,29.9895477,29.9897442,1999.70202636719,1999.70202636719,61.6814329665834,20.7402616847518,6.646428,0,0,0,40,4885,30.0428,1999.70202636719,,,,,,,,,,,,,0,,,,2.7885947,,,,,,29.98964595,,,,
,44280392.37,29.98986435,1999.70202636719,0.000133452696831236,2.58132498467148E-7,1,0.999253354069792,40.0298881530762,1.99159414404366,18.7999997287989,0.00150450177292604,0.000275530475717701,0.25,9.21142019954446E-7,0.000132818659548718,1.66023099522924E-6,29.9897442,29.9899845,1999.70202636719,1999.70202636719,61.2749861365834,20.7385728531142,6.273368,0,0,0,40,4885,30.0428,1999.70202636719,,,,,,,,,,,,,0,,,,2.7885947,,,,,,29.98986435,,,,
,44280394.305,29.9901772,1999.70202636719,0.000133250465035468,2.02591952679937E-7,1,0.999253354069792,40.0298881530762,1.99153063253381,18.7899991869926,0.00150167867405767,0.000277931325613041,0.25,1.17018787614642E-6,0.000132615993134299,1.90697661986677E-6,29.9901772,29.9901772,1999.70202636719,1999.70202636719,61.2828024217757,20.7398294628736,6.646428,0,0,0,40,4885,30.0428,1999.70202636719,,,,,,,,,,,,,0,,,,2.80259335,,,,,,29.9901772,,,,
,44280395.03,29.990407,1999.70202636719,0.000133103952402566,1.84674592786816E-7,1,0.999253354069792,40.0298881530762,1.99149673147548,18.7899991869926,0.00150030469946851,0.000275908267243617,0.25,1.01713529833538E-6,0.000132471023362205,1.7538291279923E-6,29.9901772,29.9906368,1999.70202636719,1999.70202636719,61.4414730111796,20.7386676842183,5.900308,0,0,0,40,4885,30.0428,1999.70202636719,,,,,,,,,,,,,0,,,,2.80259335,,,,,,29.990407,,,,
,44280397.035,29.9909382,1999.70202636719,0.000133227813519483,2.19098372887854E-7,1,0.999253354069792,40.0298881530762,1.99153591219377,18.7899991869926,0.00150180122735207,0.000275759698985156,0.25,9.81713223288932E-7,0.000132594497622026,1.71926397380218E-6,29.9909382,29.9909382,1999.70202636719,1999.70202636719,61.483680951218,20.7395042370526,6.646428,0,0,0,40,4885,30.0428,1999.70202636719,,,,,,,,,,,,,0,,,,2.816592,,,,,,29.9909382,,,,
,44280397.67,29.9911089,1999.70202636719,0.00013319664481522,2.42082079610297E-7,1,0.999253354069792,40.0298881530762,1.99154581593553,18.7899991869926,0.00150143853833763,0.000275801350761881,0.25,9.90773739494317E-7,0.000132563425175225,1.72810815690929E-6,29.9909382,29.9912796,1999.70202636719,1999.70202636719,61.3336082755257,20.7407312239332,6.646428,0,0,0,40,4885,30.0428,1999.70202636719,,,,,,,,,,,,,0,,,,2.816592,,,,,,29.9911089,,,,
,44280398.82,29.991683,1999.70202636719,0.000133090526161941,2.0722658820049E-7,1,0.999253354069792,40.0298881530762,1.9915542746038,18.7999997287989,0.00150045334555639,0.0002744183486407,0.25,8.86824423332052E-7,0.000132458385172213,1.62405754508784E-6,29.9912796,29.9920864,1999.70202636719,1999.70202636719,61.6994104225258,20.7390108259912,6.273368,0,0,0,40,4885,30.0428,1999.70202636719,,,,,,,,,,,,,0,,,,2.80259335,,,,,,29.991683,,,,
,44280399.99,29.99214935,1999.70202636719,0.000133464047450425,2.78685147515959E-7,1,0.999253354069792,40.0298881530762,1.99161283549725,18.7899991869926,0.00150450346303745,0.000276350112631946,0.25,9.9154086570409E-7,0.00013282956244001,1.73036128557261E-6,29.9920864,29.9922123,1999.70202636719,1999.70202636719,61.5563724035065,20.7412809368997,5.900308,0,0,0,40,4885,30.0428,1999.70202636719,,,,,,,,,,,,,0,,,,2.80259335,,,,,,29.99214935,,,,
,44280402,29.9932575,1999.70202636719,0.000133020385073449,2.24422271222285E-7,1,0.999253354069792,40.0298881530762,1.99162142106935,18.7899991869926,0.00149934491159659,0.000276361037768544,0.25,1.07049846664856E-6,0.000132387550012474,1.80647525152041E-6,29.9932575,29.9932575,1999.70202636719,1999.70202636719,61.6126496568911,20.7400157592367,6.646428,0,0,0,40,4885,30.0428,1999.70202636719,,,,,,,,,,,,,0,,,,2.816592,,,,,,29.9932575,,,,
,44280402.705,29.99347305,1999.70202636719,0.00013299626120932,1.99835672881631E-7,1,0.999253354069792,40.0298881530762,1.99155481332995,18.7899991869926,0.00149840126210658,0.000279847035304148,0.25,1.38437103888898E-6,0.000132361791138777,2.11873427770326E-6,29.9932575,29.9936886,1999.70202636719,1999.70202636719,61.2609168232372,20.7396522194464,6.273368,0,0,0,40,4885,30.0428,1999.70202636719,,,,,,,,,,,,,0,,,,2.80259335,,,,,,29.99347305,,,,
,44280403.915,29.9939108,1999.70202636719,0.000133193489971301,1.80459359228665E-7,1,0.999253354069792,40.0298881530762,1.99156268482952,18.7899991869926,0.00150188575430571,0.000273122874777806,0.25,7.53830448443572E-7,0.000132561602621948,1.49226387764456E-6,29.9936886,29.994133,1999.70202636719,1999.70202636719,61.4774279230642,20.7407344764287,6.646428,0,0,0,40,4885,30.0428,1999.70202636719,,,,,,,,,,,,,0,,,,2.80259335,,,,,,29.9939108,,,,
,44280404.99,29.9943838,1999.70202636719,0.000133283581446862,2.13367224095385E-7,1,0.999253354069792,40.0298881530762,1.99155032865809,18.7899991869926,0.00150269057778848,0.000274454514445228,0.25,8.56094801277482E-7,0.000132650699417691,1.59454817005316E-6,29.994133,29.9946346,1999.70202636719,1999.70202636719,61.5047849212373,20.7399119402175,6.646428,0,0,0,40,4881,30.0428,1999.70202636719,,,,,,,,,,,,,0,,,,2.80259335,,,,,,29.9943838,,,,
