[Header]
; VSM Data File (default extension .dat)
; Copyright (c) 2003-2013, Quantum Design, Inc. All rights reserved.
TITLE,KYBSE2 TB001X2 30 TO 60 K
FILEOPENTIME,44269900.47,05/28/2026,5:33 pm
BYAPP,VSM,2.0,2.0
INFO,PPMS VSM Option Release 1.4.10 Build 1,APPNAME
INFO,Quantum Design Linear Motor Servo Controller,MOTOR_MODULE_NAME
INFO,3101-100 M1,MOTOR_HW_VERSION
INFO,MMC920,MOTOR_SERIAL_NUMBER
INFO,SRV No X-over 01.03.11,MOTOR_SOFTWARE_VERSION
INFO,Quantum Design VSM Detection Module,VSM_MODULE_NAME
INFO,3101-150 F0,VSM_HW_VERSION
INFO,VSM672,VSM_SERIAL_NUMBER
INFO,VSM No X-over 01.02.05 May 20 2008 13:51:47,VSM_SOFTWARE_VERSION
INFO,659,PREAMP_SERIAL_NUMBER
INFO,749,COIL_SERIAL_NUMBER
INFO,0,MOMENT_UNITS
INFO,KYbSe2,SAMPLE_MATERIAL
INFO,TB001X2,SAMPLE_COMMENT
INFO,5.9,SAMPLE_MASS
INFO,,SAMPLE_VOLUME
INFO,370.06,SAMPLE_MOLECULAR_WEIGHT
INFO,,SAMPLE_SIZE
INFO,,SAMPLE_SHAPE
DATATYPE,COMMENT,1
DATATYPE,TIME,2
STARTUPAXIS,X,2
STARTUPAXIS,Y1,5
[Data]
Comment,Time Stamp (sec),Temperature (K),Magnetic Field (Oe),Moment (emu),M. Std. Err. (emu),Transport Action,Averaging Time (sec),Frequency (Hz),Peak Amplitude (mm),Center Position (mm),Coil Signal' (mV),Coil Signal" (mV),Range (mV),M. Quad. Signal (emu),M. Raw' (emu),M. Raw" (emu),Min. Temperature (K),Max. Temperature (K),Min. Field (Oe),Max. Field (Oe),Mass (grams),Motor Lag (deg),Pressure (Torr),VSM Status (code),Motor Status (code),Measure Status (code),Measure Count,PPMS Status (code),System Temp. (K),System Field (Oe),Sample Position (deg),Bridge 1 Resistance (ohms),Bridge 1 Excitation (µA),Bridge 2 Resistance (ohms),Bridge 2 Excitation (µA),Bridge 3 Resistance (ohms),Bridge 3 Excitation (µA),Bridge 4 Resistance (ohms),Bridge 4 Excitation (µA),Signal 1 Vin (V),Signal 2 Vin (V),Digital Inputs (code),Drive 1 Iout (mA),Drive 1 Ipower (W),Drive 2 Iout (mA),Drive 2 Ipower (W),Pressure (),Map 20 (),Map 21 (),Map 22 (),Map 23 (),Map 24 (),Map 25 (),Map 26 (),Map 27 (),Map 28 (),Map 29 ()
,44269934.72,29.9655819,1999.70202636719,,,2,,,,19.075999819994,,,,,,,29.9655819,29.9655819,1999.70202636719,1999.70202636719,,,7.019488,,,,-99999999,4885,30.0174,1999.70202636719,,,,,,,,,,,,,,,,,,,,,,,29.9655819,,,,
,44270038.415,29.98597335,1999.70202636719,0.00106748076746591,2.89010744648195E-7,1,0.999253354069792,40.0298881530762,2.00113367588417,19.0600007772446,0.0120892238889066,0.00221454854019013,0.25,7.4176426583242E-6,0.00106240706305994,1.33276976723852E-5,29.9859524,29.9859943,1999.70202636719,1999.70202636719,61.7080083362373,20.7650764668276,7.019488,0,0,0,40,4881,30.0276,1999.70202636719,,,,,,,,,,,,,0,,,,2.7471541,,,,,,29.98597335,,,,
,44270045.235,29.9864063,1999.70202636719,0.0010678454214473,3.10983556458136E-7,1,0.999253354069792,40.0298881530762,2.00099885729129,19.0699994564056,0.0120942011737364,0.00220609687011056,0.25,6.61803797041133E-6,0.00106277680758288,1.25360126748047E-5,29.9864063,29.9864063,1999.70202636719,1999.70202636719,61.3250103618142,20.7664197194066,6.646428,0,0,0,40,4882,30.0472,1999.70202636719,,,,,,,,,,,,,0,,,,2.7471541,,,,,,29.9864063,,,,
,44270045.96,29.9868183,1999.70202636719,0.00106716623940244,2.78767920790832E-7,1,0.999253354069792,40.0298881530762,2.00100842915449,19.0600007772446,0.0120862016622379,0.00220680231410668,0.25,6.79826810355739E-6,0.00106210042106089,1.27121505209803E-5,29.9864063,29.9872303,1999.70202636719,1999.70202636719,61.5563724035065,20.7670751044741,6.273368,0,0,0,40,4882,30.0522,1999.70202636719,,,,,,,,,,,,,0,,,,2.7471541,,,,,,29.9868183,,,,
,44270048.095,29.99085045,1999.70202636719,0.00106747087387737,3.3017226939234E-7,1,0.999253354069792,40.0298881530762,2.00108590004697,19.0600007772446,0.0120900845984494,0.00220770681423969,0.25,6.81530561349712E-6,0.0010624053053814,1.27324288406744E-5,29.9888687,29.9928322,1999.70202636719,1999.70202636719,61.6853411091796,20.7676685700941,7.019488,0,0,0,40,4882,30.0672,1999.70202636719,,,,,,,,,,,,,0,,,,2.7471541,,,,,,29.99085045,,,,
,44270049.68,29.9977417,1999.70202636719,0.00106763954625623,2.23202622690826E-7,1,0.999253354069792,40.0298881530762,2.00108814932221,19.0699994564056,0.0120926014553376,0.00220496654372263,0.25,6.5392007363014E-6,0.00106257890669723,1.24623591328081E-5,29.9977417,29.9977417,1999.70202636719,1999.70202636719,61.0506587515642,20.7680694221569,6.646428,0,0,0,40,4882,30.1022,1999.70202636719,,,,,,,,,,,,,0,,,,2.7334323,,,,,,29.9977417,,,,
,44270051.18,30.0049,1999.70202636719,0.001067362152547,2.41202110118274E-7,1,0.999253354069792,40.0298881530762,2.00102594800278,19.0699994564056,0.0120877903662521,0.00221197882578603,0.25,7.20898454727527E-6,0.00106230207533856,1.3130171799628E-5,30.0049,30.0049,1999.70202636719,1999.70202636719,61.117878804218,20.7649610774848,6.646428,0,0,0,40,4882,30.1273,1999.70202636719,,,,,,,,,,,,,0,,,,2.7334323,,,,,,30.0049,,,,
,44270051.915,30.00929545,1999.70202636719,0.00106763665770061,2.34951205613723E-7,1,0.999253354069792,40.0298881530762,2.00117414947497,19.0600007772446,0.0120930560876031,0.00220545674454754,0.25,6.5691134500811E-6,0.0010625812730643,1.24970283797372E-5,30.0049,30.0136909,1999.70202636719,1999.70202636719,61.483680951218,20.7677762838253,6.646428,0,0,0,40,4882,30.1474,1999.70202636719,,,,,,,,,,,,,0,,,,2.7334323,,,,,,30.00929545,,,,
,44270054.305,30.0372849,1999.70202636719,0.00106715032281916,2.90670944962406E-7,1,0.999253354069792,40.0298881530762,2.00110439805512,19.0699994564056,0.0120873608102166,0.00220364058202355,0.25,6.49315522019593E-6,0.00106210482272542,1.24252965364816E-5,30.0372849,30.0372849,1999.70202636719,1999.70202636719,61.2570086806411,20.7686705290388,6.273368,0,0,0,40,4882,30.2078,1999.70202636719,,,,,,,,,,,,,0,,,,2.7334323,,,,,,30.0372849,,,,
,44270055.91,30.0525913,1999.70202636719,0.0010665205465024,2.32779967394399E-7,1,0.999253354069792,40.0298881530762,2.00106955132378,19.0600007772446,0.0120793568407227,0.00220651968478393,0.25,6.8545579730959E-6,0.00106148207110382,1.27870078400476E-5,30.0525913,30.0525913,1999.70202636719,1999.70202636719,61.649386197295,20.7696877523481,7.019488,0,0,0,40,4882,30.2583,1999.70202636719,,,,,,,,,,,,,0,,,,2.7608759,,,,,,30.0525913,,,,
,44270057.85,30.0912304,1999.70202636719,0.0010660963655439,2.32022725034571E-7,1,0.999253354069792,40.0298881530762,2.00102546970619,19.0600007772446,0.0120749469752306,0.00220244124045099,0.25,6.56503207720891E-6,0.00106106932478266,1.25036680664979E-5,30.0912304,30.0912304,1999.70202636719,1999.70202636719,61.2874921928911,20.7682462524913,6.273368,0,0,0,40,4882,30.32395,1999.70202636719,,,,,,,,,,,,,0,,,,2.7471541,,,,,,30.0912304,,,,
,44270059.61,30.1323681,1999.70202636719,0.00106550331058846,2.13916719253374E-7,1,0.999253354069792,40.0298881530762,2.00107534857193,19.0600007772446,0.0120686100271475,0.00220118137588976,0.25,6.5463963300348E-6,0.00106048578898813,1.2487944297774E-5,30.1323681,30.1323681,1999.70202636719,1999.70202636719,62.1332142506989,20.7701157910869,6.646428,0,0,0,40,4882,30.3798,1999.70202636719,,,,,,,,,,,,,0,,,,2.7471541,,,,,,30.1323681,,,,
,44270061.225,30.1515942,1999.70202636719,0.00106553773268512,2.38872886226057E-7,1,0.999253354069792,40.0298881530762,2.00106635347723,19.0699994564056,0.0120682693346571,0.00220547685227793,0.25,6.91389860157974E-6,0.00106052361832464,1.28590248243575E-5,30.1515942,30.1515942,1999.70202636719,1999.70202636719,61.0303364100642,20.7722760314341,6.646428,0,0,0,40,4882,30.426,1999.70202636719,,,,,,,,,,,,,0,,,,2.7471541,,,,,,30.1515942,,,,
,44270062.97,30.2055054,1999.70202636719,0.0010642758284067,2.67022621299446E-7,1,0.999253354069792,40.0298881530762,2.00099083122011,19.0699994564056,0.0120542111541305,0.00219944199009838,0.25,6.60340453754203E-6,0.00105927601652085,1.25491283421638E-5,30.2055054,30.2055054,1999.70202636719,1999.70202636719,61.514164463468,20.7698471725304,6.646428,0,0,0,40,4882,30.4823,1999.70202636719,,,,,,,,,,,,,0,,,,2.7471541,,,,,,30.2055054,,,,
,44270064.655,30.2270298,1999.70202636719,0.00106389066151356,2.65059834884523E-7,1,0.999253354069792,40.0298881530762,2.00100860970656,19.0600007772446,0.0120497077698288,0.00220038327268833,0.25,6.74710486265181E-6,0.00105889689755622,1.26945888944504E-5,30.2270298,30.2270298,1999.70202636719,1999.70202636719,61.5798212590834,20.7694953040282,6.646428,0,0,0,40,4882,30.5237,1999.70202636719,,,,,,,,,,,,,0,,,,2.7471541,,,,,,30.2270298,,,,
,44270066.245,30.2765436,1999.70202636719,0.00106334115824592,2.90122031645491E-7,1,0.999253354069792,40.0298881530762,2.00112123647016,19.0600007772446,0.0120441818409517,0.00219947889474741,0.25,6.74691635885942E-6,0.00105835607904434,1.2697010421471E-5,30.2629013,30.2901859,1999.70202636719,1999.70202636719,61.6517310828527,20.7695663835754,7.019488,0,0,0,40,4882,30.57495,1999.70202636719,,,,,,,,,,,,,0,,,,2.7608759,,,,,,30.2765436,,,,
,44270067.8,30.3134327,1999.70202636719,0.00106255764943967,2.41686708169657E-7,1,0.999253354069792,40.0298881530762,2.00113918630221,19.0600007772446,0.0120355932003999,0.00219716939976745,0.25,6.67408358630556E-6,0.0010575815843077,1.26246930205543E-5,30.3134327,30.3134327,1999.70202636719,1999.70202636719,61.4117711274488,20.7703150946837,6.646428,0,0,0,40,4882,30.6161,1999.70202636719,,,,,,,,,,,,,0,,,,2.7608759,,,,,,30.3134327,,,,
,44270069.335,30.3533077,1999.70202636719,0.00106215414086345,2.4957790892348E-7,1,0.999253354069792,40.0298881530762,2.00109414820621,19.0699994564056,0.0120306023605082,0.00219745929273402,0.25,6.77069048407933E-6,0.00105718311902198,1.27220828309852E-5,30.3409538,30.3656616,1999.70202636719,1999.70202636719,61.5196358631027,20.7693020146151,6.646428,0,0,0,40,4882,30.6475,1999.70202636719,,,,,,,,,,,,,0,,,,2.7334323,,,,,,30.3533077,,,,
,44270069.945,30.37775135,1999.70202636719,0.00106125562009148,2.76534759720486E-7,1,0.999253354069792,40.0298881530762,2.00101539347948,19.0699994564056,0.0120197477213339,0.00219688334919804,0.25,6.88401257132459E-6,0.00105628927562286,1.28309719001602E-5,30.3656616,30.3898411,1999.70202636719,1999.70202636719,61.0475322374872,20.7684962135988,6.646428,0,0,0,40,4882,30.65785,1999.70202636719,,,,,,,,,,,,,0,,,,2.7471541,,,,,,30.37775135,,,,
,44270071.89,30.4151611,1999.70202636719,0.00106093429230126,2.58276395357923E-7,1,0.999253354069792,40.0298881530762,2.00112861828667,19.0699994564056,0.0120170825732145,0.00219481603547959,0.25,6.74235983911741E-6,0.00105597522918394,1.26927666333541E-5,30.4151611,30.4151611,1999.70202636719,1999.70202636719,61.4539790674873,20.7693055318922,7.019488,0,0,0,40,4882,30.699,1999.70202636719,,,,,,,,,,,,,0,,,,2.7334323,,,,,,30.4151611,,,,
,44270073.295,30.4361668,1999.70202636719,0.00106001313030065,2.91114576683221E-7,1,0.999253354069792,40.0298881530762,2.00107377333512,19.0699994564056,0.012006457823144,0.00219232573025387,0.25,6.68722381861316E-6,0.00105506116471726,1.26350198728188E-5,30.4361668,30.4361668,1999.70202636719,1999.70202636719,61.5548091464681,20.7686781775454,6.646428,0,0,0,40,4882,30.7198,1999.70202636719,,,,,,,,,,,,,0,,,,2.7608759,,,,,,30.4361668,,,,
,44270074.995,30.4825535,1999.70202636719,0.00105929469741111,3.20811091633275E-7,1,0.999253354069792,40.0298881530762,2.0011126927618,19.0600007772446,0.0119981408846655,0.00219331823195352,0.25,6.89493410033404E-6,0.00105434722317927,1.28400417077764E-5,30.4825535,30.4825535,1999.70202636719,1999.70202636719,61.3156308195834,20.7708656283674,6.646428,0,0,0,40,4882,30.7406,1999.70202636719,,,,,,,,,,,,,0,,,,2.7471541,,,,,,30.4825535,,,,
,44270076.57,30.4995804,1999.70202636719,0.00105813480508511,2.19377584912061E-7,1,0.999253354069792,40.0298881530762,2.0010374067206,19.0600007772446,0.011984582868904,0.00219086836800183,0.25,6.8886743551858E-6,0.00105319395263932,1.28284299780104E-5,30.4995804,30.4995804,1999.70202636719,1999.70202636719,61.2656065943526,20.7713035750479,6.646428,0,0,0,40,4882,30.751,1999.70202636719,,,,,,,,,,,,,0,,,,2.7608759,,,,,,30.4995804,,,,
,44270077.295,30.5193291,1999.70202636719,0.00105751956289771,2.65448710282487E-7,1,0.999253354069792,40.0298881530762,2.00101995887445,19.0699994564056,0.0119779137693573,0.00218739089317706,0.25,6.69058003254212E-6,0.00105258385207703,1.26289276429371E-5,30.4995804,30.5390778,1999.70202636719,1999.70202636719,61.2914003354873,20.7698612390706,6.646428,0,0,0,40,4882,30.76125,1999.70202636719,,,,,,,,,,,,,0,,,,2.7608759,,,,,,30.5193291,,,,
,44270079.46,30.5544968,1999.70202636719,0.00105697106410229,2.83392010571277E-7,1,0.999253354069792,40.0298881530762,2.0010099393704,19.0600007772446,0.0119713506770929,0.00218798982275181,0.25,6.8394768274539E-6,0.00105203820470082,1.27752625382094E-5,30.5544968,30.5544968,1999.70202636719,1999.70202636719,61.0490954945257,20.7713956200686,7.019488,0,0,0,40,4882,30.7722,1999.70202636719,,,,,,,,,,,,,0,,,,2.7334323,,,,,,30.5544968,,,,
,44270080.14,30.56301975,1999.70202636719,0.00105682147839577,2.55891978379255E-7,1,0.999253354069792,40.0298881530762,2.00102630724902,19.0699994564056,0.0119699017820435,0.00218687298548036,0.25,6.76515073271363E-6,0.00105189031891574,1.27010013052146E-5,30.5544968,30.5715427,1999.70202636719,1999.70202636719,61.6603289965642,20.7707158995909,6.646428,0,0,0,40,4882,30.77725,1999.70202636719,,,,,,,,,,,,,0,,,,2.7334323,,,,,,30.56301975,,,,
,44270081.26,30.57769585,1999.70202636719,0.00105641737148372,2.21855348637121E-7,1,0.999253354069792,40.0298881530762,2.00103892129827,19.0600007772446,0.0119656348177387,0.00218477693551579,0.25,6.64896057890643E-6,0.00105148993223479,1.25841979851836E-5,30.5715427,30.583849,1999.70202636719,1999.70202636719,61.4696116378719,20.7709366693944,6.646428,0,0,0,40,4882,30.78735,1999.70202636719,,,,,,,,,,,,,0,,,,2.7471541,,,,,,30.57769585,,,,
,44270082.415,30.59109975,1999.70202636719,0.00105579042648423,2.30130005292241E-7,1,0.999253354069792,40.0298881530762,2.00104568413566,19.0699994564056,0.0119575906468592,0.0021891012346077,0.25,7.13938787993373E-6,0.00105086371681677,1.30694188078471E-5,30.583849,30.5983505,1999.70202636719,1999.70202636719,61.0506587515642,20.7706387147461,6.646428,0,0,0,40,4882,30.79275,1999.70202636719,,,,,,,,,,,,,0,,,,2.7608759,,,,,,30.59109975,,,,
,44270083.72,30.61093425,1999.70202636719,0.0010554494681605,2.6070662965374E-7,1,0.999253354069792,40.0298881530762,2.00107209494831,19.0699994564056,0.0119546504158697,0.00218412335527602,0.25,6.75662854534843E-6,0.00105052769971302,1.26876747438483E-5,30.5983505,30.623518,1999.70202636719,1999.70202636719,61.2616984517565,20.7690231202455,6.646428,0,0,0,40,4882,30.8032,1999.70202636719,,,,,,,,,,,,,0,,,,2.7608759,,,,,,30.61093425,,,,
,44270085.01,30.6293907,1999.70202636719,0.0010555509935068,2.32362038089387E-7,1,0.999253354069792,40.0298881530762,2.00110816757306,19.0699994564056,0.0119558364757943,0.00218550019305909,0.25,6.85411460727261E-6,0.00105063072131586,1.27875874652906E-5,30.623518,30.6352634,1999.70202636719,1999.70202636719,61.6204659420834,20.7691187535313,6.646428,0,0,0,40,4882,30.82375,1999.70202636719,,,,,,,,,,,,,0,,,,2.7608759,,,,,,30.6293907,,,,
,44270086.15,30.64243505,1999.70202636719,0.00105461933930102,2.71981622528919E-7,1,0.999253354069792,40.0298881530762,2.00115988019266,19.0600007772446,0.0119462552544292,0.00217986291831396,0.25,6.514919301409E-6,0.00104970654694247,1.24458668377003E-5,30.6352634,30.6496067,1999.70202636719,1999.70202636719,61.2335598250642,20.769798351638,6.646428,0,0,0,40,4882,30.8342,1999.70202636719,,,,,,,,,,,,,0,,,,2.7608759,,,,,,30.64243505,,,,
,44270088.21,30.6584396,1999.70202636719,0.00105443974899618,2.69429826189772E-7,1,0.999253354069792,40.0298881530762,2.00099793001175,19.0699994564056,0.011942773054084,0.00218249477566388,0.25,6.79061297831574E-6,0.00104952886610171,1.27216610344897E-5,30.6584396,30.6584396,1999.70202636719,1999.70202636719,61.0498771230449,20.7679958836929,6.646428,0,0,0,40,4882,30.8555,1999.70202636719,,,,,,,,,,,,,0,,,,2.7608759,,,,,,30.6584396,,,,
,44270089.75,30.6842556,1999.70202636719,0.00105382676872768,2.76173405557858E-7,1,0.999253354069792,40.0298881530762,2.00100438915589,19.0699994564056,0.0119365933356196,0.00217727803193526,0.25,6.43509531205311E-6,0.00104892326066436,1.23666764217109E-5,30.6842556,30.6842556,1999.70202636719,1999.70202636719,61.7752283888911,20.7697638246032,7.019488,0,0,0,40,4882,30.8765,1999.70202636719,,,,,,,,,,,,,0,,,,2.7334323,,,,,,30.6842556,,,,
,44270091.405,30.70534615,1999.70202636719,0.00105339712647444,2.72786300931546E-7,1,0.999253354069792,40.0298881530762,2.00100539899079,19.0699994564056,0.0119313528384175,0.00217876701256753,0.25,6.63843363077444E-6,0.0010484977248224,1.25696119916873E-5,30.6978951,30.7127972,1999.70202636719,1999.70202636719,61.3015615062372,20.7692143925195,6.646428,0,0,0,40,4882,30.9029,1999.70202636719,,,,,,,,,,,,,0,,,,2.7608759,,,,,,30.70534615,,,,
,44270093.205,30.7281761,1999.70202636719,0.00105285585228841,1.96263851304834E-7,1,0.999253354069792,40.0298881530762,2.00108857546579,19.0600007772446,0.0119254783764656,0.00217926802282386,0.25,6.76538716269427E-6,0.00104796283912357,1.26970469414891E-5,30.7281761,30.7281761,1999.70202636719,1999.70202636719,61.3015615062372,20.7691508015788,6.646428,0,0,0,40,4882,30.9396,1999.70202636719,,,,,,,,,,,,,0,,,,2.7471541,,,,,,30.7281761,,,,
,44270094.78,30.7453785,1999.70202636719,0.00105249066668565,2.57706740956461E-7,1,0.999253354069792,40.0298881530762,2.00108181762485,19.0699994564056,0.0119209231578684,0.00218097885365626,0.25,6.97622165688622E-6,0.00104760281510103,1.29089861236631E-5,30.7453785,30.7453785,1999.70202636719,1999.70202636719,61.5430847186796,20.7697571530588,6.646428,0,0,0,40,4882,30.97635,1999.70202636719,,,,,,,,,,,,,0,,,,2.7334323,,,,,,30.7453785,,,,
,44270096.555,30.7840157,1999.70202636719,0.00105184367745813,2.90017027472708E-7,1,0.999253354069792,40.0298881530762,2.00102849812317,19.0699994564056,0.0119136139212712,0.00217802168318661,0.25,6.8299491796417E-6,0.00104696354898848,1.27633378150904E-5,30.7840157,30.7840157,1999.70202636719,1999.70202636719,61.300779877718,20.770611793526,6.273368,0,0,0,40,4882,31.0084,1999.70202636719,,,,,,,,,,,,,0,,,,2.7471541,,,,,,30.7840157,,,,
,44270098.165,30.7992039,1999.70202636719,0.00105131970810386,2.82631055637637E-7,1,0.999253354069792,40.0298881530762,2.001016699942,19.0600007772446,0.0119076390908004,0.00217709006425193,0.25,6.83614145720663E-6,0.00104644669103142,1.2770703408309E-5,30.7992039,30.7992039,1999.70202636719,1999.70202636719,61.6673636532373,20.7715594890948,6.646428,0,0,0,40,4882,31.0453,1999.70202636719,,,,,,,,,,,,,0,,,,2.7471541,,,,,,30.7992039,,,,
,44270099.955,30.8411026,1999.70202636719,0.00105038431755983,2.53606868488467E-7,1,0.999253354069792,40.0298881530762,2.0010212027965,19.0699994564056,0.0118971545695778,0.00217502875325906,0.25,6.81299833084284E-6,0.00104552097224304,1.27471238258665E-5,30.8411026,30.8411026,1999.70202636719,1999.70202636719,61.2187088831988,20.769502749828,6.646428,0,0,0,40,4882,31.0874,1999.70202636719,,,,,,,,,,,,,0,,,,2.7471541,,,,,,30.8411026,,,,
,44270101.62,30.8597393,1999.70202636719,0.00105008133397574,2.05271253700284E-7,1,0.999253354069792,40.0298881530762,2.00104415867039,19.0699994564056,0.0118942312760903,0.00217260021196327,0.25,6.64498314488084E-6,0.0010452251703728,1.25824246606467E-5,30.8597393,30.8597393,1999.70202636719,1999.70202636719,61.5548091464681,20.7702829231121,6.646428,0,0,0,40,4882,31.125,1999.70202636719,,,,,,,,,,,,,0,,,,2.7471541,,,,,,30.8597393,,,,
,44270103.385,30.9041443,1999.70202636719,0.00104977385552405,2.99381718536757E-7,1,0.999253354069792,40.0298881530762,2.00102589569102,19.0699994564056,0.0118909563415197,0.00217053450447332,0.25,6.51287059687284E-6,0.00104492516992559,1.2453998179201E-5,30.9041443,30.9041443,1999.70202636719,1999.70202636719,61.7377102199681,20.7710890809214,6.646428,0,0,0,40,4882,31.1675,1999.70202636719,,,,,,,,,,,,,0,,,,2.7334323,,,,,,30.9041443,,,,
,44270105,30.9247684,1999.70202636719,0.00104950095997531,2.86166344020789E-7,1,0.999253354069792,40.0298881530762,2.00113468384329,19.0699994564056,0.011888252291039,0.00217161225568963,0.25,6.64235753618057E-6,0.00104465625944277,1.25844351416958E-5,30.9247684,30.9247684,1999.70202636719,1999.70202636719,61.4211506696796,20.7701869433414,7.019488,0,0,0,40,4882,31.1947,1999.70202636719,,,,,,,,,,,,,0,,,,2.7334323,,,,,,30.9247684,,,,
,44270106.695,30.9684582,1999.70202636719,0.00104816450792097,2.68880542599494E-7,1,0.999253354069792,40.0298881530762,2.00113255385222,19.0699994564056,0.0118729919049786,0.00216982589883713,0.25,6.71464163486326E-6,0.00104333086828014,1.26536221625838E-5,30.9684582,30.9684582,1999.70202636719,1999.70202636719,61.2484107669296,20.770863496281,7.019488,0,0,0,40,4882,31.2372,1999.70202636719,,,,,,,,,,,,,0,,,,2.7608759,,,,,,30.9684582,,,,
,44270108.64,31.0089912,1999.70202636719,0.00104755411139462,2.8689606773625E-7,1,0.999253354069792,40.0298881530762,2.0010505794762,19.0699994564056,0.0118650904617579,0.0021717231514432,0.25,6.99255256054346E-6,0.00104272569346113,1.29304575058564E-5,31.0089912,31.0089912,1999.70202636719,1999.70202636719,61.3289185044103,20.7689099548591,7.019488,0,0,0,40,4882,31.2694,1999.70202636719,,,,,,,,,,,,,0,,,,2.7334323,,,,,,31.0089912,,,,
,44270110.295,31.029747,1999.70202636719,0.00104709569103107,2.48927139353595E-7,1,0.999253354069792,40.0298881530762,2.00109665078758,19.0699994564056,0.0118616388385542,0.00216269792168463,0.25,6.26876360655305E-6,0.00104227771879796,1.22110863638819E-5,31.029747,31.029747,1999.70202636719,1999.70202636719,61.9276459501412,20.7702513364006,7.019488,0,0,0,40,4882,31.302,1999.70202636719,,,,,,,,,,,,,0,,,,2.7334323,,,,,,31.029747,,,,
,44270111.84,31.0709457,1999.70202636719,0.00104647463708844,2.39589408385103E-7,1,0.999253354069792,40.0298881530762,2.00103865661095,19.0600007772446,0.0118536390085257,0.00216514768611053,0.25,6.59653208464279E-6,0.00104166023524491,1.25362828759211E-5,31.0709457,31.0709457,1999.70202636719,1999.70202636719,61.6329719983911,20.7704065587719,7.019488,0,0,0,40,4882,31.3236,1999.70202636719,,,,,,,,,,,,,0,,,,2.7334323,,,,,,31.0709457,,,,
,44270113.345,31.0904427,1999.70202636719,0.00104622195851075,2.83541325947279E-7,1,0.999253354069792,40.0298881530762,2.00101244358527,19.0600007772446,0.0118499820689287,0.00216845511954006,0.25,6.93214794739048E-6,0.00104140954923696,1.28713854044022E-5,31.0904427,31.0904427,1999.70202636719,1999.70202636719,61.7033185651219,20.7710745463062,6.646428,0,0,0,40,4882,31.3451,1999.70202636719,,,,,,,,,,,,,0,,,,2.7608759,,,,,,31.0904427,,,,
,44270114.095,31.1088915,1999.70202636719,0.00104578185029437,2.36996561463968E-7,1,0.999253354069792,40.0298881530762,2.00111845706341,19.0699994564056,0.0118457551357508,0.00216683109086059,0.25,6.85534822023383E-6,0.00104097320843747,1.27936597324405E-5,31.0904427,31.1273403,1999.70202636719,1999.70202636719,61.0037610404103,20.7688464069736,6.646428,0,0,0,40,4882,31.3559,1999.70202636719,,,,,,,,,,,,,0,,,,2.7471541,,,,,,31.1088915,,,,
,44270115.355,31.13712785,1999.70202636719,0.00104505325089142,3.18061186837019E-7,1,0.999253354069792,40.0298881530762,2.00115011533904,19.0600007772446,0.0118385811099688,0.00216042184312892,0.25,6.41271984132063E-6,0.00104025314843518,1.23513447304014E-5,31.1273403,31.1469154,1999.70202636719,1999.70202636719,61.5899824298334,20.7681467474711,6.646428,0,0,0,40,4882,31.37735,1999.70202636719,,,,,,,,,,,,,0,,,,2.7334323,,,,,,31.13712785,,,,
,44270117.34,31.1628475,1999.70202636719,0.00104459661429373,2.60436082389345E-7,1,0.999253354069792,40.0298881530762,2.00112185158746,19.0699994564056,0.0118333540474616,0.00215913318994399,0.25,6.37765055755087E-6,0.0010398029773759,1.23175274394066E-5,31.1628475,31.1628475,1999.70202636719,1999.70202636719,61.2366863391411,20.7694684440478,6.273368,0,0,0,40,4882,31.40965,1999.70202636719,,,,,,,,,,,,,0,,,,2.7608759,,,,,,31.1628475,,,,
,44270119.03,31.2001858,1999.70202636719,0.00104411479013307,2.65095543117031E-7,1,0.999253354069792,40.0298881530762,2.00114502275429,19.0699994564056,0.0118274295149685,0.0021617272695404,0.25,6.68622350512869E-6,0.00103932424607778,1.2624423228588E-5,31.2001858,31.2001858,1999.70202636719,1999.70202636719,61.3609652736988,20.7701878343769,7.019488,0,0,0,40,4882,31.4313,1999.70202636719,,,,,,,,,,,,,0,,,,2.7608759,,,,,,31.2001858,,,,
,44270120.695,31.2146015,1999.70202636719,0.00104310301710435,2.6772837155646E-7,1,0.999253354069792,40.0298881530762,2.00113457338033,19.0600007772446,0.0118158885574905,0.00215993068268707,0.25,6.70401603416365E-6,0.0010383197970456,1.26388233524012E-5,31.2146015,31.2146015,1999.70202636719,1999.70202636719,61.5845110301988,20.7685326971483,6.646428,0,0,0,40,4882,31.45285,1999.70202636719,,,,,,,,,,,,,0,,,,2.7608759,,,,,,31.2146015,,,,
,44270122.235,31.2434168,1999.70202636719,0.00104296788356543,2.39998307706554E-7,1,0.999253354069792,40.0298881530762,2.00108935633786,19.0699994564056,0.0118137185796933,0.00216197570925509,0.25,6.9092455038218E-6,0.00103818687866284,1.28448664912072E-5,31.2340527,31.2527809,1999.70202636719,1999.70202636719,61.2101109694872,20.7688247331482,6.646428,0,0,0,40,4882,31.4748,1999.70202636719,,,,,,,,,,,,,0,,,,2.7608759,,,,,,31.2434168,,,,
,44270123.93,31.2687111,1999.70202636719,0.0010422938356372,2.43773692865115E-7,1,0.999253354069792,40.0298881530762,2.00104701561729,19.0699994564056,0.0118065712966101,0.00215660239337264,0.25,6.55500926766251E-6,0.00103752069981806,1.24908819252148E-5,31.2687111,31.2687111,1999.70202636719,1999.70202636719,61.4133343844873,20.7709509811553,6.646428,0,0,0,40,4882,31.49655,1999.70202636719,,,,,,,,,,,,,0,,,,2.7608759,,,,,,31.2687111,,,,
,44270125.585,31.29207325,1999.70202636719,0.00104154660504707,2.95761499051802E-7,1,0.999253354069792,40.0298881530762,2.00094409940154,19.0600007772446,0.0117964057136437,0.0021615122727749,0.25,7.12600272900903E-6,0.00103677635031627,1.30574700903928E-5,31.2835369,31.3006096,1999.70202636719,1999.70202636719,61.5024400356796,20.7676567993585,6.646428,0,0,0,40,4882,31.518,1999.70202636719,,,,,,,,,,,,,0,,,,2.7608759,,,,,,31.29207325,,,,
,44270127.235,31.3156528,1999.70202636719,0.00104139356245,3.0541252583669E-7,1,0.999253354069792,40.0298881530762,2.00106837924006,19.0600007772446,0.0117963481305248,0.00215596167919735,0.25,6.6491840431604E-6,0.00103662958121076,1.25844819799935E-5,31.3156528,31.3156528,1999.70202636719,1999.70202636719,61.7353653344104,20.7695800135764,6.646428,0,0,0,40,4882,31.5401,1999.70202636719,,,,,,,,,,,,,0,,,,2.7608759,,,,,,31.3156528,,,,
,44270128.84,31.3413935,1999.70202636719,0.00104053624087224,2.58401044015585E-7,1,0.999253354069792,40.0298881530762,2.0009770750216,19.0600007772446,0.0117865084706934,0.00215215427449079,0.25,6.46893247532291E-6,0.00103578076018913,1.24033012901268E-5,31.3322201,31.3505669,1999.70202636719,1999.70202636719,61.557935660545,20.7701754449838,6.646428,0,0,0,40,4882,31.5676,1999.70202636719,,,,,,,,,,,,,0,,,,2.7334323,,,,,,31.3413935,,,,
,44270130.605,31.3646946,1999.70202636719,0.0010396606615513,2.71150780137823E-7,1,0.999253354069792,40.0298881530762,2.00101030760477,19.0699994564056,0.0117771089021449,0.00214873070095058,0.25,6.31452628312872E-6,0.00103491359785923,1.22477078008015E-5,31.3646946,31.3646946,1999.70202636719,1999.70202636719,61.2249619113526,20.7701047714424,6.646428,0,0,0,40,4882,31.5948,1999.70202636719,,,,,,,,,,,,,0,,,,2.7471541,,,,,,31.3646946,,,,
,44270132.4,31.3996296,1999.70202636719,0.00103945057345595,2.72996357584624E-7,1,0.999253354069792,40.0298881530762,2.00102008554433,19.0699994564056,0.0117744127593932,0.00215069891577399,0.25,6.51967742610184E-6,0.00103470755483316,1.24545167949676E-5,31.3996296,31.3996296,1999.70202636719,1999.70202636719,61.6306271128334,20.7699766826561,7.019488,0,0,0,40,4882,31.6277,1999.70202636719,,,,,,,,,,,,,0,,,,2.7608759,,,,,,31.3996296,,,,
,44270134.08,31.4159546,1999.70202636719,0.00103879117633722,2.62902145416402E-7,1,0.999253354069792,40.0298881530762,2.00106603256611,19.0600007772446,0.0117673971304754,0.00214856295495367,0.25,6.43877969828356E-6,0.00103405602600454,1.23739990123205E-5,31.4159546,31.4159546,1999.70202636719,1999.70202636719,61.4641402382373,20.7720111999365,6.273368,0,0,0,40,4882,31.6606,1999.70202636719,,,,,,,,,,,,,0,,,,2.7334323,,,,,,31.4159546,,,,
,44270135.875,31.4529247,1999.70202636719,0.00103856913692744,2.58013757409146E-7,1,0.999253354069792,40.0298881530762,2.0010083799752,19.0600007772446,0.0117639149485989,0.0021519881289243,0.25,6.78057184753514E-6,0.00103383732072687,1.27167843874612E-5,31.4529247,31.4529247,1999.70202636719,1999.70202636719,61.6704901673142,20.7690159190209,7.019488,0,0,0,40,4882,31.6936,1999.70202636719,,,,,,,,,,,,,0,,,,2.7334323,,,,,,31.4529247,,,,
,44270137.47,31.4702282,1999.70202636719,0.00103818544174674,2.70462823001356E-7,1,0.999253354069792,40.0298881530762,2.00094774668887,19.0600007772446,0.0117599693714368,0.00214713106233246,0.25,6.42221523793458E-6,0.00103346039739879,1.236043374614E-5,31.4702282,31.4702282,1999.70202636719,1999.70202636719,61.3531489885065,20.7694242897022,6.646428,0,0,0,40,4882,31.716,1999.70202636719,,,,,,,,,,,,,0,,,,2.7608759,,,,,,31.4702282,,,,
,44270139,31.5073681,1999.70202636719,0.00103737202863182,2.61331599367084E-7,1,0.999253354069792,40.0298881530762,2.00103558474946,19.0699994564056,0.011750928324075,0.00214765055724344,0.25,6.59861116078282E-6,0.00103265419099993,1.25353741649264E-5,31.5073681,31.5073681,1999.70202636719,1999.70202636719,61.6056150002181,20.7716665193639,6.646428,0,0,0,40,4882,31.7507,1999.70202636719,,,,,,,,,,,,,0,,,,2.7334323,,,,,,31.5073681,,,,
,44270140.81,31.53472615,1999.70202636719,0.00103709503585178,3.08944842143717E-7,1,0.999253354069792,40.0298881530762,2.00115404020876,19.0600007772446,0.0117492018536965,0.00214326423075057,0.25,6.24504967350487E-6,0.00103238520115613,1.21859055797918E-5,31.5245819,31.5448704,1999.70202636719,1999.70202636719,61.7619407040642,20.7717636126092,6.646428,0,0,0,40,4882,31.786,1999.70202636719,,,,,,,,,,,,,0,,,,2.7608759,,,,,,31.53472615,,,,
,44270142.445,31.5630188,1999.70202636719,0.00103562259738608,1.95901314970844E-7,1,0.999253354069792,40.0298881530762,2.0010282889425,19.0600007772446,0.0117316854105433,0.00214110490774627,0.25,6.32137362776688E-6,0.00103092278626091,1.22567605338702E-5,31.5630188,31.5630188,1999.70202636719,1999.70202636719,61.4211506696796,20.7703457463025,7.019488,0,0,0,40,4882,31.8149,1999.70202636719,,,,,,,,,,,,,0,,,,2.7608759,,,,,,31.5630188,,,,
,44270143.965,31.5850887,1999.70202636719,0.00103578412157565,2.65777567226051E-7,1,0.999253354069792,40.0298881530762,2.00104928041386,19.0600007772446,0.0117333655933598,0.00214325487765618,0.25,6.47626746766649E-6,0.00103108687702078,1.24154929823954E-5,31.5850887,31.5850887,1999.70202636719,1999.70202636719,61.7955507303912,20.7700246974005,7.019488,0,0,0,40,4882,31.84595,1999.70202636719,,,,,,,,,,,,,0,,,,2.7608759,,,,,,31.5850887,,,,
,44270144.69,31.60441875,1999.70202636719,0.00103533324787764,2.81155969280409E-7,1,0.999253354069792,40.0298881530762,2.00105451053387,19.0699994564056,0.0117278533961145,0.00214490551202408,0.25,6.69894160483553E-6,0.00103063847826458,1.26361181680483E-5,31.5850887,31.6237488,1999.70202636719,1999.70202636719,61.4469444108142,20.7707564193272,7.019488,0,0,0,40,4882,31.8593,1999.70202636719,,,,,,,,,,,,,0,,,,2.7608759,,,,,,31.60441875,,,,
,44270146.98,31.643898,1999.70202636719,0.00103480388700898,2.41213916519947E-7,1,0.999253354069792,40.0298881530762,2.00096865112332,19.0600007772446,0.0117216465996177,0.00214255963873679,0.25,6.58741003899651E-6,0.00103011755627701,1.25267584619685E-5,31.643898,31.643898,1999.70202636719,1999.70202636719,61.6712717958334,20.7685383314211,6.646428,0,0,0,40,4882,31.8999,1999.70202636719,,,,,,,,,,,,,0,,,,2.7471541,,,,,,31.643898,,,,
,44270148.545,31.6659966,1999.70202636719,0.00103411917168887,2.57720358852369E-7,1,0.999253354069792,40.0298881530762,2.00101339811994,19.0699994564056,0.0117140056222688,0.00214220841762181,0.25,6.66907661700376E-6,0.00102943929902291,1.26074269501203E-5,31.6659966,31.6659966,1999.70202636719,1999.70202636719,61.4500709248911,20.7698375701924,7.019488,0,0,0,40,4882,31.9284,1999.70202636719,,,,,,,,,,,,,0,,,,2.7471541,,,,,,31.6659966,,,,
,44270149.335,31.68537525,1999.70202636719,0.0010332761450588,3.07227926626263E-7,1,0.999253354069792,40.0298881530762,2.00101268318769,19.0699994564056,0.0117049583829449,0.00213769009217376,0.25,6.41764425375918E-6,0.00102860301479228,1.23536188052172E-5,31.6659966,31.7047539,1999.70202636719,1999.70202636719,61.4914972364104,20.7687921365755,6.646428,0,0,0,40,4882,31.9401,1999.70202636719,,,,,,,,,,,,,0,,,,2.7471541,,,,,,31.68537525,,,,
,44270151.68,31.728117,1999.70202636719,0.00103217123458811,2.42862528116695E-7,1,0.999253354069792,40.0298881530762,2.00097232154451,19.0600007772446,0.0116918416661391,0.00213783342574682,0.25,6.62329928112226E-6,0.00102750692706259,1.25563969132437E-5,31.728117,31.728117,1999.70202636719,1999.70202636719,61.2914003354873,20.7695662935623,6.646428,0,0,0,40,4882,31.9781,1999.70202636719,,,,,,,,,,,,,0,,,,2.7334323,,,,,,31.728117,,,,
,44270153.195,31.7559328,1999.70202636719,0.00103263869282173,2.64107169363754E-7,1,0.999253354069792,40.0298881530762,2.00097419801838,19.0600007772446,0.0116974374917626,0.00213738184267492,0.25,6.49740031463981E-6,0.00102797638440275,1.24367018611116E-5,31.7463341,31.7655315,1999.70202636719,1999.70202636719,61.7439632481219,20.7690822809584,7.019488,0,0,0,40,4882,32.0033,1999.70202636719,,,,,,,,,,,,,0,,,,2.7334323,,,,,,31.7559328,,,,
,44270154.835,31.7837238,1999.70202636719,0.00103204735018146,2.42513942350674E-7,1,0.999253354069792,40.0298881530762,2.00105572060568,19.0699994564056,0.0116917822037353,0.00213311606289771,0.25,6.21468848536365E-6,0.00102739262732205,1.21547199754865E-5,31.7837238,31.7837238,1999.70202636719,1999.70202636719,61.5086930638334,20.7717909906766,7.019488,0,0,0,40,4882,32.028,1999.70202636719,,,,,,,,,,,,,0,,,,2.7471541,,,,,,31.7837238,,,,
,44270156.655,31.8176556,1999.70202636719,0.00103152301912682,2.5649628341569E-7,1,0.999253354069792,40.0298881530762,2.00100659417739,19.0699994564056,0.0116845144656869,0.00213820613836044,0.25,6.75655174291064E-6,0.00102687109241153,1.26942740932424E-5,31.8176556,31.8176556,1999.70202636719,1999.70202636719,61.463358609718,20.7692853776691,7.019488,0,0,0,40,4882,32.05495,1999.70202636719,,,,,,,,,,,,,0,,,,2.7608759,,,,,,31.8176556,,,,
,44270158.24,31.8339005,1999.70202636719,0.00103131077203257,2.95397112876199E-7,1,0.999253354069792,40.0298881530762,2.00099156874433,19.0699994564056,0.01168229776559,0.0021364411649827,0.25,6.63617570474243E-6,0.00102666390052528,1.25761031072263E-5,31.8339005,31.8339005,1999.70202636719,1999.70202636719,61.6618922536027,20.7701531193855,7.019488,0,0,0,40,4882,32.0797,1999.70202636719,,,,,,,,,,,,,0,,,,2.7608759,,,,,,31.8339005,,,,
,44270159.83,31.8707561,1999.70202636719,0.0010300481010247,2.78953414888321E-7,1,0.999253354069792,40.0298881530762,2.00108754447285,19.0699994564056,0.0116682611088745,0.0021356391908826,0.25,6.77613780140323E-6,0.00102540909988681,1.27108425552645E-5,31.8707561,31.8707561,1999.70202636719,1999.70202636719,61.300779877718,20.771777572289,7.019488,0,0,0,40,4882,32.1029,1999.70202636719,,,,,,,,,,,,,0,,,,2.7471541,,,,,,31.8707561,,,,
,44270161.64,31.8862114,1999.70202636719,0.00102960862551242,2.54178063885894E-7,1,0.999253354069792,40.0298881530762,2.00102015445323,19.0699994564056,0.0116628282264075,0.00213534027000586,0.25,6.82985128369161E-6,0.00102497462221998,1.27646037790075E-5,31.8862114,31.8862114,1999.70202636719,1999.70202636719,61.6126496568911,20.7681433442202,6.646428,0,0,0,40,4882,32.1271,1999.70202636719,,,,,,,,,,,,,0,,,,2.7334323,,,,,,31.8862114,,,,
,44270163.25,31.9203587,1999.70202636719,0.00102917597016109,2.69820090054975E-7,1,0.999253354069792,40.0298881530762,2.00095947065252,19.0699994564056,0.0116584756327998,0.0021296039850622,0.25,6.40188855113038E-6,0.00102455002230972,1.23392271171475E-5,31.9203587,31.9203587,1999.70202636719,1999.70202636719,61.2046395698526,20.7687019100455,7.019488,0,0,0,40,4882,32.1543,1999.70202636719,,,,,,,,,,,,,0,,,,2.7334323,,,,,,31.9203587,,,,
,44270164.82,31.9380436,1999.70202636719,0.00102859193199045,2.29615725058594E-7,1,0.999253354069792,40.0298881530762,2.00101887861629,19.0600007772446,0.0116513111822706,0.00213364558933803,0.25,6.852696338163E-6,0.00102396908803793,1.2787287878663E-5,31.9380436,31.9380436,1999.70202636719,1999.70202636719,61.5548091464681,20.7689037390145,6.273368,0,0,0,40,4882,32.1769,1999.70202636719,,,,,,,,,,,,,0,,,,2.7334323,,,,,,31.9380436,,,,
,44270166.415,31.9710541,1999.70202636719,0.00102803363883565,2.62462003103817E-7,1,0.999253354069792,40.0298881530762,2.00095602327972,19.0600007772446,0.0116446923183732,0.00213236015141001,0.25,6.83961780326199E-6,0.0010234169453956,1.27741536615424E-5,31.9710541,31.9710541,1999.70202636719,1999.70202636719,61.5735682309296,20.769606386516,6.646428,0,0,0,40,4882,32.20355,1999.70202636719,,,,,,,,,,,,,0,,,,2.7608759,,,,,,31.9710541,,,,
,44270168.195,31.987957,1999.70202636719,0.0010274339424714,2.21674565091524E-7,1,0.999253354069792,40.0298881530762,2.00108463641447,19.0699994564056,0.0116387366314651,0.00213082058870319,0.25,6.79378916584302E-6,0.00102282439024756,1.27285758365327E-5,31.987957,31.987957,1999.70202636719,1999.70202636719,61.3914487859488,20.7700277080803,6.646428,0,0,0,40,4882,32.2336,1999.70202636719,,,,,,,,,,,,,0,,,,2.7334323,,,,,,31.987957,,,,
,44270169.965,32.0233421,1999.70202636719,0.00102709503949259,2.995727699884E-7,1,0.999253354069792,40.0298881530762,2.00107463835292,19.0600007772446,0.0116352648788771,0.00212798887055706,0.25,6.60039269022104E-6,0.00102249229045578,1.25376759125315E-5,32.0233421,32.0233421,1999.70202636719,1999.70202636719,61.6009252291027,20.7685702220644,6.646428,0,0,0,40,4882,32.2643,1999.70202636719,,,,,,,,,,,,,0,,,,2.7471541,,,,,,32.0233421,,,,
,44270171.5,32.0419693,1999.70202636719,0.0010267352660035,2.81646709600755E-7,1,0.999253354069792,40.0298881530762,2.00100720495408,19.0699994564056,0.0116304288404042,0.00212960462652227,0.25,6.80874953994792E-6,0.0010221363870732,1.27459558100252E-5,32.0419693,32.0419693,1999.70202636719,1999.70202636719,61.6251557131988,20.7694758779754,6.646428,0,0,0,40,4882,32.2893,1999.70202636719,,,,,,,,,,,,,0,,,,2.7608759,,,,,,32.0419693,,,,
,44270173.085,32.0767365,1999.70202636719,0.0010259996276821,2.91295720637032E-7,1,0.999253354069792,40.0298881530762,2.00106711872835,19.0600007772446,0.0116229943016303,0.00212518200879146,0.25,6.53906591265639E-6,0.0010214094591083,1.24765438669709E-5,32.0767365,32.0767365,1999.70202636719,1999.70202636719,61.4547606960065,20.7685222821618,7.019488,0,0,0,40,4882,32.3178,1999.70202636719,,,,,,,,,,,,,0,,,,2.7471541,,,,,,32.0767365,,,,
,44270174.62,32.0957336,1999.70202636719,0.00102531916112894,2.36861743516611E-7,1,0.999253354069792,40.0298881530762,2.00099723918426,19.0699994564056,0.0116149426520417,0.00212362487359531,0.25,6.52534199290524E-6,0.00102073460930973,1.24610756283375E-5,32.0957336,32.0957336,1999.70202636719,1999.70202636719,61.4305302119103,20.7706774690214,6.646428,0,0,0,40,4882,32.3361,1999.70202636719,,,,,,,,,,,,,0,,,,2.7608759,,,,,,32.0957336,,,,
,44270175.36,32.1112709,1999.70202636719,0.00102495763525477,2.80645532022189E-7,1,0.999253354069792,40.0298881530762,2.00106352247185,19.0600007772446,0.0116119179533622,0.00211907058567198,0.25,6.17967703062811E-6,0.00102037854620887,1.21164275650847E-5,32.0957336,32.1268082,1999.70202636719,1999.70202636719,61.4547606960065,20.7699448730494,6.646428,0,0,0,40,4882,32.3496,1999.70202636719,,,,,,,,,,,,,0,,,,2.7608759,,,,,,32.1112709,,,,
,44270177.47,32.1456757,1999.70202636719,0.00102446044960441,2.18533667454683E-7,1,0.999253354069792,40.0298881530762,2.00097204516512,19.0699994564056,0.0116055633770861,0.00211971485442825,0.25,6.32418879483063E-6,0.00101989072620934,1.2264071064748E-5,32.1456757,32.1456757,1999.70202636719,1999.70202636719,61.5634070601796,20.7708160066203,7.019488,0,0,0,40,4882,32.4062,1999.70202636719,,,,,,,,,,,,,0,,,,2.7608759,,,,,,32.1456757,,,,
,44270179.01,32.1744747,1999.70202636719,0.00102383962073878,2.40147762814341E-7,1,0.999253354069792,40.0298881530762,2.00100664915474,19.0699994564056,0.0115980741342298,0.00212233861353568,0.25,6.65876975590103E-6,0.00101927370676279,1.25961541358722E-5,32.1639557,32.1849937,1999.70202636719,1999.70202636719,61.4188057841219,20.772051966857,7.019488,0,0,0,40,4882,32.42825,1999.70202636719,,,,,,,,,,,,,0,,,,2.7334323,,,,,,32.1744747,,,,
,44270180.705,32.2058296,1999.70202636719,0.00102308926337747,2.78465608294775E-7,1,0.999253354069792,40.0298881530762,2.00098983052035,19.0600007772446,0.0115894525506723,0.00212113387636928,0.25,6.68312542399676E-6,0.00101852958051226,1.26186757894871E-5,32.2058296,32.2058296,1999.70202636719,1999.70202636719,61.568096831295,20.7711576777102,7.019488,0,0,0,40,4882,32.4507,1999.70202636719,,,,,,,,,,,,,0,,,,2.7334323,,,,,,32.2058296,,,,
,44270182.62,32.24366,1999.70202636719,0.00102282402153429,2.43942710773554E-7,1,0.999253354069792,40.0298881530762,2.00095240273445,19.0600007772446,0.0115870409969505,0.00211636875279182,0.25,6.30757834156386E-6,0.00101827304541485,1.22477610292308E-5,32.24366,32.24366,1999.70202636719,1999.70202636719,61.4203690411603,20.7714217883758,6.646428,0,0,0,40,4882,32.489,1999.70202636719,,,,,,,,,,,,,0,,,,2.7608759,,,,,,32.24366,,,,
,44270183.4,32.2528229,1999.70202636719,0.00102211777375095,2.55038327869531E-7,1,0.999253354069792,40.0298881530762,2.00101506989891,19.0600007772446,0.0115791199509499,0.00211663433149749,0.25,6.44758793299324E-6,0.00101757143591685,1.23849629772292E-5,32.24366,32.2619858,1999.70202636719,1999.70202636719,61.3398613036796,20.7699252830293,6.646428,0,0,0,40,4882,32.50535,1999.70202636719,,,,,,,,,,,,,0,,,,2.7471541,,,,,,32.2528229,,,,
,44270185.51,32.2790833,1999.70202636719,0.00102166930503275,2.23764701307232E-7,1,0.999253354069792,40.0298881530762,2.00100834448071,19.0600007772446,0.0115738225977048,0.00211703193087814,0.25,6.55757482115394E-6,0.00101712898062213,1.24957528209125E-5,32.2790833,32.2790833,1999.70202636719,1999.70202636719,61.4828993226988,20.7711500943008,6.646428,0,0,0,40,4882,32.5384,1999.70202636719,,,,,,,,,,,,,0,,,,2.7334323,,,,,,32.2790833,,,,
,44270187.085,32.3166847,1999.70202636719,0.00102153726889594,2.75414377963871E-7,1,0.999253354069792,40.0298881530762,2.00103660183435,19.0699994564056,0.0115723896817657,0.00211751411557666,0.25,6.61770444356808E-6,0.00101700017484482,1.25574708275675E-5,32.3166847,32.3166847,1999.70202636719,1999.70202636719,61.4344383545065,20.7708578170205,6.646428,0,0,0,40,4882,32.5606,1999.70202636719,,,,,,,,,,,,,0,,,,2.7608759,,,,,,32.3166847,,,,
,44270188.665,32.3339882,1999.70202636719,0.00102043804294115,2.77080309618754E-7,1,0.999253354069792,40.0298881530762,2.00105070919211,19.0600007772446,0.01156008425239,0.0021150681468445,0.25,6.59137508083251E-6,0.00101590911318518,1.25274722979138E-5,32.3339882,32.3339882,1999.70202636719,1999.70202636719,61.6556392254488,20.7735685050614,6.646428,0,0,0,40,4882,32.5829,1999.70202636719,,,,,,,,,,,,,0,,,,2.7608759,,,,,,32.3339882,,,,
,44270189.33,32.3435669,1999.70202636719,0.00102002465844381,2.39560643883236E-7,1,0.999253354069792,40.0298881530762,2.00102492210849,19.0699994564056,0.0115554384702011,0.00211327431854563,0.25,6.50679211214842E-6,0.00101549960737808,1.24421522255782E-5,32.3339882,32.3531456,1999.70202636719,1999.70202636719,61.6704901673142,20.7703129479903,6.273368,0,0,0,40,4882,32.59395,1999.70202636719,,,,,,,,,,,,,0,,,,2.7471541,,,,,,32.3435669,,,,
,44270190.58,32.3717613,1999.70202636719,0.00101972319160074,3.01470527182694E-7,1,0.999253354069792,40.0298881530762,2.00102905464618,19.0699994564056,0.0115515839840251,0.00211548034067043,0.25,6.75092289232365E-6,0.00101520111262233,1.26860676507497E-5,32.3531456,32.390377,1999.70202636719,1999.70202636719,61.7330204488527,20.7718761635415,6.273368,0,0,0,40,4882,32.6161,1999.70202636719,,,,,,,,,,,,,0,,,,2.7471541,,,,,,32.3717613,,,,
,44270192.74,32.4039879,1999.70202636719,0.00101922110933426,2.08151017980501E-7,1,0.999253354069792,40.0298881530762,2.00112772592556,19.0600007772446,0.0115478392251254,0.00210690841846973,0.25,6.07013874959274E-6,0.00101470992892858,1.20092802350486E-5,32.4039879,32.4039879,1999.70202636719,1999.70202636719,61.5587172890642,20.7726644896939,6.646428,0,0,0,40,4882,32.6494,1999.70202636719,,,,,,,,,,,,,0,,,,2.7471541,,,,,,32.4039879,,,,
,44270194.385,32.4344864,1999.70202636719,0.00101895880229685,2.38829468408509E-7,1,0.999253354069792,40.0298881530762,2.00101609254268,19.0600007772446,0.011543374386286,0.00211155632917935,0.25,6.53134489829098E-6,0.00101445075605963,1.24708317748033E-5,32.4243088,32.444664,1999.70202636719,1999.70202636719,61.4899339793719,20.7720333691681,6.646428,0,0,0,40,4882,32.68235,1999.70202636719,,,,,,,,,,,,,0,,,,2.7334323,,,,,,32.4344864,,,,
,44270196.09,32.4580536,1999.70202636719,0.00101824947250346,2.78364992350898E-7,1,0.999253354069792,40.0298881530762,2.00106422832761,19.0600007772446,0.0115358460454621,0.00210907464057658,0.25,6.42857131508592E-6,0.00101374990040906,1.23682749110205E-5,32.4580536,32.4580536,1999.70202636719,1999.70202636719,61.4211506696796,20.7712879058835,6.646428,0,0,0,40,4882,32.7154,1999.70202636719,,,,,,,,,,,,,0,,,,2.7471541,,,,,,32.4580536,,,,
,44270197.87,32.4919243,1999.70202636719,0.00101750497520913,2.95015587118864E-7,1,0.999253354069792,40.0298881530762,2.00102927947658,19.0600007772446,0.0115270400266283,0.00210872369034376,0.25,6.52879685870483E-6,0.00101301116095943,1.24663427821249E-5,32.4919243,32.4919243,1999.70202636719,1999.70202636719,61.5532458894296,20.7725764695098,6.646428,0,0,0,40,4882,32.7377,1999.70202636719,,,,,,,,,,,,,0,,,,2.7608759,,,,,,32.4919243,,,,
,44270199.54,32.5255432,1999.70202636719,0.00101672207114228,2.29975933478653E-7,1,0.999253354069792,40.0298881530762,2.00101121083506,19.0699994564056,0.0115177831805433,0.00210893303733099,0.25,6.68360077905149E-6,0.00101223397097172,1.26186072110036E-5,32.5255432,32.5255432,1999.70202636719,1999.70202636719,61.7674121036988,20.7744173576442,7.019488,0,0,0,40,4882,32.7607,1999.70202636719,,,,,,,,,,,,,0,,,,2.7608759,,,,,,32.5255432,,,,
,44270201.185,32.538929,1999.70202636719,0.00101666853052319,3.29033679997782E-7,1,0.999253354069792,40.0298881530762,2.00110195936519,19.0699994564056,0.0115178029426906,0.00210850941620075,0.25,6.64285576979417E-6,0.00101218578999418,1.25816727956732E-5,32.538929,32.538929,1999.70202636719,1999.70202636719,61.4774279230642,20.7726924467652,6.646428,0,0,0,40,4882,32.7939,1999.70202636719,,,,,,,,,,,,,0,,,,2.7471541,,,,,,32.538929,,,,
,44270202.845,32.5721054,1999.70202636719,0.00101601803326176,2.3798839097037E-7,1,0.999253354069792,40.0298881530762,2.00103601129819,19.0699994564056,0.0115096896520038,0.00210947277920309,0.25,6.8451160999557E-6,0.00101154006981525,1.27818928230015E-5,32.5721054,32.5721054,1999.70202636719,1999.70202636719,61.3500224744296,20.7672228080278,6.273368,0,0,0,40,4882,32.8163,1999.70202636719,,,,,,,,,,,,,0,,,,2.7608759,,,,,,32.5721054,,,,
,44270203.55,32.58130835,1999.70202636719,0.00101584689564243,2.84850434610577E-7,1,0.999253354069792,40.0298881530762,2.00121095929449,19.0699994564056,0.0115096323721026,0.00210422060542631,0.25,6.39435080178095E-6,0.00101137476785341,1.23340717069874E-5,32.5721054,32.5905113,1999.70202636719,1999.70202636719,61.4539790674873,20.7689863708957,6.646428,0,0,0,40,4882,32.83295,1999.70202636719,,,,,,,,,,,,,0,,,,2.7471541,,,,,,32.58130835,,,,
,44270204.83,32.6056099,1999.70202636719,0.00101538086116511,2.97648724658901E-7,1,0.999253354069792,40.0298881530762,2.00112775389804,19.0600007772446,0.0115039859138481,0.00210288016692663,0.25,6.3624563030586E-6,0.00101091416152477,1.23022485076409E-5,32.5905113,32.6207085,1999.70202636719,1999.70202636719,61.6126496568911,20.7690958948612,7.019488,0,0,0,40,4882,32.8554,1999.70202636719,,,,,,,,,,,,,0,,,,2.7471541,,,,,,32.6056099,,,,
,44270206.055,32.6297684,1999.70202636719,0.00101471278706762,2.96605210573886E-7,1,0.999253354069792,40.0298881530762,2.00117099706062,19.0600007772446,0.0114965409117677,0.00210233771182596,0.25,6.42617461254543E-6,0.00101025101464107,1.23637840015222E-5,32.6207085,32.6388283,1999.70202636719,1999.70202636719,61.4234955552373,20.7700408442382,6.646428,0,0,0,40,4882,32.8724,1999.70202636719,,,,,,,,,,,,,0,,,,2.7471541,,,,,,32.6297684,,,,
,44270207.22,32.6483612,1999.70202636719,0.0010144432923357,2.32334679304097E-7,1,0.999253354069792,40.0298881530762,2.00110135974271,19.0699994564056,0.0114928268096185,0.00210345963200788,0.25,6.57630328424328E-6,0.00100998424444324,1.25136969021806E-5,32.6388283,32.6578941,1999.70202636719,1999.70202636719,61.1499255735065,20.7724835786997,7.019488,0,0,0,40,4882,32.8894,1999.70202636719,,,,,,,,,,,,,0,,,,2.7334323,,,,,,32.6483612,,,,
,44270209.295,32.6725616,1999.70202636719,0.00101432899518731,2.4283914197286E-7,1,0.999253354069792,40.0298881530762,2.00111072253095,19.0699994564056,0.0114919486102484,0.00210143528627789,0.25,6.4130457712636E-6,0.00100987552910148,1.23538609552015E-5,32.6725616,32.6725616,1999.70202636719,1999.70202636719,61.3969201855834,20.7729112162034,7.019488,0,0,0,40,4882,32.9178,1999.70202636719,,,,,,,,,,,,,0,,,,2.7334323,,,,,,32.6725616,,,,
,44270209.96,32.68206785,1999.70202636719,0.00101361176253093,2.91151312999131E-7,1,0.999253354069792,40.0298881530762,2.00109233140769,19.0600007772446,0.0114832492853131,0.002102721962328,0.25,6.65295532834834E-6,0.00100916164270483,1.25898459150329E-5,32.6725616,32.6915741,1999.70202636719,1999.70202636719,61.6196843135642,20.769761623083,6.646428,0,0,0,40,4882,32.92905,1999.70202636719,,,,,,,,,,,,,0,,,,2.7471541,,,,,,32.68206785,,,,
,44270211.18,32.70785525,1999.70202636719,0.00101301065205927,2.52211756244973E-7,1,0.999253354069792,40.0298881530762,2.00108915481467,19.0699994564056,0.0114762362813696,0.00210274084743069,0.25,6.75764455718719E-6,0.00100856576264881,1.26932279925676E-5,32.6915741,32.7241364,1999.70202636719,1999.70202636719,61.822126100045,20.7697431862295,7.019488,0,0,0,40,4882,32.9516,1999.70202636719,,,,,,,,,,,,,0,,,,2.7608759,,,,,,32.70785525,,,,
,44270212.445,32.732296,1999.70202636719,0.00101248255147429,2.77970799855714E-7,1,0.999253354069792,40.0298881530762,2.00106343975249,19.0699994564056,0.0114713072314214,0.00209506520334537,0.25,6.17303271608477E-6,0.0010080466560532,1.21107401827364E-5,32.7241364,32.7404556,1999.70202636719,1999.70202636719,61.189006999468,20.7700060049255,6.646428,0,0,0,40,4882,32.9742,1999.70202636719,,,,,,,,,,,,,0,,,,2.7608759,,,,,,32.732296,,,,
,44270213.7,32.7500534,1999.70202636719,0.00101261854541927,2.50335941184425E-7,1,0.999253354069792,40.0298881530762,2.00118244202484,19.0600007772446,0.0114722525260132,0.00210280491914015,0.25,6.81685863559682E-6,0.00100818241686621,1.27559235108687E-5,32.7404556,32.7596512,1999.70202636719,1999.70202636719,61.3867590148334,20.7708181936544,7.019488,0,0,0,40,4882,33.0023,1999.70202636719,,,,,,,,,,,,,0,,,,2.7471541,,,,,,32.7500534,,,,
,44270215.835,32.78457455,1999.70202636719,0.0010119969945654,2.3496573406107E-7,1,0.999253354069792,40.0298881530762,2.00105033997253,19.0699994564056,0.0114650703194307,0.002098477897091,0.25,6.55088991664195E-6,0.00100757091008902,1.24921609041131E-5,32.7749825,32.7941666,1999.70202636719,1999.70202636719,61.5032216641988,20.7712981887807,6.646428,0,0,0,40,4882,33.0418,1999.70202636719,,,,,,,,,,,,,0,,,,2.7471541,,,,,,32.78457455,,,,
,44270217.4,32.8115311,1999.70202636719,0.00101167400021349,2.39401767458401E-7,1,0.999253354069792,40.0298881530762,2.00115848923671,19.0699994564056,0.0114622494662975,0.00209661367206846,0.25,6.43229712996633E-6,0.00100725160450331,1.23735726904626E-5,32.8115311,32.8115311,1999.70202636719,1999.70202636719,61.5610621746219,20.7712717750527,6.273368,0,0,0,40,4882,33.0535,1999.70202636719,,,,,,,,,,,,,0,,,,2.7608759,,,,,,32.8115311,,,,
,44270218.88,32.8300591,1999.70202636719,0.00101150790282947,2.25709418157264E-7,1,0.999253354069792,40.0298881530762,2.00103015781964,19.0600007772446,0.0114601618685505,0.00209378991197603,0.25,6.21737617035299E-6,0.00100709423536626,1.21639585233089E-5,32.8300591,32.8300591,1999.70202636719,1999.70202636719,61.4000466996603,20.7729411213158,6.646428,0,0,0,40,4882,33.0983,1999.70202636719,,,,,,,,,,,,,0,,,,2.7334323,,,,,,32.8300591,,,,
,44270219.63,32.8482552,1999.70202636719,0.00101104086646572,2.56719340449297E-7,1,0.999253354069792,40.0298881530762,2.00105668373133,19.0699994564056,0.0114548144904658,0.0020940951379506,0.25,6.32267478037382E-6,0.00100663021489882,1.22674058416338E-5,32.8300591,32.8664513,1999.70202636719,1999.70202636719,61.5555907749873,20.771103350191,6.646428,0,0,0,40,4882,33.1097,1999.70202636719,,,,,,,,,,,,,0,,,,2.7471541,,,,,,32.8482552,,,,
,44270221,32.87581825,1999.70202636719,0.00101022252251502,3.0908770024316E-7,1,0.999253354069792,40.0298881530762,2.0010199310412,19.0600007772446,0.0114450671150344,0.00209414704520353,0.25,6.47149716156241E-6,0.00100581783405478,1.24134763108559E-5,32.8664513,32.8851852,1999.70202636719,1999.70202636719,61.4617953526796,20.7738918549502,7.019488,0,0,0,40,4882,33.1325,1999.70202636719,,,,,,,,,,,,,0,,,,2.7471541,,,,,,32.87581825,,,,
,44270222.265,32.89495465,1999.70202636719,0.00100958844925252,2.48034959516351E-7,1,0.999253354069792,40.0298881530762,2.00106491381742,19.0699994564056,0.0114382236690678,0.00209250617056879,0.25,6.4321903817885E-6,0.00100518925603908,1.23726607625148E-5,32.8851852,32.9047241,1999.70202636719,1999.70202636719,61.6845594806604,20.774573293314,6.646428,0,0,0,40,4882,33.1498,1999.70202636719,,,,,,,,,,,,,0,,,,2.7471541,,,,,,32.89495465,,,,
,44270223.5,32.91342735,1999.70202636719,0.00100952410027236,2.76008034347653E-7,1,0.999253354069792,40.0298881530762,2.00104617185201,19.0699994564056,0.0114375774975905,0.00209153251702197,0.25,6.35601278311956E-6,0.00100512902446228,1.22991659608433E-5,32.9047241,32.9221306,1999.70202636719,1999.70202636719,61.6275005987565,20.7733896225729,6.646428,0,0,0,40,4882,33.17265,1999.70202636719,,,,,,,,,,,,,0,,,,2.7608759,,,,,,32.91342735,,,,
,44270224.8,32.93088915,1999.70202636719,0.0010088968298486,2.71811958025079E-7,1,0.999253354069792,40.0298881530762,2.00100500802496,19.0600007772446,0.0114299609569467,0.00209198277251609,0.25,6.50743610961956E-6,0.00100450610847874,1.24482961398813E-5,32.9221306,32.9396477,1999.70202636719,1999.70202636719,61.5712233453719,20.7726210443786,6.646428,0,0,0,40,4882,33.18995,1999.70202636719,,,,,,,,,,,,,0,,,,2.7471541,,,,,,32.93088915,,,,
,44270226.05,32.949461,1999.70202636719,0.00100889049658935,3.19981160445187E-7,1,0.999253354069792,40.0298881530762,2.00105320918649,19.0600007772446,0.0114300238450945,0.00209296892097883,0.25,6.58792513258754E-6,0.00100450273213004,1.25311435340246E-5,32.9396477,32.9592743,1999.70202636719,1999.70202636719,61.6611106250834,20.7733241393573,7.019488,0,0,0,40,4882,33.21285,1999.70202636719,,,,,,,,,,,,,0,,,,2.7471541,,,,,,32.949461,,,,
,44270227.235,32.97655295,1999.70202636719,0.00100831868211967,2.9423788097645E-7,1,0.999253354069792,40.0298881530762,2.00099844911918,19.0600007772446,0.0114233830865554,0.00209118589006812,0.25,6.53304326503683E-6,0.00100393706171417,1.24758623786696E-5,32.9592743,32.9938316,1999.70202636719,1999.70202636719,61.5790396305642,20.7723472909114,6.646428,0,0,0,40,4882,33.2358,1999.70202636719,,,,,,,,,,,,,0,,,,2.7608759,,,,,,32.97655295,,,,
,44270228.435,33.00219535,1999.70202636719,0.00100789511769145,2.42384828969276E-7,1,0.999253354069792,40.0298881530762,2.00105166920927,19.0699994564056,0.0114183909210618,0.00209320782521981,0.25,6.77963418508163E-6,0.00100351550691447,1.27203018278185E-5,32.9938316,33.0105591,1999.70202636719,1999.70202636719,61.077234121218,20.7745455762618,6.273368,0,0,0,40,4882,33.24765,1999.70202636719,,,,,,,,,,,,,0,,,,2.7471541,,,,,,33.00219535,,,,
,44270229.72,33.01750375,1999.70202636719,0.00100808097326237,2.43040435931125E-7,1,0.999253354069792,40.0298881530762,2.00104427550829,19.0600007772446,0.0114211372975039,0.00208995634037902,0.25,6.45747798780081E-6,0.00100370592419143,1.24033857245708E-5,33.0105591,33.0244484,1999.70202636719,1999.70202636719,61.6509494543335,20.7738720261032,7.019488,0,0,0,40,4882,33.2706,1999.70202636719,,,,,,,,,,,,,0,,,,2.7334323,,,,,,33.01750375,,,,
,44270231.815,33.0590591,1999.70202636719,0.00100703447602721,2.64622102779992E-7,1,0.999253354069792,40.0298881530762,2.00102840698681,19.0699994564056,0.0114090744338301,0.00208890860186083,0.25,6.54439897058705E-6,0.00100267022120555,1.24892122379391E-5,33.0590591,33.0590591,1999.70202636719,1999.70202636719,61.4117711274488,20.7720967596067,7.019488,0,0,0,40,4882,33.3163,1999.70202636719,,,,,,,,,,,,,0,,,,2.7471541,,,,,,33.0590591,,,,
,44270233.385,33.0783615,1999.70202636719,0.00100659473851555,2.39269646339124E-7,1,0.999253354069792,40.0298881530762,2.00108072907601,19.0699994564056,0.0114045640044297,0.00208709984142276,0.25,6.45618220567255E-6,0.00100223460799936,1.24001932047777E-5,33.0783615,33.0783615,1999.70202636719,1999.70202636719,61.2343414535834,20.7703968584156,6.646428,0,0,0,40,4882,33.3282,1999.70202636719,,,,,,,,,,,,,0,,,,2.7608759,,,,,,33.0783615,,,,
,44270234.035,33.0885315,1999.70202636719,0.00100650432335507,2.43538835539107E-7,1,0.999253354069792,40.0298881530762,2.00102880679007,19.0699994564056,0.0114040295272546,0.00208259920654758,0.25,6.07822038765661E-6,0.00100214852105608,1.20246793560422E-5,33.0783615,33.0987015,1999.70202636719,1999.70202636719,61.7955507303912,20.7728006423693,6.646428,0,0,0,40,4882,33.33955,1999.70202636719,,,,,,,,,,,,,0,,,,2.7747353,,,,,,33.0885315,,,,
,44270235.205,33.10606385,1999.70202636719,0.00100576283864202,2.27462794696706E-7,1,0.999253354069792,40.0298881530762,2.00111519849489,19.0699994564056,0.0113948290133828,0.00208856901766453,0.25,6.72440897083154E-6,0.0010014098332366,1.26664439074779E-5,33.0987015,33.1134262,1999.70202636719,1999.70202636719,61.303906391795,20.767762946411,7.019488,0,0,0,40,4882,33.36245,1999.70202636719,,,,,,,,,,,,,0,,,,2.7610135,,,,,,33.10606385,,,,
,44270237.14,33.1323547,1999.70202636719,0.00100539793367954,2.80274213245928E-7,1,0.999253354069792,40.0298881530762,2.00110022276804,19.0600007772446,0.0113906201152293,0.00208810857401536,0.25,6.74442780876936E-6,0.0010010515906986,1.26883610320112E-5,33.1323547,33.1323547,1999.70202636719,1999.70202636719,61.6056150002181,20.7707327385255,6.646428,0,0,0,40,4882,33.397,1999.70202636719,,,,,,,,,,,,,0,,,,2.7608759,,,,,,33.1323547,,,,
,44270238.64,33.1694374,1999.70202636719,0.00100514011538123,2.20562948246643E-7,1,0.999253354069792,40.0298881530762,2.00102154842265,19.0699994564056,0.01138810592036,0.00208298527323372,0.25,6.3418925109841E-6,0.00100080045971632,1.22886716484113E-5,33.1694374,33.1694374,1999.70202636719,1999.70202636719,61.3679999303719,20.7728301930049,6.646428,0,0,0,40,4882,33.4191,1999.70202636719,,,,,,,,,,,,,0,,,,2.7608759,,,,,,33.1694374,,,,
,44270239.33,33.17736815,1999.70202636719,0.00100417071098225,2.44423209020816E-7,1,0.999253354069792,40.0298881530762,2.00099978893071,19.0699994564056,0.0113776169033473,0.00207761523842515,0.25,6.0394725118626E-6,0.000999838946782203,1.19833153634366E-5,33.1694374,33.1852989,1999.70202636719,1999.70202636719,61.3406429321988,20.7733531115986,6.646428,0,0,0,40,4882,33.43185,1999.70202636719,,,,,,,,,,,,,0,,,,2.7608759,,,,,,33.17736815,,,,
,44270240.595,33.1933689,1999.70202636719,0.0010043119180512,2.4636598863721E-7,1,0.999253354069792,40.0298881530762,2.0010209585884,19.0600007772446,0.0113787546827325,0.00208141611839453,0.25,6.34466961997896E-6,0.000999980992202906,1.22906243557037E-5,33.1852989,33.2014389,1999.70202636719,1999.70202636719,61.6415699121027,20.7713708633491,6.646428,0,0,0,40,4882,33.4533,1999.70202636719,,,,,,,,,,,,,0,,,,2.7608759,,,,,,33.1933689,,,,
,44270241.78,33.21033095,1999.70202636719,0.00100385950642478,2.49048426281285E-7,1,0.999253354069792,40.0298881530762,2.00111823828952,19.0600007772446,0.0113744657568923,0.00207902798967003,0.25,6.20237506921638E-6,0.000999534528652663,1.21487593774014E-5,33.2014389,33.219223,1999.70202636719,1999.70202636719,61.2445026243334,20.7722947936452,6.646428,0,0,0,40,4882,33.4742,1999.70202636719,,,,,,,,,,,,,0,,,,2.7471541,,,,,,33.21033095,,,,
,44270244.14,33.2556953,1999.70202636719,0.00100353324060675,3.12810387068085E-7,1,0.999253354069792,40.0298881530762,2.00102813638549,19.0600007772446,0.0113693201667243,0.0020841010949881,0.25,6.70933706859515E-6,0.000999212458870623,1.26563067257761E-5,33.2556953,33.2556953,1999.70202636719,1999.70202636719,61.7463081336796,20.7711523612613,7.019488,0,0,0,40,4882,33.5132,1999.70202636719,,,,,,,,,,,,,0,,,,2.7334323,,,,,,33.2556953,,,,
,44270244.9,33.2645664,1999.70202636719,0.00100263979490299,2.92735451740049E-7,1,0.999253354069792,40.0298881530762,2.00117721241663,19.0699994564056,0.0113604037922505,0.00208024604343715,0.25,6.51235086790239E-6,0.000998325773745212,1.24562423750197E-5,33.2556953,33.2734375,1999.70202636719,1999.70202636719,61.3977018141027,20.7718478006526,6.646428,0,0,0,40,4882,33.52485,1999.70202636719,,,,,,,,,,,,,0,,,,2.7471541,,,,,,33.2645664,,,,
,44270247.04,33.30179975,1999.70202636719,0.00100247475554678,2.44163163985711E-7,1,0.999253354069792,40.0298881530762,2.00109201456064,19.0699994564056,0.0113583339241103,0.00207871264773802,0.25,6.40832222169484E-6,0.000998167602704211,1.23560969849382E-5,33.2916069,33.3119926,1999.70202636719,1999.70202636719,61.4305302119103,20.7730870223953,6.646428,0,0,0,40,4882,33.5616,1999.70202636719,,,,,,,,,,,,,0,,,,2.7885947,,,,,,33.30179975,,,,
,44270248.54,33.329113,1999.70202636719,0.00100169183244623,2.79979198391667E-7,1,0.999253354069792,40.0298881530762,2.00101776964162,19.0600007772446,0.011348905875395,0.00207816717952731,0.25,6.50096370256642E-6,0.000997391432453446,1.24468435333884E-5,33.329113,33.329113,1999.70202636719,1999.70202636719,62.0527065132181,20.7701387302133,6.646428,0,0,0,40,4882,33.5879,1999.70202636719,,,,,,,,,,,,,0,,,,2.7747353,,,,,,33.329113,,,,
,44270250.025,33.3441124,1999.70202636719,0.00100169192926,2.49716803627153E-7,1,0.999253354069792,40.0298881530762,2.00097280363634,19.0699994564056,0.0113491087186901,0.00207585694708374,0.25,6.29755758499999E-6,0.000997396545500642,1.22472673397279E-5,33.3441124,33.3441124,1999.70202636719,1999.70202636719,61.6939390228911,20.7724998813293,6.646428,0,0,0,40,4882,33.6125,1999.70202636719,,,,,,,,,,,,,0,,,,2.7608759,,,,,,33.3441124,,,,
,44270251.515,33.3807526,1999.70202636719,0.00100088417309701,2.16130638574082E-7,1,0.999253354069792,40.0298881530762,2.00106674332362,19.0600007772446,0.0113405529643137,0.00207401483750533,0.25,6.265877548256E-6,0.000996596056162837,1.22138642935195E-5,33.3807526,33.3807526,1999.70202636719,1999.70202636719,61.7252041636604,20.7745862769021,7.019488,0,0,0,40,4882,33.6371,1999.70202636719,,,,,,,,,,,,,0,,,,2.7471541,,,,,,33.3807526,,,,
,44270253.07,33.3991356,1999.70202636719,0.00100059757244499,2.59745031393427E-7,1,0.999253354069792,40.0298881530762,2.00101604735062,19.0600007772446,0.0113374802300247,0.00207110991780846,0.25,6.06076420674409E-6,0.00099631607194516,1.20111647354479E-5,33.3991356,33.3991356,1999.70202636719,1999.70202636719,61.2874921928911,20.7753213126462,7.019488,0,0,0,40,4882,33.6641,1999.70202636719,,,,,,,,,,,,,0,,,,2.7608759,,,,,,33.3991356,,,,
,44270253.705,33.4155197,1999.70202636719,0.00100008568249353,2.91555636315775E-7,1,0.999253354069792,40.0298881530762,2.00112933052615,19.0699994564056,0.0113316844325369,0.00207372462451743,0.25,6.36992145170335E-6,0.000995806358175155,1.23174411600461E-5,33.3991356,33.4319038,1999.70202636719,1999.70202636719,61.8244709856027,20.7724006566455,6.646428,0,0,0,40,4882,33.67645,1999.70202636719,,,,,,,,,,,,,0,,,,2.7608759,,,,,,33.4155197,,,,
,44270254.92,33.4412746,1999.70202636719,0.000999874569438185,2.33134009119111E-7,1,0.999253354069792,40.0298881530762,2.00108623431174,19.0699994564056,0.0113285886232641,0.00207609849173517,0.25,6.61751506453208E-6,0.0009955973871596,1.25649237334297E-5,33.4319038,33.4506454,1999.70202636719,1999.70202636719,61.385195757795,20.7709375809355,6.273368,0,0,0,40,4882,33.6947,1999.70202636719,,,,,,,,,,,,,0,,,,2.7747353,,,,,,33.4412746,,,,
,44270257.04,33.4659081,1999.70202636719,0.000999405229780911,2.46986946299021E-7,1,0.999253354069792,40.0298881530762,2.00112241422161,19.0600007772446,0.0113239916575202,0.00207255339367973,0.25,6.37933050577919E-6,0.000995137040045758,1.23292805049272E-5,33.4659081,33.4659081,1999.70202636719,1999.70202636719,61.9495315486796,20.7720614424808,6.646428,0,0,0,40,4882,33.73065,1999.70202636719,,,,,,,,,,,,,0,,,,2.7885947,,,,,,33.4659081,,,,
,44270258.66,33.5001297,1999.70202636719,0.000998644931811375,2.39144196014548E-7,1,0.999253354069792,40.0298881530762,2.00108847002092,19.0699994564056,0.011314951089703,0.00207258982015466,0.25,6.51571595865994E-6,0.000994383167116051,1.24637562019501E-5,33.5001297,33.5001297,1999.70202636719,1999.70202636719,61.5727866024104,20.7742918753881,7.019488,0,0,0,40,4882,33.7573,1999.70202636719,,,,,,,,,,,,,0,,,,2.7747353,,,,,,33.5001297,,,,
,44270260.255,33.5175476,1999.70202636719,0.000998501935561873,2.21282524748274E-7,1,0.999253354069792,40.0298881530762,2.00108541719268,19.0699994564056,0.0113138252721013,0.00206965212260348,0.25,6.278575979753E-6,0.000994246040570387,1.22297448746416E-5,33.5175476,33.5175476,1999.70202636719,1999.70202636719,61.5821661446411,20.7729451190881,6.646428,0,0,0,40,4882,33.782,1999.70202636719,,,,,,,,,,,,,0,,,,2.7885947,,,,,,33.5175476,,,,
,44270261.89,33.5538368,1999.70202636719,0.000998244298588997,2.3512441602557E-7,1,0.999253354069792,40.0298881530762,2.00107969605791,19.0699994564056,0.0113103801661107,0.00207223235900766,0.25,6.54745427686078E-6,0.000993992576563016,1.24996647280177E-5,33.5538368,33.5538368,1999.70202636719,1999.70202636719,61.209329340968,20.7723592823463,7.019488,0,0,0,40,4882,33.8128,1999.70202636719,,,,,,,,,,,,,0,,,,2.7608759,,,,,,33.5538368,,,,
,44270262.615,33.5620632,1999.70202636719,0.000997824224471739,3.47309584294612E-7,1,0.999253354069792,40.0298881530762,2.00103180673809,19.0600007772446,0.0113056364338945,0.00206985503525625,0.25,6.41483906167091E-6,0.000993576445174422,1.23661678401608E-5,33.5538368,33.5702896,1999.70202636719,1999.70202636719,61.5610621746219,20.7749037026562,6.646428,0,0,0,40,4882,33.8217,1999.70202636719,,,,,,,,,,,,,0,,,,2.7608759,,,,,,33.5620632,,,,
,44270263.9,33.5806236,1999.70202636719,0.000996721220668963,2.06562970931162E-7,1,0.999253354069792,40.0298881530762,2.00107144043358,19.0699994564056,0.0112927285626398,0.00207136179903992,0.25,6.73568294706394E-6,0.000992479489045554,1.26816342216805E-5,33.5702896,33.5909576,1999.70202636719,1999.70202636719,61.4594504671219,20.7729198678684,7.019488,0,0,0,40,4882,33.8431,1999.70202636719,,,,,,,,,,,,,0,,,,2.7747353,,,,,,33.5806236,,,,
,44270265.135,33.60664745,1999.70202636719,0.000996527020694807,3.04583613769188E-7,1,0.999253354069792,40.0298881530762,2.00109824098276,19.0600007772446,0.0112910051363457,0.00206932335974712,0.25,6.58467305000842E-6,0.000992290376014863,1.25327537901469E-5,33.5909576,33.6223373,1999.70202636719,1999.70202636719,61.7447448766412,20.7731143113721,7.019488,0,0,0,40,4882,33.8651,1999.70202636719,,,,,,,,,,,,,0,,,,2.7747353,,,,,,33.60664745,,,,
,44270267.18,33.6408157,1999.70202636719,0.000996778790967093,2.98930959077912E-7,1,0.999253354069792,40.0298881530762,2.00105509291107,19.0699994564056,0.0112944557572951,0.00206544450588232,0.25,6.19711845299467E-6,0.000992548555751776,1.21523656102586E-5,33.6408157,33.6408157,1999.70202636719,1999.70202636719,61.8002405015065,20.7738512731212,7.019488,0,0,0,40,4882,33.8984,1999.70202636719,,,,,,,,,,,,,0,,,,2.7608759,,,,,,33.6408157,,,,
,44270267.875,33.64855385,1999.70202636719,0.000996058120176178,2.29756328172547E-7,1,0.999253354069792,40.0298881530762,2.00116519386329,19.0600007772446,0.0112870111031925,0.00206345507760727,0.25,6.13752131929346E-6,0.00099183323907729,1.20901995287028E-5,33.6408157,33.656292,1999.70202636719,1999.70202636719,61.2359047106219,20.7723360588132,6.273368,0,0,0,40,4882,33.91085,1999.70202636719,,,,,,,,,,,,,0,,,,2.7471541,,,,,,33.64855385,,,,
,44270269.96,33.6747322,1999.70202636719,0.000995370979977289,2.90889806912125E-7,1,0.999253354069792,40.0298881530762,2.00101353133696,19.0600007772446,0.0112778133540353,0.00206566124868668,0.25,6.46083347431035E-6,0.000991152943140104,1.24125562836994E-5,33.6747322,33.6747322,1999.70202636719,1999.70202636719,61.4485076678527,20.7735050298724,6.646428,0,0,0,40,4882,33.9483,1999.70202636719,,,,,,,,,,,,,0,,,,2.7608759,,,,,,33.6747322,,,,
,44270271.47,33.7132492,1999.70202636719,0.000995032396377591,3.2669356639664E-7,1,0.999253354069792,40.0298881530762,2.00108292785308,19.0600007772446,0.0112744498221083,0.00206472606747448,0.25,6.42823651513031E-6,0.000990819981766842,1.2381248263763E-5,33.7132492,33.7132492,1999.70202636719,1999.70202636719,61.5649703172181,20.7743739764518,6.646428,0,0,0,40,4882,33.97465,1999.70202636719,,,,,,,,,,,,,0,,,,2.7885947,,,,,,33.7132492,,,,
,44270273.13,33.7324905,1999.70202636719,0.00099448071433971,2.48293777034537E-7,1,0.999253354069792,40.0298881530762,2.00105023722281,19.0699994564056,0.0112683357657819,0.00206205800698192,0.25,6.28929804170938E-6,0.000990275608528931,1.22427647027813E-5,33.7324905,33.7324905,1999.70202636719,1999.70202636719,61.5188542345834,20.7743220127894,6.646428,0,0,0,40,4882,34.001,1999.70202636719,,,,,,,,,,,,,0,,,,2.7885947,,,,,,33.7324905,,,,
,44270274.75,33.7657394,1999.70202636719,0.000994303041080266,2.89241785678076E-7,1,0.999253354069792,40.0298881530762,2.0010433378863,19.0600007772446,0.0112660089437164,0.00206349625987431,0.25,6.44449129989083E-6,0.000990101422205092,1.23991431913582E-5,33.7657394,33.7657394,1999.70202636719,1999.70202636719,61.7861711881604,20.770461587925,6.646428,0,0,0,40,4882,34.025,1999.70202636719,,,,,,,,,,,,,0,,,,2.7885947,,,,,,33.7657394,,,,
,44270276.255,33.7821121,1999.70202636719,0.000993856054983175,2.43004270762104E-7,1,0.999253354069792,40.0298881530762,2.00108019196359,19.0600007772446,0.0112615726846647,0.00206041724246078,0.25,6.24519353261864E-6,0.000989661301442221,1.22008840163274E-5,33.7821121,33.7821121,1999.70202636719,1999.70202636719,62.1160184232758,20.771674896095,7.019488,0,0,0,40,4882,34.0489,1999.70202636719,,,,,,,,,,,,,0,,,,2.7608759,,,,,,33.7821121,,,,
,44270276.92,33.7924423,1999.70202636719,0.000992976509164914,2.82311628330439E-7,1,0.999253354069792,40.0298881530762,2.00118514152909,19.0600007772446,0.0112514673798023,0.00206282006726935,0.25,6.60102527388521E-6,0.000988785552424851,1.25516587175415E-5,33.7821121,33.8027725,1999.70202636719,1999.70202636719,61.8877828956604,20.7728312463766,6.646428,0,0,0,40,4882,34.06315,1999.70202636719,,,,,,,,,,,,,0,,,,2.7747353,,,,,,33.7924423,,,,
,44270278.13,33.8104839,1999.70202636719,0.000992301843518618,2.6394611302306E-7,1,0.999253354069792,40.0298881530762,2.00118170527113,19.0600007772446,0.0112439741324112,0.00206072433261657,0.25,6.53184260787881E-6,0.00098811818304362,1.24817959310815E-5,33.8027725,33.8181953,1999.70202636719,1999.70202636719,61.2359047106219,20.7687509981941,6.646428,0,0,0,40,4882,34.0887,1999.70202636719,,,,,,,,,,,,,0,,,,2.7885947,,,,,,33.8104839,,,,
,44270279.355,33.8377132,1999.70202636719,0.000992799404766384,2.36982223301591E-7,1,0.999253354069792,40.0298881530762,2.00116781514739,19.0600007772446,0.0112496958132415,0.00206102372735157,0.25,6.4690839897237E-6,0.00098861666799198,1.24243789481652E-5,33.8181953,33.8572311,1999.70202636719,1999.70202636719,61.4383464971026,20.7726397768726,6.646428,0,0,0,40,4882,34.1059,1999.70202636719,,,,,,,,,,,,,0,,,,2.7885947,,,,,,33.8377132,,,,
,44270281.41,33.8750191,1999.70202636719,0.00099119098253608,2.59474247381312E-7,1,0.999253354069792,40.0298881530762,2.00125446774503,19.0600007772446,0.0112323863869671,0.00205556435722194,0.25,6.25910541549268E-6,0.000987021623615588,1.2209758487039E-5,33.8750191,33.8750191,1999.70202636719,1999.70202636719,61.5251072627373,20.7698261973227,6.646428,0,0,0,40,4882,34.1404,1999.70202636719,,,,,,,,,,,,,0,,,,2.7608759,,,,,,33.8750191,,,,
,44270282.93,33.8915405,1999.70202636719,0.00099100996128211,2.777638756739E-7,1,0.999253354069792,40.0298881530762,2.0011715663423,19.0600007772446,0.0112295294490487,0.0020574692605461,0.25,6.46184799233552E-6,0.000986844731424633,1.24140287372546E-5,33.8915405,33.8915405,1999.70202636719,1999.70202636719,61.6775248239873,20.7719894243405,6.646428,0,0,0,40,4882,34.169,1999.70202636719,,,,,,,,,,,,,0,,,,2.7608759,,,,,,33.8915405,,,,
,44270283.64,33.90839765,1999.70202636719,0.000990968234265942,2.93186091775912E-7,1,0.999253354069792,40.0298881530762,2.0012794146139,19.0699994564056,0.01122989176383,0.00205607906643822,0.25,6.33649676304134E-6,0.000986804789474036,1.22896672842555E-5,33.8915405,33.9252548,1999.70202636719,1999.70202636719,61.5641886886988,20.7706795620281,7.019488,0,0,0,40,4882,34.17495,1999.70202636719,,,,,,,,,,,,,0,,,,2.7608759,,,,,,33.90839765,,,,
,44270285.745,33.942894,1999.70202636719,0.000990228500358144,2.91664267896824E-7,1,0.999253354069792,40.0298881530762,2.00113198253044,19.0699994564056,0.0112210770914719,0.00205281504905882,0.25,6.18603368801692E-6,0.000986075461341335,1.21402528713328E-5,33.942894,33.942894,1999.70202636719,1999.70202636719,61.4617953526796,20.7719849072574,6.646428,0,0,0,40,4882,34.2153,1999.70202636719,,,,,,,,,,,,,0,,,,2.7885947,,,,,,33.942894,,,,
,44270286.37,33.95212555,1999.70202636719,0.000990334235411847,2.55339245434528E-7,1,0.999253354069792,40.0298881530762,2.00117926092116,19.0600007772446,0.0112217058457528,0.00205779923785696,0.25,6.60175725921655E-6,0.000986179171076972,1.25556141313389E-5,33.942894,33.9613571,1999.70202636719,1999.70202636719,61.5469928612758,20.7697503420132,7.019488,0,0,0,40,4882,34.2213,1999.70202636719,,,,,,,,,,,,,0,,,,2.7885947,,,,,,33.95212555,,,,
,44270287.55,33.96969605,1999.70202636719,0.000989723680508427,2.27368361193116E-7,1,0.999253354069792,40.0298881530762,2.00120519280811,19.0600007772446,0.0112153065632194,0.00205458278267836,0.25,6.42117556946522E-6,0.000985574989132342,1.23741973193583E-5,33.9613571,33.978035,1999.70202636719,1999.70202636719,61.4234955552373,20.7718907222373,7.019488,0,0,0,40,4882,34.23865,1999.70202636719,,,,,,,,,,,,,0,,,,2.7747353,,,,,,33.96969605,,,,
,44270288.77,33.9866047,1999.70202636719,0.000988837335753882,2.5047294247949E-7,1,0.999253354069792,40.0298881530762,2.00123326657148,19.0699994564056,0.0112062550809745,0.00204818163692744,0.25,6.00835726895829E-6,0.000984697596873154,1.19598563454248E-5,33.978035,33.9951744,1999.70202636719,1999.70202636719,61.8533912408142,20.7703046221013,6.273368,0,0,0,40,4882,34.25615,1999.70202636719,,,,,,,,,,,,,0,,,,2.7608759,,,,,,33.9866047,,,,
,44270290.97,34.0315628,1999.70202636719,0.000989293963675265,2.37107637403647E-7,1,0.999253354069792,40.0298881530762,2.00116065511375,19.0600007772446,0.0112103689046691,0.00205336248398846,0.25,6.38382501577888E-6,0.000985157379345229,1.23421031801645E-5,34.0315628,34.0315628,1999.70202636719,1999.70202636719,61.4672667523142,20.7711369181657,7.019488,0,0,0,40,4882,34.30215,1999.70202636719,,,,,,,,,,,,,0,,,,2.7608759,,,,,,34.0315628,,,,
,44270292.58,34.0568142,1999.70202636719,0.000987838387598697,2.52004279504265E-7,1,0.999253354069792,40.0298881530762,2.00120230107346,19.0699994564056,0.0111942798945728,0.00204952759279305,0.25,6.29650478748507E-6,0.000983711111424688,1.22484766962352E-5,34.0477905,34.0658379,1999.70202636719,1999.70202636719,61.6525127113719,20.7709602707339,6.646428,0,0,0,40,4882,34.3198,1999.70202636719,,,,,,,,,,,,,0,,,,2.7608759,,,,,,34.0568142,,,,
,44270294.29,34.0824165,1999.70202636719,0.000987612567478138,3.03352360244281E-7,1,0.999253354069792,40.0298881530762,2.00128559879941,19.0600007772446,0.0111920450430859,0.00205012643229792,0.25,6.37767897146141E-6,0.000983490358645511,1.23314452263732E-5,34.0824165,34.0824165,1999.70202636719,1999.70202636719,61.8135281863335,20.7692600431249,6.646428,0,0,0,40,4882,34.34865,1999.70202636719,,,,,,,,,,,,,0,,,,2.7747353,,,,,,34.0824165,,,,
,44270295.155,34.0995102,1999.70202636719,0.000986907858758472,2.4164309103819E-7,1,0.999253354069792,40.0298881530762,2.0012615802269,19.0699994564056,0.0111834159867505,0.00205174510428693,0.25,6.64420389206417E-6,0.000982789737230522,1.25947164095077E-5,34.0824165,34.1166039,1999.70202636719,1999.70202636719,61.5509010038719,20.7719317765387,7.019488,0,0,0,40,4882,34.3661,1999.70202636719,,,,,,,,,,,,,0,,,,2.7747353,,,,,,34.0995102,,,,
,44270296.325,34.12565805,1999.70202636719,0.000987148029202277,2.42364528263745E-7,1,0.999253354069792,40.0298881530762,2.00117893813957,19.0600007772446,0.0111862373524921,0.00204929019271879,0.25,6.38991038184886E-6,0.000983033212278161,1.23450678754546E-5,34.1166039,34.1347122,1999.70202636719,1999.70202636719,61.4391281256219,20.7718144582163,6.646428,0,0,0,40,4882,34.38375,1999.70202636719,,,,,,,,,,,,,0,,,,2.7608759,,,,,,34.12565805,,,,
,44270297.485,34.14289855,1999.70202636719,0.000987186425988255,2.70836892935559E-7,1,0.999253354069792,40.0298881530762,2.00121757552805,19.0699994564056,0.0111874630937162,0.00204628130928258,0.25,6.11198238714192E-6,0.000983075939414652,1.20706424334963E-5,34.1347122,34.1510849,1999.70202636719,1999.70202636719,61.4758646660257,20.7704001766188,7.019488,0,0,0,40,4882,34.40125,1999.70202636719,,,,,,,,,,,,,0,,,,2.7608759,,,,,,34.14289855,,,,
,44270299.5,34.1672478,1999.70202636719,0.000986295895524887,2.60478572543495E-7,1,0.999253354069792,40.0298881530762,2.001198338465,19.0600007772446,0.0111773217056284,0.00204462465362968,0.25,6.11784910009047E-6,0.000982196654045298,1.20767091185734E-5,34.1672478,34.1672478,1999.70202636719,1999.70202636719,61.6931573943719,20.7709594978829,7.019488,0,0,0,40,4882,34.4476,1999.70202636719,,,,,,,,,,,,,0,,,,2.7885947,,,,,,34.1672478,,,,
,44270301.03,34.2065163,1999.70202636719,0.000985338627953695,2.44395349254626E-7,1,0.999253354069792,40.0298881530762,2.00117910600675,19.0600007772446,0.0111658300399658,0.00204586879376424,0.25,6.39549154040986E-6,0.000981244365263335,1.23495748866716E-5,34.2065163,34.2065163,1999.70202636719,1999.70202636719,61.5321419194104,20.7707011063665,6.646428,0,0,0,40,4882,34.46555,1999.70202636719,,,,,,,,,,,,,0,,,,2.7747353,,,,,,34.2065163,,,,
,44270301.75,34.2143822,1999.70202636719,0.000984607253130544,1.99157306432532E-7,1,0.999253354069792,40.0298881530762,2.00121489807548,19.0699994564056,0.0111577317770127,0.00204457925371175,0.25,6.4052490126853E-6,0.000980518812903268,1.23569635519199E-5,34.2065163,34.2222481,1999.70202636719,1999.70202636719,61.5313602908911,20.7708910085603,6.646428,0,0,0,40,4882,34.48295,1999.70202636719,,,,,,,,,,,,,0,,,,2.7747353,,,,,,34.2143822,,,,
,44270303.82,34.2408752,1999.70202636719,0.000984485815627294,2.48359668048926E-7,1,0.999253354069792,40.0298881530762,2.00124719108454,19.0600007772446,0.0111561188517523,0.00204705635887666,0.25,6.63695442191342E-6,0.000980402232123307,1.25912684360542E-5,34.2408752,34.2408752,1999.70202636719,1999.70202636719,62.0386371998719,20.7706242973645,6.646428,0,0,0,40,4882,34.5183,1999.70202636719,,,,,,,,,,,,,0,,,,2.7608759,,,,,,34.2408752,,,,
,44270305.43,34.2771263,1999.70202636719,0.000984357131554031,2.75021651558016E-7,1,0.999253354069792,40.0298881530762,2.00119034578782,19.0699994564056,0.0111548400253158,0.00204425268131874,0.25,6.41395825500754E-6,0.00098027909557065,1.23712324955751E-5,34.2771263,34.2771263,1999.70202636719,1999.70202636719,61.6009252291027,20.7712415842871,7.019488,0,0,0,40,4882,34.5416,1999.70202636719,,,,,,,,,,,,,0,,,,2.7608759,,,,,,34.2771263,,,,
,44270306.15,34.2863693,1999.70202636719,0.000983744869247039,2.19170718183328E-7,1,0.999253354069792,40.0298881530762,2.00118290681279,19.0699994564056,0.0111483197988303,0.00204051314828035,0.25,6.19127431887764E-6,0.00097967265229864,1.21471901779592E-5,34.2771263,34.2956123,1999.70202636719,1999.70202636719,61.4000466996603,20.7711708785465,6.646428,0,0,0,40,4882,34.55355,1999.70202636719,,,,,,,,,,,,,0,,,,2.7608759,,,,,,34.2863693,,,,
,44270307.35,34.30345915,1999.70202636719,0.000983593038332511,2.22966084506181E-7,1,0.999253354069792,40.0298881530762,2.00116599169253,19.0600007772446,0.0111460428192988,0.0020430808604115,0.25,6.44235079019839E-6,0.000979523745731756,1.23991480547879E-5,34.2956123,34.311306,1999.70202636719,1999.70202636719,61.6321903698719,20.7712414068934,6.273368,0,0,0,40,4882,34.5769,1999.70202636719,,,,,,,,,,,,,0,,,,2.7747353,,,,,,34.30345915,,,,
,44270309.415,34.3349724,1999.70202636719,0.00098346226915405,2.42940984539599E-7,1,0.999253354069792,40.0298881530762,2.00127119337254,19.0699994564056,0.0111455391039234,0.00204085257276266,0.25,6.25557511190384E-6,0.000979399453356417,1.22159469547786E-5,34.3249054,34.3450394,1999.70202636719,1999.70202636719,61.1553969731411,20.7707615332189,6.646428,0,0,0,40,4882,34.6066,1999.70202636719,,,,,,,,,,,,,0,,,,2.7747353,,,,,,34.3349724,,,,
,44270310.125,34.3540821,1999.70202636719,0.000982781131334336,2.23516524250008E-7,1,0.999253354069792,40.0298881530762,2.00119506721345,19.0699994564056,0.0111373608393498,0.00203980371184888,0.25,6.28813602571183E-6,0.000978722765032916,1.22456600509862E-5,34.3450394,34.3631248,1999.70202636719,1999.70202636719,61.7541244188719,20.7718674466576,6.646428,0,0,0,40,4882,34.6184,1999.70202636719,,,,,,,,,,,,,0,,,,2.7608759,,,,,,34.3540821,,,,
,44270312.16,34.3809319,1999.70202636719,0.000982669847590558,2.29845762005984E-7,1,0.999253354069792,40.0298881530762,2.00130296481169,19.0600007772446,0.0111359803402955,0.00204391469765667,0.25,6.65645729954561E-6,0.000978614512175111,1.26153803491114E-5,34.3809319,34.3809319,1999.70202636719,1999.70202636719,61.7650672181412,20.7715718024622,6.646428,0,0,0,40,4882,34.6479,1999.70202636719,,,,,,,,,,,,,0,,,,2.7885947,,,,,,34.3809319,,,,
,44270312.88,34.3898964,1999.70202636719,0.000982296107768955,2.4985564083555E-7,1,0.999253354069792,40.0298881530762,2.00127080660658,19.0699994564056,0.0111325107273318,0.00203793434720983,0.25,6.19631731958241E-6,0.000978247055029919,1.2156282278711E-5,34.3809319,34.3988609,1999.70202636719,1999.70202636719,61.5430847186796,20.7714829915085,7.019488,0,0,0,40,4882,34.65975,1999.70202636719,,,,,,,,,,,,,0,,,,2.7885947,,,,,,34.3898964,,,,
,44270314.185,34.41595265,1999.70202636719,0.000981566386939317,2.21439646312491E-7,1,0.999253354069792,40.0298881530762,2.0012194157488,19.0600007772446,0.0111235607806174,0.00203893774218053,0.25,6.41443293741655E-6,0.000977522830047885,1.23719372655913E-5,34.3988609,34.4330444,1999.70202636719,1999.70202636719,61.761159075545,20.7713475124808,6.646428,0,0,0,40,4882,34.68345,1999.70202636719,,,,,,,,,,,,,0,,,,2.7747353,,,,,,34.41595265,,,,
,44270315.49,34.44215965,1999.70202636719,0.000981261613353996,2.4992242135511E-7,1,0.999253354069792,40.0298881530762,2.00135839514896,19.0600007772446,0.0111207516493547,0.00203921099785294,0.25,6.47688865244532E-6,0.000977222769151479,1.2435157358756E-5,34.4330444,34.4512749,1999.70202636719,1999.70202636719,61.7064450791988,20.7717619572502,6.646428,0,0,0,40,4882,34.70715,1999.70202636719,,,,,,,,,,,,,0,,,,2.7608759,,,,,,34.44215965,,,,
,44270316.775,34.4591656,1999.70202636719,0.000980996044191875,2.25358919728392E-7,1,0.999253354069792,40.0298881530762,2.00125291321292,19.0699994564056,0.0111167967168912,0.0020410125895689,0.25,6.68801402999759E-6,0.00097696093031595,1.26466880789241E-5,34.4512749,34.4670563,1999.70202636719,1999.70202636719,61.7033185651219,20.7697280964394,7.019488,0,0,0,40,4882,34.7309,1999.70202636719,,,,,,,,,,,,,0,,,,2.7747353,,,,,,34.4591656,,,,
,44270318.85,34.49162485,1999.70202636719,0.000980946350780865,2.55865144251669E-7,1,0.999253354069792,40.0298881530762,2.00127494991416,19.0600007772446,0.0111172243827572,0.00203637088686744,0.25,6.28044429741716E-6,0.000976919787596125,1.22447990563443E-5,34.4825974,34.5006523,1999.70202636719,1999.70202636719,61.486807465295,20.7713722959618,7.019488,0,0,0,40,4882,34.7665,1999.70202636719,,,,,,,,,,,,,0,,,,2.7885947,,,,,,34.49162485,,,,
,44270319.6,34.5098953,1999.70202636719,0.000980171044617007,2.51026176542822E-7,1,0.999253354069792,40.0298881530762,2.00131030844189,19.0699994564056,0.011107843371309,0.00203934827878391,0.25,6.67494251366394E-6,0.00097614713700688,1.26344103678126E-5,34.5006523,34.5191383,1999.70202636719,1999.70202636719,61.6634555106411,20.770595959759,6.646428,0,0,0,40,4882,34.77845,1999.70202636719,,,,,,,,,,,,,0,,,,2.7885947,,,,,,34.5098953,,,,
,44270321.725,34.5365753,1999.70202636719,0.000979925969540821,2.58301398734641E-7,1,0.999253354069792,40.0298881530762,2.00116538219638,19.0600007772446,0.011105273845903,0.00203344826255568,0.25,6.20693747832225E-6,0.000975909883539328,1.2169754669981E-5,34.5365753,34.5365753,1999.70202636719,1999.70202636719,61.9143582653143,20.7723887693774,6.646428,0,0,0,40,4882,34.8027,1999.70202636719,,,,,,,,,,,,,0,,,,2.7608759,,,,,,34.5365753,,,,
,44270323.23,34.56552695,1999.70202636719,0.000979345995465877,1.93610081738615E-7,1,0.999253354069792,40.0298881530762,2.00118802220231,19.0600007772446,0.0110984217219267,0.00203491923420531,0.25,6.43173417809601E-6,0.000975336768843794,1.23943951153548E-5,34.5572548,34.5737991,1999.70202636719,1999.70202636719,61.3703448159296,20.7728273390662,6.646428,0,0,0,40,4882,34.8381,1999.70202636719,,,,,,,,,,,,,0,,,,2.7608759,,,,,,34.56552695,,,,
,44270323.875,34.58278655,1999.70202636719,0.000978685664977824,2.81606212930743E-7,1,0.999253354069792,40.0298881530762,2.00124270365617,19.0600007772446,0.0110904824485644,0.0020379466016437,0.25,6.8086979578599E-6,0.000974678738495711,1.27672442564524E-5,34.5737991,34.591774,1999.70202636719,1999.70202636719,61.7455265051604,20.7708245091158,7.019488,0,0,0,40,4882,34.85005,1999.70202636719,,,,,,,,,,,,,0,,,,2.7608759,,,,,,34.58278655,,,,
,44270325.075,34.5999508,1999.70202636719,0.000978600520454959,2.92409489908454E-7,1,0.999253354069792,40.0298881530762,2.00122285246042,19.0699994564056,0.0110903840776726,0.00203244790892958,0.25,6.338086308103E-6,0.000974599786427977,1.2300198536137E-5,34.591774,34.6081276,1999.70202636719,1999.70202636719,61.7189511355065,20.7705290380999,6.273368,0,0,0,40,4882,34.868,1999.70202636719,,,,,,,,,,,,,0,,,,2.7747353,,,,,,34.5999508,,,,
,44270326.31,34.61600495,1999.70202636719,0.000978102778911522,2.66081847011558E-7,1,0.999253354069792,40.0298881530762,2.00121712289636,19.0600007772446,0.011084596396129,0.00203226811113145,0.25,6.40791585738612E-6,0.000974106613057763,1.23688797524116E-5,34.6081276,34.6238823,1999.70202636719,1999.70202636719,61.598580343545,20.7725313778834,6.646428,0,0,0,40,4882,34.88595,1999.70202636719,,,,,,,,,,,,,0,,,,2.7747353,,,,,,34.61600495,,,,
,44270327.56,34.63243105,1999.70202636719,0.000977699927505404,2.1663291780539E-7,1,0.999253354069792,40.0298881530762,2.00124985393773,19.0600007772446,0.0110803076210022,0.0020311421168221,0.25,6.37340783154598E-6,0.000973709623033641,1.23349543617443E-5,34.6238823,34.6409798,1999.70202636719,1999.70202636719,61.6400066550642,20.7715663374434,7.019488,0,0,0,40,4882,34.9099,1999.70202636719,,,,,,,,,,,,,0,,,,2.7608759,,,,,,34.63243105,,,,
,44270328.805,34.6580334,1999.70202636719,0.000977756201266618,2.26962091403804E-7,1,0.999253354069792,40.0298881530762,2.00114734968218,19.0699994564056,0.0110802457976951,0.00203232557264824,0.25,6.47290483043924E-6,0.000973769025988903,1.24373097320592E-5,34.6409798,34.675087,1999.70202636719,1999.70202636719,61.3461143318334,20.77043086882,6.646428,0,0,0,40,4882,34.9339,1999.70202636719,,,,,,,,,,,,,0,,,,2.7608759,,,,,,34.6580334,,,,
,44270330.01,34.68366435,1999.70202636719,0.000977028018915113,2.24238563496765E-7,1,0.999253354069792,40.0298881530762,2.00119452379863,19.0699994564056,0.0110717613330186,0.00203377738311315,0.25,6.72273029237636E-6,0.000973045179959553,1.2683851345842E-5,34.675087,34.6922417,1999.70202636719,1999.70202636719,61.7525611618335,20.7735105288967,6.646428,0,0,0,40,4882,34.9519,1999.70202636719,,,,,,,,,,,,,0,,,,2.7608759,,,,,,34.68366435,,,,
,44270331.22,34.7015076,1999.70202636719,0.000976726673980639,2.44423647675872E-7,1,0.999253354069792,40.0298881530762,2.00122911645825,19.0600007772446,0.0110694466296158,0.00202818579306442,0.25,6.27745399574417E-6,0.000972750780310883,1.2240716218521E-5,34.6922417,34.7107735,1999.70202636719,1999.70202636719,61.7345837058911,20.7718006593042,7.019488,0,0,0,40,4882,34.96995,1999.70202636719,,,,,,,,,,,,,0,,,,2.7608759,,,,,,34.7015076,,,,
,44270332.425,34.71862795,1999.70202636719,0.000976657923311869,2.38682831096287E-7,1,0.999253354069792,40.0298881530762,2.00122454652169,19.0600007772446,0.011068156804365,0.0020310656359783,0.25,6.54016277441371E-6,0.000972684759971305,1.25048734228457E-5,34.7107735,34.7264824,1999.70202636719,1999.70202636719,61.517290977545,20.7721678607271,7.019488,0,0,0,40,4882,34.99405,1999.70202636719,,,,,,,,,,,,,0,,,,2.7747353,,,,,,34.71862795,,,,
,44270333.65,34.7352104,1999.70202636719,0.000975785627450083,2.27800414031694E-7,1,0.999253354069792,40.0298881530762,2.00124241485275,19.0699994564056,0.0110587544056472,0.00202726812263323,0.25,6.35525941676513E-6,0.000971820137365217,1.23175615026953E-5,34.7264824,34.7439384,1999.70202636719,1999.70202636719,61.5806028876027,20.7727659219005,6.646428,0,0,0,40,4882,35.01215,1999.70202636719,,,,,,,,,,,,,0,,,,2.7747353,,,,,,34.7352104,,,,
,44270334.985,34.76125145,1999.70202636719,0.000975368070766938,2.71500686398991E-7,1,0.999253354069792,40.0298881530762,2.00125652990025,19.0600007772446,0.0110538685785277,0.0020279042472932,0.25,6.48111747408304E-6,0.000971406479387186,1.24425719922087E-5,34.7439384,34.7785645,1999.70202636719,1999.70202636719,61.5024400356796,20.7720413735076,6.646428,0,0,0,40,4882,35.03045,1999.70202636719,,,,,,,,,,,,,0,,,,2.7747353,,,,,,34.76125145,,,,
,44270336.305,34.7891293,1999.70202636719,0.000975395965607361,2.70677945444357E-7,1,0.999253354069792,40.0298881530762,2.00113288782489,19.0699994564056,0.0110535974402631,0.00202775454777285,0.25,6.46985804801068E-6,0.000971438361602852,1.24344802965452E-5,34.7785645,34.7996941,1999.70202636719,1999.70202636719,61.8189995859681,20.7696278592119,7.019488,0,0,0,40,4882,35.05475,1999.70202636719,,,,,,,,,,,,,0,,,,2.7747353,,,,,,34.7891293,,,,
,44270338.37,34.8170052,1999.70202636719,0.000974804167467981,2.22107850118087E-7,1,0.999253354069792,40.0298881530762,2.00122776791565,19.0699994564056,0.0110475655780638,0.00202602626266886,0.25,6.40854800548526E-6,0.000970855394730719,1.23741484606419E-5,34.8170052,34.8170052,1999.70202636719,1999.70202636719,61.4985318930834,20.7708808386748,6.273368,0,0,0,40,4882,35.0907,1999.70202636719,,,,,,,,,,,,,0,,,,2.7608759,,,,,,34.8170052,,,,
,44270339.035,34.82560925,1999.70202636719,0.00097402332977112,2.65317334985024E-7,1,0.999253354069792,40.0298881530762,2.00124343877147,19.0699994564056,0.0110397730749582,0.00201903778071094,0.25,5.92736602139666E-6,0.000970082700643002,1.18915652432533E-5,34.8170052,34.8342133,1999.70202636719,1999.70202636719,61.8307240137565,20.7699368278073,6.646428,0,0,0,40,4882,35.1028,1999.70202636719,,,,,,,,,,,,,0,,,,2.7747353,,,,,,34.82560925,,,,
,44270341.2,34.8699417,1999.70202636719,0.000973781140953256,2.16250516771246E-7,1,0.999253354069792,40.0298881530762,2.00116427008764,19.0699994564056,0.0110353604813244,0.00202595142921729,0.25,6.58071460123794E-6,0.000969843511656598,1.25452257030429E-5,34.8699417,34.8699417,1999.70202636719,1999.70202636719,61.5188542345834,20.7736328606869,6.646428,0,0,0,40,4882,35.1392,1999.70202636719,,,,,,,,,,,,,0,,,,2.7608759,,,,,,34.8699417,,,,
,44270341.935,34.87872125,1999.70202636719,0.000973167866314495,2.85674557859763E-7,1,0.999253354069792,40.0298881530762,2.00120361626203,19.0699994564056,0.0110289065693242,0.00202323289008891,0.25,6.44398055266939E-6,0.000969235907918353,1.24069537217194E-5,34.8699417,34.8875008,1999.70202636719,1999.70202636719,61.3945753000257,20.770241484784,6.646428,0,0,0,40,4882,35.1531,1999.70202636719,,,,,,,,,,,,,0,,,,2.7747353,,,,,,34.87872125,,,,
,44270343.14,34.8954792,1999.70202636719,0.000973151608444478,1.97487935293212E-7,1,0.999253354069792,40.0298881530762,2.00121987290512,19.0600007772446,0.0110291067058895,0.00202178323719759,0.25,6.31423096733966E-6,0.000969224432758001,1.22804158191113E-5,34.8875008,34.9034576,1999.70202636719,1999.70202636719,61.5383949475642,20.7725945954551,6.646428,0,0,0,40,4882,35.1761,1999.70202636719,,,,,,,,,,,,,0,,,,2.7747353,,,,,,34.8954792,,,,
,44270344.265,34.9136848,1999.70202636719,0.000972692784138983,2.71224491093781E-7,1,0.999253354069792,40.0298881530762,2.0012575544393,19.0600007772446,0.0110240688645645,0.00202126501037782,0.25,6.34374466858628E-6,0.000968770220730959,1.23091230633251E-5,34.9034576,34.923912,1999.70202636719,1999.70202636719,62.1379040218143,20.7731964962546,6.273368,0,0,0,40,4882,35.1937,1999.70202636719,,,,,,,,,,,,,0,,,,2.7747353,,,,,,34.9136848,,,,
,44270346.47,34.9474125,1999.70202636719,0.000972248920896043,2.3177815849362E-7,1,0.999253354069792,40.0298881530762,2.00127133711663,19.0600007772446,0.0110190682434752,0.00202098090811328,0.25,6.3907787511583E-6,0.000968333606320979,1.23573810256657E-5,34.9375534,34.9572716,1999.70202636719,1999.70202636719,61.9596927194296,20.7712728208111,7.019488,0,0,0,40,4882,35.22785,1999.70202636719,,,,,,,,,,,,,0,,,,2.7608759,,,,,,34.9474125,,,,
,44270348.11,34.9760818,1999.70202636719,0.000971623631523216,2.44622601090277E-7,1,0.999253354069792,40.0298881530762,2.00127310295365,19.0699994564056,0.0110121594574324,0.00201901564923288,0.25,6.32400265939037E-6,0.000967715534308116,1.22901297620547E-5,34.9760818,34.9760818,1999.70202636719,1999.70202636719,61.4907156078911,20.7718102975229,7.019488,0,0,0,40,4882,35.2535,1999.70202636719,,,,,,,,,,,,,0,,,,2.7747353,,,,,,34.9760818,,,,
,44270349.625,35.00110815,1999.70202636719,0.000971471293826915,2.34369560918813E-7,1,0.999253354069792,40.0298881530762,2.00123851942467,19.0600007772446,0.0110100534064656,0.00202003581054653,0.25,6.44042918481877E-6,0.000967566787432453,1.24078236853511E-5,34.9910774,35.0111389,1999.70202636719,1999.70202636719,61.5485561183142,20.7722698123981,7.019488,0,0,0,40,4882,35.2755,1999.70202636719,,,,,,,,,,,,,0,,,,2.7608759,,,,,,35.00110815,,,,
,44270350.355,35.0176506,1999.70202636719,0.000971478351958213,2.89843810111075E-7,1,0.999253354069792,40.0298881530762,2.00121351398747,19.0699994564056,0.0110102405685531,0.0020188286878991,0.25,6.33288707801466E-6,0.000967576738018595,1.23023855769206E-5,35.0111389,35.0241623,1999.70202636719,1999.70202636719,61.4148976415257,20.7716141924746,6.646428,0,0,0,40,4882,35.28895,1999.70202636719,,,,,,,,,,,,,0,,,,2.7747353,,,,,,35.0176506,,,,
,44270352.475,35.0425797,1999.70202636719,0.000971337853802723,2.94150569499058E-7,1,0.999253354069792,40.0298881530762,2.00120789383636,19.0600007772446,0.0110095348670802,0.00201375398791538,0.25,5.90554690887498E-6,0.000967445560256112,1.18801927744207E-5,35.0425797,35.0425797,1999.70202636719,1999.70202636719,61.3867590148334,20.7704104014235,6.646428,0,0,0,40,4882,35.3245,1999.70202636719,,,,,,,,,,,,,0,,,,2.7885947,,,,,,35.0425797,,,,
,44270354.125,35.075901,1999.70202636719,0.000969952491457446,2.34637863189032E-7,1,0.999253354069792,40.0298881530762,2.00119229413898,19.0600007772446,0.0109927936856352,0.0020165895865997,0.25,6.3974143148174E-6,0.000966067194207508,1.23648220024869E-5,35.075901,35.075901,1999.70202636719,1999.70202636719,61.7158246214296,20.77194684104,6.646428,0,0,0,40,4882,35.35145,1999.70202636719,,,,,,,,,,,,,0,,,,2.7885947,,,,,,35.075901,,,,
,44270354.79,35.0855045,1999.70202636719,0.000969705971576748,1.92081375155926E-7,1,0.999253354069792,40.0298881530762,2.00119249457941,19.0699994564056,0.0109898388436639,0.00201713568376062,0.25,6.48720854576456E-6,0.000965823212582864,1.2454229885369E-5,35.075901,35.095108,1999.70202636719,1999.70202636719,61.4649218667565,20.7693730264188,6.646428,0,0,0,40,4882,35.36375,1999.70202636719,,,,,,,,,,,,,0,,,,2.7747353,,,,,,35.0855045,,,,
,44270355.93,35.10246655,1999.70202636719,0.000969810216103554,2.72681597109631E-7,1,0.999253354069792,40.0298881530762,2.00112883335049,19.0600007772446,0.0109915039122633,0.00201287914310674,0.25,6.09624084317129E-6,0.000965932618826994,1.20676940391164E-5,35.095108,35.1098251,1999.70202636719,1999.70202636719,61.6564208539681,20.7709002487103,6.646428,0,0,0,40,4882,35.3822,1999.70202636719,,,,,,,,,,,,,0,,,,2.7608759,,,,,,35.10246655,,,,
,44270357.905,35.1347885,1999.70202636719,0.000969456762757005,2.50029721836786E-7,1,0.999253354069792,40.0298881530762,2.00124497006852,19.0600007772446,0.0109877504759691,0.00201464474143847,0.25,6.29945153803905E-6,0.000965584987287174,1.22719437344269E-5,35.1247139,35.1448631,1999.70202636719,1999.70202636719,61.5868559157565,20.7701775389556,7.019488,0,0,0,40,4882,35.4154,1999.70202636719,,,,,,,,,,,,,0,,,,2.7608759,,,,,,35.1347885,,,,
,44270359.36,35.1624031,1999.70202636719,0.000968351616144642,2.66315407698221E-7,1,0.999253354069792,40.0298881530762,2.00126426595926,19.0699994564056,0.0109755111101476,0.00201161149542758,0.25,6.22181289624369E-6,0.00096448910715801,1.21909151737155E-5,35.1624031,35.1624031,1999.70202636719,1999.70202636719,61.8948175523335,20.7691029326569,6.646428,0,0,0,40,4882,35.4413,1999.70202636719,,,,,,,,,,,,,0,,,,2.7885947,,,,,,35.1624031,,,,
,44270360.055,35.17058755,1999.70202636719,0.000968311750634444,2.22307589487881E-7,1,0.999253354069792,40.0298881530762,2.00121922794379,19.0699994564056,0.0109745482203911,0.00201319039313488,0.25,6.36992989715206E-6,0.000964450630115986,1.2339698873404E-5,35.1624031,35.178772,1999.70202636719,1999.70202636719,61.5634070601796,20.7706596524387,7.019488,0,0,0,40,4882,35.45365,1999.70202636719,,,,,,,,,,,,,0,,,,2.7747353,,,,,,35.17058755,,,,
,44270361.34,35.18818855,1999.70202636719,0.000968003309665252,2.47338595023224E-7,1,0.999253354069792,40.0298881530762,2.0012024077862,19.0600007772446,0.0109716238329915,0.00200905078634587,0.25,6.05773884283309E-6,0.000964149074879212,1.20294491765268E-5,35.178772,35.1976051,1999.70202636719,1999.70202636719,61.6681452817565,20.7700155145563,7.019488,0,0,0,40,4882,35.47525,1999.70202636719,,,,,,,,,,,,,0,,,,2.7747353,,,,,,35.18818855,,,,
,44270363.73,35.2331123,1999.70202636719,0.000967543448232498,2.71668866866521E-7,1,0.999253354069792,40.0298881530762,2.00114798860915,19.0699994564056,0.0109659649894519,0.00200942325538753,0.25,6.17032158064419E-6,0.000963697190964439,1.21436067201751E-5,35.2331123,35.2331123,1999.70202636719,1999.70202636719,61.8025853870642,20.7723750700768,6.646428,0,0,0,40,4882,35.5154,1999.70202636719,,,,,,,,,,,,,0,,,,2.7608759,,,,,,35.2331123,,,,
,44270364.485,35.2427368,1999.70202636719,0.00096698487335667,2.07449614663792E-7,1,0.999253354069792,40.0298881530762,2.00120494301678,19.0699994564056,0.0109600302093801,0.00200790151433473,0.25,6.12820819512585E-6,0.000963143231069631,1.20996996742365E-5,35.2331123,35.2523613,1999.70202636719,1999.70202636719,61.351585731468,20.7727476096847,6.646428,0,0,0,40,4882,35.5278,1999.70202636719,,,,,,,,,,,,,0,,,,2.7747353,,,,,,35.2427368,,,,
,44270365.795,35.2600212,1999.70202636719,0.000966602540090442,2.60311015710542E-7,1,0.999253354069792,40.0298881530762,2.00122406804752,19.0699994564056,0.0109552095527893,0.00201073796137284,0.25,6.44034214939683E-6,0.000962764805381719,1.24112485333591E-5,35.2523613,35.2676811,1999.70202636719,1999.70202636719,61.7947691018719,20.772612916356,7.019488,0,0,0,40,4882,35.55265,1999.70202636719,,,,,,,,,,,,,0,,,,2.7885947,,,,,,35.2600212,,,,
,44270367.97,35.3022652,1999.70202636719,0.000966872608918124,2.48331602611791E-7,1,0.999253354069792,40.0298881530762,2.00125990851452,19.0699994564056,0.0109591641095523,0.00200776060210798,0.25,6.12159035911008E-6,0.000963042186286703,1.20999404323223E-5,35.3022652,35.3022652,1999.70202636719,1999.70202636719,61.7384918484873,20.7731143519665,6.646428,0,0,0,40,4882,35.5899,1999.70202636719,,,,,,,,,,,,,0,,,,2.7885947,,,,,,35.3022652,,,,
,44270368.655,35.31274605,1999.70202636719,0.000966021603407306,1.99705342357413E-7,1,0.999253354069792,40.0298881530762,2.00121955772535,19.0699994564056,0.0109484984520541,0.00201068200845213,0.25,6.53090274739429E-6,0.000962194145409658,1.25038740416181E-5,35.3022652,35.3232269,1999.70202636719,1999.70202636719,61.5806028876027,20.7720030206378,7.019488,0,0,0,40,4882,35.60235,1999.70202636719,,,,,,,,,,,,,0,,,,2.7885947,,,,,,35.31274605,,,,
,44270370.72,35.3414154,1999.70202636719,0.000965921954388489,2.33636981968931E-7,1,0.999253354069792,40.0298881530762,2.00126063865182,19.0699994564056,0.0109476983516134,0.00201026779861675,0.25,6.50325202730534E-6,0.000962101142515606,1.24799395706605E-5,35.3414154,35.3414154,1999.70202636719,1999.70202636719,61.4031732137373,20.771668236072,6.646428,0,0,0,40,4882,35.6372,1999.70202636719,,,,,,,,,,,,,0,,,,2.7747353,,,,,,35.3414154,,,,
,44270371.445,35.35889625,1999.70202636719,0.000965515318242405,2.39274749293597E-7,1,0.999253354069792,40.0298881530762,2.00123990125905,19.0699994564056,0.010943430908907,0.0020070229620896,0.25,6.28871665330761E-6,0.000961699895884761,1.22654560310122E-5,35.3414154,35.3763771,1999.70202636719,1999.70202636719,61.517290977545,20.7728552740888,6.646428,0,0,0,40,4882,35.65155,1999.70202636719,,,,,,,,,,,,,0,,,,2.7608759,,,,,,35.35889625,,,,
,44270373.62,35.3929558,1999.70202636719,0.000965163744723151,2.29907197192789E-7,1,0.999253354069792,40.0298881530762,2.00126941701411,19.0600007772446,0.0109393525383941,0.00200811022918001,0.25,6.43905554840642E-6,0.000961354614494221,1.2417106700044E-5,35.3929558,35.3929558,1999.70202636719,1999.70202636719,61.6908125088142,20.7722153437372,7.019488,0,0,0,40,4882,35.68525,1999.70202636719,,,,,,,,,,,,,0,,,,2.816592,,,,,,35.3929558,,,,
,44270374.33,35.4031906,1999.70202636719,0.000964610299123553,2.16089058460906E-7,1,0.999253354069792,40.0298881530762,2.00118650587379,19.0699994564056,0.0109326942741458,0.00200679603409792,0.25,6.42572329720593E-6,0.000960806059565405,1.24022023018511E-5,35.3929558,35.4134254,1999.70202636719,1999.70202636719,61.7041001936411,20.7724915469902,7.019488,0,0,0,40,4882,35.70025,1999.70202636719,,,,,,,,,,,,,0,,,,2.80259335,,,,,,35.4031906,,,,
,44270375.64,35.43155095,1999.70202636719,0.000964089121378163,1.90398181010189E-7,1,0.999253354069792,40.0298881530762,2.00122761376939,19.0699994564056,0.0109269104309167,0.00200650703487822,0.25,6.48567531350563E-6,0.000960290177535191,1.24612452983498E-5,35.4134254,35.4496765,1999.70202636719,1999.70202636719,61.3742529585257,20.7729960183296,6.646428,0,0,0,40,4882,35.72145,1999.70202636719,,,,,,,,,,,,,0,,,,2.7885947,,,,,,35.43155095,,,,
,44270377.735,35.4683723,1999.70202636719,0.000963359365739943,2.19529850552502E-7,1,0.999253354069792,40.0298881530762,2.00115275839522,19.0600007772446,0.0109189078619627,0.00200158139658958,0.25,6.18178839381027E-6,0.000959570928254976,1.21580247856156E-5,35.4683723,35.4683723,1999.70202636719,1999.70202636719,61.9284275786604,20.7726773596737,7.019488,0,0,0,40,4882,35.7547,1999.70202636719,,,,,,,,,,,,,0,,,,2.7608759,,,,,,35.4683723,,,,
,44270378.39,35.4780712,1999.70202636719,0.000962976457160121,2.38881959928148E-7,1,0.999253354069792,40.0298881530762,2.00112575803801,19.0699994564056,0.0109138988624633,0.00200388540468119,0.25,6.45304752583219E-6,0.000959189805736432,1.24272112025726E-5,35.4683723,35.4877701,1999.70202636719,1999.70202636719,61.6837778521411,20.772025127912,6.646428,0,0,0,40,4882,35.766,1999.70202636719,,,,,,,,,,,,,0,,,,2.7608759,,,,,,35.4780712,,,,
,44270380.48,35.5043793,1999.70202636719,0.000962564598366266,2.08997022702061E-7,1,0.999253354069792,40.0298881530762,2.00116991409216,19.0600007772446,0.0109093759616835,0.00200396209049788,0.25,6.52353354542332E-6,0.00095878531426596,1.24991067777128E-5,35.5043793,35.5043793,1999.70202636719,1999.70202636719,61.7705386177758,20.7750499866701,6.646428,0,0,0,40,4882,35.8011,1999.70202636719,,,,,,,,,,,,,0,,,,2.7608759,,,,,,35.5043793,,,,
,44270382.075,35.538868,1999.70202636719,0.000962315707903515,2.30546289977146E-7,1,0.999253354069792,40.0298881530762,2.00113992702384,19.0699994564056,0.010906459756178,0.00200334815133229,0.25,6.51231770632629E-6,0.00095854156381348,1.24892747546186E-5,35.538868,35.538868,1999.70202636719,1999.70202636719,61.4961870075257,20.7727674336822,7.019488,0,0,0,40,4882,35.825,1999.70202636719,,,,,,,,,,,,,0,,,,2.7747353,,,,,,35.538868,,,,
,44270382.755,35.54815865,1999.70202636719,0.000962001163596351,2.76047570440624E-7,1,0.999253354069792,40.0298881530762,2.001252198313,19.0699994564056,0.0109043357836647,0.00199802204540786,0.25,6.08806744295492E-6,0.000958232077279331,1.20655428546427E-5,35.538868,35.5574493,1999.70202636719,1999.70202636719,61.679869709545,20.7724169333331,6.646428,0,0,0,40,4882,35.8319,1999.70202636719,,,,,,,,,,,,,0,,,,2.7885947,,,,,,35.54815865,,,,
,44270383.955,35.5651035,1999.70202636719,0.000961707455536519,2.27887146959753E-7,1,0.999253354069792,40.0298881530762,2.00115523773813,19.0600007772446,0.010900183743955,0.0019993523615494,0.25,6.26245969373773E-6,0.000957941751885982,1.22397127574781E-5,35.5574493,35.5727577,1999.70202636719,1999.70202636719,61.8901277812181,20.7711610696892,6.646428,0,0,0,40,4882,35.8508,1999.70202636719,,,,,,,,,,,,,0,,,,2.7747353,,,,,,35.5651035,,,,
,44270385.095,35.58136555,1999.70202636719,0.000961800487353496,2.25010260156494E-7,1,0.999253354069792,40.0298881530762,2.00116198072818,19.0600007772446,0.0109010001770768,0.00200130918105163,0.25,6.41517096762454E-6,0.000958036646489249,1.23945912291353E-5,35.5727577,35.5899734,1999.70202636719,1999.70202636719,61.3445510747949,20.7721993853707,7.019488,0,0,0,40,4882,35.8688,1999.70202636719,,,,,,,,,,,,,0,,,,2.7747353,,,,,,35.58136555,,,,
,44270386.315,35.6097488,1999.70202636719,0.000960903862160676,2.14151287870372E-7,1,0.999253354069792,40.0298881530762,2.00112485530827,19.0600007772446,0.0108912386614463,0.00199625690447061,0.25,6.128763541933E-6,0.000957148364200215,1.21058698489683E-5,35.5899734,35.6295242,1999.70202636719,1999.70202636719,61.7478713907181,20.7735352777607,7.019488,0,0,0,40,4882,35.8868,1999.70202636719,,,,,,,,,,,,,0,,,,2.7885947,,,,,,35.6097488,,,,
,44270388.49,35.6457176,1999.70202636719,0.000960978991014952,2.08013143812846E-7,1,0.999253354069792,40.0298881530762,2.00115277027098,19.0699994564056,0.0108925924825162,0.00199484561591934,0.25,5.98324355323152E-6,0.000957230547307535,1.19657939348432E-5,35.6457176,35.6457176,1999.70202636719,1999.70202636719,61.5907640583527,20.7734000162622,6.646428,0,0,0,40,4882,35.9233,1999.70202636719,,,,,,,,,,,,,0,,,,2.7608759,,,,,,35.6457176,,,,
,44270389.115,35.65530965,1999.70202636719,0.000960292323372861,2.28604506161623E-7,1,0.999253354069792,40.0298881530762,2.00118503852969,19.0699994564056,0.010883882951018,0.00199985092787116,0.25,6.54028015347274E-6,0.000956546235791777,1.25185291140403E-5,35.6457176,35.6649017,1999.70202636719,1999.70202636719,61.5485561183142,20.7739493818136,6.646428,0,0,0,40,4882,35.941,1999.70202636719,,,,,,,,,,,,,0,,,,2.7747353,,,,,,35.65530965,,,,
,44270390.22,35.6724186,1999.70202636719,0.000960037821377652,2.20901848170758E-7,1,0.999253354069792,40.0298881530762,2.00116187618876,19.0699994564056,0.0108811411984337,0.00199809581700102,0.25,6.42891406734084E-6,0.000956297659200549,1.24088732886009E-5,35.6649017,35.6799355,1999.70202636719,1999.70202636719,61.6884676232565,20.7742027757596,7.019488,0,0,0,40,4882,35.96475,1999.70202636719,,,,,,,,,,,,,0,,,,2.7885947,,,,,,35.6724186,,,,
,44270392.14,35.70566175,1999.70202636719,0.000959650815180786,2.92328750430576E-7,1,0.999253354069792,40.0298881530762,2.00113972177861,19.0699994564056,0.0108768210913436,0.00199660304564465,0.25,6.36300051052972E-6,0.000955917913563087,1.23444665835573E-5,35.6974487,35.7138748,1999.70202636719,1999.70202636719,61.5204174916219,20.7734833273098,6.646428,0,0,0,40,4882,35.99515,1999.70202636719,,,,,,,,,,,,,0,,,,2.7747353,,,,,,35.70566175,,,,
,44270393.67,35.7315445,1999.70202636719,0.000958940696797134,2.82109447086965E-7,1,0.999253354069792,40.0298881530762,2.00120768926247,19.0699994564056,0.0108699188502336,0.0019909077705579,0.25,5.97812321612144E-6,0.000955216156849597,1.195885851613E-5,35.7315445,35.7315445,1999.70202636719,1999.70202636719,61.5086930638334,20.7729933847356,6.646428,0,0,0,40,4882,36.01365,1999.70202636719,,,,,,,,,,,,,0,,,,2.816592,,,,,,35.7315445,,,,
,44270395.24,35.7477188,1999.70202636719,0.00095891461244076,2.3248200417423E-7,1,0.999253354069792,40.0298881530762,2.00124485197767,19.0699994564056,0.0108691622853329,0.00199494910976065,0.25,6.33116127414362E-6,0.000955193422795092,1.23140190113643E-5,35.7477188,35.7477188,1999.70202636719,1999.70202636719,61.5626254316604,20.7734695079439,7.019488,0,0,0,40,4882,36.0438,1999.70202636719,,,,,,,,,,,,,0,,,,2.7608759,,,,,,35.7477188,,,,
,44270396.005,35.7669716,1999.70202636719,0.00095813260355659,2.62076075184488E-7,1,0.999253354069792,40.0298881530762,2.00114713952381,19.0699994564056,0.010860138709442,0.0019914148160641,0.25,6.16425436078681E-6,0.000954417555115933,1.21443134308551E-5,35.7477188,35.7862244,1999.70202636719,1999.70202636719,61.6939390228911,20.7712234601837,6.646428,0,0,0,40,4882,36.0559,1999.70202636719,,,,,,,,,,,,,0,,,,2.7747353,,,,,,35.7669716,,,,
,44270397.325,35.7943554,1999.70202636719,0.000957903339598287,2.24865530631401E-7,1,0.999253354069792,40.0298881530762,2.00121900426061,19.0600007772446,0.0108585494935835,0.00198768219449914,0.25,5.86617325129503E-6,0.000954195327434772,1.18488638678157E-5,35.7862244,35.8024864,1999.70202636719,1999.70202636719,61.6517310828527,20.7724616672839,6.646428,0,0,0,40,4882,36.08015,1999.70202636719,,,,,,,,,,,,,0,,,,2.7885947,,,,,,35.7943554,,,,
,44270398.6,35.81290245,1999.70202636719,0.000957744188457531,2.49566413918089E-7,1,0.999253354069792,40.0298881530762,2.0011059645474,19.0600007772446,0.0108552573810033,0.0019926500210754,0.25,6.33784383502846E-6,0.000954038174618451,1.23206442537062E-5,35.8024864,35.8233185,1999.70202636719,1999.70202636719,61.8213444715258,20.7733315943057,6.273368,0,0,0,40,4882,36.1043,1999.70202636719,,,,,,,,,,,,,0,,,,2.7885947,,,,,,35.81290245,,,,
,44270399.89,35.8301487,1999.70202636719,0.000957513253875114,2.95355013953535E-7,1,0.999253354069792,40.0298881530762,2.00118269749858,19.0699994564056,0.0108524384644357,0.00199584249842634,0.25,6.65080061964896E-6,0.00095380942328047,1.26331581095392E-5,35.8233185,35.8369789,1999.70202636719,1999.70202636719,61.6869043662181,20.7735513618987,7.019488,0,0,0,40,4882,36.12255,1999.70202636719,,,,,,,,,,,,,0,,,,2.7885947,,,,,,35.8301487,,,,
,44270401.165,35.85428045,1999.70202636719,0.000957027966649345,2.31797926176632E-7,1,0.999253354069792,40.0298881530762,2.00120954548818,19.0600007772446,0.0108487977491816,0.00198533610749223,0.25,5.80569916491587E-6,0.000953334544696896,1.17904671518311E-5,35.8369789,35.871582,1999.70202636719,1999.70202636719,61.6478229402565,20.7722577631804,6.273368,0,0,0,40,4882,36.141,1999.70202636719,,,,,,,,,,,,,0,,,,2.7885947,,,,,,35.85428045,,,,
,44270402.425,35.87960815,1999.70202636719,0.000956733355349195,2.45954385647775E-7,1,0.999253354069792,40.0298881530762,2.00115580639495,19.0699994564056,0.0108449121929285,0.00198648405080806,0.25,5.95970201441924E-6,0.000953044447741458,1.19449732892923E-5,35.871582,35.8876343,1999.70202636719,1999.70202636719,61.8909094097373,20.7730421531466,6.646428,0,0,0,40,4882,36.1654,1999.70202636719,,,,,,,,,,,,,0,,,,2.80259335,,,,,,35.87960815,,,,
,44270403.715,35.8968315,1999.70202636719,0.000956130612965281,2.52687507620895E-7,1,0.999253354069792,40.0298881530762,2.00113173851637,19.0600007772446,0.0108368835802883,0.00199157131830262,0.25,6.51283013934936E-6,0.000952444954764449,1.24951481173886E-5,35.8876343,35.9060287,1999.70202636719,1999.70202636719,61.4117711274488,20.7727267742276,6.646428,0,0,0,40,4882,36.1898,1999.70202636719,,,,,,,,,,,,,0,,,,2.80259335,,,,,,35.8968315,,,,
,44270404.94,35.91642375,1999.70202636719,0.00095612326539475,2.35860961155492E-7,1,0.999253354069792,40.0298881530762,2.00122072682323,19.0699994564056,0.0108374072372245,0.00199102135298201,0.25,6.4554569896705E-6,0.000952441265479422,1.24401539608103E-5,35.9060287,35.9268188,1999.70202636719,1999.70202636719,61.504003292718,20.773775323483,7.019488,0,0,0,40,4882,36.2081,1999.70202636719,,,,,,,,,,,,,0,,,,2.80259335,,,,,,35.91642375,,,,
,44270406.94,35.95217705,1999.70202636719,0.000955532105445035,1.92406060263252E-7,1,0.999253354069792,40.0298881530762,2.00107185019403,19.0600007772446,0.0108296707168733,0.00199160924688745,0.25,6.61860049143038E-6,0.000951857935079708,1.26033909878501E-5,35.9427795,35.9615746,1999.70202636719,1999.70202636719,61.8549544978527,20.7708911861975,6.646428,0,0,0,40,4882,36.24485,1999.70202636719,,,,,,,,,,,,,0,,,,2.7608759,,,,,,35.95217705,,,,
,44270408.53,35.9754181,1999.70202636719,0.000954922123259463,2.26894595631256E-7,1,0.999253354069792,40.0298881530762,2.00120546953637,19.0600007772446,0.0108233849090977,0.0019910306982828,0.25,6.66143323887077E-6,0.000951253336958578,1.26444831805589E-5,35.9754181,35.9754181,1999.70202636719,1999.70202636719,62.1379040218143,20.7726141301335,6.646428,0,0,0,40,4882,36.2636,1999.70202636719,,,,,,,,,,,,,0,,,,2.7885947,,,,,,35.9754181,,,,
,44270409.245,35.9858494,1999.70202636719,0.000955267186627757,2.71609500609316E-7,1,0.999253354069792,40.0298881530762,2.00116520770938,19.0699994564056,0.0108277675050108,0.00198801863850004,0.25,6.33651621825872E-6,0.000951601353929046,1.23244474914601E-5,35.9754181,35.9962807,1999.70202636719,1999.70202636719,61.4062997278142,20.7711148570957,7.019488,0,0,0,40,4882,36.27585,1999.70202636719,,,,,,,,,,,,,0,,,,2.7747353,,,,,,35.9858494,,,,
,44270410.47,36.0043106,1999.70202636719,0.000954553228805192,2.15180066134451E-7,1,0.999253354069792,40.0298881530762,2.00116231921154,19.0699994564056,0.0108196901154619,0.00198665587402627,0.25,6.33916008300307E-6,0.000950894522513782,1.23255205011387E-5,35.9962807,36.0123405,1999.70202636719,1999.70202636719,61.537613319045,20.7731776686811,7.019488,0,0,0,40,4882,36.3002,1999.70202636719,,,,,,,,,,,,,0,,,,2.7747353,,,,,,36.0043106,,,,
,44270411.68,36.02158165,1999.70202636719,0.000954145283602771,3.08464437591521E-7,1,0.999253354069792,40.0298881530762,2.00122464470948,19.0600007772446,0.0108153060752378,0.00198661810729295,0.25,6.39906309510624E-6,0.000950492166789878,1.23855415967667E-5,36.0123405,36.0308228,1999.70202636719,1999.70202636719,61.6728350528719,20.7714823684898,7.019488,0,0,0,40,4882,36.3244,1999.70202636719,,,,,,,,,,,,,0,,,,2.7885947,,,,,,36.02158165,,,,
,44270413.745,36.0674133,1999.70202636719,0.00095383571873571,2.63409906758937E-7,1,0.999253354069792,40.0298881530762,2.00116781970532,19.0699994564056,0.0108120454418238,0.00198330022799265,0.25,6.1605724471891E-6,0.000950191858025252,1.21504301625705E-5,36.0674133,36.0674133,1999.70202636719,1999.70202636719,61.6142129139296,20.77383341127,7.019488,0,0,0,40,4882,36.3612,1999.70202636719,,,,,,,,,,,,,0,,,,2.816592,,,,,,36.0674133,,,,
,44270415.265,36.0843544,1999.70202636719,0.000953007145491077,2.27725318671816E-7,1,0.999253354069792,40.0298881530762,2.00118733879993,19.0699994564056,0.0108027941130699,0.00198151796429271,0.25,6.14644174337747E-6,0.000949368770194641,1.21326556112337E-5,36.0843544,36.0843544,1999.70202636719,1999.70202636719,61.8236893570835,20.7706007546907,7.019488,0,0,0,40,4882,36.3739,1999.70202636719,,,,,,,,,,,,,0,,,,2.78873395,,,,,,36.0843544,,,,
,44270415.905,36.0944824,1999.70202636719,0.00095299242937621,2.03405752929224E-7,1,0.999253354069792,40.0298881530762,2.00117377247679,19.0600007772446,0.0108022433792276,0.00198340231529431,0.25,6.31433865545152E-6,0.000949355305015285,1.2301310778118E-5,36.0843544,36.1046104,1999.70202636719,1999.70202636719,61.4047364707757,20.7724254129631,7.019488,0,0,0,40,4882,36.38625,1999.70202636719,,,,,,,,,,,,,0,,,,2.80259335,,,,,,36.0944824,,,,
,44270417.025,36.1209526,1999.70202636719,0.000953074884080947,2.35942028444699E-7,1,0.999253354069792,40.0298881530762,2.00123331203532,19.0699994564056,0.0108033526783055,0.00198467173039313,0.25,6.40291761269432E-6,0.000949441355255299,1.23930460555997E-5,36.1046104,36.1372948,1999.70202636719,1999.70202636719,61.5657519457373,20.7709721200074,6.646428,0,0,0,40,4882,36.41095,1999.70202636719,,,,,,,,,,,,,0,,,,2.7885947,,,,,,36.1209526,,,,
,44270418.11,36.1455326,1999.70202636719,0.000952385251652953,2.32688002319341E-7,1,0.999253354069792,40.0298881530762,2.00114909460649,19.0600007772446,0.0107951492605556,0.00198311445927344,0.25,6.39180968935403E-6,0.000948757702934321,1.23798511159469E-5,36.1372948,36.1537704,1999.70202636719,1999.70202636719,61.5313602908911,20.7704374730409,6.646428,0,0,0,40,4882,36.42945,1999.70202636719,,,,,,,,,,,,,0,,,,2.7885947,,,,,,36.1455326,,,,
,44270419.305,36.16257095,1999.70202636719,0.000952279336194057,2.1971289043081E-7,1,0.999253354069792,40.0298881530762,2.00115088853794,19.0699994564056,0.0107940501268127,0.00198252139913385,0.25,6.35625549486168E-6,0.00094865461792523,1.23452459361457E-5,36.1537704,36.1713715,1999.70202636719,1999.70202636719,61.6603289965642,20.7726228333932,7.019488,0,0,0,40,4882,36.4418,1999.70202636719,,,,,,,,,,,,,0,,,,2.7885947,,,,,,36.16257095,,,,
,44270421.335,36.1859779,1999.70202636719,0.000951846817544924,2.84852142658461E-7,1,0.999253354069792,40.0298881530762,2.00120414423484,19.0699994564056,0.0107896850779872,0.00198070982419557,0.25,6.26210048916267E-6,0.000948232302604635,1.22538811331548E-5,36.1859779,36.1859779,1999.70202636719,1999.70202636719,61.5845110301988,20.7707048121715,6.646428,0,0,0,40,4882,36.4848,1999.70202636719,,,,,,,,,,,,,0,,,,2.7885947,,,,,,36.1859779,,,,
,44270422,36.19561955,1999.70202636719,0.000951523851764324,2.67578828923129E-7,1,0.999253354069792,40.0298881530762,2.00124654338727,19.0699994564056,0.0107863079049187,0.0019798556880783,0.25,6.23852530046528E-6,0.000947912981341415,1.22298426538688E-5,36.1859779,36.2052612,1999.70202636719,1999.70202636719,61.7189511355065,20.7738088656042,7.019488,0,0,0,40,4882,36.4972,1999.70202636719,,,,,,,,,,,,,0,,,,2.80259335,,,,,,36.19561955,,,,
,44270423.225,36.2229061,1999.70202636719,0.000950986895690692,2.35409429447479E-7,1,0.999253354069792,40.0298881530762,2.00124107660277,19.0699994564056,0.0107802770177355,0.00197848254125815,0.25,6.21006945507572E-6,0.00094738158332626,1.2200354623491E-5,36.2052612,36.240551,1999.70202636719,1999.70202636719,61.6157761709681,20.7743007982397,7.019488,0,0,0,40,4882,36.516,1999.70202636719,,,,,,,,,,,,,0,,,,2.80259335,,,,,,36.2229061,,,,
,44270425.4,36.2597885,1999.70202636719,0.000950758357080702,2.45812467246928E-7,1,0.999253354069792,40.0298881530762,2.00125409889873,19.0699994564056,0.0107775772645202,0.00197939275029653,0.25,6.32484837912588E-6,0.000947158850584162,1.23170134132295E-5,36.2597885,36.2597885,1999.70202636719,1999.70202636719,61.5657519457373,20.7721754546359,6.646428,0,0,0,40,4882,36.5473,1999.70202636719,,,,,,,,,,,,,0,,,,2.7608759,,,,,,36.2597885,,,,
,44270426.845,36.2760201,1999.70202636719,0.000950463906077829,1.76301616847892E-7,1,0.999253354069792,40.0298881530762,2.00126578878632,19.0699994564056,0.0107743550994757,0.00197870706246862,0.25,6.31265055831951E-6,0.000946869049142292,1.23052597347346E-5,36.2760201,36.2760201,1999.70202636719,1999.70202636719,61.6439147976604,20.7722109421688,6.646428,0,0,0,40,4882,36.56615,1999.70202636719,,,,,,,,,,,,,0,,,,2.7885947,,,,,,36.2760201,,,,
,44270428.4,36.3142548,1999.70202636719,0.000949694951017541,2.33473470203456E-7,1,0.999253354069792,40.0298881530762,2.00117855950166,19.0600007772446,0.0107652910035043,0.00197683526283598,0.25,6.28621216299185E-6,0.000946108749268213,1.22777619842452E-5,36.3142548,36.3142548,1999.70202636719,1999.70202636719,61.750997904795,20.772170829872,6.273368,0,0,0,40,4882,36.5971,1999.70202636719,,,,,,,,,,,,,0,,,,2.7885947,,,,,,36.3142548,,,,
,44270429.96,36.3303871,1999.70202636719,0.000949806046769483,1.89430007810896E-7,1,0.999253354069792,40.0298881530762,2.00124671644774,19.0699994564056,0.010767014066635,0.00197679385049228,0.25,6.25346264613156E-6,0.000946224297101699,1.2248836152674E-5,36.3303871,36.3303871,1999.70202636719,1999.70202636719,61.598580343545,20.7752652797095,6.646428,0,0,0,40,4882,36.6221,1999.70202636719,,,,,,,,,,,,,0,,,,2.80259335,,,,,,36.3303871,,,,
,44270430.71,36.3474426,1999.70202636719,0.000948631366270029,2.58485152463625E-7,1,0.999253354069792,40.0298881530762,2.00122285352034,19.0699994564056,0.0107538540933788,0.00197290238386449,0.25,6.11835399862146E-6,0.000945057103189273,1.21082775097434E-5,36.3303871,36.3644981,1999.70202636719,1999.70202636719,61.4930604934488,20.7718668468154,6.273368,0,0,0,40,4882,36.63455,1999.70202636719,,,,,,,,,,,,,0,,,,2.80259335,,,,,,36.3474426,,,,
,44270432.795,36.3784561,1999.70202636719,0.000949087355005135,3.0281911754039E-7,1,0.999253354069792,40.0298881530762,2.00112625076301,19.0600007772446,0.0107584382134896,0.00197473585830363,0.25,6.20157559257897E-6,0.000945517827074149,1.21985773189819E-5,36.3784561,36.3784561,1999.70202636719,1999.70202636719,61.8713686967565,20.7738523167992,6.646428,0,0,0,40,4882,36.6721,1999.70202636719,,,,,,,,,,,,,0,,,,2.7885947,,,,,,36.3784561,,,,
,44270433.525,36.38885495,1999.70202636719,0.000948442435746286,2.83932222611078E-7,1,0.999253354069792,40.0298881530762,2.00118508603589,19.0600007772446,0.0107511091171381,0.0019754117207237,0.25,6.36838081543881E-6,0.000944876567969705,1.23621681482915E-5,36.3784561,36.3992538,1999.70202636719,1999.70202636719,61.883093124545,20.7733082228523,6.646428,0,0,0,40,4882,36.6846,1999.70202636719,,,,,,,,,,,,,0,,,,2.7885947,,,,,,36.38885495,,,,
,44270434.805,36.4081039,1999.70202636719,0.000947546153390156,2.20099098023265E-7,1,0.999253354069792,40.0298881530762,2.00125098093918,19.0699994564056,0.0107420108843134,0.00196974043963269,0.25,6.01881866418473E-6,0.000943989325166488,1.2010484150127E-5,36.3992538,36.416954,1999.70202636719,1999.70202636719,61.6915941373335,20.7740764201404,6.646428,0,0,0,40,4882,36.70355,1999.70202636719,,,,,,,,,,,,,0,,,,2.7885947,,,,,,36.4081039,,,,
,44270436.04,36.43479915,1999.70202636719,0.000947206573890996,2.07328274646826E-7,1,0.999253354069792,40.0298881530762,2.00122030937804,19.0600007772446,0.010737821171378,0.00197027215452341,0.25,6.1253730378984E-6,0.000943653774583773,1.21167576539923E-5,36.416954,36.4526443,1999.70202636719,1999.70202636719,61.872931953795,20.7732049318373,7.019488,0,0,0,40,4882,36.72255,1999.70202636719,,,,,,,,,,,,,0,,,,2.7885947,,,,,,36.43479915,,,,
,44270438.03,36.4682503,1999.70202636719,0.000947235350181256,2.61677286499366E-7,1,0.999253354069792,40.0298881530762,2.00118258974832,19.0699994564056,0.010738392749365,0.00196828147177451,0.25,5.94232543961266E-6,0.000943690542457171,1.19390349500182E-5,36.4682503,36.4682503,1999.70202636719,1999.70202636719,61.486807465295,20.7733700127503,6.646428,0,0,0,40,4882,36.7599,1999.70202636719,,,,,,,,,,,,,0,,,,2.7885947,,,,,,36.4682503,,,,
,44270439.495,36.4861221,1999.70202636719,0.0009468480029737,2.63523079583874E-7,1,0.999253354069792,40.0298881530762,2.0011825281584,19.0699994564056,0.0107337177252331,0.001969394569103,0.25,6.10507144036119E-6,0.000943308310729788,1.21017224251561E-5,36.4861221,36.4861221,1999.70202636719,1999.70202636719,61.7220776495834,20.7732210159102,7.019488,0,0,0,40,4882,36.78505,1999.70202636719,,,,,,,,,,,,,0,,,,2.816592,,,,,,36.4861221,,,,
,44270441.045,36.5221443,1999.70202636719,0.000946525980577605,3.08826176207402E-7,1,0.999253354069792,40.0298881530762,2.00117553362361,19.0600007772446,0.0107290117482119,0.00197479188893531,0.25,6.63434148757158E-6,0.000942988710691465,1.26300051829317E-5,36.5221443,36.5221443,1999.70202636719,1999.70202636719,62.1042939954873,20.7739248504101,6.646428,0,0,0,40,4882,36.8103,1999.70202636719,,,,,,,,,,,,,0,,,,2.816592,,,,,,36.5221443,,,,
,44270441.775,36.53100775,1999.70202636719,0.000945850890787468,2.95975670894366E-7,1,0.999253354069792,40.0298881530762,2.00120486719832,19.0600007772446,0.0107218138361183,0.00197184851159491,0.25,6.48999377630233E-6,0.000942319437966065,1.24834255136318E-5,36.5221443,36.5398712,1999.70202636719,1999.70202636719,62.0792818828719,20.774175718899,6.646428,0,0,0,40,4882,36.8231,1999.70202636719,,,,,,,,,,,,,0,,,,2.80259335,,,,,,36.53100775,,,,
,44270443.05,36.548357,1999.70202636719,0.000946153732893324,2.96793761487476E-7,1,0.999253354069792,40.0298881530762,2.00113383892395,19.0699994564056,0.0107242195512899,0.00197648844239518,0.25,6.84731815161336E-6,0.000942623634173715,1.28443704576376E-5,36.5398712,36.5568428,1999.70202636719,1999.70202636719,61.8088384152181,20.7747810878587,6.646428,0,0,0,40,4882,36.8483,1999.70202636719,,,,,,,,,,,,,0,,,,2.80259335,,,,,,36.548357,,,,
,44270444.275,36.56534385,1999.70202636719,0.000945546456255562,2.50940791650926E-7,1,0.999253354069792,40.0298881530762,2.00120006030817,19.0699994564056,0.0107191116115811,0.00196738646705576,0.25,6.1443898149003E-6,0.000942026572461127,1.21424038533869E-5,36.5568428,36.5738449,1999.70202636719,1999.70202636719,61.7330204488527,20.7750638647531,7.019488,0,0,0,40,4882,36.86705,1999.70202636719,,,,,,,,,,,,,0,,,,2.816592,,,,,,36.56534385,,,,
,44270446.35,36.6059914,1999.70202636719,0.000945104560502579,2.34097156260073E-7,1,0.999253354069792,40.0298881530762,2.00119831682,19.0699994564056,0.0107139246607603,0.00196780713744265,0.25,6.25495192301249E-6,0.000941591425060934,1.22535184521357E-5,36.6059914,36.6059914,1999.70202636719,1999.70202636719,61.6165577994873,20.7721223575792,7.019488,0,0,0,40,4882,36.8987,1999.70202636719,,,,,,,,,,,,,0,,,,2.80259335,,,,,,36.6059914,,,,
,44270447.09,36.6154976,1999.70202636719,0.000944682021770347,1.91684944142877E-7,1,0.999253354069792,40.0298881530762,2.00114305734021,19.0699994564056,0.0107092266927448,0.00196492163934454,0.25,6.07806216650536E-6,0.000941173950955215,1.20760942167237E-5,36.6059914,36.6250038,1999.70202636719,1999.70202636719,61.4922788649296,20.7746973876253,6.646428,0,0,0,40,4882,36.91135,1999.70202636719,,,,,,,,,,,,,0,,,,2.816592,,,,,,36.6154976,,,,
,44270448.35,36.63451955,1999.70202636719,0.000944288091064627,2.45096636357445E-7,1,0.999253354069792,40.0298881530762,2.00121574719016,19.0600007772446,0.0107046396067002,0.00196718979133601,0.25,6.3386660567529E-6,0.000940783391280452,1.23355182054E-5,36.6250038,36.6440353,1999.70202636719,1999.70202636719,61.422713926718,20.773207024767,6.646428,0,0,0,40,4882,36.93055,1999.70202636719,,,,,,,,,,,,,0,,,,2.80259335,,,,,,36.63451955,,,,
,44270450.385,36.677803,1999.70202636719,0.00094376964600396,2.3635083948068E-7,1,0.999253354069792,40.0298881530762,2.00119133549865,19.0600007772446,0.0106995794532886,0.00196115097396025,0.25,5.89552146268136E-6,0.000940275478370903,1.18944469001092E-5,36.677803,36.677803,1999.70202636719,1999.70202636719,61.6329719983911,20.7732987559915,7.019488,0,0,0,40,4882,36.9621,1999.70202636719,,,,,,,,,,,,,0,,,,2.816592,,,,,,36.677803,,,,
,44270451.04,36.68512915,1999.70202636719,0.000944189875652956,2.84304586308105E-7,1,0.999253354069792,40.0298881530762,2.00111207331002,19.0600007772446,0.010702479948586,0.00197036430117395,0.25,6.63762619534098E-6,0.00094069181624883,1.26380046474123E-5,36.677803,36.6924553,1999.70202636719,1999.70202636719,61.8791849819489,20.7757749946959,6.646428,0,0,0,40,4882,36.9746,1999.70202636719,,,,,,,,,,,,,0,,,,2.80259335,,,,,,36.68512915,,,,
,44270453.08,36.7094307,1999.70202636719,0.000943615558258105,2.6311624646525E-7,1,0.999253354069792,40.0298881530762,2.00115467981652,19.0699994564056,0.0106967883954711,0.00196628682472984,0.25,6.37062004998078E-6,0.00094012853757697,1.23728360262199E-5,36.7094307,36.7094307,1999.70202636719,1999.70202636719,61.5618438031411,20.7745930521661,6.646428,0,0,0,40,4882,37.0126,1999.70202636719,,,,,,,,,,,,,0,,,,2.80259335,,,,,,36.7094307,,,,
,44270453.785,36.7280102,1999.70202636719,0.000942677919220142,2.37604314139668E-7,1,0.999253354069792,40.0298881530762,2.00123566968392,19.0699994564056,0.0106863732629499,0.00196567686581083,0.25,6.47419004732193E-6,0.000939195890243132,1.24714847567298E-5,36.7094307,36.7465897,1999.70202636719,1999.70202636719,61.4727381519488,20.7730362896496,6.646428,0,0,0,40,4882,37.02475,1999.70202636719,,,,,,,,,,,,,0,,,,2.7885947,,,,,,36.7280102,,,,
,44270455.08,36.75524905,1999.70202636719,0.000942672264833365,2.08810731197922E-7,1,0.999253354069792,40.0298881530762,2.00127554168978,19.0600007772446,0.0106869354516868,0.00196360206608996,0.25,6.28552541518803E-6,0.000939195876286733,1.22862838015712E-5,36.7465897,36.7639084,1999.70202636719,1999.70202636719,61.710353221795,20.7748426946874,6.646428,0,0,0,40,4882,37.0484,1999.70202636719,,,,,,,,,,,,,0,,,,2.80259335,,,,,,36.75524905,,,,
,44270457.26,36.7822723,1999.70202636719,0.000942446566484496,2.73574653516707E-7,1,0.999253354069792,40.0298881530762,2.00126069461562,19.0699994564056,0.0106846956828631,0.00196134058999912,0.25,6.12199343555133E-6,0.000938978834938018,1.21261479284467E-5,36.7822723,36.7822723,1999.70202636719,1999.70202636719,61.7142613643912,20.7733084031245,6.646428,0,0,0,40,4882,37.0841,1999.70202636719,,,,,,,,,,,,,0,,,,2.80259335,,,,,,36.7822723,,,,
,44270457.97,36.79001425,1999.70202636719,0.000941547860370072,2.20299835118341E-7,1,0.999253354069792,40.0298881530762,2.00127205867288,19.0600007772446,0.0106741759497145,0.00196181703257472,0.25,6.32032315503084E-6,0.000938084208186471,1.23193037638455E-5,36.7822723,36.7977562,1999.70202636719,1999.70202636719,61.5360500620065,20.7754554406823,7.019488,0,0,0,40,4882,37.095,1999.70202636719,,,,,,,,,,,,,0,,,,2.816592,,,,,,36.79001425,,,,
,44270460.07,36.8331223,1999.70202636719,0.000941364085263282,2.70904903925887E-7,1,0.999253354069792,40.0298881530762,2.00124346129805,19.0600007772446,0.0106722424016535,0.00196015183000214,0.25,6.20344355525692E-6,0.000937908042182197,1.22056180929896E-5,36.8331223,36.8331223,1999.70202636719,1999.70202636719,61.8088384152181,20.7770016945735,6.646428,0,0,0,40,4882,37.12825,1999.70202636719,,,,,,,,,,,,,0,,,,2.7885947,,,,,,36.8331223,,,,
,44270461.635,36.8491516,1999.70202636719,0.000941622208402474,2.37680923054165E-7,1,0.999253354069792,40.0298881530762,2.00119603578588,19.0699994564056,0.0106751012993087,0.00196000182979877,0.25,6.14446382844164E-6,0.000938170670292242,1.21516321232854E-5,36.8491516,36.8491516,1999.70202636719,1999.70202636719,61.6439147976604,20.7748082445508,6.646428,0,0,0,40,4882,37.1546,1999.70202636719,,,,,,,,,,,,,0,,,,2.7885947,,,,,,36.8491516,,,,
,44270462.3,36.8590641,1999.70202636719,0.000940481245454966,3.3186418252514E-7,1,0.999253354069792,40.0298881530762,2.00118213819765,19.0699994564056,0.0106627051024767,0.00195428116863085,0.25,5.8420270165436E-6,0.000937037463456395,1.18440453788067E-5,36.8491516,36.8689766,1999.70202636719,1999.70202636719,61.8619891545258,20.7760013929548,7.019488,0,0,0,40,4882,37.16355,1999.70202636719,,,,,,,,,,,,,0,,,,2.80259335,,,,,,36.8590641,,,,
,44270464.46,36.904644,1999.70202636719,0.000939968919282518,2.24580953018199E-7,1,0.999253354069792,40.0298881530762,2.00117452245465,19.0600007772446,0.0106565456932738,0.00195547387433385,0.25,6.0323430588762E-6,0.000936533253010167,1.20350968294518E-5,36.904644,36.904644,1999.70202636719,1999.70202636719,61.7549060473911,20.7750802419054,6.646428,0,0,0,40,4882,37.2033,1999.70202636719,,,,,,,,,,,,,0,,,,2.816592,,,,,,36.904644,,,,
,44270466.015,36.9229736,1999.70202636719,0.00094010413652052,2.16815402573099E-7,1,0.999253354069792,40.0298881530762,2.00118896367696,19.0600007772446,0.0106577654641971,0.00195825094441818,0.25,6.2483803529504E-6,0.000936671057266588,1.225398014448E-5,36.9229736,36.9229736,1999.70202636719,1999.70202636719,61.730675563295,20.774717139088,6.646428,0,0,0,40,4882,37.2266,1999.70202636719,,,,,,,,,,,,,0,,,,2.80259335,,,,,,36.9229736,,,,
,44270466.695,36.93304825,1999.70202636719,0.000939545404115143,2.78913100302046E-7,1,0.999253354069792,40.0298881530762,2.00120825808399,19.0600007772446,0.0106511708046655,0.00195929385345826,0.25,6.43556506459821E-6,0.000936115592755422,1.24384222653207E-5,36.9229736,36.9431229,1999.70202636719,1999.70202636719,61.822126100045,20.7729689555147,6.646428,0,0,0,40,4882,37.2394,1999.70202636719,,,,,,,,,,,,,0,,,,2.816592,,,,,,36.93304825,,,,
,44270467.945,36.9519539,1999.70202636719,0.000939409921127993,2.16897790910314E-7,1,0.999253354069792,40.0298881530762,2.00114153764736,19.0699994564056,0.0106499891783528,0.0019553128718134,0.25,6.11094856939511E-6,0.000935986857102536,1.2116692616556E-5,36.9431229,36.9607849,1999.70202636719,1999.70202636719,61.6532943398911,20.7732354515021,7.019488,0,0,0,40,4882,37.26125,1999.70202636719,,,,,,,,,,,,,0,,,,2.80259335,,,,,,36.9519539,,,,
,44270470.19,36.9974442,1999.70202636719,0.000938993320398901,2.23830416252707E-7,1,0.999253354069792,40.0298881530762,2.00117467350954,19.0600007772446,0.0106455181666085,0.00195446384110745,0.25,6.10156052485632E-6,0.000935578754211744,1.21090147419052E-5,36.9974442,36.9974442,1999.70202636719,1999.70202636719,61.6142129139296,20.7756882261554,6.646428,0,0,0,40,4882,37.29805,1999.70202636719,,,,,,,,,,,,,0,,,,2.80259335,,,,,,36.9974442,,,,
,44270470.885,37.0064793,1999.70202636719,0.000938551227985239,2.52051208342262E-7,1,0.999253354069792,40.0298881530762,2.00115963774896,19.0699994564056,0.0106408264813265,0.00195144602848127,0.25,5.91324367030519E-6,0.000935141831074228,1.19199890854688E-5,36.9974442,37.0155144,1999.70202636719,1999.70202636719,61.8455749556219,20.7756215657357,6.646428,0,0,0,40,4882,37.31035,1999.70202636719,,,,,,,,,,,,,0,,,,2.816592,,,,,,37.0064793,,,,
,44270472.945,37.0339127,1999.70202636719,0.000938146655860882,2.13657903186566E-7,1,0.999253354069792,40.0298881530762,2.00122178145568,19.0600007772446,0.0106357582730207,0.0019556095403106,0.25,6.34125205713588E-6,0.000934742672369695,1.23479787514216E-5,37.0339127,37.0339127,1999.70202636719,1999.70202636719,61.7806997885258,20.7732583004638,7.019488,0,0,0,40,4882,37.3452,1999.70202636719,,,,,,,,,,,,,0,,,,2.7885947,,,,,,37.0339127,,,,
,44270474.625,37.0704956,1999.70202636719,0.000937974607036085,2.53980455499135E-7,1,0.999253354069792,40.0298881530762,2.00106267535582,19.0600007772446,0.0106334134310705,0.00195317382324316,0.25,6.16542939240748E-6,0.000934578274251034,1.2175350784259E-5,37.0704956,37.0704956,1999.70202636719,1999.70202636719,61.7838263026027,20.7727394461096,6.646428,0,0,0,40,4882,37.3763,1999.70202636719,,,,,,,,,,,,,0,,,,2.816592,,,,,,37.0704956,,,,
,44270476.12,37.0871429,1999.70202636719,0.000937487140701012,1.86125402727904E-7,1,0.999253354069792,40.0298881530762,2.00118861591795,19.0600007772446,0.0106273839290471,0.00195904170055637,0.25,6.75456857996024E-6,0.000934093556382695,1.27621638216806E-5,37.0871429,37.0871429,1999.70202636719,1999.70202636719,61.8815298675065,20.7723043658598,6.646428,0,0,0,40,4882,37.401,1999.70202636719,,,,,,,,,,,,,0,,,,2.7885947,,,,,,37.0871429,,,,
,44270477.725,37.1216545,1999.70202636719,0.000937266824873929,2.82405268543025E-7,1,0.999253354069792,40.0298881530762,2.001107038443,19.0699994564056,0.0106253718101648,0.00195381080782835,0.25,6.33484222898443E-6,0.00093388244651625,1.2346057006721E-5,37.1216545,37.1216545,1999.70202636719,1999.70202636719,61.7197327640258,20.7723251666087,7.019488,0,0,0,40,4882,37.431,1999.70202636719,,,,,,,,,,,,,0,,,,2.80259335,,,,,,37.1216545,,,,
,44270478.45,37.1320591,1999.70202636719,0.000936982256097907,2.31822880409666E-7,1,0.999253354069792,40.0298881530762,2.00111721117252,19.0699994564056,0.0106219805562684,0.00195456687225716,0.25,6.44959535850485E-6,0.000933599880858495,1.24596355502369E-5,37.1216545,37.1424637,1999.70202636719,1999.70202636719,61.7744467603719,20.7740746161211,6.646428,0,0,0,40,4882,37.44005,1999.70202636719,,,,,,,,,,,,,0,,,,2.80259335,,,,,,37.1320591,,,,
,44270479.655,37.1513939,1999.70202636719,0.000936596773303453,2.9461242808542E-7,1,0.999253354069792,40.0298881530762,2.00112309687493,19.0699994564056,0.0106179438897151,0.00195232806951723,0.25,6.31681247618824E-6,0.000933220765480063,1.23273710214154E-5,37.1424637,37.1603241,1999.70202636719,1999.70202636719,61.5219807486604,20.7767704998667,6.646428,0,0,0,40,4882,37.4615,1999.70202636719,,,,,,,,,,,,,0,,,,2.816592,,,,,,37.1513939,,,,
,44270481.605,37.18582345,1999.70202636719,0.000936206190120855,2.07254207423232E-7,1,0.999253354069792,40.0298881530762,2.00108853305536,19.0699994564056,0.0106141547899006,0.00194730970047386,0.25,5.94157246467806E-6,0.000932840379968609,1.19548627668671E-5,37.1767273,37.1949196,1999.70202636719,1999.70202636719,61.5954538294681,20.7752878022459,7.019488,0,0,0,40,4882,37.49475,1999.70202636719,,,,,,,,,,,,,0,,,,2.80259335,,,,,,37.18582345,,,,
,44270483.195,37.2112846,1999.70202636719,0.000935507661377152,2.56845527942792E-7,1,0.999253354069792,40.0298881530762,2.00113363097556,19.0699994564056,0.010605513046102,0.0019516213808495,0.25,6.43718671780632E-6,0.000932146443481361,1.24474419562724E-5,37.2112846,37.2112846,1999.70202636719,1999.70202636719,61.5063481782757,20.7764589395668,6.646428,0,0,0,40,4882,37.5222,1999.70202636719,,,,,,,,,,,,,0,,,,2.7885947,,,,,,37.2112846,,,,
,44270484.8,37.2388153,1999.70202636719,0.000935136448820739,2.35147920293521E-7,1,0.999253354069792,40.0298881530762,2.00106823118859,19.0699994564056,0.0106008957591621,0.00195153290411766,0.25,6.49687141654736E-6,0.000931780664203695,1.25072830714051E-5,37.2293129,37.2483177,1999.70202636719,1999.70202636719,61.5008767786411,20.773024084666,6.646428,0,0,0,40,4882,37.5457,1999.70202636719,,,,,,,,,,,,,0,,,,2.7885947,,,,,,37.2388153,,,,
,44270486.335,37.2652931,1999.70202636719,0.00093457197821459,2.60119743988974E-7,1,0.999253354069792,40.0298881530762,2.00105868436662,19.0699994564056,0.0105946604623134,0.00194949474613221,0.25,6.41389021977175E-6,0.000931223917596409,1.242410730171E-5,37.2652931,37.2652931,1999.70202636719,1999.70202636719,61.7728835033335,20.776037334946,7.019488,0,0,0,40,4882,37.57255,1999.70202636719,,,,,,,,,,,,,0,,,,2.7885947,,,,,,37.2652931,,,,
,44270487.94,37.2916851,1999.70202636719,0.000934663526688292,2.66417596633501E-7,1,0.999253354069792,40.0298881530762,2.00109387857764,19.0699994564056,0.0105956203989816,0.00195150831667433,0.25,6.56816062130571E-6,0.000931319344736097,1.25815764081123E-5,37.2823296,37.3010406,1999.70202636719,1999.70202636719,61.5571540320257,20.7758740688958,6.646428,0,0,0,40,4882,37.5994,1999.70202636719,,,,,,,,,,,,,0,,,,2.816592,,,,,,37.2916851,,,,
,44270489.585,37.3167992,1999.70202636719,0.000933823209790643,2.3453536082105E-7,1,0.999253354069792,40.0298881530762,2.00110434645195,19.0600007772446,0.0105865458023073,0.00194784923048812,0.25,6.38963928945749E-6,0.000930488242220967,1.24013370059712E-5,37.3167992,37.3167992,1999.70202636719,1999.70202636719,61.9151398938335,20.7733345664267,6.646428,0,0,0,40,4882,37.62565,1999.70202636719,,,,,,,,,,,,,0,,,,2.80259335,,,,,,37.3167992,,,,
,44270491.19,37.34449765,1999.70202636719,0.000933360776409311,2.2052168887719E-7,1,0.999253354069792,40.0298881530762,2.00113364441966,19.0600007772446,0.0105818759212887,0.00194484779752961,0.25,6.20067814327188E-6,0.000930033740298333,1.22131290033337E-5,37.3349876,37.3540077,1999.70202636719,1999.70202636719,61.7173878784681,20.7756228199607,7.019488,0,0,0,40,4882,37.6519,1999.70202636719,,,,,,,,,,,,,0,,,,2.816592,,,,,,37.34449765,,,,
,44270491.83,37.36281965,1999.70202636719,0.000933023428770037,2.61380091899459E-7,1,0.999253354069792,40.0298881530762,2.00112542996379,19.0699994564056,0.0105783373672179,0.00194240077876372,0.25,6.04407813046617E-6,0.000929700306093845,1.20559753450028E-5,37.3540077,37.3716316,1999.70202636719,1999.70202636719,61.6157761709681,20.7736075220303,6.646428,0,0,0,40,4882,37.6611,1999.70202636719,,,,,,,,,,,,,0,,,,2.816592,,,,,,37.36281965,,,,
,44270492.99,37.3806324,1999.70202636719,0.000932883104718989,2.28750779513051E-7,1,0.999253354069792,40.0298881530762,2.00106498673057,19.0699994564056,0.0105762251499486,0.00194350096698524,0.25,6.16817319315509E-6,0.000929562999569602,1.21807333207689E-5,37.3716316,37.3896332,1999.70202636719,1999.70202636719,61.7189511355065,20.7744921875082,6.646428,0,0,0,40,4882,37.67825,1999.70202636719,,,,,,,,,,,,,0,,,,2.80259335,,,,,,37.3806324,,,,
,44270494.25,37.396534,1999.70202636719,0.000932731086803048,2.25348505946229E-7,1,0.999253354069792,40.0298881530762,2.00117421695873,19.0699994564056,0.0105748776767135,0.00194454358988772,0.25,6.27483232481811E-6,0.000929414970823653,1.22885035960051E-5,37.3896332,37.4034348,1999.70202636719,1999.70202636719,61.5462112327565,20.7736233901849,7.019488,0,0,0,40,4882,37.69935,1999.70202636719,,,,,,,,,,,,,0,,,,2.80259335,,,,,,37.396534,,,,
,44270495.5,37.41349985,1999.70202636719,0.000932379278634326,2.57175239211591E-7,1,0.999253354069792,40.0298881530762,2.00116587790855,19.0699994564056,0.0105717692453562,0.00193884772905018,0.25,5.83299411721647E-6,0.000929071114763737,1.18482426079782E-5,37.4034348,37.4235649,1999.70202636719,1999.70202636719,61.9120133797566,20.7747068784822,6.646428,0,0,0,40,4882,37.71905,1999.70202636719,,,,,,,,,,,,,0,,,,2.80259335,,,,,,37.41349985,,,,
,44270496.755,37.4395485,1999.70202636719,0.000932180884372281,2.65978204860744E-7,1,0.999253354069792,40.0298881530762,2.00105475398954,19.0699994564056,0.0105685658444965,0.00194082191511379,0.25,6.04804894657202E-6,0.000928875883844417,1.20636007954661E-5,37.4235649,37.4555321,1999.70202636719,1999.70202636719,61.9198296649489,20.7727670703354,6.646428,0,0,0,40,4882,37.7391,1999.70202636719,,,,,,,,,,,,,0,,,,2.7885947,,,,,,37.4395485,,,,
,44270498.06,37.46473315,1999.70202636719,0.000931838379660383,2.36091483592716E-7,1,0.999253354069792,40.0298881530762,2.00113846592595,19.0699994564056,0.0105651972151881,0.00193991448980009,0.25,6.01889170461983E-6,0.000928538628096204,1.20346623248082E-5,37.4555321,37.4739342,1999.70202636719,1999.70202636719,61.6118680283719,20.7764100696829,6.646428,0,0,0,40,4882,37.7591,1999.70202636719,,,,,,,,,,,,,0,,,,2.80259335,,,,,,37.46473315,,,,
,44270499.335,37.48210525,1999.70202636719,0.000931047617597133,2.31565887349388E-7,1,0.999253354069792,40.0298881530762,2.00113617811288,19.0699994564056,0.0105559125210353,0.00194025077904328,0.25,6.18577705117842E-6,0.000927753252582174,1.21980459929972E-5,37.4739342,37.4902763,1999.70202636719,1999.70202636719,61.4774279230642,20.7767762476863,7.019488,0,0,0,40,4882,37.778,1999.70202636719,,,,,,,,,,,,,0,,,,2.80259335,,,,,,37.48210525,,,,
,44270501.565,37.51401325,1999.70202636719,0.000931219141304492,2.52179435588299E-7,1,0.999253354069792,40.0298881530762,2.00112408456136,19.0699994564056,0.0105575005857133,0.00194276337430117,0.25,6.3720770302693E-6,0.000927930387486461,1.23892060448739E-5,37.5038261,37.5242004,1999.70202636719,1999.70202636719,61.8197812144873,20.7733519979424,7.019488,0,0,0,40,4882,37.8157,1999.70202636719,,,,,,,,,,,,,0,,,,2.816592,,,,,,37.51401325,,,,
,44270502.305,37.5337486,1999.70202636719,0.000930227338834589,2.54958535652232E-7,1,0.999253354069792,40.0298881530762,2.00123223435123,19.0600007772446,0.0105474699355261,0.0019371667602392,0.25,6.04382254404308E-6,0.000926946632134613,1.2057159725621E-5,37.5242004,37.5432968,1999.70202636719,1999.70202636719,61.7298939347758,20.7769338269736,6.646428,0,0,0,40,4882,37.82855,1999.70202636719,,,,,,,,,,,,,0,,,,2.80259335,,,,,,37.5337486,,,,
,44270503.64,37.55094335,1999.70202636719,0.000930279718207723,2.44037158925232E-7,1,0.999253354069792,40.0298881530762,2.00120058647003,19.0699994564056,0.0105475623837236,0.00193952011965714,0.25,6.24059110171676E-6,0.00092700261538348,1.22565532877237E-5,37.5432968,37.5585899,1999.70202636719,1999.70202636719,61.7134797358719,20.7748245248138,6.646428,0,0,0,40,4882,37.85405,1999.70202636719,,,,,,,,,,,,,0,,,,2.80259335,,,,,,37.55094335,,,,
,44270504.885,37.5688133,1999.70202636719,0.000930140253345741,2.55503603944117E-7,1,0.999253354069792,40.0298881530762,2.00108172261424,19.0699994564056,0.0105460116287003,0.00193590880964665,0.25,5.95298923122039E-6,0.000926870496885409,1.19719738755225E-5,37.5585899,37.5790367,1999.70202636719,1999.70202636719,61.6321903698719,20.7753800324143,6.646428,0,0,0,40,4882,37.8792,1999.70202636719,,,,,,,,,,,,,0,,,,2.80259335,,,,,,37.5688133,,,,
,44270506.01,37.58701515,1999.70202636719,0.000929959913389918,2.86180260012391E-7,1,0.999253354069792,40.0298881530762,2.00119201682983,19.0699994564056,0.0105447517897132,0.00193465860571518,0.25,5.86204414857354E-6,0.000926696342715548,1.18830811216563E-5,37.5790367,37.5949936,1999.70202636719,1999.70202636719,61.7431816196027,20.7770932610772,6.646428,0,0,0,40,4882,37.9042,1999.70202636719,,,,,,,,,,,,,0,,,,2.80259335,,,,,,37.58701515,,,,
,44270507.18,37.60427665,1999.70202636719,0.000929585443390374,2.4618319719753E-7,1,0.999253354069792,40.0298881530762,2.00109807176816,19.0600007772446,0.0105393129855791,0.00193803672883132,0.25,6.23160091855224E-6,0.000926323273111841,1.2250422815697E-5,37.5949936,37.6135597,1999.70202636719,1999.70202636719,62.0550513987758,20.7728898162807,6.646428,0,0,0,40,4882,37.9171,1999.70202636719,,,,,,,,,,,,,0,,,,2.816592,,,,,,37.60427665,,,,
,44270508.46,37.63097955,1999.70202636719,0.000929262956107768,2.43682870700988E-7,1,0.999253354069792,40.0298881530762,2.00118501241539,19.0600007772446,0.010535321614573,0.00194196623704509,0.25,6.62581823585837E-6,0.000926001810070271,1.26427002847304E-5,37.6135597,37.6483994,1999.70202636719,1999.70202636719,61.7963323589104,20.7745921363877,6.646428,0,0,0,40,4882,37.9302,1999.70202636719,,,,,,,,,,,,,0,,,,2.80259335,,,,,,37.63097955,,,,
,44270509.735,37.65750505,1999.70202636719,0.000929017255090632,2.24337060471935E-7,1,0.999253354069792,40.0298881530762,2.00119855200569,19.0600007772446,0.0105337924772148,0.00193508172796484,0.25,6.05790525573443E-6,0.000925765646114997,1.2078106018501E-5,37.6483994,37.6666107,1999.70202636719,1999.70202636719,61.6439147976604,20.7768744285012,6.646428,0,0,0,40,4882,37.9556,1999.70202636719,,,,,,,,,,,,,0,,,,2.80259335,,,,,,37.65750505,,,,
,44270510.89,37.6759033,1999.70202636719,0.000928585888200701,2.69390930861802E-7,1,0.999253354069792,40.0298881530762,2.00119008231344,19.0699994564056,0.0105291113077872,0.00193308208666913,0.25,5.95500391325081E-6,0.000925341434573431,1.19756615442751E-5,37.6666107,37.6851959,1999.70202636719,1999.70202636719,61.5446479757181,20.7748400541669,7.019488,0,0,0,40,4882,37.98065,1999.70202636719,,,,,,,,,,,,,0,,,,2.80259335,,,,,,37.6759033,,,,
,44270512.945,37.704155,1999.70202636719,0.000928538139860117,2.96674941785936E-7,1,0.999253354069792,40.0298881530762,2.00114968319114,19.0699994564056,0.0105274342580082,0.00193872766670697,0.25,6.45830304008199E-6,0.000925298215105104,1.24813517540862E-5,37.704155,37.704155,1999.70202636719,1999.70202636719,61.7228592781027,20.77645797047,6.646428,0,0,0,40,4882,38.0189,1999.70202636719,,,,,,,,,,,,,0,,,,2.816592,,,,,,37.704155,,,,
,44270513.63,37.71333125,1999.70202636719,0.00092785711750852,2.63972138564804E-7,1,0.999253354069792,40.0298881530762,2.00113238772097,19.0600007772446,0.0105203198046335,0.0019335428472459,0.25,6.12155571496237E-6,0.000924624291866743,1.21428133284047E-5,37.704155,37.7225075,1999.70202636719,1999.70202636719,61.7939874733527,20.776499823808,6.646428,0,0,0,40,4882,38.0317,1999.70202636719,,,,,,,,,,,,,0,,,,2.80259335,,,,,,37.71333125,,,,
,44270515.78,37.7585831,1999.70202636719,0.000927625478445406,2.44809275608985E-7,1,0.999253354069792,40.0298881530762,2.00114867304599,19.0600007772446,0.0105176573443304,0.00193423996245061,0.25,6.21691537864791E-6,0.000924400339469058,1.22407580909452E-5,37.7585831,37.7585831,1999.70202636719,1999.70202636719,61.9401520064489,20.7749576345148,6.646428,0,0,0,40,4882,38.0699,1999.70202636719,,,,,,,,,,,,,0,,,,2.816592,,,,,,37.7585831,,,,
,44270517.225,37.7740746,1999.70202636719,0.000926906468770435,2.65898840017415E-7,1,0.999253354069792,40.0298881530762,2.00121301145887,19.0699994564056,0.0105092197341477,0.00193657651422245,0.25,6.54088859793053E-6,0.00092368688626946,1.25619193679806E-5,37.7740746,37.7740746,1999.70202636719,1999.70202636719,61.8111833007758,20.7741456700713,7.019488,0,0,0,40,4882,38.0957,1999.70202636719,,,,,,,,,,,,,0,,,,2.80259335,,,,,,37.7740746,,,,
,44270517.945,37.79132845,1999.70202636719,0.000926436120538003,2.50030850903164E-7,1,0.999253354069792,40.0298881530762,2.00109307568923,19.0699994564056,0.0105040225621372,0.00193149653382759,0.25,6.18444148821925E-6,0.000923222979284589,1.22051054579425E-5,37.7740746,37.8085823,1999.70202636719,1999.70202636719,61.7166062499488,20.7768045721144,6.646428,0,0,0,40,4882,38.1085,1999.70202636719,,,,,,,,,,,,,0,,,,2.7885947,,,,,,37.79132845,,,,
,44270519.275,37.8184128,1999.70202636719,0.000926573225618683,2.59202405545931E-7,1,0.999253354069792,40.0298881530762,2.00108684478849,19.0699994564056,0.0105056225698235,0.00193159151418907,0.25,6.16620132903298E-6,0.00092336345522231,1.21900213457449E-5,37.8085823,37.8282433,1999.70202636719,1999.70202636719,61.5313602908911,20.7757569913261,6.646428,0,0,0,40,4882,38.12755,1999.70202636719,,,,,,,,,,,,,0,,,,2.7885947,,,,,,37.8184128,,,,
,44270520.57,37.8356934,1999.70202636719,0.000926147013352602,2.68721190203031E-7,1,0.999253354069792,40.0298881530762,2.00103124808088,19.0699994564056,0.0105002697963547,0.00193219518187149,0.25,6.29733953467368E-6,0.000922940447612077,1.23194595831584E-5,37.8282433,37.8431435,1999.70202636719,1999.70202636719,61.679869709545,20.77615101377,6.273368,0,0,0,40,4882,38.1408,1999.70202636719,,,,,,,,,,,,,0,,,,2.7885947,,,,,,37.8356934,,,,
,44270521.81,37.85094455,1999.70202636719,0.000925862747511869,2.18266424487451E-7,1,0.999253354069792,40.0298881530762,2.00112892871309,19.0699994564056,0.0104977183364352,0.00193091026430444,0.25,6.22368678150299E-6,0.000922661455455553,1.22464015982273E-5,37.8431435,37.8587456,1999.70202636719,1999.70202636719,61.4242771837565,20.7757288011869,6.646428,0,0,0,40,4882,38.15985,1999.70202636719,,,,,,,,,,,,,0,,,,2.80259335,,,,,,37.85094455,,,,
,44270523.085,37.8756714,1999.70202636719,0.00092526067654729,3.07528876962882E-7,1,0.999253354069792,40.0298881530762,2.00108538369232,19.0699994564056,0.0104906945577554,0.00192983979003878,0.25,6.23565218764346E-6,0.000922066446350596,1.22573346867449E-5,37.8587456,37.8925972,1999.70202636719,1999.70202636719,61.8666789256412,20.7754735119175,6.646428,0,0,0,40,4882,38.18535,1999.70202636719,,,,,,,,,,,,,0,,,,2.80259335,,,,,,37.8756714,,,,
,44270524.345,37.90174865,1999.70202636719,0.000925300036236851,2.52324564662895E-7,1,0.999253354069792,40.0298881530762,2.0010876230801,19.0699994564056,0.0104916678420858,0.00192735165711176,0.25,6.00546084355839E-6,0.00092211231031942,1.20311499216794E-5,37.8925972,37.9109001,1999.70202636719,1999.70202636719,61.6009252291027,20.7746898620349,6.646428,0,0,0,40,4882,38.2111,1999.70202636719,,,,,,,,,,,,,0,,,,2.80259335,,,,,,37.90174865,,,,
,44270525.54,37.9210205,1999.70202636719,0.000925244680946667,2.7354861980608E-7,1,0.999253354069792,40.0298881530762,2.00103491541098,19.0699994564056,0.0104909064579868,0.00192662771544233,0.25,5.95378980168011E-6,0.000922060048231868,1.19807999892301E-5,37.9109001,37.9311409,1999.70202636719,1999.70202636719,61.6837778521411,20.7771206032345,7.019488,0,0,0,40,4882,38.2242,1999.70202636719,,,,,,,,,,,,,0,,,,2.816592,,,,,,37.9210205,,,,
,44270526.725,37.9390583,1999.70202636719,0.000924440223980098,2.71514498606854E-7,1,0.999253354069792,40.0298881530762,2.00098973973999,19.0600007772446,0.01048111986055,0.00192756796498594,0.25,6.18070981614001E-6,0.00092125941991716,1.22031967974844E-5,37.9311409,37.9469757,1999.70202636719,1999.70202636719,61.9276459501412,20.7765690743971,7.019488,0,0,0,40,4882,38.2373,1999.70202636719,,,,,,,,,,,,,0,,,,2.816592,,,,,,37.9390583,,,,
,44270527.975,37.9553585,1999.70202636719,0.000924012120668778,2.40702657513002E-7,1,0.999253354069792,40.0298881530762,2.00099271800956,19.0699994564056,0.0104763646848566,0.00192655156752658,0.25,6.16285344231728E-6,0.000920838090043385,1.21855508515818E-5,37.9469757,37.9637413,1999.70202636719,1999.70202636719,61.5798212590834,20.7764089416705,6.646428,0,0,0,40,4882,38.26295,1999.70202636719,,,,,,,,,,,,,0,,,,2.816592,,,,,,37.9553585,,,,
,44270529.235,37.97397995,1999.70202636719,0.000923811021509728,2.40686936543065E-7,1,0.999253354069792,40.0298881530762,2.00103104767069,19.0699994564056,0.0104751964938163,0.00192131143637779,0.25,5.72988449297354E-6,0.000920645697243187,1.17556786965069E-5,37.9637413,37.9842186,1999.70202636719,1999.70202636719,61.6478229402565,20.7749137732667,7.019488,0,0,0,40,4882,38.2886,1999.70202636719,,,,,,,,,,,,,0,,,,2.80259335,,,,,,37.97397995,,,,
,44270530.335,37.99290085,1999.70202636719,0.000923279058678175,2.90170619425225E-7,1,0.999253354069792,40.0298881530762,2.00105862760836,19.0600007772446,0.0104683585138967,0.00192573166568058,0.25,6.20926477463876E-6,0.000920114975677384,1.22314572421826E-5,37.9842186,38.0015831,1999.70202636719,1999.70202636719,61.7236409066219,20.7755615389867,7.019488,0,0,0,40,4882,38.3017,1999.70202636719,,,,,,,,,,,,,0,,,,2.80259335,,,,,,37.99290085,,,,
,44270532.595,38.0375023,1999.70202636719,0.000923335412888996,2.5077164583841E-7,1,0.999253354069792,40.0298881530762,2.00105165028733,19.0699994564056,0.0104695855060238,0.0019230167994475,0.25,5.95298599405086E-6,0.000920183211452818,1.198231752853E-5,38.0375023,38.0375023,1999.70202636719,1999.70202636719,61.7392734770065,20.7765938120338,7.019488,0,0,0,40,4882,38.3532,1999.70202636719,,,,,,,,,,,,,0,,,,2.816592,,,,,,38.0375023,,,,
,44270533.245,38.0467644,1999.70202636719,0.000922783362231256,2.20435862889237E-7,1,0.999253354069792,40.0298881530762,2.00103750368033,19.0600007772446,0.0104629477976659,0.00192359252492647,0.25,6.10252064969572E-6,0.000919632051382916,1.21277760026328E-5,38.0375023,38.0560265,1999.70202636719,1999.70202636719,61.2898370784488,20.777017645184,6.646428,0,0,0,40,4882,38.3536,1999.70202636719,,,,,,,,,,,,,0,,,,2.816592,,,,,,38.0467644,,,,
,44270550.27,38.3280373,1999.70202636719,,,2,,,,19.0959999722838,,,,,,,38.3280373,38.3280373,1999.70202636719,1999.70202636719,,,6.646428,,,,-99999999,4882,38.6406,1999.70202636719,,,,,,,,,,,,,,,,,,,,,,,38.3280373,,,,
touchdown = 14.4899999722838 mm,44270563.93,38.5491829,1999.70202636719,0.000914899772160756,2.89704424627409E-7,1,0.999253354069792,40.0298881530762,2.00106576423212,19.0900005400181,0.0103745413065378,0.00190934445679342,0.25,6.1647813638154E-6,0.000911878467470157,1.21960428014102E-5,38.5491829,38.5491829,1999.70202636719,1999.70202636719,61.7064450791988,20.770710867705,6.646428,0,0,0,40,4882,38.86605,1999.70202636719,,,,,,,,,,,,,0,,,,2.8307313,,,,,,38.5491829,,,,
,44270565.54,38.5792809,1999.70202636719,0.000914505581514868,2.57029306833662E-7,1,0.999253354069792,40.0298881530762,2.00100398772087,19.0900005400181,0.0103698391062992,0.0019086025410262,0.25,6.16832003628864E-6,0.000911493755454947,1.22013976969125E-5,38.5792809,38.5792809,1999.70202636719,1999.70202636719,61.1444541738719,20.771494939284,6.646428,0,0,0,40,4882,38.9056,1999.70202636719,,,,,,,,,,,,,0,,,,2.8307313,,,,,,38.5792809,,,,
,44270566.19,38.58890345,1999.70202636719,0.000914178231500531,2.55419502408526E-7,1,0.999253354069792,40.0298881530762,2.00103128974816,19.0900005400181,0.010366004468614,0.00190939833379958,0.25,6.29415545773262E-6,0.000911166643670174,1.23247013842432E-5,38.5792809,38.598526,1999.70202636719,1999.70202636719,61.6939390228911,20.773007316196,6.646428,0,0,0,40,4882,38.906,1999.70202636719,,,,,,,,,,,,,0,,,,2.816592,,,,,,38.58890345,,,,
,44270567.395,38.6058998,1999.70202636719,0.000913720990311396,2.12376875049735E-7,1,0.999253354069792,40.0298881530762,2.00096770150348,19.0900005400181,0.0103613337281183,0.00190392352151521,0.25,5.89569007195085E-6,0.0009107166963518,1.19262322320208E-5,38.598526,38.6132736,1999.70202636719,1999.70202636719,61.6994104225258,20.7717393550385,7.019488,0,0,0,40,4882,38.92145,1999.70202636719,,,,,,,,,,,,,0,,,,2.816592,,,,,,38.6058998,,,,
,44270569.485,38.6470528,1999.70202636719,0.000913745042514427,2.82579004083843E-7,1,0.999253354069792,40.0298881530762,2.00104171929457,19.0900005400181,0.0103620614672466,0.0019040681741427,0.25,5.89250424234199E-6,0.000910748734305179,1.19275811089595E-5,38.6470528,38.6470528,1999.70202636719,1999.70202636719,61.3695631874103,20.7694442315773,6.646428,0,0,0,40,4882,38.9605,1999.70202636719,,,,,,,,,,,,,0,,,,2.816592,,,,,,38.6470528,,,,
,44270570.19,38.65600015,1999.70202636719,0.000913547525426666,2.36581593609738E-7,1,0.999253354069792,40.0298881530762,2.00100004436135,19.0900005400181,0.0103588693395033,0.00190799362084355,0.25,6.27488842245489E-6,0.000910551698292042,1.23086935393452E-5,38.6470528,38.6649475,1999.70202636719,1999.70202636719,61.9331173497758,20.7714282462505,6.646428,0,0,0,40,4882,38.9719,1999.70202636719,,,,,,,,,,,,,0,,,,2.816592,,,,,,38.65600015,,,,
,44270571.44,38.67303465,1999.70202636719,0.00091318631582267,2.96186853697818E-7,1,0.999253354069792,40.0298881530762,2.00099447239745,19.0900005400181,0.0103549651561118,0.00190627528218241,0.25,6.18497759974676E-6,0.000910196433070016,1.22189244305764E-5,38.6649475,38.6811218,1999.70202636719,1999.70202636719,61.5430847186796,20.7702183284505,6.646428,0,0,0,40,4882,38.992,1999.70202636719,,,,,,,,,,,,,0,,,,2.816592,,,,,,38.67303465,,,,
,44270573.67,38.7122993,1999.70202636719,0.00091294077371342,2.5739565303957E-7,1,0.999253354069792,40.0298881530762,2.00095669609599,19.0799999982119,0.0103526279767342,0.00190269740100646,0.25,5.91050607376114E-6,0.000909961685589839,1.19481146703463E-5,38.7122993,38.7122993,1999.70202636719,1999.70202636719,61.3726897014873,20.7710721472569,6.646428,0,0,0,40,4882,39.0315,1999.70202636719,,,,,,,,,,,,,0,,,,2.816592,,,,,,38.7122993,,,,
,44270574.33,38.72307775,1999.70202636719,0.000912263656890887,2.07390770453532E-7,1,0.999253354069792,40.0298881530762,2.00094621468823,19.0900005400181,0.0103446516866927,0.00190278681688856,0.25,6.03785282346387E-6,0.00090928770113838,1.20715332429021E-5,38.7122993,38.7338562,1999.70202636719,1999.70202636719,61.8307240137565,20.7715802650011,7.019488,0,0,0,40,4882,39.04025,1999.70202636719,,,,,,,,,,,,,0,,,,2.8307313,,,,,,38.72307775,,,,
,44270575.505,38.7422104,1999.70202636719,0.000911881648439462,2.34524208117116E-7,1,0.999253354069792,40.0298881530762,2.00093927924416,19.0900005400181,0.0103399959679876,0.00190390787037615,0.25,6.20174380936418E-6,0.00090891016001396,1.22346770338817E-5,38.7338562,38.7505646,1999.70202636719,1999.70202636719,61.5813845161219,20.7731067858427,7.019488,0,0,0,40,4882,39.06105,1999.70202636719,,,,,,,,,,,,,0,,,,2.8307313,,,,,,38.7422104,,,,
,44270577.65,38.7676544,1999.70202636719,0.000911630194935769,2.53574399807854E-7,1,0.999253354069792,40.0298881530762,2.00091856481226,19.0799999982119,0.0103376837441165,0.00190025175173707,0.25,5.92053652131981E-6,0.00090866899555499,1.19567328772242E-5,38.7676544,38.7676544,1999.70202636719,1999.70202636719,62.0128434587373,20.7716104111686,6.646428,0,0,0,40,4882,39.0973,1999.70202636719,,,,,,,,,,,,,0,,,,2.8307313,,,,,,38.7676544,,,,
,44270579.28,38.8072815,1999.70202636719,0.000911435670051472,2.64460141570812E-7,1,0.999253354069792,40.0298881530762,2.00096778406523,19.0799999982119,0.0103356059532845,0.00190091967625504,0.25,6.00576315448941E-6,0.000908480310967832,1.20435285612146E-5,38.8072815,38.8072815,1999.70202636719,1999.70202636719,61.3468959603527,20.7724193225522,6.273368,0,0,0,40,4882,39.12555,1999.70202636719,,,,,,,,,,,,,0,,,,2.816592,,,,,,38.8072815,,,,
,44270580.77,38.8233719,1999.70202636719,0.000910945849980683,2.82911439272062E-7,1,0.999253354069792,40.0298881530762,2.00104183802152,19.0799999982119,0.0103299639712741,0.00190286436892295,0.25,6.25422824448688E-6,0.000907995661382965,1.22907061574589E-5,38.8233719,38.8233719,1999.70202636719,1999.70202636719,61.7932058448335,20.7717920879571,7.019488,0,0,0,40,4882,39.15045,1999.70202636719,,,,,,,,,,,,,0,,,,2.7885947,,,,,,38.8233719,,,,
,44270582.29,38.8441811,1999.70202636719,0.000910932973511912,2.60904324548894E-7,1,0.999253354069792,40.0298881530762,2.00092541576209,19.0900005400181,0.0103292798658738,0.001902925710962,0.25,6.26712625729334E-6,0.000907988560513168,1.2306542136668E-5,38.8441811,38.8441811,1999.70202636719,1999.70202636719,61.7126981073527,20.7716656065311,6.273368,0,0,0,40,4882,39.1781,1999.70202636719,,,,,,,,,,,,,0,,,,2.816592,,,,,,38.8441811,,,,
,44270583.01,38.8632603,1999.70202636719,0.000910514837503635,2.35186648771271E-7,1,0.999253354069792,40.0298881530762,2.00099088904137,19.0900005400181,0.0103252170724347,0.00190026209515672,0.25,6.09958147497491E-6,0.000907575350208202,1.2138093604487E-5,38.8441811,38.8823395,1999.70202636719,1999.70202636719,61.6704901673142,20.7724695596373,6.646428,0,0,0,40,4882,39.19025,1999.70202636719,,,,,,,,,,,,,0,,,,2.816592,,,,,,38.8632603,,,,
,44270584.29,38.89047435,1999.70202636719,0.00091066333068073,2.00287943413636E-7,1,0.999253354069792,40.0298881530762,2.00094461309064,19.0900005400181,0.0103269556497655,0.00189923460236824,0.25,5.98330167527806E-6,0.000907728611022514,1.20255601503786E-5,38.8823395,38.8986092,1999.70202636719,1999.70202636719,61.7619407040642,20.7702176724058,6.646428,0,0,0,40,4882,39.21185,1999.70202636719,,,,,,,,,,,,,0,,,,2.816592,,,,,,38.89047435,,,,
,44270585.485,38.9084797,1999.70202636719,0.000909834528590951,2.75143942764627E-7,1,0.999253354069792,40.0298881530762,2.000988831194,19.0900005400181,0.0103174303880324,0.00189975085019339,0.25,6.16927303343408E-6,0.000906905173005372,1.22075173188513E-5,38.8986092,38.9183502,1999.70202636719,1999.70202636719,61.4797728086219,20.7711977363295,6.646428,0,0,0,40,4882,39.2308,1999.70202636719,,,,,,,,,,,,,0,,,,2.816592,,,,,,38.9084797,,,,
,44270587.445,38.9334946,1999.70202636719,0.00090947947596256,2.58777663727988E-7,1,0.999253354069792,40.0298881530762,2.00096495285631,19.0900005400181,0.0103138161053187,0.0018965168998205,0.25,5.94383293264559E-6,0.000906560511628209,1.19844716621866E-5,38.9334946,38.9334946,1999.70202636719,1999.70202636719,61.4102078704103,20.7700880495351,7.019488,0,0,0,40,4882,39.26745,1999.70202636719,,,,,,,,,,,,,0,,,,2.816592,,,,,,38.9334946,,,,
,44270589.065,38.9683456,1999.70202636719,0.000908786186830074,2.20614000000513E-7,1,0.999253354069792,40.0298881530762,2.00099490736731,19.0900005400181,0.0103058028260657,0.00189711541346266,0.25,6.11341454222297E-6,0.000905873312593645,1.21515831626131E-5,38.9683456,38.9683456,1999.70202636719,1999.70202636719,61.9041970945642,20.7722050484483,6.646428,0,0,0,40,4882,39.29185,1999.70202636719,,,,,,,,,,,,,0,,,,2.8307313,,,,,,38.9683456,,,,
,44270589.735,38.97795675,1999.70202636719,0.000908687799913199,2.70969276425768E-7,1,0.999253354069792,40.0298881530762,2.00092024240249,19.0900005400181,0.01030418202064,0.00189779818535197,0.25,6.19512953508734E-6,0.000905777270392194,1.22337271865935E-5,38.9683456,38.9875679,1999.70202636719,1999.70202636719,61.8651156686027,20.7726418055359,6.646428,0,0,0,40,4882,39.30405,1999.70202636719,,,,,,,,,,,,,0,,,,2.8307313,,,,,,38.97795675,,,,
,44270590.985,38.99611855,1999.70202636719,0.000908625007246895,2.14504318298633E-7,1,0.999253354069792,40.0298881530762,2.00098119976641,19.0799999982119,0.0103038911718644,0.00189729770117663,0.25,6.15453962283655E-6,0.000905718939673809,1.21949367545025E-5,38.9875679,39.0046692,1999.70202636719,1999.70202636719,61.7525611618335,20.772844951722,6.646428,0,0,0,40,4882,39.32305,1999.70202636719,,,,,,,,,,,,,0,,,,2.8448706,,,,,,38.99611855,,,,
,44270592.165,39.0141163,1999.70202636719,0.000908172568839614,2.41679771671773E-7,1,0.999253354069792,40.0298881530762,2.00101789516316,19.0900005400181,0.010298536467628,0.00189893279387461,0.25,6.37298890085412E-6,0.000905270478233865,1.24117739390293E-5,39.0046692,39.0235634,1999.70202636719,1999.70202636719,61.6407882835834,20.7718422106791,7.019488,0,0,0,40,4882,39.3421,1999.70202636719,,,,,,,,,,,,,0,,,,2.8448706,,,,,,39.0141163,,,,
,44270594.33,39.0619965,1999.70202636719,0.000907990335466664,2.70819898997556E-7,1,0.999253354069792,40.0298881530762,2.00104326028707,19.0900005400181,0.0102974557345162,0.0018942597333468,0.25,5.98591670994036E-6,0.000905099638205695,1.20290371312281E-5,39.0619965,39.0619965,1999.70202636719,1999.70202636719,61.6024884861411,20.7731602257009,7.019488,0,0,0,40,4882,39.3816,1999.70202636719,,,,,,,,,,,,,0,,,,2.816592,,,,,,39.0619965,,,,
,44270595.845,39.0782852,1999.70202636719,0.000907724163018527,2.79278955631959E-7,1,0.999253354069792,40.0298881530762,2.00099650470068,19.0799999982119,0.0102943906187272,0.00189297921834828,0.25,5.92040964907421E-6,0.000904839965484265,1.19646433118625E-5,39.0782852,39.0782852,1999.70202636719,1999.70202636719,61.6665820247181,20.773365054069,6.646428,0,0,0,40,4882,39.4061,1999.70202636719,,,,,,,,,,,,,0,,,,2.816592,,,,,,39.0782852,,,,
,44270597.335,39.10334015,1999.70202636719,0.000907231873139561,2.56044037158497E-7,1,0.999253354069792,40.0298881530762,2.00103151826491,19.0900005400181,0.0102885605395788,0.00189471265073874,0.25,6.15370585516541E-6,0.000904353158801628,1.21967714038447E-5,39.0941696,39.1125107,1999.70202636719,1999.70202636719,61.504003292718,20.7723604954181,6.646428,0,0,0,40,4882,39.43215,1999.70202636719,,,,,,,,,,,,,0,,,,2.816592,,,,,,39.10334015,,,,
,44270598.885,39.1305199,1999.70202636719,0.000906893970783822,2.66630099069626E-7,1,0.999253354069792,40.0298881530762,2.00096533961573,19.0900005400181,0.0102846849635101,0.00189268883750802,0.25,6.03718962142904E-6,0.000904021965702342,1.2080902044093E-5,39.1305199,39.1305199,1999.70202636719,1999.70202636719,61.6939390228911,20.7722925406042,6.646428,0,0,0,40,4882,39.4554,1999.70202636719,,,,,,,,,,,,,0,,,,2.816592,,,,,,39.1305199,,,,
,44270599.62,39.1385727,1999.70202636719,0.000906546747835938,2.41097579829209E-7,1,0.999253354069792,40.0298881530762,2.00093849885135,19.0900005400181,0.0102806927983498,0.00189172055260329,0.25,6.01335254921479E-6,0.000903679210313067,1.20564564250794E-5,39.1305199,39.1466255,1999.70202636719,1999.70202636719,61.4907156078911,20.7718447806149,6.646428,0,0,0,40,4882,39.4704,1999.70202636719,,,,,,,,,,,,,0,,,,2.8307313,,,,,,39.1385727,,,,
,44270601.865,39.1808052,1999.70202636719,0.000906071604191399,2.29655984898527E-7,1,0.999253354069792,40.0298881530762,2.00098961310414,19.0900005400181,0.0102759596262053,0.00188898488683333,0.25,5.84736135678606E-6,0.000903214129324456,1.18916844361803E-5,39.1808052,39.1808052,1999.70202636719,1999.70202636719,61.4610137241604,20.7728448391875,7.019488,0,0,0,40,4882,39.506,1999.70202636719,,,,,,,,,,,,,0,,,,2.8448706,,,,,,39.1808052,,,,
,44270603.425,39.2012253,1999.70202636719,0.000905459766483828,2.90409528471483E-7,1,0.999253354069792,40.0298881530762,2.00091058968562,19.0900005400181,0.0102683037158664,0.001889834383239,0.25,6.03344036904275E-6,0.000902607902692905,1.20756269039375E-5,39.2012253,39.2012253,1999.70202636719,1999.70202636719,61.8502647267373,20.7730295931028,6.646428,0,0,0,40,4882,39.5293,1999.70202636719,,,,,,,,,,,,,0,,,,2.816592,,,,,,39.2012253,,,,
,44270604.03,39.20983505,1999.70202636719,0.000905418704786475,2.74975617164399E-7,1,0.999253354069792,40.0298881530762,2.00100873044126,19.0900005400181,0.0102686998646455,0.00188784639912622,0.25,5.85614886158901E-6,0.000902570658410776,1.18998833455057E-5,39.2012253,39.2184448,1999.70202636719,1999.70202636719,61.5516826323911,20.7748075481399,7.019488,0,0,0,40,4882,39.541,1999.70202636719,,,,,,,,,,,,,0,,,,2.816592,,,,,,39.20983505,,,,
,44270605.965,39.2501984,1999.70202636719,0.000905363818328239,2.42798728330481E-7,1,0.999253354069792,40.0298881530762,2.00091879379986,19.0900005400181,0.0102663436077362,0.00189542869741457,0.25,6.53590425556846E-6,0.000902518491202165,1.2580833096136E-5,39.2501984,39.2501984,1999.70202636719,1999.70202636719,61.5344868049681,20.7710694284724,6.646428,0,0,0,40,4882,39.57475,1999.70202636719,,,,,,,,,,,,,0,,,,2.816592,,,,,,39.2501984,,,,
,44270606.625,39.2587643,1999.70202636719,0.000904613058205742,3.18407879723875E-7,1,0.999253354069792,40.0298881530762,2.00097529248816,19.0900005400181,0.0102591760143458,0.0018880365997165,0.25,6.01168387928487E-6,0.000901776073573825,1.20544749729011E-5,39.2501984,39.2673302,1999.70202636719,1999.70202636719,61.4688300093527,20.7731208573421,7.019488,0,0,0,40,4882,39.58645,1999.70202636719,,,,,,,,,,,,,0,,,,2.816592,,,,,,39.2587643,,,,
,44270608.675,39.2820663,1999.70202636719,0.000904592111329822,2.56110475403071E-7,1,0.999253354069792,40.0298881530762,2.0009585100514,19.0799999982119,0.010258594526933,0.00188991845568116,0.25,6.17775293669714E-6,0.000901761022928915,1.2223398957551E-5,39.2820663,39.2820663,1999.70202636719,1999.70202636719,61.6751799384296,20.773191794619,6.646428,0,0,0,40,4882,39.6188,1999.70202636719,,,,,,,,,,,,,0,,,,2.8448706,,,,,,39.2820663,,,,
,44270610.4,39.3175888,1999.70202636719,0.000904055716455153,2.39398636952324E-7,1,0.999253354069792,40.0298881530762,2.00083883722905,19.0900005400181,0.0102522318894597,0.00188734875114645,0.25,6.05204252201382E-6,0.000901232785117792,1.20973955997702E-5,39.3175888,39.3175888,1999.70202636719,1999.70202636719,61.7384918484873,20.7743310911177,7.019488,0,0,0,40,4882,39.64575,1999.70202636719,,,,,,,,,,,,,0,,,,2.8307313,,,,,,39.3175888,,,,
,44270611.885,39.3356438,1999.70202636719,0.000904125605144407,2.4370757737195E-7,1,0.999253354069792,40.0298881530762,2.00095741542465,19.0799999982119,0.0102526053632844,0.00189363842583866,0.25,6.58010599853286E-6,0.000901305014696751,1.26273616544173E-5,39.3356438,39.3356438,1999.70202636719,1999.70202636719,61.8283791281988,20.7740908294006,7.019488,0,0,0,40,4882,39.674,1999.70202636719,,,,,,,,,,,,,0,,,,2.816592,,,,,,39.3356438,,,,
,44270612.585,39.35360145,1999.70202636719,0.000903539079442657,2.31118197573574E-7,1,0.999253354069792,40.0298881530762,2.00095303375947,19.0900005400181,0.0102464166324771,0.00188981039978445,0.25,6.34582815807998E-6,0.000900723883280353,1.23909250225189E-5,39.3356438,39.3715591,1999.70202636719,1999.70202636719,61.8502647267373,20.7739814391234,7.019488,0,0,0,40,4882,39.6838,1999.70202636719,,,,,,,,,,,,,0,,,,2.816592,,,,,,39.35360145,,,,
,44270613.84,39.38078685,1999.70202636719,0.000903480963041249,2.33414451951659E-7,1,0.999253354069792,40.0298881530762,2.00092272766717,19.0900005400181,0.0102461105707697,0.00188715621083514,0.25,6.1214698057228E-6,0.000900672276924308,1.21693249957035E-5,39.3715591,39.3900146,1999.70202636719,1999.70202636719,61.8408851845065,20.773551255229,6.646428,0,0,0,40,4882,39.7066,1999.70202636719,,,,,,,,,,,,,0,,,,2.8307313,,,,,,39.38078685,,,,
,44270615.06,39.39896965,1999.70202636719,0.000903107634237633,2.50467708669511E-7,1,0.999253354069792,40.0298881530762,2.00095703392374,19.0799999982119,0.0102423143983853,0.0018851631108653,0.25,6.00650351438025E-6,0.000900305102473498,1.20543378043711E-5,39.3900146,39.4079247,1999.70202636719,1999.70202636719,61.2937452210449,20.771944658785,6.646428,0,0,0,40,4882,39.7264,1999.70202636719,,,,,,,,,,,,,0,,,,2.8448706,,,,,,39.39896965,,,,
,44270616.295,39.4161835,1999.70202636719,0.000902829073438513,2.06125438097408E-7,1,0.999253354069792,40.0298881530762,2.0009697051853,19.0799999982119,0.0102390937756846,0.00188548007321472,0.25,6.08080589540778E-6,0.000900029780194903,1.21280111394858E-5,39.4079247,39.4244423,1999.70202636719,1999.70202636719,61.7072267077181,20.7743351923836,7.019488,0,0,0,40,4882,39.74005,1999.70202636719,,,,,,,,,,,,,0,,,,2.8448706,,,,,,39.4161835,,,,
,44270617.585,39.4332924,1999.70202636719,0.000902581147796912,2.43407387447407E-7,1,0.999253354069792,40.0298881530762,2.0009475085274,19.0900005400181,0.0102371181569397,0.00187989983418985,0.25,5.63213548735224E-6,0.000899789935921184,1.16812008340004E-5,39.4244423,39.4421425,1999.70202636719,1999.70202636719,61.7619407040642,20.7737183575822,6.646428,0,0,0,40,4882,39.7601,1999.70202636719,,,,,,,,,,,,,0,,,,2.8307313,,,,,,39.4332924,,,,
,44270618.875,39.45842745,1999.70202636719,0.000902336922157256,2.80410198812143E-7,1,0.999253354069792,40.0298881530762,2.00092400382547,19.0900005400181,0.0102330017773635,0.00188669924193813,0.25,6.27226911436995E-6,0.000899547820807971,1.23205835738272E-5,39.4421425,39.4747124,1999.70202636719,1999.70202636719,61.5196358631027,20.7737053331135,6.646428,0,0,0,40,4882,39.78655,1999.70202636719,,,,,,,,,,,,,0,,,,2.8307313,,,,,,39.45842745,,,,
,44270620.08,39.4850483,1999.70202636719,0.000901630938543146,3.07351557126311E-7,1,0.999253354069792,40.0298881530762,2.00094852640322,19.0900005400181,0.0102257094332896,0.00188226108187253,0.25,6.0007956086134E-6,0.000898851394383937,1.20479881388268E-5,39.4747124,39.4953842,1999.70202636719,1999.70202636719,61.6001436005834,20.7724477733216,7.019488,0,0,0,40,4882,39.81265,1999.70202636719,,,,,,,,,,,,,0,,,,2.8448706,,,,,,39.4850483,,,,
,44270622.18,39.5125923,1999.70202636719,0.000901595392030744,2.32949404401901E-7,1,0.999253354069792,40.0298881530762,2.00092562914676,19.0900005400181,0.0102245940162487,0.00188612610607015,0.25,6.34358368370959E-6,0.000898822205437046,1.23937249952387E-5,39.5125923,39.5125923,1999.70202636719,1999.70202636719,61.7439632481219,20.7730195721703,6.646428,0,0,0,40,4882,39.8521,1999.70202636719,,,,,,,,,,,,,0,,,,2.816592,,,,,,39.5125923,,,,
,44270623.875,39.5482063,1999.70202636719,0.000902044125335549,3.22354155072829E-7,1,0.999253354069792,40.0298881530762,2.00096332771414,19.0799999982119,0.0102302391858484,0.00188537661054711,0.25,6.19119831545026E-6,0.000899276337760526,1.22477112032999E-5,39.5482063,39.5482063,1999.70202636719,1999.70202636719,61.6228108276411,20.7729587528917,7.019488,0,0,0,40,4882,39.8791,1999.70202636719,,,,,,,,,,,,,0,,,,2.8307313,,,,,,39.5482063,,,,
,44270625.365,39.5637436,1999.70202636719,0.000900709154154154,2.50733337528814E-7,1,0.999253354069792,40.0298881530762,2.00098228925166,19.0799999982119,0.0102149600807204,0.00188429401939453,0.25,6.32707902875143E-6,0.000897950292974633,1.23770326245035E-5,39.5637436,39.5637436,1999.70202636719,1999.70202636719,61.6806513380642,20.7747461172639,6.646428,0,0,0,40,4882,39.9057,1999.70202636719,,,,,,,,,,,,,0,,,,2.816592,,,,,,39.5637436,,,,
,44270625.99,39.5730076,1999.70202636719,0.000900931992695246,3.20426932268355E-7,1,0.999253354069792,40.0298881530762,2.0010200321841,19.0799999982119,0.0102185077991238,0.00188026148140928,0.25,5.92758872580274E-6,0.000898178013584758,1.19816514348965E-5,39.5637436,39.5822716,1999.70202636719,1999.70202636719,61.6329719983911,20.7686539253101,7.019488,0,0,0,40,4882,39.91885,1999.70202636719,,,,,,,,,,,,,0,,,,2.8307313,,,,,,39.5730076,,,,
,44270627.235,39.5987244,1999.70202636719,0.000900580600663648,2.3648881796509E-7,1,0.999253354069792,40.0298881530762,2.00101167009077,19.0900005400181,0.0102143620294614,0.00188057542390393,0.25,6.01435341499482E-6,0.000897832809390928,1.20686100126218E-5,39.5822716,39.6151772,1999.70202636719,1999.70202636719,61.6884676232565,20.7701210054879,6.646428,0,0,0,40,4882,39.94535,1999.70202636719,,,,,,,,,,,,,0,,,,2.8448706,,,,,,39.5987244,,,,
,44270628.555,39.62493325,1999.70202636719,0.000900208189843489,2.30348435274934E-7,1,0.999253354069792,40.0298881530762,2.00093372966592,19.0900005400181,0.0102100923080111,0.00187803977379206,0.25,5.86123019815547E-6,0.000897465412107076,1.19148973520552E-5,39.6151772,39.6346893,1999.70202636719,1999.70202636719,61.392230414468,20.7736599280913,6.646428,0,0,0,40,4882,39.9591,1999.70202636719,,,,,,,,,,,,,0,,,,2.8307313,,,,,,39.62493325,,,,
,44270629.85,39.6438522,1999.70202636719,0.000900013767367885,2.17569028115301E-7,1,0.999253354069792,40.0298881530762,2.00098305039855,19.0900005400181,0.0102077996764633,0.00187971863065983,0.25,6.0376831465946E-6,0.000897273306052359,1.20909707073933E-5,39.6346893,39.6530151,1999.70202636719,1999.70202636719,61.6001436005834,20.7728595331952,6.646428,0,0,0,40,4882,39.97285,1999.70202636719,,,,,,,,,,,,,0,,,,2.8307313,,,,,,39.6438522,,,,
,44270631.92,39.6687737,1999.70202636719,0.000899445911050981,2.25735636825678E-7,1,0.999253354069792,40.0298881530762,2.00090163039342,19.0900005400181,0.0102011937815291,0.00187774673993692,0.25,5.9652893230718E-6,0.00089671643206625,1.20192261547352E-5,39.6687737,39.6687737,1999.70202636719,1999.70202636719,61.6368801409873,20.7722762533066,7.019488,0,0,0,40,4882,40.013,1999.70202636719,,,,,,,,,,,,,0,,,,2.8307313,,,,,,39.6687737,,,,
,44270632.695,39.68643955,1999.70202636719,0.000898626163085553,3.29808331125124E-7,1,0.999253354069792,40.0298881530762,2.00088195618017,19.0900005400181,0.0101912708893793,0.00187919938000031,0.25,6.23813260345671E-6,0.00089590015149725,1.22871395724995E-5,39.6687737,39.7041054,1999.70202636719,1999.70202636719,61.5383949475642,20.7750547362699,7.019488,0,0,0,40,4882,40.0264,1999.70202636719,,,,,,,,,,,,,0,,,,2.816592,,,,,,39.68643955,,,,
,44270634.725,39.7214241,1999.70202636719,0.000898834591206409,2.62506101935101E-7,1,0.999253354069792,40.0298881530762,2.00087489342349,19.0900005400181,0.0101934951188112,0.00188069785267414,0.25,6.32897646814153E-6,0.00089611448550916,1.23826252548748E-5,39.7214241,39.7214241,1999.70202636719,1999.70202636719,61.9690722616604,20.7717689369862,6.646428,0,0,0,40,4882,40.0595,1999.70202636719,,,,,,,,,,,,,0,,,,2.816592,,,,,,39.7214241,,,,
,44270635.445,39.7307148,1999.70202636719,0.00089893833174341,2.45592463160254E-7,1,0.999253354069792,40.0298881530762,2.0009285999668,19.0900005400181,0.0101956044888287,0.00187746300624468,0.25,6.01860689915335E-6,0.000896224422735816,1.20759917093229E-5,39.7214241,39.7400055,1999.70202636719,1999.70202636719,61.6446964261796,20.7721658668784,7.019488,0,0,0,40,4882,40.07945,1999.70202636719,,,,,,,,,,,,,0,,,,2.816592,,,,,,39.7307148,,,,
,44270637.615,39.7745743,1999.70202636719,0.000898005950587697,2.7078247217687E-7,1,0.999253354069792,40.0298881530762,2.00096173930745,19.0900005400181,0.0101851311719593,0.00187625983800346,0.25,6.07144046120442E-6,0.000895300190724541,1.21252249979415E-5,39.7745743,39.7745743,1999.70202636719,1999.70202636719,61.6142129139296,20.7740803702889,6.646428,0,0,0,40,4882,40.10655,1999.70202636719,,,,,,,,,,,,,0,,,,2.816592,,,,,,39.7745743,,,,
,44270638.305,39.78256415,1999.70202636719,0.000897895658419987,2.68695706136661E-7,1,0.999253354069792,40.0298881530762,2.0009314345337,19.0900005400181,0.0101838630182173,0.00187546764275834,0.25,6.02167681642806E-6,0.000895193523999702,1.20762817502102E-5,39.7745743,39.790554,1999.70202636719,1999.70202636719,61.6063966287373,20.7720237299208,6.646428,0,0,0,40,4882,40.12,1999.70202636719,,,,,,,,,,,,,0,,,,2.8307313,,,,,,39.78256415,,,,
,44270639.5,39.7998619,1999.70202636719,0.00089750510805508,2.48452527705232E-7,1,0.999253354069792,40.0298881530762,2.00088332207103,19.0900005400181,0.0101781789076939,0.00188056378498903,0.25,6.54155706732458E-6,0.000894803500543655,1.25933974247978E-5,39.790554,39.8091698,1999.70202636719,1999.70202636719,61.8369770419104,20.7724148721344,7.019488,0,0,0,40,4882,40.13345,1999.70202636719,,,,,,,,,,,,,0,,,,2.8307313,,,,,,39.7998619,,,,
,44270641.505,39.83364295,1999.70202636719,0.000897462630649712,2.52044778806377E-7,1,0.999253354069792,40.0298881530762,2.00088924059288,19.0900005400181,0.0101790466346812,0.00187361599898677,0.25,5.93097754987684E-6,0.000894774121474099,1.19885927141798E-5,39.8244362,39.8428497,1999.70202636719,1999.70202636719,61.7486530192373,20.7744882018281,6.646428,0,0,0,40,4882,40.1739,1999.70202636719,,,,,,,,,,,,,0,,,,2.816592,,,,,,39.83364295,,,,
,44270642.17,39.85149765,1999.70202636719,0.000897236945732682,2.40677548384254E-7,1,0.999253354069792,40.0298881530762,2.00084539071384,19.0900005400181,0.0101759769746638,0.00187487594298705,0.25,6.08443469374396E-6,0.000894549440159773,1.21407772023875E-5,39.8428497,39.8601456,1999.70202636719,1999.70202636719,61.6282822272758,20.774614049982,6.646428,0,0,0,40,4882,40.18065,1999.70202636719,,,,,,,,,,,,,0,,,,2.8307313,,,,,,39.85149765,,,,
,44270643.43,39.86826325,1999.70202636719,0.000896090376665862,2.68055867779277E-7,1,0.999253354069792,40.0298881530762,2.00089270808629,19.0799999982119,0.0101634599907999,0.00187136179119721,0.25,5.97157682326995E-6,0.000893411446507081,1.2022613201996E-5,39.8601456,39.8763809,1999.70202636719,1999.70202636719,61.8565177548911,20.773229300167,7.019488,0,0,0,40,4882,40.2009,1999.70202636719,,,,,,,,,,,,,0,,,,2.8448706,,,,,,39.86826325,,,,
,44270644.665,39.8858013,1999.70202636719,0.00089628886807304,2.65234418686949E-7,1,0.999253354069792,40.0298881530762,2.00094004334791,19.0900005400181,0.0101658078043389,0.00187286363122071,0.25,6.06202005132557E-6,0.000893613215034801,1.21162774996158E-5,39.8763809,39.8952217,1999.70202636719,1999.70202636719,61.6626738821219,20.7743963589665,6.646428,0,0,0,40,4882,40.22135,1999.70202636719,,,,,,,,,,,,,0,,,,2.8448706,,,,,,39.8858013,,,,
,44270645.78,39.90283585,1999.70202636719,0.000896247606602763,2.21836244622174E-7,1,0.999253354069792,40.0298881530762,2.00091144634296,19.0799999982119,0.0101649875920999,0.00187425422393159,0.25,6.19114231474214E-6,0.000893575648756101,1.22468667072459E-5,39.8952217,39.91045,1999.70202636719,1999.70202636719,61.6009252291027,20.7745956476167,6.646428,0,0,0,40,4882,40.24165,1999.70202636719,,,,,,,,,,,,,0,,,,2.8307313,,,,,,39.90283585,,,,
,44270646.935,39.919178,1999.70202636719,0.000896104975926428,2.74792065836676E-7,1,0.999253354069792,40.0298881530762,2.00091765451639,19.0900005400181,0.0101636690514886,0.00187283604155404,0.25,6.08723384050929E-6,0.000893440048638389,1.21450893880153E-5,39.91045,39.927906,1999.70202636719,1999.70202636719,61.5391765760834,20.7738035081786,7.019488,0,0,0,40,4882,40.26835,1999.70202636719,,,,,,,,,,,,,0,,,,2.8307313,,,,,,39.919178,,,,
,44270648.165,39.94478225,1999.70202636719,0.000895253544333404,2.31864984444141E-7,1,0.999253354069792,40.0298881530762,2.00106093243437,19.0900005400181,0.0101551502164886,0.00186906083046769,0.25,5.89065646033117E-6,0.000892598322965458,1.19461201126216E-5,39.927906,39.9616585,1999.70202636719,1999.70202636719,61.4641402382373,20.7715299563881,7.019488,0,0,0,40,4882,40.29525,1999.70202636719,,,,,,,,,,,,,0,,,,2.8307313,,,,,,39.94478225,,,,
,44270649.305,39.96982005,1999.70202636719,0.000895248985443802,2.81725394716647E-7,1,0.999253354069792,40.0298881530762,2.00099277211143,19.0900005400181,0.0101541664434105,0.0018725869176603,0.25,6.20533832617649E-6,0.000892594598224078,1.22613049612946E-5,39.9616585,39.9779816,1999.70202636719,1999.70202636719,61.3289185044103,20.7746231206098,6.646428,0,0,0,40,4882,40.3092,1999.70202636719,,,,,,,,,,,,,0,,,,2.8307313,,,,,,39.96982005,,,,
,44270651.385,40.0003891,1999.70202636719,0.000895014972618296,2.48400542099893E-7,1,0.999253354069792,40.0298881530762,2.00088212321583,19.0799999982119,0.010151161882697,0.00187134946641392,0.25,6.142705009709E-6,0.00089236756553303,1.22000774577208E-5,40.0003891,40.0003891,1999.70202636719,1999.70202636719,61.9143582653143,20.7732676056899,6.646428,0,0,0,40,4882,40.3362,1999.70202636719,,,,,,,,,,,,,0,,,,2.816592,,,,,,40.0003891,,,,
,44270652.065,40.00941275,1999.70202636719,0.000894868298829897,2.97426761108288E-7,1,0.999253354069792,40.0298881530762,2.00092598527849,19.0900005400181,0.0101496710018233,0.00187150343835802,0.25,6.17688684591152E-6,0.000892224099819362,1.22345792249531E-5,40.0003891,40.0184364,1999.70202636719,1999.70202636719,61.8252526141219,20.7738645278451,7.019488,0,0,0,40,4882,40.3498,1999.70202636719,,,,,,,,,,,,,0,,,,2.8307313,,,,,,40.00941275,,,,
,44270653.23,40.0253391,1999.70202636719,0.000894600674132476,2.25478081501064E-7,1,0.999253354069792,40.0298881530762,2.00100344027024,19.0900005400181,0.0101469183771714,0.00187182697190376,0.25,6.24384154013737E-6,0.00089196130122164,1.23016425045832E-5,40.0184364,40.0322418,1999.70202636719,1999.70202636719,61.8901277812181,20.7734266242323,6.646428,0,0,0,40,4882,40.3702,1999.70202636719,,,,,,,,,,,,,0,,,,2.8307313,,,,,,40.0253391,,,,
,44270654.445,40.0415325,1999.70202636719,0.000894138296905084,2.99540407090117E-7,1,0.999253354069792,40.0298881530762,2.00086308955729,19.0900005400181,0.0101412298912377,0.00186962087686914,0.25,6.14055755785448E-6,0.000891504026983122,1.21969754096105E-5,40.0322418,40.0508232,1999.70202636719,1999.70202636719,61.7502162762758,20.7755554236704,7.019488,0,0,0,40,4882,40.38425,1999.70202636719,,,,,,,,,,,,,0,,,,2.8307313,,,,,,40.0415325,,,,
,44270656.74,40.0865707,1999.70202636719,0.000893824415888453,2.36366612832183E-7,1,0.999253354069792,40.0298881530762,2.00095397834528,19.0799999982119,0.0101380788064904,0.00186970591422309,0.25,6.19173397727151E-6,0.000891198126761665,1.22494183725926E-5,40.0865707,40.0865707,1999.70202636719,1999.70202636719,61.5282337768142,20.7721567334752,7.019488,0,0,0,40,4882,40.4185,1999.70202636719,,,,,,,,,,,,,0,,,,2.8448706,,,,,,40.0865707,,,,
,44270657.46,40.09600255,1999.70202636719,0.000893383356447233,2.51639876884091E-7,1,0.999253354069792,40.0298881530762,2.00104796375825,19.0900005400181,0.0101340023636881,0.00186639749113372,0.25,5.96933326057205E-6,0.000890762838010225,1.2026053558016E-5,40.0865707,40.1054344,1999.70202636719,1999.70202636719,61.9800150609296,20.775478414284,6.273368,0,0,0,40,4882,40.43195,1999.70202636719,,,,,,,,,,,,,0,,,,2.8307313,,,,,,40.09600255,,,,
,44270658.705,40.1128559,1999.70202636719,0.000893241193845297,2.4950904857963E-7,1,0.999253354069792,40.0298881530762,2.0009267193813,19.0900005400181,0.0101316271504654,0.00186739447828903,0.25,6.08799639766359E-6,0.000890626268288827,1.21461871563017E-5,40.1054344,40.1202774,1999.70202636719,1999.70202636719,61.3695631874103,20.7752384122434,6.646428,0,0,0,40,4882,40.45885,1999.70202636719,,,,,,,,,,,,,0,,,,2.816592,,,,,,40.1128559,,,,
,44270660.765,40.1543159,1999.70202636719,0.000893185458614449,2.71931858553167E-7,1,0.999253354069792,40.0298881530762,2.00099270508124,19.0900005400181,0.0101309776774745,0.0018698259149809,0.25,6.30104487873525E-6,0.000890578222966045,1.23624569896175E-5,40.1543159,40.1543159,1999.70202636719,1999.70202636719,61.5915456868719,20.7720099254109,7.019488,0,0,0,40,4882,40.4997,1999.70202636719,,,,,,,,,,,,,0,,,,2.8448706,,,,,,40.1543159,,,,
,44270661.445,40.1631107,1999.70202636719,0.000892854270520197,2.40062011572818E-7,1,0.999253354069792,40.0298881530762,2.00096543991192,19.0900005400181,0.0101276337054195,0.0018661421748296,0.25,6.0365326434449E-6,0.000890251323684915,1.20971754655553E-5,40.1543159,40.1719055,1999.70202636719,1999.70202636719,61.8846563815835,20.7749948601555,6.646428,0,0,0,40,4882,40.50675,1999.70202636719,,,,,,,,,,,,,0,,,,2.8307313,,,,,,40.1631107,,,,
,44270663.495,40.197031,1999.70202636719,0.000892286552994555,2.69347291450841E-7,1,0.999253354069792,40.0298881530762,2.00092232358592,19.0900005400181,0.0101214267662529,0.00186293939354079,0.25,5.85365983978312E-6,0.000889694094901189,1.19145119234469E-5,40.1883888,40.2056732,1999.70202636719,1999.70202636719,61.483680951218,20.7747622601517,6.646428,0,0,0,40,4882,40.5413,1999.70202636719,,,,,,,,,,,,,0,,,,2.8448706,,,,,,40.197031,,,,
,44270664.195,40.21383285,1999.70202636719,0.000892378346351755,2.41708293515155E-7,1,0.999253354069792,40.0298881530762,2.00096295362439,19.0900005400181,0.0101220950714988,0.00186647283035227,0.25,6.14436919223289E-6,0.000889785119393562,1.22057377904074E-5,40.2056732,40.2219925,1999.70202636719,1999.70202636719,61.5962354579873,20.7738736876184,7.019488,0,0,0,40,4882,40.54835,1999.70202636719,,,,,,,,,,,,,0,,,,2.8448706,,,,,,40.21383285,,,,
,44270665.27,40.2307892,1999.70202636719,0.000891892538860141,2.37254976289244E-7,1,0.999253354069792,40.0298881530762,2.00091586011317,19.0799999982119,0.010116485393447,0.00186499576284936,0.25,6.10124764677884E-6,0.000889305510156255,1.21615177130902E-5,40.2219925,40.2395859,1999.70202636719,1999.70202636719,61.7963323589104,20.7754677315096,6.646428,0,0,0,40,4882,40.5687,1999.70202636719,,,,,,,,,,,,,0,,,,2.8307313,,,,,,40.2307892,,,,
,44270667.155,40.2544441,1999.70202636719,0.000891547843007283,2.15277459563356E-7,1,0.999253354069792,40.0298881530762,2.00082812090688,19.0900005400181,0.0101125793285849,0.00186240361684547,0.25,5.93518297524997E-6,0.000888972102834789,1.19977650216013E-5,40.2544441,40.2544441,1999.70202636719,1999.70202636719,61.5954538294681,20.7751101725424,6.273368,0,0,0,40,4882,40.6096,1999.70202636719,,,,,,,,,,,,,0,,,,2.8448706,,,,,,40.2544441,,,,
,44270667.83,40.26200675,1999.70202636719,0.000891535996174159,2.39956634235839E-7,1,0.999253354069792,40.0298881530762,2.00087748434311,19.0799999982119,0.0101132234164902,0.00185947611460219,0.25,5.67464965553698E-6,0.000888963632251586,1.17386168661461E-5,40.2544441,40.2695694,1999.70202636719,1999.70202636719,61.893254295295,20.7735333999949,7.019488,0,0,0,40,4882,40.6167,1999.70202636719,,,,,,,,,,,,,0,,,,2.8448706,,,,,,40.26200675,,,,
,44270670.025,40.307991,1999.70202636719,0.000890692180717889,2.69987449785903E-7,1,0.999253354069792,40.0298881530762,2.00093467273359,19.0900005400181,0.0101036438078415,0.00185966090547296,0.25,5.83311848241675E-6,0.000888125638148767,1.18930505543151E-5,40.307991,40.307991,1999.70202636719,1999.70202636719,61.6259373417181,20.7728264210727,7.019488,0,0,0,40,4882,40.638,1999.70202636719,,,,,,,,,,,,,0,,,,2.8307313,,,,,,40.307991,,,,
,44270670.745,40.3162212,1999.70202636719,0.000890953523943046,2.24025366167568E-7,1,0.999253354069792,40.0298881530762,2.00099380839789,19.0799999982119,0.010106835409212,0.00186078892172651,0.25,5.8795541079352E-6,0.000888389022988386,1.19425448853511E-5,40.307991,40.3244514,1999.70202636719,1999.70202636719,61.7900793307565,20.7731807728496,6.646428,0,0,0,40,4882,40.6518,1999.70202636719,,,,,,,,,,,,,0,,,,2.8448706,,,,,,40.3162212,,,,
,44270671.92,40.3339157,1999.70202636719,0.000890112499649677,1.84258908364658E-7,1,0.999253354069792,40.0298881530762,2.00098764069558,19.0900005400181,0.0100966514720099,0.00186289672538674,0.25,6.21089469553402E-6,0.000887554252201691,1.22699937788794E-5,40.3244514,40.34338,1999.70202636719,1999.70202636719,61.8776217249104,20.7743320372327,6.646428,0,0,0,40,4882,40.67915,1999.70202636719,,,,,,,,,,,,,0,,,,2.8307313,,,,,,40.3339157,,,,
,44270673.115,40.35105515,1999.70202636719,0.000890067747891669,2.54459775228422E-7,1,0.999253354069792,40.0298881530762,2.00097048618811,19.0799999982119,0.0100966585623102,0.0018598259560115,0.25,5.9459642257986E-6,0.000887517546248863,1.20082715086831E-5,40.34338,40.3587303,1999.70202636719,1999.70202636719,61.9417152634873,20.7730179042182,6.646428,0,0,0,40,4882,40.70635,1999.70202636719,,,,,,,,,,,,,0,,,,2.8307313,,,,,,40.35105515,,,,
,44270674.335,40.3756466,1999.70202636719,0.000890239922389011,2.2340869371195E-7,1,0.999253354069792,40.0298881530762,2.00096319298606,19.0900005400181,0.0100985854351339,0.00186043412458486,0.25,5.9666522063522E-6,0.000887693678368077,1.20321879703001E-5,40.3587303,40.3925629,1999.70202636719,1999.70202636719,61.8182179574489,20.7747290276336,6.646428,0,0,0,40,4882,40.72715,1999.70202636719,,,,,,,,,,,,,0,,,,2.8591516,,,,,,40.3756466,,,,
,44270676.385,40.408268,1999.70202636719,0.00088941344432301,2.32052648549054E-7,1,0.999253354069792,40.0298881530762,2.00085694821213,19.0900005400181,0.010088581772242,0.00185969139911075,0.25,6.05215847337898E-6,0.000886875142017155,1.21146529518459E-5,40.408268,40.408268,1999.70202636719,1999.70202636719,61.3570571311027,20.7747550230995,7.019488,0,0,0,40,4882,40.75525,1999.70202636719,,,,,,,,,,,,,0,,,,2.8448706,,,,,,40.408268,,,,
,44270677.82,40.4268265,1999.70202636719,0.000889205768320427,2.82262046397737E-7,1,0.999253354069792,40.0298881530762,2.00094199864453,19.0900005400181,0.0100865685531758,0.00186001621072999,0.25,6.10801095843304E-6,0.000886672364856028,1.21710587571746E-5,40.4268265,40.4268265,1999.70202636719,1999.70202636719,61.9956476313143,20.7733601868579,7.019488,0,0,0,40,4882,40.7763,1999.70202636719,,,,,,,,,,,,,0,,,,2.8734326,,,,,,40.4268265,,,,
,44270678.5,40.4371014,1999.70202636719,0.000889099860066775,3.00970066011666E-7,1,0.999253354069792,40.0298881530762,2.00099253380475,19.0900005400181,0.0100855394741391,0.00186043951033509,0.25,6.15821216830671E-6,0.000886569473064069,1.22217750375088E-5,40.4268265,40.4473763,1999.70202636719,1999.70202636719,61.8565177548911,20.7746147569054,6.646428,0,0,0,40,4882,40.78995,1999.70202636719,,,,,,,,,,,,,0,,,,2.8591516,,,,,,40.4371014,,,,
,44270679.665,40.4646111,1999.70202636719,0.000889078791789323,2.62511717918724E-7,1,0.999253354069792,40.0298881530762,2.0009510116349,19.0799999982119,0.0100853412685645,0.00185930541845313,0.25,6.06246842585145E-6,0.000886553645719666,1.2128233817726E-5,40.4473763,40.4818459,1999.70202636719,1999.70202636719,61.5806028876027,20.7734630830573,6.646428,0,0,0,40,4882,40.81055,1999.70202636719,,,,,,,,,,,,,0,,,,2.8307313,,,,,,40.4646111,,,,
,44270680.82,40.4885998,1999.70202636719,0.000888780050466199,2.22601454816412E-7,1,0.999253354069792,40.0298881530762,2.00084468840758,19.0900005400181,0.010081828165271,0.00185661337993185,0.25,5.88473398973123E-6,0.000886260012780044,1.19503717828759E-5,40.4818459,40.4953537,1999.70202636719,1999.70202636719,61.5000951501219,20.7738969510672,7.019488,0,0,0,40,4882,40.82465,1999.70202636719,,,,,,,,,,,,,0,,,,2.8307313,,,,,,40.4885998,,,,
,44270682.085,40.50339315,1999.70202636719,0.000888298946028858,2.26423651898051E-7,1,0.999253354069792,40.0298881530762,2.00089979854079,19.0900005400181,0.0100765980629339,0.00185617793710475,0.25,5.92450299233445E-6,0.000885784672965185,1.19888363675846E-5,40.4953537,40.5114326,1999.70202636719,1999.70202636719,61.4492892963719,20.7744574839852,6.273368,0,0,0,40,4882,40.8455,1999.70202636719,,,,,,,,,,,,,0,,,,2.8448706,,,,,,40.50339315,,,,
,44270683.385,40.52057455,1999.70202636719,0.000888168698179994,2.09873392208865E-7,1,0.999253354069792,40.0298881530762,2.00094680702467,19.0900005400181,0.0100752141833038,0.00185710614705725,0.25,6.0218092143276E-6,0.000885660373706837,1.2087760153326E-5,40.5114326,40.5297165,1999.70202636719,1999.70202636719,62.0386371998719,20.7736365322265,6.646428,0,0,0,40,4882,40.87315,1999.70202636719,,,,,,,,,,,,,0,,,,2.8307313,,,,,,40.52057455,,,,
,44270685.465,40.5636673,1999.70202636719,0.000887977408446617,2.62361861016006E-7,1,0.999253354069792,40.0298881530762,2.00095653492929,19.0799999982119,0.0100731667493562,0.00185690101567129,0.25,6.0311576445853E-6,0.000885478793855998,1.20999295083025E-5,40.5636673,40.5636673,1999.70202636719,1999.70202636719,61.6994104225258,20.775179213526,7.019488,0,0,0,40,4882,40.9146,1999.70202636719,,,,,,,,,,,,,0,,,,2.8448706,,,,,,40.5636673,,,,
,44270686.065,40.5723934,1999.70202636719,0.000887733968831197,2.25503338662726E-7,1,0.999253354069792,40.0298881530762,2.00089137062954,19.0900005400181,0.0100703686837123,0.00185498887052331,0.25,5.90909156113407E-6,0.000885240026546432,1.19779295701362E-5,40.5636673,40.5811195,1999.70202636719,1999.70202636719,61.5079114353142,20.7759674342347,7.019488,0,0,0,40,4882,40.92855,1999.70202636719,,,,,,,,,,,,,0,,,,2.8448706,,,,,,40.5723934,,,,
,44270687.155,40.5892906,1999.70202636719,0.000886985089004118,2.27115746097943E-7,1,0.999253354069792,40.0298881530762,2.00088616796087,19.0900005400181,0.010061712317853,0.00185440015691201,0.25,5.98846718064303E-6,0.000884495870397066,1.20533912477801E-5,40.5811195,40.5974617,1999.70202636719,1999.70202636719,61.8666789256412,20.7757190973261,6.646428,0,0,0,40,4882,40.94295,1999.70202636719,,,,,,,,,,,,,0,,,,2.8448706,,,,,,40.5892906,,,,
,44270688.34,40.6043167,1999.70202636719,0.000887011254086244,2.69984566185013E-7,1,0.999253354069792,40.0298881530762,2.00100850585901,19.0900005400181,0.010063039146411,0.00185226606876009,0.25,5.78449013184905E-6,0.000884526485258322,1.18515537658903E-5,40.5974617,40.6111717,1999.70202636719,1999.70202636719,61.7345837058911,20.7767248119398,6.646428,0,0,0,40,4882,40.95695,1999.70202636719,,,,,,,,,,,,,0,,,,2.8448706,,,,,,40.6043167,,,,
,44270689.6,40.62065315,1999.70202636719,0.000886692498244196,2.2633294553456E-7,1,0.999253354069792,40.0298881530762,2.00092035326292,19.0900005400181,0.0100590614685808,0.00185153040681897,0.25,5.77985906015005E-6,0.000884213901410838,1.18470674239433E-5,40.6111717,40.6301346,1999.70202636719,1999.70202636719,61.6743983099104,20.7743729380236,6.646428,0,0,0,40,4882,40.9802,1999.70202636719,,,,,,,,,,,,,0,,,,2.8591516,,,,,,40.62065315,,,,
,44270690.775,40.64710425,1999.70202636719,0.00088649669164572,2.41269988306163E-7,1,0.999253354069792,40.0298881530762,2.00092626834304,19.0900005400181,0.010056969433904,0.0018508430130044,0.25,5.75092360484688E-6,0.000884023131142263,1.18188029811358E-5,40.6301346,40.6640739,1999.70202636719,1999.70202636719,61.5618438031411,20.7743670987885,7.019488,0,0,0,40,4882,40.99965,1999.70202636719,,,,,,,,,,,,,0,,,,2.8591516,,,,,,40.64710425,,,,
,44270691.915,40.67251205,1999.70202636719,0.000886361507225307,2.58691093619119E-7,1,0.999253354069792,40.0298881530762,2.00091700276541,19.0900005400181,0.0100546047870508,0.00185529905601646,0.25,6.1650591270324E-6,0.000883890146780815,1.22329623837547E-5,40.6640739,40.6809502,1999.70202636719,1999.70202636719,61.9198296649489,20.7734655798698,7.019488,0,0,0,40,4882,41.02065,1999.70202636719,,,,,,,,,,,,,0,,,,2.8448706,,,,,,40.67251205,,,,
,44270693.095,40.6887188,1999.70202636719,0.000885791593164026,2.68280608433285E-7,1,0.999253354069792,40.0298881530762,2.00103451525363,19.0900005400181,0.0100493691707208,0.00185075342077808,0.25,5.85396752148717E-6,0.000883328540345138,1.19208355593435E-5,40.6809502,40.6964874,1999.70202636719,1999.70202636719,61.6462596832181,20.7740784330377,6.646428,0,0,0,40,4882,41.04105,1999.70202636719,,,,,,,,,,,,,0,,,,2.8591516,,,,,,40.6887188,,,,
,44270694.16,40.7046108,1999.70202636719,0.000885914527963315,2.98867844937875E-7,1,0.999253354069792,40.0298881530762,2.00090515005756,19.0900005400181,0.010049556907333,0.001854431980679,0.25,6.16404892622707E-6,0.000883452311002173,1.22323763286271E-5,40.6964874,40.7127342,1999.70202636719,1999.70202636719,61.6321903698719,20.7740433876549,7.019488,0,0,0,40,4882,41.0558,1999.70202636719,,,,,,,,,,,,,0,,,,2.8591516,,,,,,40.7046108,,,,
,44270695.195,40.7204857,1999.70202636719,0.000885683853699625,2.253175907702E-7,1,0.999253354069792,40.0298881530762,2.00096713451377,19.0900005400181,0.0100471942717401,0.00185446211246159,0.25,6.20076119791045E-6,0.000883225317741814,1.22688656637023E-5,40.7127342,40.7282372,1999.70202636719,1999.70202636719,61.5047849212373,20.776604725558,6.646428,0,0,0,40,4882,41.07055,1999.70202636719,,,,,,,,,,,,,0,,,,2.8307313,,,,,,40.7204857,,,,
,44270697.35,40.7617531,1999.70202636719,0.000885265841317617,2.35381627775902E-7,1,0.999253354069792,40.0298881530762,2.00087995689191,19.0799999982119,0.0100422213199696,0.00185304018105814,0.25,6.15114045532141E-6,0.000882817475120828,1.22203403934075E-5,40.7617531,40.7617531,1999.70202636719,1999.70202636719,61.6368801409873,20.7757025992834,6.646428,0,0,0,40,4882,41.1093,1999.70202636719,,,,,,,,,,,,,0,,,,2.8448706,,,,,,40.7617531,,,,
,44270698.07,40.76947215,1999.70202636719,0.000885236418138391,2.66546390715274E-7,1,0.999253354069792,40.0298881530762,2.00093784220844,19.0900005400181,0.0100423893411095,0.00185194135491078,0.25,6.05346866362454E-6,0.000882791527781954,1.21239120000398E-5,40.7617531,40.7771912,1999.70202636719,1999.70202636719,61.5915456868719,20.775154093174,6.646428,0,0,0,40,4882,41.12125,1999.70202636719,,,,,,,,,,,,,0,,,,2.8448706,,,,,,40.76947215,,,,
,44270700.08,40.7932129,1999.70202636719,0.000884221033778892,2.72202521117359E-7,1,0.999253354069792,40.0298881530762,2.00093623641338,19.0900005400181,0.0100314875534067,0.00184678324924612,0.25,5.77506908444033E-6,0.000881788189665891,1.18424807792871E-5,40.7932129,40.7932129,1999.70202636719,1999.70202636719,61.7236409066219,20.7755621814793,6.646428,0,0,0,40,4882,41.1537,1999.70202636719,,,,,,,,,,,,,0,,,,2.8448706,,,,,,40.7932129,,,,
,44270700.69,40.80209925,1999.70202636719,0.000884757089664697,2.51460564489249E-7,1,0.999253354069792,40.0298881530762,2.00093954036961,19.0799999982119,0.0100375479234692,0.0018482956337425,0.25,5.8112436449674E-6,0.000882325276920179,1.18834257413335E-5,40.7932129,40.8109856,1999.70202636719,1999.70202636719,61.4500709248911,20.7758019316373,7.019488,0,0,0,40,4882,41.1657,1999.70202636719,,,,,,,,,,,,,0,,,,2.8448706,,,,,,40.80209925,,,,
,44270701.85,40.8278103,1999.70202636719,0.000884613399574369,2.43487095807818E-7,1,0.999253354069792,40.0298881530762,2.00087297495245,19.0799999982119,0.0100347171357971,0.00185318447950478,0.25,6.26981380436689E-6,0.000882182896761523,1.23415714753749E-5,40.8109856,40.844635,1999.70202636719,1999.70202636719,61.771320246295,20.7744056757131,6.646428,0,0,0,40,4882,41.18405,1999.70202636719,,,,,,,,,,,,,0,,,,2.8448706,,,,,,40.8278103,,,,
,44270703.005,40.8521404,1999.70202636719,0.000884275141624579,2.76435148136781E-7,1,0.999253354069792,40.0298881530762,2.00095908660848,19.0900005400181,0.010032915133424,0.00184366746215025,0.25,5.48272828743199E-6,0.000881855061011235,1.15560797086838E-5,40.844635,40.8596458,1999.70202636719,1999.70202636719,61.7924242163142,20.7749580006678,6.646428,0,0,0,40,4882,41.2024,1999.70202636719,,,,,,,,,,,,,0,,,,2.8591516,,,,,,40.8521404,,,,
,44270704.99,40.8746109,1999.70202636719,0.000883636650365276,2.3256979694102E-7,1,0.999253354069792,40.0298881530762,2.00091471063731,19.0799999982119,0.0100236905947786,0.00185278480682859,0.25,6.39743688030483E-6,0.000881219762754253,1.24672619182573E-5,40.8746109,40.8746109,1999.70202636719,1999.70202636719,61.6814329665834,20.774014379159,7.019488,0,0,0,40,4882,41.2364,1999.70202636719,,,,,,,,,,,,,0,,,,2.8591516,,,,,,40.8746109,,,,
,44270705.665,40.88479425,1999.70202636719,0.000883440661150457,2.23317639387972E-7,1,0.999253354069792,40.0298881530762,2.00091088043654,19.0799999982119,0.0100224543723185,0.00184689533911578,0.25,5.91222910653798E-6,0.000881030544808383,1.1983253308701E-5,40.8746109,40.8949776,1999.70202636719,1999.70202636719,61.5462112327565,20.7752169747581,6.646428,0,0,0,40,4882,41.24915,1999.70202636719,,,,,,,,,,,,,0,,,,2.8591516,,,,,,40.88479425,,,,
,44270707.695,40.9281082,1999.70202636719,0.000883254056574221,2.55723761930956E-7,1,0.999253354069792,40.0298881530762,2.00084350255009,19.0900005400181,0.0100201400786298,0.00184629665589405,0.25,5.89280714396505E-6,0.000880852856176374,1.19661918292077E-5,40.9281082,40.9281082,1999.70202636719,1999.70202636719,61.6048333716988,20.7737400605834,6.646428,0,0,0,40,4882,41.286,1999.70202636719,,,,,,,,,,,,,0,,,,2.8734326,,,,,,40.9281082,,,,
,44270708.28,40.9357414,1999.70202636719,0.000883267968868915,2.77804656070516E-7,1,0.999253354069792,40.0298881530762,2.00084861254085,19.0900005400181,0.0100202102914629,0.00184710163882902,0.25,5.95955235806742E-6,0.000880868379208745,1.20337559945306E-5,40.9281082,40.9433746,1999.70202636719,1999.70202636719,61.5727866024104,20.7752325854589,6.646428,0,0,0,40,4882,41.29525,1999.70202636719,,,,,,,,,,,,,0,,,,2.8734326,,,,,,40.9357414,,,,
,44270709.37,40.95228955,1999.70202636719,0.000882177904822091,2.77067227190586E-7,1,0.999253354069792,40.0298881530762,2.0009252145074,19.0900005400181,0.0100081244500567,0.00184564520548685,0.25,6.01621859217997E-6,0.000879785038017729,1.20845541596745E-5,40.9433746,40.9612045,1999.70202636719,1999.70202636719,61.6439147976604,20.7760871675626,7.019488,0,0,0,40,4882,41.31375,1999.70202636719,,,,,,,,,,,,,0,,,,2.8591516,,,,,,40.95228955,,,,
,44270710.47,40.9687576,1999.70202636719,0.000882377576812133,2.11817136480454E-7,1,0.999253354069792,40.0298881530762,2.00086874832002,19.0900005400181,0.010010941259647,0.00184166633220412,0.25,5.63234016431998E-6,0.000879991034350678,1.17048717534233E-5,40.9612045,40.9763107,1999.70202636719,1999.70202636719,61.6712717958334,20.7737305217156,7.019488,0,0,0,40,4882,41.33225,1999.70202636719,,,,,,,,,,,,,0,,,,2.8448706,,,,,,40.9687576,,,,
,44270711.615,40.9839382,1999.70202636719,0.000882043148482538,2.41880041973005E-7,1,0.999253354069792,40.0298881530762,2.00094380462778,19.0900005400181,0.0100064950960485,0.00184700554824846,0.25,6.15339857903718E-6,0.000879658121726144,1.22240321589311E-5,40.9763107,40.9915657,1999.70202636719,1999.70202636719,61.7017553080835,20.774718761454,6.646428,0,0,0,40,4882,41.35075,1999.70202636719,,,,,,,,,,,,,0,,,,2.8591516,,,,,,40.9839382,,,,
,44270712.755,41.0005169,1999.70202636719,0.000882010297888939,2.24334221632825E-7,1,0.999253354069792,40.0298881530762,2.00096520095284,19.0799999982119,0.0100067596186361,0.00184421752760655,0.25,5.90960131017975E-6,0.00087963125386741,1.19824477224298E-5,40.9915657,41.0094681,1999.70202636719,1999.70202636719,62.1840201044489,20.774563008757,6.646428,0,0,0,40,4882,41.36925,1999.70202636719,,,,,,,,,,,,,0,,,,2.8734326,,,,,,41.0005169,,,,
,44270713.93,41.02718165,1999.70202636719,0.000881725223069315,2.62067491851891E-7,1,0.999253354069792,40.0298881530762,2.00092457459446,19.0799999982119,0.0100032930694202,0.0018440908110802,0.25,5.94954664587921E-6,0.000879350966827036,1.20221802721769E-5,41.0094681,41.0448952,1999.70202636719,1999.70202636719,61.4391281256219,20.7751631370069,6.646428,0,0,0,40,4882,41.3885,1999.70202636719,,,,,,,,,,,,,0,,,,2.8734326,,,,,,41.02718165,,,,
,44270715.935,41.0620384,1999.70202636719,0.000881199018516023,2.86637859781813E-7,1,0.999253354069792,40.0298881530762,2.00094121320192,19.0900005400181,0.00999750202103353,0.0018429602953776,0.25,5.9374186052337E-6,0.000878834024634857,1.20097604417533E-5,41.0620384,41.0620384,1999.70202636719,1999.70202636719,61.3171940766219,20.7762072622535,7.019488,0,0,0,40,4882,41.4228,1999.70202636719,,,,,,,,,,,,,0,,,,2.8448706,,,,,,41.0620384,,,,
,44270717.52,41.0964546,1999.70202636719,0.000881072589197679,2.60366873419044E-7,1,0.999253354069792,40.0298881530762,2.00094630211709,19.0900005400181,0.00999650970706461,0.00184079545727028,0.25,5.76481023884873E-6,0.000878715908351623,1.18396202869913E-5,41.0964546,41.0964546,1999.70202636719,1999.70202636719,61.7697569892565,20.7753980728418,6.646428,0,0,0,40,4882,41.4528,1999.70202636719,,,,,,,,,,,,,0,,,,2.8591516,,,,,,41.0964546,,,,
,44270719.025,41.1121368,1999.70202636719,0.000880770604972652,2.60473379521894E-7,1,0.999253354069792,40.0298881530762,2.00099399036787,19.0799999982119,0.00999316300221963,0.00184138830246055,0.25,5.86376652769243E-6,0.000878419331336593,1.19384392224048E-5,41.1121368,41.1121368,1999.70202636719,1999.70202636719,61.7627223325834,20.7756485321554,7.019488,0,0,0,40,4882,41.4758,1999.70202636719,,,,,,,,,,,,,0,,,,2.8734326,,,,,,41.1121368,,,,
,44270719.71,41.1213417,1999.70202636719,0.00088057583031779,2.33933577912102E-7,1,0.999253354069792,40.0298881530762,2.00092664485908,19.0900005400181,0.00998994246234485,0.00184496492826283,0.25,6.21703829207707E-6,0.000878224897236742,1.22903929403477E-5,41.1121368,41.1305466,1999.70202636719,1999.70202636719,61.6157761709681,20.7754637521728,6.646428,0,0,0,40,4882,41.48575,1999.70202636719,,,,,,,,,,,,,0,,,,2.8734326,,,,,,41.1213417,,,,
,44270721.235,41.146595,1999.70202636719,0.000880193089227143,2.51746042997439E-7,1,0.999253354069792,40.0298881530762,2.00096839415561,19.0900005400181,0.00998644216200608,0.00184098623470421,0.25,5.9277602655157E-6,0.000877851385889063,1.20018367668065E-5,41.1305466,41.1626434,1999.70202636719,1999.70202636719,61.5798212590834,20.7775658224914,6.646428,0,0,0,40,4882,41.513,1999.70202636719,,,,,,,,,,,,,0,,,,2.8591516,,,,,,41.146595,,,,
,44270722.745,41.17729185,1999.70202636719,0.000879694020499003,1.73841644315902E-7,1,0.999253354069792,40.0298881530762,2.00085002596147,19.0799999982119,0.00997996924192364,0.00184163893978518,0.25,6.07930358420197E-6,0.000877358603980172,1.21520738230566E-5,41.1626434,41.1919403,1999.70202636719,1999.70202636719,61.9464050346027,20.7746367169363,7.019488,0,0,0,40,4882,41.5396,1999.70202636719,,,,,,,,,,,,,0,,,,2.8448706,,,,,,41.17729185,,,,
,44270723.845,41.20101165,1999.70202636719,0.000879849754721908,2.9415822023162E-7,1,0.999253354069792,40.0298881530762,2.0008879778025,19.0900005400181,0.00998177871766486,0.00184305316078703,0.25,6.17074998518095E-6,0.000877517502395524,1.22461354342158E-5,41.1919403,41.210083,1999.70202636719,1999.70202636719,61.7947691018719,20.7763657411713,6.646428,0,0,0,40,4882,41.5582,1999.70202636719,,,,,,,,,,,,,0,,,,2.8448706,,,,,,41.20101165,,,,
,44270725,41.2177868,1999.70202636719,0.00087934174952185,2.31480294086683E-7,1,0.999253354069792,40.0298881530762,2.00092278143425,19.0900005400181,0.00997698437968964,0.00183776222521847,0.25,5.78997861345538E-6,0.000877017564380622,1.18645473603398E-5,41.210083,41.2254906,1999.70202636719,1999.70202636719,61.6603289965642,20.775056660153,6.646428,0,0,0,40,4882,41.57615,1999.70202636719,,,,,,,,,,,,,0,,,,2.8448706,,,,,,41.2177868,,,,
,44270726.22,41.233881,1999.70202636719,0.000879577628946265,2.54779424724562E-7,1,0.999253354069792,40.0298881530762,2.00099661115758,19.0900005400181,0.00997974980479829,0.00184010312754347,0.25,5.9457948980858E-6,0.000877256404400028,1.20235153927382E-5,41.2254906,41.2422714,1999.70202636719,1999.70202636719,61.3148491910642,20.7754229206406,7.019488,0,0,0,40,4882,41.59635,1999.70202636719,,,,,,,,,,,,,0,,,,2.8591516,,,,,,41.233881,,,,
,44270727.485,41.2517395,1999.70202636719,0.000878965301261322,2.63339634658683E-7,1,0.999253354069792,40.0298881530762,2.0008856389728,19.0900005400181,0.00997305756614365,0.00183463589754149,0.25,5.5788591267747E-6,0.000876653011326986,1.16552723069064E-5,41.2422714,41.2612076,1999.70202636719,1999.70202636719,61.5149460919873,20.7754674498641,6.646428,0,0,0,40,4882,41.61725,1999.70202636719,,,,,,,,,,,,,0,,,,2.8591516,,,,,,41.2517395,,,,
,44270728.665,41.26927375,1999.70202636719,0.000878814504369985,2.22256530471066E-7,1,0.999253354069792,40.0298881530762,2.00088313768622,19.0900005400181,0.00997092954094574,0.00183688758107746,0.25,5.80151770111521E-6,0.000876505350880953,1.18780827311948E-5,41.2612076,41.2773399,1999.70202636719,1999.70202636719,61.473519780468,20.7758560703393,6.646428,0,0,0,40,4882,41.63595,1999.70202636719,,,,,,,,,,,,,0,,,,2.8448706,,,,,,41.26927375,,,,
,44270729.835,41.2841148,1999.70202636719,0.000878466774892588,2.51319198154654E-7,1,0.999253354069792,40.0298881530762,2.00107637950722,19.0900005400181,0.00996738090911584,0.00183958245863934,0.25,6.08274104086658E-6,0.000876161405321734,1.21581496431048E-5,41.2773399,41.2908897,1999.70202636719,1999.70202636719,61.9612559764681,20.7767377009887,6.646428,0,0,0,40,4882,41.65685,1999.70202636719,,,,,,,,,,,,,0,,,,2.8591516,,,,,,41.2841148,,,,
,44270731.085,41.30882835,1999.70202636719,0.000878301336622869,2.77873225758645E-7,1,0.999253354069792,40.0298881530762,2.00101276962336,19.0799999982119,0.00996546084782714,0.00183802742323539,0.25,5.97739908166847E-6,0.0008760017260721,1.20538455014E-5,41.2908897,41.326767,1999.70202636719,1999.70202636719,61.8244709856027,20.7772005543604,6.646428,0,0,0,40,4882,41.6771,1999.70202636719,,,,,,,,,,,,,0,,,,2.8591516,,,,,,41.30882835,,,,
,44270733.09,41.3421059,1999.70202636719,0.000877778951557298,2.56588445001019E-7,1,0.999253354069792,40.0298881530762,2.00098714754281,19.0900005400181,0.00995963766847773,0.00183612614700271,0.25,5.90041517233209E-6,0.000875488519943614,1.19764434976469E-5,41.3421059,41.3421059,1999.70202636719,1999.70202636719,61.740836734045,20.7758634217551,7.019488,0,0,0,40,4882,41.709,1999.70202636719,,,,,,,,,,,,,0,,,,2.8734326,,,,,,41.3421059,,,,
,44270733.705,41.35035325,1999.70202636719,0.00087818830124593,2.28397663556023E-7,1,0.999253354069792,40.0298881530762,2.00092810805329,19.0900005400181,0.00996325968447084,0.00184127159483046,0.25,6.28393655731007E-6,0.000875896493131188,1.2362775062364E-5,41.3421059,41.3586006,1999.70202636719,1999.70202636719,61.6478229402565,20.7726677222013,6.646428,0,0,0,40,4882,41.7191,1999.70202636719,,,,,,,,,,,,,0,,,,2.8734326,,,,,,41.35035325,,,,
,44270734.82,41.36650275,1999.70202636719,0.00087803086070357,2.11661521286985E-7,1,0.999253354069792,40.0298881530762,2.00102821413019,19.0900005400181,0.00996269900107117,0.0018370851549566,0.25,5.93311090467391E-6,0.0008757462308363,1.20135237642111E-5,41.3586006,41.3744049,1999.70202636719,1999.70202636719,61.4883707223334,20.774276474639,7.019488,0,0,0,40,4882,41.7379,1999.70202636719,,,,,,,,,,,,,0,,,,2.8591516,,,,,,41.36650275,,,,
,44270735.9,41.38362695,1999.70202636719,0.000877353162139057,2.37050843780089E-7,1,0.999253354069792,40.0298881530762,2.00090984986229,19.0900005400181,0.00995457911915943,0.00183509194581728,0.25,5.88468367186915E-6,0.000875074575372891,1.19621394599557E-5,41.3744049,41.392849,1999.70202636719,1999.70202636719,61.6267189702373,20.7766885484462,7.019488,0,0,0,40,4882,41.7552,1999.70202636719,,,,,,,,,,,,,0,,,,2.8448706,,,,,,41.38362695,,,,
,44270737.02,41.4097176,1999.70202636719,0.000877260942138414,3.00553476064624E-7,1,0.999253354069792,40.0298881530762,2.00089465216671,19.0900005400181,0.00995278261721583,0.00183893874996037,0.25,6.23880109313307E-6,0.000874983604941221,1.23161666598224E-5,41.392849,41.4265862,1999.70202636719,1999.70202636719,61.6048333716988,20.7744732279216,6.646428,0,0,0,40,4882,41.7707,1999.70202636719,,,,,,,,,,,,,0,,,,2.8448706,,,,,,41.4097176,,,,
,44270738.205,41.4352894,1999.70202636719,0.000877006737429659,2.14397701051907E-7,1,0.999253354069792,40.0298881530762,2.00090982205917,19.0799999982119,0.00995091318092099,0.00183341972182789,0.25,5.79413407631232E-6,0.000874737867701599,1.18728076250163E-5,41.4265862,41.4439926,1999.70202636719,1999.70202636719,61.7697569892565,20.7770521218166,6.646428,0,0,0,40,4882,41.79145,1999.70202636719,,,,,,,,,,,,,0,,,,2.8448706,,,,,,41.4352894,,,,
,44270739.375,41.4522381,1999.70202636719,0.000877030544513381,2.51985600582723E-7,1,0.999253354069792,40.0298881530762,2.00094779597217,19.0900005400181,0.00995082976886639,0.0018368321881945,0.25,6.08458340215584E-6,0.000874764463598812,1.21646486732169E-5,41.4439926,41.4604836,1999.70202636719,1999.70202636719,61.8041486441027,20.7772237164371,7.019488,0,0,0,40,4882,41.81245,1999.70202636719,,,,,,,,,,,,,0,,,,2.8448706,,,,,,41.4522381,,,,
,44270740.565,41.46932415,1999.70202636719,0.000876180241888104,2.24290653725682E-7,1,0.999253354069792,40.0298881530762,2.00097648963761,19.0900005400181,0.00994266538483984,0.00182780213319105,0.25,5.43558650520749E-6,0.000873925647294246,1.15133249311481E-5,41.4604836,41.4781647,1999.70202636719,1999.70202636719,62.0566146558143,20.7766564302883,6.646428,0,0,0,40,4882,41.83325,1999.70202636719,,,,,,,,,,,,,0,,,,2.8591516,,,,,,41.46932415,,,,
,44270741.75,41.4862156,1999.70202636719,0.000875730063897448,2.34514510281719E-7,1,0.999253354069792,40.0298881530762,2.00093953114897,19.0799999982119,0.00993582528338474,0.00183592120657178,0.25,6.23026012200084E-6,0.00087347584530792,1.23047726828426E-5,41.4781647,41.4942665,1999.70202636719,1999.70202636719,61.6017068576219,20.7750024894566,6.646428,0,0,0,40,4882,41.8538,1999.70202636719,,,,,,,,,,,,,0,,,,2.8591516,,,,,,41.4862156,,,,
,44270742.825,41.50315665,1999.70202636719,0.000876114255749392,2.38446568763603E-7,1,0.999253354069792,40.0298881530762,2.00092774748155,19.0799999982119,0.00994044414295582,0.0018351506909798,0.25,6.09331153360353E-6,0.000873863234227357,1.21721484141653E-5,41.4942665,41.5120468,1999.70202636719,1999.70202636719,62.0402004569104,20.7761436214477,6.646428,0,0,0,40,4882,41.86785,1999.70202636719,,,,,,,,,,,,,0,,,,2.8448706,,,,,,41.50315665,,,,
,44270743.97,41.51875875,1999.70202636719,0.000875778669119187,2.5561387546263E-7,1,0.999253354069792,40.0298881530762,2.00097418510571,19.0799999982119,0.00993683842335509,0.00183491453773093,0.25,6.12569003236007E-6,0.000873533180267548,1.22040714535157E-5,41.5120468,41.5254707,1999.70202636719,1999.70202636719,61.5907640583527,20.77460597427,6.646428,0,0,0,40,4882,41.88895,1999.70202636719,,,,,,,,,,,,,0,,,,2.8591516,,,,,,41.51875875,,,,
,44270745.285,41.54281235,1999.70202636719,0.000875446013579016,2.35167519800058E-7,1,0.999253354069792,40.0298881530762,2.00095970574493,19.0900005400181,0.00993354821417319,0.00183151509316783,0.25,5.88292914852098E-6,0.000873209450235197,1.19621632148639E-5,41.5254707,41.560154,1999.70202636719,1999.70202636719,62.086316539545,20.7760921639966,6.646428,0,0,0,40,4882,41.91655,1999.70202636719,,,,,,,,,,,,,0,,,,2.8591516,,,,,,41.54281235,,,,
,44270746.595,41.56834415,1999.70202636719,0.00087516080862317,2.80750518231176E-7,1,0.999253354069792,40.0298881530762,2.00093563147575,19.0799999982119,0.00992995081031021,0.00183271315412038,0.25,6.03721649276645E-6,0.000872930231088454,1.21166114160668E-5,41.560154,41.5765343,1999.70202636719,1999.70202636719,61.822126100045,20.7765654491748,6.273368,0,0,0,40,4882,41.94395,1999.70202636719,,,,,,,,,,,,,0,,,,2.8448706,,,,,,41.56834415,,,,
,44270747.74,41.5861912,1999.70202636719,0.0008748631834549,2.66296823385934E-7,1,0.999253354069792,40.0298881530762,2.0010051657812,19.0900005400181,0.0099268654717873,0.00183257030356775,0.25,6.07027690668517E-6,0.000872636311226893,1.21488033555298E-5,41.5765343,41.5958481,1999.70202636719,1999.70202636719,61.6556392254488,20.7766844304059,6.646428,0,0,0,40,4882,41.9579,1999.70202636719,,,,,,,,,,,,,0,,,,2.8591516,,,,,,41.5861912,,,,
,44270748.77,41.60334015,1999.70202636719,0.000874757084208938,2.40987325519845E-7,1,0.999253354069792,40.0298881530762,2.00091371558925,19.0799999982119,0.00992598867140639,0.0018280983586666,0.25,5.70151520783454E-6,0.000872534674737035,1.17809038680664E-5,41.5958481,41.6108322,1999.70202636719,1999.70202636719,61.8791849819489,20.7763836825756,6.646428,0,0,0,40,4882,41.9653,1999.70202636719,,,,,,,,,,,,,0,,,,2.8591516,,,,,,41.60334015,,,,
,44270749.865,41.6186733,1999.70202636719,0.000874613760876353,2.57717060700689E-7,1,0.999253354069792,40.0298881530762,2.00086567664775,19.0799999982119,0.00992445934646151,0.0018262564285568,0.25,5.56571470757822E-6,0.00087239754871244,1.16463707285044E-5,41.6108322,41.6265144,1999.70202636719,1999.70202636719,61.6181210565257,20.7747113185981,6.273368,0,0,0,40,4882,41.98625,1999.70202636719,,,,,,,,,,,,,0,,,,2.8591516,,,,,,41.6186733,,,,
,44270750.945,41.6350746,1999.70202636719,0.000874523682611388,2.81963167979222E-7,1,0.999253354069792,40.0298881530762,2.00103650169812,19.0799999982119,0.00992376140345412,0.00182925838463051,0.25,5.83012061256439E-6,0.000872310692358987,1.19113973418527E-5,41.6265144,41.6436348,1999.70202636719,1999.70202636719,61.7822630455642,20.7750078587992,6.646428,0,0,0,40,4882,42.007,1999.70202636719,,,,,,,,,,,,,0,,,,2.8591516,,,,,,41.6350746,,,,
,44270752.04,41.65099335,1999.70202636719,0.000874143486468443,2.39572247279304E-7,1,0.999253354069792,40.0298881530762,2.00100088494963,19.0900005400181,0.00991934495100003,0.00182838496707264,0.25,5.82067046496479E-6,0.00087193640092949,1.19012417560952E-5,41.6436348,41.6583519,1999.70202636719,1999.70202636719,62.0527065132181,20.7753509398697,6.646428,0,0,0,40,4882,42.02795,1999.70202636719,,,,,,,,,,,,,0,,,,2.8591516,,,,,,41.65099335,,,,
,44270753.245,41.6748638,1999.70202636719,0.000873779255049886,2.23919927377893E-7,1,0.999253354069792,40.0298881530762,2.00095380310803,19.0900005400181,0.00991461928562284,0.00183009832809273,0.25,6.03607045022901E-6,0.000871578033517331,1.21161085801188E-5,41.6583519,41.6913757,1999.70202636719,1999.70202636719,61.5602805461027,20.7745207059184,7.019488,0,0,0,40,4882,42.0557,1999.70202636719,,,,,,,,,,,,,0,,,,2.8591516,,,,,,41.6748638,,,,
,44270754.525,41.6998615,1999.70202636719,0.000873853711616619,2.12792966210403E-7,1,0.999253354069792,40.0298881530762,2.00087637929201,19.0900005400181,0.00991555582287621,0.00182782439701607,0.25,5.8267760762622E-6,0.000871656981529706,1.1909150976976E-5,41.6913757,41.7083473,1999.70202636719,1999.70202636719,61.6681452817565,20.7734596062475,6.646428,0,0,0,40,4882,42.06995,1999.70202636719,,,,,,,,,,,,,0,,,,2.8448706,,,,,,41.6998615,,,,
,44270755.725,41.71741865,1999.70202636719,0.000873528662612249,2.74669604394787E-7,1,0.999253354069792,40.0298881530762,2.00090017193272,19.0900005400181,0.00991174466902905,0.00182870767375173,0.25,5.95852002095579E-6,0.000871335093933574,1.20396017327163E-5,41.7083473,41.72649,1999.70202636719,1999.70202636719,61.412552755968,20.774851379486,7.019488,0,0,0,40,4882,42.0842,1999.70202636719,,,,,,,,,,,,,0,,,,2.8591516,,,,,,41.71741865,,,,
,44270756.79,41.7360172,1999.70202636719,0.000873310706269772,2.64389750260717E-7,1,0.999253354069792,40.0298881530762,2.00094690991778,19.0799999982119,0.00990945815193605,0.001828804603475,0.25,5.99941809914114E-6,0.000871122236052378,1.20807731850087E-5,41.72649,41.7455444,1999.70202636719,1999.70202636719,61.7666304751796,20.7756652853364,6.646428,0,0,0,40,4882,42.105,1999.70202636719,,,,,,,,,,,,,0,,,,2.8734326,,,,,,41.7360172,,,,
,44270758.89,41.7605324,1999.70202636719,0.000873195502332753,2.67759205279411E-7,1,0.999253354069792,40.0298881530762,2.0009096535494,19.0900005400181,0.00990867567255844,0.00182534875766669,0.25,5.71211362972372E-6,0.000871020845867935,1.17977936903636E-5,41.7605324,41.7605324,1999.70202636719,1999.70202636719,61.5977987150258,20.7765775013561,6.273368,0,0,0,40,4882,42.1537,1999.70202636719,,,,,,,,,,,,,0,,,,2.8734326,,,,,,41.7605324,,,,
,44270759.585,41.77962495,1999.70202636719,0.000872538302575427,2.19205326171749E-7,1,0.999253354069792,40.0298881530762,2.00095120051487,19.0900005400181,0.00990004579435254,0.00183182603410374,0.25,6.39475987294915E-6,0.000870362082502672,1.2474840751427E-5,41.7605324,41.7987175,1999.70202636719,1999.70202636719,62.0769369973143,20.7762393234779,7.019488,0,0,0,40,4882,42.161,1999.70202636719,,,,,,,,,,,,,0,,,,2.8734326,,,,,,41.77962495,,,,
,44270760.825,41.806839,1999.70202636719,0.000872505187529419,2.23630055869279E-7,1,0.999253354069792,40.0298881530762,2.00086181640035,19.0900005400181,0.00989986668629077,0.00182841088028507,0.25,6.10503397720135E-6,0.000870334290596645,1.21868842406729E-5,41.7987175,41.8149605,1999.70202636719,1999.70202636719,61.6837778521411,20.7759982507451,7.019488,0,0,0,40,4882,42.1753,1999.70202636719,,,,,,,,,,,,,0,,,,2.8591516,,,,,,41.806839,,,,
,44270762.045,41.82437515,1999.70202636719,0.000872120383172268,2.45230120019556E-7,1,0.999253354069792,40.0298881530762,2.00090498798946,19.0900005400181,0.00989644408280552,0.00182379564394965,0.25,5.76104454184961E-6,0.000869957721130212,1.18429319428875E-5,41.8149605,41.8337898,1999.70202636719,1999.70202636719,62.1285244795835,20.7749743072047,6.646428,0,0,0,40,4882,42.1962,1999.70202636719,,,,,,,,,,,,,0,,,,2.8591516,,,,,,41.82437515,,,,
,44270763.28,41.8433628,1999.70202636719,0.000872064620621086,2.75230397380968E-7,1,0.999253354069792,40.0298881530762,2.00092321142074,19.0900005400181,0.00989505489778939,0.00182876896775461,0.25,6.20454247386692E-6,0.000869903938135194,1.22868693946507E-5,41.8337898,41.8529358,1999.70202636719,1999.70202636719,61.7080083362373,20.7772735779502,6.646428,0,0,0,40,4882,42.21735,1999.70202636719,,,,,,,,,,,,,0,,,,2.8591516,,,,,,41.8433628,,,,
,44270765.36,41.8688469,1999.70202636719,0.000872182767488471,2.52796513938258E-7,1,0.999253354069792,40.0298881530762,2.00090361030949,19.0900005400181,0.00989740197181342,0.0018233639219978,0.25,5.70467987992443E-6,0.000870033669912197,1.17922436730015E-5,41.8688469,41.8688469,1999.70202636719,1999.70202636719,61.7697569892565,20.7760443966359,6.646428,0,0,0,40,4882,42.2529,1999.70202636719,,,,,,,,,,,,,0,,,,2.8734326,,,,,,41.8688469,,,,
,44270766.07,41.88581465,1999.70202636719,0.000871784578953214,2.73324167141458E-7,1,0.999253354069792,40.0298881530762,2.00098069874806,19.0900005400181,0.00989247158994462,0.00182706773404832,0.25,6.09455532375035E-6,0.000869635278312092,1.21790227662411E-5,41.8688469,41.9027824,1999.70202636719,1999.70202636719,61.8182179574489,20.775164981359,6.646428,0,0,0,40,4882,42.25995,1999.70202636719,,,,,,,,,,,,,0,,,,2.8591516,,,,,,41.88581465,,,,
,44270767.295,41.9106445,1999.70202636719,0.000871682177806664,2.71105526453356E-7,1,0.999253354069792,40.0298881530762,2.00092879725214,19.0900005400181,0.00989185812295766,0.00182266690267339,0.25,5.72659866371488E-6,0.000869540617672107,1.18131379836438E-5,41.9027824,41.9185066,1999.70202636719,1999.70202636719,61.9151398938335,20.7754914828225,6.646428,0,0,0,40,4882,42.28115,1999.70202636719,,,,,,,,,,,,,0,,,,2.8591516,,,,,,41.9106445,,,,
,44270768.445,41.92760085,1999.70202636719,0.000871233264169009,2.55597962131215E-7,1,0.999253354069792,40.0298881530762,2.00098077331131,19.0900005400181,0.00988676690980962,0.0018234651740997,0.25,5.86980609066792E-6,0.000869096770630464,1.19547551326256E-5,41.9185066,41.9366951,1999.70202636719,1999.70202636719,61.3797243581603,20.774939647528,7.019488,0,0,0,40,4882,42.30235,1999.70202636719,,,,,,,,,,,,,0,,,,2.8734326,,,,,,41.92760085,,,,
,44270769.58,41.9444561,1999.70202636719,0.000871257272215665,2.67979452414319E-7,1,0.999253354069792,40.0298881530762,2.0009569175946,19.0900005400181,0.00988730807346901,0.00182167615562386,0.25,5.7071778081421E-6,0.000869126803244533,1.17945606847267E-5,41.9366951,41.9522171,1999.70202636719,1999.70202636719,61.3992650711411,20.7769402486457,6.646428,0,0,0,40,4882,42.32335,1999.70202636719,,,,,,,,,,,,,0,,,,2.8734326,,,,,,41.9444561,,,,
,44270771.585,41.9775009,1999.70202636719,0.000870745402679935,2.73252689544214E-7,1,0.999253354069792,40.0298881530762,2.00087284499137,19.0900005400181,0.009880158919542,0.00182629898701638,0.25,6.20764025562172E-6,0.000868619318986158,1.22927914368629E-5,41.968956,41.9860458,1999.70202636719,1999.70202636719,61.6970655369681,20.7748963190373,7.019488,0,0,0,40,4882,42.352,1999.70202636719,,,,,,,,,,,,,0,,,,2.8734326,,,,,,41.9775009,,,,
,44270773.09,42.0044785,1999.70202636719,0.000870048390038959,2.30745149198647E-7,1,0.999253354069792,40.0298881530762,2.00098070858478,19.0900005400181,0.00987316199210828,0.00182309017453803,0.25,6.03700321922802E-6,0.000867931823964391,1.2120202317899E-5,42.0044785,42.0044785,1999.70202636719,1999.70202636719,62.0136250872566,20.7752908270688,6.273368,0,0,0,40,4882,42.3804,1999.70202636719,,,,,,,,,,,,,0,,,,2.8448706,,,,,,42.0044785,,,,
,44270774.78,42.0384827,1999.70202636719,0.000870070727023358,2.38845661012654E-7,1,0.999253354069792,40.0298881530762,2.0009785741453,19.0799999982119,0.00987336633107731,0.00182379371168076,0.25,6.09146921020838E-6,0.000867960329666834,1.21772114244163E-5,42.0384827,42.0384827,1999.70202636719,1999.70202636719,61.8854380101027,20.776438465298,6.646428,0,0,0,40,4882,42.4088,1999.70202636719,,,,,,,,,,,,,0,,,,2.8448706,,,,,,42.0384827,,,,
,44270775.475,42.04524235,1999.70202636719,0.000869846370464092,2.28328916491847E-7,1,0.999253354069792,40.0298881530762,2.00088905415373,19.0799999982119,0.00987120287306013,0.00181894687788078,0.25,5.70967882997945E-6,0.000867742586014633,1.17960151470187E-5,42.0384827,42.052002,1999.70202636719,1999.70202636719,61.6720534243527,20.7756001194742,7.019488,0,0,0,40,4882,42.42305,1999.70202636719,,,,,,,,,,,,,0,,,,2.8591516,,,,,,42.04524235,,,,
,44270777.48,42.070858,1999.70202636719,0.000869558116978447,2.65006922226405E-7,1,0.999253354069792,40.0298881530762,2.00096521004338,19.0900005400181,0.0098675673448138,0.00182303782050809,0.25,6.1105021500407E-6,0.000867460637735282,1.21970086560747E-5,42.070858,42.070858,1999.70202636719,1999.70202636719,61.5806028876027,20.7741594959166,6.646428,0,0,0,40,4882,42.45865,1999.70202636719,,,,,,,,,,,,,0,,,,2.8734326,,,,,,42.070858,,,,
,44270779.085,42.1053009,1999.70202636719,0.000869243282274539,2.71900056824375E-7,1,0.999253354069792,40.0298881530762,2.0010038594427,19.0799999982119,0.00986450843918912,0.0018208642028706,0.25,5.96940821600916E-6,0.000867152437101473,1.20559155731414E-5,42.1053009,42.1053009,1999.70202636719,1999.70202636719,61.7080083362373,20.7751616461187,6.273368,0,0,0,40,4882,42.48,1999.70202636719,,,,,,,,,,,,,0,,,,2.8734326,,,,,,42.1053009,,,,
,44270779.86,42.1149311,1999.70202636719,0.000868674674066523,2.26235097389365E-7,1,0.999253354069792,40.0298881530762,2.00093724469079,19.0900005400181,0.00985760980769718,0.00182059164395459,0.25,6.04958510645777E-6,0.000866588002085866,1.21331687996729E-5,42.1053009,42.1245613,1999.70202636719,1999.70202636719,61.5813845161219,20.7768892839918,6.646428,0,0,0,40,4882,42.4943,1999.70202636719,,,,,,,,,,,,,0,,,,2.8878572,,,,,,42.1149311,,,,
,44270781.18,42.1336937,1999.70202636719,0.000868615926313641,2.18134042223256E-7,1,0.999253354069792,40.0298881530762,2.00095610767369,19.0799999982119,0.00985761434835729,0.00181765326654919,0.25,5.79628374212414E-6,0.00086653797220695,1.1882556368145E-5,42.1245613,42.1428261,1999.70202636719,1999.70202636719,61.7423999910835,20.7748005167648,7.019488,0,0,0,40,4882,42.5229,1999.70202636719,,,,,,,,,,,,,0,,,,2.8735762,,,,,,42.1336937,,,,
,44270782.42,42.1520195,1999.70202636719,0.000868425760722788,2.06460267446887E-7,1,0.999253354069792,40.0298881530762,2.00094398790183,19.0900005400181,0.00985539920195875,0.00181758216712966,0.25,5.82195634109751E-6,0.000866353141555599,1.1908707462597E-5,42.1428261,42.1612129,1999.70202636719,1999.70202636719,61.5923273153911,20.7760894977904,6.646428,0,0,0,40,4882,42.54435,1999.70202636719,,,,,,,,,,,,,0,,,,2.8591516,,,,,,42.1520195,,,,
,44270783.625,42.17827415,1999.70202636719,0.00086814753218829,2.68843554590214E-7,1,0.999253354069792,40.0298881530762,2.00092033034944,19.0799999982119,0.00985266790395451,0.0018141738038899,0.25,5.57132511947023E-6,0.00086608064813193,1.16579744839496E-5,42.1612129,42.1953354,1999.70202636719,1999.70202636719,61.9057603516027,20.7756126686426,6.646428,0,0,0,40,4882,42.5589,1999.70202636719,,,,,,,,,,,,,0,,,,2.8734326,,,,,,42.17827415,,,,
,44270785.635,42.2108192,1999.70202636719,0.000867731174033066,2.82986126421948E-7,1,0.999253354069792,40.0298881530762,2.0008736468829,19.0900005400181,0.00984736897489383,0.00181581995028697,0.25,5.78912024420419E-6,0.000865672135285534,1.18754314162784E-5,42.2108192,42.2108192,1999.70202636719,1999.70202636719,61.6118680283719,20.7752070695435,7.019488,0,0,0,40,4882,42.5945,1999.70202636719,,,,,,,,,,,,,0,,,,2.8734326,,,,,,42.2108192,,,,
,44270786.23,42.2201252,1999.70202636719,0.000867794659354437,2.32082075418248E-7,1,0.999253354069792,40.0298881530762,2.00082323619112,19.0799999982119,0.00984787882947729,0.0018158757480376,0.25,5.78568363670105E-6,0.000865737175159403,1.18730737610651E-5,42.2108192,42.2294312,1999.70202636719,1999.70202636719,62.658468615622,20.7761946731187,7.019488,0,0,0,40,4882,42.6017,1999.70202636719,,,,,,,,,,,,,0,,,,2.8591516,,,,,,42.2201252,,,,
,44270787.36,42.23725705,1999.70202636719,0.000867944714884643,2.28872391520877E-7,1,0.999253354069792,40.0298881530762,2.00091032074465,19.0900005400181,0.00985008363760834,0.00181607688511941,0.25,5.76737558403131E-6,0.0008658921276167,1.18577319949467E-5,42.2294312,42.2450829,1999.70202636719,1999.70202636719,61.8346321563527,20.7759349872929,6.646428,0,0,0,40,4882,42.62325,1999.70202636719,,,,,,,,,,,,,0,,,,2.8591516,,,,,,42.23725705,,,,
,44270789.36,42.2621498,1999.70202636719,0.000867212239640844,2.33107837886809E-7,1,0.999253354069792,40.0298881530762,2.00085835207555,19.0900005400181,0.00984127666021891,0.00181648025893867,0.25,5.9322753602593E-6,0.000865168747775548,1.20202032835592E-5,42.2621498,42.2621498,1999.70202636719,1999.70202636719,61.7846079311219,20.7753421905578,6.646428,0,0,0,40,4882,42.65915,1999.70202636719,,,,,,,,,,,,,0,,,,2.8734326,,,,,,42.2621498,,,,
,44270790.06,42.2817707,1999.70202636719,0.000866787472505212,2.51145383462733E-7,1,0.999253354069792,40.0298881530762,2.00082499954666,19.0900005400181,0.00983646754519479,0.0018148404239906,0.25,5.86407491511191E-6,0.000864748781488787,1.19504079506871E-5,42.2621498,42.3013916,1999.70202636719,1999.70202636719,61.8823114960258,20.7748264380162,7.019488,0,0,0,40,4882,42.6735,1999.70202636719,,,,,,,,,,,,,0,,,,2.8734326,,,,,,42.2817707,,,,
,44270791.265,42.3091278,1999.70202636719,0.000866576946084341,2.17903517769864E-7,1,0.999253354069792,40.0298881530762,2.00088726982681,19.0900005400181,0.00983473913679008,0.00181270943327829,0.25,5.70642811060086E-6,0.000864544911137833,1.17935040171964E-5,42.3013916,42.316864,1999.70202636719,1999.70202636719,61.8463565841412,20.7750901125591,7.019488,0,0,0,40,4882,42.69515,1999.70202636719,,,,,,,,,,,,,0,,,,2.8734326,,,,,,42.3091278,,,,
,44270792.355,42.3271618,1999.70202636719,0.000866490325539679,2.12512701317837E-7,1,0.999253354069792,40.0298881530762,2.00086084458862,19.0900005400181,0.00983321280870546,0.00181521031315047,0.25,5.94117370103287E-6,0.000864461980902528,1.20289600789938E-5,42.316864,42.3374596,1999.70202636719,1999.70202636719,61.9307724642181,20.7753570998005,7.019488,0,0,0,40,4882,42.7168,1999.70202636719,,,,,,,,,,,,,0,,,,2.8734326,,,,,,42.3271618,,,,
,44270794.345,42.3526955,1999.70202636719,0.000866419859595018,2.91459430217756E-7,1,0.999253354069792,40.0298881530762,2.00091646305766,19.0900005400181,0.0098321902901614,0.00181817702794555,0.25,6.2077620789689E-6,0.000864394993121368,1.22963364219984E-5,42.3526955,42.3526955,1999.70202636719,1999.70202636719,61.6962839084488,20.7775148390267,6.646428,0,0,0,40,4882,42.7389,1999.70202636719,,,,,,,,,,,,,0,,,,2.8878572,,,,,,42.3526955,,,,
,44270795.92,42.3872414,1999.70202636719,0.000865678351195157,2.20073159387146E-7,1,0.999253354069792,40.0298881530762,2.00087374950794,19.0900005400181,0.00982443111211863,0.00181232614679763,0.25,5.82321381585051E-6,0.000863666326884516,1.19104884179289E-5,42.3872414,42.3872414,1999.70202636719,1999.70202636719,61.8111833007758,20.7756093900182,7.019488,0,0,0,40,4882,42.77455,1999.70202636719,,,,,,,,,,,,,0,,,,2.8734326,,,,,,42.3872414,,,,
,44270796.615,42.39621545,1999.70202636719,0.000865545790354166,2.22654911219112E-7,1,0.999253354069792,40.0298881530762,2.00087435233188,19.0900005400181,0.00982296559078388,0.00181207585226644,0.25,5.82284477972373E-6,0.00086353753600387,1.19104174117324E-5,42.3872414,42.4051895,1999.70202636719,1999.70202636719,61.1632132583334,20.7762034322099,7.019488,0,0,0,40,4882,42.789,1999.70202636719,,,,,,,,,,,,,0,,,,2.8878572,,,,,,42.39621545,,,,
,44270797.9,42.41332435,1999.70202636719,0.000865705445280469,2.6369930017546E-7,1,0.999253354069792,40.0298881530762,2.00097546626474,19.0900005400181,0.00982501937925915,0.00181402391243494,0.25,5.95645122563402E-6,0.000863699285394903,1.20460750544531E-5,42.4051895,42.4214592,1999.70202636719,1999.70202636719,61.9190480364296,20.7769833461412,6.646428,0,0,0,40,4882,42.80345,1999.70202636719,,,,,,,,,,,,,0,,,,2.8735762,,,,,,42.41332435,,,,
,44270799.09,42.43167115,1999.70202636719,0.000865207848965865,2.52998557372699E-7,1,0.999253354069792,40.0298881530762,2.00095160542735,19.0900005400181,0.00981924484001506,0.00181339282419286,0.25,5.98832287060759E-6,0.000863207772854471,1.20762139968196E-5,42.4214592,42.4418831,1999.70202636719,1999.70202636719,61.8713686967565,20.7767606518071,7.019488,0,0,0,40,4882,42.8252,1999.70202636719,,,,,,,,,,,,,0,,,,2.8591516,,,,,,42.43167115,,,,
,44270800.26,42.4506817,1999.70202636719,0.000865153201551811,2.33452964312824E-7,1,0.999253354069792,40.0298881530762,2.00087885696231,19.0900005400181,0.00981819237077544,0.00181407882438437,0.25,6.0611891221528E-6,0.000863157912978247,1.21503741350081E-5,42.4418831,42.4594803,1999.70202636719,1999.70202636719,62.0128434587373,20.776966845534,6.646428,0,0,0,40,4882,42.84695,1999.70202636719,,,,,,,,,,,,,0,,,,2.8734326,,,,,,42.4506817,,,,
,44270801.53,42.46769145,1999.70202636719,0.000864624213480199,2.02277869455808E-7,1,0.999253354069792,40.0298881530762,2.00085326608709,19.0900005400181,0.0098122045784548,0.00181241393880493,0.25,6.00870758592683E-6,0.000862633904431013,1.20955054175765E-5,42.4594803,42.4759026,1999.70202636719,1999.70202636719,61.8369770419104,20.7757570700038,6.273368,0,0,0,40,4882,42.86145,1999.70202636719,,,,,,,,,,,,,0,,,,2.8734326,,,,,,42.46769145,,,,
,44270803.595,42.5095558,1999.70202636719,0.000864448723883412,2.68968669485683E-7,1,0.999253354069792,40.0298881530762,2.00103104975799,19.0900005400181,0.00981144164552119,0.00181052407139883,0.25,5.85551570421158E-6,0.000862468466940037,1.19444843711569E-5,42.5095558,42.5095558,1999.70202636719,1999.70202636719,61.8698054397181,20.7767518889863,6.646428,0,0,0,40,4882,42.8978,1999.70202636719,,,,,,,,,,,,,0,,,,2.8734326,,,,,,42.5095558,,,,
,44270805.065,42.5271149,1999.70202636719,0.00086421393141404,2.6324716306975E-7,1,0.999253354069792,40.0298881530762,2.00088478660634,19.0900005400181,0.00980816234277036,0.00180986582059311,0.25,5.84763875559736E-6,0.000862239455887489,1.19367963059018E-5,42.5271149,42.5271149,1999.70202636719,1999.70202636719,61.6806513380642,20.7748834264411,6.646428,0,0,0,40,4882,42.91955,1999.70202636719,,,,,,,,,,,,,0,,,,2.8734326,,,,,,42.5271149,,,,
,44270806.535,42.5566635,1999.70202636719,0.000863849969519793,2.77830480618264E-7,1,0.999253354069792,40.0298881530762,2.00085187111912,19.0799999982119,0.0098034197754812,0.00181199638836164,0.25,6.09954269634258E-6,0.000861879653166117,1.21873993783864E-5,42.5566635,42.5566635,1999.70202636719,1999.70202636719,61.7869528166796,20.7766430019475,6.273368,0,0,0,40,4882,42.9414,1999.70202636719,,,,,,,,,,,,,0,,,,2.8734326,,,,,,42.5566635,,,,
,44270807.24,42.5654812,1999.70202636719,0.000863638089374921,2.35454776782534E-7,1,0.999253354069792,40.0298881530762,2.00091397920903,19.0900005400181,0.00980223963015983,0.0018065745596859,0.25,5.65347548281852E-6,0.000861674914760012,1.17420523836277E-5,42.5566635,42.5742989,1999.70202636719,1999.70202636719,61.8268158711604,20.7772022843177,6.646428,0,0,0,40,4882,42.956,1999.70202636719,,,,,,,,,,,,,0,,,,2.8734326,,,,,,42.5654812,,,,
,44270808.47,42.58178905,1999.70202636719,0.000863736116506316,2.34150963844299E-7,1,0.999253354069792,40.0298881530762,2.00099741392031,19.0900005400181,0.00980304757274122,0.00181122399152068,0.25,6.03528585990266E-6,0.000861777018348907,1.21261257323596E-5,42.5742989,42.5892792,1999.70202636719,1999.70202636719,61.730675563295,20.7768307069208,6.646428,0,0,0,40,4882,42.98495,1999.70202636719,,,,,,,,,,,,,0,,,,2.8734326,,,,,,42.58178905,,,,
,44270810.6,42.6246147,1999.70202636719,0.000863460305918804,2.606104864801E-7,1,0.999253354069792,40.0298881530762,2.00100086466106,19.0799999982119,0.00980051071434635,0.0018078523784894,0.25,5.78366888436767E-6,0.000861510469671297,1.18755592092005E-5,42.6246147,42.6246147,1999.70202636719,1999.70202636719,61.679869709545,20.7757728242246,6.646428,0,0,0,40,4882,43.0143,1999.70202636719,,,,,,,,,,,,,0,,,,2.9022818,,,,,,42.6246147,,,,
,44270811.25,42.6334324,1999.70202636719,0.000863098884329219,2.84159364575435E-7,1,0.999253354069792,40.0298881530762,2.00096263287803,19.0900005400181,0.00979637368640126,0.00180636995905382,0.25,5.71937075146874E-6,0.000861152039239015,1.18094581155392E-5,42.6246147,42.6422501,1999.70202636719,1999.70202636719,61.9354622353335,20.7753411492186,7.019488,0,0,0,40,4882,43.02165,1999.70202636719,,,,,,,,,,,,,0,,,,2.8878572,,,,,,42.6334324,,,,
,44270813.14,42.6581688,1999.70202636719,0.000862520841499018,2.72302522216757E-7,1,0.999253354069792,40.0298881530762,2.00098017170501,19.0900005400181,0.00978940708946329,0.00180850428144396,0.25,6.00394860014479E-6,0.00086058206394143,1.2092351012002E-5,42.6581688,42.6581688,1999.70202636719,1999.70202636719,61.4789911801027,20.7748749921195,6.646428,0,0,0,40,4882,43.0582,1999.70202636719,,,,,,,,,,,,,0,,,,2.9022818,,,,,,42.6581688,,,,
,44270813.825,42.67513085,1999.70202636719,0.000862744843521128,2.53531851470685E-7,1,0.999253354069792,40.0298881530762,2.00100711460709,19.0799999982119,0.00979217466478397,0.00180855007722055,0.25,5.96524644361016E-6,0.000860807566997972,1.2055941951173E-5,42.6581688,42.6920929,1999.70202636719,1999.70202636719,61.6704901673142,20.7767545289937,6.646428,0,0,0,40,4882,43.06575,1999.70202636719,,,,,,,,,,,,,0,,,,2.8878572,,,,,,42.67513085,,,,
,44270815.02,42.69968795,1999.70202636719,0.000862411100259582,2.72688949562086E-7,1,0.999253354069792,40.0298881530762,2.00102560739808,19.0900005400181,0.00978845157413318,0.00180832840052529,0.25,6.00091228733471E-6,0.000860479465799511,1.20909639432025E-5,42.6920929,42.707283,1999.70202636719,1999.70202636719,61.8955991808527,20.7767452981797,7.019488,0,0,0,40,4882,43.0875,1999.70202636719,,,,,,,,,,,,,0,,,,2.8734326,,,,,,42.69968795,,,,
,44270816.145,42.7163334,1999.70202636719,0.00086222007987649,2.30754331746128E-7,1,0.999253354069792,40.0298881530762,2.00098697502797,19.0900005400181,0.00978644804771916,0.00180630208388322,0.25,5.85674589908673E-6,0.000860295128297018,1.19475571607854E-5,42.707283,42.7253838,1999.70202636719,1999.70202636719,61.7900793307565,20.7768126821408,6.273368,0,0,0,40,4882,43.1093,1999.70202636719,,,,,,,,,,,,,0,,,,2.8878572,,,,,,42.7163334,,,,
,44270818.105,42.7388344,1999.70202636719,0.000861733727543945,2.83627036047925E-7,1,0.999253354069792,40.0298881530762,2.00104907212615,19.0900005400181,0.00978115112866214,0.00180622533877158,0.25,5.92764471156472E-6,0.000859817152799168,1.20175192581789E-5,42.7388344,42.7388344,1999.70202636719,1999.70202636719,62.0112802016989,20.7738491319628,6.646428,0,0,0,40,4882,43.1417,1999.70202636719,,,,,,,,,,,,,0,,,,2.9022818,,,,,,42.7388344,,,,
,44270819.675,42.76964,1999.70202636719,0.00086142963136798,2.46236748076154E-7,1,0.999253354069792,40.0298881530762,2.00101833778877,19.0900005400181,0.00977783589755014,0.00180435577128272,0.25,5.81657577410975E-6,0.000859520054924594,1.19064599286141E-5,42.7595215,42.7797585,1999.70202636719,1999.70202636719,61.5024400356796,20.7790640347668,7.019488,0,0,0,40,4882,43.1652,1999.70202636719,,,,,,,,,,,,,0,,,,2.8734326,,,,,,42.76964,,,,
,44270821.495,42.7975616,1999.70202636719,0.000861626477431601,2.78056224642029E-7,1,0.999253354069792,40.0298881530762,2.00094604009039,19.0900005400181,0.00977904467775295,0.00180910269482221,0.25,6.20081874640753E-6,0.000859721536369017,1.22939116926856E-5,42.7975616,42.7975616,1999.70202636719,1999.70202636719,61.9565662053527,20.7759941862182,6.646428,0,0,0,40,4882,43.1976,1999.70202636719,,,,,,,,,,,,,0,,,,2.8734326,,,,,,42.7975616,,,,
,44270823.035,42.833519,1999.70202636719,0.000860723162758004,2.73355385395089E-7,1,0.999253354069792,40.0298881530762,2.00092871772168,19.0900005400181,0.00976925488009726,0.00180457221109295,0.25,5.96044736964308E-6,0.000858828491479381,1.20499290182228E-5,42.833519,42.833519,1999.70202636719,1999.70202636719,61.5626254316604,20.7760436337192,6.646428,0,0,0,40,4882,43.22555,1999.70202636719,,,,,,,,,,,,,0,,,,2.9022818,,,,,,42.833519,,,,
,44270823.745,42.84213065,1999.70202636719,0.000860825865444449,1.94756860213902E-7,1,0.999253354069792,40.0298881530762,2.00092828780245,19.0900005400181,0.00977075855289366,0.00180306234617516,0.25,5.80792575680921E-6,0.000858934918086771,1.18994252793236E-5,42.833519,42.8507423,1999.70202636719,1999.70202636719,62.0097169446604,20.7776182055412,6.646428,0,0,0,40,4882,43.2374,1999.70202636719,,,,,,,,,,,,,0,,,,2.9022818,,,,,,42.84213065,,,,
,44270824.955,42.85993195,1999.70202636719,0.000860669335849062,2.54209083475633E-7,1,0.999253354069792,40.0298881530762,2.00091248085626,19.0900005400181,0.0097690870777561,0.00180199630072687,0.25,5.74093749553734E-6,0.000858783449135394,1.18329078998973E-5,42.8507423,42.8691216,1999.70202636719,1999.70202636719,61.761159075545,20.7785037103534,6.646428,0,0,0,40,4882,43.25515,1999.70202636719,,,,,,,,,,,,,0,,,,2.9022818,,,,,,42.85993195,,,,
,44270826.18,42.8768883,1999.70202636719,0.000860289322298995,2.21002633595139E-7,1,0.999253354069792,40.0298881530762,2.00093857085158,19.0799999982119,0.00976527635064459,0.00179941763394998,0.25,5.57691999521873E-6,0.000858410576674145,1.16682744437705E-5,42.8691216,42.884655,1999.70202636719,1999.70202636719,61.7017553080835,20.7762195386526,6.646428,0,0,0,40,4882,43.27655,1999.70202636719,,,,,,,,,,,,,0,,,,2.8878572,,,,,,42.8768883,,,,
,44270827.445,42.89365005,1999.70202636719,0.000859852718032743,3.18933596710645E-7,1,0.999253354069792,40.0298881530762,2.00090769715018,19.0799999982119,0.00975949166635666,0.00180268055403122,0.25,5.94128221327972E-6,0.000857977498646377,1.20304894699087E-5,42.884655,42.9026451,1999.70202636719,1999.70202636719,61.842448441545,20.7772285484742,7.019488,0,0,0,40,4882,43.298,1999.70202636719,,,,,,,,,,,,,0,,,,2.8734326,,,,,,42.89365005,,,,
,44270829.615,42.936058,1999.70202636719,0.000860151360441591,2.67895306170274E-7,1,0.999253354069792,40.0298881530762,2.00099075125978,19.0799999982119,0.00976334801447107,0.00180350785502289,0.25,5.95029146979531E-6,0.000858284256879757,1.20445680938511E-5,42.936058,42.936058,1999.70202636719,1999.70202636719,61.8651156686027,20.7799168708435,7.019488,0,0,0,40,4882,43.33495,1999.70202636719,,,,,,,,,,,,,0,,,,2.9022818,,,,,,42.936058,,,,
,44270830.365,42.94483945,1999.70202636719,0.000859623427397885,2.58890640332876E-7,1,0.999253354069792,40.0298881530762,2.00094283698054,19.0900005400181,0.00975808879906791,0.00179721665808939,0.25,5.49226942058665E-6,0.000857764298659537,1.15849540059314E-5,42.936058,42.9536209,1999.70202636719,1999.70202636719,61.9417152634873,20.7775422834907,6.646428,0,0,0,40,4882,43.34975,1999.70202636719,,,,,,,,,,,,,0,,,,2.9022818,,,,,,42.94483945,,,,
,44270831.68,42.96816825,1999.70202636719,0.000859250958958825,2.20673350173038E-7,1,0.999253354069792,40.0298881530762,2.0009334195547,19.0900005400181,0.00975275508881127,0.00180273838084723,0.25,6.0424874875007E-6,0.000857393669193409,1.21330208734182E-5,42.9536209,42.9827156,1999.70202636719,1999.70202636719,61.8377586704296,20.7765620972411,6.646428,0,0,0,40,4882,43.3705,1999.70202636719,,,,,,,,,,,,,0,,,,2.9022818,,,,,,42.96816825,,,,
,44270832.885,42.9929695,1999.70202636719,0.000859624047061415,2.83307114549325E-7,1,0.999253354069792,40.0298881530762,2.00092510684332,19.0799999982119,0.00975770222418578,0.00179956577770069,0.25,5.69553690687923E-6,0.000857772675959149,1.17908793137441E-5,42.9827156,43.0032234,1999.70202636719,1999.70202636719,61.6446964261796,20.7774647407496,6.646428,0,0,0,40,4882,43.3884,1999.70202636719,,,,,,,,,,,,,0,,,,2.9022818,,,,,,42.9929695,,,,
,44270834.895,43.019268,1999.70202636719,0.000859222997031941,2.14522886450289E-7,1,0.999253354069792,40.0298881530762,2.00093105419735,19.0799999982119,0.0097528258640639,0.00180128550260072,0.25,5.91330280670992E-6,0.000857379584950478,1.20081774154982E-5,43.019268,43.019268,1999.70202636719,1999.70202636719,62.069120712122,20.7773362350763,6.646428,0,0,0,40,4882,43.4241,1999.70202636719,,,,,,,,,,,,,0,,,,2.8734326,,,,,,43.019268,,,,
,44270836.455,43.0462227,1999.70202636719,0.00085886201845133,2.62362405433454E-7,1,0.999253354069792,40.0298881530762,2.00098141461871,19.0900005400181,0.00974860077941204,0.00180299621949413,0.25,6.12118257258748E-6,0.00085702375696704,1.22149980921484E-5,43.0374718,43.0549736,1999.70202636719,1999.70202636719,61.5290154053334,20.7764988784917,6.273368,0,0,0,40,4882,43.4486,1999.70202636719,,,,,,,,,,,,,0,,,,2.9022818,,,,,,43.0462227,,,,
,44270838.08,43.0714836,1999.70202636719,0.000858686518317916,2.95956359186626E-7,1,0.999253354069792,40.0298881530762,2.00091672453183,19.0900005400181,0.00974626018324324,0.00180331005100852,0.25,6.18135011709365E-6,0.000856855207189271,1.22760856677287E-5,43.0714836,43.0714836,1999.70202636719,1999.70202636719,61.8909094097373,20.7769187166398,6.646428,0,0,0,40,4882,43.4776,1999.70202636719,,,,,,,,,,,,,0,,,,2.9022818,,,,,,43.0714836,,,,
,44270838.8,43.0809803,1999.70202636719,0.000858601129480996,2.24360927567449E-7,1,0.999253354069792,40.0298881530762,2.00094228475947,19.0799999982119,0.0097451896441011,0.0018045832133859,0.25,6.30516840769258E-6,0.000856772014018165,1.2399982358752E-5,43.0714836,43.090477,1999.70202636719,1999.70202636719,61.9424968920065,20.7758743431049,7.019488,0,0,0,40,4882,43.48955,1999.70202636719,,,,,,,,,,,,,0,,,,2.8878572,,,,,,43.0809803,,,,
,44270841.02,43.1259193,1999.70202636719,0.000857925840161663,2.16187338017823E-7,1,0.999253354069792,40.0298881530762,2.00096489448554,19.0900005400181,0.0097382840397538,0.001800116607156,0.25,6.02572078417446E-6,0.000856109421269978,1.21193633139905E-5,43.1259193,43.1259193,1999.70202636719,1999.70202636719,61.6142129139296,20.7751942787024,6.646428,0,0,0,40,4882,43.5284,1999.70202636719,,,,,,,,,,,,,0,,,,2.9022818,,,,,,43.1259193,,,,
,44270841.765,43.1352043,1999.70202636719,0.000857836261920182,2.41081565526482E-7,1,0.999253354069792,40.0298881530762,2.00094623987013,19.0900005400181,0.00973744441897224,0.00179862150544961,0.25,5.91004188310214E-6,0.000856023767338205,1.20042260704308E-5,43.1259193,43.1444893,1999.70202636719,1999.70202636719,61.6603289965642,20.7794348353064,7.019488,0,0,0,40,4882,43.5404,1999.70202636719,,,,,,,,,,,,,0,,,,2.8878572,,,,,,43.1352043,,,,
,44270843.07,43.1540375,1999.70202636719,0.000857670472941722,2.77093429747358E-7,1,0.999253354069792,40.0298881530762,2.00094167912789,19.0900005400181,0.00973508369226825,0.00180118325077658,0.25,6.1627240720106E-6,0.000855861591383917,1.22568457515795E-5,43.1444893,43.1635857,1999.70202636719,1999.70202636719,61.8064935296604,20.7783690215942,7.019488,0,0,0,40,4882,43.56135,1999.70202636719,,,,,,,,,,,,,0,,,,2.8878572,,,,,,43.1540375,,,,
,44270844.32,43.1717396,1999.70202636719,0.00085736535351539,2.99462040229322E-7,1,0.999253354069792,40.0298881530762,2.00102119271867,19.0900005400181,0.00973279565987166,0.00179642785734092,0.25,5.78982923113862E-6,0.000855565199014397,1.18842914961598E-5,43.1635857,43.1798935,1999.70202636719,1999.70202636719,61.8713686967565,20.7757673959914,6.646428,0,0,0,40,4882,43.58375,1999.70202636719,,,,,,,,,,,,,0,,,,2.9022818,,,,,,43.1717396,,,,
,44270846.395,43.2158966,1999.70202636719,0.000856877722355392,2.31223895174471E-7,1,0.999253354069792,40.0298881530762,2.00096718209699,19.0900005400181,0.00972708913819796,0.00179550996176735,0.25,5.79528380820971E-6,0.000855087510860862,1.18891675472198E-5,43.2158966,43.2158966,1999.70202636719,1999.70202636719,61.8870012671412,20.7777341530691,6.646428,0,0,0,40,4882,43.6212,1999.70202636719,,,,,,,,,,,,,0,,,,2.8878572,,,,,,43.2158966,,,,
,44270847.07,43.22377015,1999.70202636719,0.000856474918092744,2.27056131574232E-7,1,0.999253354069792,40.0298881530762,2.00094279850825,19.0799999982119,0.00972190773637436,0.00179763314441265,0.25,6.05402991049352E-6,0.000854686629831078,1.21454489193705E-5,43.2158966,43.2316437,1999.70202636719,1999.70202636719,61.7955507303912,20.7768946638323,6.646428,0,0,0,40,4882,43.63325,1999.70202636719,,,,,,,,,,,,,0,,,,2.9022818,,,,,,43.22377015,,,,
,44270848.285,43.2409115,1999.70202636719,0.000856395689170425,2.9578515297185E-7,1,0.999253354069792,40.0298881530762,2.0009849389652,19.0799999982119,0.00972183555581668,0.00179423303694978,0.25,5.76362589707865E-6,0.000854613999636753,1.18564658117408E-5,43.2316437,43.2501793,1999.70202636719,1999.70202636719,61.8799666104681,20.7764569408724,7.019488,0,0,0,40,4882,43.6513,1999.70202636719,,,,,,,,,,,,,0,,,,2.9022818,,,,,,43.2409115,,,,
,44270849.55,43.25875475,1999.70202636719,0.000856354593669093,2.34350508982203E-7,1,0.999253354069792,40.0298881530762,2.00096894390548,19.0799999982119,0.00972059566112399,0.00179841006516082,0.25,6.13714045822431E-6,0.000854575439587821,1.2230552592659E-5,43.2501793,43.2673302,1999.70202636719,1999.70202636719,62.0886614251027,20.7776073112964,6.646428,0,0,0,40,4882,43.67235,1999.70202636719,,,,,,,,,,,,,0,,,,2.9022818,,,,,,43.25875475,,,,
,44270850.805,43.27596095,1999.70202636719,0.00085625053819377,2.77370514760139E-7,1,0.999253354069792,40.0298881530762,2.00090185158957,19.0900005400181,0.00971955159342527,0.00179597926993849,0.25,5.94411545193096E-6,0.00085447847017446,1.20389114038718E-5,43.2673302,43.2845917,1999.70202636719,1999.70202636719,61.8471382126604,20.7748915482721,7.019488,0,0,0,40,4882,43.6949,1999.70202636719,,,,,,,,,,,,,0,,,,2.8878572,,,,,,43.27596095,,,,
,44270852.045,43.2938137,1999.70202636719,0.000856168791362243,2.55585232313592E-7,1,0.999253354069792,40.0298881530762,2.00092093947542,19.0900005400181,0.00971975640952408,0.00179029554288714,0.25,5.45452720979361E-6,0.000854405690215026,1.15513984602208E-5,43.2845917,43.3030357,1999.70202636719,1999.70202636719,62.0831900254681,20.7792478852571,6.646428,0,0,0,40,4882,43.7167,1999.70202636719,,,,,,,,,,,,,0,,,,2.8734326,,,,,,43.2938137,,,,
,44270854.205,43.342804,1999.70202636719,0.000855933667513783,2.42246565472516E-7,1,0.999253354069792,40.0298881530762,2.00094573936526,19.0900005400181,0.00971681117185848,0.00179261011613783,0.25,5.69374227763995E-6,0.000854178166185741,1.17912700910929E-5,43.342804,43.342804,1999.70202636719,1999.70202636719,61.913576636795,20.776404526949,6.646428,0,0,0,40,4882,43.7536,1999.70202636719,,,,,,,,,,,,,0,,,,2.9022818,,,,,,43.342804,,,,
,44270855.655,43.3599663,1999.70202636719,0.000855503009644272,2.25275434962095E-7,1,0.999253354069792,40.0298881530762,2.00091768841579,19.0900005400181,0.00971184390878697,0.00179178607856544,0.25,5.69698983558836E-6,0.000853754246741089,1.17932708463992E-5,43.3599663,43.3599663,1999.70202636719,1999.70202636719,61.7228592781027,20.7772897701193,6.646428,0,0,0,40,4882,43.7777,1999.70202636719,,,,,,,,,,,,,0,,,,2.9022818,,,,,,43.3599663,,,,
,44270856.305,43.3691368,1999.70202636719,0.000854978612795703,2.73628809408927E-7,1,0.999253354069792,40.0298881530762,2.00087199647158,19.0900005400181,0.00970570911381397,0.00179067871014739,0.25,5.694707350122E-6,0.000853233857494114,1.17881632615916E-5,43.3599663,43.3783073,1999.70202636719,1999.70202636719,61.6790880810258,20.7769975681751,7.019488,0,0,0,40,4882,43.78975,1999.70202636719,,,,,,,,,,,,,0,,,,2.9022818,,,,,,43.3691368,,,,
,44270857.5,43.38633915,1999.70202636719,0.000855209541870695,2.4430154908351E-7,1,0.999253354069792,40.0298881530762,2.00089435530002,19.0900005400181,0.00970801030910365,0.00179389617733935,0.25,5.93270176873274E-6,0.000853467600716005,1.20288785102195E-5,43.3783073,43.394371,1999.70202636719,1999.70202636719,61.8807482389873,20.777462949839,7.019488,0,0,0,40,4882,43.81015,1999.70202636719,,,,,,,,,,,,,0,,,,2.8878572,,,,,,43.38633915,,,,
,44270858.75,43.41312215,1999.70202636719,0.000854906620341593,2.70414195816081E-7,1,0.999253354069792,40.0298881530762,2.00092552763981,19.0900005400181,0.00970437775063883,0.0017955140934385,0.25,6.12413190405912E-6,0.000853168806924197,1.22193067432121E-5,43.394371,43.4318733,1999.70202636719,1999.70202636719,61.4907156078911,20.7790264362691,7.019488,0,0,0,40,4882,43.83055,1999.70202636719,,,,,,,,,,,,,0,,,,2.8878572,,,,,,43.41312215,,,,
,44270860.835,43.4490089,1999.70202636719,0.000854578648977036,2.23669266904871E-7,1,0.999253354069792,40.0298881530762,2.00089336605242,19.0799999982119,0.00970163291303768,0.00178897685363857,0.25,5.60583132296415E-6,0.000852853059083059,1.17021381754484E-5,43.4490089,43.4490089,1999.70202636719,1999.70202636719,62.0980409673335,20.7740874213523,7.019488,0,0,0,40,4882,43.8631,1999.70202636719,,,,,,,,,,,,,0,,,,2.8734326,,,,,,43.4490089,,,,
,44270862.33,43.4672203,1999.70202636719,0.0008541830992328,2.57948101082072E-7,1,0.999253354069792,40.0298881530762,2.0009755760358,19.0900005400181,0.00969736071814845,0.00178950643577794,0.25,5.71378021827728E-6,0.000852463256314752,1.18088058729933E-5,43.4672203,43.4672203,1999.70202636719,1999.70202636719,61.5196358631027,20.7796472981552,7.019488,0,0,0,40,4882,43.88655,1999.70202636719,,,,,,,,,,,,,0,,,,2.8878572,,,,,,43.4672203,,,,
,44270863.045,43.48425295,1999.70202636719,0.000853867376794178,2.72783293013472E-7,1,0.999253354069792,40.0298881530762,2.00090597433512,19.0799999982119,0.00969248831702887,0.00179447209759663,0.25,6.2102036810773E-6,0.000852148268124732,1.23031311968021E-5,43.4672203,43.5012856,1999.70202636719,1999.70202636719,61.8494830982181,20.7775411702747,6.646428,0,0,0,40,4882,43.9017,1999.70202636719,,,,,,,,,,,,,0,,,,2.8878572,,,,,,43.48425295,,,,
,44270864.365,43.51002695,1999.70202636719,0.000853729149429474,2.46644812224815E-7,1,0.999253354069792,40.0298881530762,2.00088929720562,19.0900005400181,0.00969137007738273,0.00179153503870201,0.25,5.97513941951567E-6,0.000852017103495908,1.20691220509983E-5,43.5012856,43.5187683,1999.70202636719,1999.70202636719,61.5290154053334,20.7794675618222,6.646428,0,0,0,40,4882,43.9229,1999.70202636719,,,,,,,,,,,,,0,,,,2.9022818,,,,,,43.51002695,,,,
,44270865.57,43.5279236,1999.70202636719,0.000853599497344861,2.35952526069653E-7,1,0.999253354069792,40.0298881530762,2.0009190340642,19.0900005400181,0.00969072625422371,0.00178764180201133,0.25,5.65165257802783E-6,0.000851893677273126,1.17464673551258E-5,43.5187683,43.5370789,1999.70202636719,1999.70202636719,61.903415466045,20.7780071700039,6.646428,0,0,0,40,4882,43.93805,1999.70202636719,,,,,,,,,,,,,0,,,,2.8878572,,,,,,43.5279236,,,,
,44270866.705,43.54551125,1999.70202636719,0.00085322258200577,2.35401247431707E-7,1,0.999253354069792,40.0298881530762,2.00083668899697,19.0799999982119,0.00968632598496545,0.00178561111587059,0.25,5.54406074058907E-6,0.000851522545433181,1.16376951310747E-5,43.5370789,43.5539436,1999.70202636719,1999.70202636719,61.4758646660257,20.77776818911,6.646428,0,0,0,40,4882,43.95565,1999.70202636719,,,,,,,,,,,,,0,,,,2.9024266,,,,,,43.54551125,,,,
,44270867.89,43.56244275,1999.70202636719,0.000853227263483707,1.93436062844527E-7,1,0.999253354069792,40.0298881530762,2.00093422670763,19.0799999982119,0.00968601340434296,0.00179060271738698,0.25,5.97288237528567E-6,0.000851528800888403,1.2067128615285E-5,43.5539436,43.5709419,1999.70202636719,1999.70202636719,61.9370254923719,20.7757665581625,6.646428,0,0,0,40,4882,43.9747,1999.70202636719,,,,,,,,,,,,,0,,,,2.9314206,,,,,,43.56244275,,,,
,44270869.09,43.58011435,1999.70202636719,0.000853074863577247,3.03710006836742E-7,1,0.999253354069792,40.0298881530762,2.00091606558972,19.0900005400181,0.00968475192727427,0.00178751205946145,0.25,5.72687184688893E-6,0.000851383797337994,1.18221160633035E-5,43.5709419,43.5892868,1999.70202636719,1999.70202636719,61.690030880295,20.7762723554154,6.646428,0,0,0,40,4882,43.9965,1999.70202636719,,,,,,,,,,,,,0,,,,2.9168512,,,,,,43.58011435,,,,
,44270870.265,43.60557935,1999.70202636719,0.000852739835946028,2.71831086146905E-7,1,0.999253354069792,40.0298881530762,2.00086610259475,19.0900005400181,0.00967988802287094,0.00179190419103978,0.25,6.17324084491683E-6,0.000851053210670042,1.22673333860266E-5,43.5892868,43.6218719,1999.70202636719,1999.70202636719,61.6212475706027,20.7787082355207,6.646428,0,0,0,40,4882,44.0251,1999.70202636719,,,,,,,,,,,,,0,,,,2.9022818,,,,,,43.60557935,,,,
,44270871.495,43.63148495,1999.70202636719,0.000852246400077037,2.3807851206808E-7,1,0.999253354069792,40.0298881530762,2.00094935557103,19.0900005400181,0.00967554085160527,0.00178626841727817,0.25,5.75714569128342E-6,0.000850567199859972,1.18495877802041E-5,43.6218719,43.641098,1999.70202636719,1999.70202636719,61.5532458894296,20.7781304542961,6.646428,0,0,0,40,4882,44.03985,1999.70202636719,,,,,,,,,,,,,0,,,,2.9022818,,,,,,43.63148495,,,,
,44270872.745,43.6493187,1999.70202636719,0.000852488757287453,2.67016660920198E-7,1,0.999253354069792,40.0298881530762,2.00091135229183,19.0900005400181,0.00967729846978896,0.00179158971394602,0.25,6.18340049363802E-6,0.000850809605216607,1.22778414527508E-5,43.641098,43.6575394,1999.70202636719,1999.70202636719,61.5524642609104,20.7765517443671,6.646428,0,0,0,40,4882,44.0546,1999.70202636719,,,,,,,,,,,,,0,,,,2.9022818,,,,,,43.6493187,,,,
,44270873.89,43.6653538,1999.70202636719,0.000852225540097524,2.36522709952253E-7,1,0.999253354069792,40.0298881530762,2.00103242381679,19.0900005400181,0.00967526743304681,0.001789364385705,0.25,6.02196904306206E-6,0.0008505551901429,1.21169459911637E-5,43.6575394,43.6731682,1999.70202636719,1999.70202636719,61.9870497176027,20.7779909967982,6.646428,0,0,0,40,4882,44.08345,1999.70202636719,,,,,,,,,,,,,0,,,,2.9022818,,,,,,43.6653538,,,,
,44270874.945,43.6817589,1999.70202636719,0.000852026510579962,2.58550496433618E-7,1,0.999253354069792,40.0298881530762,2.00097171201759,19.0900005400181,0.00967351080922733,0.00178484638527219,0.25,5.66188944354539E-6,0.000850364496170006,1.17577190244201E-5,43.6731682,43.6903496,1999.70202636719,1999.70202636719,61.7674121036988,20.7788842558007,6.646428,0,0,0,40,4882,44.1053,1999.70202636719,,,,,,,,,,,,,0,,,,2.9168512,,,,,,43.6817589,,,,
,44270876.87,43.7146721,1999.70202636719,0.000851423466164471,2.65840357021541E-7,1,0.999253354069792,40.0298881530762,2.00094521553581,19.0900005400181,0.00966730045024985,0.00177964425583203,0.25,5.31082303152142E-6,0.000849770425396909,1.14046019918656E-5,43.7052193,43.7241249,1999.70202636719,1999.70202636719,61.9768885468527,20.7779527275374,7.019488,0,0,0,40,4882,44.12745,1999.70202636719,,,,,,,,,,,,,0,,,,2.9314206,,,,,,43.7146721,,,,
,44270878.38,43.7393265,1999.70202636719,0.000851342637770562,2.57578827284406E-7,1,0.999253354069792,40.0298881530762,2.00094540512684,19.0799999982119,0.00966551931246612,0.00178481110301363,0.25,5.77640674845803E-6,0.00084969351405731,1.18708178494568E-5,43.7393265,43.7393265,1999.70202636719,1999.70202636719,61.6720534243527,20.7756286945987,6.646428,0,0,0,40,4882,44.1564,1999.70202636719,,,,,,,,,,,,,0,,,,2.9314206,,,,,,43.7393265,,,,
,44270879.07,43.74879265,1999.70202636719,0.000851615021935159,2.57401108773214E-7,1,0.999253354069792,40.0298881530762,2.00091291365659,19.0799999982119,0.00966909855980934,0.00178200855122389,0.25,5.48224019756929E-6,0.000849971053693734,1.15801986948133E-5,43.7393265,43.7582588,1999.70202636719,1999.70202636719,61.8502647267373,20.7775260191262,6.273368,0,0,0,40,4882,44.1708,1999.70202636719,,,,,,,,,,,,,0,,,,2.9314206,,,,,,43.74879265,,,,
,44270881.195,43.7834034,1999.70202636719,0.000850868130963025,2.51312724552279E-7,1,0.999253354069792,40.0298881530762,2.00086107349775,19.0799999982119,0.0096592781449461,0.00178731543965846,0.25,6.08070232930271E-6,0.000849232004013419,1.21753129966055E-5,43.7749443,43.7918625,1999.70202636719,1999.70202636719,61.6720534243527,20.7763367406935,7.019488,0,0,0,40,4882,44.2144,1999.70202636719,,,,,,,,,,,,,0,,,,2.9022818,,,,,,43.7834034,,,,
,44270882.785,43.8089523,1999.70202636719,0.000850734883675618,2.44920635993488E-7,1,0.999253354069792,40.0298881530762,2.00093264452006,19.0799999982119,0.00965881197640471,0.00178329817396978,0.25,5.74389644272317E-6,0.000849105049815662,1.18392675217276E-5,43.8089523,43.8089523,1999.70202636719,1999.70202636719,61.6814329665834,20.7787264002147,6.646428,0,0,0,40,4882,44.2296,1999.70202636719,,,,,,,,,,,,,0,,,,2.9168512,,,,,,43.8089523,,,,
,44270883.41,43.81791495,1999.70202636719,0.000850805347013355,2.14071071722606E-7,1,0.999253354069792,40.0298881530762,2.00095739008853,19.0900005400181,0.00965967923045752,0.00178385031344429,0.25,5.77724895677258E-6,0.000849176976438826,1.18736028266592E-5,43.8089523,43.8268776,1999.70202636719,1999.70202636719,61.5970170865065,20.7780632424998,6.646428,0,0,0,40,4882,44.23715,1999.70202636719,,,,,,,,,,,,,0,,,,2.9314206,,,,,,43.81791495,,,,
,44270884.535,43.8345909,1999.70202636719,0.000850393178183711,2.62755460705116E-7,1,0.999253354069792,40.0298881530762,2.00089930954842,19.0799999982119,0.00965497535311446,0.00178193069449173,0.25,5.68343510123695E-6,0.000848771675816128,1.17785737211527E-5,43.8268776,43.8423042,1999.70202636719,1999.70202636719,61.5102563208719,20.7774711912618,6.646428,0,0,0,40,4882,44.25915,1999.70202636719,,,,,,,,,,,,,0,,,,2.9314206,,,,,,43.8345909,,,,
,44270886.625,43.8794136,1999.70202636719,0.000850088008414626,3.25377520391671E-7,1,0.999253354069792,40.0298881530762,2.00087933624113,19.0900005400181,0.00965125816208922,0.00178264062912048,0.25,5.79833914562428E-6,0.000848473219495626,1.18931346859799E-5,43.8794136,43.8794136,1999.70202636719,1999.70202636719,61.9409336349681,20.7793220451255,6.646428,0,0,0,40,4882,44.2882,1999.70202636719,,,,,,,,,,,,,0,,,,2.9168512,,,,,,43.8794136,,,,
,44270887.335,43.8868122,1999.70202636719,0.000849942664839478,2.69159558772744E-7,1,0.999253354069792,40.0298881530762,2.00081976718896,19.0799999982119,0.00964995388116126,0.00177904116829988,0.25,5.51027151814728E-6,0.000848333875099305,1.16055969182046E-5,43.8794136,43.8942108,1999.70202636719,1999.70202636719,61.7603774470258,20.7760771888115,6.646428,0,0,0,40,4882,44.3029,1999.70202636719,,,,,,,,,,,,,0,,,,2.9168512,,,,,,43.8868122,,,,
,44270889.355,43.9101181,1999.70202636719,0.000849651135260673,3.07233597147332E-7,1,0.999253354069792,40.0298881530762,2.00095282681268,19.0799999982119,0.00964685852869193,0.00178126374792319,0.25,5.74429660272394E-6,0.000848048580408487,1.18392066507526E-5,43.9101181,43.9101181,1999.70202636719,1999.70202636719,61.6165577994873,20.7777477291005,7.019488,0,0,0,40,4882,44.3328,1999.70202636719,,,,,,,,,,,,,0,,,,2.9314206,,,,,,43.9101181,,,,
,44270890.04,43.928154,1999.70202636719,0.000849250103739578,2.65788671750938E-7,1,0.999253354069792,40.0298881530762,2.00097741833671,19.0900005400181,0.00964221065609472,0.00178184481093725,0.25,5.86320263685869E-6,0.000847650951748541,1.19560323419375E-5,43.9101181,43.9461899,1999.70202636719,1999.70202636719,61.7556876759104,20.776091414681,7.019488,0,0,0,40,4882,44.3473,1999.70202636719,,,,,,,,,,,,,0,,,,2.9314206,,,,,,43.928154,,,,
,44270891.235,43.95434,1999.70202636719,0.000849429601848344,2.05428397662908E-7,1,0.999253354069792,40.0298881530762,2.00085351066384,19.0900005400181,0.0096436574305143,0.00178271926404624,0.25,5.91419689334058E-6,0.000847836949604662,1.20102767010788E-5,43.9461899,43.9624901,1999.70202636719,1999.70202636719,61.9581294623912,20.777988868288,6.646428,0,0,0,40,4882,44.37655,1999.70202636719,,,,,,,,,,,,,0,,,,2.9314206,,,,,,43.95434,,,,
,44270892.44,43.9719906,1999.70202636719,0.000848885740211789,2.55417118086928E-7,1,0.999253354069792,40.0298881530762,2.00092363712456,19.0799999982119,0.00963795191663519,0.00178116969665528,0.25,5.8667921094613E-6,0.00084729987686984,1.19605936606157E-5,43.9624901,43.9814911,1999.70202636719,1999.70202636719,61.8088384152181,20.7762375624397,6.646428,0,0,0,40,4882,44.39865,1999.70202636719,,,,,,,,,,,,,0,,,,2.9168512,,,,,,43.9719906,,,,
,44270893.695,43.98903845,1999.70202636719,0.000849164592077532,2.45461671256306E-7,1,0.999253354069792,40.0298881530762,2.00086388007184,19.0900005400181,0.00964127738131324,0.00177950570966177,0.25,5.67364780787249E-6,0.00084758327324386,1.17708509598613E-5,43.9814911,43.9965858,1999.70202636719,1999.70202636719,61.6814329665834,20.7766640520092,6.646428,0,0,0,40,4882,44.41365,1999.70202636719,,,,,,,,,,,,,0,,,,2.9168512,,,,,,43.98903845,,,,
,44270894.935,44.0053768,1999.70202636719,0.00084910303347689,2.13278792010255E-7,1,0.999253354069792,40.0298881530762,2.00089832064552,19.0900005400181,0.00964059669315405,0.00178055291661505,0.25,5.77168133298051E-6,0.00084752655752053,1.18697909800417E-5,43.9965858,44.0141678,1999.70202636719,1999.70202636719,61.3539306170257,20.7792344272214,6.646428,0,0,0,40,4882,44.4356,1999.70202636719,,,,,,,,,,,,,0,,,,2.9314206,,,,,,44.0053768,,,,
,44270896.17,44.02243995,1999.70202636719,0.00084838063434142,2.42276709364175E-7,1,0.999253354069792,40.0298881530762,2.00097484053804,19.0900005400181,0.00963318333166202,0.00177699835401748,0.25,5.57919409298454E-6,0.000846812278299937,1.16739746755855E-5,44.0141678,44.0307121,1999.70202636719,1999.70202636719,61.7431816196027,20.7757525100967,6.646428,0,0,0,40,4882,44.45755,1999.70202636719,,,,,,,,,,,,,0,,,,2.9168512,,,,,,44.02243995,,,,
,44270898.335,44.0701714,1999.70202636719,0.000848283386154443,2.09179018902563E-7,1,0.999253354069792,40.0298881530762,2.00092840897192,19.0900005400181,0.00963174439293055,0.00177804124369854,0.25,5.68754539665787E-6,0.000846723483752984,1.17839987788193E-5,44.0701714,44.0701714,1999.70202636719,1999.70202636719,61.7627223325834,20.7782046935372,7.019488,0,0,0,40,4882,44.4948,1999.70202636719,,,,,,,,,,,,,0,,,,2.9314206,,,,,,44.0701714,,,,
,44270899.015,44.0776234,1999.70202636719,0.000848203029966432,2.43320191192321E-7,1,0.999253354069792,40.0298881530762,2.00089637656326,19.0799999982119,0.00963047190015319,0.00177916638834389,0.25,5.80236346827421E-6,0.000846644262806602,1.18985417773981E-5,44.0701714,44.0850754,1999.70202636719,1999.70202636719,61.7017553080835,20.7789433863022,6.646428,0,0,0,40,4882,44.5022,1999.70202636719,,,,,,,,,,,,,0,,,,2.9168512,,,,,,44.0776234,,,,
,44270901.005,44.1028557,1999.70202636719,0.000847616615868086,3.00270122548191E-7,1,0.999253354069792,40.0298881530762,2.00095435944625,19.0900005400181,0.00962434501212208,0.00177709267890774,0.25,5.71575356556177E-6,0.000846068612362748,1.18103735812544E-5,44.1028557,44.1028557,1999.70202636719,1999.70202636719,61.7877344451988,20.7760735750305,6.646428,0,0,0,40,4882,44.5388,1999.70202636719,,,,,,,,,,,,,0,,,,2.9314206,,,,,,44.1028557,,,,
,44270902.82,44.1417694,1999.70202636719,0.00084742320346108,2.15424389584083E-7,1,0.999253354069792,40.0298881530762,2.00087409316277,19.0900005400181,0.00962203591936633,0.00177566471356549,0.25,5.62721403550892E-6,0.000845883405170458,1.17226213980322E-5,44.1417694,44.1417694,1999.70202636719,1999.70202636719,61.9565662053527,20.7776465809401,6.646428,0,0,0,40,4882,44.5685,1999.70202636719,,,,,,,,,,,,,0,,,,2.9314206,,,,,,44.1417694,,,,
,44270903.515,44.14953995,1999.70202636719,0.00084719999880835,2.61896302530344E-7,1,0.999253354069792,40.0298881530762,2.00084974610432,19.0900005400181,0.00961875558862695,0.00177899329166437,0.25,5.95984491013467E-6,0.000845661912642982,1.20540666230666E-5,44.1417694,44.1573105,1999.70202636719,1999.70202636719,61.8025853870642,20.7760399311547,7.019488,0,0,0,40,4882,44.58335,1999.70202636719,,,,,,,,,,,,,0,,,,2.9168512,,,,,,44.14953995,,,,
,44270904.685,44.1664276,1999.70202636719,0.000846862133507911,2.15475509118381E-7,1,0.999253354069792,40.0298881530762,2.00084841466314,19.0900005400181,0.00961524129171761,0.00177668721787149,0.25,5.81543084091479E-6,0.000845329446789025,1.19085134766639E-5,44.1573105,44.1755447,1999.70202636719,1999.70202636719,61.3578387596219,20.7752657689581,6.646428,0,0,0,40,4882,44.5987,1999.70202636719,,,,,,,,,,,,,0,,,,2.9022818,,,,,,44.1664276,,,,
,44270905.765,44.1841545,1999.70202636719,0.000846734024831303,2.75545366009005E-7,1,0.999253354069792,40.0298881530762,2.00077644498656,19.0900005400181,0.00961362301913378,0.00177567096975441,0.25,5.75248827437259E-6,0.000845205722748111,1.18457827680835E-5,44.1755447,44.1927643,1999.70202636719,1999.70202636719,61.6783064525065,20.776598976548,7.019488,0,0,0,40,4882,44.61385,1999.70202636719,,,,,,,,,,,,,0,,,,2.9168512,,,,,,44.1841545,,,,
,44270907.75,44.2280159,1999.70202636719,0.000846972928865428,2.48369701410949E-7,1,0.999253354069792,40.0298881530762,2.00081997115131,19.0900005400181,0.00961647871160762,0.00177724115824843,0.25,5.84010893553624E-6,0.000845454402337437,1.19379336924843E-5,44.2280159,44.2280159,1999.70202636719,1999.70202636719,61.486807465295,20.7769202078902,6.646428,0,0,0,40,4882,44.6578,1999.70202636719,,,,,,,,,,,,,0,,,,2.9314206,,,,,,44.2280159,,,,
,44270908.475,44.23682975,1999.70202636719,0.000846547197494553,2.02269193191223E-7,1,0.999253354069792,40.0298881530762,2.00074869457441,19.0900005400181,0.00961108837559886,0.00177783224408294,0.25,5.97141453811538E-6,0.000845032202774499,1.20669444202499E-5,44.2280159,44.2456436,1999.70202636719,1999.70202636719,62.015188344295,20.7743117580439,6.646428,0,0,0,40,4882,44.67275,1999.70202636719,,,,,,,,,,,,,0,,,,2.9168512,,,,,,44.23682975,,,,
,44270909.76,44.253088,1999.70202636719,0.000846108005853321,2.85507635573094E-7,1,0.999253354069792,40.0298881530762,2.0006960704247,19.0799999982119,0.00960665284539091,0.00177265918581469,0.25,5.59663175488095E-6,0.00084460021404667,1.16906612491461E-5,44.2456436,44.2605324,1999.70202636719,1999.70202636719,61.8174363289296,20.7757579505663,7.019488,0,0,0,40,4882,44.68795,1999.70202636719,,,,,,,,,,,,,0,,,,2.9168512,,,,,,44.253088,,,,
,44270910.925,44.26986505,1999.70202636719,0.000846081520058841,3.05180531733715E-7,1,0.999253354069792,40.0298881530762,2.00069944540221,19.0900005400181,0.00960587957312785,0.00177559579628327,0.25,5.85779839946231E-6,0.000844575559091369,1.19521817593763E-5,44.2605324,44.2791977,1999.70202636719,1999.70202636719,61.9206112934681,20.7749636347832,7.019488,0,0,0,40,4882,44.7029,1999.70202636719,,,,,,,,,,,,,0,,,,2.9168512,,,,,,44.26986505,,,,
,44270912.915,44.3116074,1999.70202636719,0.000845487121871445,2.36448773713512E-7,1,0.999253354069792,40.0298881530762,2.00072769369887,19.0799999982119,0.00959975295904913,0.00177232916685913,0.25,5.66910235018674E-6,0.000843994569858489,1.17624842611759E-5,44.3116074,44.3116074,1999.70202636719,1999.70202636719,61.8658972971219,20.7762779068361,7.019488,0,0,0,40,4882,44.7475,1999.70202636719,,,,,,,,,,,,,0,,,,2.9022818,,,,,,44.3116074,,,,
,44270913.665,44.3200207,1999.70202636719,0.000845701066440358,2.48737900202205E-7,1,0.999253354069792,40.0298881530762,2.00081393102863,19.0900005400181,0.00960308289990941,0.00177012577182666,0.25,5.43002350914426E-6,0.000844211779619566,1.15258722208337E-5,44.3116074,44.328434,1999.70202636719,1999.70202636719,61.6923757658527,20.7752132110851,6.646428,0,0,0,40,4882,44.75525,1999.70202636719,,,,,,,,,,,,,0,,,,2.9168512,,,,,,44.3200207,,,,
,44270914.97,44.3359356,1999.70202636719,0.000845557040400971,2.1334082450803E-7,1,0.999253354069792,40.0298881530762,2.00078808429807,19.0900005400181,0.00960013882896162,0.00177675096825083,0.25,6.03867274751957E-6,0.000844067363998409,1.21334464604318E-5,44.328434,44.3434372,1999.70202636719,1999.70202636719,61.3930120429873,20.7763611586536,7.019488,0,0,0,40,4882,44.7705,1999.70202636719,,,,,,,,,,,,,0,,,,2.9314206,,,,,,44.3359356,,,,
,44270917.125,44.3773804,1999.70202636719,0.000845454178805611,2.26970027237374E-7,1,0.999253354069792,40.0298881530762,2.0007492202652,19.0799999982119,0.00959958025142291,0.00177268411005457,0.25,5.69804874395956E-6,0.000843976350692278,1.17951247467821E-5,44.3773804,44.3773804,1999.70202636719,1999.70202636719,61.8260342426412,20.7734370642979,6.273368,0,0,0,40,4882,44.80795,1999.70202636719,,,,,,,,,,,,,0,,,,2.9314206,,,,,,44.3773804,,,,
,44270918.555,44.3961563,1999.70202636719,0.000845067240272625,2.51239440348533E-7,1,0.999253354069792,40.0298881530762,2.00075982594804,19.0900005400181,0.00959517775110558,0.00177269500649037,0.25,5.76377681861198E-6,0.000843596988205727,1.18598810679264E-5,44.3961563,44.3961563,1999.70202636719,1999.70202636719,61.8580810119296,20.7748151850685,6.646428,0,0,0,40,4882,44.8375,1999.70202636719,,,,,,,,,,,,,0,,,,2.9168512,,,,,,44.3961563,,,,
,44270919.18,44.40626715,1999.70202636719,0.000845044573658098,2.39007424843361E-7,1,0.999253354069792,40.0298881530762,2.00078880764025,19.0900005400181,0.00959500024473576,0.00177309293016177,0.25,5.79982599344224E-6,0.000843575994418873,1.18962110022683E-5,44.3961563,44.416378,1999.70202636719,1999.70202636719,61.7705386177758,20.7715648580626,6.646428,0,0,0,40,4882,44.84525,1999.70202636719,,,,,,,,,,,,,0,,,,2.9314206,,,,,,44.40626715,,,,
,44270920.32,44.42500495,1999.70202636719,0.000844506225810234,2.7482888758178E-7,1,0.999253354069792,40.0298881530762,2.00077423861343,19.0900005400181,0.00958892485222934,0.00177161905373099,0.25,5.76526508815676E-6,0.000843042606776751,1.18588270158303E-5,44.416378,44.4336319,1999.70202636719,1999.70202636719,61.402391585218,20.7746038428594,6.646428,0,0,0,40,4882,44.86075,1999.70202636719,,,,,,,,,,,,,0,,,,2.9314206,,,,,,44.42500495,,,,
,44270922.43,44.4692993,1999.70202636719,0.000844838016189299,2.38359788123192E-7,1,0.999253354069792,40.0298881530762,2.00085603467834,19.0900005400181,0.00959268220036287,0.00177515146728822,0.25,6.00694064077417E-6,0.00084338129490027,1.21049244552636E-5,44.4692993,44.4692993,1999.70202636719,1999.70202636719,61.4094262418911,20.7742337252353,6.646428,0,0,0,40,4882,44.8982,1999.70202636719,,,,,,,,,,,,,0,,,,2.9314206,,,,,,44.4692993,,,,
,44270923.155,44.4774704,1999.70202636719,0.000844437245352978,2.10956854513262E-7,1,0.999253354069792,40.0298881530762,2.0008298898441,19.0900005400181,0.00958816925520732,0.00177365141974141,0.25,5.94655819937823E-6,0.00084298536263158,1.20427061418797E-5,44.4692993,44.4856415,1999.70202636719,1999.70202636719,61.6908125088142,20.7756094085252,7.019488,0,0,0,40,4882,44.91305,1999.70202636719,,,,,,,,,,,,,0,,,,2.9314206,,,,,,44.4774704,,,,
,44270924.375,44.4935036,1999.70202636719,0.000843947287193887,1.82502152523277E-7,1,0.999253354069792,40.0298881530762,2.00083195206803,19.0900005400181,0.00958324145232375,0.00176947534356502,0.25,5.66372266902679E-6,0.000842503914927556,1.17582543107626E-5,44.4856415,44.5013657,1999.70202636719,1999.70202636719,61.5931089439104,20.7765253350894,6.646428,0,0,0,40,4882,44.93565,1999.70202636719,,,,,,,,,,,,,0,,,,2.9314206,,,,,,44.4935036,,,,
,44270925.53,44.51054195,1999.70202636719,0.000843614397192677,2.53497806674112E-7,1,0.999253354069792,40.0298881530762,2.00076893679177,19.0900005400181,0.00957901718904025,0.0017698609469811,0.25,5.75981359199188E-6,0.0008421747173361,1.18527752086704E-5,44.5013657,44.5197182,1999.70202636719,1999.70202636719,61.872931953795,20.7747618470364,6.646428,0,0,0,40,4882,44.9512,1999.70202636719,,,,,,,,,,,,,0,,,,2.9168512,,,,,,44.51054195,,,,
,44270926.625,44.5265694,1999.70202636719,0.000843722224503741,2.08318787539148E-7,1,0.999253354069792,40.0298881530762,2.00084159642456,19.0900005400181,0.0095806837648513,0.00176977152821378,0.25,5.72579583525435E-6,0.000842286341797346,1.18205600471827E-5,44.5197182,44.5334206,1999.70202636719,1999.70202636719,62.058959541372,20.7752996779316,6.646428,0,0,0,40,4882,44.9663,1999.70202636719,,,,,,,,,,,,,0,,,,2.9168512,,,,,,44.5265694,,,,
,44270927.815,44.5524979,1999.70202636719,0.000843343341129626,2.37412544305842E-7,1,0.999253354069792,40.0298881530762,2.00081956281602,19.0900005400181,0.0095761972054054,0.00176979582173526,0.25,5.79451831387585E-6,0.000841913114540087,1.18878597502248E-5,44.5334206,44.5715752,1999.70202636719,1999.70202636719,61.903415466045,20.7765814381062,6.273368,0,0,0,40,4882,44.98875,1999.70202636719,,,,,,,,,,,,,0,,,,2.9314206,,,,,,44.5524979,,,,
,44270930.065,44.5878754,1999.70202636719,0.000843430888907457,2.63215665169742E-7,1,0.999253354069792,40.0298881530762,2.0007932140223,19.0900005400181,0.00957716800516979,0.00176991439555296,0.25,5.78808899790914E-6,0.000842008142457467,1.1884028091107E-5,44.5878754,44.5878754,1999.70202636719,1999.70202636719,61.4453811537757,20.7758052178064,6.646428,0,0,0,40,4882,45.0195,1999.70202636719,,,,,,,,,,,,,0,,,,2.9608517,,,,,,44.5878754,,,,
,44270931.5,44.6084404,1999.70202636719,0.000842683719029374,2.75221062290139E-7,1,0.999253354069792,40.0298881530762,2.00080024160939,19.0900005400181,0.00956854898701188,0.00176978565214257,0.25,5.90586451739084E-6,0.000841268804952081,1.19980875968233E-5,44.6084404,44.6084404,1999.70202636719,1999.70202636719,61.8455749556219,20.7757197413925,6.646428,0,0,0,40,4882,45.0493,1999.70202636719,,,,,,,,,,,,,0,,,,2.94613615,,,,,,44.6084404,,,,
,44270933.01,44.6426277,1999.70202636719,0.000842966337132259,2.74755739548675E-7,1,0.999253354069792,40.0298881530762,2.00085032967003,19.0799999982119,0.00957259435213997,0.0017674927499805,0.25,5.64707969510788E-6,0.000841560278661852,1.17436659085164E-5,44.6426277,44.6426277,1999.70202636719,1999.70202636719,61.8862196386219,20.7778353983503,7.019488,0,0,0,40,4882,45.07945,1999.70202636719,,,,,,,,,,,,,0,,,,2.9314206,,,,,,44.6426277,,,,
,44270933.76,44.65208245,1999.70202636719,0.000842640089012901,2.39757147940544E-7,1,0.999253354069792,40.0298881530762,2.00080600988065,19.0900005400181,0.00956918439929592,0.00176410439039827,0.25,5.40948695036056E-6,0.000841238212935488,1.15045860783185E-5,44.6426277,44.6615372,1999.70202636719,1999.70202636719,61.8432300700642,20.7781471645413,7.019488,0,0,0,40,4882,45.0873,1999.70202636719,,,,,,,,,,,,,0,,,,2.94613615,,,,,,44.65208245,,,,
,44270934.915,44.6700325,1999.70202636719,0.000842753676280678,2.21191290070465E-7,1,0.999253354069792,40.0298881530762,2.00080616520738,19.0900005400181,0.0095702860427338,0.00176565724377696,0.25,5.52425911598177E-6,0.000841354584201667,1.16209580157507E-5,44.6615372,44.6785278,1999.70202636719,1999.70202636719,61.8541728693335,20.7760898720089,6.646428,0,0,0,40,4882,45.1027,1999.70202636719,,,,,,,,,,,,,0,,,,2.94613615,,,,,,44.6700325,,,,
,44270936.08,44.6852703,1999.70202636719,0.000842268649129937,2.27516061059946E-7,1,0.999253354069792,40.0298881530762,2.0008194857763,19.0900005400181,0.00956479910339078,0.00176525417064006,0.25,5.57161963401694E-6,0.000840875718647094,1.16661499186984E-5,44.6785278,44.6920128,1999.70202636719,1999.70202636719,61.7259857921796,20.7772011422052,6.646428,0,0,0,40,4882,45.1255,1999.70202636719,,,,,,,,,,,,,0,,,,2.9314206,,,,,,44.6852703,,,,
,44270938.23,44.7283173,1999.70202636719,0.000842128919916264,2.21814556915255E-7,1,0.999253354069792,40.0298881530762,2.00084290863087,19.0900005400181,0.00956211974682566,0.00177247191206055,0.25,6.22482479270285E-6,0.000840742706240636,1.23201004360616E-5,44.7283173,44.7283173,1999.70202636719,1999.70202636719,61.7048818221604,20.7768133955422,6.646428,0,0,0,40,4882,45.17065,1999.70202636719,,,,,,,,,,,,,0,,,,2.93156675,,,,,,44.7283173,,,,
,44270938.96,44.73661425,1999.70202636719,0.000841918268920809,2.10582465089336E-7,1,0.999253354069792,40.0298881530762,2.00087283137095,19.0900005400181,0.00956117712785071,0.00176479526560696,0.25,5.58404108023026E-6,0.000840538994929622,1.16792973410109E-5,44.7283173,44.7449112,1999.70202636719,1999.70202636719,61.5282337768142,20.7766179175464,6.646428,0,0,0,40,4882,45.17855,1999.70202636719,,,,,,,,,,,,,0,,,,2.93156675,,,,,,44.73661425,,,,
,44270940.09,44.7550831,1999.70202636719,0.000841416986636486,1.88251984935668E-7,1,0.999253354069792,40.0298881530762,2.00087007877388,19.0900005400181,0.00955515652630368,0.00176576515123482,0.25,5.75705731235103E-6,0.00084004101374938,1.18493429276132E-5,44.7449112,44.765255,1999.70202636719,1999.70202636719,61.6212475706027,20.7754959251491,6.646428,0,0,0,40,4882,45.1938,1999.70202636719,,,,,,,,,,,,,0,,,,2.9608517,,,,,,44.7550831,,,,
,44270941.195,44.7748089,1999.70202636719,0.000841517547365705,2.27850076196967E-7,1,0.999253354069792,40.0298881530762,2.00083814922619,19.0900005400181,0.00955604836496792,0.00176691717513178,0.25,5.84048721930006E-6,0.000840146513815335,1.19347739407593E-5,44.765255,44.7843628,1999.70202636719,1999.70202636719,61.8104016722565,20.77550142489,6.646428,0,0,0,40,4882,45.21665,1999.70202636719,,,,,,,,,,,,,0,,,,2.94613615,,,,,,44.7748089,,,,
,44270943.235,44.799263,1999.70202636719,0.000840984262032132,2.51015935433172E-7,1,0.999253354069792,40.0298881530762,2.00081396931628,19.0900005400181,0.00954995128605415,0.00176577067828161,0.25,5.83381944429329E-6,0.000839619858234026,1.19256646404263E-5,44.799263,44.799263,1999.70202636719,1999.70202636719,61.7431816196027,20.7760726323038,6.646428,0,0,0,40,4882,45.2398,1999.70202636719,,,,,,,,,,,,,0,,,,2.9314206,,,,,,44.799263,,,,
,44270943.905,44.81620215,1999.70202636719,0.000841158491173537,2.68295761588078E-7,1,0.999253354069792,40.0298881530762,2.00080333307957,19.0900005400181,0.00955252217167412,0.00176277329617976,0.25,5.53842801152492E-6,0.000839799745746173,1.16329331174212E-5,44.799263,44.8331413,1999.70202636719,1999.70202636719,61.4610137241604,20.7762995471864,6.646428,0,0,0,40,4882,45.2551,1999.70202636719,,,,,,,,,,,,,0,,,,2.9314206,,,,,,44.81620215,,,,
,44270946.04,44.8524284,1999.70202636719,0.000840701437099425,2.56516499155455E-7,1,0.999253354069792,40.0298881530762,2.00085550512368,19.0900005400181,0.0095463929563323,0.00176910561872051,0.25,6.16878753226224E-6,0.000839348360345836,1.22613136159558E-5,44.8524284,44.8524284,1999.70202636719,1999.70202636719,61.7697569892565,20.7758587064856,6.646428,0,0,0,40,4882,45.29335,1999.70202636719,,,,,,,,,,,,,0,,,,2.9608517,,,,,,44.8524284,,,,
,44270946.665,44.8608646,1999.70202636719,0.000840622112617735,1.97911252476899E-7,1,0.999253354069792,40.0298881530762,2.00082201229009,19.0900005400181,0.00954644298897688,0.00176295743409444,0.25,5.64305978872515E-6,0.000839276789515756,1.17367404622362E-5,44.8524284,44.8693008,1999.70202636719,1999.70202636719,61.7017553080835,20.7781905368069,6.646428,0,0,0,40,4882,45.30845,1999.70202636719,,,,,,,,,,,,,0,,,,2.9608517,,,,,,44.8608646,,,,
,44270947.82,44.87712285,1999.70202636719,0.00084038400411203,2.74602324682803E-7,1,0.999253354069792,40.0298881530762,2.00083460278165,19.0900005400181,0.00954434813217148,0.0017597107474105,0.25,5.39674413286621E-6,0.000839046092074513,1.14903378648192E-5,44.8693008,44.8849449,1999.70202636719,1999.70202636719,61.8010221300258,20.7760036396272,6.273368,0,0,0,40,4882,45.3294,1999.70202636719,,,,,,,,,,,,,0,,,,2.94613615,,,,,,44.87712285,,,,
,44270950.055,44.9201202,1999.70202636719,0.000840218231179754,2.33490323321158E-7,1,0.999253354069792,40.0298881530762,2.000856849366,19.0900005400181,0.00954194412518959,0.00176338254084214,0.25,5.7443709363519E-6,0.000838885585069133,1.18380618038623E-5,44.9201202,44.9201202,1999.70202636719,1999.70202636719,61.6626738821219,20.7781734842301,6.646428,0,0,0,40,4882,45.3601,1999.70202636719,,,,,,,,,,,,,0,,,,2.9608517,,,,,,44.9201202,,,,
,44270951.63,44.9371719,1999.70202636719,0.000840247989875026,2.39311213631605E-7,1,0.999253354069792,40.0298881530762,2.00080443778608,19.0900005400181,0.00954259839621782,0.00176074322119608,0.25,5.50798241400767E-6,0.000838923981785345,1.1603897676739E-5,44.9371719,44.9371719,1999.70202636719,1999.70202636719,61.6282822272758,20.7791062564099,6.646428,0,0,0,40,4882,45.3877,1999.70202636719,,,,,,,,,,,,,0,,,,2.9314206,,,,,,44.9371719,,,,
,44270953.29,44.9757614,1999.70202636719,0.000839886315238372,2.52862929256907E-7,1,0.999253354069792,40.0298881530762,2.0008389443087,19.0900005400181,0.0095383210005499,0.00176230386249511,0.25,5.70416159952776E-6,0.000838568266329008,1.17987970798608E-5,44.9757614,44.9757614,1999.70202636719,1999.70202636719,61.3805059866796,20.7780923672811,6.646428,0,0,0,40,4882,45.4155,1999.70202636719,,,,,,,,,,,,,0,,,,2.94613615,,,,,,44.9757614,,,,
,44270954.765,44.9939575,1999.70202636719,0.000840075388776835,2.61449648083392E-7,1,0.999253354069792,40.0298881530762,2.00086188931262,19.0900005400181,0.00954052799100295,0.00176340535339457,0.25,5.7630644960723E-6,0.000838763201217065,1.18605270994429E-5,44.9939575,44.9939575,1999.70202636719,1999.70202636719,61.9424968920065,20.7794294699295,6.646428,0,0,0,40,4882,45.4416,1999.70202636719,,,,,,,,,,,,,0,,,,2.9314206,,,,,,44.9939575,,,,
,44270955.475,45.00439835,1999.70202636719,0.000839646223513505,2.14735924273667E-7,1,0.999253354069792,40.0298881530762,2.00079538721291,19.0900005400181,0.00953582468450421,0.0017599955644621,0.25,5.54311351397931E-6,0.000838339379651959,1.16385154432997E-5,44.9939575,45.0148392,1999.70202636719,1999.70202636719,62.0245678865258,20.7771818306425,6.646428,0,0,0,40,4882,45.45395,1999.70202636719,,,,,,,,,,,,,0,,,,2.94613615,,,,,,45.00439835,,,,
,44270956.76,45.03126335,1999.70202636719,0.000839244944144735,2.46512953832414E-7,1,0.999253354069792,40.0298881530762,2.00079006565279,19.0900005400181,0.00953118604183336,0.00175989008992129,0.25,5.60298525931011E-6,0.000837944590427396,1.1696867532923E-5,45.0148392,45.0476875,1999.70202636719,1999.70202636719,61.9120133797566,20.7755290738459,6.646428,0,0,0,40,4882,45.47935,1999.70202636719,,,,,,,,,,,,,0,,,,2.9608517,,,,,,45.03126335,,,,
,44270957.955,45.056921,1999.70202636719,0.000839049609241826,2.35629734144709E-7,1,0.999253354069792,40.0298881530762,2.00076896377325,19.0799999982119,0.00952870767747296,0.00176074113997769,0.25,5.71193262146953E-6,0.000837754108013201,1.18054911396018E-5,45.0476875,45.0661545,1999.70202636719,1999.70202636719,61.6314087413527,20.7766309666022,7.019488,0,0,0,40,4882,45.50095,1999.70202636719,,,,,,,,,,,,,0,,,,2.9608517,,,,,,45.056921,,,,
,44270959.185,45.07507135,1999.70202636719,0.000838667238298828,2.3554687089964E-7,1,0.999253354069792,40.0298881530762,2.00085311073174,19.0900005400181,0.00952439842063137,0.00176226263523519,0.25,5.90570887714634E-6,0.000837375335156138,1.19972327225793E-5,45.0661545,45.0839882,1999.70202636719,1999.70202636719,61.575131487968,20.7766788237985,6.646428,0,0,0,40,4882,45.51875,1999.70202636719,,,,,,,,,,,,,0,,,,2.94613615,,,,,,45.07507135,,,,
,44270960.515,45.0923233,1999.70202636719,0.000839125416194892,2.78394297942559E-7,1,0.999253354069792,40.0298881530762,2.00079042307696,19.0900005400181,0.00952978271632908,0.00176091531277166,0.25,5.70821009570602E-6,0.000837839710485173,1.1804616199178E-5,45.0839882,45.1006584,1999.70202636719,1999.70202636719,61.5915456868719,20.7763740863229,7.019488,0,0,0,40,4882,45.5404,1999.70202636719,,,,,,,,,,,,,0,,,,2.94613615,,,,,,45.0923233,,,,
,44270962.68,45.1275749,1999.70202636719,0.000838597967611671,2.47907360227649E-7,1,0.999253354069792,40.0298881530762,2.00088639208999,19.0900005400181,0.00952458439753401,0.00175852523647986,0.25,5.58080306276587E-6,0.000837323688873348,1.16757953261865E-5,45.1199493,45.1352005,1999.70202636719,1999.70202636719,61.822126100045,20.7781610152822,6.646428,0,0,0,40,4882,45.5792,1999.70202636719,,,,,,,,,,,,,0,,,,2.9314206,,,,,,45.1275749,,,,
,44270964.415,45.1544304,1999.70202636719,0.000838162052190099,2.40265227027314E-7,1,0.999253354069792,40.0298881530762,2.00089452683379,19.0900005400181,0.00951931560119854,0.00176007309016818,0.25,5.79102804355055E-6,0.000836893834872187,1.18841308702615E-5,45.1544304,45.1544304,1999.70202636719,1999.70202636719,62.2238831589297,20.7796024188589,7.019488,0,0,0,40,4882,45.607,1999.70202636719,,,,,,,,,,,,,0,,,,2.9608517,,,,,,45.1544304,,,,
,44270964.985,45.164835,1999.70202636719,0.000838082569682239,2.52203876912516E-7,1,0.999253354069792,40.0298881530762,2.00087179713403,19.0900005400181,0.00951881394162697,0.00175719195559708,0.25,5.5526100448617E-6,0.000836818323827108,1.16459702505293E-5,45.1544304,45.1752396,1999.70202636719,1999.70202636719,61.7502162762758,20.7771749839078,6.646428,0,0,0,40,4882,45.61555,1999.70202636719,,,,,,,,,,,,,0,,,,2.9608517,,,,,,45.164835,,,,
,44270966.96,45.2080002,1999.70202636719,0.000837800784385438,2.79404257720903E-7,1,0.999253354069792,40.0298881530762,2.00089221967626,19.0799999982119,0.00951639919015785,0.00175329173031607,0.25,5.25474693394612E-6,0.000836547779151281,1.13484706895726E-5,45.2080002,45.2080002,1999.70202636719,1999.70202636719,61.5962354579873,20.7778695095433,6.646428,0,0,0,40,4882,45.6505,1999.70202636719,,,,,,,,,,,,,0,,,,2.9314206,,,,,,45.2080002,,,,
,44270968.44,45.2241898,1999.70202636719,0.00083819506184821,2.07257209821959E-7,1,0.999253354069792,40.0298881530762,2.00089901135204,19.0900005400181,0.00952041957638121,0.00175727558651149,0.25,5.53209627412168E-6,0.000836945549295966,1.16296487433997E-5,45.2241898,45.2241898,1999.70202636719,1999.70202636719,62.0831900254681,20.7767077224856,6.646428,0,0,0,40,4882,45.67455,1999.70202636719,,,,,,,,,,,,,0,,,,2.9608517,,,,,,45.2241898,,,,
,44270969.095,45.2329426,1999.70202636719,0.000837593093999881,2.4187251640392E-7,1,0.999253354069792,40.0298881530762,2.00090976648641,19.0900005400181,0.00951356803906827,0.00175655829043449,0.25,5.57415137179221E-6,0.000836346887679136,1.16678720821012E-5,45.2241898,45.2416954,1999.70202636719,1999.70202636719,61.6368801409873,20.7771056646832,6.273368,0,0,0,40,4882,45.68545,1999.70202636719,,,,,,,,,,,,,0,,,,2.94613615,,,,,,45.2329426,,,,
,44270971.125,45.26988795,1999.70202636719,0.000837491165735829,2.34101862682552E-7,1,0.999253354069792,40.0298881530762,2.00085685687037,19.0900005400181,0.00951178049524739,0.0017590216879911,0.25,5.809638010147E-6,0.000836251337682359,1.19040698057696E-5,45.2618523,45.2779236,1999.70202636719,1999.70202636719,61.4883707223334,20.7775581942457,6.646428,0,0,0,40,4882,45.7174,1999.70202636719,,,,,,,,,,,,,0,,,,2.9608517,,,,,,45.26988795,,,,
,44270972.61,45.2957878,1999.70202636719,0.000837396780351652,2.61064853273779E-7,1,0.999253354069792,40.0298881530762,2.00089430941351,19.0900005400181,0.00951099914081992,0.0017585598301809,0.25,5.78073894231919E-6,0.000836163131216151,1.18758302725603E-5,45.2957878,45.2957878,1999.70202636719,1999.70202636719,61.8385402989489,20.7775364686063,7.019488,0,0,0,40,4882,45.7408,1999.70202636719,,,,,,,,,,,,,0,,,,2.94613615,,,,,,45.2957878,,,,
,44270973.315,45.30381585,1999.70202636719,0.000837007330402025,2.82476442915808E-7,1,0.999253354069792,40.0298881530762,2.00093327152154,19.0900005400181,0.00950734791220769,0.0017546327985061,0.25,5.50054025941012E-6,0.000835779444592112,1.15938864739816E-5,45.2957878,45.3118439,1999.70202636719,1999.70202636719,61.669708538795,20.7783599676893,6.646428,0,0,0,40,4882,45.7533,1999.70202636719,,,,,,,,,,,,,0,,,,2.9608517,,,,,,45.30381585,,,,
,44270975.525,45.3453026,1999.70202636719,0.000836970341391635,2.88212222844877E-7,1,0.999253354069792,40.0298881530762,2.00087429816306,19.0900005400181,0.00950647413482658,0.00175612163322125,0.25,5.63900954717626E-6,0.000835750034980724,1.17337892686674E-5,45.3453026,45.3453026,1999.70202636719,1999.70202636719,61.7338020773719,20.7780277145556,7.019488,0,0,0,40,4882,45.78765,1999.70202636719,,,,,,,,,,,,,0,,,,2.94613615,,,,,,45.3453026,,,,
,44270976.275,45.3546448,1999.70202636719,0.000836596457420686,2.46153494093329E-7,1,0.999253354069792,40.0298881530762,2.00094138118836,19.0799999982119,0.00950242409352814,0.00175621584614206,0.25,5.70752439246175E-6,0.000835379529439409,1.18002116990961E-5,45.3453026,45.363987,1999.70202636719,1999.70202636719,61.5821661446411,20.7788468824751,6.646428,0,0,0,40,4882,45.8009,1999.70202636719,,,,,,,,,,,,,0,,,,2.9608517,,,,,,45.3546448,,,,
,44270978.295,45.3787575,1999.70202636719,0.000836031587834531,2.38001716952801E-7,1,0.999253354069792,40.0298881530762,2.00090287268663,19.0900005400181,0.00949617023236297,0.00175367038977719,0.25,5.58363169550371E-6,0.000834824876100038,1.16742205119561E-5,45.3787575,45.3787575,1999.70202636719,1999.70202636719,61.7783549029681,20.7791064696319,6.646428,0,0,0,40,4882,45.8346,1999.70202636719,,,,,,,,,,,,,0,,,,2.9314206,,,,,,45.3787575,,,,
,44270979.81,45.4164505,1999.70202636719,0.000835969410379407,2.45347254450724E-7,1,0.999253354069792,40.0298881530762,2.00092904564665,19.0799999982119,0.00949535396940595,0.00175522734758448,0.25,5.72740658302039E-6,0.000834767497130821,1.18186204255877E-5,45.4164505,45.4164505,1999.70202636719,1999.70202636719,61.7291123062565,20.7757315694653,7.019488,0,0,0,40,4882,45.8581,1999.70202636719,,,,,,,,,,,,,0,,,,2.94613615,,,,,,45.4164505,,,,
,44270981.25,45.4324989,1999.70202636719,0.000836063546625337,2.52610147293609E-7,1,0.999253354069792,40.0298881530762,2.00090011914093,19.0900005400181,0.00949564274677167,0.00175947531437515,0.25,6.08389003780772E-6,0.000834865244324277,1.21766562572576E-5,45.4324989,45.4324989,1999.70202636719,1999.70202636719,61.7580325614681,20.7781962482027,6.646428,0,0,0,40,4882,45.8831,1999.70202636719,,,,,,,,,,,,,0,,,,2.9608517,,,,,,45.4324989,,,,
,44270981.95,45.4400215,1999.70202636719,0.000835696615869063,2.3504646175458E-7,1,0.999253354069792,40.0298881530762,2.00089919093516,19.0900005400181,0.00949233732103895,0.00175402805674496,0.25,5.66904434752555E-6,0.00083450484156555,1.17603434912725E-5,45.4324989,45.4475441,1999.70202636719,1999.70202636719,61.443036268218,20.7781935545481,6.646428,0,0,0,40,4882,45.8949,1999.70202636719,,,,,,,,,,,,,0,,,,2.9608517,,,,,,45.4400215,,,,
,44270984.1,45.4812927,1999.70202636719,0.00083598432110293,2.52603270701661E-7,1,0.999253354069792,40.0298881530762,2.00091620858194,19.0900005400181,0.00949599306453651,0.00175356135896704,0.25,5.57173916288796E-6,0.00083480289453252,1.16674243338294E-5,45.4812927,45.4812927,1999.70202636719,1999.70202636719,61.7439632481219,20.7778516680781,6.646428,0,0,0,40,4882,45.93495,1999.70202636719,,,,,,,,,,,,,0,,,,2.9608517,,,,,,45.4812927,,,,
,44270984.82,45.49041365,1999.70202636719,0.000835623177468813,2.147395026825E-7,1,0.999253354069792,40.0298881530762,2.00096260582527,19.0900005400181,0.00949205188439819,0.00175331306113193,0.25,5.60956328279739E-6,0.000834444950728309,1.17031914311138E-5,45.4812927,45.4995346,1999.70202636719,1999.70202636719,61.8291607567181,20.7769076593124,7.019488,0,0,0,40,4882,45.94675,1999.70202636719,,,,,,,,,,,,,0,,,,2.9608517,,,,,,45.49041365,,,,
,44270987.095,45.5319405,1999.70202636719,0.000835365655957856,2.10024800003053E-7,1,0.999253354069792,40.0298881530762,2.0008592253875,19.0900005400181,0.00948854771975905,0.00175392802821553,0.25,5.71345657785067E-6,0.000834196263073201,1.18070317671714E-5,45.5319405,45.5319405,1999.70202636719,1999.70202636719,61.432875097468,20.7778428025743,6.646428,0,0,0,40,4882,45.98375,1999.70202636719,,,,,,,,,,,,,0,,,,2.9608517,,,,,,45.5319405,,,,
,44270987.835,45.54141045,1999.70202636719,0.000835188260906668,2.48204074810139E-7,1,0.999253354069792,40.0298881530762,2.00091855581792,19.0900005400181,0.00948685480276083,0.00175351171217559,0.25,5.70281864276958E-6,0.000834022374402614,1.17957801086819E-5,45.5319405,45.5508804,1999.70202636719,1999.70202636719,62.1035123669681,20.7738137977658,6.646428,0,0,0,40,4882,45.99635,1999.70202636719,,,,,,,,,,,,,0,,,,2.9608517,,,,,,45.54141045,,,,
,44270988.99,45.55905915,1999.70202636719,0.000834957407543016,2.75030616223931E-7,1,0.999253354069792,40.0298881530762,2.00097875635654,19.0900005400181,0.00948362408964391,0.00175835670598789,0.25,6.16355624215897E-6,0.000833793427345254,1.22552537547868E-5,45.5508804,45.5672379,1999.70202636719,1999.70202636719,61.6720534243527,20.7776357888298,7.019488,0,0,0,40,4882,46.01605,1999.70202636719,,,,,,,,,,,,,0,,,,2.9608517,,,,,,45.55905915,,,,
,44270991.14,45.6000633,1999.70202636719,0.000834949114739302,2.62876157137013E-7,1,0.999253354069792,40.0298881530762,2.00096380579407,19.0900005400181,0.00948427030373145,0.00175439755981299,0.25,5.81447320709798E-6,0.000833796989450818,1.19085279152921E-5,45.6000633,45.6000633,1999.70202636719,1999.70202636719,61.7658488466604,20.7777872633861,6.646428,0,0,0,40,4882,46.0532,1999.70202636719,,,,,,,,,,,,,0,,,,2.9905784,,,,,,45.6000633,,,,
,44270991.89,45.6097107,1999.70202636719,0.000834658765873347,2.53074776942746E-7,1,0.999253354069792,40.0298881530762,2.00089981452614,19.0900005400181,0.00948057180318215,0.00175457388033901,0.25,5.88508592837407E-6,0.000833509713309136,1.19775862009987E-5,45.6000633,45.6193581,1999.70202636719,1999.70202636719,61.7463081336796,20.7758830044234,6.646428,0,0,0,40,4882,46.06585,1999.70202636719,,,,,,,,,,,,,0,,,,2.97571505,,,,,,45.6097107,,,,
,44270993.97,45.6357002,1999.70202636719,0.000834835661091743,2.37952650158497E-7,1,0.999253354069792,40.0298881530762,2.00095015199583,19.0900005400181,0.00948304743351568,0.00175427986730725,0.25,5.82046856530229E-6,0.000833696475030637,1.19163184866647E-5,45.6357002,45.6357002,1999.70202636719,1999.70202636719,61.5837294016796,20.776535482991,7.019488,0,0,0,40,4882,46.10375,1999.70202636719,,,,,,,,,,,,,0,,,,2.9608517,,,,,,45.6357002,,,,
,44270995.57,45.6697655,1999.70202636719,0.000834573035126563,2.7161744093698E-7,1,0.999253354069792,40.0298881530762,2.00096331234572,19.0900005400181,0.00948099123703934,0.00174932889368944,0.25,5.42820077615017E-6,0.00083344416466428,1.15241100044656E-5,45.6697655,45.6697655,1999.70202636719,1999.70202636719,61.8924726667758,20.7766626773303,6.646428,0,0,0,40,4882,46.1322,1999.70202636719,,,,,,,,,,,,,0,,,,2.9608517,,,,,,45.6697655,,,,
,44270996.165,45.6809101,1999.70202636719,0.000833871511712571,2.32578177924141E-7,1,0.999253354069792,40.0298881530762,2.00089403750158,19.0900005400181,0.00947186839611606,0.00175267503467148,0.25,5.85139161529443E-6,0.00083274263944939,1.194206774418E-5,45.6697655,45.6920547,1999.70202636719,1999.70202636719,61.8057119011411,20.7765536525357,6.646428,0,0,0,40,4882,46.14095,1999.70202636719,,,,,,,,,,,,,0,,,,2.9608517,,,,,,45.6809101,,,,
,44270997.245,45.70005035,1999.70202636719,0.000834042822738531,2.07316235059702E-7,1,0.999253354069792,40.0298881530762,2.00082935828767,19.0900005400181,0.00947402001102228,0.00175047374307237,0.25,5.63047385211717E-6,0.000832919727584652,1.17235860090518E-5,45.6920547,45.708046,1999.70202636719,1999.70202636719,61.8025853870642,20.7759638622473,7.019488,0,0,0,40,4882,46.15845,1999.70202636719,,,,,,,,,,,,,0,,,,2.94613615,,,,,,45.70005035,,,,
,44270999.22,45.7229996,1999.70202636719,0.000833794781924474,2.97092528010047E-7,1,0.999253354069792,40.0298881530762,2.0009617994151,19.0900005400181,0.00947181254543945,0.00175045665419668,0.25,5.66074333598187E-6,0.000832678831968361,1.17534211477505E-5,45.7229996,45.7229996,1999.70202636719,1999.70202636719,61.6345352554296,20.780118270738,6.646428,0,0,0,40,4882,46.1863,1999.70202636719,,,,,,,,,,,,,0,,,,2.9608517,,,,,,45.7229996,,,,
,44270999.805,45.73332215,1999.70202636719,0.000834040258087155,2.61087639174237E-7,1,0.999253354069792,40.0298881530762,2.00093789389831,19.0900005400181,0.00947447652859098,0.00175126450040434,0.25,5.688655191654E-6,0.000832927081678059,1.17837528972714E-5,45.7229996,45.7436447,1999.70202636719,1999.70202636719,61.6345352554296,20.779007079685,6.273368,0,0,0,40,4882,46.1993,1999.70202636719,,,,,,,,,,,,,0,,,,2.9608517,,,,,,45.73332215,,,,
,44271000.965,45.75906945,1999.70202636719,0.000833308356320569,2.44331671671947E-7,1,0.999253354069792,40.0298881530762,2.00088294709267,19.0900005400181,0.00946638485540128,0.00174737671284264,0.25,5.47906143257943E-6,0.000832202775231304,1.15701096074278E-5,45.7436447,45.7744942,1999.70202636719,1999.70202636719,61.761159075545,20.7765153209832,7.019488,0,0,0,40,4882,46.21985,1999.70202636719,,,,,,,,,,,,,0,,,,2.9608517,,,,,,45.75906945,,,,
,44271002.215,45.78372955,1999.70202636719,0.000833440923493229,2.10015953350485E-7,1,0.999253354069792,40.0298881530762,2.00096194047347,19.0900005400181,0.0094677087629125,0.00175112421269375,0.25,5.77708071819094E-6,0.000832338698434683,1.18698626396072E-5,45.7744942,45.7929649,1999.70202636719,1999.70202636719,61.4805544371411,20.7774059309613,7.019488,0,0,0,40,4882,46.2426,1999.70202636719,,,,,,,,,,,,,0,,,,2.97571505,,,,,,45.78372955,,,,
,44271003.465,45.8017063,1999.70202636719,0.000833244166695126,2.07576579450977E-7,1,0.999253354069792,40.0298881530762,2.00091265983033,19.0799999982119,0.00946528233975395,0.00175087939668254,0.25,5.79201837453381E-6,0.000832147861941219,1.18844835799274E-5,45.7929649,45.8104477,1999.70202636719,1999.70202636719,61.7767916459296,20.7768332669729,7.019488,0,0,0,40,4882,46.2654,1999.70202636719,,,,,,,,,,,,,0,,,,2.9905784,,,,,,45.8017063,,,,
,44271005.475,45.8269958,1999.70202636719,0.000833047024348384,2.12261052031952E-7,1,0.999253354069792,40.0298881530762,2.00094816902072,19.0900005400181,0.00946346444035077,0.00174965503603227,0.25,5.71332067162141E-6,0.000831961091637444,1.18063083485698E-5,45.8269958,45.8269958,1999.70202636719,1999.70202636719,61.6165577994873,20.777299983552,6.646428,0,0,0,40,4882,46.3029,1999.70202636719,,,,,,,,,,,,,0,,,,2.9608517,,,,,,45.8269958,,,,
,44271007.105,45.8613358,1999.70202636719,0.000833032710658682,2.23614850845125E-7,1,0.999253354069792,40.0298881530762,2.00099828232476,19.0900005400181,0.00946397946150379,0.00174762943353462,0.25,5.5313060262855E-6,0.000831955750691725,1.16259154079197E-5,45.8613358,45.8613358,1999.70202636719,1999.70202636719,61.7541244188719,20.7767519076045,7.019488,0,0,0,40,4882,46.3333,1999.70202636719,,,,,,,,,,,,,0,,,,2.97571505,,,,,,45.8613358,,,,
,44271007.705,45.8707085,1999.70202636719,0.000833141181013147,2.24090029965896E-7,1,0.999253354069792,40.0298881530762,2.00085734879391,19.0900005400181,0.00946374853821266,0.00175240154527292,0.25,5.94187539757804E-6,0.000832061126519869,1.20367919409498E-5,45.8613358,45.8800812,1999.70202636719,1999.70202636719,61.6689269102757,20.7769120863625,6.273368,0,0,0,40,4882,46.3338,1999.70202636719,,,,,,,,,,,,,0,,,,2.97571505,,,,,,45.8707085,,,,
,44271008.79,45.88863755,1999.70202636719,0.000832852378073864,2.3592797573787E-7,1,0.999253354069792,40.0298881530762,2.00089114259772,19.0900005400181,0.00946067733184521,0.00175175337778056,0.25,5.9323560008538E-6,0.000831776570318682,1.20259185272278E-5,45.8800812,45.8971939,1999.70202636719,1999.70202636719,61.964382490545,20.7769702834289,6.646428,0,0,0,40,4882,46.34905,1999.70202636719,,,,,,,,,,,,,0,,,,2.9905784,,,,,,45.88863755,,,,
,44271009.955,45.9038429,1999.70202636719,0.000833298945351958,2.71510485213839E-7,1,0.999253354069792,40.0298881530762,2.00088692456791,19.0900005400181,0.0094666275485561,0.00174790148041968,0.25,5.51319429850294E-6,0.000832229499788326,1.16112934234723E-5,45.8971939,45.9104919,1999.70202636719,1999.70202636719,62.0644309410066,20.7763151165347,7.019488,0,0,0,40,4882,46.3643,1999.70202636719,,,,,,,,,,,,,0,,,,2.9905784,,,,,,45.9038429,,,,
,44271011.235,45.9282436,1999.70202636719,0.000832414287121036,2.71130952640355E-7,1,0.999253354069792,40.0298881530762,2.00090868010808,19.0900005400181,0.00945633093816486,0.00174825860552983,0.25,5.69886545164555E-6,0.00083134846495779,1.17910207460602E-5,45.9104919,45.9459953,1999.70202636719,1999.70202636719,62.0089353161412,20.7775336792454,6.646428,0,0,0,40,4882,46.38005,1999.70202636719,,,,,,,,,,,,,0,,,,2.9905784,,,,,,45.9282436,,,,
,44271012.43,45.95410535,1999.70202636719,0.000832079285903987,2.2123459912989E-7,1,0.999253354069792,40.0298881530762,2.00092645132328,19.0799999982119,0.00945330279662948,0.00174415344379162,0.25,5.39343237174395E-6,0.000831023773417467,1.14849730742514E-5,45.9459953,45.9622154,1999.70202636719,1999.70202636719,61.9761069183335,20.7757378471703,6.646428,0,0,0,40,4882,46.4103,1999.70202636719,,,,,,,,,,,,,0,,,,2.9905784,,,,,,45.95410535,,,,
,44271013.55,45.969759,1999.70202636719,0.000831864350366774,2.2628151279748E-7,1,0.999253354069792,40.0298881530762,2.00089838994637,19.0900005400181,0.00945040161658448,0.001745934395327,0.25,5.58819963757568E-6,0.000830813441879644,1.16790187957516E-5,45.9622154,45.9773026,1999.70202636719,1999.70202636719,61.761159075545,20.7756118800316,6.646428,0,0,0,40,4882,46.43295,1999.70202636719,,,,,,,,,,,,,0,,,,2.9905784,,,,,,45.969759,,,,
,44271014.72,45.98510745,1999.70202636719,0.000832371923549934,2.03758197281644E-7,1,0.999253354069792,40.0298881530762,2.00093473658435,19.0900005400181,0.00945648302788885,0.00174643301937846,0.25,5.53773678024346E-6,0.000831324627140881,1.16330715298254E-5,45.9773026,45.9929123,1999.70202636719,1999.70202636719,61.6548575969296,20.7750929067426,6.646428,0,0,0,40,4882,46.44825,1999.70202636719,,,,,,,,,,,,,0,,,,2.9905784,,,,,,45.98510745,,,,
,44271016.72,46.0186119,1999.70202636719,0.000832023906379305,2.4267117277218E-7,1,0.999253354069792,40.0298881530762,2.00093026748198,19.0900005400181,0.00945209102649448,0.00174868467387309,0.25,5.79445620318208E-6,0.000830984733430232,1.18887364769987E-5,46.0091629,46.0280609,1999.70202636719,1999.70202636719,61.6548575969296,20.7743802462439,6.646428,0,0,0,40,4882,46.4861,1999.70202636719,,,,,,,,,,,,,0,,,,2.97571505,,,,,,46.0186119,,,,
,44271018.295,46.0427551,1999.70202636719,0.000831809916962033,2.24406876951098E-7,1,0.999253354069792,40.0298881530762,2.00093284254211,19.0799999982119,0.0094502052238567,0.00174575062680681,0.25,5.57158840014946E-6,0.000830780412314334,1.16660142556879E-5,46.0427551,46.0427551,1999.70202636719,1999.70202636719,61.7369285914488,20.7743340200992,7.019488,0,0,0,40,4882,46.5167,1999.70202636719,,,,,,,,,,,,,0,,,,2.9905784,,,,,,46.0427551,,,,
,44271018.945,46.0520382,1999.70202636719,0.000831418112820638,2.64374001149797E-7,1,0.999253354069792,40.0298881530762,2.00095520541163,19.0900005400181,0.00944534073667789,0.0017478393095305,0.25,5.82321753100503E-6,0.000830387276637172,1.19144930353424E-5,46.0427551,46.0613213,1999.70202636719,1999.70202636719,61.6134312854104,20.7762432774649,6.646428,0,0,0,40,4882,46.5172,1999.70202636719,,,,,,,,,,,,,0,,,,2.97571505,,,,,,46.0520382,,,,
,44271020.08,46.0698624,1999.70202636719,0.000831795243771841,2.52464696772951E-7,1,0.999253354069792,40.0298881530762,2.00094636850392,19.0799999982119,0.00945020025941722,0.0017454217150806,0.25,5.54288159416985E-6,0.000830769868009681,1.16379779415144E-5,46.0613213,46.0784035,1999.70202636719,1999.70202636719,61.9995557739104,20.7773469265463,7.019488,0,0,0,40,4882,46.53255,1999.70202636719,,,,,,,,,,,,,0,,,,2.97571505,,,,,,46.0698624,,,,
,44271021.275,46.0861435,1999.70202636719,0.000831349650225955,2.51590422894889E-7,1,0.999253354069792,40.0298881530762,2.00099437714116,19.0900005400181,0.00944662756994861,0.00173787526768058,0.25,4.95244298728777E-6,0.000830336891816899,1.10463802277674E-5,46.0784035,46.0938835,1999.70202636719,1999.70202636719,62.0097169446604,20.7773328277225,6.646428,0,0,0,40,4882,46.5628,1999.70202636719,,,,,,,,,,,,,0,,,,2.97571505,,,,,,46.0861435,,,,
,44271023.47,46.1294212,1999.70202636719,0.000831285036900957,2.67322876895228E-7,1,0.999253354069792,40.0298881530762,2.00097975663029,19.0799999982119,0.00944399654628775,0.00174879747315701,0.25,5.92105382941767E-6,0.000830276912145976,1.20155213152764E-5,46.1294212,46.1294212,1999.70202636719,1999.70202636719,61.740836734045,20.7758925991709,7.019488,0,0,0,40,4882,46.6089,1999.70202636719,,,,,,,,,,,,,0,,,,2.9905784,,,,,,46.1294212,,,,
,44271024.97,46.1443672,1999.70202636719,0.000830826526506529,2.79047691717767E-7,1,0.999253354069792,40.0298881530762,2.00097019378364,19.0900005400181,0.00944005161686387,0.00174087036927049,0.25,5.30430332111223E-6,0.000829829444558589,1.13971955564274E-5,46.1443672,46.1443672,1999.70202636719,1999.70202636719,61.8408851845065,20.775748226126,6.646428,0,0,0,40,4882,46.6323,1999.70202636719,,,,,,,,,,,,,0,,,,2.97571505,,,,,,46.1443672,,,,
,44271026.52,46.1823196,1999.70202636719,0.000831216800940955,2.60218673194947E-7,1,0.999253354069792,40.0298881530762,2.00093688862485,19.0900005400181,0.00944277305552581,0.0017505704275158,0.25,6.08940737398013E-6,0.000830215300463729,1.21846298310409E-5,46.1823196,46.1823196,1999.70202636719,1999.70202636719,61.7400551055258,20.7773531688085,6.273368,0,0,0,40,4882,46.64045,1999.70202636719,,,,,,,,,,,,,0,,,,2.9905784,,,,,,46.1823196,,,,
,44271027.185,46.1906204,1999.70202636719,0.000831078106647917,2.53941252041097E-7,1,0.999253354069792,40.0298881530762,2.00098880160233,19.0799999982119,0.00944240990056784,0.00174507329839724,0.25,5.62565234415822E-6,0.000830084072545644,1.17210856577759E-5,46.1823196,46.1989212,1999.70202636719,1999.70202636719,62.0683390836027,20.7764405349144,6.646428,0,0,0,40,4882,46.65565,1999.70202636719,,,,,,,,,,,,,0,,,,2.9905784,,,,,,46.1906204,,,,
,44271028.28,46.2083664,1999.70202636719,0.000830839802071942,2.1575058616377E-7,1,0.999253354069792,40.0298881530762,2.00088455818881,19.0900005400181,0.00943936750686204,0.00174412141546532,0.25,5.58991667652521E-6,0.000829852136129632,1.16846828063194E-5,46.1989212,46.2178116,1999.70202636719,1999.70202636719,61.9010705804873,20.7767716435484,6.646428,0,0,0,40,4882,46.67855,1999.70202636719,,,,,,,,,,,,,0,,,,2.97571505,,,,,,46.2083664,,,,
,44271029.4,46.2253151,1999.70202636719,0.000830486369374292,2.16702589657929E-7,1,0.999253354069792,40.0298881530762,2.00100155534414,19.0900005400181,0.00943546749245431,0.00174604410369852,0.25,5.81185900927991E-6,0.000829501432020872,1.19044878317024E-5,46.2178116,46.2328186,1999.70202636719,1999.70202636719,61.4422546396988,20.7768642082709,7.019488,0,0,0,40,4882,46.69425,1999.70202636719,,,,,,,,,,,,,0,,,,2.97571505,,,,,,46.2253151,,,,
,44271030.66,46.24163435,1999.70202636719,0.000830613723921314,2.25226468248139E-7,1,0.999253354069792,40.0298881530762,2.00109662632142,19.0900005400181,0.00943815146400028,0.00174222763811147,0.25,5.44472664120202E-6,0.000829637264336911,1.15397516258976E-5,46.2328186,46.2504501,1999.70202636719,1999.70202636719,61.6939390228911,20.7772168541111,7.019488,0,0,0,40,4882,46.71745,1999.70202636719,,,,,,,,,,,,,0,,,,2.9905784,,,,,,46.24163435,,,,
,44271032.82,46.284626,1999.70202636719,0.000829951118511921,2.45898154497046E-7,1,0.999253354069792,40.0298881530762,2.00102917223124,19.0900005400181,0.00942978818567012,0.00174454031941393,0.25,5.76672576848678E-6,0.000828984679412475,1.18585733785455E-5,46.284626,46.284626,1999.70202636719,1999.70202636719,61.507129806795,20.7779861639001,7.019488,0,0,0,40,4882,46.7634,1999.70202636719,,,,,,,,,,,,,0,,,,2.9905784,,,,,,46.284626,,,,
,44271033.54,46.29367445,1999.70202636719,0.000829914702156202,2.17222569370686E-7,1,0.999253354069792,40.0298881530762,2.00093041658698,19.0900005400181,0.00942943288269523,0.00174169385056909,0.25,5.5294807194158E-6,0.000828952060113391,1.16216791527368E-5,46.284626,46.3027229,1999.70202636719,1999.70202636719,61.7799181600065,20.7780386682871,6.646428,0,0,0,40,4882,46.7714,1999.70202636719,,,,,,,,,,,,,0,,,,2.97571505,,,,,,46.29367445,,,,
,44271034.705,46.31140515,1999.70202636719,0.000829980616520474,2.21645744194731E-7,1,0.999253354069792,40.0298881530762,2.00094078443137,19.0900005400181,0.00943012244460193,0.00174270287005647,0.25,5.60430877989717E-6,0.000829021382242876,1.16976153113793E-5,46.3027229,46.3200874,1999.70202636719,1999.70202636719,61.5235440056988,20.7768581301432,6.646428,0,0,0,40,4882,46.7874,1999.70202636719,,,,,,,,,,,,,0,,,,2.9608517,,,,,,46.31140515,,,,
,44271035.9,46.3276653,1999.70202636719,0.000829541321217826,2.65484063228009E-7,1,0.999253354069792,40.0298881530762,2.00092410672019,19.0900005400181,0.0094253967983521,0.00174024114615549,0.25,5.46522063503594E-6,0.000828589470132208,1.1556463559349E-5,46.3200874,46.3352432,1999.70202636719,1999.70202636719,61.6486045687758,20.7765135824973,6.273368,0,0,0,40,4882,46.8104,1999.70202636719,,,,,,,,,,,,,0,,,,2.9608517,,,,,,46.3276653,,,,
,44271037.23,46.35210415,1999.70202636719,0.0008293844709329,2.86194189544138E-7,1,0.999253354069792,40.0298881530762,2.0009876037114,19.0900005400181,0.00942293140562642,0.00174592295924738,0.25,5.9852835379184E-6,0.000828436749098022,1.20761401726908E-5,46.3352432,46.3689651,1999.70202636719,1999.70202636719,61.6829962236219,20.7781110277296,6.646428,0,0,0,40,4882,46.84095,1999.70202636719,,,,,,,,,,,,,0,,,,2.9608517,,,,,,46.35210415,,,,
,44271038.525,46.377655,1999.70202636719,0.000829435193798497,2.64551501533857E-7,1,0.999253354069792,40.0298881530762,2.00110920741861,19.0799999982119,0.00942501457932077,0.00174098279265882,0.25,5.53178902288734E-6,0.000828494661285775,1.16241969990546E-5,46.3689651,46.3863449,1999.70202636719,1999.70202636719,61.7791365314873,20.7787339175825,7.019488,0,0,0,40,4882,46.85675,1999.70202636719,,,,,,,,,,,,,0,,,,2.9608517,,,,,,46.377655,,,,
,44271039.68,46.3958969,1999.70202636719,0.000829766800766816,2.47857641840565E-7,1,0.999253354069792,40.0298881530762,2.00099653106793,19.0900005400181,0.00942716570427575,0.00174809368222227,0.25,6.1047573768264E-6,0.000828825607901535,1.21996565092136E-5,46.3863449,46.4054489,1999.70202636719,1999.70202636719,61.8182179574489,20.7765427572703,6.646428,0,0,0,40,4882,46.8723,1999.70202636719,,,,,,,,,,,,,0,,,,2.9608517,,,,,,46.3958969,,,,
,44271040.79,46.4146595,1999.70202636719,0.000829275729798071,2.67620296210564E-7,1,0.999253354069792,40.0298881530762,2.00094672849762,19.0900005400181,0.00942286576360729,0.00173883112857976,0.25,5.38013912050054E-6,0.000828344367845917,1.1472888890188E-5,46.4054489,46.4238701,1999.70202636719,1999.70202636719,61.9073236086412,20.7769122084872,7.019488,0,0,0,40,4882,46.8881,1999.70202636719,,,,,,,,,,,,,0,,,,2.9608517,,,,,,46.4146595,,,,
,44271041.97,46.43138885,1999.70202636719,0.000829250429744527,1.73288390468384E-7,1,0.999253354069792,40.0298881530762,2.00097775662125,19.0900005400181,0.00942220985225198,0.00174192724781855,0.25,5.6531552657993E-6,0.000828321156668333,1.17461159661676E-5,46.4238701,46.4389076,1999.70202636719,1999.70202636719,61.6454780546988,20.7761169463901,6.273368,0,0,0,40,4882,46.9042,1999.70202636719,,,,,,,,,,,,,0,,,,2.97571505,,,,,,46.43138885,,,,
,44271043.205,46.4481125,1999.70202636719,0.000828918701952603,2.04201057310774E-7,1,0.999253354069792,40.0298881530762,2.00095833389731,19.0900005400181,0.00941822317068913,0.00174233895910233,0.25,5.74775320214826E-6,0.000827995004116754,1.18391620714967E-5,46.4389076,46.4573174,1999.70202636719,1999.70202636719,61.7627223325834,20.7786444367022,6.646428,0,0,0,40,4882,46.92735,1999.70202636719,,,,,,,,,,,,,0,,,,2.97571505,,,,,,46.4481125,,,,
,44271044.415,46.4738045,1999.70202636719,0.000828789062433462,2.94797542862352E-7,1,0.999253354069792,40.0298881530762,2.00098074836658,19.0900005400181,0.00941678285898875,0.00174272154883418,0.25,5.80148268168961E-6,0.000827868965821746,1.18925424169551E-5,46.4573174,46.4902916,1999.70202636719,1999.70202636719,61.6243740846796,20.7784885299333,6.273368,0,0,0,40,4882,46.94295,1999.70202636719,,,,,,,,,,,,,0,,,,2.9608517,,,,,,46.4738045,,,,
,44271045.565,46.4902916,1999.70202636719,0.000829004560980404,2.74520303157633E-7,1,0.999253354069792,40.0298881530762,2.00097434059171,19.0900005400181,0.00941920132780889,0.0017435727963761,0.25,5.83643880395825E-6,0.000828089966455429,1.19300376652246E-5,46.4902916,46.4902916,1999.70202636719,1999.70202636719,61.7298939347758,20.7764461228649,7.019488,0,0,0,40,4882,46.96635,1999.70202636719,,,,,,,,,,,,,0,,,,2.97571505,,,,,,46.4902916,,,,
,44271047.57,46.5279465,1999.70202636719,0.00082875485616909,2.21602939570997E-7,1,0.999253354069792,40.0298881530762,2.00096920200976,19.0900005400181,0.00941746022306181,0.00173752876181995,0.25,5.34599574811394E-6,0.000827855899007605,1.14402011987458E-5,46.5279465,46.5279465,1999.70202636719,1999.70202636719,61.588419172795,20.7783292080937,6.646428,0,0,0,40,4882,47.0125,1999.70202636719,,,,,,,,,,,,,0,,,,2.9608517,,,,,,46.5279465,,,,
,44271049.08,46.5465851,1999.70202636719,0.00082878687776188,2.75554290796729E-7,1,0.999253354069792,40.0298881530762,2.0009575674726,19.0900005400181,0.00941727895559282,0.00174089051804804,0.25,5.63397613540309E-6,0.000827893813726049,1.17294167209047E-5,46.5465851,46.5465851,1999.70202636719,1999.70202636719,61.6587657395258,20.7776724939198,7.019488,0,0,0,40,4882,47.0438,1999.70202636719,,,,,,,,,,,,,0,,,,2.9608517,,,,,,46.5465851,,,,
,44271049.695,46.5560379,1999.70202636719,0.000828616383865597,2.61972472230297E-7,1,0.999253354069792,40.0298881530762,2.00106242931199,19.0900005400181,0.00941628811228878,0.00173794298214845,0.25,5.39755456977033E-6,0.000827725282369931,1.14920024426462E-5,46.5465851,46.5654907,1999.70202636719,1999.70202636719,62.0667758265643,20.77840793999,6.646428,0,0,0,40,4882,47.0443,1999.70202636719,,,,,,,,,,,,,0,,,,2.97571505,,,,,,46.5560379,,,,
,44271050.875,46.5819111,1999.70202636719,0.000828059534029048,2.62557908990182E-7,1,0.999253354069792,40.0298881530762,2.00101504180569,19.0900005400181,0.00941007295125271,0.00173516436404928,0.25,5.25449150653913E-6,0.000827173931337686,1.13456275715452E-5,46.5654907,46.5983315,1999.70202636719,1999.70202636719,61.6689269102757,20.7750529542983,7.019488,0,0,0,40,4882,47.05995,1999.70202636719,,,,,,,,,,,,,0,,,,2.9905784,,,,,,46.5819111,,,,
,44271052.04,46.60652735,1999.70202636719,0.000828052819809389,2.13774048251014E-7,1,0.999253354069792,40.0298881530762,2.00106360805712,19.0900005400181,0.00940937225504884,0.00174031329701397,0.25,5.70277297936365E-6,0.000827169802301372,1.1794352619038E-5,46.5983315,46.6147232,1999.70202636719,1999.70202636719,62.1074205095643,20.7761298764646,6.646428,0,0,0,40,4882,47.0832,1999.70202636719,,,,,,,,,,,,,0,,,,2.97571505,,,,,,46.60652735,,,,
,44271054.19,46.6359787,1999.70202636719,0.000827914565056167,2.66351742710322E-7,1,0.999253354069792,40.0298881530762,2.00102501931804,19.0900005400181,0.00940743408881234,0.00174148786558175,0.25,5.83137714313884E-6,0.000827036852812355,1.19227965528883E-5,46.6359787,46.6359787,1999.70202636719,1999.70202636719,61.6314087413527,20.7779710438285,6.273368,0,0,0,40,4882,47.1075,1999.70202636719,,,,,,,,,,,,,0,,,,2.9905784,,,,,,46.6359787,,,,
,44271055.725,46.6620655,1999.70202636719,0.000827431845022012,2.3816830409443E-7,1,0.999253354069792,40.0298881530762,2.00095802777164,19.0900005400181,0.0094023881747013,0.00173679309026302,0.25,5.50679804128653E-6,0.000826565039347368,1.15962589620593E-5,46.6528168,46.6713142,1999.70202636719,1999.70202636719,61.9151398938335,20.7784962494952,7.019488,0,0,0,40,4882,47.139,1999.70202636719,,,,,,,,,,,,,0,,,,2.9905784,,,,,,46.6620655,,,,
,44271056.415,46.6781597,1999.70202636719,0.000827881015013867,2.53059203864534E-7,1,0.999253354069792,40.0298881530762,2.00097606170918,19.0799999982119,0.00940727832793539,0.00173966208733572,0.25,5.67651572718006E-6,0.000827016357069821,1.17697250598383E-5,46.6713142,46.6850052,1999.70202636719,1999.70202636719,61.4860258367757,20.7780867397176,7.019488,0,0,0,40,4882,47.1542,1999.70202636719,,,,,,,,,,,,,0,,,,3.00559105,,,,,,46.6781597,,,,
,44271057.695,46.69389725,1999.70202636719,0.000827912779236427,3.04590561961296E-7,1,0.999253354069792,40.0298881530762,2.00102813380384,19.0900005400181,0.00940795160930148,0.00173959008464516,0.25,5.6594407137487E-6,0.000827052197345627,1.17535276829234E-5,46.6850052,46.7027893,1999.70202636719,1999.70202636719,61.6955022799296,20.7764933319004,6.646428,0,0,0,40,4882,47.1699,1999.70202636719,,,,,,,,,,,,,0,,,,3.00559105,,,,,,46.69389725,,,,
,44271058.92,46.7119255,1999.70202636719,0.000827793694759043,2.38080012876309E-7,1,0.999253354069792,40.0298881530762,2.00107361422386,19.0900005400181,0.00940722002158266,0.00173729436975953,0.25,5.47420812785108E-6,0.000826938635896221,1.15682355421857E-5,46.7027893,46.7210617,1999.70202636719,1999.70202636719,61.5829477731604,20.7767695660782,6.646428,0,0,0,40,4882,47.1859,1999.70202636719,,,,,,,,,,,,,0,,,,2.9905784,,,,,,46.7119255,,,,
,44271060.07,46.7371006,1999.70202636719,0.000827764050229158,2.92484592002663E-7,1,0.999253354069792,40.0298881530762,2.00097527402641,19.0799999982119,0.00940652346900945,0.00173722203722801,0.25,5.47768897984052E-6,0.000826916925898713,1.15727191902169E-5,46.7210617,46.7531395,1999.70202636719,1999.70202636719,61.8205628430065,20.7753425604141,7.019488,0,0,0,40,4882,47.21695,1999.70202636719,,,,,,,,,,,,,0,,,,2.9905784,,,,,,46.7371006,,,,
,44271061.225,46.76000975,1999.70202636719,0.000827206651330596,2.4105318743674E-7,1,0.999253354069792,40.0298881530762,2.00096781628662,19.0900005400181,0.00939977862445498,0.00173843281986879,0.25,5.6824720359701E-6,0.000826362570537644,1.17738230018316E-5,46.7531395,46.76688,1999.70202636719,1999.70202636719,62.0019006594681,20.7764348560156,6.273368,0,0,0,40,4882,47.233,1999.70202636719,,,,,,,,,,,,,0,,,,2.97571505,,,,,,46.76000975,,,,
,44271062.45,46.7757244,1999.70202636719,0.000827159226572213,2.70837166683452E-7,1,0.999253354069792,40.0298881530762,2.00103421152334,19.0900005400181,0.00939931576419679,0.00173989578641463,0.25,5.81335913398267E-6,0.000826318235708641,1.190485073375E-5,46.76688,46.7845688,1999.70202636719,1999.70202636719,61.8025853870642,20.7753065380875,6.646428,0,0,0,40,4882,47.2488,1999.70202636719,,,,,,,,,,,,,0,,,,2.97571505,,,,,,46.7757244,,,,
,44271063.75,46.7938595,1999.70202636719,0.00082702881493618,2.63637383023737E-7,1,0.999253354069792,40.0298881530762,2.00099091167083,19.0799999982119,0.00939818702953707,0.00173704023133347,0.25,5.58614388839643E-6,0.000826197631074565,1.16780993233606E-5,46.7845688,46.8031502,1999.70202636719,1999.70202636719,61.9229561790258,20.7771386488054,6.646428,0,0,0,40,4882,47.2799,1999.70202636719,,,,,,,,,,,,,0,,,,2.9905784,,,,,,46.7938595,,,,
,44271065.035,46.8117428,1999.70202636719,0.000826835516302772,2.25904643103803E-7,1,0.999253354069792,40.0298881530762,2.00096229070794,19.0799999982119,0.00939624526757383,0.00173486343859998,0.25,5.4293067608949E-6,0.000826011804873689,1.15209063816922E-5,46.8031502,46.8203354,1999.70202636719,1999.70202636719,61.9878313461219,20.7752864528503,7.019488,0,0,0,40,4882,47.30385,1999.70202636719,,,,,,,,,,,,,0,,,,2.9905784,,,,,,46.8117428,,,,
,44271067.445,46.8598251,1999.70202636719,0.000826703297576185,2.07667970996957E-7,1,0.999253354069792,40.0298881530762,2.00106010099393,19.0799999982119,0.00939477552665034,0.0017373395672188,0.25,5.66138650156508E-6,0.00082588401962194,1.17527249658485E-5,46.8598251,46.8598251,1999.70202636719,1999.70202636719,61.5571540320257,20.7752589575485,6.646428,0,0,0,40,4882,47.3284,1999.70202636719,,,,,,,,,,,,,0,,,,2.9905784,,,,,,46.8598251,,,,
,44271068.085,46.86793325,1999.70202636719,0.000826947698352383,2.87909644954154E-7,1,0.999253354069792,40.0298881530762,2.00104210616604,19.0900005400181,0.00939824173649224,0.0017337792479304,0.25,5.30503194616271E-6,0.000826134846834551,1.13990990871328E-5,46.8598251,46.8760414,1999.70202636719,1999.70202636719,61.7494346477565,20.7762776598635,7.019488,0,0,0,40,4882,47.344,1999.70202636719,,,,,,,,,,,,,0,,,,2.97571505,,,,,,46.86793325,,,,
,44271069.31,46.88540075,1999.70202636719,0.000826395941441068,2.67115258072357E-7,1,0.999253354069792,40.0298881530762,2.0010065534117,19.0799999982119,0.00939093247047673,0.00173807073303998,0.25,5.78037142778422E-6,0.000825588142092973,1.18711023265729E-5,46.8760414,46.8947601,1999.70202636719,1999.70202636719,61.9010705804873,20.7779726923302,6.646428,0,0,0,40,4882,47.3752,1999.70202636719,,,,,,,,,,,,,0,,,,2.97571505,,,,,,46.88540075,,,,
,44271070.57,46.9041576,1999.70202636719,0.000826342461512314,2.4068697248046E-7,1,0.999253354069792,40.0298881530762,2.00104499014065,19.0900005400181,0.00938998183070832,0.00174115266153364,0.25,6.0566556313341E-6,0.00082553673680463,1.2147339880238E-5,46.8947601,46.9135551,1999.70202636719,1999.70202636719,61.5157277205065,20.7751000136337,6.273368,0,0,0,40,4882,47.3913,1999.70202636719,,,,,,,,,,,,,0,,,,2.9905784,,,,,,46.9041576,,,,
,44271071.72,46.92174335,1999.70202636719,0.000826646133293926,2.2706861434626E-7,1,0.999253354069792,40.0298881530762,2.00095896264739,19.0799999982119,0.0093939697800708,0.00173680413521889,0.25,5.62543422066155E-6,0.000825847333858249,1.17193474936265E-5,46.9135551,46.9299316,1999.70202636719,1999.70202636719,61.8010221300258,20.7776719398707,6.646428,0,0,0,40,4882,47.4072,1999.70202636719,,,,,,,,,,,,,0,,,,2.9905784,,,,,,46.92174335,,,,
,44271072.9,46.9388065,1999.70202636719,0.000826510969280355,2.03405179443599E-7,1,0.999253354069792,40.0298881530762,2.00098417509394,19.0799999982119,0.0093927107140845,0.00173588404588519,0.25,5.56549845960706E-6,0.000825716764348486,1.16590578261748E-5,46.9299316,46.9476814,1999.70202636719,1999.70202636719,61.6556392254488,20.7774673933001,6.646428,0,0,0,40,4882,47.4231,1999.70202636719,,,,,,,,,,,,,0,,,,2.9905784,,,,,,46.9388065,,,,
,44271074.18,46.96585655,1999.70202636719,0.000826011382563193,2.55412292895442E-7,1,0.999253354069792,40.0298881530762,2.00100475442197,19.0900005400181,0.00938708546410379,0.00173534430137455,0.25,5.60412339723797E-6,0.000825221416501953,1.16945638725307E-5,46.9476814,46.9840317,1999.70202636719,1999.70202636719,62.0065904305835,20.775854695911,7.019488,0,0,0,40,4882,47.4395,1999.70202636719,,,,,,,,,,,,,0,,,,2.9905784,,,,,,46.96585655,,,,
,44271076.25,46.9994011,1999.70202636719,0.000825811672976177,2.67549435391832E-7,1,0.999253354069792,40.0298881530762,2.0010198888571,19.0799999982119,0.00938500832674724,0.00173502907397682,0.25,5.60707989658252E-6,0.000825033869463237,1.16977523900033E-5,46.9994011,46.9994011,1999.70202636719,1999.70202636719,61.7705386177758,20.7753033134288,6.646428,0,0,0,40,4882,47.4863,1999.70202636719,,,,,,,,,,,,,0,,,,3.00559105,,,,,,46.9994011,,,,
,44271076.97,47.0085125,1999.70202636719,0.00082575122969286,2.2844495230297E-7,1,0.999253354069792,40.0298881530762,2.00109309154758,19.0900005400181,0.00938510376144461,0.00173267411689632,0.25,5.40427737735895E-6,0.000824979090106001,1.14952604871393E-5,46.9994011,47.0176239,1999.70202636719,1999.70202636719,61.7603774470258,20.7781624410658,7.019488,0,0,0,40,4882,47.50225,1999.70202636719,,,,,,,,,,,,,0,,,,2.9907277,,,,,,47.0085125,,,,
,44271078.175,47.02630425,1999.70202636719,0.000825951485460298,2.37836935599647E-7,1,0.999253354069792,40.0298881530762,2.00105313422062,19.0900005400181,0.00938697014546265,0.00173463636246946,0.25,5.5427035745769E-6,0.000825182314761543,1.16356330334243E-5,47.0176239,47.0349846,1999.70202636719,1999.70202636719,61.8909094097373,20.7759552487936,6.273368,0,0,0,40,4882,47.5187,1999.70202636719,,,,,,,,,,,,,0,,,,2.9907277,,,,,,47.02630425,,,,
,44271079.35,47.05179785,1999.70202636719,0.00082533164114048,2.40312295514166E-7,1,0.999253354069792,40.0298881530762,2.00093598667871,19.0900005400181,0.00937940628761145,0.0017334794029088,0.25,5.55851948100439E-6,0.000824566865525907,1.16474273968275E-5,47.0349846,47.0686111,1999.70202636719,1999.70202636719,62.0011190309489,20.7744751080641,7.019488,0,0,0,40,4882,47.53465,1999.70202636719,,,,,,,,,,,,,0,,,,3.0206037,,,,,,47.05179785,,,,
,44271081.465,47.0835762,1999.70202636719,0.00082543234937051,2.72880921212675E-7,1,0.999253354069792,40.0298881530762,2.00108085801401,19.0900005400181,0.00938182799305111,0.00173107282110251,0.25,5.31484442296858E-6,0.000824681482910918,1.1406386437842E-5,47.0835762,47.0835762,1999.70202636719,1999.70202636719,61.7502162762758,20.7770468146528,6.646428,0,0,0,40,4882,47.5821,1999.70202636719,,,,,,,,,,,,,0,,,,3.0206037,,,,,,47.0835762,,,,
,44271082.12,47.092144,1999.70202636719,0.000825109076508996,2.22454758330794E-7,1,0.999253354069792,40.0298881530762,2.00104697899783,19.0900005400181,0.00937735964543445,0.00173398473084399,0.25,5.63067639723118E-6,0.000824356210772618,1.1719575166868E-5,47.0835762,47.1007118,1999.70202636719,1999.70202636719,61.6970655369681,20.7759910812755,6.646428,0,0,0,40,4882,47.5826,1999.70202636719,,,,,,,,,,,,,0,,,,3.0206037,,,,,,47.092144,,,,
,44271084.185,47.1365852,1999.70202636719,0.00082513671988106,2.56108994481561E-7,1,0.999253354069792,40.0298881530762,2.00105587336418,19.0900005400181,0.00937807965401218,0.00173253058444802,0.25,5.49479527205217E-6,0.00082439298548634,1.15851477244193E-5,47.1365852,47.1365852,1999.70202636719,1999.70202636719,61.6063966287373,20.7775956887001,6.646428,0,0,0,40,4882,47.6151,1999.70202636719,,,,,,,,,,,,,0,,,,3.00559105,,,,,,47.1365852,,,,
,44271084.835,47.14495465,1999.70202636719,0.000825130839041385,2.75244222815289E-7,1,0.999253354069792,40.0298881530762,2.00100077774794,19.0900005400181,0.00937722150918439,0.00173580471706045,0.25,5.78634993136159E-6,0.000824388972996673,1.18769511641283E-5,47.1365852,47.1533241,1999.70202636719,1999.70202636719,61.6321903698719,20.7777196442599,7.019488,0,0,0,40,4882,47.63065,1999.70202636719,,,,,,,,,,,,,0,,,,2.9905784,,,,,,47.14495465,,,,
,44271086.04,47.16127585,1999.70202636719,0.000824675090892893,2.7998976340437E-7,1,0.999253354069792,40.0298881530762,2.00103566267782,19.0799999982119,0.00937287362869092,0.00173142175824251,0.25,5.47809386683975E-6,0.000823941134676368,1.15662951495051E-5,47.1533241,47.1692276,1999.70202636719,1999.70202636719,61.8205628430065,20.7770230420201,6.646428,0,0,0,40,4882,47.65115,1999.70202636719,,,,,,,,,,,,,0,,,,2.9905784,,,,,,47.16127585,,,,
,44271088.2,47.1968136,1999.70202636719,0.000824708136670901,2.82499500991535E-7,1,0.999253354069792,40.0298881530762,2.00102410511192,19.0900005400181,0.00937267496185927,0.00173498636760759,0.25,5.78370082731492E-6,0.000823980456744431,1.18730428393878E-5,47.187912,47.2057152,1999.70202636719,1999.70202636719,61.8463565841412,20.778123356633,7.019488,0,0,0,40,4882,47.6849,1999.70202636719,,,,,,,,,,,,,0,,,,2.9905784,,,,,,47.1968136,,,,
,44271088.96,47.21475985,1999.70202636719,0.00082488783852141,2.06222601703697E-7,1,0.999253354069792,40.0298881530762,2.00107634567654,19.0799999982119,0.0093755841790371,0.00173205701501851,0.25,5.48953417222641E-6,0.000824165404833167,1.1580882620067E-5,47.2057152,47.2238045,1999.70202636719,1999.70202636719,62.2457687574681,20.7791694282818,6.646428,0,0,0,40,4882,47.69775,1999.70202636719,,,,,,,,,,,,,0,,,,2.9905784,,,,,,47.21475985,,,,
,44271090.265,47.2320042,1999.70202636719,0.000823914155411921,2.64313417619635E-7,1,0.999253354069792,40.0298881530762,2.00102056617049,19.0900005400181,0.00936380238160692,0.0017329429096096,0.25,5.7429935300549E-6,0.000823196008663398,1.18276433295898E-5,47.2238045,47.2402039,1999.70202636719,1999.70202636719,61.7173878784681,20.7783662493751,6.646428,0,0,0,40,4882,47.7187,1999.70202636719,,,,,,,,,,,,,0,,,,2.9905784,,,,,,47.2320042,,,,
,44271092.345,47.2741737,1999.70202636719,0.000824105322782522,2.76113543554813E-7,1,0.999253354069792,40.0298881530762,2.00098581901556,19.0900005400181,0.00936591999175386,0.00173337513630541,0.25,5.74665331113273E-6,0.000823396375750324,1.1833950567386E-5,47.2741737,47.2741737,1999.70202636719,1999.70202636719,61.6681452817565,20.7782746264745,6.646428,0,0,0,40,4882,47.7558,1999.70202636719,,,,,,,,,,,,,0,,,,2.9905784,,,,,,47.2741737,,,,
,44271093.07,47.2825298,1999.70202636719,0.000823921401014054,2.11265176747644E-7,1,0.999253354069792,40.0298881530762,2.00101974668538,19.0799999982119,0.00936480396168869,0.00172860777480254,0.25,5.35696633454603E-6,0.000823218790004682,1.14436433544135E-5,47.2741737,47.2908859,1999.70202636719,1999.70202636719,61.6009252291027,20.7769476950418,7.019488,0,0,0,40,4882,47.76865,1999.70202636719,,,,,,,,,,,,,0,,,,3.00559105,,,,,,47.2825298,,,,
,44271094.325,47.2998066,1999.70202636719,0.000824156070209572,2.54961549689441E-7,1,0.999253354069792,40.0298881530762,2.00102428751967,19.0900005400181,0.00936699354913867,0.00173225768807675,0.25,5.6340419248041E-6,0.000823456582315692,1.17229199715134E-5,47.2908859,47.3087273,1999.70202636719,1999.70202636719,61.6720534243527,20.7780793908404,7.019488,0,0,0,40,4882,47.7896,1999.70202636719,,,,,,,,,,,,,0,,,,3.00559105,,,,,,47.2998066,,,,
,44271095.56,47.31642155,1999.70202636719,0.000823752597397275,2.38991200810363E-7,1,0.999253354069792,40.0298881530762,2.00102508312446,19.0900005400181,0.00936264316556346,0.00173046198036471,0.25,5.54634698817307E-6,0.000823059444711154,1.16329953853294E-5,47.3087273,47.3241158,1999.70202636719,1999.70202636719,61.4500709248911,20.7780816995885,6.646428,0,0,0,40,4882,47.81055,1999.70202636719,,,,,,,,,,,,,0,,,,3.00559105,,,,,,47.31642155,,,,
,44271097.645,47.358799,1999.70202636719,0.000823729122585907,2.68610304949252E-7,1,0.999253354069792,40.0298881530762,2.0009123426781,19.0799999982119,0.00936201152882308,0.00173016782632762,0.25,5.53002813416399E-6,0.000823045508315448,1.16177137585335E-5,47.358799,47.358799,1999.70202636719,1999.70202636719,61.8315056422758,20.7768093303307,6.646428,0,0,0,40,4882,47.8477,1999.70202636719,,,,,,,,,,,,,0,,,,3.00559105,,,,,,47.358799,,,,
,44271099.235,47.3739319,1999.70202636719,0.000823294392872187,2.00149575025063E-7,1,0.999253354069792,40.0298881530762,2.00104298996528,19.0900005400181,0.00935826382542882,0.00172633940585974,0.25,5.25963078579372E-6,0.000822619377833804,1.13450865853792E-5,47.3739319,47.3739319,1999.70202636719,1999.70202636719,62.2684359845258,20.778124456769,7.019488,0,0,0,40,4882,47.872,1999.70202636719,,,,,,,,,,,,,0,,,,3.00559105,,,,,,47.3739319,,,,
,44271100.94,47.4124222,1999.70202636719,0.000822914480795265,2.67385370139682E-7,1,0.999253354069792,40.0298881530762,2.00100656303222,19.0900005400181,0.00935325979223319,0.00172894079090089,0.25,5.55626352987448E-6,0.000822244902836295,1.16396014684804E-5,47.4124222,47.4124222,1999.70202636719,1999.70202636719,61.7650672181412,20.7759719527241,6.273368,0,0,0,40,4882,47.9012,1999.70202636719,,,,,,,,,,,,,0,,,,3.00559105,,,,,,47.4124222,,,,
,44271102.375,47.4288559,1999.70202636719,0.000823107502066446,2.08785233964896E-7,1,0.999253354069792,40.0298881530762,2.00104125006807,19.0900005400181,0.00935608195085221,0.0017271503825781,0.25,5.36014823764111E-6,0.000822445872581266,1.14458707732977E-5,47.4288559,47.4288559,1999.70202636719,1999.70202636719,61.7838263026027,20.7773292422027,7.019488,0,0,0,40,4882,47.927,1999.70202636719,,,,,,,,,,,,,0,,,,3.0206037,,,,,,47.4288559,,,,
,44271103.03,47.4452877,1999.70202636719,0.000822928161795619,2.01829233602611E-7,1,0.999253354069792,40.0298881530762,2.00101731225552,19.0900005400181,0.00935365389113128,0.00172847811957511,0.25,5.50985499361865E-6,0.000822267570877315,1.15943913536E-5,47.4288559,47.4617195,1999.70202636719,1999.70202636719,61.8635524115642,20.7787557301247,6.646428,0,0,0,40,4882,47.9352,1999.70202636719,,,,,,,,,,,,,0,,,,3.00559105,,,,,,47.4452877,,,,
,44271104.25,47.4703388,1999.70202636719,0.000822905097725478,2.472148182607E-7,1,0.999253354069792,40.0298881530762,2.00108328729963,19.0900005400181,0.00935325172818891,0.0017312615328539,0.25,5.75226485710471E-6,0.000822247862744224,1.18370780696208E-5,47.4617195,47.4789581,1999.70202636719,1999.70202636719,61.9143582653143,20.7777304786961,7.019488,0,0,0,40,4882,47.95555,1999.70202636719,,,,,,,,,,,,,0,,,,3.00559105,,,,,,47.4703388,,,,
,44271105.515,47.4882507,1999.70202636719,0.00082236954466323,2.00884472609157E-7,1,0.999253354069792,40.0298881530762,2.00103792957988,19.0900005400181,0.00934736639498496,0.00172818392810269,0.25,5.57880756691051E-6,0.000821719371699465,1.16604338520564E-5,47.4789581,47.4975433,1999.70202636719,1999.70202636719,61.9800150609296,20.7767611177207,6.273368,0,0,0,40,4882,47.9766,1999.70202636719,,,,,,,,,,,,,0,,,,3.0206037,,,,,,47.4882507,,,,
,44271107.6,47.5111046,1999.70202636719,0.000822095891681921,3.13173597972743E-7,1,0.999253354069792,40.0298881530762,2.00098049129273,19.0900005400181,0.00934424260148419,0.00172679492777419,0.25,5.50697971346827E-6,0.000821455444418938,1.15876959561594E-5,47.5111046,47.5111046,1999.70202636719,1999.70202636719,61.5157277205065,20.7775165416129,7.019488,0,0,0,40,4882,48.01155,1999.70202636719,,,,,,,,,,,,,0,,,,2.9905784,,,,,,47.5111046,,,,
,44271109.28,47.549324,1999.70202636719,0.00082184035442458,2.74959823666434E-7,1,0.999253354069792,40.0298881530762,2.00099161400279,19.0900005400181,0.00934137473164351,0.00172677131802854,0.25,5.54765690253267E-6,0.000821206328928146,1.16272350192079E-5,47.549324,47.549324,1999.70202636719,1999.70202636719,61.6360985124681,20.7774322121461,6.646428,0,0,0,40,4882,48.0377,1999.70202636719,,,,,,,,,,,,,0,,,,2.9905784,,,,,,47.549324,,,,
,44271110.905,47.5751934,1999.70202636719,0.00082167644928094,2.25690671471853E-7,1,0.999253354069792,40.0298881530762,2.00094136004148,19.0900005400181,0.00934018098077123,0.00172186072717986,0.25,5.1467837317956E-6,0.00082105297382547,1.12263027092782E-5,47.5656929,47.5846939,1999.70202636719,1999.70202636719,61.3406429321988,20.7793071336779,6.646428,0,0,0,40,4882,48.06695,1999.70202636719,,,,,,,,,,,,,0,,,,2.9905784,,,,,,47.5751934,,,,
,44271112.39,47.5996819,1999.70202636719,0.000821764510754657,2.71799352348259E-7,1,0.999253354069792,40.0298881530762,2.0009876976991,19.0900005400181,0.00934009950603146,0.00172972471384064,0.25,5.81708235379785E-6,0.000821142027644182,1.18974740224965E-5,47.5996819,47.5996819,1999.70202636719,1999.70202636719,61.7072267077181,20.7790610575587,7.019488,0,0,0,40,4882,48.09065,1999.70202636719,,,,,,,,,,,,,0,,,,2.9905784,,,,,,47.5996819,,,,
,44271113.08,47.60933305,1999.70202636719,0.000821303306536423,2.73212102393008E-7,1,0.999253354069792,40.0298881530762,2.00092444308697,19.0900005400181,0.00933516847501722,0.00172558015325171,0.25,5.53860840895258E-6,0.000820686333657742,1.16161376958346E-5,47.5996819,47.6189842,1999.70202636719,1999.70202636719,61.4211506696796,20.7778187932692,6.646428,0,0,0,40,4882,48.10285,1999.70202636719,,,,,,,,,,,,,0,,,,3.00559105,,,,,,47.60933305,,,,
,44271114.375,47.6275959,1999.70202636719,0.000821209455854297,2.94554558959026E-7,1,0.999253354069792,40.0298881530762,2.00095234609137,19.0900005400181,0.00933389474285812,0.00172762518961453,0.25,5.73144769442092E-6,0.000820596547682677,1.18087641037418E-5,47.6189842,47.6362076,1999.70202636719,1999.70202636719,61.4727381519488,20.7791932434068,6.646428,0,0,0,40,4882,48.1241,1999.70202636719,,,,,,,,,,,,,0,,,,3.0206037,,,,,,47.6275959,,,,
,44271115.655,47.6453724,1999.70202636719,0.000821115128951858,2.49976782613585E-7,1,0.999253354069792,40.0298881530762,2.0009942115978,19.0900005400181,0.00933393860586854,0.00172257804725471,0.25,5.30022887954987E-6,0.000820510700817123,1.13777327137891E-5,47.6362076,47.6545372,1999.70202636719,1999.70202636719,61.6423515406219,20.7772433555728,6.646428,0,0,0,40,4882,48.14455,1999.70202636719,,,,,,,,,,,,,0,,,,3.0206037,,,,,,47.6453724,,,,
,44271117.845,47.6941299,1999.70202636719,0.000820487649816043,2.67626951884236E-7,1,0.999253354069792,40.0298881530762,2.00092049938053,19.0900005400181,0.0093251069376505,0.00172950802722666,0.25,6.02355148172417E-6,0.000819887311005248,1.20969347635234E-5,47.6941299,47.6941299,1999.70202636719,1999.70202636719,61.8658972971219,20.7792435395668,7.019488,0,0,0,40,4882,48.1805,1999.70202636719,,,,,,,,,,,,,0,,,,3.0206037,,,,,,47.6941299,,,,
,44271118.585,47.70155905,1999.70202636719,0.000820530582950796,2.41720103081387E-7,1,0.999253354069792,40.0298881530762,2.00098102563268,19.0900005400181,0.00932717845437749,0.00172245198762823,0.25,5.39069674992026E-6,0.000819937861071848,1.14651501127703E-5,47.6941299,47.7089882,1999.70202636719,1999.70202636719,61.6548575969296,20.777547245019,7.019488,0,0,0,40,4882,48.192,1999.70202636719,,,,,,,,,,,,,0,,,,3.0206037,,,,,,47.70155905,,,,
,44271120.7,47.73623275,1999.70202636719,0.000820104665974692,2.45380505742632E-7,1,0.999253354069792,40.0298881530762,2.00093784731698,19.0900005400181,0.00932257310401867,0.00171973863671609,0.25,5.22851858900943E-6,0.000819522823798822,1.13009501934063E-5,47.7278061,47.7446594,1999.70202636719,1999.70202636719,61.4750830375065,20.7772715602411,6.646428,0,0,0,40,4882,48.2289,1999.70202636719,,,,,,,,,,,,,0,,,,3.0206037,,,,,,47.73623275,,,,
,44271121.46,47.75377655,1999.70202636719,0.000820244519032795,2.42448613280943E-7,1,0.999253354069792,40.0298881530762,2.00086955053141,19.0900005400181,0.00932314306247309,0.00172420933246024,0.25,5.60053832834501E-6,0.000819662918425468,1.16740996771294E-5,47.7446594,47.7628937,1999.70202636719,1999.70202636719,61.5907640583527,20.7764472778835,6.273368,0,0,0,40,4882,48.24125,1999.70202636719,,,,,,,,,,,,,0,,,,3.0206037,,,,,,47.75377655,,,,
,44271123.615,47.7804565,1999.70202636719,0.000819715864876367,2.47248078572241E-7,1,0.999253354069792,40.0298881530762,2.00091488007082,19.0799999982119,0.00931703185344165,0.00172545229331133,0.25,5.7979606185195E-6,0.000819142401217588,1.18684638407789E-5,47.7804565,47.7804565,1999.70202636719,1999.70202636719,61.8752768393527,20.777674425439,6.646428,0,0,0,40,4882,48.27735,1999.70202636719,,,,,,,,,,,,,0,,,,2.9905784,,,,,,47.7804565,,,,
,44271124.325,47.78869055,1999.70202636719,0.000819624592468307,2.62421758767386E-7,1,0.999253354069792,40.0298881530762,2.00092478990893,19.0799999982119,0.00931663279090563,0.00172213565924763,0.25,5.52117930148518E-6,0.000819056399131503,1.15915178161504E-5,47.7804565,47.7969246,1999.70202636719,1999.70202636719,61.9198296649489,20.7752082597275,6.646428,0,0,0,40,4882,48.28965,1999.70202636719,,,,,,,,,,,,,0,,,,3.00559105,,,,,,47.78869055,,,,
,44271125.64,47.815979,1999.70202636719,0.000819084449006804,2.65526096032869E-7,1,0.999253354069792,40.0298881530762,2.00093356783945,19.0900005400181,0.00931056974922526,0.00172113675007247,0.25,5.52742562425345E-6,0.000818521724528064,1.15943083689888E-5,47.7969246,47.8350334,1999.70202636719,1999.70202636719,61.7384918484873,20.7766791411553,6.646428,0,0,0,40,4882,48.31025,1999.70202636719,,,,,,,,,,,,,0,,,,3.0206037,,,,,,47.815979,,,,
,44271126.925,47.84329415,1999.70202636719,0.000819081203775714,2.65351256598551E-7,1,0.999253354069792,40.0298881530762,2.00091606246252,19.0900005400181,0.00931060125184337,0.0017207086976154,0.25,5.48992562592814E-6,0.00081852501844763,1.15574642949755E-5,47.8350334,47.8515549,1999.70202636719,1999.70202636719,61.9471866631219,20.7772344157111,7.019488,0,0,0,40,4882,48.335,1999.70202636719,,,,,,,,,,,,,0,,,,3.0206037,,,,,,47.84329415,,,,
,44271129.045,47.8704453,1999.70202636719,0.000818661836484942,2.42286527393683E-7,1,0.999253354069792,40.0298881530762,2.00098234086807,19.0900005400181,0.00930636404493979,0.00171918220943014,0.25,5.42303736587087E-6,0.000818115915404822,1.14884807950566E-5,47.8704453,47.8704453,1999.70202636719,1999.70202636719,61.3734713300065,20.7777812142486,6.646428,0,0,0,40,4882,48.3721,1999.70202636719,,,,,,,,,,,,,0,,,,3.0206037,,,,,,47.8704453,,,,
,44271130.755,47.9063988,1999.70202636719,0.000818484910343335,2.8647502175357E-7,1,0.999253354069792,40.0298881530762,2.00088625092025,19.0900005400181,0.00930382655255778,0.00171976289675537,0.25,5.51052157818173E-6,0.000817945483003593,1.15753205399531E-5,47.9063988,47.9063988,1999.70202636719,1999.70202636719,61.3805059866796,20.7758697119649,7.019488,0,0,0,40,4882,48.4001,1999.70202636719,,,,,,,,,,,,,0,,,,3.00559105,,,,,,47.9063988,,,,
,44271132.31,47.9199142,1999.70202636719,0.000818428129458741,2.58645493738421E-7,1,0.999253354069792,40.0298881530762,2.00096799318834,19.0900005400181,0.00930333154171149,0.0017213519269369,0.25,5.65251535582822E-6,0.000817894526713347,1.17174849557644E-5,47.9199142,47.9199142,1999.70202636719,1999.70202636719,61.8338505278335,20.7783149597959,6.646428,0,0,0,40,4882,48.4266,1999.70202636719,,,,,,,,,,,,,0,,,,2.9905784,,,,,,47.9199142,,,,
,44271133.005,47.9401016,1999.70202636719,0.000817861481769041,2.89539420810768E-7,1,0.999253354069792,40.0298881530762,2.00088299966857,19.0900005400181,0.00929702977156136,0.00171738233633869,0.25,5.40985590008047E-6,0.000817332896130431,1.14710624780084E-5,47.9199142,47.960289,1999.70202636719,1999.70202636719,61.4625769811988,20.7774238536085,7.019488,0,0,0,40,4882,48.43825,1999.70202636719,,,,,,,,,,,,,0,,,,3.00559105,,,,,,47.9401016,,,,
,44271134.31,47.967659,1999.70202636719,0.000817887549652712,2.28868814137352E-7,1,0.999253354069792,40.0298881530762,2.00088639193428,19.0900005400181,0.00929719147109146,0.0017186378121606,0.25,5.51382938277576E-6,0.000817363576277932,1.15757052160133E-5,47.960289,47.975029,1999.70202636719,1999.70202636719,61.517290977545,20.7769196678109,6.646428,0,0,0,40,4882,48.45975,1999.70202636719,,,,,,,,,,,,,0,,,,3.0206037,,,,,,47.967659,,,,
,44271135.61,47.98469735,1999.70202636719,0.000817633026403131,2.75557036999164E-7,1,0.999253354069792,40.0298881530762,2.00093473577105,19.0900005400181,0.00929502084696812,0.0017156456658854,0.25,5.29126004824451E-6,0.00081711634716584,1.13519124176619E-5,47.975029,47.9943657,1999.70202636719,1999.70202636719,61.761159075545,20.7777872887368,6.646428,0,0,0,40,4882,48.48125,1999.70202636719,,,,,,,,,,,,,0,,,,3.00559105,,,,,,47.98469735,,,,
,44271136.885,48.00187685,1999.70202636719,0.000817782233265552,2.59838796831553E-7,1,0.999253354069792,40.0298881530762,2.00092617967716,19.0900005400181,0.00929656769670183,0.0017169433465859,0.25,5.37787729020125E-6,0.00081727034448852,1.14401160179182E-5,47.9943657,48.009388,1999.70202636719,1999.70202636719,61.9667273761027,20.7786907629469,7.019488,0,0,0,40,4882,48.50285,1999.70202636719,,,,,,,,,,,,,0,,,,3.00559105,,,,,,48.00187685,,,,
,44271138.095,48.0263195,1999.70202636719,0.00081717704187715,2.73377823333364E-7,1,0.999253354069792,40.0298881530762,2.00087960414764,19.0900005400181,0.00928906619254355,0.00171833185232299,0.25,5.60942651995092E-6,0.000816669235545553,1.16675683626017E-5,48.009388,48.043251,1999.70202636719,1999.70202636719,61.7095715932758,20.7785724896391,7.019488,0,0,0,40,4882,48.52445,1999.70202636719,,,,,,,,,,,,,0,,,,3.0206037,,,,,,48.0263195,,,,
,44271140.195,48.0588074,1999.70202636719,0.000816680565510038,2.30775484331772E-7,1,0.999253354069792,40.0298881530762,2.00084218724464,19.0900005400181,0.00928322322778719,0.0017179209441177,0.25,5.66242916995885E-6,0.000816179795907049,1.17175397257611E-5,48.0588074,48.0588074,1999.70202636719,1999.70202636719,61.7846079311219,20.7788567295433,7.019488,0,0,0,40,4882,48.5528,1999.70202636719,,,,,,,,,,,,,0,,,,2.9905784,,,,,,48.0588074,,,,
,44271140.905,48.0678959,1999.70202636719,0.000816688485563031,2.40710157619252E-7,1,0.999253354069792,40.0298881530762,2.00089441529679,19.0900005400181,0.00928402752904632,0.00171550859839539,0.25,5.44433063564182E-6,0.000816193053513549,1.14999674997628E-5,48.0588074,48.0769844,1999.70202636719,1999.70202636719,61.5907640583527,20.7791417721342,6.646428,0,0,0,40,4882,48.5673,1999.70202636719,,,,,,,,,,,,,0,,,,3.00559105,,,,,,48.0678959,,,,
,44271142.03,48.086483,1999.70202636719,0.000816347886304801,2.46929427192127E-7,1,0.999253354069792,40.0298881530762,2.000907293293,19.0900005400181,0.00928035879229511,0.00171435873922192,0.25,5.4014664116917E-6,0.000815858672059833,1.14551276500864E-5,48.0769844,48.0959816,1999.70202636719,1999.70202636719,61.7384918484873,20.777130708679,6.273368,0,0,0,40,4882,48.5897,1999.70202636719,,,,,,,,,,,,,0,,,,3.0206037,,,,,,48.086483,,,,
,44271143.135,48.10346985,1999.70202636719,0.000815828168979734,2.85821444293469E-7,1,0.999253354069792,40.0298881530762,2.00088574076354,19.0900005400181,0.00927409562095087,0.0017149747268904,0.25,5.54853623363622E-6,0.000815342152865023,1.1598630336516E-5,48.0959816,48.1109581,1999.70202636719,1999.70202636719,61.5634070601796,20.7787084473266,6.646428,0,0,0,40,4882,48.60555,1999.70202636719,,,,,,,,,,,,,0,,,,3.0206037,,,,,,48.10346985,,,,
,44271145.195,48.14035605,1999.70202636719,0.000816235949594254,2.66677920407061E-7,1,0.999253354069792,40.0298881530762,2.00085832084815,19.0900005400181,0.00927942985463157,0.00171186155767378,0.25,5.20181893396988E-6,0.000815762277177394,1.12560299281841E-5,48.1302032,48.1505089,1999.70202636719,1999.70202636719,61.5962354579873,20.7780151037735,7.019488,0,0,0,40,4882,48.6449,1999.70202636719,,,,,,,,,,,,,0,,,,3.0206037,,,,,,48.14035605,,,,
,44271146.695,48.1656113,1999.70202636719,0.000815170082189196,2.19952190618607E-7,1,0.999253354069792,40.0298881530762,2.00092694463097,19.0900005400181,0.00926630968016862,0.00171728951833033,0.25,5.86235010892227E-6,0.000814696146501193,1.19086720826169E-5,48.1656113,48.1656113,1999.70202636719,1999.70202636719,61.6415699121027,20.7782096504144,6.646428,0,0,0,40,4882,48.6613,1999.70202636719,,,,,,,,,,,,,0,,,,3.00559105,,,,,,48.1656113,,,,
,44271148.28,48.1841278,1999.70202636719,0.000815554120486612,2.28045490692024E-7,1,0.999253354069792,40.0298881530762,2.00088113547291,19.0900005400181,0.00927075541117486,0.00171674691617927,0.25,5.74857156260272E-6,0.000815084959983456,1.17981734719927E-5,48.1841278,48.1841278,1999.70202636719,1999.70202636719,62.0792818828719,20.7784956088851,6.646428,0,0,0,40,4882,48.6777,1999.70202636719,,,,,,,,,,,,,0,,,,2.9905784,,,,,,48.1841278,,,,
,44271148.975,48.20082665,1999.70202636719,0.000815417208068188,2.9443761457387E-7,1,0.999253354069792,40.0298881530762,2.000848028291,19.0900005400181,0.00926927814089225,0.00171543248990827,0.25,5.65877252653935E-6,0.000814952817340593,1.17077617920398E-5,48.1841278,48.2175255,1999.70202636719,1999.70202636719,61.9714171472181,20.7761316147191,7.019488,0,0,0,40,4882,48.69365,1999.70202636719,,,,,,,,,,,,,0,,,,3.00559105,,,,,,48.20082665,,,,
,44271165.7,48.4726944,1999.70202636719,,,2,,,,19.0959999722838,,,,,,,48.4726944,48.4726944,1999.70202636719,1999.70202636719,,,6.646428,,,,-99999999,4882,48.9975,1999.70202636719,,,,,,,,,,,,,,,,,,,,,,,48.4726944,,,,
touchdown = 14.4899999722838 mm,44271179.395,48.7081909,1999.70202636719,0.000808427635909692,2.29808277114742E-7,1,0.999253354069792,40.0298881530762,2.00098750953077,19.0900005400181,0.00919183282792281,0.0017018062742764,0.25,5.66211700319534E-6,0.000808100440210383,1.16693702447365E-5,48.7081909,48.7081909,1999.70202636719,1999.70202636719,61.2554454236026,20.7761698079019,6.646428,0,0,0,40,4882,49.2245,1999.70202636719,,,,,,,,,,,,,0,,,,3.00559105,,,,,,48.7081909,,,,
,44271180.03,48.7183933,1999.70202636719,0.000808254240919748,2.68005594089212E-7,1,0.999253354069792,40.0298881530762,2.00094097917436,19.0900005400181,0.00918962749814889,0.00170171231202069,0.25,5.68753018795125E-6,0.000807929012668325,1.16936202214207E-5,48.7081909,48.7285957,1999.70202636719,1999.70202636719,61.7502162762758,20.7782488433571,7.019488,0,0,0,40,4882,49.2329,1999.70202636719,,,,,,,,,,,,,0,,,,3.0206037,,,,,,48.7183933,,,,
,44271181.14,48.7359333,1999.70202636719,0.000807386039049195,2.8985226060872E-7,1,0.999253354069792,40.0298881530762,2.00090194188636,19.0799999982119,0.00918071188539779,0.00169379242661033,0.25,5.1480981284691E-6,0.000807069206619312,1.11481796258125E-5,48.7285957,48.7432709,1999.70202636719,1999.70202636719,61.7119164788334,20.7773330623165,7.019488,0,0,0,40,4882,49.2492,1999.70202636719,,,,,,,,,,,,,0,,,,3.0206037,,,,,,48.7359333,,,,
,44271182.295,48.75231745,1999.70202636719,0.000807561761885914,2.67038416523078E-7,1,0.999253354069792,40.0298881530762,2.00093067961751,19.0900005400181,0.00918217080895206,0.00169819148120974,0.25,5.50027158426501E-6,0.000807246344340999,1.15017931403261E-5,48.7432709,48.761364,1999.70202636719,1999.70202636719,61.6446964261796,20.7767305986542,7.019488,0,0,0,40,4882,49.2655,1999.70202636719,,,,,,,,,,,,,0,,,,3.0206037,,,,,,48.75231745,,,,
,44271183.445,48.7695923,1999.70202636719,0.000807368396203982,2.51792613707348E-7,1,0.999253354069792,40.0298881530762,2.00101066472414,19.0900005400181,0.00918089787268165,0.00169488498905608,0.25,5.23759263217391E-6,0.000807059146723847,1.12380206610631E-5,48.761364,48.7778206,1999.70202636719,1999.70202636719,61.7298939347758,20.7753962109112,6.646428,0,0,0,40,4882,49.28205,1999.70202636719,,,,,,,,,,,,,0,,,,3.035767,,,,,,48.7695923,,,,
,44271185.415,48.8103256,1999.70202636719,0.000806963281650052,3.00925293457741E-7,1,0.999253354069792,40.0298881530762,2.00093176361835,19.0900005400181,0.00917604592568339,0.00169408467076942,0.25,5.24260888873314E-6,0.00080666430731175,1.12406343537609E-5,48.8103256,48.8103256,1999.70202636719,1999.70202636719,62.0276944006027,20.7760233226572,7.019488,0,0,0,40,4882,49.3226,1999.70202636719,,,,,,,,,,,,,0,,,,3.0509303,,,,,,48.8103256,,,,
,44271186.125,48.81905555,1999.70202636719,0.000806517044845766,2.41456905759444E-7,1,0.999253354069792,40.0298881530762,2.00094794383122,19.0900005400181,0.00917074642186921,0.00169510073534277,0.25,5.40914673551277E-6,0.000806221160293493,1.14040443047441E-5,48.8103256,48.8277855,1999.70202636719,1999.70202636719,61.5821661446411,20.7756759589,6.646428,0,0,0,40,4882,49.339,1999.70202636719,,,,,,,,,,,,,0,,,,3.035767,,,,,,48.81905555,,,,
,44271187.37,48.8370266,1999.70202636719,0.000806310385348974,2.23818329890749E-7,1,0.999253354069792,40.0298881530762,2.0009992034187,19.0900005400181,0.00916872289538743,0.00169440060917692,0.25,5.37984812304692E-6,0.000806018870232556,1.13734567641029E-5,48.8277855,48.8462677,1999.70202636719,1999.70202636719,61.7932058448335,20.7762344406227,7.019488,0,0,0,40,4882,49.35535,1999.70202636719,,,,,,,,,,,,,0,,,,3.00559105,,,,,,48.8370266,,,,
,44271188.62,48.85585215,1999.70202636719,0.000806005664591272,2.40627015608043E-7,1,0.999253354069792,40.0298881530762,2.00098123581337,19.0900005400181,0.00916549026449556,0.00169226819604606,0.25,5.24709759988904E-6,0.000805719308416058,1.12387163711623E-5,48.8462677,48.8654366,1999.70202636719,1999.70202636719,61.8025853870642,20.7764661380812,7.019488,0,0,0,40,4882,49.3717,1999.70202636719,,,,,,,,,,,,,0,,,,3.00559105,,,,,,48.85585215,,,,
,44271190.695,48.8994102,1999.70202636719,0.000805634842233178,2.17215096369314E-7,1,0.999253354069792,40.0298881530762,2.00098026914422,19.0900005400181,0.00916083787007606,0.00169445349170902,0.25,5.50322970133236E-6,0.000805354869269333,1.14924782764532E-5,48.8994102,48.8994102,1999.70202636719,1999.70202636719,61.8025853870642,20.778298414647,6.646428,0,0,0,40,4882,49.4047,1999.70202636719,,,,,,,,,,,,,0,,,,3.035767,,,,,,48.8994102,,,,
,44271191.39,48.90689085,1999.70202636719,0.000805633987784826,2.57398638442851E-7,1,0.999253354069792,40.0298881530762,2.00089830105472,19.0900005400181,0.00916057784911,0.00169406048221263,0.25,5.47372309030715E-6,0.000805358425805836,1.14632026395618E-5,48.8994102,48.9143715,1999.70202636719,1999.70202636719,61.781481417045,20.7762499393276,6.646428,0,0,0,40,4882,49.4211,1999.70202636719,,,,,,,,,,,,,0,,,,3.035767,,,,,,48.90689085,,,,
,44271192.6,48.92326545,1999.70202636719,0.000804962043215841,3.21659009664841E-7,1,0.999253354069792,40.0298881530762,2.00095673216954,19.0799999982119,0.00915347964982869,0.0016914852298197,0.25,5.36154422960129E-6,0.000804693681401059,1.13463915747813E-5,48.9143715,48.9321594,1999.70202636719,1999.70202636719,61.6759615669488,20.7765990803698,7.019488,0,0,0,40,4882,49.44545,1999.70202636719,,,,,,,,,,,,,0,,,,3.0509303,,,,,,48.92326545,,,,
,44271193.79,48.9394779,1999.70202636719,0.000804870361389177,2.2700504713531E-7,1,0.999253354069792,40.0298881530762,2.0009420400313,19.0799999982119,0.0091521420519902,0.00169271452063132,0.25,5.4864102037327E-6,0.000804603141982247,1.14706528827365E-5,48.9321594,48.9467964,1999.70202636719,1999.70202636719,61.7080083362373,20.7755575495664,6.646428,0,0,0,40,4882,49.4539,1999.70202636719,,,,,,,,,,,,,0,,,,3.0509303,,,,,,48.9394779,,,,
,44271195.01,48.95633125,1999.70202636719,0.000804870113709092,2.19074099141622E-7,1,0.999253354069792,40.0298881530762,2.00102011760426,19.0900005400181,0.00915289475427963,0.00169071818254124,0.25,5.30464942198087E-6,0.000804608426082842,1.12891625843702E-5,48.9467964,48.9658661,1999.70202636719,1999.70202636719,61.8174363289296,20.7786595364917,7.019488,0,0,0,40,4882,49.4706,1999.70202636719,,,,,,,,,,,,,0,,,,3.035767,,,,,,48.95633125,,,,
,44271196.14,48.97389985,1999.70202636719,0.000804376484975803,2.13152288121826E-7,1,0.999253354069792,40.0298881530762,2.00101455718584,19.0799999982119,0.00914674353974694,0.00169310760763797,0.25,5.60090498955465E-6,0.00080412097272822,1.1582090059884E-5,48.9658661,48.9819336,1999.70202636719,1999.70202636719,61.9174847793912,20.7773162137979,7.019488,0,0,0,40,4882,49.503,1999.70202636719,,,,,,,,,,,,,0,,,,3.0206037,,,,,,48.97389985,,,,
,44271197.265,48.99077035,1999.70202636719,0.000803993209005821,1.86814455203205E-7,1,0.999253354069792,40.0298881530762,2.0009212420229,19.0900005400181,0.00914258193295941,0.00168911353864253,0.25,5.32395157206137E-6,0.000803744033829871,1.13025714476404E-5,48.9819336,48.9996071,1999.70202636719,1999.70202636719,61.8283791281988,20.7767400295855,6.646428,0,0,0,40,4882,49.5197,1999.70202636719,,,,,,,,,,,,,0,,,,3.035767,,,,,,48.99077035,,,,
,44271198.515,49.01810265,1999.70202636719,0.000804162227564935,2.81206945073304E-7,1,0.999253354069792,40.0298881530762,2.00103666700526,19.0900005400181,0.00914562777783849,0.00168633455525719,0.25,5.04075872298395E-6,0.000803919143673153,1.10209130354187E-5,48.9996071,49.0365982,1999.70202636719,1999.70202636719,61.7869528166796,20.7767620559894,7.019488,0,0,0,40,4882,49.5362,1999.70202636719,,,,,,,,,,,,,0,,,,3.035767,,,,,,49.01810265,,,,
,44271199.79,49.0453243,1999.70202636719,0.000803859298149676,1.99430950849905E-7,1,0.999253354069792,40.0298881530762,2.00099916092827,19.0900005400181,0.00914188180462422,0.00168684569833866,0.25,5.14085291362075E-6,0.000803621649006305,1.11190272208875E-5,49.0365982,49.0540504,1999.70202636719,1999.70202636719,61.8416668130258,20.7786079341144,6.646428,0,0,0,40,4882,49.5607,1999.70202636719,,,,,,,,,,,,,0,,,,3.035767,,,,,,49.0453243,,,,
,44271200.995,49.06218335,1999.70202636719,0.000803144602686238,2.33056645393392E-7,1,0.999253354069792,40.0298881530762,2.0008834451482,19.0900005400181,0.00913292261912396,0.00168737883574417,0.25,5.32206687999537E-6,0.000802910031436439,1.12950844435338E-5,49.0540504,49.0703163,1999.70202636719,1999.70202636719,61.6548575969296,20.7766395208875,6.646428,0,0,0,40,4882,49.5777,1999.70202636719,,,,,,,,,,,,,0,,,,3.0509303,,,,,,49.06218335,,,,
,44271202.125,49.07977485,1999.70202636719,0.000802747324093858,2.55707243667605E-7,1,0.999253354069792,40.0298881530762,2.00088844256095,19.0900005400181,0.00912837127327429,0.00168726796527703,0.25,5.38131276538911E-6,0.000802518589487014,1.13516508086979E-5,49.0703163,49.0892334,1999.70202636719,1999.70202636719,61.6501678258142,20.7769685838904,7.019488,0,0,0,40,4882,49.6022,1999.70202636719,,,,,,,,,,,,,0,,,,3.035767,,,,,,49.07977485,,,,
,44271204.08,49.1140957,1999.70202636719,0.000802852016168553,2.37461247802356E-7,1,0.999253354069792,40.0298881530762,2.00101476918294,19.0900005400181,0.00912987207145082,0.00168920093127915,0.25,5.52265509593207E-6,0.000802626293163259,1.14939339156357E-5,49.1044617,49.1237297,1999.70202636719,1999.70202636719,61.4485076678527,20.7768703407005,7.019488,0,0,0,40,4882,49.6192,1999.70202636719,,,,,,,,,,,,,0,,,,3.0206037,,,,,,49.1140957,,,,
,44271204.775,49.13119695,1999.70202636719,0.000802357552899813,2.43753260954197E-7,1,0.999253354069792,40.0298881530762,2.00099611986065,19.0900005400181,0.00912383135885779,0.00169030680592306,0.25,5.70819316987636E-6,0.0008021346241845,1.16759379426325E-5,49.1237297,49.1386642,1999.70202636719,1999.70202636719,61.575131487968,20.7788691528012,7.019488,0,0,0,40,4882,49.6355,1999.70202636719,,,,,,,,,,,,,0,,,,3.0206037,,,,,,49.13119695,,,,
,44271206.055,49.1473541,1999.70202636719,0.000801698324621764,2.43381513097617E-7,1,0.999253354069792,40.0298881530762,2.00096332536901,19.0900005400181,0.00911607320359053,0.00169011071327573,0.25,5.80879304483921E-6,0.000801483075009074,1.17719792090876E-5,49.1386642,49.156044,1999.70202636719,1999.70202636719,61.5133828349488,20.776500072428,6.646428,0,0,0,40,4882,49.6681,1999.70202636719,,,,,,,,,,,,,0,,,,3.035767,,,,,,49.1473541,,,,
,44271207.265,49.16404915,1999.70202636719,0.000801780195098676,2.24805357127367E-7,1,0.999253354069792,40.0298881530762,2.00096336137812,19.0900005400181,0.0091180078768656,0.00168491939352725,0.25,5.33737452950536E-6,0.000801572625940182,1.13014524966296E-5,49.156044,49.1720543,1999.70202636719,1999.70202636719,62.1128919091989,20.7763007094256,6.646428,0,0,0,40,4882,49.6849,1999.70202636719,,,,,,,,,,,,,0,,,,3.0509303,,,,,,49.16404915,,,,
,44271208.495,49.17900085,1999.70202636719,0.000801483066821671,2.01869225070108E-7,1,0.999253354069792,40.0298881530762,2.00101502149533,19.0900005400181,0.00911431359120073,0.00168764679587808,0.25,5.6252399294008E-6,0.000801277636085852,1.15872276065574E-5,49.1720543,49.1859474,1999.70202636719,1999.70202636719,61.4102078704103,20.7763601426777,6.646428,0,0,0,40,4882,49.70175,1999.70202636719,,,,,,,,,,,,,0,,,,3.02075435,,,,,,49.17900085,,,,
,44271209.84,49.2056999,1999.70202636719,0.000801311707591252,2.51774784528031E-7,1,0.999253354069792,40.0298881530762,2.00096063749933,19.0900005400181,0.00911225417783649,0.00168708096881237,0.25,5.6081269985269E-6,0.000801114643836499,1.15691846769814E-5,49.1859474,49.2254524,1999.70202636719,1999.70202636719,62.0011190309489,20.7785007535773,6.646428,0,0,0,40,4882,49.73445,1999.70202636719,,,,,,,,,,,,,0,,,,3.02075435,,,,,,49.2056999,,,,
,44271211.875,49.242878,1999.70202636719,0.000800695798143697,2.61826711368951E-7,1,0.999253354069792,40.0298881530762,2.00101107695213,19.0900005400181,0.00910577002382995,0.0016845426484173,0.25,5.48990401818858E-6,0.000800505951508029,1.14466556419489E-5,49.242878,49.242878,1999.70202636719,1999.70202636719,61.7017553080835,20.7773229907642,6.646428,0,0,0,40,4882,49.75985,1999.70202636719,,,,,,,,,,,,,0,,,,3.0509303,,,,,,49.242878,,,,
,44271212.485,49.25146485,1999.70202636719,0.000800629670517581,2.8080317556068E-7,1,0.999253354069792,40.0298881530762,2.00094935585469,19.0900005400181,0.009105045285371,0.00168296660742824,0.25,5.36674092088785E-6,0.000800444830133549,1.13231817963593E-5,49.242878,49.2600517,1999.70202636719,1999.70202636719,61.4954053790065,20.7763214280532,6.646428,0,0,0,40,4882,49.77595,1999.70202636719,,,,,,,,,,,,,0,,,,3.0509303,,,,,,49.25146485,,,,
,44271213.635,49.2675457,1999.70202636719,0.000800097366659108,2.19766973795175E-7,1,0.999253354069792,40.0298881530762,2.00093860701209,19.0900005400181,0.00909881367266309,0.00168285224353299,0.25,5.45129016090761E-6,0.000799916141770427,1.14039150559013E-5,49.2600517,49.2750397,1999.70202636719,1999.70202636719,61.7212960210642,20.7780409557753,7.019488,0,0,0,40,4882,49.7926,1999.70202636719,,,,,,,,,,,,,0,,,,3.035767,,,,,,49.2675457,,,,
,44271214.735,49.28369335,1999.70202636719,0.0008001423397937,2.67973796785423E-7,1,0.999253354069792,40.0298881530762,2.00089093062779,19.0900005400181,0.0090994851929259,0.00168112649229613,0.25,5.29419375535278E-6,0.000799966488265718,1.12473394944538E-5,49.2750397,49.292347,1999.70202636719,1999.70202636719,61.4727381519488,20.7774161840854,7.019488,0,0,0,40,4882,49.8095,1999.70202636719,,,,,,,,,,,,,0,,,,3.0206037,,,,,,49.28369335,,,,
,44271215.845,49.30061725,1999.70202636719,0.000800054342136538,2.66596397612288E-7,1,0.999253354069792,40.0298881530762,2.00090337713114,19.0900005400181,0.00909827205912103,0.00168272177626269,0.25,5.44822699441216E-6,0.00079988149954433,1.1400845408336E-5,49.292347,49.3088875,1999.70202636719,1999.70202636719,61.5876375442758,20.7778359107398,6.646428,0,0,0,40,4882,49.82615,1999.70202636719,,,,,,,,,,,,,0,,,,3.035767,,,,,,49.30061725,,,,
,44271217,49.318388,1999.70202636719,0.000799535872969012,2.54918219660586E-7,1,0.999253354069792,40.0298881530762,2.00096328308268,19.0799999982119,0.00909277379194339,0.00168117334649604,0.25,5.39941033050143E-6,0.000799367608971724,1.13483288911525E-5,49.3088875,49.3278885,1999.70202636719,1999.70202636719,61.9534396912758,20.7764968809499,6.646428,0,0,0,40,4882,49.8428,1999.70202636719,,,,,,,,,,,,,0,,,,3.0509303,,,,,,49.318388,,,,
,44271218.265,49.344944,1999.70202636719,0.000799292792467934,2.45217134023116E-7,1,0.999253354069792,40.0298881530762,2.00095316556454,19.0900005400181,0.00908995231311124,0.00168113810518984,0.25,5.4389968713703E-6,0.000799130472409692,1.13863201726299E-5,49.3278885,49.3619995,1999.70202636719,1999.70202636719,61.4117711274488,20.7758583655022,6.646428,0,0,0,40,4882,49.8678,1999.70202636719,,,,,,,,,,,,,0,,,,3.035767,,,,,,49.344944,,,,
,44271219.595,49.37215805,1999.70202636719,0.000798613698002843,2.95780890073249E-7,1,0.999253354069792,40.0298881530762,2.00097648600175,19.0900005400181,0.00908206651698861,0.00168161963017028,0.25,5.59919736053142E-6,0.00079845649009814,1.15416569980534E-5,49.3619995,49.3823166,1999.70202636719,1999.70202636719,61.8784033534296,20.7767331374716,7.019488,0,0,0,40,4882,49.89285,1999.70202636719,,,,,,,,,,,,,0,,,,3.0206037,,,,,,49.37215805,,,,
,44271220.83,49.39068415,1999.70202636719,0.000798749161057778,2.57439781873291E-7,1,0.999253354069792,40.0298881530762,2.00096224788396,19.0900005400181,0.00908420760151822,0.00167858763441461,0.25,5.30853532108749E-6,0.000798600390363529,1.12522518262539E-5,49.3823166,49.3990517,1999.70202636719,1999.70202636719,61.7791365314873,20.7759568475818,6.646428,0,0,0,40,4882,49.91795,1999.70202636719,,,,,,,,,,,,,0,,,,3.0206037,,,,,,49.39068415,,,,
,44271221.995,49.4084206,1999.70202636719,0.000798739906285746,2.38151588837712E-7,1,0.999253354069792,40.0298881530762,2.00093411815695,19.0799999982119,0.00908407900853198,0.00167826740336659,0.25,5.283190573768E-6,0.000798595476190656,1.12269748666072E-5,49.3990517,49.4177895,1999.70202636719,1999.70202636719,61.6923757658527,20.776932378027,6.646428,0,0,0,40,4882,49.9347,1999.70202636719,,,,,,,,,,,,,0,,,,3.00559105,,,,,,49.4084206,,,,
,44271223.14,49.42769245,1999.70202636719,0.000797964009109438,2.16559363655319E-7,1,0.999253354069792,40.0298881530762,2.0009056263459,19.0799999982119,0.00907504912743117,0.00167735027587527,0.25,5.34185522043306E-6,0.000797823364143095,1.12799869925363E-5,49.4177895,49.4375954,1999.70202636719,1999.70202636719,61.4617953526796,20.7780633927682,7.019488,0,0,0,40,4882,49.9514,1999.70202636719,,,,,,,,,,,,,0,,,,3.02075435,,,,,,49.42769245,,,,
,44271224.31,49.4454346,1999.70202636719,0.000797976686416205,2.47154729188861E-7,1,0.999253354069792,40.0298881530762,2.00095842830511,19.0900005400181,0.00907534463972204,0.00167826190126861,0.25,5.41470713180728E-6,0.00079784172727705,1.13531132204037E-5,49.4375954,49.4532738,1999.70202636719,1999.70202636719,61.5845110301988,20.7776412361594,6.646428,0,0,0,40,4882,49.97625,1999.70202636719,,,,,,,,,,,,,0,,,,3.035767,,,,,,49.4454346,,,,
,44271225.475,49.46104625,1999.70202636719,0.000797935130836175,1.86547687550819E-7,1,0.999253354069792,40.0298881530762,2.00097089361057,19.0900005400181,0.00907524505174878,0.00167666642692762,0.25,5.2802741689588E-6,0.000797805355317225,1.12185097307749E-5,49.4532738,49.4688187,1999.70202636719,1999.70202636719,61.7736651318527,20.7784568651854,6.646428,0,0,0,40,4882,49.99305,1999.70202636719,,,,,,,,,,,,,0,,,,3.035767,,,,,,49.46104625,,,,
,44271226.67,49.4865284,1999.70202636719,0.000797319610682889,2.56453504539246E-7,1,0.999253354069792,40.0298881530762,2.00095748401124,19.0900005400181,0.00906798116346149,0.00167679025889922,0.25,5.40077472974037E-6,0.000797193144148172,1.13345358375077E-5,49.4688187,49.5042381,1999.70202636719,1999.70202636719,61.7775732744488,20.7774160124099,6.646428,0,0,0,40,4882,50.01005,1999.70202636719,,,,,,,,,,,,,0,,,,3.0509303,,,,,,49.4865284,,,,
,44271228.845,49.5195389,1999.70202636719,0.000796769883705285,2.60478160243793E-7,1,0.999253354069792,40.0298881530762,2.00090138215324,19.0900005400181,0.00906219170560078,0.00167231213251988,0.25,5.10718549091616E-6,0.000796656004261251,1.10371666258445E-5,49.5195389,49.5195389,1999.70202636719,1999.70202636719,61.7642855896219,20.7771657213584,7.019488,0,0,0,40,4882,50.0515,1999.70202636719,,,,,,,,,,,,,0,,,,3.0206037,,,,,,49.5195389,,,,
,44271229.385,49.5291176,1999.70202636719,0.000796604171835079,2.67467304065606E-7,1,0.999253354069792,40.0298881530762,2.00091491427015,19.0900005400181,0.00905941151017607,0.00167747691716213,0.25,5.58888142250879E-6,0.00079648885598655,1.15176401937243E-5,49.5195389,49.5386963,1999.70202636719,1999.70202636719,61.8674605541604,20.7791107206098,6.646428,0,0,0,40,4882,50.06015,1999.70202636719,,,,,,,,,,,,,0,,,,3.0206037,,,,,,49.5291176,,,,
,44271230.535,49.54624365,1999.70202636719,0.000796127021261219,2.47313531536955E-7,1,0.999253354069792,40.0298881530762,2.00090732077502,19.0799999982119,0.00905413495215177,0.00167561084715122,0.25,5.50991597678282E-6,0.00079601492620373,1.14351988033227E-5,49.5386963,49.553791,1999.70202636719,1999.70202636719,61.8494830982181,20.7789321789177,6.646428,0,0,0,40,4882,50.07085,1999.70202636719,,,,,,,,,,,,,0,,,,3.035767,,,,,,49.54624365,,,,
,44271232.6,49.5880585,1999.70202636719,0.000796318682419656,2.15041273658652E-7,1,0.999253354069792,40.0298881530762,2.00091336053292,19.0900005400181,0.00905619239933455,0.00167737557573302,0.25,5.62882210636841E-6,0.000796213604444875,1.15557220736978E-5,49.5880585,49.5880585,1999.70202636719,1999.70202636719,61.5079114353142,20.7778387993982,7.019488,0,0,0,40,4882,50.1032,1999.70202636719,,,,,,,,,,,,,0,,,,3.0509303,,,,,,49.5880585,,,,
,44271233.335,49.59620285,1999.70202636719,0.00079593747618438,2.52791797289206E-7,1,0.999253354069792,40.0298881530762,2.00095037437178,19.0900005400181,0.00905282665503866,0.00167225837381294,0.25,5.24404837515952E-6,0.000795838462411489,1.11682164131925E-5,49.5880585,49.6043472,1999.70202636719,1999.70202636719,61.6548575969296,20.7763213159284,6.646428,0,0,0,40,4882,50.11585,1999.70202636719,,,,,,,,,,,,,0,,,,3.035767,,,,,,49.59620285,,,,
,44271234.65,49.6136913,1999.70202636719,0.000795898361661991,2.79356939820736E-7,1,0.999253354069792,40.0298881530762,2.0010462303514,19.0900005400181,0.00905283257420399,0.0016724724385042,0.25,5.26183987780933E-6,0.000795805764570943,1.11858649340678E-5,49.6043472,49.6230354,1999.70202636719,1999.70202636719,61.5532458894296,20.7763387290448,6.646428,0,0,0,40,4882,50.142,1999.70202636719,,,,,,,,,,,,,0,,,,3.035767,,,,,,49.6136913,,,,
,44271236.745,49.6548996,1999.70202636719,0.000795094910059528,2.34913278835235E-7,1,0.999253354069792,40.0298881530762,2.0009538191483,19.0900005400181,0.00904340775251079,0.00167068558883911,0.25,5.25257806798669E-6,0.000795011563114799,1.11708198564845E-5,49.6548996,49.6548996,1999.70202636719,1999.70202636719,61.618902685045,20.7759461878821,6.646428,0,0,0,40,4882,50.1791,1999.70202636719,,,,,,,,,,,,,0,,,,3.0206037,,,,,,49.6548996,,,,
,44271237.385,49.66441345,1999.70202636719,0.000795084027883454,2.56121582951511E-7,1,0.999253354069792,40.0298881530762,2.00099996899146,19.0900005400181,0.00904376509028254,0.00166933441417983,0.25,5.13199600560373E-6,0.000795004950069621,1.10502314764676E-5,49.6548996,49.6739273,1999.70202636719,1999.70202636719,61.6306271128334,20.7772063637321,7.019488,0,0,0,40,4882,50.1926,1999.70202636719,,,,,,,,,,,,,0,,,,3.0206037,,,,,,49.66441345,,,,
,44271239.31,49.6922417,1999.70202636719,0.000795114761542476,2.9835341985418E-7,1,0.999253354069792,40.0298881530762,2.00094430725428,19.0900005400181,0.00904346814567914,0.00167215533495248,0.25,5.37665774000847E-6,0.000795041636222234,1.12952611274082E-5,49.6922417,49.6922417,1999.70202636719,1999.70202636719,61.5063481782757,20.7769604182595,7.019488,0,0,0,40,4882,50.22395,1999.70202636719,,,,,,,,,,,,,0,,,,3.035767,,,,,,49.6922417,,,,
,44271240.785,49.72094155,1999.70202636719,0.000794636629485953,2.77581040952677E-7,1,0.999253354069792,40.0298881530762,2.0009596317383,19.0900005400181,0.00903809473954508,0.0016716219162032,0.25,5.41251654323057E-6,0.000794570123074857,1.13276845979315E-5,49.7105446,49.7313385,1999.70202636719,1999.70202636719,61.8432300700642,20.7777705466792,6.646428,0,0,0,40,4882,50.2518,1999.70202636719,,,,,,,,,,,,,0,,,,3.0509303,,,,,,49.72094155,,,,
,44271241.46,49.73996925,1999.70202636719,0.000794107245016944,2.63284147485131E-7,1,0.999253354069792,40.0298881530762,2.00084846706665,19.0799999982119,0.00903198253349516,0.00166839203489761,0.25,5.23040955275524E-6,0.000794044329255322,1.11416812416946E-5,49.7313385,49.7486,1999.70202636719,1999.70202636719,61.9471866631219,20.7763860734618,7.019488,0,0,0,40,4882,50.26115,1999.70202636719,,,,,,,,,,,,,0,,,,3.035767,,,,,,49.73996925,,,,
,44271242.71,49.7576275,1999.70202636719,0.000794475534869975,2.65120984494798E-7,1,0.999253354069792,40.0298881530762,2.00088470298944,19.0900005400181,0.00903654807096405,0.00166831524848673,0.25,5.1545899731777E-6,0.000794418652833155,1.10686952849789E-5,49.7486,49.766655,1999.70202636719,1999.70202636719,61.4946237504873,20.7762917886655,7.019488,0,0,0,40,4882,50.2832,1999.70202636719,,,,,,,,,,,,,0,,,,3.035767,,,,,,49.7576275,,,,
,44271243.835,49.776165,1999.70202636719,0.000793892430660869,2.77088428976274E-7,1,0.999253354069792,40.0298881530762,2.00093306763798,19.0900005400181,0.00903017828180164,0.00166718283992966,0.25,5.15450343373185E-6,0.000793841030734365,1.10643522100196E-5,49.766655,49.785675,1999.70202636719,1999.70202636719,61.466485123795,20.77716102125,6.646428,0,0,0,40,4882,50.30525,1999.70202636719,,,,,,,,,,,,,0,,,,3.0509303,,,,,,49.776165,,,,
,44271244.98,49.79373355,1999.70202636719,0.000793940851369408,2.64278869685477E-7,1,0.999253354069792,40.0298881530762,2.0008916187106,19.0900005400181,0.0090305736032611,0.00166741381008625,0.25,5.16824750881571E-6,0.000793893738395217,1.10785203037405E-5,49.785675,49.8017921,1999.70202636719,1999.70202636719,61.9636008620258,20.7774488695377,6.646428,0,0,0,40,4882,50.32305,1999.70202636719,,,,,,,,,,,,,0,,,,3.035767,,,,,,49.79373355,,,,
,44271246.26,49.8101196,1999.70202636719,0.000793159626898733,2.36917968653338E-7,1,0.999253354069792,40.0298881530762,2.00098387921812,19.0900005400181,0.00902191237397933,0.00166714425143396,0.25,5.27620819630484E-6,0.000793116778900811,1.11807340734314E-5,49.8017921,49.8184471,1999.70202636719,1999.70202636719,61.4813360656603,20.7785804694024,6.646428,0,0,0,40,4882,50.34345,1999.70202636719,,,,,,,,,,,,,0,,,,3.035767,,,,,,49.8101196,,,,
,44271248.34,49.84846495,1999.70202636719,0.00079322104366686,2.92073723261654E-7,1,0.999253354069792,40.0298881530762,2.0010182694266,19.0900005400181,0.00902261336237596,0.00166869533736305,0.25,5.39748110896318E-6,0.000793186046256304,1.13025748775788E-5,49.8393974,49.8575325,1999.70202636719,1999.70202636719,61.8252526141219,20.7764416838332,6.646428,0,0,0,40,4882,50.3791,1999.70202636719,,,,,,,,,,,,,0,,,,3.0206037,,,,,,49.84846495,,,,
,44271249.985,49.8742256,1999.70202636719,0.000792752555059292,2.75957655606239E-7,1,0.999253354069792,40.0298881530762,2.00089769991774,19.0900005400181,0.0090169356613824,0.00166709627361921,0.25,5.34763931070199E-6,0.000792724440027573,1.12493185002555E-5,49.8742256,49.8742256,1999.70202636719,1999.70202636719,61.7924242163142,20.7763970326032,7.019488,0,0,0,40,4882,50.40555,1999.70202636719,,,,,,,,,,,,,0,,,,3.035767,,,,,,49.8742256,,,,
,44271251.585,49.90218735,1999.70202636719,0.000792105765038376,2.91649285291547E-7,1,0.999253354069792,40.0298881530762,2.00100827054913,19.0799999982119,0.0090102418709359,0.00166518961079435,0.25,5.28642370447658E-6,0.00079208455878203,1.11833515864566E-5,49.8953209,49.9090538,1999.70202636719,1999.70202636719,61.5665335742565,20.7800843022773,6.646428,0,0,0,40,4882,50.4319,1999.70202636719,,,,,,,,,,,,,0,,,,3.035767,,,,,,49.90218735,,,,
,44271252.385,49.9192276,1999.70202636719,0.000792016265381312,2.2815101442771E-7,1,0.999253354069792,40.0298881530762,2.00099291681917,19.0900005400181,0.0090093119928603,0.00166430100085131,0.25,5.22490663806221E-6,0.000791998201477181,1.11211909733092E-5,49.9090538,49.9294014,1999.70202636719,1999.70202636719,61.8041486441027,20.7785023586305,6.646428,0,0,0,40,4882,50.44305,1999.70202636719,,,,,,,,,,,,,0,,,,3.0509303,,,,,,49.9192276,,,,
,44271253.65,49.93885805,1999.70202636719,0.000791950818507363,2.66444209329563E-7,1,0.999253354069792,40.0298881530762,2.00093055094031,19.0900005400181,0.00900817705682613,0.0016651245856925,0.25,5.31234385854737E-6,0.000791936930650536,1.12081843476714E-5,49.9294014,49.9483147,1999.70202636719,1999.70202636719,61.443036268218,20.7767593785502,6.646428,0,0,0,40,4882,50.4627,1999.70202636719,,,,,,,,,,,,,0,,,,3.0509303,,,,,,49.93885805,,,,
,44271255.705,49.9633064,1999.70202636719,0.000791213226133552,2.80825663741529E-7,1,0.999253354069792,40.0298881530762,2.00093457033933,19.0900005400181,0.00899975038007903,0.00166441055878042,0.25,5.37916798949987E-6,0.000791206842611149,1.12695797659174E-5,49.9633064,49.9633064,1999.70202636719,1999.70202636719,62.1293061081027,20.77713009193,6.646428,0,0,0,40,4882,50.4951,1999.70202636719,,,,,,,,,,,,,0,,,,3.0206037,,,,,,49.9633064,,,,
,44271257.265,50.0011406,1999.70202636719,0.000790928273382349,1.94243767716909E-7,1,0.999253354069792,40.0298881530762,2.0010156472495,19.0900005400181,0.00899711569625631,0.00166282490576115,0.25,5.28390977596296E-6,0.000790928755591678,1.11722323410425E-5,50.0011406,50.0011406,1999.70202636719,1999.70202636719,61.8870012671412,20.7768115163181,7.019488,0,0,0,40,4882,50.5207,1999.70202636719,,,,,,,,,,,,,0,,,,3.0206037,,,,,,50.0011406,,,,
,44271257.96,50.00943945,1999.70202636719,0.00079074352481671,2.45953952319275E-7,1,0.999253354069792,40.0298881530762,2.00089562486327,19.0900005400181,0.00899424037407565,0.00166399881846938,0.25,5.42767793524955E-6,0.000790745904308818,1.13146486123416E-5,50.0011406,50.0177383,1999.70202636719,1999.70202636719,61.2992166206796,20.7757496219871,7.019488,0,0,0,40,4882,50.5327,1999.70202636719,,,,,,,,,,,,,0,,,,3.035767,,,,,,50.00943945,,,,
,44271259.235,50.02648925,1999.70202636719,0.000790478640134074,2.20761580372351E-7,1,0.999253354069792,40.0298881530762,2.00090935391722,19.0900005400181,0.00899135653722179,0.0016633775663615,0.25,5.41844922906602E-6,0.000790485927631181,1.13034701893732E-5,50.0177383,50.0352402,1999.70202636719,1999.70202636719,61.6024884861411,20.7773054742188,6.646428,0,0,0,40,4882,50.5524,1999.70202636719,,,,,,,,,,,,,0,,,,3.035767,,,,,,50.02648925,,,,
,44271260.495,50.04439545,1999.70202636719,0.000789944594832298,2.82430865049594E-7,1,0.999253354069792,40.0298881530762,2.00084504833811,19.0799999982119,0.0089858101369567,0.00165800836175934,0.25,5.04561992379796E-6,0.000789959467649494,1.09266587953558E-5,50.0352402,50.0535507,1999.70202636719,1999.70202636719,62.116800051795,20.7755506107676,6.646428,0,0,0,40,4882,50.5721,1999.70202636719,,,,,,,,,,,,,0,,,,3.0206037,,,,,,50.04439545,,,,
,44271261.705,50.06194685,1999.70202636719,0.00078999002427447,2.51685212057017E-7,1,0.999253354069792,40.0298881530762,2.00087096084026,19.0799999982119,0.00898512925903775,0.00166581366456545,0.25,5.72023766575189E-6,0.000790004951577229,1.16016762259478E-5,50.0535507,50.070343,1999.70202636719,1999.70202636719,61.6126496568911,20.7763516335354,6.646428,0,0,0,40,4882,50.5927,1999.70202636719,,,,,,,,,,,,,0,,,,3.035767,,,,,,50.06194685,,,,
,44271263.705,50.1076927,1999.70202636719,0.000789712972816961,2.77630002409785E-7,1,0.999253354069792,40.0298881530762,2.00088023271221,19.0900005400181,0.00898397956133949,0.0016547429267249,0.25,4.79540182338504E-6,0.00078974282854512,1.06747160070435E-5,50.1076927,50.1076927,1999.70202636719,1999.70202636719,61.5821661446411,20.7790914140982,7.019488,0,0,0,40,4882,50.6261,1999.70202636719,,,,,,,,,,,,,0,,,,3.0509303,,,,,,50.1076927,,,,
,44271265.2,50.1247025,1999.70202636719,0.000789250622996862,2.93993483882727E-7,1,0.999253354069792,40.0298881530762,2.00085560329605,19.0799999982119,0.00897854443922924,0.00165450011257666,0.25,4.85713716313543E-6,0.000789285306654268,1.07330135603938E-5,50.1247025,50.1247025,1999.70202636719,1999.70202636719,61.7392734770065,20.7773673535541,7.019488,0,0,0,40,4882,50.6477,1999.70202636719,,,,,,,,,,,,,0,,,,3.0509303,,,,,,50.1247025,,,,
,44271265.915,50.1415558,1999.70202636719,0.000788820089655075,2.51577579156424E-7,1,0.999253354069792,40.0298881530762,2.00090105663913,19.0799999982119,0.00897327981493024,0.00165699159735939,0.25,5.14883376142257E-6,0.000788855667938553,1.10215286062992E-5,50.1247025,50.1584091,1999.70202636719,1999.70202636719,61.6235924561604,20.7775453104232,6.646428,0,0,0,40,4882,50.66055,1999.70202636719,,,,,,,,,,,,,0,,,,3.035767,,,,,,50.1415558,,,,
,44271267.255,50.16610525,1999.70202636719,0.000788650084087007,2.34351472179817E-7,1,0.999253354069792,40.0298881530762,2.00087294700651,19.0900005400181,0.0089707275943645,0.00165981491902302,0.25,5.42790345562239E-6,0.000788689657304127,1.12993516905207E-5,50.1584091,50.1738014,1999.70202636719,1999.70202636719,61.8572993834104,20.7759722559888,7.019488,0,0,0,40,4882,50.68545,1999.70202636719,,,,,,,,,,,,,0,,,,3.0206037,,,,,,50.16610525,,,,
,44271269.37,50.1924706,1999.70202636719,0.000788402093848277,2.09237414973478E-7,1,0.999253354069792,40.0298881530762,2.00089483825087,19.0900005400181,0.00896825592268395,0.00165846191507313,0.25,5.35020755609345E-6,0.000788451139754957,1.12197796669849E-5,50.1924706,50.1924706,1999.70202636719,1999.70202636719,61.5688784598142,20.7787118297758,7.019488,0,0,0,40,4882,50.7216,1999.70202636719,,,,,,,,,,,,,0,,,,3.0206037,,,,,,50.1924706,,,,
,44271270.905,50.2266541,1999.70202636719,0.0007879207288132,2.08507918347719E-7,1,0.999253354069792,40.0298881530762,2.00091134733412,19.0900005400181,0.0089630010171715,0.00165702824571822,0.25,5.30779155676349E-6,0.00078797625617134,1.11737487002009E-5,50.2266541,50.2266541,1999.70202636719,1999.70202636719,61.4946237504873,20.7785817442493,6.646428,0,0,0,40,4882,50.7474,1999.70202636719,,,,,,,,,,,,,0,,,,3.0206037,,,,,,50.2266541,,,,
,44271272.52,50.2415237,1999.70202636719,0.000787540436829221,2.47880894259784E-7,1,0.999253354069792,40.0298881530762,2.000845634342,19.0900005400181,0.00895877361808336,0.00165448617694497,0.25,5.15569639808022E-6,0.000787603696085064,1.10187701363282E-5,50.2415237,50.2415237,1999.70202636719,1999.70202636719,61.1796274572372,20.7770576136557,6.646428,0,0,0,40,4882,50.7742,1999.70202636719,,,,,,,,,,,,,0,,,,3.035767,,,,,,50.2415237,,,,
,44271273.99,50.2773743,1999.70202636719,0.000787224074769823,2.52233448650453E-7,1,0.999253354069792,40.0298881530762,2.00085084251285,19.0900005400181,0.00895550345137713,0.00165255741601235,0.25,5.04114407077859E-6,0.000787295025504087,1.09017995975649E-5,50.2773743,50.2773743,1999.70202636719,1999.70202636719,61.8064935296604,20.7777586298975,7.019488,0,0,0,40,4882,50.8027,1999.70202636719,,,,,,,,,,,,,0,,,,3.0206037,,,,,,50.2773743,,,,
,44271274.765,50.2852974,1999.70202636719,0.000787160893243583,2.22557661821451E-7,1,0.999253354069792,40.0298881530762,2.00091430952537,19.0900005400181,0.00895490352862517,0.00165352453047278,0.25,5.13242831374889E-6,0.000787234142711289,1.09926041346023E-5,50.2773743,50.2932205,1999.70202636719,1999.70202636719,61.8838747530642,20.7777372143638,6.646428,0,0,0,40,4882,50.8148,1999.70202636719,,,,,,,,,,,,,0,,,,3.035767,,,,,,50.2852974,,,,
,44271276.085,50.3013363,1999.70202636719,0.000786660232316569,2.22320119213185E-7,1,0.999253354069792,40.0298881530762,2.00091400375871,19.0799999982119,0.00894931152406309,0.00165222017583183,0.25,5.10617279746284E-6,0.000786738714935656,1.09625761617056E-5,50.2932205,50.3094521,1999.70202636719,1999.70202636719,61.7885160737181,20.7763476934163,6.646428,0,0,0,40,4882,50.8356,1999.70202636719,,,,,,,,,,,,,0,,,,3.0509303,,,,,,50.3013363,,,,
,44271277.35,50.3258305,1999.70202636719,0.000786466334956511,2.37745861363084E-7,1,0.999253354069792,40.0298881530762,2.00084948645742,19.0900005400181,0.00894722515012435,0.0016498792690014,0.25,4.93877628449033E-6,0.000786551076708047,1.07936626629085E-5,50.3094521,50.3422089,1999.70202636719,1999.70202636719,61.7486530192373,20.7773772195829,6.646428,0,0,0,40,4882,50.85645,1999.70202636719,,,,,,,,,,,,,0,,,,3.035767,,,,,,50.3258305,,,,
,44271278.625,50.3524361,1999.70202636719,0.000786259078434052,2.04214603458581E-7,1,0.999253354069792,40.0298881530762,2.00084420177434,19.0900005400181,0.00894414797563457,0.0016537158736055,0.25,5.31200758983099E-6,0.000786346446880368,1.11653534195682E-5,50.3422089,50.3626633,1999.70202636719,1999.70202636719,61.8987256949296,20.7774017766293,6.646428,0,0,0,40,4882,50.87895,1999.70202636719,,,,,,,,,,,,,0,,,,3.0206037,,,,,,50.3524361,,,,
,44271279.935,50.370451,1999.70202636719,0.00078617816312133,2.70658995273071E-7,1,0.999253354069792,40.0298881530762,2.00088178813781,19.0900005400181,0.00894401429427859,0.00165041645722654,0.25,5.03323786762428E-6,0.000786273107540527,1.08858745977764E-5,50.3626633,50.3782387,1999.70202636719,1999.70202636719,61.6196843135642,20.776456717276,6.273368,0,0,0,40,4882,50.90145,1999.70202636719,,,,,,,,,,,,,0,,,,3.035767,,,,,,50.370451,,,,
,44271282.14,50.3969078,1999.70202636719,0.000785854078711235,2.67146353947384E-7,1,0.999253354069792,40.0298881530762,2.00100635357563,19.0900005400181,0.00894023379571412,0.00165393180854652,0.25,5.38951268336157E-6,0.000785955294032865,1.12396895029794E-5,50.3969078,50.3969078,1999.70202636719,1999.70202636719,61.6822145951027,20.778506058435,7.019488,0,0,0,40,4882,50.938,1999.70202636719,,,,,,,,,,,,,0,,,,3.0206037,,,,,,50.3969078,,,,
,44271283.71,50.4351387,1999.70202636719,0.000785300327052709,2.36983739828326E-7,1,0.999253354069792,40.0298881530762,2.00092512820395,19.0900005400181,0.00893402796993235,0.00165067279292656,0.25,5.20647656312414E-6,0.000785409460989982,1.10524034117959E-5,50.4351387,50.4351387,1999.70202636719,1999.70202636719,61.4336567259873,20.776898611802,7.019488,0,0,0,40,4882,50.9658,1999.70202636719,,,,,,,,,,,,,0,,,,3.0509303,,,,,,50.4351387,,,,
,44271285.235,50.4537544,1999.70202636719,0.000785319413370625,2.71064964500343E-7,1,0.999253354069792,40.0298881530762,2.00092111480953,19.0900005400181,0.00893387730197862,0.00165307413384342,0.25,5.41325917997648E-6,0.000785432964224522,1.12592802359238E-5,50.4537544,50.4537544,1999.70202636719,1999.70202636719,61.5462112327565,20.7778659066558,6.646428,0,0,0,40,4882,50.9901,1999.70202636719,,,,,,,,,,,,,0,,,,3.0509303,,,,,,50.4537544,,,,
,44271285.965,50.4710922,1999.70202636719,0.000784920895627926,2.0525208254394E-7,1,0.999253354069792,40.0298881530762,2.0008636691383,19.0900005400181,0.0089297906025772,0.00164849831680859,0.25,5.08593327860185E-6,0.000785039717876244,1.09288759140497E-5,50.4537544,50.48843,1999.70202636719,1999.70202636719,61.7478713907181,20.7760803516965,7.019488,0,0,0,40,4882,51.0023,1999.70202636719,,,,,,,,,,,,,0,,,,3.0509303,,,,,,50.4710922,,,,
,44271287.235,50.49612425,1999.70202636719,0.000784445120298441,2.56159821364956E-7,1,0.999253354069792,40.0298881530762,2.00099908338134,19.0799999982119,0.00892414565811359,0.00165243252532956,0.25,5.50597179025919E-6,0.000784565096955786,1.13453843965894E-5,50.48843,50.5038185,1999.70202636719,1999.70202636719,61.7963323589104,20.7766391574345,6.646428,0,0,0,40,4882,51.0206,1999.70202636719,,,,,,,,,,,,,0,,,,3.035767,,,,,,50.49612425,,,,
,44271288.39,50.5131817,1999.70202636719,0.000784565615437878,2.70731197030833E-7,1,0.999253354069792,40.0298881530762,2.00089911779985,19.0900005400181,0.00892592614186218,0.00164832551729023,0.25,5.1299134348347E-6,0.000784694587799894,1.09700390010185E-5,50.5038185,50.5225449,1999.70202636719,1999.70202636719,62.1074205095643,20.7762538447413,6.646428,0,0,0,40,4882,51.04575,1999.70202636719,,,,,,,,,,,,,0,,,,3.035767,,,,,,50.5131817,,,,
,44271290.31,50.535965,1999.70202636719,0.000784210090382617,2.24025314480651E-7,1,0.999253354069792,40.0298881530762,2.00086263290648,19.0900005400181,0.00892227624431078,0.00164531316657642,0.25,4.92924695088757E-6,0.000784353409409162,1.07664388031399E-5,50.535965,50.535965,1999.70202636719,1999.70202636719,61.7736651318527,20.7758962789996,6.646428,0,0,0,40,4882,51.098,1999.70202636719,,,,,,,,,,,,,0,,,,3.0509303,,,,,,50.535965,,,,
,44271291.805,50.5707245,1999.70202636719,0.000783665367833189,2.54715993761076E-7,1,0.999253354069792,40.0298881530762,2.00096287918722,19.0900005400181,0.00891568903260099,0.00164882343935414,0.25,5.32746485189781E-6,0.000783805493301819,1.11606856985103E-5,50.5707245,50.5707245,1999.70202636719,1999.70202636719,61.6001436005834,20.7770726297495,6.646428,0,0,0,40,4882,51.09885,1999.70202636719,,,,,,,,,,,,,0,,,,3.0206037,,,,,,50.5707245,,,,
,44271292.52,50.57956695,1999.70202636719,0.000783743972345992,2.25354760146119E-7,1,0.999253354069792,40.0298881530762,2.00092168750152,19.0900005400181,0.00891659180654261,0.00164819277797799,0.25,5.26034395255141E-6,0.000783888654390807,1.10940527986531E-5,50.5707245,50.5884094,1999.70202636719,1999.70202636719,61.6454780546988,20.7778706374729,6.646428,0,0,0,40,4882,51.11525,1999.70202636719,,,,,,,,,,,,,0,,,,3.0206037,,,,,,50.57956695,,,,
,44271294.595,50.6150398,1999.70202636719,0.000783206884420311,2.27159753863219E-7,1,0.999253354069792,40.0298881530762,2.0008927818302,19.0799999982119,0.00891077305663703,0.0016453767867893,0.25,5.10917106199265E-6,0.000783362631542607,1.09386252660021E-5,50.6066284,50.6234512,1999.70202636719,1999.70202636719,61.3453327033142,20.7769689038414,7.019488,0,0,0,40,4882,51.15665,1999.70202636719,,,,,,,,,,,,,0,,,,3.0509303,,,,,,50.6150398,,,,
,44271295.255,50.6317806,1999.70202636719,0.000783138531277878,2.18877581308788E-7,1,0.999253354069792,40.0298881530762,2.00088901773143,19.0900005400181,0.008910402871476,0.00164298245219551,0.25,4.91109471648254E-6,0.000783297739867298,1.07399410793491E-5,50.6234512,50.64011,1999.70202636719,1999.70202636719,61.6212475706027,20.7764731007571,6.646428,0,0,0,40,4882,51.16525,1999.70202636719,,,,,,,,,,,,,0,,,,3.0509303,,,,,,50.6317806,,,,
,44271296.46,50.6483612,1999.70202636719,0.000782673872472802,2.32190666240694E-7,1,0.999253354069792,40.0298881530762,2.00088102603372,19.0799999982119,0.00890457487989642,0.00164498602904675,0.25,5.16991815823196E-6,0.00078283305595779,1.09953209727635E-5,50.64011,50.6566124,1999.70202636719,1999.70202636719,61.6048333716988,20.7779966035932,7.019488,0,0,0,40,4882,51.1739,1999.70202636719,,,,,,,,,,,,,0,,,,3.0509303,,,,,,50.6483612,,,,
,44271297.72,50.6638565,1999.70202636719,0.000782759193750137,2.40453299835213E-7,1,0.999253354069792,40.0298881530762,2.00088252370536,19.0900005400181,0.00890548365632808,0.001645817403298,0.25,5.22703190221181E-6,0.000782922019347565,1.10529865802693E-5,50.6566124,50.6711006,1999.70202636719,1999.70202636719,61.7627223325834,20.777618878508,6.646428,0,0,0,40,4882,51.1906,1999.70202636719,,,,,,,,,,,,,0,,,,3.0509303,,,,,,50.6638565,,,,
,44271299.89,50.7036629,1999.70202636719,0.000782277402404422,2.51414692038056E-7,1,0.999253354069792,40.0298881530762,2.00094884476993,19.0900005400181,0.00890028140904826,0.00164552903033701,0.25,5.28141625781697E-6,0.000782449731733618,1.11035454372392E-5,50.7036629,50.7036629,1999.70202636719,1999.70202636719,62.0089353161412,20.7763598382368,7.019488,0,0,0,40,4882,51.2321,1999.70202636719,,,,,,,,,,,,,0,,,,3.0206037,,,,,,50.7036629,,,,
,44271300.585,50.71211435,1999.70202636719,0.000782041469136362,2.32881226140902E-7,1,0.999253354069792,40.0298881530762,2.00093651310722,19.0900005400181,0.00889723396267913,0.0016470383222524,0.25,5.45615150198956E-6,0.000782216488745793,1.12764680441463E-5,50.7036629,50.7205658,1999.70202636719,1999.70202636719,61.9159215223527,20.7755445721364,7.019488,0,0,0,40,4882,51.2486,1999.70202636719,,,,,,,,,,,,,0,,,,3.035767,,,,,,50.71211435,,,,
,44271302.695,50.7460537,1999.70202636719,0.000781753923943988,2.98603213148853E-7,1,0.999253354069792,40.0298881530762,2.00085854137047,19.0799999982119,0.00889435009712748,0.00164287602646067,0.25,5.14610214578286E-6,0.000781939318732794,1.0963965414344E-5,50.7383499,50.7537575,1999.70202636719,1999.70202636719,61.7212960210642,20.7758184191212,7.019488,0,0,0,40,4882,51.2824,1999.70202636719,,,,,,,,,,,,,0,,,,3.0509303,,,,,,50.7460537,,,,
,44271303.4,50.76165775,1999.70202636719,0.000781712165589567,2.58382228439542E-7,1,0.999253354069792,40.0298881530762,2.00087590299839,19.0900005400181,0.00889325717653825,0.00164682102006789,0.25,5.4983851334043E-6,0.000781896948464747,1.13159781420871E-5,50.7537575,50.769558,1999.70202636719,1999.70202636719,62.0308209146796,20.7780814736826,6.646428,0,0,0,40,4882,51.29105,1999.70202636719,,,,,,,,,,,,,0,,,,3.035767,,,,,,50.76165775,,,,
,44271304.595,50.77889825,1999.70202636719,0.000781279976156511,2.01776017344926E-7,1,0.999253354069792,40.0298881530762,2.00093136169596,19.0900005400181,0.00888918996091638,0.00164276398986362,0.25,5.21473544523788E-6,0.000781470787075909,1.10289118449806E-5,50.769558,50.7882385,1999.70202636719,1999.70202636719,61.7212960210642,20.7748959116158,6.646428,0,0,0,40,4882,51.30785,1999.70202636719,,,,,,,,,,,,,0,,,,3.0206037,,,,,,50.77889825,,,,
,44271305.835,50.79543495,1999.70202636719,0.000781142757210719,2.51130980613785E-7,1,0.999253354069792,40.0298881530762,2.00089679187342,19.0900005400181,0.00888760869806585,0.00164200618741269,0.25,5.17442778611922E-6,0.000781337875200783,1.09874491445212E-5,50.7882385,50.8026314,1999.70202636719,1999.70202636719,61.9870497176027,20.7767519155995,7.019488,0,0,0,40,4882,51.32465,1999.70202636719,,,,,,,,,,,,,0,,,,3.0206037,,,,,,50.79543495,,,,
,44271307.105,50.81201935,1999.70202636719,0.000780520341810777,2.74661075945434E-7,1,0.999253354069792,40.0298881530762,2.00093573455884,19.0900005400181,0.00888027377110424,0.00164348247075624,0.25,5.41122680727625E-6,0.000780719652595814,1.12195023927789E-5,50.8026314,50.8214073,1999.70202636719,1999.70202636719,61.5860742872373,20.7762941619542,6.646428,0,0,0,40,4882,51.34985,1999.70202636719,,,,,,,,,,,,,0,,,,3.035767,,,,,,50.81201935,,,,
,44271308.34,50.8313255,1999.70202636719,0.000780754728076592,2.22917738374958E-7,1,0.999253354069792,40.0298881530762,2.0009605099568,19.0900005400181,0.00888367644140657,0.00164084706557588,0.25,5.13564068266038E-6,0.000780962214528047,1.09453819538341E-5,50.8214073,50.8412437,1999.70202636719,1999.70202636719,61.5657519457373,20.7764704187905,7.019488,0,0,0,40,4882,51.3748,1999.70202636719,,,,,,,,,,,,,0,,,,3.0509303,,,,,,50.8313255,,,,
,44271309.53,50.8485298,1999.70202636719,0.000780665253936804,2.26193544275758E-7,1,0.999253354069792,40.0298881530762,2.00098779973807,19.0900005400181,0.0088832403872668,0.00163832887126749,0.25,4.92807235312417E-6,0.000780878367414169,1.07369447069688E-5,50.8412437,50.8558159,1999.70202636719,1999.70202636719,61.5297970338527,20.7775484927078,6.273368,0,0,0,40,4882,51.3919,1999.70202636719,,,,,,,,,,,,,0,,,,3.0509303,,,,,,50.8485298,,,,
,44271310.775,50.8747425,1999.70202636719,0.000780262389103705,2.64303972019525E-7,1,0.999253354069792,40.0298881530762,2.00095748885596,19.0900005400181,0.00887876393405152,0.00163653398921224,0.25,4.84343792430467E-6,0.00078048206177576,1.06490762338787E-5,50.8558159,50.8936691,1999.70202636719,1999.70202636719,61.3906671574296,20.7764156180738,7.019488,0,0,0,40,4882,51.41715,1999.70202636719,,,,,,,,,,,,,0,,,,3.0509303,,,,,,50.8747425,,,,
,44271312.87,50.9098854,1999.70202636719,0.00077975602276298,2.67596242950444E-7,1,0.999253354069792,40.0298881530762,2.00091387552535,19.0900005400181,0.00887241191030279,0.0016383828084677,0.25,5.09744798882492E-6,0.000779983698005075,1.08990460659879E-5,50.9098854,50.9098854,1999.70202636719,1999.70202636719,61.5321419194104,20.7778295531914,6.646428,0,0,0,40,4882,51.4588,1999.70202636719,,,,,,,,,,,,,0,,,,3.0206037,,,,,,50.9098854,,,,
,44271314.495,50.9283791,1999.70202636719,0.000779574384748183,2.47132178272292E-7,1,0.999253354069792,40.0298881530762,2.0009861889581,19.0900005400181,0.00887093189726072,0.00163675059527346,0.25,4.98098274775868E-6,0.000779807028992783,1.07810345214174E-5,50.9283791,50.9283791,1999.70202636719,1999.70202636719,61.6689269102757,20.7785334695537,6.646428,0,0,0,40,4882,51.4762,1999.70202636719,,,,,,,,,,,,,0,,,,3.0509303,,,,,,50.9283791,,,,
,44271316.11,50.9641113,1999.70202636719,0.000779005950876218,2.61230483325899E-7,1,0.999253354069792,40.0298881530762,2.00085248516497,19.0799999982119,0.00886341338381554,0.00163857589168705,0.25,5.25071044666869E-6,0.00077924231101162,1.10463985924941E-5,50.9641113,50.9641113,1999.70202636719,1999.70202636719,61.6540759684104,20.7770069145086,6.646428,0,0,0,40,4882,51.5013,1999.70202636719,,,,,,,,,,,,,0,,,,3.0206037,,,,,,50.9641113,,,,
,44271316.815,50.97164155,1999.70202636719,0.000779045050709267,3.00669729396728E-7,1,0.999253354069792,40.0298881530762,2.00095153093807,19.0900005400181,0.00886359512618028,0.00164283639937778,0.25,5.61041194441113E-6,0.000779282885654856,1.14063641381971E-5,50.9641113,50.9791718,1999.70202636719,1999.70202636719,61.5876375442758,20.778121423422,6.646428,0,0,0,40,4882,51.5182,1999.70202636719,,,,,,,,,,,,,0,,,,3.035767,,,,,,50.97164155,,,,
,44271317.97,50.98796465,1999.70202636719,0.000778630749694132,2.39802419599738E-7,1,0.999253354069792,40.0298881530762,2.0008151619134,19.0900005400181,0.00886001807619022,0.00163264112729083,0.25,4.79767562423347E-6,0.000778880633765218,1.05900113982689E-5,50.9791718,50.9967575,1999.70202636719,1999.70202636719,61.9151398938335,20.7772116088047,6.646428,0,0,0,40,4882,51.54355,1999.70202636719,,,,,,,,,,,,,0,,,,3.0509303,,,,,,50.98796465,,,,
,44271319.17,51.01389885,1999.70202636719,0.00077844844839504,2.04462354329792E-7,1,0.999253354069792,40.0298881530762,2.0008712297403,19.0900005400181,0.00885737506866444,0.00163722834096954,0.25,5.22817509922581E-6,0.000778701138543722,1.10190644151345E-5,50.9967575,51.0310402,1999.70202636719,1999.70202636719,61.4320934689488,20.7781906659445,7.019488,0,0,0,40,4882,51.56895,1999.70202636719,,,,,,,,,,,,,0,,,,3.0509303,,,,,,51.01389885,,,,
,44271321.295,51.0496902,1999.70202636719,0.000778127471436142,2.43346404075833E-7,1,0.999253354069792,40.0298881530762,2.00084720716854,19.0900005400181,0.00885318559072708,0.00163951653088104,0.25,5.48675447839582E-6,0.00077838615933071,1.12750159896899E-5,51.0496902,51.0496902,1999.70202636719,1999.70202636719,61.7486530192373,20.7773399149268,7.019488,0,0,0,40,4882,51.60265,1999.70202636719,,,,,,,,,,,,,0,,,,3.0206037,,,,,,51.0496902,,,,
,44271322.75,51.066761,1999.70202636719,0.000777796581210953,2.42443814233383E-7,1,0.999253354069792,40.0298881530762,2.00083495049401,19.0900005400181,0.00884988559157895,0.00163631396439626,0.25,5.26454579003625E-6,0.000778062953288064,1.10499979832541E-5,51.066761,51.066761,1999.70202636719,1999.70202636719,61.5720049738911,20.7767227783408,7.019488,0,0,0,40,4882,51.6281,1999.70202636719,,,,,,,,,,,,,0,,,,3.0509303,,,,,,51.066761,,,,
,44271323.48,51.0839462,1999.70202636719,0.000777547951426035,2.74864976282615E-7,1,0.999253354069792,40.0298881530762,2.00084489790361,19.0900005400181,0.00884678387870962,0.00163770017026862,0.25,5.4295317575324E-6,0.00077781501166135,1.12131069256113E-5,51.066761,51.1011314,1999.70202636719,1999.70202636719,61.5383949475642,20.7786282898771,6.646428,0,0,0,40,4882,51.63685,1999.70202636719,,,,,,,,,,,,,0,,,,3.035767,,,,,,51.0839462,,,,
,44271324.775,51.1086311,1999.70202636719,0.000777451067803618,2.73548967017515E-7,1,0.999253354069792,40.0298881530762,2.00085925370337,19.0799999982119,0.00884685565684273,0.00163151569052935,0.25,4.90240346428543E-6,0.000777726072389755,1.06848618533423E-5,51.1011314,51.1161308,1999.70202636719,1999.70202636719,61.5602805461027,20.7776909750225,7.019488,0,0,0,40,4882,51.65415,1999.70202636719,,,,,,,,,,,,,0,,,,3.035767,,,,,,51.1086311,,,,
,44271325.93,51.1261444,1999.70202636719,0.000776803323259383,2.33105520479692E-7,1,0.999253354069792,40.0298881530762,2.00081502627274,19.0900005400181,0.00883820053111485,0.00163669699284436,0.25,5.47471565916059E-6,0.000777079907333973,1.12523142755373E-5,51.1161308,51.136158,1999.70202636719,1999.70202636719,61.7947691018719,20.776826061194,7.019488,0,0,0,40,4882,51.6794,1999.70202636719,,,,,,,,,,,,,0,,,,3.0509303,,,,,,51.1261444,,,,
,44271327.03,51.14508055,1999.70202636719,0.000776579946113598,2.63921766628449E-7,1,0.999253354069792,40.0298881530762,2.00096669343162,19.0900005400181,0.00883733722254291,0.00163076733919721,0.25,4.98310417223099E-6,0.000776864190976537,1.07586474457765E-5,51.136158,51.1540031,1999.70202636719,1999.70202636719,61.5704417168527,20.7791213284754,6.646428,0,0,0,40,4882,51.69665,1999.70202636719,,,,,,,,,,,,,0,,,,3.0662458,,,,,,51.14508055,,,,
,44271328.225,51.1622295,1999.70202636719,0.000776706460046868,3.06929704836629E-7,1,0.999253354069792,40.0298881530762,2.00090430103882,19.0900005400181,0.00883835796581011,0.00163213156076658,0.25,5.08409847341408E-6,0.000776994057789383,1.08604307460435E-5,51.1540031,51.1704559,1999.70202636719,1999.70202636719,61.8784033534296,20.7777035642515,6.646428,0,0,0,40,4882,51.71365,1999.70202636719,,,,,,,,,,,,,0,,,,3.0662458,,,,,,51.1622295,,,,
,44271330.4,51.19808575,1999.70202636719,0.000776379717157472,2.07614308327577E-7,1,0.999253354069792,40.0298881530762,2.00104670900218,19.0799999982119,0.00883515174857014,0.00163271428969382,0.25,5.18242732198996E-6,0.000776676595051092,1.09558792325933E-5,51.1896896,51.2064819,1999.70202636719,1999.70202636719,61.903415466045,20.7770965287461,6.646428,0,0,0,40,4882,51.756,1999.70202636719,,,,,,,,,,,,,0,,,,3.0509303,,,,,,51.19808575,,,,
,44271331.89,51.2234612,1999.70202636719,0.000775662519943348,2.57848399262809E-7,1,0.999253354069792,40.0298881530762,2.00104281392119,19.0900005400181,0.00882704935227001,0.0016310414458948,0.25,5.16298482521196E-6,0.00077596322469879,1.09308915694375E-5,51.2234612,51.2234612,1999.70202636719,1999.70202636719,61.4070813563334,20.7756767321185,6.646428,0,0,0,40,4882,51.7731,1999.70202636719,,,,,,,,,,,,,0,,,,3.0509303,,,,,,51.2234612,,,,
,44271332.515,51.2332287,1999.70202636719,0.000775693537664518,2.69396283915589E-7,1,0.999253354069792,40.0298881530762,2.00106028859904,19.0900005400181,0.00882804079731353,0.00162808168432817,0.25,4.89625417717899E-6,0.000775998323029122,1.06641676432103E-5,51.2234612,51.2429962,1999.70202636719,1999.70202636719,61.9510948057181,20.7779000166711,6.646428,0,0,0,40,4882,51.7819,1999.70202636719,,,,,,,,,,,,,0,,,,3.0662458,,,,,,51.2332287,,,,
,44271334.57,51.2732925,1999.70202636719,0.000775621275645593,2.23045923203511E-7,1,0.999253354069792,40.0298881530762,2.00094329509593,19.0900005400181,0.00882620259659191,0.00163118430733025,0.25,5.18868663486104E-6,0.000775929884431859,1.09558721479964E-5,51.2732925,51.2732925,1999.70202636719,1999.70202636719,61.6681452817565,20.7771630872202,6.646428,0,0,0,40,4882,51.8078,1999.70202636719,,,,,,,,,,,,,0,,,,3.0815613,,,,,,51.2732925,,,,
,44271335.25,51.28287125,1999.70202636719,0.000775032532729889,2.36239462806454E-7,1,0.999253354069792,40.0298881530762,2.00091357961501,19.0799999982119,0.00881980832208748,0.00162777419114314,0.25,4.99564843393027E-6,0.000775346382415814,1.07581613764344E-5,51.2732925,51.29245,1999.70202636719,1999.70202636719,61.9471866631219,20.7765658818821,6.646428,0,0,0,40,4882,51.82465,1999.70202636719,,,,,,,,,,,,,0,,,,3.0662458,,,,,,51.28287125,,,,
,44271336.45,51.29986765,1999.70202636719,0.000775244148566989,2.54103185243538E-7,1,0.999253354069792,40.0298881530762,2.00093921129242,19.0799999982119,0.00882326251066896,0.00162336715362053,0.25,4.56872840241736E-6,0.000775567378149096,1.03322944072398E-5,51.29245,51.3072853,1999.70202636719,1999.70202636719,61.9284275786604,20.778279003829,7.019488,0,0,0,40,4882,51.85005,1999.70202636719,,,,,,,,,,,,,0,,,,3.0509303,,,,,,51.29986765,,,,
,44271337.715,51.31679345,1999.70202636719,0.000775211209875987,2.55634215084402E-7,1,0.999253354069792,40.0298881530762,2.00089168388474,19.0900005400181,0.00882143676812958,0.00163070313989497,0.25,5.22099549427088E-6,0.000775535760644112,1.09842853775099E-5,51.3072853,51.3263016,1999.70202636719,1999.70202636719,61.9018522090066,20.7767416916862,6.646428,0,0,0,40,4882,51.87575,1999.70202636719,,,,,,,,,,,,,0,,,,3.0662458,,,,,,51.31679345,,,,
,44271339.82,51.3600502,1999.70202636719,0.00077434146903122,2.62070675349883E-7,1,0.999253354069792,40.0298881530762,2.00086983764695,19.0900005400181,0.0088113224359215,0.00163009312558738,0.25,5.32275268788326E-6,0.000774672894523435,1.10791729070199E-5,51.3600502,51.3600502,1999.70202636719,1999.70202636719,61.7252041636604,20.774996531911,6.646428,0,0,0,40,4882,51.91,1999.70202636719,,,,,,,,,,,,,0,,,,3.0509303,,,,,,51.3600502,,,,
,44271340.54,51.3685665,1999.70202636719,0.000774020744194733,2.3025232378627E-7,1,0.999253354069792,40.0298881530762,2.00094949823606,19.0900005400181,0.00880914396086955,0.00162335721701192,0.25,4.78271168608686E-6,0.000774360110169736,1.05362603906819E-5,51.3600502,51.3770828,1999.70202636719,1999.70202636719,61.8846563815835,20.7782566867566,6.646428,0,0,0,40,4882,51.9269,1999.70202636719,,,,,,,,,,,,,0,,,,3.0509303,,,,,,51.3685665,,,,
,44271341.695,51.38571355,1999.70202636719,0.000773967893769598,2.28917085681242E-7,1,0.999253354069792,40.0298881530762,2.00090557672414,19.0900005400181,0.00880759558097004,0.00162776888007265,0.25,5.18184945383078E-6,0.00077430834311927,1.09349631301245E-5,51.3770828,51.3943443,1999.70202636719,1999.70202636719,61.8533912408142,20.7769722854704,6.646428,0,0,0,40,4882,51.9441,1999.70202636719,,,,,,,,,,,,,0,,,,3.0509303,,,,,,51.38571355,,,,
,44271342.795,51.4018097,1999.70202636719,0.000774196694859102,2.59273891386181E-7,1,0.999253354069792,40.0298881530762,2.0009131237882,19.0900005400181,0.00881001385597202,0.0016297506833653,0.25,5.31410954811982E-6,0.000774540432061544,1.10687458541052E-5,51.3943443,51.4092751,1999.70202636719,1999.70202636719,61.6196843135642,20.7771184781635,6.646428,0,0,0,40,4882,51.9616,1999.70202636719,,,,,,,,,,,,,0,,,,3.0509303,,,,,,51.4018097,,,,
,44271344.82,51.443512,1999.70202636719,0.000773365056965969,2.80085129760879E-7,1,0.999253354069792,40.0298881530762,2.00094204200153,19.0900005400181,0.00880071177034351,0.00162819232526402,0.25,5.32265620054255E-6,0.000773714337611283,1.10707498313936E-5,51.443512,51.443512,1999.70202636719,1999.70202636719,61.5798212590834,20.7787812873804,7.019488,0,0,0,40,4882,51.98765,1999.70202636719,,,,,,,,,,,,,0,,,,3.0509303,,,,,,51.443512,,,,
,44271345.53,51.452467,1999.70202636719,0.000773322783735926,2.61291822080689E-7,1,0.999253354069792,40.0298881530762,2.00095228852867,19.0900005400181,0.00880168520728272,0.00162044999051478,0.25,4.64949837916889E-6,0.00077368118728016,1.03966914471018E-5,51.443512,51.461422,1999.70202636719,1999.70202636719,62.1644793914681,20.7776878608392,7.019488,0,0,0,40,4882,52.00485,1999.70202636719,,,,,,,,,,,,,0,,,,3.0509303,,,,,,51.452467,,,,
,44271346.665,51.46953775,1999.70202636719,0.000773302182883596,3.09525906582437E-7,1,0.999253354069792,40.0298881530762,2.00085591737407,19.0900005400181,0.00879973362435394,0.00162798379872201,0.25,5.32049151988932E-6,0.000773659659005289,1.1067623895174E-5,51.461422,51.4776535,1999.70202636719,1999.70202636719,61.9448417775642,20.777006135937,6.646428,0,0,0,40,4882,52.02205,1999.70202636719,,,,,,,,,,,,,0,,,,3.0662458,,,,,,51.46953775,,,,
,44271347.79,51.48467255,1999.70202636719,0.000772940212650842,2.97069692423146E-7,1,0.999253354069792,40.0298881530762,2.0009191397874,19.0900005400181,0.00879650431301093,0.00162402365468647,0.25,5.03257512577782E-6,0.00077330367517393,1.07766209643359E-5,51.4776535,51.4916916,1999.70202636719,1999.70202636719,61.6103047713334,20.7780151487955,6.273368,0,0,0,40,4882,52.03905,1999.70202636719,,,,,,,,,,,,,0,,,,3.0510825,,,,,,51.48467255,,,,
,44271349.885,51.527832,1999.70202636719,0.000772200122191888,2.67236471407568E-7,1,0.999253354069792,40.0298881530762,2.00090543752725,19.0900005400181,0.00878846077706717,0.00162067669436617,0.25,4.87032474934752E-6,0.000772574586238052,1.060813932182E-5,51.527832,51.527832,1999.70202636719,1999.70202636719,61.5157277205065,20.7773370705338,7.019488,0,0,0,40,4882,52.0822,1999.70202636719,,,,,,,,,,,,,0,,,,3.0662458,,,,,,51.527832,,,,
,44271351.365,51.5464745,1999.70202636719,0.00077183504794943,2.6734626198201E-7,1,0.999253354069792,40.0298881530762,2.00092723097746,19.0900005400181,0.00878407035503054,0.00162202999000755,0.25,5.0521424645489E-6,0.000772212008582709,1.07870788472191E-5,51.5464745,51.5464745,1999.70202636719,1999.70202636719,61.5727866024104,20.7782120157672,7.019488,0,0,0,40,4882,52.0994,1999.70202636719,,,,,,,,,,,,,0,,,,3.0509303,,,,,,51.5464745,,,,
,44271352.015,51.55576135,1999.70202636719,0.000772120524521037,2.44732123500918E-7,1,0.999253354069792,40.0298881530762,2.00093656752016,19.0900005400181,0.00878727887842309,0.00162335388380972,0.25,5.11648220558217E-6,0.000772501251675272,1.08533105802559E-5,51.5464745,51.5650482,1999.70202636719,1999.70202636719,61.8487014696988,20.7766264729505,6.646428,0,0,0,40,4882,52.11645,1999.70202636719,,,,,,,,,,,,,0,,,,3.0509303,,,,,,51.55576135,,,,
,44271353.165,51.57266615,1999.70202636719,0.000771507424130147,2.06634983324735E-7,1,0.999253354069792,40.0298881530762,2.00085391709144,19.0900005400181,0.00877971065467843,0.0016237847121687,0.25,5.26832338635264E-6,0.000771892824427955,1.10002805096052E-5,51.5650482,51.5802841,1999.70202636719,1999.70202636719,61.7158246214296,20.7743626076806,6.273368,0,0,0,40,4882,52.14215,1999.70202636719,,,,,,,,,,,,,0,,,,3.0509303,,,,,,51.57266615,,,,
,44271355.385,51.6124344,1999.70202636719,0.000771858114566463,2.46811008926994E-7,1,0.999253354069792,40.0298881530762,2.00086770472728,19.0799999982119,0.00878462082899752,0.0016203639553715,0.25,4.90373002449915E-6,0.000772256631944279,1.06373947338517E-5,51.6124344,51.6124344,1999.70202636719,1999.70202636719,61.9424968920065,20.7751146284834,6.646428,0,0,0,40,4882,52.1854,1999.70202636719,,,,,,,,,,,,,0,,,,3.0206037,,,,,,51.6124344,,,,
,44271356.095,51.6208229,1999.70202636719,0.000771366852703857,2.27831319503695E-7,1,0.999253354069792,40.0298881530762,2.0008006017374,19.0799999982119,0.00877828709726664,0.00162188291104172,0.25,5.12898082833281E-6,0.000771763478024708,1.08591149835073E-5,51.6124344,51.6292114,1999.70202636719,1999.70202636719,61.4086446133719,20.7760645131492,7.019488,0,0,0,40,4882,52.18595,1999.70202636719,,,,,,,,,,,,,0,,,,3.035767,,,,,,51.6208229,,,,
,44271357.315,51.63731955,1999.70202636719,0.000770914627756678,2.37021966215356E-7,1,0.999253354069792,40.0298881530762,2.0009008813451,19.0900005400181,0.00877357685256099,0.00162118635398727,0.25,5.14108065228654E-6,0.000771315068427759,1.08675759446728E-5,51.6292114,51.6454277,1999.70202636719,1999.70202636719,62.0167516013335,20.7767622518124,6.646428,0,0,0,40,4882,52.2036,1999.70202636719,,,,,,,,,,,,,0,,,,3.0509303,,,,,,51.63731955,,,,
,44271359.39,51.6795311,1999.70202636719,0.000770455875411428,2.29964005336728E-7,1,0.999253354069792,40.0298881530762,2.00085240880456,19.0900005400181,0.00876831611625698,0.00161979920485389,0.25,5.10343622344726E-6,0.000770864341985801,1.08259323214634E-5,51.6795311,51.6795311,1999.70202636719,1999.70202636719,61.8572993834104,20.7764911177463,7.019488,0,0,0,40,4882,52.238,1999.70202636719,,,,,,,,,,,,,0,,,,3.0509303,,,,,,51.6795311,,,,
,44271360.115,51.6898384,1999.70202636719,0.000770318398439556,2.70680795982803E-7,1,0.999253354069792,40.0298881530762,2.00083827835444,19.0900005400181,0.00876721617388376,0.00161669371890401,0.25,4.85609038701298E-6,0.000770730709993871,1.05772713051995E-5,51.6795311,51.7001457,1999.70202636719,1999.70202636719,61.6501678258142,20.7756844009897,7.019488,0,0,0,40,4882,52.24695,1999.70202636719,,,,,,,,,,,,,0,,,,3.0509303,,,,,,51.6898384,,,,
,44271361.295,51.7089653,1999.70202636719,0.000770317991982305,2.50378902875484E-7,1,0.999253354069792,40.0298881530762,2.00084267001167,19.0900005400181,0.00876714664471586,0.00161756779717139,0.25,4.931976513381E-6,0.000770735856263938,1.06527597552556E-5,51.7001457,51.7177849,1999.70202636719,1999.70202636719,61.5993619720642,20.7779405276798,6.646428,0,0,0,40,4882,52.27275,1999.70202636719,,,,,,,,,,,,,0,,,,3.0509303,,,,,,51.7089653,,,,
,44271362.45,51.72519685,1999.70202636719,0.000769729953597385,2.41360660799606E-7,1,0.999253354069792,40.0298881530762,2.00090626209156,19.0900005400181,0.00876031850480406,0.0016190404217083,0.25,5.16092234611205E-6,0.000770151919885304,1.08770318774514E-5,51.7177849,51.7326088,1999.70202636719,1999.70202636719,61.6353168839488,20.776725700701,6.646428,0,0,0,40,4882,52.2986,1999.70202636719,,,,,,,,,,,,,0,,,,3.0509303,,,,,,51.72519685,,,,
,44271363.6,51.74134065,1999.70202636719,0.000769723024396054,2.32095265806624E-7,1,0.999253354069792,40.0298881530762,2.00084389997356,19.0900005400181,0.00876037834762703,0.00161701099051033,0.25,4.98786378696535E-6,0.000770150433131537,1.0703508924413E-5,51.7326088,51.7500725,1999.70202636719,1999.70202636719,61.6446964261796,20.7767149990813,6.646428,0,0,0,40,4882,52.3163,1999.70202636719,,,,,,,,,,,,,0,,,,3.0509303,,,,,,51.74134065,,,,
,44271364.68,51.7579384,1999.70202636719,0.000769680393560063,2.44912766806387E-7,1,0.999253354069792,40.0298881530762,2.00090936673783,19.0900005400181,0.00875974867306313,0.00161945231460804,0.25,5.20508911698287E-6,0.000770108190774171,1.09203907254718E-5,51.7500725,51.7658043,1999.70202636719,1999.70202636719,61.8330688993142,20.7743809287889,6.646428,0,0,0,40,4882,52.32525,1999.70202636719,,,,,,,,,,,,,0,,,,3.0509303,,,,,,51.7579384,,,,
,44271365.765,51.77394295,1999.70202636719,0.000769236627491681,2.11234680515779E-7,1,0.999253354069792,40.0298881530762,2.00089012577729,19.0900005400181,0.00875524111092321,0.00161527056780235,0.25,4.91795221642886E-6,0.000769670372845407,1.06294773201205E-5,51.7658043,51.7820816,1999.70202636719,1999.70202636719,61.9479682916412,20.7761525542453,6.646428,0,0,0,40,4882,52.34265,1999.70202636719,,,,,,,,,,,,,0,,,,3.0509303,,,,,,51.77394295,,,,
,44271366.945,51.7994251,1999.70202636719,0.000768827257689633,2.59727439358913E-7,1,0.999253354069792,40.0298881530762,2.00090469890336,19.0799999982119,0.00875016317092545,0.00161751665212685,0.25,5.18633789924157E-6,0.000769264822931812,1.08945254856962E-5,51.7820816,51.8167686,1999.70202636719,1999.70202636719,61.7361469629296,20.7782724492731,7.019488,0,0,0,40,4882,52.36855,1999.70202636719,,,,,,,,,,,,,0,,,,3.0509303,,,,,,51.7994251,,,,
,44271368.19,51.82555005,1999.70202636719,0.000768995004747468,2.17525641528806E-7,1,0.999253354069792,40.0298881530762,2.0009093278992,19.0900005400181,0.00875254403451609,0.00161559391755378,0.25,4.98708535242848E-6,0.000769438153401703,1.06960758079312E-5,51.8167686,51.8343315,1999.70202636719,1999.70202636719,61.8401035559873,20.776957088756,6.646428,0,0,0,40,4882,52.386,1999.70202636719,,,,,,,,,,,,,0,,,,3.0662458,,,,,,51.82555005,,,,
,44271369.29,51.8435745,1999.70202636719,0.00076873729854551,2.29662768959392E-7,1,0.999253354069792,40.0298881530762,2.00082665470217,19.0900005400181,0.00874899950989601,0.00161675903272934,0.25,5.14038599845231E-6,0.000769183222073898,1.08472403905519E-5,51.8343315,51.8528175,1999.70202636719,1999.70202636719,61.6634555106411,20.7751534838655,7.019488,0,0,0,40,4882,52.40345,1999.70202636719,,,,,,,,,,,,,0,,,,3.0815613,,,,,,51.8435745,,,,
,44271371.17,51.8686638,1999.70202636719,0.000768862705145201,2.59852390905303E-7,1,0.999253354069792,40.0298881530762,2.00086170047036,19.0900005400181,0.0087512967070638,0.00161338948116168,0.25,4.81943665855454E-6,0.000769317294387282,1.05265257293604E-5,51.8686638,51.8686638,1999.70202636719,1999.70202636719,61.7416183625642,20.7772116585997,6.646428,0,0,0,40,4882,52.42995,1999.70202636719,,,,,,,,,,,,,0,,,,3.0815613,,,,,,51.8686638,,,,
,44271371.81,51.87664225,1999.70202636719,0.00076804921048619,2.6501962372787E-7,1,0.999253354069792,40.0298881530762,2.00082382781616,19.0900005400181,0.00874128248937789,0.00161528656355779,0.25,5.13280412172066E-6,0.000768505127656825,1.08337311633362E-5,51.8686638,51.8846207,1999.70202636719,1999.70202636719,61.3085961629103,20.7751422066335,6.646428,0,0,0,40,4882,52.44745,1999.70202636719,,,,,,,,,,,,,0,,,,3.0662458,,,,,,51.87664225,,,,
,44271373.025,51.90166285,1999.70202636719,0.000767693249873648,2.77274121873823E-7,1,0.999253354069792,40.0298881530762,2.00089234053879,19.0900005400181,0.0087376996725355,0.00161395985899733,0.25,5.07453262056546E-6,0.000768155441836675,1.07722884586327E-5,51.8846207,51.918705,1999.70202636719,1999.70202636719,61.6658003961988,20.7783501323354,7.019488,0,0,0,40,4882,52.47345,1999.70202636719,,,,,,,,,,,,,0,,,,3.0662458,,,,,,51.90166285,,,,
,44271374.19,51.9274578,1999.70202636719,0.000767657328508614,2.95914498683397E-7,1,0.999253354069792,40.0298881530762,2.00085199013499,19.0900005400181,0.00873737609069308,0.00161269477605535,0.25,4.97227719082211E-6,0.000768124257937539,1.06693625907996E-5,51.918705,51.9362106,1999.70202636719,1999.70202636719,61.4844625797373,20.7772678683803,6.646428,0,0,0,40,4882,52.49095,1999.70202636719,,,,,,,,,,,,,0,,,,3.0662458,,,,,,51.9274578,,,,
,44271376.12,51.9522667,1999.70202636719,0.000767642745562461,2.67442000122836E-7,1,0.999253354069792,40.0298881530762,2.00083762666501,19.0900005400181,0.00873658212280846,0.00161625373382458,0.25,5.287628869293E-6,0.000768113480111778,1.09843035317513E-5,51.9522667,51.9522667,1999.70202636719,1999.70202636719,61.7822630455642,20.7771172308952,6.646428,0,0,0,40,4882,52.5173,1999.70202636719,,,,,,,,,,,,,0,,,,3.0509303,,,,,,51.9522667,,,,
,44271376.775,51.960001,1999.70202636719,0.00076760062707738,2.69800026868878E-7,1,0.999253354069792,40.0298881530762,2.00081048125557,19.0900005400181,0.00873664573595974,0.00161259712968791,0.25,4.97587092874001E-6,0.000768075765749213,1.06718487567194E-5,51.9522667,51.9677353,1999.70202636719,1999.70202636719,61.9315540927373,20.7760210746939,6.273368,0,0,0,40,4882,52.52635,1999.70202636719,,,,,,,,,,,,,0,,,,3.0662458,,,,,,51.960001,,,,
,44271379.015,52.0017166,1999.70202636719,0.000767166621630744,2.69492509086641E-7,1,0.999253354069792,40.0298881530762,2.00086089580586,19.0900005400181,0.00873246869565121,0.0016092842046441,0.25,4.75808605416452E-6,0.000767653235766966,1.04498319875436E-5,52.0017166,52.0017166,1999.70202636719,1999.70202636719,62.0425453424681,20.7779688712887,6.646428,0,0,0,40,4882,52.5699,1999.70202636719,,,,,,,,,,,,,0,,,,3.0815613,,,,,,52.0017166,,,,
,44271379.7,52.01101875,1999.70202636719,0.000766898447941323,2.25996061222693E-7,1,0.999253354069792,40.0298881530762,2.00088425160542,19.0900005400181,0.00872877106080676,0.00161304629243108,0.25,5.13418780982029E-6,0.00076738413225878,1.08240243613415E-5,52.0017166,52.0203209,1999.70202636719,1999.70202636719,61.5509010038719,20.777085310707,6.646428,0,0,0,40,4882,52.5787,1999.70202636719,,,,,,,,,,,,,0,,,,3.0815613,,,,,,52.01101875,,,,
,44271380.935,52.0293541,1999.70202636719,0.000766119054932773,2.30463079157571E-7,1,0.999253354069792,40.0298881530762,2.00081601369493,19.0900005400181,0.00872030340753191,0.00160790443726217,0.25,4.82567104943209E-6,0.000766612698730447,1.05089823671696E-5,52.0203209,52.0383873,1999.70202636719,1999.70202636719,61.7955507303912,20.7749277067557,6.646428,0,0,0,40,4882,52.6051,1999.70202636719,,,,,,,,,,,,,0,,,,3.0815613,,,,,,52.0293541,,,,
,44271382.17,52.0486183,1999.70202636719,0.000766256922139351,2.27466300066859E-7,1,0.999253354069792,40.0298881530762,2.00080117784231,19.0900005400181,0.00872105696041583,0.00161277415220839,0.25,5.22905218117233E-6,0.000766753008287335,1.09131975053311E-5,52.0383873,52.0588493,1999.70202636719,1999.70202636719,62.119926565872,20.7766661713262,7.019488,0,0,0,40,4882,52.62795,1999.70202636719,,,,,,,,,,,,,0,,,,3.0815613,,,,,,52.0486183,,,,
,44271383.375,52.07497405,1999.70202636719,0.000765976598653683,2.14342302532518E-7,1,0.999253354069792,40.0298881530762,2.00076540050683,19.0900005400181,0.00871783622018354,0.00161172767807279,0.25,5.18921044908429E-6,0.000766476352568503,1.0870922177085E-5,52.0588493,52.0910988,1999.70202636719,1999.70202636719,61.9323357212566,20.7764871195104,6.646428,0,0,0,40,4882,52.64375,1999.70202636719,,,,,,,,,,,,,0,,,,3.0662458,,,,,,52.07497405,,,,
,44271385.39,52.1096268,1999.70202636719,0.000765911264889201,2.8876637814717E-7,1,0.999253354069792,40.0298881530762,2.00084925976835,19.0799999982119,0.00871786295253645,0.00160976591214521,0.25,5.02244768927148E-6,0.000766419568320212,1.07028907107903E-5,52.1096268,52.1096268,1999.70202636719,1999.70202636719,61.8260342426412,20.7798715725513,7.019488,0,0,0,40,4882,52.6756,1999.70202636719,,,,,,,,,,,,,0,,,,3.0815613,,,,,,52.1096268,,,,
,44271386.875,52.1256142,1999.70202636719,0.000765187693186475,2.91252521964906E-7,1,0.999253354069792,40.0298881530762,2.00084797895116,19.0900005400181,0.00871023882115075,0.00160518456581805,0.25,4.74871846415796E-6,0.00076570371856557,1.04230427346626E-5,52.1256142,52.1256142,1999.70202636719,1999.70202636719,61.5407398331219,20.7763877253758,7.019488,0,0,0,40,4882,52.702,1999.70202636719,,,,,,,,,,,,,0,,,,3.0509303,,,,,,52.1256142,,,,
,44271388.35,52.15421865,1999.70202636719,0.000764919514282837,2.2956037927843E-7,1,0.999253354069792,40.0298881530762,2.00088055828871,19.0799999982119,0.00870744793278265,0.00160433575287398,0.25,4.71928575127935E-6,0.000765441651783356,1.03910320294352E-5,52.1455612,52.1628761,1999.70202636719,1999.70202636719,61.6400066550642,20.7788176972157,7.019488,0,0,0,40,4882,52.7284,1999.70202636719,,,,,,,,,,,,,0,,,,3.0509303,,,,,,52.15421865,,,,
,44271389.84,52.1799698,1999.70202636719,0.000764687794025387,2.77155966126187E-7,1,0.999253354069792,40.0298881530762,2.00077265124393,19.0900005400181,0.00870315437906811,0.00161091313134707,0.25,5.34452461462025E-6,0.0007652104456811,1.10145097534695E-5,52.1799698,52.1799698,1999.70202636719,1999.70202636719,61.8369770419104,20.7765050997258,6.646428,0,0,0,40,4882,52.7515,1999.70202636719,,,,,,,,,,,,,0,,,,3.0815613,,,,,,52.1799698,,,,
,44271390.47,52.1891842,1999.70202636719,0.000764626052187648,2.55013353463412E-7,1,0.999253354069792,40.0298881530762,2.00078691247294,19.0900005400181,0.00870338014406145,0.00160609663622748,0.25,4.93166237021325E-6,0.000765154600546746,1.06006163666249E-5,52.1799698,52.1983986,1999.70202636719,1999.70202636719,61.4016099566988,20.777812461847,6.646428,0,0,0,40,4882,52.76385,1999.70202636719,,,,,,,,,,,,,0,,,,3.0815613,,,,,,52.1891842,,,,
,44271391.63,52.205307,1999.70202636719,0.000764120906391579,2.42773904006275E-7,1,0.999253354069792,40.0298881530762,2.00090884723016,19.0900005400181,0.00869739808180652,0.00160961281756494,0.25,5.32147919002105E-6,0.000764651350865467,1.09864944419395E-5,52.1983986,52.2122154,1999.70202636719,1999.70202636719,61.9721987757373,20.7761317169913,7.019488,0,0,0,40,4882,52.78595,1999.70202636719,,,,,,,,,,,,,0,,,,3.0815613,,,,,,52.205307,,,,
,44271393.67,52.2463188,1999.70202636719,0.000763940398897525,2.41413030125666E-7,1,0.999253354069792,40.0298881530762,2.0008653131373,19.0900005400181,0.00869597005948756,0.00160515900129309,0.25,4.96515101474852E-6,0.000764480852069923,1.06278291561867E-5,52.2463188,52.2463188,1999.70202636719,1999.70202636719,61.7861711881604,20.7788026140466,7.019488,0,0,0,40,4882,52.8188,1999.70202636719,,,,,,,,,,,,,0,,,,3.0815613,,,,,,52.2463188,,,,
,44271395.185,52.2653236,1999.70202636719,0.000764196698075407,2.43947454863291E-7,1,0.999253354069792,40.0298881530762,2.00088841583361,19.0900005400181,0.00869833292180857,0.00160975202964707,0.25,5.32061351244061E-6,0.000764740486168004,1.09849015591057E-5,52.2653236,52.2653236,1999.70202636719,1999.70202636719,61.6915941373335,20.7776497890604,7.019488,0,0,0,40,4882,52.8436,1999.70202636719,,,,,,,,,,,,,0,,,,3.0815613,,,,,,52.2653236,,,,
,44271396.71,52.3003998,1999.70202636719,0.000763455023109638,2.52236043258677E-7,1,0.999253354069792,40.0298881530762,2.00092935724886,19.0900005400181,0.00869087869621363,0.0016039922731267,0.25,4.9440040580875E-6,0.000764006676198743,1.06019413735998E-5,52.3003998,52.3003998,1999.70202636719,1999.70202636719,61.4109894989296,20.7766500406728,7.019488,0,0,0,40,4882,52.8685,1999.70202636719,,,,,,,,,,,,,0,,,,3.0509303,,,,,,52.3003998,,,,
,44271397.485,52.30788805,1999.70202636719,0.000763271749118333,2.43194924717888E-7,1,0.999253354069792,40.0298881530762,2.0008269748322,19.0900005400181,0.00868894577369933,0.00160046410661261,0.25,4.67367758383386E-6,0.000763827959356485,1.03297830897339E-5,52.3003998,52.3153763,1999.70202636719,1999.70202636719,61.5407398331219,20.7783629885492,7.019488,0,0,0,40,4882,52.88005,1999.70202636719,,,,,,,,,,,,,0,,,,3.0509303,,,,,,52.30788805,,,,
,44271398.635,52.3243599,1999.70202636719,0.000763426705760724,2.84387799830488E-7,1,0.999253354069792,40.0298881530762,2.0009077670309,19.0900005400181,0.00869094786221594,0.00160171836099879,0.25,4.75041991893726E-6,0.000763987427108337,1.04072369296834E-5,52.3153763,52.3333435,1999.70202636719,1999.70202636719,61.9698538901796,20.7790332098612,6.646428,0,0,0,40,4882,52.9014,1999.70202636719,,,,,,,,,,,,,0,,,,3.0662458,,,,,,52.3243599,,,,
,44271399.72,52.34088325,1999.70202636719,0.000762769631431593,2.59898824321933E-7,1,0.999253354069792,40.0298881530762,2.00079085796926,19.0900005400181,0.00868216258880062,0.00160516963434429,0.25,5.17764685738662E-6,0.000763331199107524,1.08294769227038E-5,52.3333435,52.348423,1999.70202636719,1999.70202636719,61.9604743479489,20.7765993855074,7.019488,0,0,0,40,4882,52.92095,1999.70202636719,,,,,,,,,,,,,0,,,,3.0815613,,,,,,52.34088325,,,,
,44271400.945,52.36584855,1999.70202636719,0.000762536089827692,2.71946198041848E-7,1,0.999253354069792,40.0298881530762,2.00078605916934,19.0799999982119,0.00868003464285525,0.00160186044389218,0.25,4.92885091696435E-6,0.000763103542636283,1.05783162587227E-5,52.348423,52.3832741,1999.70202636719,1999.70202636719,61.8549544978527,20.7777961747733,7.019488,0,0,0,40,4882,52.9396,1999.70202636719,,,,,,,,,,,,,0,,,,3.0815613,,,,,,52.36584855,,,,
,44271402.18,52.39229395,1999.70202636719,0.00076233205828996,2.36691680894211E-7,1,0.999253354069792,40.0298881530762,2.00082207433138,19.0900005400181,0.00867677926101647,0.00160784739412385,0.25,5.48776015892154E-6,0.000762899864049747,1.11356738497942E-5,52.3832741,52.4013138,1999.70202636719,1999.70202636719,61.6712717958334,20.7783395603402,7.019488,0,0,0,40,4882,52.9601,1999.70202636719,,,,,,,,,,,,,0,,,,3.0815613,,,,,,52.39229395,,,,
,44271404.365,52.4175758,1999.70202636719,0.000762430614971071,2.48556059733215E-7,1,0.999253354069792,40.0298881530762,2.00077038158949,19.0799999982119,0.00867837173064194,0.00160473009936835,0.25,5.19958953173536E-6,0.000763009138153683,1.08471285783948E-5,52.4175758,52.4175758,1999.70202636719,1999.70202636719,62.0441085995066,20.7771614201928,7.019488,0,0,0,40,4882,52.9967,1999.70202636719,,,,,,,,,,,,,0,,,,3.0815613,,,,,,52.4175758,,,,
,44271405.09,52.4347763,1999.70202636719,0.000761373760271563,2.54140449312042E-7,1,0.999253354069792,40.0298881530762,2.00090294098285,19.0799999982119,0.00866712929264947,0.00160142741377395,0.25,5.08873775035192E-6,0.000761954854624284,1.07280835021827E-5,52.4175758,52.4519768,1999.70202636719,1999.70202636719,62.1160184232758,20.7778607298959,7.019488,0,0,0,40,4882,53.0083,1999.70202636719,,,,,,,,,,,,,0,,,,3.0662458,,,,,,52.4347763,,,,
,44271406.25,52.4519768,1999.70202636719,0.000761646930977513,2.835458895156E-7,1,0.999253354069792,40.0298881530762,2.00084271539636,19.0900005400181,0.00867000038552678,0.00160221187493541,0.25,5.11270291775401E-6,0.000762232797451046,1.0753591855217E-5,52.4519768,52.4519768,1999.70202636719,1999.70202636719,61.9010705804873,20.7764138756633,6.646428,0,0,0,40,4882,53.0288,1999.70202636719,,,,,,,,,,,,,0,,,,3.0509303,,,,,,52.4519768,,,,
,44271408.265,52.4898758,1999.70202636719,0.000761400889049963,2.49090515654223E-7,1,0.999253354069792,40.0298881530762,2.00087525349047,19.0799999982119,0.00866799530296001,0.00159851011248388,0.25,4.82900837171721E-6,0.000761996377087231,1.04670075667893E-5,52.4898758,52.4898758,1999.70202636719,1999.70202636719,61.8572993834104,20.776887336462,7.019488,0,0,0,40,4882,53.0627,1999.70202636719,,,,,,,,,,,,,0,,,,3.0815613,,,,,,52.4898758,,,,
,44271408.99,52.49816895,1999.70202636719,0.000761112945663102,2.38017434143117E-7,1,0.999253354069792,40.0298881530762,2.00092175347493,19.0900005400181,0.00866448360219603,0.00160051090356587,0.25,5.05249691701436E-6,0.000761709237186414,1.06882621848634E-5,52.4898758,52.5064621,1999.70202636719,1999.70202636719,61.8948175523335,20.7774810928487,6.646428,0,0,0,40,4882,53.07435,1999.70202636719,,,,,,,,,,,,,0,,,,3.0662458,,,,,,52.49816895,,,,
,44271410.265,52.51530455,1999.70202636719,0.000760719854091633,2.50023997122856E-7,1,0.999253354069792,40.0298881530762,2.00084450160946,19.0900005400181,0.0086596599427779,0.00160010855947696,0.25,5.09198123542059E-6,0.000761320266525808,1.07243575747141E-5,52.5064621,52.524147,1999.70202636719,1999.70202636719,62.1035123669681,20.7760001541711,6.646428,0,0,0,40,4882,53.09495,1999.70202636719,,,,,,,,,,,,,0,,,,3.0509303,,,,,,52.51530455,,,,
,44271411.585,52.54004285,1999.70202636719,0.000760545611629366,2.27787961548703E-7,1,0.999253354069792,40.0298881530762,2.0008001801872,19.0900005400181,0.00865694878368393,0.00160309465526142,0.25,5.3876534445717E-6,0.000761148571654858,1.10184497181682E-5,52.524147,52.5559387,1999.70202636719,1999.70202636719,61.6908125088142,20.7765619988644,7.019488,0,0,0,40,4882,53.11645,1999.70202636719,,,,,,,,,,,,,0,,,,3.0662458,,,,,,52.54004285,,,,
,44271412.795,52.5649681,1999.70202636719,0.000760352183626774,2.80355716129034E-7,1,0.999253354069792,40.0298881530762,2.00082255179586,19.0900005400181,0.00865631970586306,0.00159470294061132,0.25,4.68396903068439E-6,0.000760965073342408,1.03121905349588E-5,52.5559387,52.5739975,1999.70202636719,1999.70202636719,61.7377102199681,20.7760852730342,7.019488,0,0,0,40,4882,53.138,1999.70202636719,,,,,,,,,,,,,0,,,,3.0662458,,,,,,52.5649681,,,,
,44271413.905,52.58085825,1999.70202636719,0.000760051353303887,2.09861877410158E-7,1,0.999253354069792,40.0298881530762,2.00089337229806,19.0900005400181,0.0086525784343674,0.00159781708454427,0.25,5.00574639444886E-6,0.000760665731676372,1.06315571892854E-5,52.5739975,52.587719,1999.70202636719,1999.70202636719,61.4571055815642,20.7782932842829,7.019488,0,0,0,40,4882,53.156,1999.70202636719,,,,,,,,,,,,,0,,,,3.0509303,,,,,,52.58085825,,,,
,44271415.93,52.6054993,1999.70202636719,0.000759906627514053,2.46227150048382E-7,1,0.999253354069792,40.0298881530762,2.00093958288768,19.0900005400181,0.00865115718005736,0.00159786399293596,0.25,5.03205928943637E-6,0.000760528546984717,1.06559442055633E-5,52.6054993,52.6054993,1999.70202636719,1999.70202636719,62.0581779128527,20.7766904635576,7.019488,0,0,0,40,4882,53.1901,1999.70202636719,,,,,,,,,,,,,0,,,,3.0509303,,,,,,52.6054993,,,,
,44271417.55,52.6376114,1999.70202636719,0.000759081957357417,2.10708098090773E-7,1,0.999253354069792,40.0298881530762,2.0008179774095,19.0900005400181,0.00864148093591227,0.00159525808113602,0.25,4.95786151317655E-6,0.000759709996008462,1.05748581871557E-5,52.6376114,52.6376114,1999.70202636719,1999.70202636719,61.6431331691411,20.7757881142442,6.646428,0,0,0,40,4882,53.2179,1999.70202636719,,,,,,,,,,,,,0,,,,3.0662458,,,,,,52.6376114,,,,
,44271418.215,52.64676095,1999.70202636719,0.000759153413981968,2.31343942089063E-7,1,0.999253354069792,40.0298881530762,2.00077414527874,19.0900005400181,0.00864229351501675,0.00159454333156805,0.25,4.88520967844331E-6,0.000759784737380861,1.0502363823972E-5,52.6376114,52.6559105,1999.70202636719,1999.70202636719,61.8002405015065,20.7790429079805,7.019488,0,0,0,40,4882,53.2296,1999.70202636719,,,,,,,,,,,,,0,,,,3.0662458,,,,,,52.64676095,,,,
,44271419.425,52.67214965,1999.70202636719,0.00075915713141718,2.60081220281781E-7,1,0.999253354069792,40.0298881530762,2.00091800101232,19.0900005400181,0.00864263532394306,0.00159661246351373,0.25,5.05625626968053E-6,0.000759791869220275,1.06730399952476E-5,52.6559105,52.6883888,1999.70202636719,1999.70202636719,61.7236409066219,20.7755138417673,6.273368,0,0,0,40,4882,53.25035,1999.70202636719,,,,,,,,,,,,,0,,,,3.0815613,,,,,,52.67214965,,,,
,44271421.595,52.7049446,1999.70202636719,0.000758573761592004,2.42304310282655E-7,1,0.999253354069792,40.0298881530762,2.00091391217846,19.0900005400181,0.00863577477565404,0.00159701961524185,0.25,5.19560387488678E-6,0.000759214520325939,1.08073128178204E-5,52.7049446,52.7049446,1999.70202636719,1999.70202636719,61.9393703779296,20.7723564295366,7.019488,0,0,0,40,4882,53.28365,1999.70202636719,,,,,,,,,,,,,0,,,,3.0815613,,,,,,52.7049446,,,,
,44271423.165,52.7320728,1999.70202636719,0.000758558079378846,2.14826588142184E-7,1,0.999253354069792,40.0298881530762,2.00092912066782,19.0900005400181,0.00863614269335857,0.00159468234190231,0.25,4.99200583774009E-6,0.000759206467690264,1.06026878296869E-5,52.7231178,52.7410278,1999.70202636719,1999.70202636719,61.8674605541604,20.7778446434082,6.646428,0,0,0,40,4882,53.3107,1999.70202636719,,,,,,,,,,,,,0,,,,3.0509303,,,,,,52.7320728,,,,
,44271424.68,52.7563782,1999.70202636719,0.000758213436236329,1.96651178875383E-7,1,0.999253354069792,40.0298881530762,2.00088434147387,19.0799999982119,0.00863229183547269,0.00159285872660881,0.25,4.89600059719811E-6,0.000758867968460467,1.05033605484677E-5,52.7563782,52.7563782,1999.70202636719,1999.70202636719,62.218411759295,20.7761971391673,7.019488,0,0,0,40,4882,53.336,1999.70202636719,,,,,,,,,,,,,0,,,,3.0662458,,,,,,52.7563782,,,,
,44271425.33,52.7637768,1999.70202636719,0.000757781970298429,2.86394583465868E-7,1,0.999253354069792,40.0298881530762,2.00097431665955,19.0900005400181,0.00862776669373057,0.00159205766760673,0.25,4.89637266284987E-6,0.000758438172115599,1.05002972439354E-5,52.7563782,52.7711754,1999.70202636719,1999.70202636719,61.913576636795,20.7768388486708,7.019488,0,0,0,40,4882,53.34505,1999.70202636719,,,,,,,,,,,,,0,,,,3.0662458,,,,,,52.7637768,,,,
,44271426.44,52.7800522,1999.70202636719,0.000757471919580332,2.36938675708348E-7,1,0.999253354069792,40.0298881530762,2.00096325339904,19.0900005400181,0.00862377902700243,0.00159404277327864,0.25,5.12615474973947E-6,0.000758131102772226,1.07274039192773E-5,52.7711754,52.788929,1999.70202636719,1999.70202636719,61.7736651318527,20.7752340106303,7.019488,0,0,0,40,4882,53.36675,1999.70202636719,,,,,,,,,,,,,0,,,,3.0662458,,,,,,52.7800522,,,,
,44271427.58,52.797081,1999.70202636719,0.000757688188014894,2.44035909678992E-7,1,0.999253354069792,40.0298881530762,2.00082899986799,19.0900005400181,0.00862611413536775,0.00159233823985718,0.25,4.9468367560454E-6,0.000758353849857576,1.05489185411574E-5,52.788929,52.805233,1999.70202636719,1999.70202636719,61.6149945424488,20.7763602492181,6.646428,0,0,0,40,4882,53.38845,1999.70202636719,,,,,,,,,,,,,0,,,,3.0662458,,,,,,52.797081,,,,
,44271429.595,52.83613965,1999.70202636719,0.000757199823916929,2.39275280154555E-7,1,0.999253354069792,40.0298881530762,2.0009908135758,19.0900005400181,0.00862075277352847,0.00159453466052266,0.25,5.21528416423107E-6,0.000757870372112646,1.08130967936882E-5,52.8258705,52.8464088,1999.70202636719,1999.70202636719,61.5610621746219,20.7764095509133,6.646428,0,0,0,40,4882,53.4211,1999.70202636719,,,,,,,,,,,,,0,,,,3.0815613,,,,,,52.83613965,,,,
,44271431.33,52.8712444,1999.70202636719,0.000756396473497637,2.24022619364156E-7,1,0.999253354069792,40.0298881530762,2.00085652511622,19.0900005400181,0.00861121596157979,0.00159226928789554,0.25,5.16806783461431E-6,0.000757073083277122,1.07590888480029E-5,52.8619041,52.8805847,1999.70202636719,1999.70202636719,61.7275490492181,20.7771674823576,7.019488,0,0,0,40,4882,53.45,1999.70202636719,,,,,,,,,,,,,0,,,,3.0662458,,,,,,52.8712444,,,,
,44271432.315,52.8884468,1999.70202636719,0.000756279335127287,2.23963189463027E-7,1,0.999253354069792,40.0298881530762,2.00092122787828,19.0799999982119,0.00861040157717666,0.00159088556695424,0.25,5.06304398757893E-6,0.000756960277894032,1.06526382084535E-5,52.8805847,52.8963089,1999.70202636719,1999.70202636719,61.9854864605642,20.7764791409793,7.019488,0,0,0,40,4882,53.4663,1999.70202636719,,,,,,,,,,,,,0,,,,3.0662458,,,,,,52.8884468,,,,
,44271433.58,52.90418625,1999.70202636719,0.000756693013512499,2.37712615292306E-7,1,0.999253354069792,40.0298881530762,2.00093595342076,19.0900005400181,0.00861533144651629,0.00159119737760525,0.25,5.01562350913646E-6,0.000757379673098545,1.06076053661841E-5,52.8963089,52.9120636,1999.70202636719,1999.70202636719,61.2476291384103,20.7769361706536,7.019488,0,0,0,40,4882,53.4881,1999.70202636719,,,,,,,,,,,,,0,,,,3.0509303,,,,,,52.90418625,,,,
,44271435.67,52.93720245,1999.70202636719,0.000756038333285167,2.75562641780361E-7,1,0.999253354069792,40.0298881530762,2.00096447310227,19.0799999982119,0.00860898120064407,0.00158480913575968,0.25,4.5694174896917E-6,0.000756735469120686,1.01551372324731E-5,52.928318,52.9460869,1999.70202636719,1999.70202636719,62.0237862580066,20.7779242237404,6.646428,0,0,0,40,4882,53.5227,1999.70202636719,,,,,,,,,,,,,0,,,,3.0815613,,,,,,52.93720245,,,,
,44271437.375,52.9627838,1999.70202636719,0.000755529774040508,2.3340133678061E-7,1,0.999253354069792,40.0298881530762,2.0009591030287,19.0900005400181,0.00860250264863911,0.00158791428723946,0.25,4.93234721109311E-6,0.000756230294062234,1.05138194410275E-5,52.9627838,52.9627838,1999.70202636719,1999.70202636719,61.9245194360642,20.7763834788639,7.019488,0,0,0,40,4882,53.5517,1999.70202636719,,,,,,,,,,,,,0,,,,3.0815613,,,,,,52.9627838,,,,
,44271438.055,52.9731331,1999.70202636719,0.000755353906080989,2.23826117442695E-7,1,0.999253354069792,40.0298881530762,2.00095637063624,19.0900005400181,0.00860026437384282,0.00158896934934043,0.25,5.05626055239613E-6,0.000756055818810078,1.06362337268088E-5,52.9627838,52.9834824,1999.70202636719,1999.70202636719,61.9636008620258,20.7765044343342,6.646428,0,0,0,40,4882,53.5627,1999.70202636719,,,,,,,,,,,,,0,,,,3.0815613,,,,,,52.9731331,,,,
,44271439.265,52.9930954,1999.70202636719,0.000754862070129484,2.30860981598472E-7,1,0.999253354069792,40.0298881530762,2.00104918012663,19.0799999982119,0.00859471263372202,0.00159016679803821,0.25,5.24243534384283E-6,0.000755566642978834,1.08183710382258E-5,52.9834824,53.0027084,1999.70202636719,1999.70202636719,61.6431331691411,20.7787070398088,6.646428,0,0,0,40,4882,53.5828,1999.70202636719,,,,,,,,,,,,,0,,,,3.0815613,,,,,,52.9930954,,,,
,44271440.465,53.0191021,1999.70202636719,0.00075520949762549,2.43675268097652E-7,1,0.999253354069792,40.0298881530762,2.00100004862815,19.0900005400181,0.0085986903086382,0.00158992884471447,0.25,5.16285342443922E-6,0.000755919868676665,1.07406280996111E-5,53.0027084,53.0354958,1999.70202636719,1999.70202636719,61.7674121036988,20.7760865289998,7.019488,0,0,0,40,4882,53.60465,1999.70202636719,,,,,,,,,,,,,0,,,,3.0662458,,,,,,53.0191021,,,,
,44271441.74,53.0451088,1999.70202636719,0.000754579646419154,2.58288728226942E-7,1,0.999253354069792,40.0298881530762,2.00094687499768,19.0900005400181,0.00859138556408447,0.00158835526575823,0.25,5.14021619207332E-6,0.000755293582050396,1.07127770624725E-5,53.0354958,53.0547218,1999.70202636719,1999.70202636719,61.4211506696796,20.7770676057565,7.019488,0,0,0,40,4882,53.6229,1999.70202636719,,,,,,,,,,,,,0,,,,3.0662458,,,,,,53.0451088,,,,
,44271442.92,53.06327055,1999.70202636719,0.000754680610502857,2.82253122314442E-7,1,0.999253354069792,40.0298881530762,2.00103094148555,19.0900005400181,0.00859362968036166,0.00158472003682498,0.25,4.79762912407445E-6,0.000755401874398806,1.03699678720081E-5,53.0547218,53.0718193,1999.70202636719,1999.70202636719,61.7111348503142,20.7756852262983,6.646428,0,0,0,40,4882,53.64375,1999.70202636719,,,,,,,,,,,,,0,,,,3.0662458,,,,,,53.06327055,,,,
,44271444.02,53.0793228,1999.70202636719,0.00075422508380384,2.04345467303072E-7,1,0.999253354069792,40.0298881530762,2.00086489860096,19.0900005400181,0.00858715422867758,0.00158743101906959,0.25,5.12724203737394E-6,0.000754948990409181,1.06958183500852E-5,53.0718193,53.0868263,1999.70202636719,1999.70202636719,61.9323357212566,20.7758844434826,7.019488,0,0,0,40,4882,53.6681,1999.70202636719,,,,,,,,,,,,,0,,,,3.0662458,,,,,,53.0793228,,,,
,44271445.145,53.0965519,1999.70202636719,0.000753765768864678,2.4078666101493E-7,1,0.999253354069792,40.0298881530762,2.00095368836234,19.0900005400181,0.0085822257879695,0.00158713970341854,0.25,5.17734724659681E-6,0.000754492806890759,1.07420501828879E-5,53.0868263,53.1062775,1999.70202636719,1999.70202636719,61.9299908356989,20.7779282162633,6.646428,0,0,0,40,4882,53.6858,1999.70202636719,,,,,,,,,,,,,0,,,,3.0662458,,,,,,53.0965519,,,,
,44271446.32,53.1137333,1999.70202636719,0.00075355121122818,2.56839095015452E-7,1,0.999253354069792,40.0298881530762,2.00085289248624,19.0900005400181,0.00858038497241415,0.00158116920223873,0.25,4.69828670321366E-6,0.00075428546889732,1.02603872510809E-5,53.1062775,53.1211891,1999.70202636719,1999.70202636719,61.690030880295,20.7781635354929,6.646428,0,0,0,40,4882,53.70325,1999.70202636719,,,,,,,,,,,,,0,,,,3.0662458,,,,,,53.1137333,,,,
,44271448.405,53.1578217,1999.70202636719,0.000753439445011515,2.26067007684361E-7,1,0.999253354069792,40.0298881530762,2.00093076674437,19.0900005400181,0.00857922261633507,0.00158253600608118,0.25,4.83275964490735E-6,0.000754178274141247,1.03933671012751E-5,53.1578217,53.1578217,1999.70202636719,1999.70202636719,61.7932058448335,20.7781516946339,6.646428,0,0,0,40,4882,53.7294,1999.70202636719,,,,,,,,,,,,,0,,,,3.0815613,,,,,,53.1578217,,,,
,44271449.18,53.1654644,1999.70202636719,0.000753406870568686,2.02182637978215E-7,1,0.999253354069792,40.0298881530762,2.00086354136218,19.0900005400181,0.00857862373660814,0.00158241456560729,0.25,4.83220330071188E-6,0.000754149600227181,1.03920391048248E-5,53.1578217,53.1731071,1999.70202636719,1999.70202636719,61.8127465578142,20.7777740033025,7.019488,0,0,0,40,4882,53.7466,1999.70202636719,,,,,,,,,,,,,0,,,,3.0662458,,,,,,53.1654644,,,,
,44271451.26,53.1895065,1999.70202636719,0.000753201270667139,2.40023697041473E-7,1,0.999253354069792,40.0298881530762,2.0009058055635,19.0900005400181,0.00857665522940235,0.00158141656521618,0.25,4.77816799219219E-6,0.000753952167608554,1.03353326319116E-5,53.1895065,53.1895065,1999.70202636719,1999.70202636719,61.730675563295,20.7782020093215,7.019488,0,0,0,40,4882,53.7819,1999.70202636719,,,,,,,,,,,,,0,,,,3.0662458,,,,,,53.1895065,,,,
,44271451.995,53.2063522,1999.70202636719,0.000753190164801203,2.5516176023164E-7,1,0.999253354069792,40.0298881530762,2.00087968965466,19.0900005400181,0.00857600320357324,0.00158385326594615,0.25,4.99557525114843E-6,0.000753941324142517,1.05526097850113E-5,53.1895065,53.2231979,1999.70202636719,1999.70202636719,61.7416183625642,20.7797143479734,6.646428,0,0,0,40,4882,53.79065,1999.70202636719,,,,,,,,,,,,,0,,,,3.0509303,,,,,,53.2063522,,,,
,44271453.215,53.23198505,1999.70202636719,0.000752563550666157,2.51987745037914E-7,1,0.999253354069792,40.0298881530762,2.00089403094365,19.0900005400181,0.00856952215469778,0.00157945153542469,0.25,4.71983668318044E-6,0.000753319910207033,1.02714116385703E-5,53.2231979,53.2407722,1999.70202636719,1999.70202636719,61.6431331691411,20.777592433769,6.646428,0,0,0,40,4882,53.80815,1999.70202636719,,,,,,,,,,,,,0,,,,3.0509303,,,,,,53.23198505,,,,
,44271454.36,53.24901195,1999.70202636719,0.000752892911089087,2.23657276599497E-7,1,0.999253354069792,40.0298881530762,2.00082404583526,19.0900005400181,0.00857227284379421,0.00158449386303109,0.25,5.10803229533509E-6,0.000753652631300417,1.06616223767439E-5,53.2407722,53.2572517,1999.70202636719,1999.70202636719,61.5806028876027,20.7771315168932,7.019488,0,0,0,40,4882,53.83415,1999.70202636719,,,,,,,,,,,,,0,,,,3.0509303,,,,,,53.24901195,,,,
,44271456.37,53.2722702,1999.70202636719,0.000752162769654034,2.35780190637092E-7,1,0.999253354069792,40.0298881530762,2.00089978640001,19.0900005400181,0.00856488614121234,0.00158006662600473,0.25,4.84427717461042E-6,0.000752931634227949,1.03910802493252E-5,53.2722702,53.2722702,1999.70202636719,1999.70202636719,61.7025369366027,20.7769201868702,7.019488,0,0,0,40,4882,53.8695,1999.70202636719,,,,,,,,,,,,,0,,,,3.0815613,,,,,,53.2722702,,,,
,44271457.83,53.3035889,1999.70202636719,0.000751975306372008,2.40265646912255E-7,1,0.999253354069792,40.0298881530762,2.0009041358245,19.0900005400181,0.00856316392111621,0.00157770470965434,0.25,4.67006814152405E-6,0.000752749014478134,1.0214738221639E-5,53.3035889,53.3035889,1999.70202636719,1999.70202636719,61.5962354579873,20.7777199632415,7.019488,0,0,0,40,4882,53.887,1999.70202636719,,,,,,,,,,,,,0,,,,3.0509303,,,,,,53.3035889,,,,
,44271458.515,53.31308555,1999.70202636719,0.000751589810101869,2.71763905037793E-7,1,0.999253354069792,40.0298881530762,2.00087745454822,19.0900005400181,0.00855887475039333,0.00157583073437443,0.25,4.57594599422434E-6,0.000752365802454268,1.01173822543494E-5,53.3035889,53.3225822,1999.70202636719,1999.70202636719,62.005027173545,20.7771208210744,6.646428,0,0,0,40,4882,53.89605,1999.70202636719,,,,,,,,,,,,,0,,,,3.0662458,,,,,,53.31308555,,,,
,44271459.78,53.33109855,1999.70202636719,0.000750980253147357,2.44014912067655E-7,1,0.999253354069792,40.0298881530762,2.00088781313799,19.0900005400181,0.00855088919399316,0.00158106049008946,0.25,5.14225001051117E-6,0.000751757349753528,1.06789541133038E-5,53.3225822,53.3396149,1999.70202636719,1999.70202636719,61.8275974996796,20.7784029740702,6.646428,0,0,0,40,4882,53.92245,1999.70202636719,,,,,,,,,,,,,0,,,,3.0662458,,,,,,53.33109855,,,,
,44271461.03,53.3554516,1999.70202636719,0.00075068024129819,2.45900597145849E-7,1,0.999253354069792,40.0298881530762,2.00091586991428,19.0900005400181,0.00854898147779041,0.00157299338469878,0.25,4.48599511748288E-6,0.00075146765529829,1.00189216037401E-5,53.3396149,53.3712883,1999.70202636719,1999.70202636719,61.436001611545,20.7777202613611,7.019488,0,0,0,40,4882,53.9486,1999.70202636719,,,,,,,,,,,,,0,,,,3.0662458,,,,,,53.3554516,,,,
,44271462.26,53.37991335,1999.70202636719,0.000750544778919685,2.53296531446522E-7,1,0.999253354069792,40.0298881530762,2.00092255926051,19.0799999982119,0.00854663441191359,0.00157764390513998,0.25,4.91749397450483E-6,0.000751332700243487,1.04493163358165E-5,53.3712883,53.3885384,1999.70202636719,1999.70202636719,62.1754221907374,20.7770415258727,6.646428,0,0,0,40,4882,53.9662,1999.70202636719,,,,,,,,,,,,,0,,,,3.0662458,,,,,,53.37991335,,,,
,44271463.47,53.3967476,1999.70202636719,0.000750598841026019,2.91771513547986E-7,1,0.999253354069792,40.0298881530762,2.00084948007229,19.0900005400181,0.00854777803185258,0.00157331899735442,0.25,4.53323822851495E-6,0.000751393553039978,1.00644546746368E-5,53.3885384,53.4049568,1999.70202636719,1999.70202636719,61.8744952108335,20.7771746535767,6.646428,0,0,0,40,4882,53.9838,1999.70202636719,,,,,,,,,,,,,0,,,,3.0662458,,,,,,53.3967476,,,,
,44271464.67,53.4145317,1999.70202636719,0.000750378854622177,1.94808042487564E-7,1,0.999253354069792,40.0298881530762,2.00099973988104,19.0900005400181,0.00854552358515743,0.00157525407819022,0.25,4.7321375038094E-6,0.000751175750153888,1.02613699701392E-5,53.4049568,53.4241066,1999.70202636719,1999.70202636719,61.8854380101027,20.7776798082497,6.646428,0,0,0,40,4882,54.0014,1999.70202636719,,,,,,,,,,,,,0,,,,3.0815613,,,,,,53.4145317,,,,
,44271465.78,53.43146895,1999.70202636719,0.000750555492459051,2.07532974753814E-7,1,0.999253354069792,40.0298881530762,2.00088817679716,19.0799999982119,0.00854732723334228,0.00157441623708335,0.25,4.63449556231304E-6,0.000751357211775812,1.01643313326607E-5,53.4241066,53.4388313,1999.70202636719,1999.70202636719,62.1425937929297,20.7779974085092,7.019488,0,0,0,40,4882,54.01905,1999.70202636719,,,,,,,,,,,,,0,,,,3.0815613,,,,,,53.43146895,,,,
,44271466.9,53.44675635,1999.70202636719,0.000749941636204964,2.58617476193897E-7,1,0.999253354069792,40.0298881530762,2.00093128779916,19.0900005400181,0.00853980010858293,0.00157742683607491,0.25,5.0048094264032E-6,0.00075074393513258,1.05299401353948E-5,53.4388313,53.4546814,1999.70202636719,1999.70202636719,61.8557361263719,20.7776714094897,7.019488,0,0,0,40,4882,54.037,1999.70202636719,,,,,,,,,,,,,0,,,,3.0815613,,,,,,53.44675635,,,,
,44271469.035,53.4918289,1999.70202636719,0.000749650497187776,2.56275443345901E-7,1,0.999253354069792,40.0298881530762,2.00096380622335,19.0900005400181,0.0085368381456437,0.00157623333536853,0.25,4.94958625184517E-6,0.000750462550498661,1.04710340671929E-5,53.4918289,53.4918289,1999.70202636719,1999.70202636719,61.7728835033335,20.7773254216326,6.646428,0,0,0,40,4882,54.0809,1999.70202636719,,,,,,,,,,,,,0,,,,3.0815613,,,,,,53.4918289,,,,
,44271469.72,53.49916455,1999.70202636719,0.000749024976508371,2.87958504618838E-7,1,0.999253354069792,40.0298881530762,2.00092966982987,19.0799999982119,0.00852940742043322,0.00157597092733443,0.25,5.04001156774303E-6,0.000749837608607179,1.05566614961492E-5,53.4918289,53.5065002,1999.70202636719,1999.70202636719,61.436001611545,20.7755477199815,7.019488,0,0,0,40,4882,54.0897,1999.70202636719,,,,,,,,,,,,,0,,,,3.0815613,,,,,,53.49916455,,,,
,44271470.89,53.5153484,1999.70202636719,0.000749049215815499,2.10501670979221E-7,1,0.999253354069792,40.0298881530762,2.0009207651108,19.0900005400181,0.00852972361447303,0.00157584795651284,0.25,5.02543513030343E-6,0.000749865952065555,1.05416371608707E-5,53.5065002,53.5241966,1999.70202636719,1999.70202636719,61.893254295295,20.7772910280258,6.646428,0,0,0,40,4882,54.10765,1999.70202636719,,,,,,,,,,,,,0,,,,3.0662458,,,,,,53.5153484,,,,
,44271472.05,53.53170775,1999.70202636719,0.000748448186688397,2.491751657485E-7,1,0.999253354069792,40.0298881530762,2.00093211682324,19.0900005400181,0.00852324063835805,0.00157321211368378,0.25,4.90026556175874E-6,0.000749271103674352,1.04109953017405E-5,53.5241966,53.5392189,1999.70202636719,1999.70202636719,61.750997904795,20.7758478930844,6.646428,0,0,0,40,4882,54.13425,1999.70202636719,,,,,,,,,,,,,0,,,,3.0662458,,,,,,53.53170775,,,,
,44271473.15,53.54787635,1999.70202636719,0.000749040533411802,2.41698221130942E-7,1,0.999253354069792,40.0298881530762,2.00089016598207,19.0799999982119,0.00853036276493239,0.00157160813127789,0.25,4.65694779782866E-6,0.000749869827620756,1.01711449929098E-5,53.5392189,53.5565338,1999.70202636719,1999.70202636719,61.8791849819489,20.776088225217,7.019488,0,0,0,40,4882,54.15195,1999.70202636719,,,,,,,,,,,,,0,,,,3.09703065,,,,,,53.54787635,,,,
,44271474.265,53.57369615,1999.70202636719,0.000748370020871041,3.03866381856682E-7,1,0.999253354069792,40.0298881530762,2.00090351582885,19.0900005400181,0.00852212976601442,0.00157412530384188,0.25,4.99604629721021E-6,0.000749199873005214,1.0505089458824E-5,53.5565338,53.5908585,1999.70202636719,1999.70202636719,61.3930120429873,20.7779329809355,7.019488,0,0,0,40,4882,54.1697,1999.70202636719,,,,,,,,,,,,,0,,,,3.08171515,,,,,,53.57369615,,,,
,44271475.375,53.59996605,1999.70202636719,0.000748504750360919,2.52698270305372E-7,1,0.999253354069792,40.0298881530762,2.00089147891588,19.0900005400181,0.00852399012395833,0.00157267293301539,0.25,4.84542192307622E-6,0.000749341653686152,1.03543654437658E-5,53.5908585,53.6090736,1999.70202636719,1999.70202636719,61.3859773863142,20.7776019055661,7.019488,0,0,0,40,4882,54.19605,1999.70202636719,,,,,,,,,,,,,0,,,,3.08171515,,,,,,53.59996605,,,,
,44271477.495,53.6279068,1999.70202636719,0.000747454042978616,2.6281860029198E-7,1,0.999253354069792,40.0298881530762,2.00095071777736,19.0900005400181,0.00851216593585004,0.00157144942605986,0.25,4.92099003361036E-6,0.000748294994739613,1.04213654931731E-5,53.6279068,53.6279068,1999.70202636719,1999.70202636719,61.5712233453719,20.7774730932527,6.646428,0,0,0,40,4882,54.2227,1999.70202636719,,,,,,,,,,,,,0,,,,3.0815613,,,,,,53.6279068,,,,
,44271478.245,53.63640215,1999.70202636719,0.000747948392319953,2.85761135421512E-7,1,0.999253354069792,40.0298881530762,2.00093918210441,19.0799999982119,0.00851737421315432,0.00157484987541323,0.25,5.13203574639924E-6,0.000748792349504119,1.06356713075438E-5,53.6279068,53.6448975,1999.70202636719,1999.70202636719,61.883093124545,20.7796046210691,6.646428,0,0,0,40,4882,54.24045,1999.70202636719,,,,,,,,,,,,,0,,,,3.0815613,,,,,,53.63640215,,,,
,44271480.375,53.6788483,1999.70202636719,0.000747126937820078,3.30808159144511E-7,1,0.999253354069792,40.0298881530762,2.00097682136398,19.0900005400181,0.00850936485323967,0.00156695009885511,0.25,4.58271716648269E-6,0.00074798167849251,1.00784064266086E-5,53.6788483,53.6788483,1999.70202636719,1999.70202636719,61.6423515406219,20.7787502489578,6.646428,0,0,0,40,4882,54.276,1999.70202636719,,,,,,,,,,,,,0,,,,3.0509303,,,,,,53.6788483,,,,
,44271481.09,53.6879864,1999.70202636719,0.000747098347911755,2.44676150474806E-7,1,0.999253354069792,40.0298881530762,2.00090713412932,19.0900005400181,0.00850796526801925,0.00157142362734609,0.25,4.98470635120409E-6,0.000747952113054898,1.04803367188024E-5,53.6788483,53.6971245,1999.70202636719,1999.70202636719,61.5532458894296,20.7772437927892,6.646428,0,0,0,40,4882,54.2852,1999.70202636719,,,,,,,,,,,,,0,,,,3.0662458,,,,,,53.6879864,,,,
,44271482.34,53.70680045,1999.70202636719,0.000746990905097901,2.68286312736888E-7,1,0.999253354069792,40.0298881530762,2.00091598618492,19.0900005400181,0.00850781584561988,0.00156575098074281,0.25,4.50564887961953E-6,0.000747853913358769,9.99897241668234E-6,53.6971245,53.7164764,1999.70202636719,1999.70202636719,61.7689753607373,20.7785276917588,7.019488,0,0,0,40,4882,54.31165,1999.70202636719,,,,,,,,,,,,,0,,,,3.0662458,,,,,,53.70680045,,,,
,44271483.625,53.72402,1999.70202636719,0.000746983302857941,2.47609858097881E-7,1,0.999253354069792,40.0298881530762,2.00096894854238,19.0900005400181,0.00850756729898895,0.0015682784649165,0.25,4.72516233973004E-6,0.000747850551637985,1.0217742699234E-5,53.7164764,53.7315636,1999.70202636719,1999.70202636719,61.4907156078911,20.7788777717853,6.646428,0,0,0,40,4882,54.3381,1999.70202636719,,,,,,,,,,,,,0,,,,3.0662458,,,,,,53.72402,,,,
,44271484.84,53.7405529,1999.70202636719,0.000746332298876135,2.21111457885494E-7,1,0.999253354069792,40.0298881530762,2.00088252327217,19.0900005400181,0.00849984406378318,0.00156674983943722,0.25,4.71250418952042E-6,0.000747200861416654,1.01999434028503E-5,53.7315636,53.7495422,1999.70202636719,1999.70202636719,61.771320246295,20.7799281810843,6.646428,0,0,0,40,4882,54.3476,1999.70202636719,,,,,,,,,,,,,0,,,,3.0815613,,,,,,53.7405529,,,,
,44271486.02,53.7674961,1999.70202636719,0.000746044045346202,2.47341872198487E-7,1,0.999253354069792,40.0298881530762,2.00085351217344,19.0900005400181,0.00849612428608561,0.00156803816005205,0.25,4.87867297742999E-6,0.00074691282266004,1.0363870369431E-5,53.7495422,53.78545,1999.70202636719,1999.70202636719,61.8197812144873,20.777276889495,7.019488,0,0,0,40,4882,54.35655,1999.70202636719,,,,,,,,,,,,,0,,,,3.0815613,,,,,,53.7674961,,,,
,44271487.29,53.79278565,1999.70202636719,0.000746063825949371,2.58256567259786E-7,1,0.999253354069792,40.0298881530762,2.00093661942018,19.0900005400181,0.00849709787044417,0.00156620519094105,0.25,4.7089341841334E-6,0.000746939659016787,1.01931081552437E-5,53.78545,53.8001213,1999.70202636719,1999.70202636719,61.5258888912565,20.7778909558369,6.646428,0,0,0,40,4882,54.38305,1999.70202636719,,,,,,,,,,,,,0,,,,3.0815613,,,,,,53.79278565,,,,
,44271488.525,53.80903245,1999.70202636719,0.000745902445240932,2.76037968480963E-7,1,0.999253354069792,40.0298881530762,2.00089558007388,19.0900005400181,0.00849530867818837,0.00156501943418227,0.25,4.63628365665591E-6,0.000746784546808703,1.01182046951283E-5,53.8001213,53.8179436,1999.70202636719,1999.70202636719,61.4696116378719,20.7791911840713,6.646428,0,0,0,40,4882,54.40985,1999.70202636719,,,,,,,,,,,,,0,,,,3.0815613,,,,,,53.80903245,,,,
,44271489.66,53.82546615,1999.70202636719,0.000745513019500775,3.14304074620868E-7,1,0.999253354069792,40.0298881530762,2.00085936161015,19.0900005400181,0.00849004437747131,0.00156827244108452,0.25,4.99319056649924E-6,0.000746395928764397,1.04720348679925E-5,53.8179436,53.8329887,1999.70202636719,1999.70202636719,61.9487499201604,20.7797198166902,7.019488,0,0,0,40,4882,54.42775,1999.70202636719,,,,,,,,,,,,,0,,,,3.0662458,,,,,,53.82546615,,,,
,44271490.835,53.8506794,1999.70202636719,0.000745314680824049,2.4555618686578E-7,1,0.999253354069792,40.0298881530762,2.00093612870661,19.0900005400181,0.00848851565073801,0.00156580341179751,0.25,4.80689964137867E-6,0.000746202534853667,1.02833974298602E-5,53.8329887,53.8683701,1999.70202636719,1999.70202636719,61.7220776495834,20.7787487852514,7.019488,0,0,0,40,4882,54.44565,1999.70202636719,,,,,,,,,,,,,0,,,,3.0662458,,,,,,53.8506794,,,,
,44271492.89,53.8841133,1999.70202636719,0.000745076697625879,2.85742360215202E-7,1,0.999253354069792,40.0298881530762,2.00089216272167,19.0799999982119,0.00848594349774947,0.00156414358270452,0.25,4.70650302339393E-6,0.000745974834709382,1.01794648238961E-5,53.8841133,53.8841133,1999.70202636719,1999.70202636719,61.8111833007758,20.7774995498226,7.019488,0,0,0,40,4882,54.4905,1999.70202636719,,,,,,,,,,,,,0,,,,3.0662458,,,,,,53.8841133,,,,
,44271493.57,53.8933315,1999.70202636719,0.000744639100918781,2.58874908419316E-7,1,0.999253354069792,40.0298881530762,2.0009194524638,19.0900005400181,0.00847994558543939,0.00156969565179405,0.25,5.26945290849523E-6,0.000745534497487864,1.07395755047778E-5,53.8841133,53.9025497,1999.70202636719,1999.70202636719,61.6673636532373,20.7757773696276,6.646428,0,0,0,40,4882,54.49945,1999.70202636719,,,,,,,,,,,,,0,,,,3.0815613,,,,,,53.8933315,,,,
,44271494.78,53.91026685,1999.70202636719,0.000744532611480934,2.38972352074606E-7,1,0.999253354069792,40.0298881530762,2.00085909805174,19.0900005400181,0.00847881298228431,0.00156786291654296,0.25,5.1316100150159E-6,0.000745432784965041,1.06001080284186E-5,53.9025497,53.917984,1999.70202636719,1999.70202636719,61.5235440056988,20.7792188254941,6.646428,0,0,0,40,4882,54.5174,1999.70202636719,,,,,,,,,,,,,0,,,,3.0662458,,,,,,53.91026685,,,,
,44271495.955,53.9264183,1999.70202636719,0.000744099977509315,2.61091166193349E-7,1,0.999253354069792,40.0298881530762,2.00088353461025,19.0799999982119,0.00847414902395995,0.00156630319030012,0.25,5.07014833734126E-6,0.000745003959223449,1.05347220840542E-5,53.917984,53.9348526,1999.70202636719,1999.70202636719,61.8510463552566,20.7796196283431,6.646428,0,0,0,40,4882,54.53535,1999.70202636719,,,,,,,,,,,,,0,,,,3.0662458,,,,,,53.9264183,,,,
,44271498.06,53.9689903,1999.70202636719,0.000744209391894117,1.97906426943454E-7,1,0.999253354069792,40.0298881530762,2.00079312547956,19.0900005400181,0.0084757560591994,0.0015630199755865,0.25,4.76869345628245E-6,0.000745125355638724,1.02320054941333E-5,53.9689903,53.9689903,1999.70202636719,1999.70202636719,61.608741514295,20.7765491916631,6.646428,0,0,0,40,4882,54.5798,1999.70202636719,,,,,,,,,,,,,0,,,,3.0815613,,,,,,53.9689903,,,,
,44271499.61,53.99328805,1999.70202636719,0.000744135407886237,2.37734687738991E-7,1,0.999253354069792,40.0298881530762,2.00078423123661,19.0799999982119,0.00847447303743267,0.00156539358857484,0.25,4.99063855069825E-6,0.000745053594006217,1.04529865743138E-5,53.9835968,54.0029793,1999.70202636719,1999.70202636719,61.4516341819296,20.7770711888525,6.646428,0,0,0,40,4882,54.5983,1999.70202636719,,,,,,,,,,,,,0,,,,3.09703065,,,,,,53.99328805,,,,
,44271500.295,54.01047515,1999.70202636719,0.000743791841001809,2.70802835173182E-7,1,0.999253354069792,40.0298881530762,2.00088474907893,19.0900005400181,0.00847094032454898,0.00156501154859373,0.25,5.0116747404815E-6,0.000744711299533962,1.04711861790178E-5,54.0029793,54.017971,1999.70202636719,1999.70202636719,61.7728835033335,20.7791628265566,6.646428,0,0,0,40,4882,54.6073,1999.70202636719,,,,,,,,,,,,,0,,,,3.0815613,,,,,,54.01047515,,,,
,44271501.38,54.0274658,1999.70202636719,0.00074346347119644,3.05577662322557E-7,1,0.999253354069792,40.0298881530762,2.00079389731722,19.0900005400181,0.00846690245673452,0.00156412710290532,0.25,4.99844844578468E-6,0.000744386497827829,1.04548467367439E-5,54.017971,54.0369606,1999.70202636719,1999.70202636719,61.690030880295,20.7776179054211,7.019488,0,0,0,40,4882,54.6253,1999.70202636719,,,,,,,,,,,,,0,,,,3.09703065,,,,,,54.0274658,,,,
,44271502.45,54.0444851,1999.70202636719,0.000743484245885184,2.37483886327353E-7,1,0.999253354069792,40.0298881530762,2.00076902891871,19.0900005400181,0.00846792205551121,0.00155944189706024,0.25,4.58549750669532E-6,0.000744414228598571,1.00408194283994E-5,54.0369606,54.0520096,1999.70202636719,1999.70202636719,61.8987256949296,20.778868472714,6.646428,0,0,0,40,4882,54.64335,1999.70202636719,,,,,,,,,,,,,0,,,,3.08171515,,,,,,54.0444851,,,,
,44271503.655,54.06004905,1999.70202636719,0.000742764258779097,3.69228940191024E-7,1,0.999253354069792,40.0298881530762,2.0008446597714,19.0900005400181,0.00845999063940562,0.00155857619694037,0.25,4.63269239257213E-6,0.000743698837376293,1.00817629568078E-5,54.0520096,54.0680885,1999.70202636719,1999.70202636719,61.5587172890642,20.7781580567762,6.646428,0,0,0,40,4882,54.67015,1999.70202636719,,,,,,,,,,,,,0,,,,3.08171515,,,,,,54.06004905,,,,
,44271504.89,54.07720185,1999.70202636719,0.000742384309571556,2.51546567185535E-7,1,0.999253354069792,40.0298881530762,2.00079490902331,19.0799999982119,0.00845433042055971,0.00156436820693924,0.25,5.21148642265999E-6,0.00074331804247379,1.06578291718041E-5,54.0680885,54.0863152,1999.70202636719,1999.70202636719,61.7963323589104,20.7789067442337,6.646428,0,0,0,40,4882,54.6882,1999.70202636719,,,,,,,,,,,,,0,,,,3.09703065,,,,,,54.07720185,,,,
,44271506.04,54.0951176,1999.70202636719,0.000742571143230716,2.56273822687971E-7,1,0.999253354069792,40.0298881530762,2.00077539520602,19.0900005400181,0.0084570894946149,0.00156088154008487,0.25,4.87379158454776E-6,0.000743509526446195,1.0320696213702E-5,54.0863152,54.10392,1999.70202636719,1999.70202636719,61.7087899647565,20.7777130506567,6.646428,0,0,0,40,4882,54.69755,1999.70202636719,,,,,,,,,,,,,0,,,,3.0815613,,,,,,54.0951176,,,,
,44271507.19,54.12111855,1999.70202636719,0.00074246776509431,2.26716761204218E-7,1,0.999253354069792,40.0298881530762,2.00084189924832,19.0900005400181,0.00845659224466148,0.00155877518159623,0.25,4.70317728924948E-6,0.0007434130414855,1.01480505998976E-5,54.10392,54.1383171,1999.70202636719,1999.70202636719,61.822126100045,20.778430850463,7.019488,0,0,0,40,4882,54.7244,1999.70202636719,,,,,,,,,,,,,0,,,,3.0815613,,,,,,54.12111855,,,,
,44271509.22,54.154377,1999.70202636719,0.000741983526206227,2.1077333247001E-7,1,0.999253354069792,40.0298881530762,2.00081330152999,19.0799999982119,0.0084513365936475,0.00155613917375149,0.25,4.56004913079096E-6,0.000742936940819733,9.99977246230136E-6,54.154377,54.154377,1999.70202636719,1999.70202636719,61.8111833007758,20.7783125667224,6.646428,0,0,0,40,4882,54.7603,1999.70202636719,,,,,,,,,,,,,0,,,,3.1125,,,,,,54.154377,,,,
,44271509.895,54.1632328,1999.70202636719,0.000741670879565267,2.39287615970704E-7,1,0.999253354069792,40.0298881530762,2.00083456649108,19.0900005400181,0.0084469277525266,0.0015608804380444,0.25,5.03007672518952E-6,0.000742622434411391,1.04677689191332E-5,54.154377,54.1720886,1999.70202636719,1999.70202636719,61.9987741453912,20.7785798958848,7.019488,0,0,0,40,4882,54.7696,1999.70202636719,,,,,,,,,,,,,0,,,,3.1125,,,,,,54.1632328,,,,
,44271511.05,54.18222045,1999.70202636719,0.000741600266283729,2.37766948279444E-7,1,0.999253354069792,40.0298881530762,2.00085399736626,19.0900005400181,0.00844640031945485,0.00155988863427487,0.25,4.95444405101283E-6,0.000742556218592048,1.0390790182931E-5,54.1720886,54.1923523,1999.70202636719,1999.70202636719,62.1941812751989,20.7781314497185,6.646428,0,0,0,40,4882,54.788,1999.70202636719,,,,,,,,,,,,,0,,,,3.1125,,,,,,54.18222045,,,,
,44271512.23,54.1996765,1999.70202636719,0.000741277234805356,2.69733127842772E-7,1,0.999253354069792,40.0298881530762,2.00074249158562,19.0900005400181,0.00844157410401706,0.00156331483677262,0.25,5.31967176889298E-6,0.000742233973674589,1.07534227341279E-5,54.1923523,54.2070007,1999.70202636719,1999.70202636719,61.7322388203335,20.7777894163052,6.646428,0,0,0,40,4882,54.80615,1999.70202636719,,,,,,,,,,,,,0,,,,3.1125,,,,,,54.1996765,,,,
,44271513.52,54.21529385,1999.70202636719,0.000741350205877778,2.39728672656827E-7,1,0.999253354069792,40.0298881530762,2.00084434062519,19.0900005400181,0.00844392397797176,0.0015575603723383,0.25,4.79546500301187E-6,0.000742314776974063,1.02283239528012E-5,54.2070007,54.223587,1999.70202636719,1999.70202636719,61.5720049738911,20.7786343449856,6.646428,0,0,0,40,4882,54.82425,1999.70202636719,,,,,,,,,,,,,0,,,,3.09703065,,,,,,54.21529385,,,,
,44271515.57,54.257,1999.70202636719,0.000741084855470103,2.49002224660493E-7,1,0.999253354069792,40.0298881530762,2.0008230693694,19.0900005400181,0.00844082023789169,0.00155733990986758,0.25,4.82481283767436E-6,0.000742054545777996,1.025467504122E-5,54.257,54.257,1999.70202636719,1999.70202636719,61.9229561790258,20.7787322026965,7.019488,0,0,0,40,4882,54.8515,1999.70202636719,,,,,,,,,,,,,0,,,,3.0815613,,,,,,54.257,,,,
,44271516.205,54.26609615,1999.70202636719,0.000740479145517135,2.24463916472891E-7,1,0.999253354069792,40.0298881530762,2.00081987164445,19.0799999982119,0.00843474039479703,0.00155164707188907,0.25,4.43351891283904E-6,0.000741454847764134,9.85768457139476E-6,54.257,54.2751923,1999.70202636719,1999.70202636719,61.6947206514104,20.7776825522237,7.019488,0,0,0,40,4882,54.8697,1999.70202636719,,,,,,,,,,,,,0,,,,3.09703065,,,,,,54.26609615,,,,
,44271517.315,54.2818127,1999.70202636719,0.000740283123370003,3.18563187234527E-7,1,0.999253354069792,40.0298881530762,2.00085877637297,19.0900005400181,0.00843220156549479,0.00155412587587858,0.25,4.68329465828852E-6,0.000741260692394418,1.01056206229352E-5,54.2751923,54.2884331,1999.70202636719,1999.70202636719,61.8572993834104,20.7774624921524,6.646428,0,0,0,40,4882,54.88815,1999.70202636719,,,,,,,,,,,,,0,,,,3.09703065,,,,,,54.2818127,,,,
,44271519.365,54.3171215,1999.70202636719,0.000739888693227855,2.67124027031975E-7,1,0.999253354069792,40.0298881530762,2.00083117698496,19.0900005400181,0.00842743903823291,0.00155468083148746,0.25,4.80402636320286E-6,0.00074087254983065,1.02221642897959E-5,54.3078384,54.3264046,1999.70202636719,1999.70202636719,61.7744467603719,20.7786897478064,7.019488,0,0,0,40,4882,54.9243,1999.70202636719,,,,,,,,,,,,,0,,,,3.09703065,,,,,,54.3171215,,,,
,44271520.115,54.33453945,1999.70202636719,0.000739618232360783,2.27927197360546E-7,1,0.999253354069792,40.0298881530762,2.00081697996761,19.0900005400181,0.00842418629317897,0.0015550018669256,0.25,4.88126188545008E-6,0.000740604965697621,1.02967980723708E-5,54.3264046,54.3426743,1999.70202636719,1999.70202636719,61.9370254923719,20.7783784827891,7.019488,0,0,0,40,4882,54.9422,1999.70202636719,,,,,,,,,,,,,0,,,,3.1125,,,,,,54.33453945,,,,
,44271521.4,54.35141755,1999.70202636719,0.000739762239122616,2.95358359390532E-7,1,0.999253354069792,40.0298881530762,2.00076651852867,19.0900005400181,0.00842651081860714,0.00155054014242635,0.25,4.46774820954351E-6,0.000740756146293522,9.88300641322606E-6,54.3426743,54.3601608,1999.70202636719,1999.70202636719,62.0292576576412,20.7782074863403,7.019488,0,0,0,40,4882,54.9607,1999.70202636719,,,,,,,,,,,,,0,,,,3.1125,,,,,,54.35141755,,,,
,44271522.66,54.36850165,1999.70202636719,0.000739370836806966,2.20707060290422E-7,1,0.999253354069792,40.0298881530762,2.00070084427312,19.0900005400181,0.00842171981761017,0.00155032218956311,0.25,4.52255514059164E-6,0.000740367755974317,9.93426381255041E-6,54.3601608,54.3768425,1999.70202636719,1999.70202636719,61.6658003961988,20.7773309311187,7.019488,0,0,0,40,4882,54.97925,1999.70202636719,,,,,,,,,,,,,0,,,,3.1125,,,,,,54.36850165,,,,
,44271523.82,54.38376615,1999.70202636719,0.000739039183342512,2.56613598859434E-7,1,0.999253354069792,40.0298881530762,2.00072439517479,19.0799999982119,0.00841657665619792,0.00155824329190884,0.25,5.27475943039212E-6,0.000740036005524584,1.0683978138072E-5,54.3768425,54.3906898,1999.70202636719,1999.70202636719,61.6689269102757,20.7779440557532,6.646428,0,0,0,40,4882,55.00635,1999.70202636719,,,,,,,,,,,,,0,,,,3.09703065,,,,,,54.38376615,,,,
,44271524.99,54.40761755,1999.70202636719,0.000738670345966163,3.0700472226889E-7,1,0.999253354069792,40.0298881530762,2.00084867058586,19.0900005400181,0.00841350285330083,0.00155427111770022,0.25,4.98402508755893E-6,0.000739672594870488,1.03893845398364E-5,54.3906898,54.4245453,1999.70202636719,1999.70202636719,61.8776217249104,20.7791824318064,6.646428,0,0,0,40,4882,55.0246,1999.70202636719,,,,,,,,,,,,,0,,,,3.0815613,,,,,,54.40761755,,,,
,44271527.155,54.4404068,1999.70202636719,0.000738501879490907,2.42795861225957E-7,1,0.999253354069792,40.0298881530762,2.00074273708425,19.0900005400181,0.00841247634341093,0.00154681228412185,0.25,4.36690848523573E-6,0.000739514156347897,9.769024609795E-6,54.4404068,54.4404068,1999.70202636719,1999.70202636719,61.6978471654873,20.7776443483825,7.019488,0,0,0,40,4882,55.052,1999.70202636719,,,,,,,,,,,,,0,,,,3.0815613,,,,,,54.4404068,,,,
,44271527.79,54.4497223,1999.70202636719,0.000738192623405816,2.70348203385765E-7,1,0.999253354069792,40.0298881530762,2.00075951323617,19.0900005400181,0.00840914665082308,0.00154559591530975,0.25,4.31418624099295E-6,0.000739206783341302,9.71358489255979E-6,54.4404068,54.4590378,1999.70202636719,1999.70202636719,61.6470413117373,20.7780444454838,7.019488,0,0,0,40,4882,55.06115,1999.70202636719,,,,,,,,,,,,,0,,,,3.09703065,,,,,,54.4497223,,,,
,44271529.91,54.4917412,1999.70202636719,0.000738142852262716,2.64415984331248E-7,1,0.999253354069792,40.0298881530762,2.00084180221326,19.0900005400181,0.00840846961655121,0.001548666514834,0.25,4.58725501523696E-6,0.000739164679261439,9.98474996861232E-6,54.4917412,54.4917412,1999.70202636719,1999.70202636719,61.9495315486796,20.7769897153754,7.019488,0,0,0,40,4882,55.107,1999.70202636719,,,,,,,,,,,,,0,,,,3.0815613,,,,,,54.4917412,,,,
,44271530.675,54.50126075,1999.70202636719,0.000737834333679411,2.37732268876039E-7,1,0.999253354069792,40.0298881530762,2.00074830852961,19.0900005400181,0.00840442353400233,0.00154896410156957,0.25,4.67429556292851E-6,0.000738857013365904,1.00692753726684E-5,54.4917412,54.5107803,1999.70202636719,1999.70202636719,62.0519248846989,20.7782958133622,6.646428,0,0,0,40,4882,55.11615,1999.70202636719,,,,,,,,,,,,,0,,,,3.0815613,,,,,,54.50126075,,,,
,44271531.785,54.5191345,1999.70202636719,0.000738163672825378,3.0164432781751E-7,1,0.999253354069792,40.0298881530762,2.0008624443605,19.0900005400181,0.00840871644581887,0.00154951863710573,0.25,4.65711446665999E-6,0.000739190819670671,1.00536996964224E-5,54.5107803,54.5274887,1999.70202636719,1999.70202636719,61.9354622353335,20.7778644202973,6.646428,0,0,0,40,4882,55.13445,1999.70202636719,,,,,,,,,,,,,0,,,,3.09703065,,,,,,54.5191345,,,,
,44271532.915,54.5439663,1999.70202636719,0.000737352197299767,2.33099001731442E-7,1,0.999253354069792,40.0298881530762,2.00083071060747,19.0900005400181,0.00839891402306102,0.0015506055090942,0.25,4.89889551684463E-6,0.000738382247784724,1.02887345801418E-5,54.5274887,54.5604439,1999.70202636719,1999.70202636719,61.7830446740835,20.7772014996699,6.273368,0,0,0,40,4882,55.162,1999.70202636719,,,,,,,,,,,,,0,,,,3.1125,,,,,,54.5439663,,,,
,44271534.965,54.5755501,1999.70202636719,0.000737362721378837,2.137559187677E-7,1,0.999253354069792,40.0298881530762,2.00084411819846,19.0900005400181,0.00839906241705625,0.00155103371702472,0.25,4.93385418276157E-6,0.000738396397368748,1.03230136413838E-5,54.5755501,54.5755501,1999.70202636719,1999.70202636719,61.6634555106411,20.7796663841032,6.646428,0,0,0,40,4882,55.1809,1999.70202636719,,,,,,,,,,,,,0,,,,3.1125,,,,,,54.5755501,,,,
,44271535.565,54.58514025,1999.70202636719,0.000737007824926898,2.62000545858189E-7,1,0.999253354069792,40.0298881530762,2.00075396041763,19.0900005400181,0.00839501222298006,0.00154849376305269,0.25,4.78015774107018E-6,0.000738045997865061,1.01657305635419E-5,54.5755501,54.5947304,1999.70202636719,1999.70202636719,61.3805059866796,20.7792804979792,7.019488,0,0,0,40,4882,55.199,1999.70202636719,,,,,,,,,,,,,0,,,,3.1125,,,,,,54.58514025,,,,
,44271536.83,54.6021042,1999.70202636719,0.000736790048419881,3.00148834173545E-7,1,0.999253354069792,40.0298881530762,2.00077774552818,19.0900005400181,0.00839195465103868,0.00155221936702154,0.25,5.14419992074027E-6,0.000737831086659278,1.05275449898814E-5,54.5947304,54.609478,1999.70202636719,1999.70202636719,61.4993135216027,20.7782753625907,7.019488,0,0,0,40,4882,55.2263,1999.70202636719,,,,,,,,,,,,,0,,,,3.09703065,,,,,,54.6021042,,,,
,44271538.065,54.6183567,1999.70202636719,0.000736503031174456,2.21899920594805E-7,1,0.999253354069792,40.0298881530762,2.00077935577848,19.0900005400181,0.00838997650662221,0.00154464590536537,0.25,4.53114394408734E-6,0.000737552008259552,9.91070290058215E-6,54.609478,54.6272354,1999.70202636719,1999.70202636719,61.6478229402565,20.7800615893195,6.646428,0,0,0,40,4882,55.2447,1999.70202636719,,,,,,,,,,,,,0,,,,3.09703065,,,,,,54.6183567,,,,
,44271540.23,54.6644707,1999.70202636719,0.000736250444810302,3.01923679708915E-7,1,0.999253354069792,40.0298881530762,2.00080255284764,19.0900005400181,0.00838742931759783,0.00154329767291719,0.25,4.45662193454185E-6,0.000737307187015933,9.83263824588127E-6,54.6644707,54.6644707,1999.70202636719,1999.70202636719,61.7603774470258,20.7804265774597,6.646428,0,0,0,40,4882,55.2813,1999.70202636719,,,,,,,,,,,,,0,,,,3.0815613,,,,,,54.6644707,,,,
,44271540.89,54.67325785,1999.70202636719,0.000736111565114516,2.56419315884861E-7,1,0.999253354069792,40.0298881530762,2.00082500859453,19.0900005400181,0.00838520257391831,0.00154733633696993,0.25,4.83408521204235E-6,0.000737168114283533,1.02090820430258E-5,54.6644707,54.682045,1999.70202636719,1999.70202636719,61.2327781965449,20.7787823295084,6.273368,0,0,0,40,4882,55.2943,1999.70202636719,,,,,,,,,,,,,0,,,,3.09703065,,,,,,54.67325785,,,,
,44271543.095,54.712101,1999.70202636719,0.000735411041527936,2.25683821121135E-7,1,0.999253354069792,40.0298881530762,2.0008789799137,19.0900005400181,0.00837781398578562,0.00154423465452902,0.25,4.68342787061686E-6,0.000736474416968696,1.00516677303553E-5,54.712101,54.712101,1999.70202636719,1999.70202636719,61.5008767786411,20.7803920370642,6.646428,0,0,0,40,4882,55.3269,1999.70202636719,,,,,,,,,,,,,0,,,,3.0815613,,,,,,54.712101,,,,
,44271544.69,54.7310905,1999.70202636719,0.000735642454015295,2.59452961645194E-7,1,0.999253354069792,40.0298881530762,2.00074393912101,19.0900005400181,0.00838054625846093,0.00154138558078006,0.25,4.40136531452449E-6,0.000736713309963846,9.76981329216655E-6,54.7310905,54.7310905,1999.70202636719,1999.70202636719,62.0144067157758,20.7789475831324,7.019488,0,0,0,40,4882,55.35095,1999.70202636719,,,,,,,,,,,,,0,,,,3.1125,,,,,,54.7310905,,,,
,44271545.44,54.74887275,1999.70202636719,0.000735635713840253,2.57016344251793E-7,1,0.999253354069792,40.0298881530762,2.00076072972032,19.0900005400181,0.00837976118178579,0.00154596013011964,0.25,4.80274172547064E-6,0.000736706887098045,1.01710525161189E-5,54.7310905,54.766655,1999.70202636719,1999.70202636719,61.8244709856027,20.7795026958562,6.646428,0,0,0,40,4882,55.3666,1999.70202636719,,,,,,,,,,,,,0,,,,3.1125,,,,,,54.74887275,,,,
,44271546.745,54.7756615,1999.70202636719,0.000734765668968764,2.70520848529526E-7,1,0.999253354069792,40.0298881530762,2.00080197453635,19.0799999982119,0.00837058188596855,0.00154127308497339,0.25,4.54394953649854E-6,0.000735842000421644,9.90455022094495E-6,54.766655,54.784668,1999.70202636719,1999.70202636719,61.9362438638527,20.7782275223685,7.019488,0,0,0,40,4882,55.38875,1999.70202636719,,,,,,,,,,,,,0,,,,3.09703065,,,,,,54.7756615,,,,
,44271547.97,54.7938824,1999.70202636719,0.000734299532066526,3.16054135129524E-7,1,0.999253354069792,40.0298881530762,2.00076378666606,19.0900005400181,0.00836461248793821,0.00154337524435585,0.25,4.8137484366674E-6,0.00073537706458428,1.01705385290399E-5,54.784668,54.8030968,1999.70202636719,1999.70202636719,61.6353168839488,20.7784343385078,7.019488,0,0,0,40,4882,55.4073,1999.70202636719,,,,,,,,,,,,,0,,,,3.09703065,,,,,,54.7938824,,,,
,44271549.945,54.820179,1999.70202636719,0.00073459521755398,2.36110986263216E-7,1,0.999253354069792,40.0298881530762,2.00079580336816,19.0900005400181,0.00836844960090127,0.00154253766930009,0.25,4.68596651829774E-6,0.000735680764464667,1.00433101562937E-5,54.820179,54.820179,1999.70202636719,1999.70202636719,61.5813845161219,20.7786085798484,6.646428,0,0,0,40,4882,55.4389,1999.70202636719,,,,,,,,,,,,,0,,,,3.1125,,,,,,54.820179,,,,
,44271551.375,54.8363342,1999.70202636719,0.000734124167355793,2.39045850196763E-7,1,0.999253354069792,40.0298881530762,2.000820779003,19.0900005400181,0.0083632491066866,0.00154155581954101,0.25,4.68221793666241E-6,0.000735214504305137,1.00349674235075E-5,54.8363342,54.8363342,1999.70202636719,1999.70202636719,61.9972108883527,20.7792810337813,7.019488,0,0,0,40,4882,55.4648,1999.70202636719,,,,,,,,,,,,,0,,,,3.1125,,,,,,54.8363342,,,,
,44271552.955,54.8736992,1999.70202636719,0.000733760164477537,2.57511768460112E-7,1,0.999253354069792,40.0298881530762,2.00079658921473,19.0900005400181,0.00835876060273582,0.00154253167744238,0.25,4.83431737010955E-6,0.000734854547270515,1.01833955464865E-5,54.8736992,54.8736992,1999.70202636719,1999.70202636719,61.8205628430065,20.7790527925561,7.019488,0,0,0,40,4882,55.4927,1999.70202636719,,,,,,,,,,,,,0,,,,3.1125,,,,,,54.8736992,,,,
,44271554.565,54.9043694,1999.70202636719,0.000733517853551358,2.59525978993169E-7,1,0.999253354069792,40.0298881530762,2.00078619439488,19.0900005400181,0.00835593219697541,0.00154254411994172,0.25,4.87942066575129E-6,0.000734617279751624,1.02255505160397E-5,54.9043694,54.9043694,1999.70202636719,1999.70202636719,61.7494346477565,20.7794614947776,7.019488,0,0,0,40,4882,55.5205,1999.70202636719,,,,,,,,,,,,,0,,,,3.1125,,,,,,54.9043694,,,,
,44271555.305,54.9129658,1999.70202636719,0.000733519414664042,2.36528496383267E-7,1,0.999253354069792,40.0298881530762,2.00088386276062,19.0900005400181,0.00835694683573237,0.00153937687262041,0.25,4.59528570488107E-6,0.000734623649236964,9.94039857360816E-6,54.9043694,54.9215622,1999.70202636719,1999.70202636719,61.4524158104488,20.7803371530782,7.019488,0,0,0,40,4882,55.5335,1999.70202636719,,,,,,,,,,,,,0,,,,3.1125,,,,,,54.9129658,,,,
,44271557.33,54.9389954,1999.70202636719,0.000733213889693514,2.63545096935521E-7,1,0.999253354069792,40.0298881530762,2.0008801768179,19.0900005400181,0.00835396232747471,0.00153630856148047,0.25,4.38113108494318E-6,0.000734326036207091,9.72220205684547E-6,54.9389954,54.9389954,1999.70202636719,1999.70202636719,61.9604743479489,20.7795009424659,7.019488,0,0,0,40,4882,55.56615,1999.70202636719,,,,,,,,,,,,,0,,,,3.09703065,,,,,,54.9389954,,,,
,44271557.99,54.9559193,1999.70202636719,0.000732974573705463,2.49562827006793E-7,1,0.999253354069792,40.0298881530762,2.00080609016178,19.0900005400181,0.00835119081073755,0.00153451125150417,0.25,4.27096585390503E-6,0.000734089618936505,9.6095675380222E-6,54.9389954,54.9728432,1999.70202636719,1999.70202636719,61.1569602301795,20.7774507425145,6.646428,0,0,0,40,4882,55.5783,1999.70202636719,,,,,,,,,,,,,0,,,,3.09703065,,,,,,54.9559193,,,,
,44271559.25,54.98209575,1999.70202636719,0.000732527669798854,2.53394736992262E-7,1,0.999253354069792,40.0298881530762,2.00082752051227,19.0799999982119,0.00834566661724357,0.00153679210477343,0.25,4.5492344398889E-6,0.000733644372827031,9.88404030266754E-6,54.9728432,54.9913483,1999.70202636719,1999.70202636719,61.4805544371411,20.7792990601979,6.646428,0,0,0,40,4882,55.5997,1999.70202636719,,,,,,,,,,,,,0,,,,3.1125,,,,,,54.98209575,,,,
,44271561.345,55.0093994,1999.70202636719,0.000732568252809653,3.0966859924726E-7,1,0.999253354069792,40.0298881530762,2.00079738866617,19.0799999982119,0.00834563787119235,0.00153944680117169,0.25,4.77708786982658E-6,0.000733690968508997,1.01108758153767E-5,55.0093994,55.0093994,1999.70202636719,1999.70202636719,61.9839232035258,20.7780546267906,7.019488,0,0,0,40,4882,55.6361,1999.70202636719,,,,,,,,,,,,,0,,,,3.1125,,,,,,55.0093994,,,,
,44271562.93,55.043663,1999.70202636719,0.000731999276038359,2.5225841442409E-7,1,0.999253354069792,40.0298881530762,2.00077419079417,19.0900005400181,0.00833917009784414,0.00153795942367932,0.25,4.74957439243719E-6,0.000733126191036412,1.00780641965819E-5,55.043663,55.043663,1999.70202636719,1999.70202636719,61.6423515406219,20.7784016172275,6.646428,0,0,0,40,4882,55.6603,1999.70202636719,,,,,,,,,,,,,0,,,,3.1125,,,,,,55.043663,,,,
,44271563.715,55.0520382,1999.70202636719,0.000731866065463132,2.7701258838047E-7,1,0.999253354069792,40.0298881530762,2.00084737424842,19.0900005400181,0.00833851515942444,0.00153468120243438,0.25,4.48126684048058E-6,0.000732997258807763,9.80779996474267E-6,55.043663,55.0604134,1999.70202636719,1999.70202636719,61.9018522090066,20.779806258859,6.646428,0,0,0,40,4882,55.67245,1999.70202636719,,,,,,,,,,,,,0,,,,3.09703065,,,,,,55.0520382,,,,
,44271564.995,55.06978035,1999.70202636719,0.00073161833600433,3.18509071583179E-7,1,0.999253354069792,40.0298881530762,2.00077546812318,19.0900005400181,0.00833473707080254,0.00153821490298344,0.25,4.83998702903378E-6,0.000732751593702695,1.01641640084206E-5,55.0604134,55.0791473,1999.70202636719,1999.70202636719,61.8479198411796,20.777064165827,6.646428,0,0,0,40,4882,55.69675,1999.70202636719,,,,,,,,,,,,,0,,,,3.0815613,,,,,,55.06978035,,,,
,44271566.19,55.08771705,1999.70202636719,0.000731392262179684,2.34166217190261E-7,1,0.999253354069792,40.0298881530762,2.0007500426672,19.0900005400181,0.00833200157124074,0.00153833526127185,0.25,4.89258239865857E-6,0.000732529039750352,1.02142426684964E-5,55.0791473,55.0962868,1999.70202636719,1999.70202636719,61.9464050346027,20.7779647852562,6.646428,0,0,0,40,4882,55.71735,1999.70202636719,,,,,,,,,,,,,0,,,,3.0815613,,,,,,55.08771705,,,,
,44271567.395,55.1133423,1999.70202636719,0.000730820186992794,2.41926922033314E-7,1,0.999253354069792,40.0298881530762,2.00084378787251,19.0900005400181,0.00832704730305854,0.0015307340400478,0.25,4.32203647863257E-6,0.000731963776492024,9.63779212989586E-6,55.0962868,55.1303978,1999.70202636719,1999.70202636719,61.7009736795642,20.7783135750264,6.646428,0,0,0,40,4882,55.73515,1999.70202636719,,,,,,,,,,,,,0,,,,3.0815613,,,,,,55.1133423,,,,
,44271569.385,55.1472092,1999.70202636719,0.000730722208081197,2.45726893872815E-7,1,0.999253354069792,40.0298881530762,2.00077669578143,19.0799999982119,0.00832516154118011,0.00153376996644133,0.25,4.61031431305295E-6,0.000731870471983746,9.92423883198201E-6,55.1472092,55.1472092,1999.70202636719,1999.70202636719,62.0347290572758,20.7775802544995,7.019488,0,0,0,40,4882,55.7689,1999.70202636719,,,,,,,,,,,,,0,,,,3.1125,,,,,,55.1472092,,,,
,44271570.905,55.162426,1999.70202636719,0.000731025826207079,2.54877006230002E-7,1,0.999253354069792,40.0298881530762,2.00075760307028,19.0900005400181,0.00832869807081552,0.00153388059228948,0.25,4.56756959633424E-6,0.0007321801755957,9.88243798782603E-6,55.162426,55.162426,1999.70202636719,1999.70202636719,61.6650187676796,20.7780542468299,6.646428,0,0,0,40,4882,55.7942,1999.70202636719,,,,,,,,,,,,,0,,,,3.0815613,,,,,,55.162426,,,,
,44271572.6,55.2005272,1999.70202636719,0.000730620914662153,2.72513668542239E-7,1,0.999253354069792,40.0298881530762,2.00090620242479,19.0900005400181,0.00832504522952658,0.0015314096220085,0.25,4.41374936798478E-6,0.000731781193360335,9.72413811076703E-6,55.2005272,55.2005272,1999.70202636719,1999.70202636719,61.3523673599873,20.7798388338832,6.646428,0,0,0,40,4882,55.8214,1999.70202636719,,,,,,,,,,,,,0,,,,3.0815613,,,,,,55.2005272,,,,
,44271573.28,55.2087326,1999.70202636719,0.000730491792376733,2.1875075094801E-7,1,0.999253354069792,40.0298881530762,2.00074903841641,19.0799999982119,0.00832238744277532,0.00153436509007105,0.25,4.70600562452242E-6,0.00073165228435313,1.00153534787357E-5,55.2005272,55.216938,1999.70202636719,1999.70202636719,61.8784033534296,20.7754252938638,6.646428,0,0,0,40,4882,55.83365,1999.70202636719,,,,,,,,,,,,,0,,,,3.0815613,,,,,,55.2087326,,,,
,44271574.405,55.2247982,1999.70202636719,0.000729746497032787,2.2323511771748E-7,1,0.999253354069792,40.0298881530762,2.00080615411204,19.0900005400181,0.00831447548962699,0.0015311099367522,0.25,4.54964767160979E-6,0.000730910772857272,9.85243711985929E-6,55.216938,55.2326584,1999.70202636719,1999.70202636719,61.842448441545,20.7791588054744,6.646428,0,0,0,40,4882,55.85245,1999.70202636719,,,,,,,,,,,,,0,,,,3.09703065,,,,,,55.2247982,,,,
,44271576.355,55.2497864,1999.70202636719,0.000729609323748835,2.07599740167362E-7,1,0.999253354069792,40.0298881530762,2.00078806045802,19.0900005400181,0.00831294972676165,0.00153063252231964,0.25,4.53372845838145E-6,0.000730780089184893,9.83396961783333E-6,55.2497864,55.2497864,1999.70202636719,1999.70202636719,61.750997904795,20.779024975418,6.646428,0,0,0,40,4882,55.88445,1999.70202636719,,,,,,,,,,,,,0,,,,3.1125,,,,,,55.2497864,,,,
,44271577.795,55.287693,1999.70202636719,0.000729110640836749,2.84863027960774E-7,1,0.999253354069792,40.0298881530762,2.00083137529049,19.0900005400181,0.00830784029948416,0.00152769460972305,0.25,4.36237627908296E-6,0.000730286887776274,9.65749715495948E-6,55.287693,55.287693,1999.70202636719,1999.70202636719,61.7494346477565,20.7796861873136,6.646428,0,0,0,40,4882,55.90985,1999.70202636719,,,,,,,,,,,,,0,,,,3.1125,,,,,,55.287693,,,,
,44271578.5,55.29624745,1999.70202636719,0.000729602672902658,2.88279319436537E-7,1,0.999253354069792,40.0298881530762,2.00073984716362,19.0900005400181,0.00831302642283838,0.0015291531090513,0.25,4.40880204115197E-6,0.000730781930036447,9.70697910388057E-6,55.287693,55.3048019,1999.70202636719,1999.70202636719,61.5493377468334,20.78050553102,6.646428,0,0,0,40,4882,55.9221,1999.70202636719,,,,,,,,,,,,,0,,,,3.1125,,,,,,55.29624745,,,,
,44271579.705,55.3142662,1999.70202636719,0.000729114818559444,3.08206519663197E-7,1,0.999253354069792,40.0298881530762,2.00081723471203,19.0900005400181,0.00830720529696253,0.00153161438697508,0.25,4.70656580785292E-6,0.000730294559076494,1.00008810813427E-5,55.3048019,55.3237305,1999.70202636719,1999.70202636719,62.048798370622,20.7781475167011,6.646428,0,0,0,40,4882,55.9391,1999.70202636719,,,,,,,,,,,,,0,,,,3.1125,,,,,,55.3142662,,,,
,44271581.72,55.3535728,1999.70202636719,0.000728615482631609,2.19486706212484E-7,1,0.999253354069792,40.0298881530762,2.00077115560842,19.0900005400181,0.00830154279873088,0.00152984983225898,0.25,4.64405558896952E-6,0.000729802314943349,9.93286554009257E-6,55.3535728,55.3535728,1999.70202636719,1999.70202636719,61.832287270795,20.778191788334,7.019488,0,0,0,40,4882,55.97595,1999.70202636719,,,,,,,,,,,,,0,,,,3.1125,,,,,,55.3535728,,,,
,44271582.415,55.36242675,1999.70202636719,0.000728377672578315,2.92660938508655E-7,1,0.999253354069792,40.0298881530762,2.00079877531131,19.0799999982119,0.00829932806261021,0.00152737922002792,0.25,4.46813392405454E-6,0.000729568092300356,9.75428779307085E-6,55.3535728,55.3712807,1999.70202636719,1999.70202636719,61.7799181600065,20.77835173814,7.019488,0,0,0,40,4882,55.9891,1999.70202636719,,,,,,,,,,,,,0,,,,3.1125,,,,,,55.36242675,,,,
,44271584.41,55.3872337,1999.70202636719,0.000728276549607634,2.77762609674388E-7,1,0.999253354069792,40.0298881530762,2.00081964867262,19.0900005400181,0.00829791120649722,0.00152956988254247,0.25,4.67726155143512E-6,0.000729471865994511,9.96147313420917E-6,55.3872337,55.3872337,1999.70202636719,1999.70202636719,61.618902685045,20.7796383539148,7.019488,0,0,0,40,4882,56.0212,1999.70202636719,,,,,,,,,,,,,0,,,,3.1125,,,,,,55.3872337,,,,
,44271585.13,55.3967857,1999.70202636719,0.000727840371331493,2.16157955944304E-7,1,0.999253354069792,40.0298881530762,2.00075767984321,19.0900005400181,0.00829275571884262,0.00152844337522081,0.25,4.66013708202396E-6,0.000729037593939932,9.94055997774738E-6,55.3872337,55.4063377,1999.70202636719,1999.70202636719,61.8158730718912,20.7790319573077,7.019488,0,0,0,40,4882,56.0335,1999.70202636719,,,,,,,,,,,,,0,,,,3.09703065,,,,,,55.3967857,,,,
,44271586.46,55.4238262,1999.70202636719,0.000728060492983879,2.61594994751465E-7,1,0.999253354069792,40.0298881530762,2.00077047399486,19.0900005400181,0.00829611942527572,0.00152471171060803,0.25,4.29342146823911E-6,0.000729265715613555,9.57360960283032E-6,55.4063377,55.4413147,1999.70202636719,1999.70202636719,61.5149460919873,20.7797473343146,6.646428,0,0,0,40,4882,56.05815,1999.70202636719,,,,,,,,,,,,,0,,,,3.0815613,,,,,,55.4238262,,,,
,44271587.705,55.45137405,1999.70202636719,0.000727368869734234,2.90378840325311E-7,1,0.999253354069792,40.0298881530762,2.00080562787512,19.0900005400181,0.00828714937159817,0.00153048591919409,0.25,4.92061096784821E-6,0.00072857273156858,1.01957863675547E-5,55.4413147,55.4614334,1999.70202636719,1999.70202636719,61.6884676232565,20.7782626765061,6.646428,0,0,0,40,4882,56.07995,1999.70202636719,,,,,,,,,,,,,0,,,,3.09703065,,,,,,55.45137405,,,,
,44271589.69,55.4794235,1999.70202636719,0.000727313666130488,2.7070093247096E-7,1,0.999253354069792,40.0298881530762,2.00081805072608,19.0900005400181,0.00828759775744074,0.00152497131331942,0.25,4.44661404921431E-6,0.000728526618374366,9.71917929341171E-6,55.4794235,55.4794235,1999.70202636719,1999.70202636719,62.0902246821412,20.7766982722429,7.019488,0,0,0,40,4882,56.1084,1999.70202636719,,,,,,,,,,,,,0,,,,3.1125,,,,,,55.4794235,,,,
,44271590.365,55.4884586,1999.70202636719,0.00072712447175734,2.42544835270512E-7,1,0.999253354069792,40.0298881530762,2.00084390645607,19.0900005400181,0.00828511547186426,0.00152715777968973,0.25,4.67042606641596E-6,0.000728337803562682,9.94144229362599E-6,55.4794235,55.4974937,1999.70202636719,1999.70202636719,61.8987256949296,20.7781589394839,6.646428,0,0,0,40,4882,56.1198,1999.70202636719,,,,,,,,,,,,,0,,,,3.1125,,,,,,55.4884586,,,,
,44271591.615,55.5135078,1999.70202636719,0.000727059892810154,2.3175121834742E-7,1,0.999253354069792,40.0298881530762,2.00074607134643,19.0900005400181,0.00828423458825574,0.00152587181920593,0.25,4.57572424197102E-6,0.000728277977388402,9.84507511392204E-6,55.4974937,55.5295219,1999.70202636719,1999.70202636719,61.7564693044296,20.7808212847384,6.646428,0,0,0,40,4882,56.1407,1999.70202636719,,,,,,,,,,,,,0,,,,3.1125,,,,,,55.5135078,,,,
,44271592.845,55.53744695,1999.70202636719,0.000726693485998286,2.87135567079739E-7,1,0.999253354069792,40.0298881530762,2.00075483707974,19.0799999982119,0.00828021965288539,0.00152469199158181,0.25,4.53718080447501E-6,0.000727915591989819,9.80273086223573E-6,55.5295219,55.545372,1999.70202636719,1999.70202636719,61.964382490545,20.7789040157602,6.646428,0,0,0,40,4882,56.1625,1999.70202636719,,,,,,,,,,,,,0,,,,3.1125,,,,,,55.53744695,,,,
,44271594.04,55.55449865,1999.70202636719,0.000726397677806992,2.61460248112627E-7,1,0.999253354069792,40.0298881530762,2.00076030370656,19.0900005400181,0.00827755772953723,0.00152051485532833,0.25,4.22355251556796E-6,0.000727626184471311,9.48528387832666E-6,55.545372,55.5636253,1999.70202636719,1999.70202636719,61.8135281863335,20.7787295992389,6.646428,0,0,0,40,4882,56.1853,1999.70202636719,,,,,,,,,,,,,0,,,,3.1125,,,,,,55.55449865,,,,
,44271595.235,55.57258225,1999.70202636719,0.000726603668407259,2.58689928502631E-7,1,0.999253354069792,40.0298881530762,2.00075818295176,19.0900005400181,0.00827875348795142,0.00152764513301608,0.25,4.81246689875834E-6,0.000727832314434029,1.00757112454541E-5,55.5636253,55.5815392,1999.70202636719,1999.70202636719,61.9112317512373,20.7766641198518,7.019488,0,0,0,40,4882,56.2053,1999.70202636719,,,,,,,,,,,,,0,,,,3.1125,,,,,,55.57258225,,,,
,44271596.46,55.5896111,1999.70202636719,0.000726132723457962,3.04281988653166E-7,1,0.999253354069792,40.0298881530762,2.00077259425333,19.0900005400181,0.00827396677109277,0.00152400585328428,0.25,4.57652246074127E-6,0.000727366503131191,9.83490181810375E-6,55.5815392,55.597683,1999.70202636719,1999.70202636719,61.700192051045,20.7785120719101,6.646428,0,0,0,40,4882,56.22625,1999.70202636719,,,,,,,,,,,,,0,,,,3.1125,,,,,,55.5896111,,,,
,44271597.67,55.60553745,1999.70202636719,0.000725456094263239,2.40150463930778E-7,1,0.999253354069792,40.0298881530762,2.00075436473726,19.0900005400181,0.00826613220981706,0.00152315087647095,0.25,4.62328456435044E-6,0.000726692604979588,9.87580246047983E-6,55.597683,55.6133919,1999.70202636719,1999.70202636719,61.5079114353142,20.7779926745391,6.646428,0,0,0,40,4882,56.2472,1999.70202636719,,,,,,,,,,,,,0,,,,3.1125,,,,,,55.60553745,,,,
,44271599.68,55.6470184,1999.70202636719,0.000725589228198366,2.1116119017126E-7,1,0.999253354069792,40.0298881530762,2.00071586857144,19.0900005400181,0.00826802849425607,0.00152083803670965,0.25,4.39986547672568E-6,0.000726833997119387,9.65131920465656E-6,55.6470184,55.6470184,1999.70202636719,1999.70202636719,61.6603289965642,20.7767423061229,6.646428,0,0,0,40,4882,56.2796,1999.70202636719,,,,,,,,,,,,,0,,,,3.1125,,,,,,55.6470184,,,,
,44271601.095,55.6638985,1999.70202636719,0.000725473422355446,2.07841103140641E-7,1,0.999253354069792,40.0298881530762,2.0007866461353,19.0900005400181,0.00826671820017582,0.00152244042941697,0.25,4.5567548841064E-6,0.000726721076561391,9.8065909707395E-6,55.6638985,55.6638985,1999.70202636719,1999.70202636719,61.8072751581796,20.7768204027202,7.019488,0,0,0,40,4882,56.3005,1999.70202636719,,,,,,,,,,,,,0,,,,3.1125,,,,,,55.6638985,,,,
,44271602.65,55.69150735,1999.70202636719,0.000725118380465132,2.59927978463985E-7,1,0.999253354069792,40.0298881530762,2.00077594173838,19.0900005400181,0.00826256709461204,0.00152247454317454,0.25,4.62404088529425E-6,0.000726371445977665,9.86978719464435E-6,55.6813507,55.701664,1999.70202636719,1999.70202636719,61.6181210565257,20.7779371402176,7.019488,0,0,0,40,4882,56.3329,1999.70202636719,,,,,,,,,,,,,0,,,,3.0815613,,,,,,55.69150735,,,,
,44271604.195,55.7201042,1999.70202636719,0.000725041765014684,2.5995425265613E-7,1,0.999253354069792,40.0298881530762,2.00083928367345,19.0900005400181,0.00826206329812489,0.00152198194395633,0.25,4.59084690983773E-6,0.000726299456008934,9.8348136813E-6,55.7201042,55.7201042,1999.70202636719,1999.70202636719,61.568096831295,20.7788974066204,7.019488,0,0,0,40,4882,56.3558,1999.70202636719,,,,,,,,,,,,,0,,,,3.0815613,,,,,,55.7201042,,,,
,44271604.965,55.72925375,1999.70202636719,0.000724332254521023,2.31518412454931E-7,1,0.999253354069792,40.0298881530762,2.00079531089389,19.0900005400181,0.00825322411821186,0.00152381658475863,0.25,4.88063797615336E-6,0.000725587861669775,1.0119665750191E-5,55.7201042,55.7384033,1999.70202636719,1999.70202636719,61.7564693044296,20.7784751846904,6.646428,0,0,0,40,4882,56.3623,1999.70202636719,,,,,,,,,,,,,0,,,,3.09703065,,,,,,55.72925375,,,,
,44271606.22,55.7474861,1999.70202636719,0.00072460323503995,2.51970286260556E-7,1,0.999253354069792,40.0298881530762,2.00078000903786,19.0900005400181,0.00825694569795017,0.00152066856180626,0.25,4.55777905603074E-6,0.000725864681072293,9.7974059386679E-6,55.7384033,55.7565689,1999.70202636719,1999.70202636719,61.9784518038912,20.7781959995319,6.646428,0,0,0,40,4882,56.3776,1999.70202636719,,,,,,,,,,,,,0,,,,3.09703065,,,,,,55.7474861,,,,
,44271607.305,55.7652416,1999.70202636719,0.000724408624700838,2.427908673286E-7,1,0.999253354069792,40.0298881530762,2.00085665061009,19.0900005400181,0.00825529014752337,0.00151908337231762,0.25,4.4488525047295E-6,0.000725674088841553,9.6859600644642E-6,55.7565689,55.7739143,1999.70202636719,1999.70202636719,61.6282822272758,20.7798423785348,7.019488,0,0,0,40,4882,56.39555,1999.70202636719,,,,,,,,,,,,,0,,,,3.0815613,,,,,,55.7652416,,,,
,44271608.37,55.7814865,1999.70202636719,0.000724305460199559,2.75593617268513E-7,1,0.999253354069792,40.0298881530762,2.00077852789038,19.0900005400181,0.00825362791795844,0.00152018854825511,0.25,4.56947051723926E-6,0.000725575429214794,9.80464356611848E-6,55.7739143,55.7890587,1999.70202636719,1999.70202636719,62.126961222545,20.7783344096933,7.019488,0,0,0,40,4882,56.42295,1999.70202636719,,,,,,,,,,,,,0,,,,3.0815613,,,,,,55.7814865,,,,
,44271609.47,55.79846575,1999.70202636719,0.000723865216376146,2.42194339738369E-7,1,0.999253354069792,40.0298881530762,2.00081744899636,19.0900005400181,0.00824834613308564,0.00152200684696396,0.25,4.80506372117246E-6,0.000725138176437565,1.00360903170513E-5,55.7890587,55.8078728,1999.70202636719,1999.70202636719,61.8885645241796,20.7789046331471,6.646428,0,0,0,40,4882,56.45005,1999.70202636719,,,,,,,,,,,,,0,,,,3.0815613,,,,,,55.79846575,,,,
,44271610.515,55.81547165,1999.70202636719,0.000723326699927614,2.3961727284174E-7,1,0.999253354069792,40.0298881530762,2.00067698499939,19.0900005400181,0.00824228687324839,0.0015174736772955,0.25,4.51259780873964E-6,0.000724604379891975,9.73828116014752E-6,55.8078728,55.8230705,1999.70202636719,1999.70202636719,61.6157761709681,20.7754048249972,6.646428,0,0,0,40,4882,56.46805,1999.70202636719,,,,,,,,,,,,,0,,,,3.09703065,,,,,,55.81547165,,,,
,44271611.64,55.83245085,1999.70202636719,0.000723417241799939,2.83358447768091E-7,1,0.999253354069792,40.0298881530762,2.0007660980479,19.0900005400181,0.00824307980898483,0.00152116356488334,0.25,4.81450010578966E-6,0.000724694775755612,1.00408785647778E-5,55.8230705,55.8418312,1999.70202636719,1999.70202636719,61.7423999910835,20.7788108634225,7.019488,0,0,0,40,4882,56.4778,1999.70202636719,,,,,,,,,,,,,0,,,,3.09703065,,,,,,55.83245085,,,,
,44271612.845,55.8596039,1999.70202636719,0.000723181370766533,2.32679550825961E-7,1,0.999253354069792,40.0298881530762,2.00080235401275,19.0799999982119,0.0082414748607338,0.00151563826317947,0.25,4.37013473310129E-6,0.000724465290038889,9.59303970767279E-6,55.8418312,55.8773766,1999.70202636719,1999.70202636719,61.9378071208912,20.7779386060852,6.646428,0,0,0,40,4882,56.4964,1999.70202636719,,,,,,,,,,,,,0,,,,3.09703065,,,,,,55.8596039,,,,
,44271614.94,55.8927383,1999.70202636719,0.000723764724006771,2.76242568061795E-7,1,0.999253354069792,40.0298881530762,2.00077436231573,19.0900005400181,0.00824775159887748,0.00151878848452981,0.25,4.54505956206987E-6,0.000725055669603405,9.77059927194092E-6,55.8927383,55.8927383,1999.70202636719,1999.70202636719,61.6275005987565,20.7767786062591,6.646428,0,0,0,40,4882,56.5327,1999.70202636719,,,,,,,,,,,,,0,,,,3.1125,,,,,,55.8927383,,,,
,44271615.6,55.90188025,1999.70202636719,0.000722665073328227,2.48567666407418E-7,1,0.999253354069792,40.0298881530762,2.00079970916079,19.0900005400181,0.00823584068910795,0.00151368714682189,0.25,4.2918356341089E-6,0.000723957653328569,9.50850493643755E-6,55.8927383,55.9110222,1999.70202636719,1999.70202636719,61.7119164788334,20.7777774812791,6.646428,0,0,0,40,4882,56.5419,1999.70202636719,,,,,,,,,,,,,0,,,,3.1125,,,,,,55.90188025,,,,
,44271616.805,55.92642785,1999.70202636719,0.000723095780165119,3.11892810519726E-7,1,0.999253354069792,40.0298881530762,2.00068146467823,19.0900005400181,0.00824005923229833,0.00151601273917126,0.25,4.42699580183063E-6,0.000724391746944071,9.64605622163137E-6,55.9110222,55.9418335,1999.70202636719,1999.70202636719,61.8846563815835,20.7742607548909,6.646428,0,0,0,40,4882,56.56025,1999.70202636719,,,,,,,,,,,,,0,,,,3.1125,,,,,,55.92642785,,,,
,44271618.05,55.95080375,1999.70202636719,0.000722471348215645,2.76066346476299E-7,1,0.999253354069792,40.0298881530762,2.00080967289864,19.0900005400181,0.00823357983548367,0.0015142780581819,0.25,4.37812621041869E-6,0.000723770088764549,9.59163436554099E-6,55.9418335,55.959774,1999.70202636719,1999.70202636719,61.9221745505066,20.778202295072,7.019488,0,0,0,40,4882,56.5786,1999.70202636719,,,,,,,,,,,,,0,,,,3.1125,,,,,,55.95080375,,,,
,44271619.315,55.9682388,1999.70202636719,0.0007219839383862,2.3381339248263E-7,1,0.999253354069792,40.0298881530762,2.00074098177835,19.0900005400181,0.00822702042029581,0.00151771272052728,0.25,4.77062625307768E-6,0.000723284482521104,9.97990200891566E-6,55.959774,55.9767036,1999.70202636719,1999.70202636719,61.7728835033335,20.7774060045589,6.646428,0,0,0,40,4882,56.60615,1999.70202636719,,,,,,,,,,,,,0,,,,3.1125,,,,,,55.9682388,,,,
,44271620.595,55.98415375,1999.70202636719,0.000721812900401362,2.39415464931379E-7,1,0.999253354069792,40.0298881530762,2.00075727925486,19.0900005400181,0.00822622672982651,0.00151158644868478,0.25,4.26349715899945E-6,0.000723122316903074,9.46915132109018E-6,55.9767036,55.9916039,1999.70202636719,1999.70202636719,61.7838263026027,20.7764804227012,6.646428,0,0,0,40,4882,56.6337,1999.70202636719,,,,,,,,,,,,,0,,,,3.09703065,,,,,,55.98415375,,,,
,44271622.93,56.0260162,1999.70202636719,0.000721905803116326,2.51151224505505E-7,1,0.999253354069792,40.0298881530762,2.00082539510885,19.0900005400181,0.00822723619087546,0.00151396712934143,0.25,4.4519343225334E-6,0.00072321945838038,9.65711371022783E-6,56.0260162,56.0260162,1999.70202636719,1999.70202636719,61.4938421219681,20.7772044844763,7.019488,0,0,0,40,4882,56.6619,1999.70202636719,,,,,,,,,,,,,0,,,,3.09703065,,,,,,56.0260162,,,,
,44271623.565,56.0355091,1999.70202636719,0.000721668235514151,2.74712422066581E-7,1,0.999253354069792,40.0298881530762,2.00079360029456,19.0900005400181,0.00822453594948369,0.00151281986963463,0.25,4.39576310459625E-6,0.000722983596861172,9.59865552021824E-6,56.0260162,56.045002,1999.70202636719,1999.70202636719,61.8260342426412,20.7772779203875,6.646428,0,0,0,40,4882,56.6708,1999.70202636719,,,,,,,,,,,,,0,,,,3.09703065,,,,,,56.0355091,,,,
,44271624.65,56.05247115,1999.70202636719,0.000721539818323624,2.79423459440923E-7,1,0.999253354069792,40.0298881530762,2.00076428015582,19.0900005400181,0.00822279507523607,0.00151368091273445,0.25,4.49625332434313E-6,0.000722857794580502,9.69744552902862E-6,56.045002,56.0599403,1999.70202636719,1999.70202636719,61.4281853263527,20.7771820723453,7.019488,0,0,0,40,4882,56.68895,1999.70202636719,,,,,,,,,,,,,0,,,,3.0815613,,,,,,56.05247115,,,,
,44271625.785,56.0760326,1999.70202636719,0.000721219196298054,2.04505992246897E-7,1,0.999253354069792,40.0298881530762,2.00077569553093,19.0799999982119,0.00821877649758675,0.00151567824376853,0.25,4.72809255484889E-6,0.000722540318344201,9.92595510539002E-6,56.0599403,56.0921249,1999.70202636719,1999.70202636719,62.0573962843335,20.7789000941863,6.646428,0,0,0,40,4882,56.71635,1999.70202636719,,,,,,,,,,,,,0,,,,3.11265525,,,,,,56.0760326,,,,
,44271627.005,56.09956165,1999.70202636719,0.000720962601654316,2.45626998824682E-7,1,0.999253354069792,40.0298881530762,2.00075033304135,19.0900005400181,0.00821615258501135,0.00151323293850611,0.25,4.56149054943876E-6,0.00072228989874464,9.75571860496569E-6,56.0921249,56.1069984,1999.70202636719,1999.70202636719,62.140248907372,20.7790259836092,6.646428,0,0,0,40,4882,56.744,1999.70202636719,,,,,,,,,,,,,0,,,,3.11265525,,,,,,56.09956165,,,,
,44271628.09,56.11709785,1999.70202636719,0.000720959950309805,2.76784501896929E-7,1,0.999253354069792,40.0298881530762,2.00070644878766,19.0900005400181,0.00821632441116619,0.00151133125693482,0.25,4.39841656997667E-6,0.000722292037299086,9.59132949051967E-6,56.1069984,56.1271973,1999.70202636719,1999.70202636719,61.9112317512373,20.7769359371982,6.646428,0,0,0,40,4882,56.76245,1999.70202636719,,,,,,,,,,,,,0,,,,3.09703065,,,,,,56.11709785,,,,
,44271629.19,56.13518145,1999.70202636719,0.000720276291327544,2.6705790147067E-7,1,0.999253354069792,40.0298881530762,2.00076268701269,19.0900005400181,0.00820906555524686,0.00150829670376012,0.25,4.25054797868081E-6,0.000721609936347985,9.43775131678096E-6,56.1271973,56.1431656,1999.70202636719,1999.70202636719,61.6368801409873,20.775656739132,7.019488,0,0,0,40,4882,56.772,1999.70202636719,,,,,,,,,,,,,0,,,,3.09703065,,,,,,56.13518145,,,,
,44271631.25,56.158783,1999.70202636719,0.000720226069756877,2.36615694808197E-7,1,0.999253354069792,40.0298881530762,2.00080128277535,19.0900005400181,0.00820766777938309,0.00151420007017585,0.25,4.77519026670862E-6,0.000721563202975435,9.9610418180937E-6,56.158783,56.158783,1999.70202636719,1999.70202636719,61.7338020773719,20.7796571874286,6.646428,0,0,0,40,4882,56.809,1999.70202636719,,,,,,,,,,,,,0,,,,3.1437492,,,,,,56.158783,,,,
,44271631.885,56.169138,1999.70202636719,0.000719992651011299,2.86150863599378E-7,1,0.999253354069792,40.0298881530762,2.00077435587073,19.0900005400181,0.00820512659149375,0.00151266812868684,0.25,4.68444576870845E-6,0.000721333617220585,9.8674672885186E-6,56.158783,56.179493,1999.70202636719,1999.70202636719,61.5821661446411,20.7788471026009,7.019488,0,0,0,40,4882,56.8272,1999.70202636719,,,,,,,,,,,,,0,,,,3.1281246,,,,,,56.169138,,,,
,44271633.085,56.1947556,1999.70202636719,0.000719839697405041,2.95956357858172E-7,1,0.999253354069792,40.0298881530762,2.00077204739071,19.0900005400181,0.00820389484997476,0.00150965350909745,0.25,4.44794048717855E-6,0.000721185672950418,9.62839426400605E-6,56.179493,56.2100182,1999.70202636719,1999.70202636719,61.8862196386219,20.7770465637168,6.646428,0,0,0,40,4882,56.846,1999.70202636719,,,,,,,,,,,,,0,,,,3.09703065,,,,,,56.1947556,,,,
,44271634.34,56.22021295,1999.70202636719,0.000719712212932035,2.98361796853828E-7,1,0.999253354069792,40.0298881530762,2.00084714834376,19.0900005400181,0.00820306201690973,0.00150783429860182,0.25,4.30681481683542E-6,0.000721062507297748,9.48507608710624E-6,56.2100182,56.2304077,1999.70202636719,1999.70202636719,61.7861711881604,20.7775760497724,7.019488,0,0,0,40,4882,56.86455,1999.70202636719,,,,,,,,,,,,,0,,,,3.09703065,,,,,,56.22021295,,,,
,44271635.59,56.2381706,1999.70202636719,0.000719792921254076,2.27692276813476E-7,1,0.999253354069792,40.0298881530762,2.00074207312684,19.0900005400181,0.00820264803000039,0.00151336583289979,0.25,4.78430644085849E-6,0.000721143558157524,9.96305830659561E-6,56.2304077,56.2459335,1999.70202636719,1999.70202636719,61.9479682916412,20.7784603261713,6.646428,0,0,0,40,4882,56.8831,1999.70202636719,,,,,,,,,,,,,0,,,,3.09703065,,,,,,56.2381706,,,,
,44271637.545,56.2629929,1999.70202636719,0.000719421352579641,2.86383317435551E-7,1,0.999253354069792,40.0298881530762,2.00077823347943,19.0799999982119,0.00819935344761279,0.00150859822751895,0.25,4.43093480459001E-6,0.000720781139593491,9.60431893968759E-6,56.2629929,56.2629929,1999.70202636719,1999.70202636719,61.9526580627566,20.7787355947478,7.019488,0,0,0,40,4882,56.9202,1999.70202636719,,,,,,,,,,,,,0,,,,3.1125,,,,,,56.2629929,,,,
,44271638.145,56.27321625,1999.70202636719,0.000719328267341534,3.14984664810107E-7,1,0.999253354069792,40.0298881530762,2.00084291443891,19.0900005400181,0.00819826755762637,0.00151012981615618,0.25,4.57783240214834E-6,0.000720688617383726,9.75032473408451E-6,56.2629929,56.2834396,1999.70202636719,1999.70202636719,61.598580343545,20.7780455799074,6.646428,0,0,0,40,4882,56.9295,1999.70202636719,,,,,,,,,,,,,0,,,,3.1125,,,,,,56.27321625,,,,
,44271639.255,56.29071045,1999.70202636719,0.000719252954746581,2.37678878638237E-7,1,0.999253354069792,40.0298881530762,2.00084186397859,19.0900005400181,0.0081975236485055,0.00150954258616563,0.25,4.54021016359259E-6,0.000720617049715991,9.71107218378348E-6,56.2834396,56.2979813,1999.70202636719,1999.70202636719,61.649386197295,20.7796598438394,7.019488,0,0,0,40,4882,56.9481,1999.70202636719,,,,,,,,,,,,,0,,,,3.1125,,,,,,56.29071045,,,,
,44271640.47,56.3150444,1999.70202636719,0.000718825442077701,2.69364381096688E-7,1,0.999253354069792,40.0298881530762,2.00079061557389,19.0900005400181,0.00819245849584713,0.00150880252097733,0.25,4.55492751020523E-6,0.000720192153462708,9.72173054900551E-6,56.2979813,56.3321075,1999.70202636719,1999.70202636719,61.9448417775642,20.7792947875903,7.019488,0,0,0,40,4882,56.9667,1999.70202636719,,,,,,,,,,,,,0,,,,3.09703065,,,,,,56.3150444,,,,
,44271641.77,56.33875845,1999.70202636719,0.000718568464583773,2.54581049075922E-7,1,0.999253354069792,40.0298881530762,2.00081413312825,19.0900005400181,0.00818971834546756,0.00150796879729055,0.25,4.52643921736559E-6,0.000719938434333979,9.69032151680919E-6,56.3321075,56.3454094,1999.70202636719,1999.70202636719,61.2124558550449,20.7786832539184,6.646428,0,0,0,40,4882,56.9853,1999.70202636719,,,,,,,,,,,,,0,,,,3.0815613,,,,,,56.33875845,,,,
,44271642.995,56.35445595,1999.70202636719,0.000718209003156998,3.07243311145222E-7,1,0.999253354069792,40.0298881530762,2.00077487483524,19.0900005400181,0.00818560231022674,0.00150667216243816,0.25,4.47952104361488E-6,0.000719582232826172,9.63971061797299E-6,56.3454094,56.3635025,1999.70202636719,1999.70202636719,61.4985318930834,20.7778373698456,6.646428,0,0,0,40,4882,57.0039,1999.70202636719,,,,,,,,,,,,,0,,,,3.0815613,,,,,,56.35445595,,,,
,44271644.205,56.3715973,1999.70202636719,0.00071799286921457,3.32809359523796E-7,1,0.999253354069792,40.0298881530762,2.00081574689368,19.0900005400181,0.00818315466635075,0.00150729821449243,0.25,4.57062611778849E-6,0.000719368691277314,9.72840313870073E-6,56.3635025,56.3796921,1999.70202636719,1999.70202636719,61.5790396305642,20.7760624481604,6.646428,0,0,0,40,4882,57.0228,1999.70202636719,,,,,,,,,,,,,0,,,,3.09703065,,,,,,56.3715973,,,,
,44271646.265,56.4098015,1999.70202636719,0.000717846159072649,2.88090613736332E-7,1,0.999253354069792,40.0298881530762,2.0007328271427,19.0900005400181,0.00818092359253386,0.0015088543815495,0.25,4.73931014846333E-6,0.000719229494810549,9.89380994578088E-6,56.3989296,56.4206734,1999.70202636719,1999.70202636719,61.8408851845065,20.7777721075291,7.019488,0,0,0,40,4882,57.0691,1999.70202636719,,,,,,,,,,,,,0,,,,3.1125,,,,,,56.4098015,,,,
,44271646.935,56.42863655,1999.70202636719,0.00071794259895744,2.75770109901551E-7,1,0.999253354069792,40.0298881530762,2.00078661128106,19.0900005400181,0.00818284057438002,0.00150566260786124,0.25,4.43910278110899E-6,0.000719328161208978,9.59368212841648E-6,56.4206734,56.4365997,1999.70202636719,1999.70202636719,62.0949144532566,20.7798586033972,6.646428,0,0,0,40,4882,57.0694,1999.70202636719,,,,,,,,,,,,,0,,,,3.1125,,,,,,56.42863655,,,,
,44271648.995,56.4536209,1999.70202636719,0.000717328293578621,3.14352281713396E-7,1,0.999253354069792,40.0298881530762,2.00082644515255,19.0799999982119,0.00817619142701271,0.00150377406102758,0.25,4.38103083637661E-6,0.000718720375810026,9.52901596927153E-6,56.4536209,56.4536209,1999.70202636719,1999.70202636719,61.9081052371604,20.7790350812617,7.019488,0,0,0,40,4882,57.1068,1999.70202636719,,,,,,,,,,,,,0,,,,3.1437492,,,,,,56.4536209,,,,
,44271650.485,56.4883728,1999.70202636719,0.00071703972090444,3.0303193456218E-7,1,0.999253354069792,40.0298881530762,2.00089372131398,19.0900005400181,0.00817302828727142,0.00150432889473609,0.25,4.47733840286183E-6,0.000718435809199238,9.62189976693366E-6,56.4883728,56.4883728,1999.70202636719,1999.70202636719,62.0144067157758,20.7775209519965,7.019488,0,0,0,40,4882,57.13455,1999.70202636719,,,,,,,,,,,,,0,,,,3.1125,,,,,,56.4883728,,,,
,44271651.215,56.49630735,1999.70202636719,0.000716740203632475,3.20194019912066E-7,1,0.999253354069792,40.0298881530762,2.00082160235169,19.0900005400181,0.00816959531742256,0.00150229615464029,0.25,4.35713039840526E-6,0.000718138364793461,9.4987849839549E-6,56.4883728,56.5042419,1999.70202636719,1999.70202636719,61.6446964261796,20.7790256323534,7.019488,0,0,0,40,4882,57.1439,1999.70202636719,,,,,,,,,,,,,0,,,,3.09703065,,,,,,56.49630735,,,,
,44271652.395,56.51330185,1999.70202636719,0.000716674986204331,2.4499856917822E-7,1,0.999253354069792,40.0298881530762,2.00079306235141,19.0900005400181,0.00816858818007914,0.00150311701680136,0.25,4.44267852271903E-6,0.000718074187993551,9.58349634679982E-6,56.5042419,56.5223618,1999.70202636719,1999.70202636719,61.6017068576219,20.7773239282499,7.019488,0,0,0,40,4882,57.15355,1999.70202636719,,,,,,,,,,,,,0,,,,3.09703065,,,,,,56.51330185,,,,
,44271653.57,56.53024105,1999.70202636719,0.000716277187280077,3.47322374656271E-7,1,0.999253354069792,40.0298881530762,2.00080651449834,19.0900005400181,0.00816374573423489,0.00150468532013719,0.25,4.65056653282815E-6,0.000717679597304018,9.78738064192781E-6,56.5223618,56.5381203,1999.70202636719,1999.70202636719,61.994866002795,20.7793976952905,6.646428,0,0,0,40,4882,57.18165,1999.70202636719,,,,,,,,,,,,,0,,,,3.1125,,,,,,56.53024105,,,,
,44271654.805,56.5540123,1999.70202636719,0.000716347344073849,2.36489042406578E-7,1,0.999253354069792,40.0298881530762,2.00078477319078,19.0900005400181,0.00816489229724763,0.00150274175729545,0.25,4.46978756255105E-6,0.000717756550430552,9.60518055569457E-6,56.5381203,56.5699043,1999.70202636719,1999.70202636719,61.7963323589104,20.7792195244526,6.646428,0,0,0,40,4882,57.20945,1999.70202636719,,,,,,,,,,,,,0,,,,3.1125,,,,,,56.5540123,,,,
,44271656.825,56.5852013,1999.70202636719,0.000716302032676364,2.59724801277602E-7,1,0.999253354069792,40.0298881530762,2.00080542572354,19.0900005400181,0.00816390452334721,0.00150612069273002,0.25,4.77333179687504E-6,0.000717714332829986,9.90742692561379E-6,56.5852013,56.5852013,1999.70202636719,1999.70202636719,61.8901277812181,20.7781608140421,6.646428,0,0,0,40,4882,57.2376,1999.70202636719,,,,,,,,,,,,,0,,,,3.0815613,,,,,,56.5852013,,,,
,44271657.455,56.5946236,1999.70202636719,0.000716046878089924,1.93990737403353E-7,1,0.999253354069792,40.0298881530762,2.00075755574892,19.0900005400181,0.00816076151938459,0.00150594813200298,0.25,4.80676326439617E-6,0.00071746028029408,9.93855385871683E-6,56.5852013,56.6040459,1999.70202636719,1999.70202636719,61.8909094097373,20.7777042390625,7.019488,0,0,0,40,4882,57.2473,1999.70202636719,,,,,,,,,,,,,0,,,,3.0815613,,,,,,56.5946236,,,,
,44271658.56,56.6126957,1999.70202636719,0.000715511814075497,2.82060540486667E-7,1,0.999253354069792,40.0298881530762,2.00081021043973,19.0799999982119,0.00815584964745681,0.00149956948241293,0.25,4.33993596377497E-6,0.000716931068330646,9.46589247666221E-6,56.6040459,56.6213455,1999.70202636719,1999.70202636719,61.720514392545,20.7780504072486,6.646428,0,0,0,40,4882,57.2661,1999.70202636719,,,,,,,,,,,,,0,,,,3.09703065,,,,,,56.6126957,,,,
,44271660.485,56.6448536,1999.70202636719,0.000715076788076306,2.93437528877469E-7,1,0.999253354069792,40.0298881530762,2.00077508062565,19.0900005400181,0.00815032188870487,0.00150154164229156,0.25,4.59312046528485E-6,0.0007165005052092,9.71436797993957E-6,56.636364,56.6533432,1999.70202636719,1999.70202636719,61.7080083362373,20.7772947517071,7.019488,0,0,0,40,4882,57.3034,1999.70202636719,,,,,,,,,,,,,0,,,,3.1125,,,,,,56.6448536,,,,
,44271661.21,56.66158865,1999.70202636719,0.000715019118930815,2.86911263271278E-7,1,0.999253354069792,40.0298881530762,2.00077750877765,19.0900005400181,0.00814948523661634,0.00150259479306268,0.25,4.69573827332389E-6,0.00071644364591972,9.81626532905615E-6,56.6533432,56.6698341,1999.70202636719,1999.70202636719,61.7212960210642,20.7769872259892,7.019488,0,0,0,40,4882,57.3125,1999.70202636719,,,,,,,,,,,,,0,,,,3.1125,,,,,,56.66158865,,,,
,44271662.475,56.67825315,1999.70202636719,0.000715009461066934,3.23483971136633E-7,1,0.999253354069792,40.0298881530762,2.00074486353565,19.0900005400181,0.00815036127938272,0.00149652679146451,0.25,4.16818330499939E-6,0.000716441395379822,9.28647787864134E-6,56.6698341,56.6866722,1999.70202636719,1999.70202636719,61.5297970338527,20.7798448937356,6.646428,0,0,0,40,4882,57.3316,1999.70202636719,,,,,,,,,,,,,0,,,,3.1125,,,,,,56.67825315,,,,
,44271663.695,56.69577215,1999.70202636719,0.000714814139133511,1.99645271139268E-7,1,0.999253354069792,40.0298881530762,2.00074017128907,19.0900005400181,0.00814692490805447,0.00150318586085601,0.25,4.78741857982177E-6,0.000716246718266492,9.90397629891272E-6,56.6866722,56.7048721,1999.70202636719,1999.70202636719,62.0675574550835,20.7795581336993,6.646428,0,0,0,40,4882,57.35985,1999.70202636719,,,,,,,,,,,,,0,,,,3.1125,,,,,,56.69577215,,,,
,44271664.9,56.7127571,1999.70202636719,0.000714681534718482,2.90409574136362E-7,1,0.999253354069792,40.0298881530762,2.0007501434099,19.0900005400181,0.00814647850345669,0.00149737272654362,0.25,4.30137088286146E-6,0.000716120909527052,9.41490590569918E-6,56.7048721,56.7206421,1999.70202636719,1999.70202636719,61.7361469629296,20.7781937218048,6.646428,0,0,0,40,4882,57.3787,1999.70202636719,,,,,,,,,,,,,0,,,,3.09703065,,,,,,56.7127571,,,,
,44271666.115,56.7367821,1999.70202636719,0.000714831987601367,2.55312929890546E-7,1,0.999253354069792,40.0298881530762,2.00075980113219,19.0900005400181,0.00814760329503061,0.00150146189068574,0.25,4.63287993847958E-6,0.000716272832198509,9.74709177495696E-6,56.7206421,56.7529221,1999.70202636719,1999.70202636719,61.8135281863335,20.7784703421562,7.019488,0,0,0,40,4882,57.39755,1999.70202636719,,,,,,,,,,,,,0,,,,3.09703065,,,,,,56.7367821,,,,
,44271667.38,56.7616463,1999.70202636719,0.00071421178266346,2.35467060930367E-7,1,0.999253354069792,40.0298881530762,2.00075584155847,19.0900005400181,0.00814101716261264,0.00149770324823641,0.25,4.41458292484247E-6,0.000715658249549191,9.52230602729885E-6,56.7529221,56.7703705,1999.70202636719,1999.70202636719,61.5204174916219,20.7808465579644,7.019488,0,0,0,40,4882,57.4256,1999.70202636719,,,,,,,,,,,,,0,,,,3.1281246,,,,,,56.7616463,,,,
,44271668.64,56.77954485,1999.70202636719,0.000713630058424679,2.79353997237996E-7,1,0.999253354069792,40.0298881530762,2.00082974946785,19.0900005400181,0.00813483899000266,0.001495834989984,0.25,4.35003208471579E-6,0.000715079364964533,9.45238182925434E-6,56.7703705,56.7887192,1999.70202636719,1999.70202636719,61.6337536269103,20.7771097108325,6.646428,0,0,0,40,4882,57.4445,1999.70202636719,,,,,,,,,,,,,0,,,,3.11265525,,,,,,56.77954485,,,,
,44271669.89,56.79730415,1999.70202636719,0.000713734233806401,2.5279206541819E-7,1,0.999253354069792,40.0298881530762,2.00078902770641,19.0900005400181,0.00813592234855921,0.00149595923596005,0.25,4.34544005455878E-6,0.000715187371126459,9.44743438335816E-6,56.7887192,56.8058891,1999.70202636719,1999.70202636719,61.5227623771796,20.7800313391091,6.646428,0,0,0,40,4882,57.4634,1999.70202636719,,,,,,,,,,,,,0,,,,3.0815613,,,,,,56.79730415,,,,
,44271671.165,56.8223724,1999.70202636719,0.000713856307479711,2.86617795365235E-7,1,0.999253354069792,40.0298881530762,2.00075578026684,19.0900005400181,0.00813665249057103,0.00149942628066039,0.25,4.63016363646305E-6,0.000715311238306859,9.73251244566719E-6,56.8058891,56.8388557,1999.70202636719,1999.70202636719,61.8799666104681,20.7792735024309,7.019488,0,0,0,40,4882,57.4826,1999.70202636719,,,,,,,,,,,,,0,,,,3.09703065,,,,,,56.8223724,,,,
,44271673.305,56.8548355,1999.70202636719,0.000713204028206818,2.90178821086867E-7,1,0.999253354069792,40.0298881530762,2.0008195553107,19.0900005400181,0.00813033084196955,0.00149369789925641,0.25,4.2410008670186E-6,0.000714667569318565,9.3356901625981E-6,56.8548355,56.8548355,1999.70202636719,1999.70202636719,61.537613319045,20.7784381284937,6.646428,0,0,0,40,4882,57.5205,1999.70202636719,,,,,,,,,,,,,0,,,,3.1125,,,,,,56.8548355,,,,
,44271673.96,56.8650303,1999.70202636719,0.000713066900528163,2.80380579054127E-7,1,0.999253354069792,40.0298881530762,2.00076451414098,19.0900005400181,0.00812761004907927,0.00149880853390116,0.25,4.7168785799649E-6,0.000714528543258048,9.81103618910718E-6,56.8548355,56.8752251,1999.70202636719,1999.70202636719,62.2004343033527,20.7800384785493,6.273368,0,0,0,40,4882,57.53,1999.70202636719,,,,,,,,,,,,,0,,,,3.1125,,,,,,56.8650303,,,,
,44271675.1,56.88533975,1999.70202636719,0.000713194377758552,2.49397622081778E-7,1,0.999253354069792,40.0298881530762,2.00078000307276,19.0900005400181,0.00813001774142475,0.00149428339122753,0.25,4.29723068358724E-6,0.000714662833389635,9.39031506584781E-6,56.8752251,56.8954544,1999.70202636719,1999.70202636719,61.4743014089873,20.779128958267,7.019488,0,0,0,40,4882,57.54895,1999.70202636719,,,,,,,,,,,,,0,,,,3.1125,,,,,,56.88533975,,,,
,44271676.235,56.9033661,1999.70202636719,0.000712729641140297,2.20567968874691E-7,1,0.999253354069792,40.0298881530762,2.00077483825549,19.0900005400181,0.00812415816995431,0.00149659306671362,0.25,4.58296926101989E-6,0.000714198653377924,9.6722393748095E-6,56.8954544,56.9112778,1999.70202636719,1999.70202636719,61.8955991808527,20.7788546404248,6.646428,0,0,0,40,4882,57.5679,1999.70202636719,,,,,,,,,,,,,0,,,,3.1281246,,,,,,56.9033661,,,,
,44271678.255,56.93851665,1999.70202636719,0.000712521868461701,2.35355128468606E-7,1,0.999253354069792,40.0298881530762,2.00079565279875,19.0900005400181,0.0081220609142359,0.00149545504723359,0.25,4.5196183785119E-6,0.000713996300350209,9.60557674886843E-6,56.9296036,56.9474297,1999.70202636719,1999.70202636719,61.6071782572565,20.7798096459058,6.646428,0,0,0,40,4882,57.597,1999.70202636719,,,,,,,,,,,,,0,,,,3.1125,,,,,,56.93851665,,,,
,44271679.76,56.9639816,1999.70202636719,0.000712450117045467,2.65414154880379E-7,1,0.999253354069792,40.0298881530762,2.00079613766618,19.0900005400181,0.00812169798834829,0.00149321549225637,0.25,4.33704168504154E-6,0.000713932702223077,9.4199494757938E-6,56.9639816,56.9639816,1999.70202636719,1999.70202636719,61.7017553080835,20.7790668271555,7.019488,0,0,0,40,4882,57.6338,1999.70202636719,,,,,,,,,,,,,0,,,,3.1125,,,,,,56.9639816,,,,
,44271680.39,56.9717655,1999.70202636719,0.000712061126274297,2.66218141593973E-7,1,0.999253354069792,40.0298881530762,2.0007657491697,19.0900005400181,0.00811683473798504,0.0014941356247287,0.25,4.48866508319137E-6,0.000713541850343853,9.5690887229881E-6,56.9639816,56.9795494,1999.70202636719,1999.70202636719,61.9495315486796,20.7794773627391,6.646428,0,0,0,40,4882,57.6344,1999.70202636719,,,,,,,,,,,,,0,,,,3.1281246,,,,,,56.9717655,,,,
,44271681.57,56.9873657,1999.70202636719,0.000712282781263408,2.94469715713063E-7,1,0.999253354069792,40.0298881530762,2.00079347343103,19.0799999982119,0.00811950061998463,0.00149468128570193,0.25,4.49590456439337E-6,0.000713767582252119,9.57678722082038E-6,56.9795494,56.995182,1999.70202636719,1999.70202636719,61.8416668130258,20.7772683451899,7.019488,0,0,0,40,4882,57.65375,1999.70202636719,,,,,,,,,,,,,0,,,,3.1281246,,,,,,56.9873657,,,,
,44271682.86,57.0124092,1999.70202636719,0.000711451110140865,2.56129424941006E-7,1,0.999253354069792,40.0298881530762,2.00083238499093,19.0900005400181,0.00810962589226181,0.00149638058477316,0.25,4.79080981708734E-6,0.000712937348688441,9.86474206137971E-6,56.995182,57.0296364,1999.70202636719,1999.70202636719,61.8510463552566,20.7784922389855,7.019488,0,0,0,40,4882,57.682,1999.70202636719,,,,,,,,,,,,,0,,,,3.1281246,,,,,,57.0124092,,,,
,44271684.92,57.0462151,1999.70202636719,0.000711274670353885,2.80560775886136E-7,1,0.999253354069792,40.0298881530762,2.0008170816016,19.0900005400181,0.00810853561378798,0.00149083244992148,0.25,4.33773290437134E-6,0.000712769101847855,9.40773684710632E-6,57.0462151,57.0462151,1999.70202636719,1999.70202636719,61.8111833007758,20.778819171144,6.646428,0,0,0,40,4882,57.7109,1999.70202636719,,,,,,,,,,,,,0,,,,3.1281246,,,,,,57.0462151,,,,
,44271685.615,57.05586815,1999.70202636719,0.00071135300659485,2.5399985805413E-7,1,0.999253354069792,40.0298881530762,2.00078325126159,19.0900005400181,0.00810950878511887,0.00148990328391184,0.25,4.24476951207572E-6,0.000712850046848554,9.31456704468658E-6,57.0462151,57.0655212,1999.70202636719,1999.70202636719,61.6759615669488,20.7777189726786,6.646428,0,0,0,40,4882,57.72045,1999.70202636719,,,,,,,,,,,,,0,,,,3.1125,,,,,,57.05586815,,,,
,44271686.9,57.08273505,1999.70202636719,0.000710655223176094,2.58222048380386E-7,1,0.999253354069792,40.0298881530762,2.00091699679295,19.0900005400181,0.00810148687664742,0.00149204915639897,0.25,4.54891398432627E-6,0.000712152084434902,9.61327154611515E-6,57.0655212,57.0999489,1999.70202636719,1999.70202636719,61.8870012671412,20.7784692485313,7.019488,0,0,0,40,4882,57.73955,1999.70202636719,,,,,,,,,,,,,0,,,,3.1125,,,,,,57.08273505,,,,
,44271688.14,57.10826685,1999.70202636719,0.000710848864390948,2.66419021428097E-7,1,0.999253354069792,40.0298881530762,2.00081700814634,19.0799999982119,0.00810353933588759,0.00149131639622187,0.25,4.45708271940307E-6,0.000712350288929146,9.52148833917421E-6,57.0999489,57.1165848,1999.70202636719,1999.70202636719,61.7369285914488,20.7763116263727,6.646428,0,0,0,40,4882,57.75865,1999.70202636719,,,,,,,,,,,,,0,,,,3.1125,,,,,,57.10826685,,,,
,44271689.365,57.12443545,1999.70202636719,0.000710384665040744,2.48317137129707E-7,1,0.999253354069792,40.0298881530762,2.00081963101701,19.0900005400181,0.00809794878659266,0.00149232005822445,0.25,4.62780732008371E-6,0.000711887450913274,9.68814921771169E-6,57.1165848,57.1322861,1999.70202636719,1999.70202636719,61.463358609718,20.7786362948262,7.019488,0,0,0,40,4882,57.77775,1999.70202636719,,,,,,,,,,,,,0,,,,3.1125,,,,,,57.12443545,,,,
,44271690.615,57.13952255,1999.70202636719,0.000710323264054157,2.85953593219052E-7,1,0.999253354069792,40.0298881530762,2.00073504884488,19.0900005400181,0.00809841032997339,0.00148410886456122,0.25,3.92522898816053E-6,0.000711836297122059,8.98192865843551E-6,57.1322861,57.146759,1999.70202636719,1999.70202636719,61.5149460919873,20.7772276568819,7.019488,0,0,0,40,4882,57.8061,1999.70202636719,,,,,,,,,,,,,0,,,,3.1125,,,,,,57.13952255,,,,
,44271691.855,57.163578,1999.70202636719,0.000709536030190314,2.86053251117441E-7,1,0.999253354069792,40.0298881530762,2.00081710211121,19.0900005400181,0.00808789726953497,0.00149331248819235,0.25,4.86714886313252E-6,0.000711045962700413,9.91861024755581E-6,57.146759,57.180397,1999.70202636719,1999.70202636719,61.446162782295,20.7781471318743,6.646428,0,0,0,40,4882,57.8345,1999.70202636719,,,,,,,,,,,,,0,,,,3.1125,,,,,,57.163578,,,,
,44271693.115,57.18976975,1999.70202636719,0.000709798843672746,2.74689560734009E-7,1,0.999253354069792,40.0298881530762,2.00084274133567,19.0799999982119,0.00809161709222627,0.00149059162398656,0.25,4.58103703171053E-6,0.000711314859655456,9.63259945700659E-6,57.180397,57.1991425,1999.70202636719,1999.70202636719,61.7236409066219,20.7780036472844,6.646428,0,0,0,40,4882,57.85365,1999.70202636719,,,,,,,,,,,,,0,,,,3.1125,,,,,,57.18976975,,,,
,44271694.36,57.20822145,1999.70202636719,0.00070972184394749,2.94537868773263E-7,1,0.999253354069792,40.0298881530762,2.00088769262914,19.0799999982119,0.00809126968027034,0.00148856457324798,0.25,4.41460107152255E-6,0.000711240615316033,9.46466357387085E-6,57.1991425,57.2173004,1999.70202636719,1999.70202636719,61.8604258974873,20.7780282262005,6.646428,0,0,0,40,4882,57.8635,1999.70202636719,,,,,,,,,,,,,0,,,,3.1281246,,,,,,57.20822145,,,,
,44271695.62,57.2264385,1999.70202636719,0.000709387470227631,2.53767784345672E-7,1,0.999253354069792,40.0298881530762,2.000808681208,19.0900005400181,0.00808718795077878,0.00148785160875026,0.25,4.41695394979534E-6,0.000710909109537392,9.46348020964406E-6,57.2173004,57.2355766,1999.70202636719,1999.70202636719,62.0339474287566,20.776279780144,6.646428,0,0,0,40,4882,57.883,1999.70202636719,,,,,,,,,,,,,0,,,,3.1437492,,,,,,57.2264385,,,,
,44271697.83,57.2511787,1999.70202636719,0.000709138453816734,2.45120957214119E-7,1,0.999253354069792,40.0298881530762,2.00091549193948,19.0900005400181,0.00808463739749899,0.00148868748760644,0.25,4.52908886925858E-6,0.000710667707970474,9.57125205589215E-6,57.2511787,57.2511787,1999.70202636719,1999.70202636719,62.0839716539873,20.7784326593554,6.273368,0,0,0,40,4882,57.9304,1999.70202636719,,,,,,,,,,,,,0,,,,3.1125,,,,,,57.2511787,,,,
,44271699.29,57.28825,1999.70202636719,0.000708502443657488,2.78060903591478E-7,1,0.999253354069792,40.0298881530762,2.00088806687834,19.0900005400181,0.00807769729369894,0.00148509940743759,0.25,4.32968489173559E-6,0.000710033396169683,9.36626086386548E-6,57.28825,57.28825,1999.70202636719,1999.70202636719,61.8877828956604,20.7784221234172,6.646428,0,0,0,40,4882,57.9409,1999.70202636719,,,,,,,,,,,,,0,,,,3.1125,,,,,,57.28825,,,,
,44271699.93,57.29569245,1999.70202636719,0.000708632676879593,3.51482554398529E-7,1,0.999253354069792,40.0298881530762,2.00084504893717,19.0900005400181,0.00807879862724185,0.00148680736728674,0.25,4.4594019626211E-6,0.000710166590908966,9.49604819216178E-6,57.28825,57.3031349,1999.70202636719,1999.70202636719,61.7072267077181,20.7778891226353,7.019488,0,0,0,40,4882,57.95985,1999.70202636719,,,,,,,,,,,,,0,,,,3.1281246,,,,,,57.29569245,,,,
,44271701.195,57.31334685,1999.70202636719,0.000708715599089141,2.81430811963924E-7,1,0.999253354069792,40.0298881530762,2.00083574753133,19.0900005400181,0.00807980931621786,0.00148675853790032,0.25,4.44178882499766E-6,0.000710255172478257,9.47726214559123E-6,57.3031349,57.3235588,1999.70202636719,1999.70202636719,61.8033670155835,20.7778222316934,6.646428,0,0,0,40,4882,57.9884,1999.70202636719,,,,,,,,,,,,,0,,,,3.1437492,,,,,,57.31334685,,,,
,44271702.43,57.33161355,1999.70202636719,0.000708497160115329,2.29605934985472E-7,1,0.999253354069792,40.0298881530762,2.00081634464199,19.0900005400181,0.00807736975163287,0.00148581427158397,0.25,4.39959925300715E-6,0.000710040092313181,9.43226549866083E-6,57.3235588,57.3396683,1999.70202636719,1999.70202636719,62.0089353161412,20.7785807239249,7.019488,0,0,0,40,4882,58.00765,1999.70202636719,,,,,,,,,,,,,0,,,,3.1281246,,,,,,57.33161355,,,,
,44271704.515,57.3737144,1999.70202636719,0.000707916502009742,2.41514087151556E-7,1,0.999253354069792,40.0298881530762,2.00078216959668,19.0900005400181,0.00807108612611477,0.00148251706306665,0.25,4.21729980213762E-6,0.000709468199051782,9.24255906863228E-6,57.3737144,57.3737144,1999.70202636719,1999.70202636719,61.4508525534104,20.7756933573247,7.019488,0,0,0,40,4882,58.0552,1999.70202636719,,,,,,,,,,,,,0,,,,3.1281246,,,,,,57.3737144,,,,
,44271705.22,57.38274,1999.70202636719,0.000707833392933751,2.94452005626716E-7,1,0.999253354069792,40.0298881530762,2.00087190466015,19.0900005400181,0.00807024474371614,0.00148375212580156,0.25,4.3347466035961E-6,0.0007093841029212,9.35964188324363E-6,57.3737144,57.3917656,1999.70202636719,1999.70202636719,61.3992650711411,20.7771446073349,6.646428,0,0,0,40,4882,58.0558,1999.70202636719,,,,,,,,,,,,,0,,,,3.1125,,,,,,57.38274,,,,
,44271707.205,57.4059334,1999.70202636719,0.000707660462083676,2.65370323025709E-7,1,0.999253354069792,40.0298881530762,2.00081592336871,19.0900005400181,0.00806791674208877,0.00148462180723819,0.25,4.44622957159491E-6,0.000709217197845566,9.46780110131962E-6,57.4059334,57.4059334,1999.70202636719,1999.70202636719,62.0597411698912,20.7779426948686,7.019488,0,0,0,40,4882,58.0944,1999.70202636719,,,,,,,,,,,,,0,,,,3.1125,,,,,,57.4059334,,,,
,44271707.915,57.4229908,1999.70202636719,0.000707238116466058,2.9045718070016E-7,1,0.999253354069792,40.0298881530762,2.0008379394023,19.0900005400181,0.00806321034252554,0.00148372672764307,0.25,4.44172353587079E-6,0.000708795628389497,9.45970463520663E-6,57.4059334,57.4400482,1999.70202636719,1999.70202636719,62.1746405622181,20.777573873045,6.646428,0,0,0,40,4882,58.10405,1999.70202636719,,,,,,,,,,,,,0,,,,3.1125,,,,,,57.4229908,,,,
,44271709.125,57.4504738,1999.70202636719,0.000707479742341868,2.68059736223708E-7,1,0.999253354069792,40.0298881530762,2.00073411736052,19.0900005400181,0.00806527533354044,0.00148600439380386,0.25,4.60535787390497E-6,0.000709039729311634,9.62435135313229E-6,57.4400482,57.4608994,1999.70202636719,1999.70202636719,61.7439632481219,20.7774075631662,7.019488,0,0,0,40,4882,58.1215,1999.70202636719,,,,,,,,,,,,,0,,,,3.1281246,,,,,,57.4504738,,,,
,44271711.14,57.4742203,1999.70202636719,0.000706994780877771,2.73812269661745E-7,1,0.999253354069792,40.0298881530762,2.0007402845094,19.0900005400181,0.00806018743162278,0.00148301975581038,0.25,4.43048553964067E-6,0.000708560649708298,9.44375057180753E-6,57.4742203,57.4742203,1999.70202636719,1999.70202636719,61.7806997885258,20.7785947777399,7.019488,0,0,0,40,4882,58.1526,1999.70202636719,,,,,,,,,,,,,0,,,,3.1125,,,,,,57.4742203,,,,
,44271711.825,57.4838295,1999.70202636719,0.00070705549417937,2.46986678563575E-7,1,0.999253354069792,40.0298881530762,2.00080809026851,19.0900005400181,0.00806186540925256,0.00147927210328493,0.25,4.08757006480974E-6,0.000708626420762195,9.09966171873987E-6,57.4742203,57.4934387,1999.70202636719,1999.70202636719,61.5977987150258,20.778929648462,6.646428,0,0,0,40,4882,58.1661,1999.70202636719,,,,,,,,,,,,,0,,,,3.1125,,,,,,57.4838295,,,,
,44271713.89,57.5289383,1999.70202636719,0.000706263378391358,2.86332133079265E-7,1,0.999253354069792,40.0298881530762,2.00084976403331,19.0900005400181,0.00805277897737434,0.00147925241042525,0.25,4.22494409925299E-6,0.000707837603213737,9.22965522397843E-6,57.5289383,57.5289383,1999.70202636719,1999.70202636719,61.9706355186989,20.7787068574352,7.019488,0,0,0,40,4882,58.20005,1999.70202636719,,,,,,,,,,,,,0,,,,3.1125,,,,,,57.5289383,,,,
,44271714.57,57.53663065,1999.70202636719,0.000706222247515988,3.02035960637435E-7,1,0.999253354069792,40.0298881530762,2.00083732979406,19.0900005400181,0.00805228370672683,0.00147919179410809,0.25,4.22808078322252E-6,0.000707798698878606,9.23173011449423E-6,57.5289383,57.544323,1999.70202636719,1999.70202636719,61.6345352554296,20.778018631128,7.019488,0,0,0,40,4882,58.2127,1999.70202636719,,,,,,,,,,,,,0,,,,3.1125,,,,,,57.53663065,,,,
,44271715.785,57.5527363,1999.70202636719,0.000706150191314805,2.69733056570595E-7,1,0.999253354069792,40.0298881530762,2.00084576702274,19.0900005400181,0.00805097977290252,0.00148217988908028,0.25,4.50272915520058E-6,0.000707728076367906,9.50530276870387E-6,57.544323,57.5611496,1999.70202636719,1999.70202636719,61.9299908356989,20.7792231092243,7.019488,0,0,0,40,4882,58.23205,1999.70202636719,,,,,,,,,,,,,0,,,,3.1281246,,,,,,57.5527363,,,,
,44271717.43,57.58550645,1999.70202636719,0.000705465886082843,3.3138544527064E-7,1,0.999253354069792,40.0298881530762,2.00086733232399,19.0900005400181,0.00804323158593842,0.00148125404918324,0.25,4.54263068886815E-6,0.000707046971733068,9.53872502989044E-6,57.5611496,57.6098633,1999.70202636719,1999.70202636719,61.9933027457566,20.7775885978869,6.646428,0,0,0,40,4882,58.26015,1999.70202636719,,,,,,,,,,,,,0,,,,3.1281246,,,,,,57.58550645,,,,
,44271719.035,57.6172905,1999.70202636719,0.000705674863033769,2.48046643944498E-7,1,0.999253354069792,40.0298881530762,2.00078840353686,19.0900005400181,0.00804615085021955,0.00147723357574381,0.25,4.15902239342618E-6,0.000707264022489076,9.15402905352588E-6,57.6098633,57.6247177,1999.70202636719,1999.70202636719,61.5860742872373,20.7764526209178,6.646428,0,0,0,40,4882,58.2874,1999.70202636719,,,,,,,,,,,,,0,,,,3.1125,,,,,,57.6172905,,,,
,44271720.195,57.63358305,1999.70202636719,0.000705432786570454,2.77170753461716E-7,1,0.999253354069792,40.0298881530762,2.0007914358676,19.0900005400181,0.00804293647412057,0.00147957443702204,0.25,4.40746407304817E-6,0.000707022988168633,9.40018771163851E-6,57.6247177,57.6424484,1999.70202636719,1999.70202636719,61.791642587795,20.7787600961469,7.019488,0,0,0,40,4882,58.30585,1999.70202636719,,,,,,,,,,,,,0,,,,3.1281246,,,,,,57.63358305,,,,
,44271722.23,57.658802,1999.70202636719,0.000704984286322675,2.80848688364892E-7,1,0.999253354069792,40.0298881530762,2.0008218931939,19.0799999982119,0.00803845889587737,0.0014761284136712,0.25,4.18431803711721E-6,0.000706581084175012,9.17130309815837E-6,57.658802,57.658802,1999.70202636719,1999.70202636719,61.9518764342373,20.7796249180874,6.646428,0,0,0,40,4882,58.339,1999.70202636719,,,,,,,,,,,,,0,,,,3.1125,,,,,,57.658802,,,,
,44271723.845,57.6970673,1999.70202636719,0.000704927500754342,2.46229961209789E-7,1,0.999253354069792,40.0298881530762,2.00084093725613,19.0900005400181,0.00803812029719325,0.001475057105286,0.25,4.10036262831463E-6,0.000706530272915581,9.0848208484377E-6,57.6970673,57.6970673,1999.70202636719,1999.70202636719,61.5876375442758,20.7775595571724,6.646428,0,0,0,40,4882,58.37,1999.70202636719,,,,,,,,,,,,,0,,,,3.1437492,,,,,,57.6970673,,,,
,44271725.575,57.7132111,1999.70202636719,0.00070425715839581,2.1205694834158E-7,1,0.999253354069792,40.0298881530762,2.00078954765018,19.0900005400181,0.00803019349456851,0.00147442574986778,0.25,4.16801873802324E-6,0.000705862740336282,9.14625698406112E-6,57.7132111,57.7132111,1999.70202636719,1999.70202636719,61.7095715932758,20.7779536111182,6.646428,0,0,0,40,4882,58.3964,1999.70202636719,,,,,,,,,,,,,0,,,,3.1125,,,,,,57.7132111,,,,
,44271727.095,57.7517891,1999.70202636719,0.000704523866772717,3.10010975569941E-7,1,0.999253354069792,40.0298881530762,2.00078918398018,19.0900005400181,0.00803250669791994,0.00147940470015281,0.25,4.55781789355442E-6,0.000706132283536197,9.53708003276378E-6,57.7517891,57.7517891,1999.70202636719,1999.70202636719,61.7486530192373,20.7783591966636,6.646428,0,0,0,40,4882,58.4246,1999.70202636719,,,,,,,,,,,,,0,,,,3.1437492,,,,,,57.7517891,,,,
,44271728.6,57.767849,1999.70202636719,0.000704179812867806,2.44486977538973E-7,1,0.999253354069792,40.0298881530762,2.00074861385202,19.0900005400181,0.00802897378512142,0.00147585513068132,0.25,4.31112348203534E-6,0.000705793271199103,9.28597318390183E-6,57.767849,57.767849,1999.70202636719,1999.70202636719,61.7838263026027,20.7782322493999,7.019488,0,0,0,40,4882,58.44715,1999.70202636719,,,,,,,,,,,,,0,,,,3.1125,,,,,,57.767849,,,,
,44271729.28,57.7772789,1999.70202636719,0.000703888241459916,2.60367825405314E-7,1,0.999253354069792,40.0298881530762,2.00082155784608,19.0900005400181,0.00802555947188663,0.00147751188825165,0.25,4.50390241789165E-6,0.000705501785705986,9.47641058326396E-6,57.767849,57.7867088,1999.70202636719,1999.70202636719,61.7126981073527,20.7766839013816,6.646428,0,0,0,40,4882,58.4589,1999.70202636719,,,,,,,,,,,,,0,,,,3.1281246,,,,,,57.7772789,,,,
,44271730.485,57.79437065,1999.70202636719,0.000703803644696988,2.63358684072556E-7,1,0.999253354069792,40.0298881530762,2.00088354057699,19.0900005400181,0.00802510305978775,0.00147609381168948,0.25,4.39152730473325E-6,0.000705421492414177,9.36188715378529E-6,57.7867088,57.8020325,1999.70202636719,1999.70202636719,61.6790880810258,20.7770893845862,7.019488,0,0,0,40,4882,58.47945,1999.70202636719,,,,,,,,,,,,,0,,,,3.1281246,,,,,,57.79437065,,,,
,44271732.515,57.8385201,1999.70202636719,0.00070337502524996,2.25535036533198E-7,1,0.999253354069792,40.0298881530762,2.00078843578676,19.0900005400181,0.00801988385088821,0.00147533763754178,0.25,4.40830807832113E-6,0.000704997586619538,9.37359494245664E-6,57.8385201,57.8385201,1999.70202636719,1999.70202636719,61.8619891545258,20.7770035996315,6.646428,0,0,0,40,4882,58.5127,1999.70202636719,,,,,,,,,,,,,0,,,,3.1437492,,,,,,57.8385201,,,,
,44271734,57.8553276,1999.70202636719,0.00070306502499556,2.18436341660379E-7,1,0.999253354069792,40.0298881530762,2.00076214675595,19.0799999982119,0.0080163665379851,0.00147429875095398,0.25,4.37471679758227E-6,0.000704691525399666,9.3362014590556E-6,57.8553276,57.8553276,1999.70202636719,1999.70202636719,62.1386856503335,20.777088412177,6.646428,0,0,0,40,4882,58.53715,1999.70202636719,,,,,,,,,,,,,0,,,,3.1125,,,,,,57.8553276,,,,
,44271734.745,57.8627796,1999.70202636719,0.000702852925038112,2.28507885421978E-7,1,0.999253354069792,40.0298881530762,2.00077807772805,19.0900005400181,0.00801313968780495,0.00147894014826139,0.25,4.81846396115412E-6,0.000704478487210963,9.77857618221661E-6,57.8553276,57.8702316,1999.70202636719,1999.70202636719,61.8588626404489,20.7782042050535,7.019488,0,0,0,40,4882,58.55185,1999.70202636719,,,,,,,,,,,,,0,,,,3.1281246,,,,,,57.8627796,,,,
,44271736.93,57.9080353,1999.70202636719,0.000702735002825672,2.33845247528645E-7,1,0.999253354069792,40.0298881530762,2.00078493602746,19.0900005400181,0.00801278587083014,0.00147369654599886,0.25,4.38084395975903E-6,0.000704369937205862,9.33673051973793E-6,57.9080353,57.9080353,1999.70202636719,1999.70202636719,61.8737135823142,20.7775381881668,7.019488,0,0,0,40,4882,58.5892,1999.70202636719,,,,,,,,,,,,,0,,,,3.1437492,,,,,,57.9080353,,,,
,44271738.51,57.9245491,1999.70202636719,0.000702077690368114,2.64612589329379E-7,1,0.999253354069792,40.0298881530762,2.00076765254849,19.0900005400181,0.00800546360291618,0.00147124331298893,0.25,4.28441871153753E-6,0.000703716000096468,9.23395680031342E-6,57.9245491,57.9245491,1999.70202636719,1999.70202636719,62.0300392861604,20.7770997905845,7.019488,0,0,0,40,4882,58.6128,1999.70202636719,,,,,,,,,,,,,0,,,,3.1437492,,,,,,57.9245491,,,,
,44271739.22,57.94150545,1999.70202636719,0.000702112921937998,2.65151467068946E-7,1,0.999253354069792,40.0298881530762,2.00081107103105,19.0900005400181,0.0080062659215078,0.00147015769875762,0.25,4.1808000295792E-6,0.000703754088535901,9.12959017682852E-6,57.9245491,57.9584618,1999.70202636719,1999.70202636719,61.5493377468334,20.7784810240325,7.019488,0,0,0,40,4882,58.6246,1999.70202636719,,,,,,,,,,,,,0,,,,3.1437492,,,,,,57.94150545,,,,
,44271741.335,57.9788704,1999.70202636719,0.000701969737716668,2.62819042703719E-7,1,0.999253354069792,40.0298881530762,2.00073551337784,19.0900005400181,0.00800465042375332,0.00146852172508737,0.25,4.06877013812219E-6,0.000703617957098512,9.01391367475602E-6,57.9788704,57.9788704,1999.70202636719,1999.70202636719,62.1519733351604,20.7770509988483,7.019488,0,0,0,40,4882,58.6619,1999.70202636719,,,,,,,,,,,,,0,,,,3.1125,,,,,,57.9788704,,,,
,44271742.88,57.9982948,1999.70202636719,0.000701503819497264,2.70113804727273E-7,1,0.999253354069792,40.0298881530762,2.00081018282701,19.0900005400181,0.00800010951557902,0.00146516609523153,0.25,3.85380931661659E-6,0.000703157205633076,8.79346743849896E-6,57.9982948,57.9982948,1999.70202636719,1999.70202636719,61.4782095515834,20.7778462414212,7.019488,0,0,0,40,4882,58.6885,1999.70202636719,,,,,,,,,,,,,0,,,,3.1281246,,,,,,57.9982948,,,,
,44271743.575,58.0068073,1999.70202636719,0.000701341731281289,2.52681107585611E-7,1,0.999253354069792,40.0298881530762,2.000753684196,19.0799999982119,0.00799636195841403,0.00147442871657043,0.25,4.69788884492395E-6,0.000702991097604369,9.63761529630333E-6,57.9982948,58.0153198,1999.70202636719,1999.70202636719,61.7971139874296,20.7789421022865,7.019488,0,0,0,40,4882,58.7013,1999.70202636719,,,,,,,,,,,,,0,,,,3.1125,,,,,,58.0068073,,,,
,44271745.67,58.0540085,1999.70202636719,0.000701417208205725,2.49308752550676E-7,1,0.999253354069792,40.0298881530762,2.00081536213345,19.0900005400181,0.00799823899992792,0.00147060773044023,0.25,4.34713680397629E-6,0.000703075001966502,9.28441020691543E-6,58.0540085,58.0540085,1999.70202636719,1999.70202636719,61.7541244188719,20.7802289634951,7.019488,0,0,0,40,4882,58.7348,1999.70202636719,,,,,,,,,,,,,0,,,,3.1125,,,,,,58.0540085,,,,
,44271746.35,58.0619259,1999.70202636719,0.000701346525953034,2.27410132449469E-7,1,0.999253354069792,40.0298881530762,2.00080981268523,19.0900005400181,0.00799775470292307,0.00146867588062997,0.25,4.1912171983721E-6,0.000703007546298292,9.12679963220572E-6,58.0540085,58.0698433,1999.70202636719,1999.70202636719,61.7588141899873,20.7807146364146,6.646428,0,0,0,40,4882,58.7476,1999.70202636719,,,,,,,,,,,,,0,,,,3.1281246,,,,,,58.0619259,,,,
,44271747.62,58.07826425,1999.70202636719,0.000700746322234934,2.54003664002761E-7,1,0.999253354069792,40.0298881530762,2.00077961716889,19.0900005400181,0.00799115837625297,0.00146560892570807,0.25,4.03164590756676E-6,0.000702410893784912,8.96123458672262E-6,58.0698433,58.0866852,1999.70202636719,1999.70202636719,61.6431331691411,20.7792153049307,6.646428,0,0,0,40,4882,58.76935,1999.70202636719,,,,,,,,,,,,,0,,,,3.1281246,,,,,,58.07826425,,,,
,44271748.86,58.10352515,1999.70202636719,0.000700382957045715,2.70344453846961E-7,1,0.999253354069792,40.0298881530762,2.00078951341911,19.0799999982119,0.00798664838384462,0.00146738118737611,0.25,4.25152373500847E-6,0.000702048886075737,9.17770006672327E-6,58.0866852,58.1203651,1999.70202636719,1999.70202636719,62.0019006594681,20.7785765162779,6.646428,0,0,0,40,4882,58.79105,1999.70202636719,,,,,,,,,,,,,0,,,,3.1125,,,,,,58.10352515,,,,
,44271750.045,58.1305084,1999.70202636719,0.00070010690743448,2.52955853659765E-7,1,0.999253354069792,40.0298881530762,2.0007938075788,19.0900005400181,0.00798308400655394,0.00146949235195454,0.25,4.48593703497166E-6,0.00070177427179669,9.40935333691581E-6,58.1203651,58.1406517,1999.70202636719,1999.70202636719,62.0730288547181,20.780141879201,7.019488,0,0,0,40,4882,58.8127,1999.70202636719,,,,,,,,,,,,,0,,,,3.1281246,,,,,,58.1305084,,,,
,44271752.18,58.1576805,1999.70202636719,0.000700110901427342,2.41070549937851E-7,1,0.999253354069792,40.0298881530762,2.00068889898542,19.0799999982119,0.00798295784610308,0.00146853018359201,0.25,4.40848483176871E-6,0.000701784602133918,9.32963815105462E-6,58.1576805,58.1576805,1999.70202636719,1999.70202636719,62.2660910989681,20.7759673146576,7.019488,0,0,0,40,4882,58.8454,1999.70202636719,,,,,,,,,,,,,0,,,,3.1437492,,,,,,58.1576805,,,,
,44271753.665,58.1757545,1999.70202636719,0.000699900737515244,2.83334138695566E-7,1,0.999253354069792,40.0298881530762,2.00083891424872,19.0900005400181,0.007981963056569,0.00146378607006895,0.25,4.02184236236389E-6,0.000701580856331315,8.93904445014304E-6,58.1757545,58.1757545,1999.70202636719,1999.70202636719,61.2562270521219,20.7782825526098,7.019488,0,0,0,40,4882,58.8692,1999.70202636719,,,,,,,,,,,,,0,,,,3.1437492,,,,,,58.1757545,,,,
,44271755.235,58.2097549,1999.70202636719,0.000699836030726647,2.03250734148064E-7,1,0.999253354069792,40.0298881530762,2.00083590432005,19.0900005400181,0.00798031770680826,0.00146899034940831,0.25,4.49029351627908E-6,0.000701517139896803,9.40651854370616E-6,58.2097549,58.2097549,1999.70202636719,1999.70202636719,61.598580343545,20.7791331136192,7.019488,0,0,0,40,4882,58.895,1999.70202636719,,,,,,,,,,,,,0,,,,3.1437492,,,,,,58.2097549,,,,
,44271755.94,58.2185993,1999.70202636719,0.000699446766354382,2.64272274604181E-7,1,0.999253354069792,40.0298881530762,2.0008127934131,19.0900005400181,0.00797643886563466,0.00146464594042148,0.25,4.18064047935302E-6,0.00070113119903826,9.09260978339103E-6,58.2097549,58.2274437,1999.70202636719,1999.70202636719,61.8612075260065,20.7790921398173,6.646428,0,0,0,40,4882,58.9069,1999.70202636719,,,,,,,,,,,,,0,,,,3.1437492,,,,,,58.2185993,,,,
,44271757.155,58.2368698,1999.70202636719,0.000699313869797887,2.7011376032079E-7,1,0.999253354069792,40.0298881530762,2.00082625244971,19.0900005400181,0.00797543551828046,0.0014620195559131,0.25,3.97406705230932E-6,0.000701003074984772,8.88325086641808E-6,58.2274437,58.2462959,1999.70202636719,1999.70202636719,61.7877344451988,20.7805889315866,7.019488,0,0,0,40,4882,58.9277,1999.70202636719,,,,,,,,,,,,,0,,,,3.1437492,,,,,,58.2368698,,,,
,44271758.38,58.2546291,1999.70202636719,0.000699447944978382,2.48559003081829E-7,1,0.999253354069792,40.0298881530762,2.00089545299802,19.0900005400181,0.00797663893217093,0.00146591804053141,0.25,4.28829518313884E-6,0.000701139123935706,9.19777303981009E-6,58.2462959,58.2629623,1999.70202636719,1999.70202636719,61.4234955552373,20.7775842856988,7.019488,0,0,0,40,4882,58.94955,1999.70202636719,,,,,,,,,,,,,0,,,,3.1437492,,,,,,58.2546291,,,,
,44271759.63,58.2716293,1999.70202636719,0.000698742758101873,2.76577723040474E-7,1,0.999253354069792,40.0298881530762,2.00081201553345,19.0900005400181,0.00796828671800748,0.00146460006768703,0.25,4.30384110594489E-6,0.000700435938607108,9.20700047087971E-6,58.2629623,58.2802963,1999.70202636719,1999.70202636719,61.740836734045,20.7763293565396,7.019488,0,0,0,40,4882,58.9714,1999.70202636719,,,,,,,,,,,,,0,,,,3.1281246,,,,,,58.2716293,,,,
,44271761.795,58.3180046,1999.70202636719,0.000698876542014635,2.2624959754149E-7,1,0.999253354069792,40.0298881530762,2.00080743873586,19.0900005400181,0.00797021748500382,0.00146284110425662,0.25,4.127428235399E-6,0.000700576510613616,9.0290758669476E-6,58.3180046,58.3180046,1999.70202636719,1999.70202636719,61.5235440056988,20.7793712219271,6.646428,0,0,0,40,4882,59.0023,1999.70202636719,,,,,,,,,,,,,0,,,,3.1125,,,,,,58.3180046,,,,
,44271762.51,58.32538795,1999.70202636719,0.000698696471978624,2.1621987577751E-7,1,0.999253354069792,40.0298881530762,2.0007438011227,19.0900005400181,0.00796752490377981,0.0014648005709887,0.25,4.33532145344793E-6,0.000700396656940225,9.2354452303132E-6,58.3180046,58.3327713,1999.70202636719,1999.70202636719,61.8416668130258,20.7780326038089,6.646428,0,0,0,40,4882,59.01425,1999.70202636719,,,,,,,,,,,,,0,,,,3.1125,,,,,,58.32538795,,,,
,44271763.735,58.34223365,1999.70202636719,0.000697978658794185,1.94567453655358E-7,1,0.999253354069792,40.0298881530762,2.00075372401953,19.0900005400181,0.0079598165907755,0.00146107807759124,0.25,4.13677838036278E-6,0.000699682287235662,9.02996315781259E-6,58.3327713,58.351696,1999.70202636719,1999.70202636719,61.8033670155835,20.7783099954716,6.646428,0,0,0,40,4882,59.0361,1999.70202636719,,,,,,,,,,,,,0,,,,3.1281246,,,,,,58.34223365,,,,
,44271764.95,58.3681984,1999.70202636719,0.000698018178614444,2.51367275237513E-7,1,0.999253354069792,40.0298881530762,2.00072515844045,19.0900005400181,0.0079593154760748,0.00146614283176328,0.25,4.57595114981314E-6,0.000699722585648966,9.46907396374303E-6,58.351696,58.3847008,1999.70202636719,1999.70202636719,61.8330688993142,20.7799166222136,7.019488,0,0,0,40,4882,59.058,1999.70202636719,,,,,,,,,,,,,0,,,,3.1281246,,,,,,58.3681984,,,,
,44271781.95,58.6374969,1999.70202636719,,,2,,,,19.0860003618002,,,,,,,58.6374969,58.6374969,1999.70202636719,1999.70202636719,,,6.646428,,,,-99999999,4882,59.3541,1999.70202636719,,,,,,,,,,,,,,,,,,,,,,,58.6374969,,,,
touchdown = 14.4800003618002 mm,44271795.765,58.8714943,1999.70202636719,0.000693956314060515,2.31011359216775E-7,1,0.999253354069792,40.0298881530762,2.00079978991371,19.0799999982119,0.00791513300637315,0.00145314610806365,0.25,4.17326841651057E-6,0.000695743180774851,9.00208938462991E-6,58.8714943,58.8714943,1999.70202636719,1999.70202636719,61.6603289965642,20.7771869377325,6.646428,0,0,0,40,4882,59.5847,1999.70202636719,,,,,,,,,,,,,0,,,,3.1437492,,,,,,58.8714943,,,,
,44271796.445,58.88044165,1999.70202636719,0.000693485848618178,2.08914463201053E-7,1,0.999253354069792,40.0298881530762,2.00079415644015,19.0799999982119,0.00790917630035287,0.00145536943656002,0.25,4.45182306707927E-6,0.000695269581311813,9.27806179157681E-6,58.8714943,58.889389,1999.70202636719,1999.70202636719,61.517290977545,20.7775219845037,6.646428,0,0,0,40,4882,59.58535,1999.70202636719,,,,,,,,,,,,,0,,,,3.1281246,,,,,,58.88044165,,,,
,44271797.615,58.90437505,1999.70202636719,0.000693636801557191,2.47181789449034E-7,1,0.999253354069792,40.0298881530762,2.00081542225986,19.0799999982119,0.00791128469943197,0.001454183463988,0.25,4.32064821612519E-6,0.000695425044082842,9.14628546142582E-6,58.889389,58.9193611,1999.70202636719,1999.70202636719,61.7416183625642,20.7768655726174,6.646428,0,0,0,40,4882,59.6047,1999.70202636719,,,,,,,,,,,,,0,,,,3.1125,,,,,,58.90437505,,,,
,44271799.65,58.9350967,1999.70202636719,0.000693408621470857,2.72840480013068E-7,1,0.999253354069792,40.0298881530762,2.0008642153492,19.0799999982119,0.00790881643321072,0.00145466792204685,0.25,4.40278359670188E-6,0.000695205543106579,9.22318172856657E-6,58.9350967,58.9350967,1999.70202636719,1999.70202636719,61.842448441545,20.7786812770274,6.646428,0,0,0,40,4882,59.662,1999.70202636719,,,,,,,,,,,,,0,,,,3.1437492,,,,,,58.9350967,,,,
,44271800.29,58.9443531,1999.70202636719,0.000693334136200646,2.89667111257382E-7,1,0.999253354069792,40.0298881530762,2.00078073317519,19.0799999982119,0.00790807195611583,0.00145208751109203,0.25,4.19509234648204E-6,0.000695132267571966,9.01440512880512E-6,58.9350967,58.9536095,1999.70202636719,1999.70202636719,61.3742529585257,20.7768937739385,6.646428,0,0,0,40,4882,59.6623,1999.70202636719,,,,,,,,,,,,,0,,,,3.1281246,,,,,,58.9443531,,,,
,44271801.42,58.96328355,1999.70202636719,0.000693306561326953,2.38442825486964E-7,1,0.999253354069792,40.0298881530762,2.00082768253396,19.0699994564056,0.00790830178965886,0.00145020344859712,0.25,4.03289927591501E-6,0.000695108982638234,8.85028026655728E-6,58.9536095,58.9729576,1999.70202636719,1999.70202636719,61.9917394887181,20.7767323699234,6.646428,0,0,0,40,4882,59.68165,1999.70202636719,,,,,,,,,,,,,0,,,,3.1281246,,,,,,58.96328355,,,,
,44271802.56,58.9805412,1999.70202636719,0.000692938850735812,2.39906114764408E-7,1,0.999253354069792,40.0298881530762,2.00086355074078,19.0699994564056,0.00790438227699595,0.00144888846241827,0.25,3.9815618584268E-6,0.000694743958951281,8.79492346187953E-6,58.9729576,58.9881248,1999.70202636719,1999.70202636719,61.618902685045,20.7782558439784,7.019488,0,0,0,40,4882,59.7013,1999.70202636719,,,,,,,,,,,,,0,,,,3.1281246,,,,,,58.9805412,,,,
,44271804.6,59.0208244,1999.70202636719,0.000692502835512477,2.52284912677229E-7,1,0.999253354069792,40.0298881530762,2.00083738032319,19.0799999982119,0.0078980700899009,0.00145536961622641,0.25,4.6295875568405E-6,0.000694308644155054,9.43904853250939E-6,59.0208244,59.0208244,1999.70202636719,1999.70202636719,61.6431331691411,20.7776182841399,7.019488,0,0,0,40,4882,59.7395,1999.70202636719,,,,,,,,,,,,,0,,,,3.1437492,,,,,,59.0208244,,,,
,44271806.135,59.0375671,1999.70202636719,0.000692614682143989,2.8036326417545E-7,1,0.999253354069792,40.0298881530762,2.00085908631882,19.0799999982119,0.00789992849586576,0.00145279757886041,0.25,4.38326086498877E-6,0.000694422547115778,9.19275933057474E-6,59.0375671,59.0375671,1999.70202636719,1999.70202636719,61.5180726060642,20.7762926107705,6.646428,0,0,0,40,4882,59.7407,1999.70202636719,,,,,,,,,,,,,0,,,,3.1437492,,,,,,59.0375671,,,,
,44271806.82,59.0470047,1999.70202636719,0.00069236384275755,2.47858932662785E-7,1,0.999253354069792,40.0298881530762,2.00083580058538,19.0799999982119,0.00789760662395427,0.00144893413976534,0.25,4.09154721862307E-6,0.000694176277504162,8.89725457204782E-6,59.0375671,59.0564423,1999.70202636719,1999.70202636719,61.7252041636604,20.7775952856101,6.646428,0,0,0,40,4882,59.7595,1999.70202636719,,,,,,,,,,,,,0,,,,3.1281246,,,,,,59.0470047,,,,
,44271807.96,59.0665703,1999.70202636719,0.000692155094440281,2.51824432367982E-7,1,0.999253354069792,40.0298881530762,2.00087554001498,19.0799999982119,0.00789530339157609,0.00144924913256521,0.25,4.15488799525719E-6,0.000693971405586679,8.95735572661607E-6,59.0564423,59.0766983,1999.70202636719,1999.70202636719,61.6509494543335,20.7753307179111,6.646428,0,0,0,40,4882,59.7883,1999.70202636719,,,,,,,,,,,,,0,,,,3.1281246,,,,,,59.0665703,,,,
,44271809.055,59.08441545,1999.70202636719,0.000692018273504761,2.67483855195879E-7,1,0.999253354069792,40.0298881530762,2.00086598735907,19.0799999982119,0.00789378985681189,0.00144870125321339,0.25,4.13252474661242E-6,0.000693837606978687,8.93266136871032E-6,59.0766983,59.0921326,1999.70202636719,1999.70202636719,61.3609652736988,20.7782184164695,6.646428,0,0,0,40,4882,59.8077,1999.70202636719,,,,,,,,,,,,,0,,,,3.1437492,,,,,,59.08441545,,,,
,44271810.26,59.1013737,1999.70202636719,0.000691763967830997,2.5675854459234E-7,1,0.999253354069792,40.0298881530762,2.00081725905444,19.0799999982119,0.00789061019932831,0.00144878044958065,0.25,4.18791863614576E-6,0.000693583830079961,8.98575938857205E-6,59.0921326,59.1106148,1999.70202636719,1999.70202636719,61.8330688993142,20.777966519515,7.019488,0,0,0,40,4882,59.8177,1999.70202636719,,,,,,,,,,,,,0,,,,3.1281246,,,,,,59.1013737,,,,
,44271812.4,59.1483078,1999.70202636719,0.00069172947946349,2.20629550533812E-7,1,0.999253354069792,40.0298881530762,2.00081341122439,19.0799999982119,0.00789044786195661,0.00144774485952959,0.25,4.10516465617007E-6,0.000693556235891461,8.89986232181977E-6,59.1483078,59.1483078,1999.70202636719,1999.70202636719,61.7924242163142,20.7772141996062,6.646428,0,0,0,40,4882,59.8569,1999.70202636719,,,,,,,,,,,,,0,,,,3.1281246,,,,,,59.1483078,,,,
,44271813.175,59.15725135,1999.70202636719,0.000691154857215964,2.77663193918946E-7,1,0.999253354069792,40.0298881530762,2.00089352030825,19.0799999982119,0.00788350675841718,0.00145068689386205,0.25,4.46063109797625E-6,0.00069298087326742,9.2509994446342E-6,59.1483078,59.1661949,1999.70202636719,1999.70202636719,61.4680483808334,20.7805078688994,6.646428,0,0,0,40,4882,59.87605,1999.70202636719,,,,,,,,,,,,,0,,,,3.1281246,,,,,,59.15725135,,,,
,44271814.3,59.17533685,1999.70202636719,0.000691840314341321,2.93765220940202E-7,1,0.999253354069792,40.0298881530762,2.00081911337457,19.0799999982119,0.00789138784756116,0.00145035500396102,0.25,4.31527150068265E-6,0.000693672349644653,9.10867476093198E-6,59.1661949,59.1844788,1999.70202636719,1999.70202636719,61.3273552473719,20.7773366294385,7.019488,0,0,0,40,4882,59.8952,1999.70202636719,,,,,,,,,,,,,0,,,,3.1437492,,,,,,59.17533685,,,,
,44271816.19,59.20770645,1999.70202636719,0.000691200466301693,2.48051133546529E-7,1,0.999253354069792,40.0298881530762,2.00081804680388,19.0799999982119,0.00788441829351477,0.00144756148021106,0.25,4.18573358284501E-6,0.000693038111171805,8.97170818374142E-6,59.1983032,59.2171097,1999.70202636719,1999.70202636719,61.5532458894296,20.7766691058081,7.019488,0,0,0,40,4882,59.9339,1999.70202636719,,,,,,,,,,,,,0,,,,3.1125,,,,,,59.20770645,,,,
,44271816.885,59.2245102,1999.70202636719,0.000690635995206175,2.64210892057135E-7,1,0.999253354069792,40.0298881530762,2.00081193084752,19.0799999982119,0.00787771490228283,0.00144773049063022,0.25,4.30105007547919E-6,0.000692471212764329,9.0834141825489E-6,59.2171097,59.2319107,1999.70202636719,1999.70202636719,61.7392734770065,20.7791617572253,7.019488,0,0,0,40,4882,59.9342,1999.70202636719,,,,,,,,,,,,,0,,,,3.1281246,,,,,,59.2245102,,,,
,44271818.11,59.24077415,1999.70202636719,0.000690662322984074,2.26836559919596E-7,1,0.999253354069792,40.0298881530762,2.00081767480374,19.0799999982119,0.0078777423018744,0.00144966373562547,0.25,4.46612038498954E-6,0.000692499708436074,9.24777288141119E-6,59.2319107,59.2496376,1999.70202636719,1999.70202636719,62.0824083969489,20.7762368378435,6.646428,0,0,0,40,4882,59.9537,1999.70202636719,,,,,,,,,,,,,0,,,,3.1281246,,,,,,59.24077415,,,,
,44271819.345,59.2604141,1999.70202636719,0.000690761125657143,2.65595282132054E-7,1,0.999253354069792,40.0298881530762,2.00082172747578,19.0799999982119,0.00788012925078484,0.00144307019028399,0.25,3.8717558562512E-6,0.000692606145245392,8.65111459274433E-6,59.2496376,59.2711906,1999.70202636719,1999.70202636719,61.8447933271027,20.7761289141352,6.646428,0,0,0,40,4882,59.97355,1999.70202636719,,,,,,,,,,,,,0,,,,3.1125,,,,,,59.2604141,,,,
,44271820.58,59.2797298,1999.70202636719,0.000690146339501947,2.54710406936896E-7,1,0.999253354069792,40.0298881530762,2.0007691709713,19.0699994564056,0.00787164244068229,0.00144915929304116,0.25,4.5179866168663E-6,0.000691988440495817,9.2935070019792E-6,59.2711906,59.288269,1999.70202636719,1999.70202636719,61.5204174916219,20.7771855273397,6.646428,0,0,0,40,4882,59.9931,1999.70202636719,,,,,,,,,,,,,0,,,,3.1125,,,,,,59.2797298,,,,
,44271821.8,59.2967987,1999.70202636719,0.000689825231817863,2.44011934982009E-7,1,0.999253354069792,40.0298881530762,2.00077261391319,19.0799999982119,0.00786866643963126,0.00144490211451053,0.25,4.2027061738501E-6,0.000691671862094973,8.97380728991793E-6,59.288269,59.3053284,1999.70202636719,1999.70202636719,61.4938421219681,20.7811115764107,7.019488,0,0,0,40,4882,60.01265,1999.70202636719,,,,,,,,,,,,,0,,,,3.1125,,,,,,59.2967987,,,,
,44271822.965,59.3127537,1999.70202636719,0.000690042468125951,2.82049108357085E-7,1,0.999253354069792,40.0298881530762,2.00070123208169,19.0799999982119,0.00787092542281685,0.00144524875874512,0.25,4.19963900254703E-6,0.000691892952338029,8.97087801370226E-6,59.3053284,59.320179,1999.70202636719,1999.70202636719,61.9315540927373,20.7772062225501,6.646428,0,0,0,40,4882,60.03225,1999.70202636719,,,,,,,,,,,,,0,,,,3.1281246,,,,,,59.3127537,,,,
,44271823.97,59.329155,1999.70202636719,0.000690002986003058,3.10156770159947E-7,1,0.999253354069792,40.0298881530762,2.00082437244194,19.0699994564056,0.00787109889915106,0.00144454771318154,0.25,4.13863164709516E-6,0.000691857009491725,8.90808105218268E-6,59.320179,59.338131,1999.70202636719,1999.70202636719,61.6384433980258,20.7792346851849,7.019488,0,0,0,40,4882,60.0518,1999.70202636719,,,,,,,,,,,,,0,,,,3.1281246,,,,,,59.329155,,,,
,44271825.045,59.35408785,1999.70202636719,0.000689726765916932,2.6198609931136E-7,1,0.999253354069792,40.0298881530762,2.00078354380139,19.0699994564056,0.00786766895974502,0.00144486385836662,0.25,4.21858881832186E-6,0.00069158268618561,8.98497457612799E-6,59.338131,59.3700447,1999.70202636719,1999.70202636719,61.575131487968,20.7765766181527,7.019488,0,0,0,40,4882,60.0717,1999.70202636719,,,,,,,,,,,,,0,,,,3.1281246,,,,,,59.35408785,,,,
,44271826.31,59.37929725,1999.70202636719,0.000689943737821548,2.41149703021867E-7,1,0.999253354069792,40.0298881530762,2.00072728409574,19.0799999982119,0.00787042816237932,0.00144280426507115,0.25,4.00433765542133E-6,0.000691806511681536,8.76961624419649E-6,59.3700447,59.3885498,1999.70202636719,1999.70202636719,61.9276459501412,20.7775365793409,7.019488,0,0,0,40,4882,60.1008,1999.70202636719,,,,,,,,,,,,,0,,,,3.1437492,,,,,,59.37929725,,,,
,44271828.365,59.406044,1999.70202636719,0.000688972087133991,2.51439673478454E-7,1,0.999253354069792,40.0298881530762,2.00076347425554,19.0799999982119,0.0078593116748072,0.00144205488975428,0.25,4.11003132726151E-6,0.000690836175025135,8.86690725460555E-6,59.406044,59.406044,1999.70202636719,1999.70202636719,61.371908072968,20.7786513327253,6.646428,0,0,0,40,4882,60.1296,1999.70202636719,,,,,,,,,,,,,0,,,,3.1125,,,,,,59.406044,,,,
,44271828.915,59.41538045,1999.70202636719,0.000689534261986063,2.77655267859172E-7,1,0.999253354069792,40.0298881530762,2.00074114877228,19.0799999982119,0.00786557610834663,0.00144369102805191,0.25,4.15538505940543E-6,0.000691401231757177,8.91555624374344E-6,59.406044,59.4247169,1999.70202636719,1999.70202636719,61.5258888912565,20.7789486931295,7.019488,0,0,0,40,4882,60.1397,1999.70202636719,,,,,,,,,,,,,0,,,,3.1125,,,,,,59.41538045,,,,
,44271830.01,59.43247795,1999.70202636719,0.000688847831605906,2.95413841604543E-7,1,0.999253354069792,40.0298881530762,2.0007787017882,19.0799999982119,0.00785863932581849,0.00143824928350785,0.25,3.79914348622833E-6,0.000690718633596318,8.55222088788497E-6,59.4247169,59.440239,1999.70202636719,1999.70202636719,61.4219322981988,20.7795118761448,6.646428,0,0,0,40,4882,60.15965,1999.70202636719,,,,,,,,,,,,,0,,,,3.1281246,,,,,,59.43247795,,,,
,44271832.15,59.4771385,1999.70202636719,0.000688874202673077,2.19554867890254E-7,1,0.999253354069792,40.0298881530762,2.000731674627,19.0799999982119,0.00785829672304161,0.00144121468399087,0.25,4.05823066737354E-6,0.000690747926368723,8.81015189130475E-6,59.4771385,59.4771385,1999.70202636719,1999.70202636719,61.4164608985642,20.7789457530243,6.646428,0,0,0,40,4882,60.1891,1999.70202636719,,,,,,,,,,,,,0,,,,3.1125,,,,,,59.4771385,,,,
,44271832.88,59.4857845,1999.70202636719,0.000688372154584319,2.58670517376683E-7,1,0.999253354069792,40.0298881530762,2.00074962803736,19.0799999982119,0.0078518953753038,0.00144446379390215,0.25,4.43110820219435E-6,0.000690243532970147,9.17991902200288E-6,59.4771385,59.4944305,1999.70202636719,1999.70202636719,61.7377102199681,20.7775293110429,6.646428,0,0,0,40,4882,60.19895,1999.70202636719,,,,,,,,,,,,,0,,,,3.1125,,,,,,59.4857845,,,,
,44271834.09,59.50201795,1999.70202636719,0.000688340016700023,2.58487566008574E-7,1,0.999253354069792,40.0298881530762,2.00080014462015,19.0799999982119,0.00785220055354904,0.00144202755422022,0.25,4.22163533081647E-6,0.000690217594175331,8.96761387361019E-6,59.4944305,59.5096054,1999.70202636719,1999.70202636719,62.0347290572758,20.7781086597523,6.646428,0,0,0,40,4882,60.22815,1999.70202636719,,,,,,,,,,,,,0,,,,3.1125,,,,,,59.50201795,,,,
,44271835.145,59.5172157,1999.70202636719,0.00068870882210712,2.58757251153872E-7,1,0.999253354069792,40.0298881530762,2.00080014462015,19.0799999982119,0.00785703677197292,0.00143946542179755,0.25,3.93270865615742E-6,0.000690592635400234,8.67904771917642E-6,59.5096054,59.524826,1999.70202636719,1999.70202636719,61.5641886886988,20.7781086597523,6.646428,0,0,0,40,4882,60.24785,1999.70202636719,,,,,,,,,,,,,0,,,,3.1281246,,,,,,59.5172157,,,,
,44271836.21,59.53241535,1999.70202636719,0.000688057593505186,2.77723873907604E-7,1,0.999253354069792,40.0298881530762,2.0007937286967,19.0699994564056,0.00784958258407172,0.00143821037393703,0.25,3.93910591287948E-6,0.000689941163351554,8.68026839152875E-6,59.524826,59.5400047,1999.70202636719,1999.70202636719,61.5915456868719,20.7764696145384,6.646428,0,0,0,40,4882,60.2581,1999.70202636719,,,,,,,,,,,,,0,,,,3.1281246,,,,,,59.53241535,,,,
,44271838.255,59.5773582,1999.70202636719,0.000688402643873497,2.23000009783745E-7,1,0.999253354069792,40.0298881530762,2.0008055408858,19.0799999982119,0.00785338096255791,0.0014402799613582,0.25,4.05974833310822E-6,0.000690291074844594,8.80150381380504E-6,59.5773582,59.5773582,1999.70202636719,1999.70202636719,61.5555907749873,20.7791125262085,7.019488,0,0,0,40,4882,60.2883,1999.70202636719,,,,,,,,,,,,,0,,,,3.1125,,,,,,59.5773582,,,,
,44271838.86,59.58517455,1999.70202636719,0.000687817471351389,2.05958582769389E-7,1,0.999253354069792,40.0298881530762,2.00071616388908,19.0799999982119,0.00784608278140693,0.00144083243096387,0.25,4.21804028755539E-6,0.000689706367531696,8.95488068096937E-6,59.5773582,59.5929909,1999.70202636719,1999.70202636719,61.7986772444681,20.7777943321144,7.019488,0,0,0,40,4882,60.3074,1999.70202636719,,,,,,,,,,,,,0,,,,3.14390615,,,,,,59.58517455,,,,
,44271839.955,59.60326385,1999.70202636719,0.000687874516964856,2.49952197164387E-7,1,0.999253354069792,40.0298881530762,2.00068628675953,19.0799999982119,0.00784585457458175,0.00144547014659772,0.25,4.61667988701229E-6,0.000689764027386437,9.35364260288045E-6,59.5929909,59.6135368,1999.70202636719,1999.70202636719,61.3726897014873,20.7788401282218,6.646428,0,0,0,40,4882,60.32715,1999.70202636719,,,,,,,,,,,,,0,,,,3.14390615,,,,,,59.60326385,,,,
,44271841.115,59.6212425,1999.70202636719,0.00068743163314212,2.50500453277042E-7,1,0.999253354069792,40.0298881530762,2.0007047549263,19.0799999982119,0.00784198307271162,0.00143838902501616,0.25,4.07445685320729E-6,0.000689325195331559,8.80614782161857E-6,59.6135368,59.6289482,1999.70202636719,1999.70202636719,62.1832384759297,20.7773085223008,6.646428,0,0,0,40,4882,60.33735,1999.70202636719,,,,,,,,,,,,,0,,,,3.1281246,,,,,,59.6212425,,,,
,44271842.405,59.6376877,1999.70202636719,0.000687435321722752,1.99498579663303E-7,1,0.999253354069792,40.0298881530762,2.00092474972925,19.0799999982119,0.00784314261097568,0.00143708824433357,0.25,3.9475571705369E-6,0.000689332966852234,8.67753325699166E-6,59.6289482,59.6464272,1999.70202636719,1999.70202636719,61.883093124545,20.7803821109555,6.646428,0,0,0,40,4882,60.3571,1999.70202636719,,,,,,,,,,,,,0,,,,3.1281246,,,,,,59.6376877,,,,
,44271843.68,59.6560402,1999.70202636719,0.000687434657791123,2.76577080457324E-7,1,0.999253354069792,40.0298881530762,2.00079875456311,19.0799999982119,0.00784202907878854,0.00144068848057385,0.25,4.27092290758454E-6,0.00068933164051337,9.00108322414993E-6,59.6464272,59.6656532,1999.70202636719,1999.70202636719,61.6509494543335,20.7784560230024,7.019488,0,0,0,40,4882,60.3673,1999.70202636719,,,,,,,,,,,,,0,,,,3.1281246,,,,,,59.6560402,,,,
,44271844.83,59.67375565,1999.70202636719,0.000687121060796184,2.59207273020359E-7,1,0.999253354069792,40.0298881530762,2.00075873145382,19.0799999982119,0.00783871233810239,0.00143789485117707,0.25,4.08511999264179E-6,0.000689021521757776,8.81126264627262E-6,59.6656532,59.6818581,1999.70202636719,1999.70202636719,61.6282822272758,20.7786590524606,7.019488,0,0,0,40,4882,60.38645,1999.70202636719,,,,,,,,,,,,,0,,,,3.1281246,,,,,,59.67375565,,,,
,44271846.025,59.69877625,1999.70202636719,0.000687091466324634,2.26314921229914E-7,1,0.999253354069792,40.0298881530762,2.0007536151346,19.0799999982119,0.00783766013532675,0.00144195103125194,0.25,4.44668536924238E-6,0.000688992373711137,9.17229438223028E-6,59.6818581,59.7156944,1999.70202636719,1999.70202636719,61.8979440664104,20.7784846148686,6.646428,0,0,0,40,4882,60.4056,1999.70202636719,,,,,,,,,,,,,0,,,,3.1281246,,,,,,59.69877625,,,,
,44271847.305,59.72436905,1999.70202636719,0.000686905721608388,2.0884811321969E-7,1,0.999253354069792,40.0298881530762,2.00081424009861,19.0799999982119,0.00783658519381338,0.00143697454283289,0.25,4.04026472428589E-6,0.000688808652559947,8.76345409339726E-6,59.7156944,59.7330437,1999.70202636719,1999.70202636719,61.6212475706027,20.7774114841535,6.646428,0,0,0,40,4885,60.4056,1999.70202636719,,,,,,,,,,,,,0,,,,3.1437492,,,,,,59.72436905,,,,
,44271848.55,59.7409649,1999.70202636719,0.000686835784459297,3.56547573094275E-7,1,0.999253354069792,40.0298881530762,2.00079833263397,19.0799999982119,0.00783538883904352,0.00143871982016762,0.25,4.20646733873595E-6,0.000688737221712153,8.92964207305701E-6,59.7330437,59.7488861,1999.70202636719,1999.70202636719,61.9229561790258,20.7776062268397,7.019488,0,0,0,40,4885,60.4056,1999.70202636719,,,,,,,,,,,,,0,,,,3.1437492,,,,,,59.7409649,,,,
,44271849.715,59.757658,1999.70202636719,0.000686440117852796,2.75921591177167E-7,1,0.999253354069792,40.0298881530762,2.00077702877128,19.0799999982119,0.00783059591525779,0.00143877843150911,0.25,4.28226734532372E-6,0.000688336521563565,9.0042806531612E-6,59.7488861,59.7664299,1999.70202636719,1999.70202636719,61.5188542345834,20.7782886274966,6.646428,0,0,0,40,4885,60.38645,1999.70202636719,,,,,,,,,,,,,0,,,,3.1437492,,,,,,59.757658,,,,
,44271850.825,59.7732525,1999.70202636719,0.000686441967508077,2.63568327689611E-7,1,0.999253354069792,40.0298881530762,2.0008805590964,19.0799999982119,0.00783071218838261,0.00144026879040634,0.25,4.40546809754457E-6,0.000688334136785751,9.12917742292632E-6,59.7664299,59.7800751,1999.70202636719,1999.70202636719,61.6939390228911,20.7774321143095,6.646428,0,0,0,40,4885,60.3673,1999.70202636719,,,,,,,,,,,,,0,,,,3.1437492,,,,,,59.7732525,,,,
,44271851.94,59.7939186,1999.70202636719,0.000685819112463994,2.70502337871568E-7,1,0.999253354069792,40.0298881530762,2.00079024027106,19.0799999982119,0.0078233568085256,0.00143840037227993,0.25,4.35775046748403E-6,0.000687709669471535,9.07704863323468E-6,59.7800751,59.8077621,1999.70202636719,1999.70202636719,61.3969201855834,20.7786891090246,6.646428,0,0,0,40,4885,60.3673,1999.70202636719,,,,,,,,,,,,,0,,,,3.1437492,,,,,,59.7939186,,,,
,44271853.045,59.81376645,1999.70202636719,0.000685899610102532,2.4049444114411E-7,1,0.999253354069792,40.0298881530762,2.00075821347685,19.0799999982119,0.00782535673777048,0.00143175450563849,0.25,3.76345884174678E-6,0.000687794181979252,8.48168502898181E-6,59.8077621,59.8197708,1999.70202636719,1999.70202636719,61.5063481782757,20.7797746764342,7.019488,0,0,0,40,4885,60.3667,1999.70202636719,,,,,,,,,,,,,0,,,,3.1281246,,,,,,59.81376645,,,,
,44271854.06,59.8267555,1999.70202636719,0.000685855953875194,2.28262632265298E-7,1,0.999253354069792,40.0298881530762,2.00075821347685,19.0799999982119,0.0078240575773182,0.00143617019126935,0.25,4.15787153572143E-6,0.000687747522703295,8.8769217637177E-6,59.8197708,59.8337402,1999.70202636719,1999.70202636719,62.018314858372,20.7797746764342,7.019488,0,0,0,40,4885,60.3664,1999.70202636719,,,,,,,,,,,,,0,,,,3.1281246,,,,,,59.8267555,,,,
,44271855.11,59.8396568,1999.70202636719,0.000685697580237201,2.34633794059137E-7,1,0.999253354069792,40.0298881530762,2.00076101777787,19.0699994564056,0.00782282263855243,0.00143266652909348,0.25,3.87900527844928E-6,0.000687590497610602,8.59618626636706E-6,59.8337402,59.8455734,1999.70202636719,1999.70202636719,62.1363407647758,20.7790048149319,6.646428,0,0,0,40,4885,60.3664,1999.70202636719,,,,,,,,,,,,,0,,,,3.1281246,,,,,,59.8396568,,,,
,44271856.29,59.85028265,1999.70202636719,0.000685565530989954,2.84938691135317E-7,1,0.999253354069792,40.0298881530762,2.00078790555027,19.0799999982119,0.00782187210416938,0.001429827859047,0.25,3.65225118292013E-6,0.000687459483689936,8.36791084694713E-6,59.8455734,59.8549919,1999.70202636719,1999.70202636719,61.4907156078911,20.7776757049297,7.019488,0,0,0,40,4885,60.3661,1999.70202636719,,,,,,,,,,,,,0,,,,3.1281246,,,,,,59.85028265,,,,
,44271857.385,59.86136245,1999.70202636719,0.000685554046276701,3.16049588626486E-7,1,0.999253354069792,40.0298881530762,2.00083510746413,19.0699994564056,0.00782174240923158,0.00143081278032599,0.25,3.73773558160866E-6,0.00068744727523191,8.45355441586838E-6,59.8549919,59.867733,1999.70202636719,1999.70202636719,61.7791365314873,20.7777835469933,6.646428,0,0,0,40,4885,60.3661,1999.70202636719,,,,,,,,,,,,,0,,,,3.1437492,,,,,,59.86136245,,,,
,44271858.595,59.87256815,1999.70202636719,0.000685313565078836,2.16634200653581E-7,1,0.999253354069792,40.0298881530762,2.00070187639736,19.0799999982119,0.00781774324332468,0.00143449716054703,0.25,4.11097199579046E-6,0.000687203453141657,8.82618360375958E-6,59.867733,59.8774033,1999.70202636719,1999.70202636719,61.575131487968,20.7789774423232,6.646428,0,0,0,40,4885,60.3661,1999.70202636719,,,,,,,,,,,,,0,,,,3.1437492,,,,,,59.87256815,,,,
,44271859.97,59.8879929,1999.70202636719,0.000685199125470397,2.41477042585677E-7,1,0.999253354069792,40.0298881530762,2.00076264652718,19.0799999982119,0.00781722469768499,0.00143112637497568,0.25,3.83249010155666E-6,0.000687090458642234,8.54613499350179E-6,59.8774033,59.8985825,1999.70202636719,1999.70202636719,61.4891523508526,20.7808693672499,6.646428,0,0,0,40,4885,60.3661,1999.70202636719,,,,,,,,,,,,,0,,,,3.15953075,,,,,,59.8879929,,,,
,44271861.235,59.9031868,1999.70202636719,0.00068553188683781,1.83057096278779E-7,1,0.999253354069792,40.0298881530762,2.00073151895103,19.0799999982119,0.00782021402706644,0.00143568888538678,0.25,4.17489988047767E-6,0.00068742165724575,8.89178513321938E-6,59.8985825,59.9077911,1999.70202636719,1999.70202636719,61.618902685045,20.7806179435796,6.646428,0,0,0,40,4885,60.3661,1999.70202636719,,,,,,,,,,,,,0,,,,3.15953075,,,,,,59.9031868,,,,
,44271862.435,59.9131031,1999.70202636719,0.000685033023372358,2.63571021839132E-7,1,0.999253354069792,40.0298881530762,2.00076666070372,19.0799999982119,0.00781430928290039,0.00143660597097837,0.25,4.34156679546408E-6,0.000686920159944109,9.05549323088302E-6,59.9077911,59.9184151,1999.70202636719,1999.70202636719,61.1983865416988,20.7804314018143,6.646428,0,0,0,40,4885,60.3661,1999.70202636719,,,,,,,,,,,,,0,,,,3.1437492,,,,,,59.9131031,,,,
,44271863.57,59.9239941,1999.70202636719,0.000684641354576884,2.88700191874925E-7,1,0.999253354069792,40.0298881530762,2.00074386752755,19.0799999982119,0.00781078099204227,0.00142998497368953,0.25,3.83261617735688E-6,0.000686530785313932,8.54242887940697E-6,59.9184151,59.9295731,1999.70202636719,1999.70202636719,61.872931953795,20.7771811320219,7.019488,0,0,0,40,4885,60.3661,1999.70202636719,,,,,,,,,,,,,0,,,,3.15953075,,,,,,59.9239941,,,,
,44271864.635,59.93382645,1999.70202636719,0.000684881997519494,2.96282362530074E-7,1,0.999253354069792,40.0298881530762,2.00080461267853,19.0799999982119,0.00781399916441843,0.00142913056688114,0.25,3.71153153679383E-6,0.000686772839610323,8.42265595439623E-6,59.9295731,59.9380798,1999.70202636719,1999.70202636719,61.8862196386219,20.7791098328517,6.646428,0,0,0,40,4885,60.3661,1999.70202636719,,,,,,,,,,,,,0,,,,3.15953075,,,,,,59.93382645,,,,
,44271865.785,59.9424648,1999.70202636719,0.000684883890024872,3.1701476082605E-7,1,0.999253354069792,40.0298881530762,2.00076675760097,19.0799999982119,0.00781294873289529,0.00143435560158597,0.25,4.17099843726251E-6,0.000686771502038794,8.88342038585978E-6,59.9380798,59.9468498,1999.70202636719,1999.70202636719,61.2476291384103,20.777292076084,7.019488,0,0,0,40,4885,60.3661,1999.70202636719,,,,,,,,,,,,,0,,,,3.1437492,,,,,,59.9424648,,,,
,44271867.04,59.95433235,1999.70202636719,0.00068482838174887,2.40177033391842E-7,1,0.999253354069792,40.0298881530762,2.00081334773454,19.0799999982119,0.00781233845442566,0.00143511489349874,0.25,4.24457358408871E-6,0.000686715271860511,8.95679800243309E-6,59.9468498,59.9618149,1999.70202636719,1999.70202636719,61.6650187676796,20.7797305543521,7.019488,0,0,0,40,4885,60.3664,1999.70202636719,,,,,,,,,,,,,0,,,,3.1281246,,,,,,59.95433235,,,,
,44271868.265,59.96687125,1999.70202636719,0.000684585736189733,2.71173827393852E-7,1,0.999253354069792,40.0298881530762,2.00078926488297,19.0799999982119,0.00780945402109071,0.00143473365653267,0.25,4.25567379444079E-6,0.000686471752530863,8.96626231047538E-6,59.9618149,59.9719276,1999.70202636719,1999.70202636719,61.8580810119296,20.7778745312023,6.646428,0,0,0,40,4885,60.3664,1999.70202636719,,,,,,,,,,,,,0,,,,3.1281246,,,,,,59.96687125,,,,
,44271869.495,59.97629545,1999.70202636719,0.000684687485300108,2.52689364321838E-7,1,0.999253354069792,40.0298881530762,2.00074525422693,19.0799999982119,0.00781075451161396,0.00143320296483808,0.25,4.10625733224284E-6,0.000686574773323109,8.81710410583188E-6,59.9719276,59.9806633,1999.70202636719,1999.70202636719,61.4625769811988,20.7769104761772,6.646428,0,0,0,40,4885,60.3667,1999.70202636719,,,,,,,,,,,,,0,,,,3.1437492,,,,,,59.97629545,,,,
,44271870.7,59.9842415,1999.70202636719,0.000683999776918685,2.67171196711519E-7,1,0.999253354069792,40.0298881530762,2.00089760847085,19.0799999982119,0.00780350343896863,0.0014317097172193,0.25,4.08837532577821E-6,0.000685885289955897,8.79440917098715E-6,59.9806633,59.9878197,1999.70202636719,1999.70202636719,61.4914972364104,20.7798445894566,6.646428,0,0,0,40,4885,60.3673,1999.70202636719,,,,,,,,,,,,,0,,,,3.1437492,,,,,,59.9842415,,,,
,44271871.84,59.9917164,1999.70202636719,0.000684156713433256,2.55477637542659E-7,1,0.999253354069792,40.0298881530762,2.00075044950824,19.0799999982119,0.00780469066915357,0.00143225169718831,0.25,4.11680443716214E-6,0.000686042399646265,8.82399403170795E-6,59.9878197,59.9956131,1999.70202636719,1999.70202636719,61.4727381519488,20.7783419244552,7.019488,0,0,0,40,4885,60.3673,1999.70202636719,,,,,,,,,,,,,0,,,,3.1437492,,,,,,59.9917164,,,,
,44271872.9,59.99954225,1999.70202636719,0.000684281014629431,2.85880569277569E-7,1,0.999253354069792,40.0298881530762,2.00086701442976,19.0699994564056,0.00780623973169725,0.00143429028798165,0.25,4.26632250631311E-6,0.000686165948272412,8.97478254597878E-6,59.9956131,60.0034714,1999.70202636719,1999.70202636719,61.9550029483143,20.7779206478161,6.646428,0,0,0,40,4885,60.3673,1999.70202636719,,,,,,,,,,,,,0,,,,3.1437492,,,,,,59.99954225,,,,
,44271873.985,60.00689315,1999.70202636719,0.000684031805333517,2.47352031770211E-7,1,0.999253354069792,40.0298881530762,2.00076287257895,19.0799999982119,0.00780397364041365,0.00142825677878208,0.25,3.78841736906034E-6,0.00068591925232917,8.49382921554198E-6,60.0034714,60.0103149,1999.70202636719,1999.70202636719,61.6267189702373,20.7768833591679,6.646428,0,0,0,40,4885,60.3673,1999.70202636719,,,,,,,,,,,,,0,,,,3.1437492,,,,,,60.00689315,,,,
,44271875.105,60.0141468,1999.70202636719,0.000683847875505722,2.7217962356905E-7,1,0.999253354069792,40.0298881530762,2.00073211976368,19.0799999982119,0.00780118831338447,0.00143107741515124,0.25,4.06986580401466E-6,0.000685732807635962,8.77480167816771E-6,60.0103149,60.0179787,1999.70202636719,1999.70202636719,61.7181695069873,20.7782672448812,6.646428,0,0,0,40,4885,60.3673,1999.70202636719,,,,,,,,,,,,,0,,,,3.1437492,,,,,,60.0141468,,,,
,44271876.2,60.0257416,1999.70202636719,0.000683923355494975,2.65781983484546E-7,1,0.999253354069792,40.0298881530762,2.00078269711368,19.0699994564056,0.00780162304671829,0.00143483376172343,0.25,4.38280241905452E-6,0.000685807863123554,9.08846130114071E-6,60.0179787,60.0335045,1999.70202636719,1999.70202636719,61.8041486441027,20.7768687848578,6.646428,0,0,0,40,4885,60.3769,1999.70202636719,,,,,,,,,,,,,0,,,,3.1437492,,,,,,60.0257416,,,,
,44271877.37,60.0376377,1999.70202636719,0.000683926461371113,2.73803061232604E-7,1,0.999253354069792,40.0298881530762,2.00075706537557,19.0799999982119,0.00780226314395917,0.00143097502162824,0.25,4.04630552943735E-6,0.000685814795177434,8.75037218984836E-6,60.0335045,60.0417709,1999.70202636719,1999.70202636719,61.7494346477565,20.7795918070771,7.019488,0,0,0,40,4885,60.3865,1999.70202636719,,,,,,,,,,,,,0,,,,3.1437492,,,,,,60.0376377,,,,
,44271878.525,60.0455265,1999.70202636719,0.00068338526028061,2.66485044939051E-7,1,0.999253354069792,40.0298881530762,2.0007460858285,19.0799999982119,0.00779602578300774,0.00142995754244618,0.25,4.05383057955518E-6,0.000685271951569276,8.75420394182129E-6,60.0417709,60.0492821,1999.70202636719,1999.70202636719,61.6165577994873,20.7802642956307,6.646428,0,0,0,40,4885,60.3865,1999.70202636719,,,,,,,,,,,,,0,,,,3.1281246,,,,,,60.0455265,,,,
,44271880.5,60.0566521,1999.70202636719,0.000683359495750866,2.49254961666403E-7,1,0.999253354069792,40.0298881530762,2.00080175709574,19.0799999982119,0.00779668435123629,0.00142572751165187,0.25,3.68470253362224E-6,0.000685248542325556,8.38386371190231E-6,60.0566521,60.0566521,1999.70202636719,1999.70202636719,61.5493377468334,20.7811362665981,6.646428,0,0,0,40,4885,60.3865,1999.70202636719,,,,,,,,,,,,,0,,,,3.1281246,,,,,,60.0566521,,,,
,44271881.22,60.06069565,1999.70202636719,0.000683555392102355,2.85995116693862E-7,1,0.999253354069792,40.0298881530762,2.00078814039939,19.0699994564056,0.00779822910644282,0.00142983918205859,0.25,4.01121404057391E-6,0.000685444319714367,8.71196684648476E-6,60.0566521,60.0647392,1999.70202636719,1999.70202636719,61.9057603516027,20.7771930199537,6.646428,0,0,0,40,4885,60.39605,1999.70202636719,,,,,,,,,,,,,0,,,,3.1281246,,,,,,60.06069565,,,,
,44271882.425,60.06794735,1999.70202636719,0.000683189865616186,2.93353071166853E-7,1,0.999253354069792,40.0298881530762,2.00082195775294,19.0799999982119,0.00779366410541907,0.00143213469709882,0.25,4.27541000702346E-6,0.000685077496892301,8.9737288736655E-6,60.0647392,60.0711555,1999.70202636719,1999.70202636719,61.6306271128334,20.7767525790819,6.646428,0,0,0,40,4885,60.4056,1999.70202636719,,,,,,,,,,,,,0,,,,3.1437492,,,,,,60.06794735,,,,
,44271883.62,60.07852745,1999.70202636719,0.000682799660354927,2.62328393962717E-7,1,0.999253354069792,40.0298881530762,2.00082180019336,19.0799999982119,0.00778933069229151,0.00143064529217529,0.25,4.2142174104034E-6,0.000684686575367065,8.90966226335004E-6,60.0711555,60.0858994,1999.70202636719,1999.70202636719,61.6142129139296,20.7794543225701,7.019488,0,0,0,40,4885,60.40595,1999.70202636719,,,,,,,,,,,,,0,,,,3.1437492,,,,,,60.07852745,,,,
,44271884.925,60.08947565,1999.70202636719,0.000683111920357385,2.49883220960441E-7,1,0.999253354069792,40.0298881530762,2.00079641388736,19.0799999982119,0.0077934073021861,0.00142784692029483,0.25,3.91536746103739E-6,0.000685001716790655,8.61208996891645E-6,60.0858994,60.0930519,1999.70202636719,1999.70202636719,62.1394672788527,20.7789433352582,7.019488,0,0,0,40,4885,60.4063,1999.70202636719,,,,,,,,,,,,,0,,,,3.1437492,,,,,,60.08947565,,,,
,44271886.21,60.09591485,1999.70202636719,0.000683000161800519,2.63946081841143E-7,1,0.999253354069792,40.0298881530762,2.00074309302633,19.0799999982119,0.00779156281157138,0.0014296728731352,0.25,4.0982693713955E-6,0.000684888379652406,8.79471674294808E-6,60.0930519,60.0987778,1999.70202636719,1999.70202636719,61.7345837058911,20.77831597122,7.019488,0,0,0,40,4885,60.4066,1999.70202636719,,,,,,,,,,,,,0,,,,3.1437492,,,,,,60.09591485,,,,
,44271887.42,60.1026993,1999.70202636719,0.000682960809873134,2.99384332386777E-7,1,0.999253354069792,40.0298881530762,2.00072815181228,19.0799999982119,0.00779154907109569,0.00142681229501144,0.25,3.85567043878884E-6,0.000684850567690525,8.55114545208698E-6,60.0987778,60.1066208,1999.70202636719,1999.70202636719,61.893254295295,20.7783815613814,7.019488,0,0,0,40,4885,60.4069,1999.70202636719,,,,,,,,,,,,,0,,,,3.1437492,,,,,,60.1026993,,,,
,44271888.64,60.10972025,1999.70202636719,0.000682856513869525,2.15709543263006E-7,1,0.999253354069792,40.0298881530762,2.00087260099528,19.0799999982119,0.00778980323375738,0.00143284544279899,0.25,4.39384724004865E-6,0.000684742221072112,9.09011594992453E-6,60.1066208,60.1128197,1999.70202636719,1999.70202636719,61.6704901673142,20.778476980496,7.019488,0,0,0,40,4885,60.4069,1999.70202636719,,,,,,,,,,,,,0,,,,3.1437492,,,,,,60.10972025,,,,
,44271889.88,60.11976435,1999.70202636719,0.000682941564339907,1.8903583650391E-7,1,0.999253354069792,40.0298881530762,2.00076600158295,19.0699994564056,0.00779121059390263,0.00142824961748928,0.25,3.98271970992029E-6,0.00068483023513205,8.67841713062184E-6,60.1128197,60.126709,1999.70202636719,1999.70202636719,61.4047364707757,20.7808146505414,7.019488,0,0,0,40,4885,60.4069,1999.70202636719,,,,,,,,,,,,,0,,,,3.1281246,,,,,,60.11976435,,,,
,44271891.03,60.1296425,1999.70202636719,0.00068272032414324,2.20324353469323E-7,1,0.999253354069792,40.0298881530762,2.00076417612268,19.0799999982119,0.0077881400642252,0.00143082406523007,0.25,4.24750119551477E-6,0.000684606464517223,8.94242267786484E-6,60.126709,60.132576,1999.70202636719,1999.70202636719,61.598580343545,20.7804748326168,7.019488,0,0,0,40,4885,60.4069,1999.70202636719,,,,,,,,,,,,,0,,,,3.1125,,,,,,60.1296425,,,,
,44271891.995,60.132576,1999.70202636719,0.000682782517876816,2.3474368120228E-7,1,0.999253354069792,40.0298881530762,2.00076417612268,19.0799999982119,0.00778923606492703,0.00142877243621128,0.25,4.05682910541331E-6,0.000684670112836288,8.75164193664799E-6,60.132576,60.132576,1999.70202636719,1999.70202636719,61.463358609718,20.7804748326168,6.646428,0,0,0,40,4885,60.4069,1999.70202636719,,,,,,,,,,,,,0,,,,3.1281246,,,,,,60.132576,,,,
,44271892.97,60.13848495,1999.70202636719,0.000682676990479311,2.22348404767073E-7,1,0.999253354069792,40.0298881530762,2.00071249840694,19.0799999982119,0.00778791963021315,0.00142806708955688,0.25,4.01686141823907E-6,0.000684564507613056,8.71083756811175E-6,60.132576,60.1443939,1999.70202636719,1999.70202636719,61.8205628430065,20.7781335714005,6.646428,0,0,0,40,4885,60.4069,1999.70202636719,,,,,,,,,,,,,0,,,,3.1281246,,,,,,60.13848495,,,,
,44271894.14,60.14707185,1999.70202636719,0.000682397629958907,2.18349932203386E-7,1,0.999253354069792,40.0298881530762,2.00079832195886,19.0799999982119,0.00778475301836871,0.0014292149883363,0.25,4.16181044472293E-6,0.000684283287899731,8.85427593280964E-6,60.1443939,60.1497498,1999.70202636719,1999.70202636719,61.9448417775642,20.7772686081982,7.019488,0,0,0,40,4885,60.4069,1999.70202636719,,,,,,,,,,,,,0,,,,3.1281246,,,,,,60.14707185,,,,
,44271895.405,60.15269855,1999.70202636719,0.000682538841011,2.26088244054553E-7,1,0.999253354069792,40.0298881530762,2.00064519860782,19.0799999982119,0.00778611787272229,0.00142769650953616,0.25,4.01332821622946E-6,0.000684427475727068,8.70567518929732E-6,60.1497498,60.1556473,1999.70202636719,1999.70202636719,61.8846563815835,20.7784431252807,6.646428,0,0,0,40,4885,60.4165,1999.70202636719,,,,,,,,,,,,,0,,,,3.1437492,,,,,,60.15269855,,,,
,44271896.7,60.1583729,1999.70202636719,0.000682235287595989,2.57528017432529E-7,1,0.999253354069792,40.0298881530762,2.00071795219676,19.0799999982119,0.007782491866625,0.0014296538006606,0.25,4.23460919527836E-6,0.000684123096235194,8.92483231736478E-6,60.1556473,60.1610985,1999.70202636719,1999.70202636719,61.6712717958334,20.7799693721708,7.019488,0,0,0,40,4885,60.426,1999.70202636719,,,,,,,,,,,,,0,,,,3.1437492,,,,,,60.1583729,,,,
,44271898.015,60.1670933,1999.70202636719,0.00068227224384722,1.82684256080906E-7,1,0.999253354069792,40.0298881530762,2.00076115224049,19.0699994564056,0.00778365624449532,0.00142636104298221,0.25,3.93677203435639E-6,0.000684160493695783,8.6270844222454E-6,60.1610985,60.1730881,1999.70202636719,1999.70202636719,61.9432785205258,20.7785049534582,7.019488,0,0,0,40,4885,60.41635,1999.70202636719,,,,,,,,,,,,,0,,,,3.1281246,,,,,,60.1670933,,,,
,44271900.135,60.1783638,1999.70202636719,0.000682100636472612,2.62320989781324E-7,1,0.999253354069792,40.0298881530762,2.00072965123782,19.0799999982119,0.00778124613069241,0.0014279730954539,0.25,4.11064263629135E-6,0.000683988710872545,8.79959864846615E-6,60.1783638,60.1783638,1999.70202636719,1999.70202636719,61.4242771837565,20.7802749278479,7.019488,0,0,0,40,4885,60.4259,1999.70202636719,,,,,,,,,,,,,0,,,,3.1281246,,,,,,60.1783638,,,,
,44271901.62,60.182724,1999.70202636719,0.000682217285985135,2.28668504086008E-7,1,0.999253354069792,40.0298881530762,2.0007332757269,19.0799999982119,0.00778241121271663,0.00142922698137261,0.25,4.19955086089683E-6,0.000684105037140249,8.88955601878254E-6,60.182724,60.182724,1999.70202636719,1999.70202636719,61.801803758545,20.779894137518,6.646428,0,0,0,40,4885,60.4259,1999.70202636719,,,,,,,,,,,,,0,,,,3.1125,,,,,,60.182724,,,,
,44271902.3,60.18582535,1999.70202636719,0.00068184971651428,2.58062552275969E-7,1,0.999253354069792,40.0298881530762,2.00081848168282,19.0799999982119,0.00777860030258142,0.00142803092886754,0.25,4.15452647467562E-6,0.00068373510958953,8.84255000276916E-6,60.182724,60.1889267,1999.70202636719,1999.70202636719,61.557935660545,20.7827253779845,7.019488,0,0,0,40,4885,60.41635,1999.70202636719,,,,,,,,,,,,,0,,,,3.1281246,,,,,,60.18582535,,,,
,44271903.55,60.19403075,1999.70202636719,0.000682236551960947,2.5157595140494E-7,1,0.999253354069792,40.0298881530762,2.00071659062059,19.0799999982119,0.0077826790428002,0.00142841699919791,0.25,4.12543753497662E-6,0.000684121546214584,8.81669734753979E-6,60.1889267,60.1991348,1999.70202636719,1999.70202636719,62.0222230009681,20.7801649125709,6.646428,0,0,0,40,4885,60.4068,1999.70202636719,,,,,,,,,,,,,0,,,,3.1437492,,,,,,60.19403075,,,,
,44271904.79,60.20155905,1999.70202636719,0.000682036641353049,3.07790251771795E-7,1,0.999253354069792,40.0298881530762,2.00080605838646,19.0799999982119,0.00778074145227757,0.00142798943430775,0.25,4.11812761844717E-6,0.000683921053837714,8.80799475870104E-6,60.1991348,60.2039833,1999.70202636719,1999.70202636719,61.6486045687758,20.7800945589738,6.646428,0,0,0,40,4885,60.4068,1999.70202636719,,,,,,,,,,,,,0,,,,3.1437492,,,,,,60.20155905,,,,
,44271905.935,60.20638085,1999.70202636719,0.000681975069244933,2.71666589401921E-7,1,0.999253354069792,40.0298881530762,2.00068985228321,19.0799999982119,0.00777969426134113,0.00142729574971812,0.25,4.07522481479922E-6,0.000683859557695675,8.76454871232139E-6,60.2039833,60.2087784,1999.70202636719,1999.70202636719,61.568096831295,20.7767803383191,7.019488,0,0,0,40,4885,60.4068,1999.70202636719,,,,,,,,,,,,,0,,,,3.1437492,,,,,,60.20638085,,,,
,44271907.03,60.21065715,1999.70202636719,0.000682371025631622,2.46724117669955E-7,1,0.999253354069792,40.0298881530762,2.00071931658694,19.0799999982119,0.00778453086354944,0.00142695444744549,0.25,3.97339160409532E-6,0.000684257282447118,8.66514541858022E-6,60.2087784,60.2125359,1999.70202636719,1999.70202636719,61.6165577994873,20.7780996505815,6.646428,0,0,0,40,4885,60.4068,1999.70202636719,,,,,,,,,,,,,0,,,,3.15953075,,,,,,60.21065715,,,,
,44271908.135,60.2149487,1999.70202636719,0.000681733328175918,2.7228420298521E-7,1,0.999253354069792,40.0298881530762,2.00074625108024,19.0799999982119,0.00777719615111516,0.00142653635526904,0.25,4.04824647619716E-6,0.000683617242678227,8.73583549977301E-6,60.2125359,60.2173615,1999.70202636719,1999.70202636719,61.4602320956411,20.7794299946807,7.019488,0,0,0,40,4885,60.4068,1999.70202636719,,,,,,,,,,,,,0,,,,3.15953075,,,,,,60.2149487,,,,
,44271909.305,60.2191525,1999.70202636719,0.000681802707671429,2.27328034235617E-7,1,0.999253354069792,40.0298881530762,2.00069975149492,19.0799999982119,0.0077774146753887,0.00142890400522942,0.25,4.24603345643289E-6,0.000683685361385433,8.9346768527029E-6,60.2173615,60.2209435,1999.70202636719,1999.70202636719,61.5876375442758,20.7799718088267,6.646428,0,0,0,40,4885,60.40645,1999.70202636719,,,,,,,,,,,,,0,,,,3.15953075,,,,,,60.2191525,,,,
,44271911.36,60.2261257,1999.70202636719,0.000681821056277816,2.45323665892696E-7,1,0.999253354069792,40.0298881530762,2.0008006989813,19.0699994564056,0.00777857360217374,0.00142575144808396,0.25,3.9607043572759E-6,0.000683705543309254,8.64871802007145E-6,60.2244644,60.227787,1999.70202636719,1999.70202636719,61.7986772444681,20.7788529592055,6.646428,0,0,0,40,4885,60.4058,1999.70202636719,,,,,,,,,,,,,0,,,,3.1437492,,,,,,60.2261257,,,,
,44271912.065,60.22961615,1999.70202636719,0.000681813954533943,2.3610579569901E-7,1,0.999253354069792,40.0298881530762,2.00072986775274,19.0799999982119,0.00777875722018106,0.00142271108297945,0.25,3.69993276494095E-6,0.000683700126917197,8.3871870992447E-6,60.227787,60.2314453,1999.70202636719,1999.70202636719,61.2734228795449,20.7771926684851,6.646428,0,0,0,40,4885,60.4055,1999.70202636719,,,,,,,,,,,,,0,,,,3.1281246,,,,,,60.22961615,,,,
,44271913.335,60.2328663,1999.70202636719,0.000681466153157613,2.09570002642468E-7,1,0.999253354069792,40.0298881530762,2.00080409033111,19.0799999982119,0.00777494098656058,0.00142272673975208,0.25,3.75857094914584E-6,0.0006833509174481,8.443603570494E-6,60.2314453,60.2342873,1999.70202636719,1999.70202636719,61.9041970945642,20.7804463824877,6.646428,0,0,0,40,4885,60.4055,1999.70202636719,,,,,,,,,,,,,0,,,,3.1281246,,,,,,60.2328663,,,,
,44271914.64,60.23586655,1999.70202636719,0.000681749406062801,2.88817277713635E-7,1,0.999253354069792,40.0298881530762,2.00069543316322,19.0799999982119,0.00777770641634206,0.00142349713282326,0.25,3.78187074608605E-6,0.000683633170510361,8.46957710224055E-6,60.2342873,60.2374458,1999.70202636719,1999.70202636719,61.8995073234488,20.7803291087982,7.019488,0,0,0,40,4885,60.39595,1999.70202636719,,,,,,,,,,,,,0,,,,3.15953075,,,,,,60.23586655,,,,
,44271915.84,60.2389679,1999.70202636719,0.000681337966016618,2.39663317027898E-7,1,0.999253354069792,40.0298881530762,2.00076975686975,19.0799999982119,0.0077727522926905,0.00142549264503983,0.25,4.02436685526984E-6,0.000683215664475019,8.71126148898091E-6,60.2374458,60.24049,1999.70202636719,1999.70202636719,61.7009736795642,20.7782690579094,6.646428,0,0,0,40,4885,60.3768,1999.70202636719,,,,,,,,,,,,,0,,,,3.14390615,,,,,,60.2389679,,,,
,44271917.855,60.2456436,1999.70202636719,0.000682001004056325,2.28495544251503E-7,1,0.999253354069792,40.0298881530762,2.0007202533253,19.0799999982119,0.00778031070740793,0.0014257191902353,0.25,3.92916178157708E-6,0.000683879327626354,8.62109102546245E-6,60.2456436,60.2456436,1999.70202636719,1999.70202636719,61.9127950082758,20.7792962459217,7.019488,0,0,0,40,4885,60.366,1999.70202636719,,,,,,,,,,,,,0,,,,3.1125,,,,,,60.2456436,,,,
,44271918.525,60.24682425,1999.70202636719,0.000681359860503445,2.74757139072858E-7,1,0.999253354069792,40.0298881530762,2.00069964750417,19.0799999982119,0.00777288325451875,0.00142435983978513,0.25,3.92424592115361E-6,0.000683233190785097,8.61309104920807E-6,60.2456436,60.2480049,1999.70202636719,1999.70202636719,61.9659457475835,20.7799254703619,7.019488,0,0,0,40,4885,60.34685,1999.70202636719,,,,,,,,,,,,,0,,,,3.1281246,,,,,,60.24682425,,,,
,44271919.75,60.24885175,1999.70202636719,0.000681599521526883,2.64079370436655E-7,1,0.999253354069792,40.0298881530762,2.0006718394069,19.0799999982119,0.00777598000177318,0.00142178102649713,0.25,3.65599940254463E-6,0.000683468782504783,8.34844286029518E-6,60.2480049,60.2496986,1999.70202636719,1999.70202636719,61.5954538294681,20.7778651748799,7.019488,0,0,0,40,4885,60.30795,1999.70202636719,,,,,,,,,,,,,0,,,,3.1437492,,,,,,60.24885175,,,,
,44271920.915,60.2505474,1999.70202636719,0.000681536650856828,2.92332742072878E-7,1,0.999253354069792,40.0298881530762,2.00069372797411,19.0799999982119,0.00777550150945744,0.00142054699034411,0.25,3.55696262471666E-6,0.000683402965510927,8.2501098370148E-6,60.2496986,60.2513962,1999.70202636719,1999.70202636719,61.7619407040642,20.7797962721802,6.646428,0,0,0,40,4885,60.2876,1999.70202636719,,,,,,,,,,,,,0,,,,3.15953075,,,,,,60.2505474,,,,
,44271922.89,60.2529373,1999.70202636719,0.000681409277592863,2.66308151116702E-7,1,0.999253354069792,40.0298881530762,2.000711181348,19.0799999982119,0.00777341016701796,0.00142381866400528,0.25,3.86344252119502E-6,0.000683266499897853,8.55926753183733E-6,60.2529373,60.2529373,1999.70202636719,1999.70202636719,61.4117711274488,20.7802474298715,7.019488,0,0,0,40,4885,60.2485,1999.70202636719,,,,,,,,,,,,,0,,,,3.15953075,,,,,,60.2529373,,,,
,44271923.63,60.25271795,1999.70202636719,0.000681765984186305,2.7191221231607E-7,1,0.999253354069792,40.0298881530762,2.00062264957178,19.0699994564056,0.00777719622700385,0.00142413911477671,0.25,3.83310453315122E-6,0.000683622684567802,8.53199943155053E-6,60.2524986,60.2529373,1999.70202636719,1999.70202636719,61.3805059866796,20.7780692226899,7.019488,0,0,0,40,4885,60.23835,1999.70202636719,,,,,,,,,,,,,0,,,,3.15953075,,,,,,60.25271795,,,,
,44271924.9,60.25211905,1999.70202636719,0.000681437693579214,2.56413125628335E-7,1,0.999253354069792,40.0298881530762,2.00068362215942,19.0699994564056,0.00777333520635134,0.00142519842600473,0.25,3.97965876653219E-6,0.000683289097479385,8.67807988990982E-6,60.2517395,60.2524986,1999.70202636719,1999.70202636719,61.9378071208912,20.7799188726029,7.019488,0,0,0,40,4885,60.21835,1999.70202636719,,,,,,,,,,,,,0,,,,3.1281246,,,,,,60.25211905,,,,
,44271926.165,60.24983785,1999.70202636719,0.000681332555681005,2.4892189994401E-7,1,0.999253354069792,40.0298881530762,2.00070337561703,19.0799999982119,0.00777227221711359,0.00142430960294564,0.25,3.91812194959869E-6,0.000683179164267978,8.61766090232923E-6,60.2479362,60.2517395,1999.70202636719,1999.70202636719,61.8565177548911,20.7785613238521,7.019488,0,0,0,40,4885,60.18915,1999.70202636719,,,,,,,,,,,,,0,,,,3.1125,,,,,,60.24983785,,,,
,44271927.415,60.2463932,1999.70202636719,0.000681397943713161,2.88034600813457E-7,1,0.999253354069792,40.0298881530762,2.00067163503211,19.0799999982119,0.00777333141562305,0.00142156375529387,0.25,3.66640088922007E-6,0.000683239926627118,8.36835985246254E-6,60.2448502,60.2479362,1999.70202636719,1999.70202636719,62.1191449373527,20.7808232545161,7.019488,0,0,0,40,4885,60.15045,1999.70202636719,,,,,,,,,,,,,0,,,,3.1281246,,,,,,60.2463932,,,,
,44271928.645,60.24292755,1999.70202636719,0.000681279377608721,2.97766371073199E-7,1,0.999253354069792,40.0298881530762,2.00071992654804,19.0799999982119,0.007771613729464,0.00142419040540426,0.25,3.91377879915455E-6,0.000683115922665155,8.61698852278149E-6,60.2410049,60.2448502,1999.70202636719,1999.70202636719,61.6931573943719,20.7808881525923,6.646428,0,0,0,40,4885,60.1302,1999.70202636719,,,,,,,,,,,,,0,,,,3.1281246,,,,,,60.24292755,,,,
,44271930.725,60.2376328,1999.70202636719,0.000681717734883305,2.94665236133541E-7,1,0.999253354069792,40.0298881530762,2.00065104886598,19.0799999982119,0.00777625071327021,0.00142522657857869,0.25,3.92929816992054E-6,0.000683548626051463,8.63830354742951E-6,60.2376328,60.2376328,1999.70202636719,1999.70202636719,61.7549060473911,20.778576733668,7.019488,0,0,0,40,4885,60.0903,1999.70202636719,,,,,,,,,,,,,0,,,,3.1125,,,,,,60.2376328,,,,
,44271931.335,60.23480035,1999.70202636719,0.000681567828235651,3.26482439559626E-7,1,0.999253354069792,40.0298881530762,2.00061861309596,19.0799999982119,0.00777428944665543,0.00142541294650243,0.25,3.97335756264291E-6,0.00068339470034355,8.68278652936616E-6,60.2319679,60.2376328,1999.70202636719,1999.70202636719,61.7384918484873,20.7793235715548,7.019488,0,0,0,40,4885,60.07075,1999.70202636719,,,,,,,,,,,,,0,,,,3.1125,,,,,,60.23480035,,,,
,44271932.56,60.2263889,1999.70202636719,0.000681148235000524,2.41776226213774E-7,1,0.999253354069792,40.0298881530762,2.0006749002417,19.0799999982119,0.00776950804092423,0.00142528527999555,0.25,4.03169472627286E-6,0.000682966962388785,8.74105979801638E-6,60.2208099,60.2319679,1999.70202636719,1999.70202636719,61.7963323589104,20.779241370583,7.019488,0,0,0,40,4885,60.0316,1999.70202636719,,,,,,,,,,,,,0,,,,3.1281246,,,,,,60.2263889,,,,
,44271934.765,60.2132263,1999.70202636719,0.000681399199160249,2.0646426350974E-7,1,0.999253354069792,40.0298881530762,2.00070998832857,19.0799999982119,0.00777269733472198,0.00142406923331115,0.25,3.87630545885338E-6,0.00068320976243338,8.59097543498268E-6,60.2132263,60.2132263,1999.70202636719,1999.70202636719,61.5258888912565,20.7807058678418,7.019488,0,0,0,40,4885,59.9729,1999.70202636719,,,,,,,,,,,,,0,,,,3.1281246,,,,,,60.2132263,,,,
,44271935.43,60.20923805,1999.70202636719,0.000681458615771825,2.35959226050972E-7,1,0.999253354069792,40.0298881530762,2.00064122487641,19.0799999982119,0.00777208189034093,0.00142978590047623,0.25,4.36975989019058E-6,0.000683262627792185,9.08749222053591E-6,60.2052498,60.2132263,1999.70202636719,1999.70202636719,61.8299423852373,20.7803084139404,6.646428,0,0,0,40,4885,59.9534,1999.70202636719,,,,,,,,,,,,,0,,,,3.1437492,,,,,,60.20923805,,,,
,44271937.42,60.19332315,1999.70202636719,0.000681031640041077,2.35462057565051E-7,1,0.999253354069792,40.0298881530762,2.00073951114079,19.0799999982119,0.00776880060422798,0.001421396718496,0.25,3.70265026347621E-6,0.000682829225829859,8.41960117100981E-6,60.1884804,60.1981659,1999.70202636719,1999.70202636719,61.8877828956604,20.7831838324806,6.646428,0,0,0,40,4885,59.8949,1999.70202636719,,,,,,,,,,,,,0,,,,3.1125,,,,,,60.19332315,,,,
,44271938.92,60.1808739,1999.70202636719,0.000681408718726345,2.17756785500305E-7,1,0.999253354069792,40.0298881530762,2.00070888342098,19.0799999982119,0.00777260170976884,0.00142369689811283,0.25,3.83681611098667E-6,0.000683196567434521,8.56062982691868E-6,60.1808739,60.1808739,1999.70202636719,1999.70202636719,61.6790880810258,20.7830182923277,7.019488,0,0,0,40,4885,59.83715,1999.70202636719,,,,,,,,,,,,,0,,,,3.1437492,,,,,,60.1808739,,,,
,44271939.605,60.17647555,1999.70202636719,0.00068143200937052,2.37815878484373E-7,1,0.999253354069792,40.0298881530762,2.0006785104285,19.0799999982119,0.00777301188543725,0.00142195079877408,0.25,3.68046046193754E-6,0.000683216070055535,8.40596155486802E-6,60.1720772,60.1808739,1999.70202636719,1999.70202636719,61.7986772444681,20.7835839389661,7.019488,0,0,0,40,4885,59.8083,1999.70202636719,,,,,,,,,,,,,0,,,,3.1281246,,,,,,60.17647555,,,,
,44271941.705,60.1507111,1999.70202636719,0.000681463751952348,2.70922806462932E-7,1,0.999253354069792,40.0298881530762,2.00058827396659,19.0799999982119,0.00777282052411891,0.00142254594185333,0.25,3.73007095181331E-6,0.000683237744948065,8.45983270923788E-6,60.1507111,60.1507111,1999.70202636719,1999.70202636719,62.0870981680643,20.7818260067449,7.019488,0,0,0,40,4885,59.7501,1999.70202636719,,,,,,,,,,,,,0,,,,3.1437492,,,,,,60.1507111,,,,
,44271942.41,60.1447697,1999.70202636719,0.000681887595487577,2.45880251052686E-7,1,0.999253354069792,40.0298881530762,2.00063991261853,19.0699994564056,0.00777716691670107,0.00142696943099186,0.25,4.03818026350181E-6,0.000683655642501192,8.77361855273165E-6,60.1388283,60.1507111,1999.70202636719,1999.70202636719,61.7525611618335,20.7827400165023,6.646428,0,0,0,40,4885,59.7213,1999.70202636719,,,,,,,,,,,,,0,,,,3.1437492,,,,,,60.1447697,,,,
,44271943.65,60.13308335,1999.70202636719,0.000681716119895428,2.88039546899787E-7,1,0.999253354069792,40.0298881530762,2.00062179008736,19.0799999982119,0.00777532486162911,0.00142525045252029,0.25,3.91800052467309E-6,0.000683479570906026,8.65389538885914E-6,60.1273384,60.1388283,1999.70202636719,1999.70202636719,62.1074205095643,20.7816899614658,7.019488,0,0,0,40,4885,59.69195,1999.70202636719,,,,,,,,,,,,,0,,,,3.1281246,,,,,,60.13308335,,,,
,44271945.79,60.1010475,1999.70202636719,0.000681702821277893,2.3078908647575E-7,1,0.999253354069792,40.0298881530762,2.00060496050352,19.0799999982119,0.0077742990234584,0.00142946860200075,0.25,4.28966877579815E-6,0.000683458816652356,9.02842487320718E-6,60.1010475,60.1010475,1999.70202636719,1999.70202636719,61.5665335742565,20.7815168397529,7.019488,0,0,0,40,4885,59.6623,1999.70202636719,,,,,,,,,,,,,0,,,,3.1437492,,,,,,60.1010475,,,,
,44271946.52,60.09363365,1999.70202636719,0.000681878983927885,2.23827196604616E-7,1,0.999253354069792,40.0298881530762,2.00062216443545,19.0799999982119,0.00777731635976267,0.00142452515431126,0.25,3.82438551742545E-6,0.0006836386853826,8.56316531724487E-6,60.0862198,60.1010475,1999.70202636719,1999.70202636719,61.7549060473911,20.7816219897288,6.646428,0,0,0,40,4885,59.662,1999.70202636719,,,,,,,,,,,,,0,,,,3.1281246,,,,,,60.09363365,,,,
,44271948.595,60.0743179,1999.70202636719,0.000681814840760944,2.95869583290954E-7,1,0.999253354069792,40.0298881530762,2.00068720936906,19.0799999982119,0.00777692759358196,0.00142344280410947,0.25,3.73568767627234E-6,0.00068356867096886,8.4762815484731E-6,60.0743179,60.0743179,1999.70202636719,1999.70202636719,61.5837294016796,20.7797758238717,6.646428,0,0,0,40,4885,59.6246,1999.70202636719,,,,,,,,,,,,,0,,,,3.1281246,,,,,,60.0743179,,,,
,44271949.335,60.05992125,1999.70202636719,0.000681580389020224,2.79505526215837E-7,1,0.999253354069792,40.0298881530762,2.000689011942,19.0799999982119,0.00777311560474598,0.00142941563964568,0.25,4.30028021918633E-6,0.000683329825650892,9.0407228854973E-6,60.0455246,60.0743179,1999.70202636719,1999.70202636719,61.6157761709681,20.7822885306955,7.019488,0,0,0,40,4885,59.6246,1999.70202636719,,,,,,,,,,,,,0,,,,3.1281246,,,,,,60.05992125,,,,
,44271951.5,60.0312767,1999.70202636719,0.000682045874115486,2.47184253294121E-7,1,0.999253354069792,40.0298881530762,2.00063810981448,19.0799999982119,0.00777894958007456,0.00142678035425911,0.25,3.99125613866147E-6,0.000683805444510315,8.73163795362263E-6,60.0312767,60.0312767,1999.70202636719,1999.70202636719,62.218411759295,20.7817572485339,7.019488,0,0,0,40,4885,59.662,1999.70202636719,,,,,,,,,,,,,0,,,,3.1281246,,,,,,60.0312767,,,,
,44271952.225,60.0234127,1999.70202636719,0.000682160520394799,2.36077631178629E-7,1,0.999253354069792,40.0298881530762,2.00067568860234,19.0699994564056,0.00778045811687651,0.00142670580876318,0.25,3.96215374329887E-6,0.000683920719420927,8.70323532012294E-6,60.0155487,60.0312767,1999.70202636719,1999.70202636719,61.7955507303912,20.7826013060552,6.646428,0,0,0,40,4885,59.6623,1999.70202636719,,,,,,,,,,,,,0,,,,3.1281246,,,,,,60.0234127,,,,
,44271953.39,60.0088234,1999.70202636719,0.000682261386051865,2.7015529238262E-7,1,0.999253354069792,40.0298881530762,2.00068452480046,19.0799999982119,0.00778192062600041,0.00142536389610224,0.25,3.82620229267098E-6,0.000684023034238057,8.56758881522927E-6,60.0020981,60.0155487,1999.70202636719,1999.70202636719,61.8213444715258,20.7813148793092,6.646428,0,0,0,40,4885,59.6629,1999.70202636719,,,,,,,,,,,,,0,,,,3.1125,,,,,,60.0088234,,,,
,44271955.5,59.9798355,1999.70202636719,0.000682385070776342,2.69447105570713E-7,1,0.999253354069792,40.0298881530762,2.00060547251904,19.0799999982119,0.00778226876053724,0.00143036683573634,0.25,4.2485347090458E-6,0.000684151059047193,8.98933012658344E-6,59.9798355,59.9798355,1999.70202636719,1999.70202636719,61.8463565841412,20.7798041449243,6.646428,0,0,0,40,4885,59.7013,1999.70202636719,,,,,,,,,,,,,0,,,,3.1125,,,,,,59.9798355,,,,
,44271956.195,59.9752674,1999.70202636719,0.000682368215880965,2.90143190384964E-7,1,0.999253354069792,40.0298881530762,2.00064166103276,19.0799999982119,0.00778288222736434,0.00142668360393334,0.25,3.92711879387321E-6,0.000684138113706339,8.6663039390747E-6,59.9706993,59.9798355,1999.70202636719,1999.70202636719,61.6407882835834,20.779465647791,6.646428,0,0,0,40,4885,59.711,1999.70202636719,,,,,,,,,,,,,0,,,,3.14390615,,,,,,59.9752674,,,,
,44271957.425,59.9656086,1999.70202636719,0.000682385170733437,2.68292255383951E-7,1,0.999253354069792,40.0298881530762,2.00062423995325,19.0799999982119,0.007783404041132,0.00142471978200849,0.25,3.75385152411869E-6,0.000684159768867155,8.49140021220708E-6,59.9605179,59.9706993,1999.70202636719,1999.70202636719,61.5548091464681,20.7801716619318,6.646428,0,0,0,40,4885,59.7304,1999.70202636719,,,,,,,,,,,,,0,,,,3.15953075,,,,,,59.9656086,,,,
,44271958.675,59.95673945,1999.70202636719,0.000682475019032977,3.02694297300606E-7,1,0.999253354069792,40.0298881530762,2.0006241717098,19.0799999982119,0.00778346331096914,0.00143068488259167,0.25,4.26144162973445E-6,0.000684251411869958,8.99902559662791E-6,59.952961,59.9605179,1999.70202636719,1999.70202636719,62.0808451399104,20.7807438752242,6.646428,0,0,0,40,4885,59.7592,1999.70202636719,,,,,,,,,,,,,0,,,,3.1281246,,,,,,59.95673945,,,,
,44271959.995,59.94503595,1999.70202636719,0.000682685453422229,2.6398110989903E-7,1,0.999253354069792,40.0298881530762,2.00065122753441,19.0799999982119,0.00778643906475194,0.00142880341365692,0.25,4.05879109265384E-6,0.000684468954200621,8.79534398890865E-6,59.9371109,59.952961,1999.70202636719,1999.70202636719,61.8846563815835,20.7780416768616,6.646428,0,0,0,40,4885,59.7883,1999.70202636719,,,,,,,,,,,,,0,,,,3.1125,,,,,,59.94503595,,,,
,44271962.11,59.9320221,1999.70202636719,0.000682242250134339,2.66301994891759E-7,1,0.999253354069792,40.0298881530762,2.00069810530699,19.0699994564056,0.00778079557336888,0.00143255537028264,0.25,4.46431486553379E-6,0.000684027074650848,9.19686405821734E-6,59.9320221,59.9320221,1999.70202636719,1999.70202636719,61.6095231428142,20.7801266267324,6.646428,0,0,0,40,4885,59.8183,1999.70202636719,,,,,,,,,,,,,0,,,,3.1281246,,,,,,59.9320221,,,,
,44271963.795,59.9265823,1999.70202636719,0.000683176446137345,2.71230675099975E-7,1,0.999253354069792,40.0298881530762,2.00059252261951,19.0799999982119,0.00779181672905139,0.0014306085152842,0.25,4.1358638578926E-6,0.000684972697575657,8.87142062608279E-6,59.9265823,59.9265823,1999.70202636719,1999.70202636719,61.8393219274681,20.779943052722,6.646428,0,0,0,40,4885,59.8566,1999.70202636719,,,,,,,,,,,,,0,,,,3.1437492,,,,,,59.9265823,,,,
,44271965.395,59.9187126,1999.70202636719,0.000682816444221869,2.43912818103852E-7,1,0.999253354069792,40.0298881530762,2.00062238585385,19.0799999982119,0.00778832516165064,0.00142726222444941,0.25,3.90558147903515E-6,0.00068461676317819,8.63671651292887E-6,59.9187126,59.9187126,1999.70202636719,1999.70202636719,61.5766947450065,20.7794158542802,6.646428,0,0,0,40,4885,59.8761,1999.70202636719,,,,,,,,,,,,,0,,,,3.1437492,,,,,,59.9187126,,,,
,44271966.07,59.91724015,1999.70202636719,0.000683075752823367,2.57358201010386E-7,1,0.999253354069792,40.0298881530762,2.00069967625191,19.0799999982119,0.00779098848174703,0.00143124460722165,0.25,4.20413705587289E-6,0.000684876387971651,8.93720825635953E-6,59.9157677,59.9187126,1999.70202636719,1999.70202636719,61.5110379493911,20.7814094696605,6.646428,0,0,0,40,4885,59.8858,1999.70202636719,,,,,,,,,,,,,0,,,,3.1281246,,,,,,59.91724015,,,,
,44271967.33,59.9149113,1999.70202636719,0.000682834415258393,2.55100980804241E-7,1,0.999253354069792,40.0298881530762,2.00067038050753,19.0799999982119,0.00778874817326815,0.00142744044151322,0.25,3.91625677417331E-6,0.000684639765525697,8.64557185642604E-6,59.9140549,59.9157677,1999.70202636719,1999.70202636719,61.7541244188719,20.7815945766437,6.646428,0,0,0,40,4885,59.90525,1999.70202636719,,,,,,,,,,,,,0,,,,3.1125,,,,,,59.9149113,,,,
,44271968.635,59.91305545,1999.70202636719,0.00068349580282953,2.3200494400785E-7,1,0.999253354069792,40.0298881530762,2.00074393907529,19.0799999982119,0.00779656984193506,0.00142895954562533,0.25,3.92799396860307E-6,0.000685304544049074,8.66124993321295E-6,59.912056,59.9140549,1999.70202636719,1999.70202636719,61.5329235479296,20.7802273770388,6.646428,0,0,0,40,4885,59.915,1999.70202636719,,,,,,,,,,,,,0,,,,3.1281246,,,,,,59.91305545,,,,
,44271969.895,59.9118519,1999.70202636719,0.000683329900130553,2.76846652580503E-7,1,0.999253354069792,40.0298881530762,2.00068283003907,19.0799999982119,0.00779436499716729,0.00142916578401149,0.25,3.97949217817334E-6,0.000685139529870972,8.71107873563263E-6,59.9116478,59.912056,1999.70202636719,1999.70202636719,61.5712233453719,20.7798398457434,6.646428,0,0,0,40,4885,59.92475,1999.70202636719,,,,,,,,,,,,,0,,,,3.1281246,,,,,,59.9118519,,,,
,44271972.005,59.9118919,1999.70202636719,0.000683608666235365,2.35868645398581E-7,1,0.999253354069792,40.0298881530762,2.00069119165457,19.0799999982119,0.00779777889482553,0.00142872336931937,0.25,3.89119756374855E-6,0.000685421385181835,8.62378979832227E-6,59.9118919,59.9118919,1999.70202636719,1999.70202636719,62.0980409673335,20.7802784391277,6.646428,0,0,0,40,4885,59.9348,1999.70202636719,,,,,,,,,,,,,0,,,,3.1437492,,,,,,59.9118919,,,,
,44271973.655,59.9130363,1999.70202636719,0.000683644373931305,2.54907881137036E-7,1,0.999253354069792,40.0298881530762,2.00061531994724,19.0799999982119,0.0077974972795472,0.0014312603457111,0.25,4.11232049762208E-6,0.000685458954538511,8.84444956429836E-6,59.9130363,59.9130363,1999.70202636719,1999.70202636719,61.9557845768335,20.7810573462353,7.019488,0,0,0,40,4885,59.954,1999.70202636719,,,,,,,,,,,,,0,,,,3.1125,,,,,,59.9130363,,,,
,44271974.405,59.9129982,1999.70202636719,0.00068363674677331,2.64279794230062E-7,1,0.999253354069792,40.0298881530762,2.00061843236435,19.0799999982119,0.00779780844906651,0.00142917382616869,0.25,3.93111343868563E-6,0.000685454183433532,8.66205816688366E-6,59.9129601,59.9130363,1999.70202636719,1999.70202636719,61.9495315486796,20.7801471386276,7.019488,0,0,0,40,4885,59.96345,1999.70202636719,,,,,,,,,,,,,0,,,,3.1125,,,,,,59.9129982,,,,
,44271976.55,59.9137039,1999.70202636719,0.000683503951050184,2.54176896862877E-7,1,0.999253354069792,40.0298881530762,2.00058545053739,19.0699994564056,0.00779651146675057,0.00142706651084957,0.25,3.77244703031684E-6,0.000685323802172956,8.50137899072041E-6,59.9137039,59.9137039,1999.70202636719,1999.70202636719,62.1293061081027,20.7794959008311,6.646428,0,0,0,40,4885,59.97325,1999.70202636719,,,,,,,,,,,,,0,,,,3.1125,,,,,,59.9137039,,,,
,44271978.045,59.9141541,1999.70202636719,0.000683462716805142,3.11652074595436E-7,1,0.999253354069792,40.0298881530762,2.00068856400254,19.0799999982119,0.0077960208643254,0.00142932639554315,0.25,3.97155448131139E-6,0.000685281137857434,8.70071559993517E-6,59.9141541,59.9141541,1999.70202636719,1999.70202636719,62.0042455450258,20.7809076601043,7.019488,0,0,0,40,4885,59.9736,1999.70202636719,,,,,,,,,,,,,0,,,,3.1125,,,,,,59.9141541,,,,
,44271978.71,59.91448405,1999.70202636719,0.000683410729419995,3.13845065810458E-7,1,0.999253354069792,40.0298881530762,2.00064318808415,19.0799999982119,0.00779587494304458,0.00142571944324784,0.25,3.66759441967075E-6,0.000685231156933556,8.39555523330151E-6,59.9141541,59.914814,1999.70202636719,1999.70202636719,61.4250588122757,20.780533557641,7.019488,0,0,0,40,4885,59.9739,1999.70202636719,,,,,,,,,,,,,0,,,,3.1281246,,,,,,59.91448405,,,,
,44271979.885,59.915411,1999.70202636719,0.000683692060829843,2.60529470634331E-7,1,0.999253354069792,40.0298881530762,2.00063356465904,19.0799999982119,0.00779922301154494,0.00142531829154953,0.25,3.58315534621299E-6,0.000685513873887176,8.31280976073657E-6,59.914814,59.916008,1999.70202636719,1999.70202636719,61.8643340400835,20.7810197313391,6.646428,0,0,0,40,4885,59.9742,1999.70202636719,,,,,,,,,,,,,0,,,,3.1281246,,,,,,59.915411,,,,
,44271981.04,59.9162426,1999.70202636719,0.000683809790943581,2.7838810684911E-7,1,0.999253354069792,40.0298881530762,2.00069568348481,19.0799999982119,0.00779963430698661,0.00143215994154884,0.25,4.15776164880863E-6,0.000685627947228817,8.88978065564321E-6,59.916008,59.9164772,1999.70202636719,1999.70202636719,61.4516341819296,20.7818490476177,7.019488,0,0,0,40,4885,59.9742,1999.70202636719,,,,,,,,,,,,,0,,,,3.1281246,,,,,,59.9162426,,,,
,44271983.23,59.9182892,1999.70202636719,0.000684465908815709,2.48675300524661E-7,1,0.999253354069792,40.0298881530762,2.00054301950646,19.0799999982119,0.00780696082376536,0.00143133065543909,0.25,3.97862799042821E-6,0.000686290304764794,8.71340284806533E-6,59.9182892,59.9182892,1999.70202636719,1999.70202636719,61.6978471654873,20.7787665729281,7.019488,0,0,0,40,4885,59.9931,1999.70202636719,,,,,,,,,,,,,0,,,,3.1281246,,,,,,59.9182892,,,,
,44271983.87,59.9183674,1999.70202636719,0.000683963771822736,2.73239372114521E-7,1,0.999253354069792,40.0298881530762,2.00067098226158,19.0799999982119,0.00780187521809236,0.00142942898596023,0.25,3.8934951753285E-6,0.000685787396042094,8.62457407029317E-6,59.9182892,59.9184456,1999.70202636719,1999.70202636719,61.8737135823142,20.779773243191,7.019488,0,0,0,40,4885,59.9931,1999.70202636719,,,,,,,,,,,,,0,,,,3.1281246,,,,,,59.9183674,,,,
,44271985.07,59.91882135,1999.70202636719,0.000683779485266845,2.715223400682E-7,1,0.999253354069792,40.0298881530762,2.0006301018359,19.0799999982119,0.00779896116150197,0.0014327381946705,0.25,4.21843321564927E-6,0.000685600363960886,8.9491192905989E-6,59.9184456,59.9191971,1999.70202636719,1999.70202636719,61.5587172890642,20.7794689365899,6.646428,0,0,0,40,4885,59.9931,1999.70202636719,,,,,,,,,,,,,0,,,,3.1281246,,,,,,59.91882135,,,,
,44271986.2,59.91934775,1999.70202636719,0.00068380966265661,2.30836753988884E-7,1,0.999253354069792,40.0298881530762,2.00065096665295,19.0799999982119,0.00779935499988236,0.00143297223153768,0.25,4.23233284438944E-6,0.000685630522091014,8.96326473703043E-6,59.9191971,59.9194984,1999.70202636719,1999.70202636719,61.8737135823142,20.7821597730415,6.646428,0,0,0,40,4885,59.9931,1999.70202636719,,,,,,,,,,,,,0,,,,3.1281246,,,,,,59.91934775,,,,
,44271987.32,59.91981695,1999.70202636719,0.000683577453101106,2.67647498186893E-7,1,0.999253354069792,40.0298881530762,2.00063422185664,19.0799999982119,0.00779678724182122,0.00143177856381244,0.25,4.17035186332968E-6,0.000685399781329397,8.89884878285908E-6,59.9194984,59.9201355,1999.70202636719,1999.70202636719,61.6095231428142,20.7798568710767,6.646428,0,0,0,40,4885,60.00285,1999.70202636719,,,,,,,,,,,,,0,,,,3.1125,,,,,,59.91981695,,,,
,44271989.415,59.9211617,1999.70202636719,0.000683764996437359,2.46777321961106E-7,1,0.999253354069792,40.0298881530762,2.00064514268306,19.0799999982119,0.00779924477524042,0.00143072146853884,0.25,4.04424451767595E-6,0.00068559036337766,8.77302850333669E-6,59.9211617,59.9211617,1999.70202636719,1999.70202636719,61.6712717958334,20.7797765323733,6.646428,0,0,0,40,4885,60.0126,1999.70202636719,,,,,,,,,,,,,0,,,,3.1125,,,,,,59.9211617,,,,
,44271990.165,59.9214039,1999.70202636719,0.000683867405481325,2.33397299584199E-7,1,0.999253354069792,40.0298881530762,2.00063084887101,19.0799999982119,0.00780073809736396,0.00142879268137331,0.25,3.8580148687564E-6,0.000685694332643497,8.58700066940958E-6,59.9211617,59.9216461,1999.70202636719,1999.70202636719,61.8666789256412,20.7801893023909,7.019488,0,0,0,40,4885,60.0126,1999.70202636719,,,,,,,,,,,,,0,,,,3.1281246,,,,,,59.9214039,,,,
,44271991.415,59.9219017,1999.70202636719,0.000684201788607075,2.59634431852646E-7,1,0.999253354069792,40.0298881530762,2.00059430845498,19.0799999982119,0.00780380476014543,0.00143291273824673,0.25,4.16172048784324E-6,0.000686027470358793,8.89385704146474E-6,59.9216461,59.9221573,1999.70202636719,1999.70202636719,61.6040517431796,20.7804531304459,6.646428,0,0,0,40,4885,60.0123,1999.70202636719,,,,,,,,,,,,,0,,,,3.1437492,,,,,,59.9219017,,,,
,44271992.645,59.92247775,1999.70202636719,0.000684052260658785,2.82073101451392E-7,1,0.999253354069792,40.0298881530762,2.00067965728828,19.0799999982119,0.00780283727302688,0.00143028018632306,0.25,3.95257586315135E-6,0.000685878923259346,8.68313428562195E-6,59.9221573,59.9227982,1999.70202636719,1999.70202636719,61.8635524115642,20.7823427318866,6.646428,0,0,0,40,4885,60.012,1999.70202636719,,,,,,,,,,,,,0,,,,3.1281246,,,,,,59.92247775,,,,
,44271993.875,59.9235802,1999.70202636719,0.000683792616214789,2.99289219331272E-7,1,0.999253354069792,40.0298881530762,2.00055985222116,19.0799999982119,0.00779902269642981,0.00143195925737031,0.25,4.15283520756717E-6,0.000685617234429298,8.88212426529544E-6,59.9227982,59.9243622,1999.70202636719,1999.70202636719,61.5665335742565,20.7801429116451,7.019488,0,0,0,40,4885,60.0123,1999.70202636719,,,,,,,,,,,,,0,,,,3.1125,,,,,,59.9235802,,,,
,44271995.02,59.92439845,1999.70202636719,0.000684291350651536,2.52933298531426E-7,1,0.999253354069792,40.0298881530762,2.00061597044585,19.0799999982119,0.00780516003323839,0.00143168875750019,0.25,4.03736355358766E-6,0.000686118161086926,8.76976022191766E-6,59.9243622,59.9244347,1999.70202636719,1999.70202636719,61.608741514295,20.7815779344262,6.646428,0,0,0,40,4885,60.0126,1999.70202636719,,,,,,,,,,,,,0,,,,3.1125,,,,,,59.92439845,,,,
,44271996.165,59.9247742,1999.70202636719,0.000684291104857565,2.34937331913075E-7,1,0.999253354069792,40.0298881530762,2.00055812718517,19.0799999982119,0.0078052929077897,0.00142967148776019,0.25,3.86418350169398E-6,0.00068611910597618,8.59610905146962E-6,59.9244347,59.9251137,1999.70202636719,1999.70202636719,61.8440116985835,20.7790022522578,7.019488,0,0,0,40,4885,60.0126,1999.70202636719,,,,,,,,,,,,,0,,,,3.1281246,,,,,,59.9247742,,,,
,44271997.29,59.9253807,1999.70202636719,0.000683797894612357,2.54431472260304E-7,1,0.999253354069792,40.0298881530762,2.0007043502453,19.0799999982119,0.00779980564357948,0.00143102492799834,0.25,4.06147559842025E-6,0.000685623252018703,8.79050887008505E-6,59.9251137,59.9256477,1999.70202636719,1999.70202636719,61.7111348503142,20.779982082475,6.646428,0,0,0,40,4885,60.01295,1999.70202636719,,,,,,,,,,,,,0,,,,3.1281246,,,,,,59.9253807,,,,
,44271998.43,59.92575645,1999.70202636719,0.000683910610842004,2.60121780033251E-7,1,0.999253354069792,40.0298881530762,2.00062915315341,19.0799999982119,0.00780121293632665,0.00142894900453894,0.25,3.86416586045771E-6,0.00068573763159048,8.5934420072898E-6,59.9256477,59.9258652,1999.70202636719,1999.70202636719,61.8025853870642,20.7800324558844,7.019488,0,0,0,40,4885,60.01295,1999.70202636719,,,,,,,,,,,,,0,,,,3.1125,,,,,,59.92575645,,,,
,44272000.47,59.9266739,1999.70202636719,0.000683813206629525,2.92171310813021E-7,1,0.999253354069792,40.0298881530762,2.00066357266157,19.0699994564056,0.00780032380993643,0.0014282414927709,0.25,3.81744141882953E-6,0.000685640337137951,8.54589483339161E-6,59.9266739,59.9266739,1999.70202636719,1999.70202636719,61.7423999910835,20.7806863062468,6.646428,0,0,0,40,4885,60.0133,1999.70202636719,,,,,,,,,,,,,0,,,,3.1281246,,,,,,59.9266739,,,,
,44272001.13,59.9268284,1999.70202636719,0.000683923287888003,2.87922538938996E-7,1,0.999253354069792,40.0298881530762,2.00058937082646,19.0799999982119,0.00780079797074869,0.00143127397940899,0.25,4.06792714900899E-6,0.000685748987033882,8.79781901192065E-6,59.9266739,59.9269829,1999.70202636719,1999.70202636719,61.7267674206988,20.7803114295913,6.646428,0,0,0,40,4885,60.0133,1999.70202636719,,,,,,,,,,,,,0,,,,3.1437492,,,,,,59.9268284,,,,
,44272002.32,59.9272671,1999.70202636719,0.0006838530613425,2.44779812474359E-7,1,0.999253354069792,40.0298881530762,2.00059899606944,19.0799999982119,0.0078003037177156,0.0014296050960954,0.25,3.9336453841393E-6,0.000685679492497843,8.66268868328267E-6,59.9269829,59.9275513,1999.70202636719,1999.70202636719,61.5086930638334,20.7788630357879,7.019488,0,0,0,40,4885,60.0133,1999.70202636719,,,,,,,,,,,,,0,,,,3.1437492,,,,,,59.9272671,,,,
,44272003.425,59.92756845,1999.70202636719,0.000684085060397125,2.80775109323228E-7,1,0.999253354069792,40.0298881530762,2.00065108885572,19.0799999982119,0.00780263548075216,0.00143299011391641,0.25,4.18585364826207E-6,0.000685910377371455,8.91718124055347E-6,59.9275513,59.9275856,1999.70202636719,1999.70202636719,61.9206112934681,20.7802541641483,6.646428,0,0,0,40,4885,60.0133,1999.70202636719,,,,,,,,,,,,,0,,,,3.1281246,,,,,,59.92756845,,,,
,44272004.525,59.92775725,1999.70202636719,0.000684108803869185,2.46084929935288E-7,1,0.999253354069792,40.0298881530762,2.00060037889501,19.0799999982119,0.00780285885403773,0.00143231758645586,0.25,4.12614161705753E-6,0.000685936217404566,8.85682562201905E-6,59.9275856,59.9279289,1999.70202636719,1999.70202636719,61.8283791281988,20.7791310064372,7.019488,0,0,0,40,4885,60.02275,1999.70202636719,,,,,,,,,,,,,0,,,,3.1125,,,,,,59.92775725,,,,
,44272005.69,59.9280796,1999.70202636719,0.000683653577546525,2.73766500208599E-7,1,0.999253354069792,40.0298881530762,2.00060873002771,19.0799999982119,0.00779832652971968,0.00142782342211573,0.25,3.81277229352545E-6,0.000685481914933591,8.53946565010187E-6,59.9279289,59.9282303,1999.70202636719,1999.70202636719,61.6783064525065,20.7826480483562,7.019488,0,0,0,40,4885,60.02275,1999.70202636719,,,,,,,,,,,,,0,,,,3.1281246,,,,,,59.9280796,,,,
,44272006.845,59.9286766,1999.70202636719,0.000684092566663832,2.71263683119566E-7,1,0.999253354069792,40.0298881530762,2.00056086033018,19.0799999982119,0.00780278561038888,0.00143079695351946,0.25,3.99820265455319E-6,0.000685920810076113,8.72842745448786E-6,59.9282303,59.9291229,1999.70202636719,1999.70202636719,61.7986772444681,20.7803729669302,6.646428,0,0,0,40,4885,60.02275,1999.70202636719,,,,,,,,,,,,,0,,,,3.1437492,,,,,,59.9286766,,,,
,44272007.99,59.92944525,1999.70202636719,0.000683885673354959,2.35413955677953E-7,1,0.999253354069792,40.0298881530762,2.00057308246517,19.0799999982119,0.0078007044026733,0.00142916387713032,0.25,3.89150687327955E-6,0.000685715704874659,8.61936857402369E-6,59.9291229,59.9297676,1999.70202636719,1999.70202636719,61.8143098148527,20.7790916932207,6.646428,0,0,0,40,4885,60.0322,1999.70202636719,,,,,,,,,,,,,0,,,,3.1281246,,,,,,59.92944525,,,,
,44272009.985,59.9301605,1999.70202636719,0.000684295076407336,3.25791239486435E-7,1,0.999253354069792,40.0298881530762,2.00061008876322,19.0799999982119,0.00780508261272874,0.00143235700123488,0.25,4.09598512836096E-6,0.00068612318058369,8.82787207737866E-6,59.9301605,59.9301605,1999.70202636719,1999.70202636719,61.385195757795,20.7794308132558,6.646428,0,0,0,40,4885,60.02275,1999.70202636719,,,,,,,,,,,,,0,,,,3.1437492,,,,,,59.9301605,,,,
,44272010.66,59.9305782,1999.70202636719,0.000684355278025659,2.83442749337323E-7,1,0.999253354069792,40.0298881530762,2.0006012357851,19.0799999982119,0.00780603043494893,0.00143081850314898,0.25,3.95109653134265E-6,0.000686184541115699,8.68300569083175E-6,59.9301605,59.9309959,1999.70202636719,1999.70202636719,62.0988225958527,20.7803504580719,7.019488,0,0,0,40,4885,60.02275,1999.70202636719,,,,,,,,,,,,,0,,,,3.1437492,,,,,,59.9305782,,,,
,44272011.93,59.93128395,1999.70202636719,0.000684323551400552,2.78469753602724E-7,1,0.999253354069792,40.0298881530762,2.00051656502361,19.0799999982119,0.00780525238668603,0.00143137363458798,0.25,4.01076572250416E-6,0.000686153931826545,8.74197139931063E-6,59.9309959,59.931572,1999.70202636719,1999.70202636719,61.7838263026027,20.7777321400021,7.019488,0,0,0,40,4885,60.0322,1999.70202636719,,,,,,,,,,,,,0,,,,3.1281246,,,,,,59.93128395,,,,
,44272013.155,59.93236545,1999.70202636719,0.000684074535835133,2.7660370022848E-7,1,0.999253354069792,40.0298881530762,2.00063649076006,19.0799999982119,0.0078036215752215,0.0014266259725781,0.25,3.6319755377743E-6,0.000685906842732017,8.36043495965402E-6,59.931572,59.9331589,1999.70202636719,1999.70202636719,61.8346321563527,20.7801243375115,6.646428,0,0,0,40,4885,60.0322,1999.70202636719,,,,,,,,,,,,,0,,,,3.1125,,,,,,59.93236545,,,,
,44272014.205,59.9335728,1999.70202636719,0.000684126971434608,2.82826193239595E-7,1,0.999253354069792,40.0298881530762,2.00049894263483,19.0799999982119,0.00780308310617329,0.00143016892911269,0.25,3.94116852177649E-6,0.000685957276538825,8.67082899160842E-6,59.9331589,59.9339867,1999.70202636719,1999.70202636719,61.5845110301988,20.779221840542,7.019488,0,0,0,40,4885,60.0322,1999.70202636719,,,,,,,,,,,,,0,,,,3.1281246,,,,,,59.9335728,,,,
,44272015.285,59.934309,1999.70202636719,0.000683752498262175,2.38170650865754E-7,1,0.999253354069792,40.0298881530762,2.00059097280591,19.0799999982119,0.00779862686515339,0.00143241860587894,0.25,4.19911658238653E-6,0.000685580000397303,8.92689428806972E-6,59.9339867,59.9346313,1999.70202636719,1999.70202636719,61.5931089439104,20.7805478082234,6.646428,0,0,0,40,4885,60.0322,1999.70202636719,,,,,,,,,,,,,0,,,,3.1281246,,,,,,59.934309,,,,
,44272016.455,59.93477245,1999.70202636719,0.000683519316962226,2.29295586337028E-7,1,0.999253354069792,40.0298881530762,2.00055791150308,19.0799999982119,0.00779593025834558,0.00143131714167428,0.25,4.14560577702097E-6,0.000685344930761433,8.8722750088649E-6,59.9346313,59.9349136,1999.70202636719,1999.70202636719,61.6861227376988,20.7809491185823,6.646428,0,0,0,40,4885,60.02275,1999.70202636719,,,,,,,,,,,,,0,,,,3.1125,,,,,,59.93477245,,,,
,44272017.6,59.9353733,1999.70202636719,0.000684006471183076,2.79250755952422E-7,1,0.999253354069792,40.0298881530762,2.00060042916432,19.0799999982119,0.00780170586694049,0.00143202010576538,0.25,4.11824748376788E-6,0.0006858335981432,8.8481997613027E-6,59.9349136,59.935833,1999.70202636719,1999.70202636719,61.527452148295,20.7808284577849,6.646428,0,0,0,40,4885,60.0228,1999.70202636719,,,,,,,,,,,,,0,,,,3.1281246,,,,,,59.9353733,,,,
,44272018.825,59.9362507,1999.70202636719,0.000684088527457494,2.72786898023919E-7,1,0.999253354069792,40.0298881530762,2.00059890332261,19.0799999982119,0.00780248921069951,0.00143312640935872,0.25,4.2010502296293E-6,0.000685916927406275,8.93114396790313E-6,59.935833,59.9366684,1999.70202636719,1999.70202636719,61.4320934689488,20.7782304952362,6.646428,0,0,0,40,4885,60.0323,1999.70202636719,,,,,,,,,,,,,0,,,,3.1281246,,,,,,59.9362507,,,,
,44272020.105,59.9370575,1999.70202636719,0.00068417308176901,2.06919422688873E-7,1,0.999253354069792,40.0298881530762,2.00060562698766,19.0699994564056,0.00780426335325334,0.00142877521250263,0.25,3.8042078431158E-6,0.000686002819830553,8.53445399351135E-6,59.9366684,59.9374466,1999.70202636719,1999.70202636719,61.9479682916412,20.7790940586599,6.646428,0,0,0,40,4885,60.02285,1999.70202636719,,,,,,,,,,,,,0,,,,3.1125,,,,,,59.9370575,,,,
,44272021.46,59.9374161,1999.70202636719,0.000684111135755697,2.61365446475814E-7,1,0.999253354069792,40.0298881530762,2.00055380854439,19.0799999982119,0.0078033257649367,0.00142882732218266,0.25,3.82284456419832E-6,0.000685940573813205,8.55271387994503E-6,59.9373856,59.9374466,1999.70202636719,1999.70202636719,61.6173394280065,20.7801775545627,6.646428,0,0,0,40,4885,60.02285,1999.70202636719,,,,,,,,,,,,,0,,,,3.1281246,,,,,,59.9374161,,,,
,44272022.73,59.93748665,1999.70202636719,0.000684053561089766,2.82790654234551E-7,1,0.999253354069792,40.0298881530762,2.00054570723335,19.0799999982119,0.0078026443685201,0.00142867093078628,0.25,3.81984019721249E-6,0.000685882863021818,8.54930416244433E-6,59.9373856,59.9375877,1999.70202636719,1999.70202636719,61.7572509329488,20.7794987415742,7.019488,0,0,0,40,4885,60.02285,1999.70202636719,,,,,,,,,,,,,0,,,,3.1281246,,,,,,59.93748665,,,,
,44272023.77,59.93774605,1999.70202636719,0.000684445675674414,2.52693547644276E-7,1,0.999253354069792,40.0298881530762,2.00057805968948,19.0799999982119,0.00780653229228201,0.00143348709809337,0.25,4.17018373869791E-6,0.000686273621928115,8.90330315341313E-6,59.9375877,59.9379044,1999.70202636719,1999.70202636719,62.0237862580066,20.7795250975252,6.646428,0,0,0,40,4885,60.02285,1999.70202636719,,,,,,,,,,,,,0,,,,3.1281246,,,,,,59.93774605,,,,
,44272024.9,59.93826485,1999.70202636719,0.000684154394168868,2.28913036522626E-7,1,0.999253354069792,40.0298881530762,2.00062244781081,19.0799999982119,0.00780342071465007,0.00143264888767064,0.25,4.14577615846462E-6,0.000685981713730048,8.87681982570172E-6,59.9379044,59.9386253,1999.70202636719,1999.70202636719,61.8862196386219,20.7775054303342,7.019488,0,0,0,40,4885,60.02285,1999.70202636719,,,,,,,,,,,,,0,,,,3.1281246,,,,,,59.93826485,,,,
,44272026.17,59.93857,1999.70202636719,0.000684010757301501,2.66545844455175E-7,1,0.999253354069792,40.0298881530762,2.00058871334238,19.0699994564056,0.00780166647566437,0.0014321649666988,0.25,4.1305126792219E-6,0.000685836167869601,8.86116943003043E-6,59.9385147,59.9386253,1999.70202636719,1999.70202636719,62.4466472869104,20.7810123877285,6.273368,0,0,0,40,4885,60.0134,1999.70202636719,,,,,,,,,,,,,0,,,,3.1281246,,,,,,59.93857,,,,
,44272027.395,59.9388199,1999.70202636719,0.00068427897509604,3.03652124717496E-7,1,0.999253354069792,40.0298881530762,2.00057499308558,19.0799999982119,0.00780465463084673,0.00143283035405587,0.25,4.14204334173793E-6,0.000686105030707016,8.87458193353448E-6,59.9385147,59.9391251,1999.70202636719,1999.70202636719,61.5391765760834,20.7811797624341,7.019488,0,0,0,40,4885,60.0134,1999.70202636719,,,,,,,,,,,,,0,,,,3.1281246,,,,,,59.9388199,,,,
,44272028.605,59.93958095,1999.70202636719,0.000683949096064567,2.39769102297217E-7,1,0.999253354069792,40.0298881530762,2.00060497591229,19.0799999982119,0.00780098503424576,0.00143226366688695,0.25,4.14912231349074E-6,0.000685774201550597,8.87940393583434E-6,59.9391251,59.9400368,1999.70202636719,1999.70202636719,61.8533912408142,20.7808155596679,7.019488,0,0,0,40,4885,60.0134,1999.70202636719,,,,,,,,,,,,,0,,,,3.1281246,,,,,,59.93958095,,,,
,44272029.77,59.9400406,1999.70202636719,0.000683979652800373,2.35782318365188E-7,1,0.999253354069792,40.0298881530762,2.00062781550826,19.0799999982119,0.00780169633279763,0.00143077558798249,0.25,4.01201527026928E-6,0.000685805782755572,8.74213606277859E-6,59.9400368,59.9400444,1999.70202636719,1999.70202636719,61.4313118404296,20.7818271384421,7.019488,0,0,0,40,4885,60.0134,1999.70202636719,,,,,,,,,,,,,0,,,,3.1281246,,,,,,59.9400406,,,,
,44272030.895,59.94021605,1999.70202636719,0.000684025206356118,2.09074474689161E-7,1,0.999253354069792,40.0298881530762,2.00059089784641,19.0799999982119,0.00780256907394274,0.00142808100221517,0.25,3.77014513680781E-6,0.000685853126946299,8.49992466587894E-6,59.9400444,59.9403877,1999.70202636719,1999.70202636719,61.5626254316604,20.7809174388677,7.019488,0,0,0,40,4885,60.0134,1999.70202636719,,,,,,,,,,,,,0,,,,3.1281246,,,,,,59.94021605,,,,
,44272031.98,59.9405346,1999.70202636719,0.000684258544940989,2.40315206355188E-7,1,0.999253354069792,40.0298881530762,2.00059319037014,19.0799999982119,0.00780502660884553,0.00142976859785373,0.25,3.87643086450394E-6,0.00068608636160399,8.60810838873962E-6,59.9403877,59.9406815,1999.70202636719,1999.70202636719,62.0785002543527,20.779724002056,6.646428,0,0,0,40,4885,60.0134,1999.70202636719,,,,,,,,,,,,,0,,,,3.1281246,,,,,,59.9405346,,,,
,44272033.125,59.94104005,1999.70202636719,0.000684081951844864,2.29631139568237E-7,1,0.999253354069792,40.0298881530762,2.00054203135475,19.0799999982119,0.00780202559977541,0.00143385675857877,0.25,4.26885144537243E-6,0.0006859065775236,9.00037405664165E-6,59.9406815,59.9413986,1999.70202636719,1999.70202636719,61.9268643216219,20.7807802740776,6.646428,0,0,0,40,4885,60.0134,1999.70202636719,,,,,,,,,,,,,0,,,,3.1125,,,,,,59.94104005,,,,
,44272035.15,59.9416237,1999.70202636719,0.000683875835645835,2.19922006432318E-7,1,0.999253354069792,40.0298881530762,2.00063393738192,19.0799999982119,0.00780073874861283,0.00142962617775537,0.25,3.93013786129658E-6,0.000685705476012039,8.65802830063052E-6,59.9416237,59.9416237,1999.70202636719,1999.70202636719,61.4203690411603,20.7806340918222,6.646428,0,0,0,40,4885,60.0323,1999.70202636719,,,,,,,,,,,,,0,,,,3.1437492,,,,,,59.9416237,,,,
,44272035.875,59.94205475,1999.70202636719,0.000683736751150401,2.79140589797749E-7,1,0.999253354069792,40.0298881530762,2.0006276437828,19.0799999982119,0.00779870658151198,0.00143160527899909,0.25,4.12813681001562E-6,0.00068556302363154,8.85625095692282E-6,59.9416237,59.9424858,1999.70202636719,1999.70202636719,61.6814329665834,20.7823530107617,6.646428,0,0,0,40,4885,60.02285,1999.70202636719,,,,,,,,,,,,,0,,,,3.1281246,,,,,,59.94205475,,,,
,44272037.96,59.9429436,1999.70202636719,0.000683622764238882,2.16690597439204E-7,1,0.999253354069792,40.0298881530762,2.00060105682325,19.0799999982119,0.00779803045882191,0.00142716555327604,0.25,3.76073705769567E-6,0.000685449633215665,8.48771404315317E-6,59.9429436,59.9429436,1999.70202636719,1999.70202636719,61.5946722009488,20.7835603814503,6.646428,0,0,0,40,4885,60.0134,1999.70202636719,,,,,,,,,,,,,0,,,,3.1437492,,,,,,59.9429436,,,,
,44272039.495,59.9433994,1999.70202636719,0.000683768397867532,2.14872459179769E-7,1,0.999253354069792,40.0298881530762,2.00057406355531,19.0799999982119,0.00779896658489492,0.00143097461749193,0.25,4.07012220648722E-6,0.000685593522584284,8.7989424872643E-6,59.9431114,59.9436874,1999.70202636719,1999.70202636719,61.7384918484873,20.7793293428167,6.273368,0,0,0,40,4885,60.0134,1999.70202636719,,,,,,,,,,,,,0,,,,3.1437492,,,,,,59.9433994,,,,
,44272040.095,59.9437637,1999.70202636719,0.000684163365036531,2.46592399072342E-7,1,0.999253354069792,40.0298881530762,2.00064697979235,19.0699994564056,0.00780449479403087,0.00142771510231778,0.25,3.71063635463667E-6,0.000685993658840259,8.44056085660795E-6,59.9436874,59.94384,1999.70202636719,1999.70202636719,62.2199750163335,20.7805599040659,6.646428,0,0,0,40,4885,60.02285,1999.70202636719,,,,,,,,,,,,,0,,,,3.1281246,,,,,,59.9437637,,,,
,44272041.205,59.94410705,1999.70202636719,0.000684102793958654,3.14451438925576E-7,1,0.999253354069792,40.0298881530762,2.0006038608071,19.0799999982119,0.00780360297806264,0.00142789558093552,0.25,3.74012170838908E-6,0.000685934337728733,8.46906146331278E-6,59.94384,59.9443741,1999.70202636719,1999.70202636719,61.6650187676796,20.7814338491723,7.019488,0,0,0,40,4885,60.0323,1999.70202636719,,,,,,,,,,,,,0,,,,3.1125,,,,,,59.94410705,,,,
,44272042.385,59.9444828,1999.70202636719,0.000683837184216743,2.14047533094751E-7,1,0.999253354069792,40.0298881530762,2.00057368025519,19.0799999982119,0.00780046245107034,0.00142720565172027,0.25,3.72822588432335E-6,0.000685666465064203,8.45594778295249E-6,59.9443741,59.9445915,1999.70202636719,1999.70202636719,61.6439147976604,20.781475210922,6.646428,0,0,0,40,4885,60.02285,1999.70202636719,,,,,,,,,,,,,0,,,,3.1281246,,,,,,59.9444828,,,,
,44272043.57,59.94482995,1999.70202636719,0.000684235306153416,2.38726177721458E-7,1,0.999253354069792,40.0298881530762,2.00054527495936,19.0799999982119,0.00780479565991733,0.00142848835451513,0.25,3.77128846039663E-6,0.000686063744653049,8.50252017065386E-6,59.9445915,59.9450684,1999.70202636719,1999.70202636719,61.7009736795642,20.780726762804,7.019488,0,0,0,40,4885,60.0134,1999.70202636719,,,,,,,,,,,,,0,,,,3.1437492,,,,,,59.94482995,,,,
,44272044.79,59.9452305,1999.70202636719,0.000684184022594677,2.54072854923357E-7,1,0.999253354069792,40.0298881530762,2.00063268397012,19.0799999982119,0.00780406441890468,0.00143120377678546,0.25,4.01336121971156E-6,0.000686012270144253,8.74424924093693E-6,59.9450684,59.9453926,1999.70202636719,1999.70202636719,61.4133343844873,20.782579403939,6.646428,0,0,0,40,4885,60.02285,1999.70202636719,,,,,,,,,,,,,0,,,,3.1281246,,,,,,59.9452305,,,,
,44272046.01,59.94573595,1999.70202636719,0.000683831077353336,2.82869937684389E-7,1,0.999253354069792,40.0298881530762,2.00058170794805,19.0699994564056,0.00780003701677731,0.00142947893163322,0.25,3.92829942626433E-6,0.00068566057000568,8.65587565089779E-6,59.9453926,59.9460793,1999.70202636719,1999.70202636719,61.8948175523335,20.7819174554912,7.019488,0,0,0,40,4885,60.0323,1999.70202636719,,,,,,,,,,,,,0,,,,3.1125,,,,,,59.94573595,,,,
,44272047.245,59.9469662,1999.70202636719,0.000684279723861455,2.16794853048833E-7,1,0.999253354069792,40.0298881530762,2.00055292908404,19.0799999982119,0.00780546197229923,0.00142805924066016,0.25,3.72611684179855E-6,0.000686111817552355,8.45623866227623E-6,59.9460793,59.9478531,1999.70202636719,1999.70202636719,62.0394188283912,20.779918712833,7.019488,0,0,0,40,4885,60.0323,1999.70202636719,,,,,,,,,,,,,0,,,,3.1125,,,,,,59.9469662,,,,
,44272049.22,59.9483528,1999.70202636719,0.000683798979291557,2.77146455706514E-7,1,0.999253354069792,40.0298881530762,2.00062725296932,19.0799999982119,0.00779985229760845,0.00142937191564427,0.25,3.92190915290341E-6,0.000685628404138782,8.64924631086933E-6,59.9483528,59.9483528,1999.70202636719,1999.70202636719,61.9839232035258,20.7797062082397,7.019488,0,0,0,40,4885,60.0323,1999.70202636719,,,,,,,,,,,,,0,,,,3.1125,,,,,,59.9483528,,,,
,44272049.885,59.94875905,1999.70202636719,0.000683938127329051,2.75503664555038E-7,1,0.999253354069792,40.0298881530762,2.00070044026359,19.0799999982119,0.00780127405216215,0.00143217814849613,0.25,4.13863127348772E-6,0.00068576643121462,8.86751658205335E-6,59.9483528,59.9491653,1999.70202636719,1999.70202636719,61.3703448159296,20.7792924632565,7.019488,0,0,0,40,4885,60.0323,1999.70202636719,,,,,,,,,,,,,0,,,,3.1281246,,,,,,59.94875905,,,,
,44272051.09,59.9496746,1999.70202636719,0.000684357873894963,2.26516617839329E-7,1,0.999253354069792,40.0298881530762,2.00068149733827,19.0799999982119,0.00780604181011623,0.00143275967154078,0.25,4.11625629713354E-6,0.000686187463042497,8.84797606332887E-6,59.9491653,59.9501839,1999.70202636719,1999.70202636719,61.7853895596412,20.7796334153298,7.019488,0,0,0,40,4885,60.0323,1999.70202636719,,,,,,,,,,,,,0,,,,3.1281246,,,,,,59.9496746,,,,
,44272052.29,59.95092395,1999.70202636719,0.00068467094900351,2.55167056504131E-7,1,0.999253354069792,40.0298881530762,2.00061130653752,19.0699994564056,0.00780981604763069,0.00143074913229014,0.25,3.88884990057131E-6,0.000686502944898482,8.62211164695917E-6,59.9501839,59.951664,1999.70202636719,1999.70202636719,61.7502162762758,20.7816012366905,6.646428,0,0,0,40,4885,60.0323,1999.70202636719,,,,,,,,,,,,,0,,,,3.1281246,,,,,,59.95092395,,,,
,44272054.4,59.9525909,1999.70202636719,0.00068437800315241,2.80045703178177E-7,1,0.999253354069792,40.0298881530762,2.00069537816825,19.0799999982119,0.00780674490833071,0.00143043025987625,0.25,3.90786158964292E-6,0.000686209056814497,8.63915407889922E-6,59.9525909,59.9525909,1999.70202636719,1999.70202636719,61.8135281863335,20.7796706224248,7.019488,0,0,0,40,4885,60.0323,1999.70202636719,,,,,,,,,,,,,0,,,,3.1437492,,,,,,59.9525909,,,,
,44272055.025,59.9528675,1999.70202636719,0.000684224162971525,2.94028979738004E-7,1,0.999253354069792,40.0298881530762,2.00073213636058,19.0799999982119,0.00780579031203845,0.00142628388660802,0.25,3.56946316831968E-6,0.000686055509497161,8.29942310432134E-6,59.9525909,59.9531441,1999.70202636719,1999.70202636719,61.7822630455642,20.7795194745576,6.646428,0,0,0,40,4885,60.02285,1999.70202636719,,,,,,,,,,,,,0,,,,3.1437492,,,,,,59.9528675,,,,
,44272056.245,59.9535656,1999.70202636719,0.000684098107246809,2.98906178623066E-7,1,0.999253354069792,40.0298881530762,2.00071090781215,19.0799999982119,0.00780337845016504,0.00143116040899361,0.25,4.0205175159507E-6,0.000685927623305019,8.75018165791906E-6,59.9531441,59.9539871,1999.70202636719,1999.70202636719,61.6689269102757,20.7792645242113,7.019488,0,0,0,40,4885,60.03235,1999.70202636719,,,,,,,,,,,,,0,,,,3.1437492,,,,,,59.9535656,,,,
,44272057.395,59.95433995,1999.70202636719,0.00068402246957822,2.4342680046863E-7,1,0.999253354069792,40.0298881530762,2.00071722554026,19.0799999982119,0.00780291970415374,0.00142896693110842,0.25,3.84183111264016E-6,0.000685854625668452,8.56984143154443E-6,59.9539871,59.9546928,1999.70202636719,1999.70202636719,61.6829962236219,20.780318674495,7.019488,0,0,0,40,4885,60.0418,1999.70202636719,,,,,,,,,,,,,0,,,,3.1281246,,,,,,59.95433995,,,,
,44272058.525,59.95558735,1999.70202636719,0.000684137039465526,3.19327782739665E-7,1,0.999253354069792,40.0298881530762,2.00071206052409,19.0799999982119,0.00780292847281933,0.00143641431193343,0.25,4.47403034895502E-6,0.000685965134913788,9.20454851231639E-6,59.9546928,59.9564819,1999.70202636719,1999.70202636719,61.425840440795,20.7800443511167,7.019488,0,0,0,40,4885,60.0418,1999.70202636719,,,,,,,,,,,,,0,,,,3.1125,,,,,,59.95558735,,,,
,44272059.805,59.95679855,1999.70202636719,0.000684084097527955,2.06451469749688E-7,1,0.999253354069792,40.0298881530762,2.00073164968576,19.0799999982119,0.0078034685166375,0.0014303832238025,0.25,3.95445114976726E-6,0.000685917249419676,8.68254174540645E-6,59.9564819,59.9571152,1999.70202636719,1999.70202636719,61.5618438031411,20.7798387801242,6.646428,0,0,0,40,4885,60.0513,1999.70202636719,,,,,,,,,,,,,0,,,,3.1281246,,,,,,59.95679855,,,,
,44272061.86,59.9575768,1999.70202636719,0.000683846039799272,2.37922949148228E-7,1,0.999253354069792,40.0298881530762,2.00076367442617,19.0799999982119,0.00780052017008189,0.00143167495537992,0.25,4.10713508042263E-6,0.000685674227554947,8.8352986056447E-6,59.9575768,59.9575768,1999.70202636719,1999.70202636719,62.0855349110258,20.7782237844285,7.019488,0,0,0,40,4885,60.0323,1999.70202636719,,,,,,,,,,,,,0,,,,3.1437492,,,,,,59.9575768,,,,
,44272062.555,59.95837975,1999.70202636719,0.000684360571999634,2.78068905205207E-7,1,0.999253354069792,40.0298881530762,2.00073232200458,19.0799999982119,0.00780644373624441,0.00143187427032029,0.25,4.03559050264352E-6,0.000686192272246888,8.7664586509712E-6,59.9575768,59.9591827,1999.70202636719,1999.70202636719,61.6681452817565,20.7805727027813,7.019488,0,0,0,40,4885,60.0418,1999.70202636719,,,,,,,,,,,,,0,,,,3.1281246,,,,,,59.95837975,,,,
,44272063.72,59.95968435,1999.70202636719,0.000684061769872189,2.21172763504244E-7,1,0.999253354069792,40.0298881530762,2.00069755596895,19.0799999982119,0.00780294019213053,0.001431140378654,0.25,4.02675694970481E-6,0.00068589433513665,8.75488987031536E-6,59.9591827,59.960186,1999.70202636719,1999.70202636719,61.8346321563527,20.781971104805,7.019488,0,0,0,40,4885,60.0513,1999.70202636719,,,,,,,,,,,,,0,,,,3.1281246,,,,,,59.95968435,,,,
,44272064.86,59.9605198,1999.70202636719,0.000684281227033745,2.59305541573439E-7,1,0.999253354069792,40.0298881530762,2.00076443323519,19.0799999982119,0.00780575084827988,0.00143131264454578,0.25,3.99893732032036E-6,0.000686114573055374,8.72850782572642E-6,59.960186,59.9608536,1999.70202636719,1999.70202636719,61.9870497176027,20.7807732728109,6.646428,0,0,0,40,4885,60.0513,1999.70202636719,,,,,,,,,,,,,0,,,,3.1437492,,,,,,59.9605198,,,,
,44272066.02,59.96130945,1999.70202636719,0.000684131003672224,2.54200712580766E-7,1,0.999253354069792,40.0298881530762,2.00069064634318,19.0799999982119,0.00780390496876454,0.00143004010725098,0.25,3.91816449316147E-6,0.000685962862290095,8.64712993573838E-6,59.9608536,59.9617653,1999.70202636719,1999.70202636719,61.7939874733527,20.7803720000159,6.646428,0,0,0,40,4885,60.0418,1999.70202636719,,,,,,,,,,,,,0,,,,3.1437492,,,,,,59.96130945,,,,
,44272067.25,59.96232225,1999.70202636719,0.000684090911791923,2.8316180108205E-7,1,0.999253354069792,40.0298881530762,2.00069235145465,19.0799999982119,0.00780272255125102,0.00143408138900905,0.25,4.27909395002076E-6,0.000685920162633067,9.0087634575956E-6,59.9617653,59.9628792,1999.70202636719,1999.70202636719,61.9268643216219,20.7800869144747,6.646428,0,0,0,40,4885,60.0418,1999.70202636719,,,,,,,,,,,,,0,,,,3.1281246,,,,,,59.96232225,,,,
,44272068.54,59.96338845,1999.70202636719,0.000683949177840183,2.55525739538983E-7,1,0.999253354069792,40.0298881530762,2.00078256708796,19.0799999982119,0.00780194069039203,0.00143102719416225,0.25,4.03137346315659E-6,0.000685779741968278,8.759392241889E-6,59.9628792,59.9638977,1999.70202636719,1999.70202636719,61.8877828956604,20.7815547600939,6.646428,0,0,0,40,4885,60.0418,1999.70202636719,,,,,,,,,,,,,0,,,,3.1281246,,,,,,59.96338845,,,,
,44272069.685,59.96458435,1999.70202636719,0.00068405706159053,2.35405102121649E-7,1,0.999253354069792,40.0298881530762,2.00069185762161,19.0799999982119,0.00780356042465232,0.00142688163457654,0.25,3.65386008477035E-6,0.000685887261792607,8.38289480723082E-6,59.9638977,59.965271,1999.70202636719,1999.70202636719,61.5657519457373,20.7800977582038,7.019488,0,0,0,40,4885,60.02285,1999.70202636719,,,,,,,,,,,,,0,,,,3.1281246,,,,,,59.96458435,,,,
,44272070.81,59.96590615,1999.70202636719,0.000684006488611421,2.38601857144494E-7,1,0.999253354069792,40.0298881530762,2.00073464925494,19.0699994564056,0.00780281213658803,0.00142877466368708,0.25,3.82643886000977E-6,0.000685836977925658,8.55494268061461E-6,59.965271,59.9665413,1999.70202636719,1999.70202636719,62.1339958792181,20.7784004179128,6.646428,0,0,0,40,4885,60.03235,1999.70202636719,,,,,,,,,,,,,0,,,,3.1281246,,,,,,59.96590615,,,,
,44272072.075,59.9668007,1999.70202636719,0.000683640312396862,2.45439988680042E-7,1,0.999253354069792,40.0298881530762,2.00071366996131,19.0799999982119,0.00779781678414242,0.0014321696111286,0.25,4.18993970062007E-6,0.000685467291846196,8.91690441513371E-6,59.9665413,59.9670601,1999.70202636719,1999.70202636719,61.6579841110065,20.7789533528819,7.019488,0,0,0,40,4885,60.03235,1999.70202636719,,,,,,,,,,,,,0,,,,3.1437492,,,,,,59.9668007,,,,
,44272073.335,59.96751975,1999.70202636719,0.000684346531344696,2.27823358692819E-7,1,0.999253354069792,40.0298881530762,2.00065486686767,19.0799999982119,0.00780547749865731,0.00143438685212307,0.25,4.26165665695124E-6,0.00068617167320968,8.99498199985788E-6,59.9670601,59.9679794,1999.70202636719,1999.70202636719,61.7072267077181,20.7802313643393,6.646428,0,0,0,40,4885,60.0134,1999.70202636719,,,,,,,,,,,,,0,,,,3.1437492,,,,,,59.96751975,,,,
,44272074.54,59.96817205,1999.70202636719,0.000684033834333768,2.47727375321625E-7,1,0.999253354069792,40.0298881530762,2.00062511546496,19.0799999982119,0.00780212083791971,0.00143190409891024,0.25,4.10145110530514E-6,0.000685859228002506,8.83218470814767E-6,59.9679794,59.9683647,1999.70202636719,1999.70202636719,61.8987256949296,20.780401325084,7.019488,0,0,0,40,4885,60.0134,1999.70202636719,,,,,,,,,,,,,0,,,,3.1281246,,,,,,59.96817205,,,,
,44272076.55,59.969944,1999.70202636719,0.000683634918903905,3.16365916273391E-7,1,0.999253354069792,40.0298881530762,2.000705516584,19.0799999982119,0.00779796394529728,0.00143080278336579,0.25,4.07168542279899E-6,0.000685462661113626,8.79829494437723E-6,59.969944,59.969944,1999.70202636719,1999.70202636719,61.8315056422758,20.7803491555578,6.646428,0,0,0,40,4885,60.0323,1999.70202636719,,,,,,,,,,,,,0,,,,3.1125,,,,,,59.969944,,,,
,44272077.175,59.97026255,1999.70202636719,0.000684252184817965,3.05413835938742E-7,1,0.999253354069792,40.0298881530762,2.00069314342033,19.0699994564056,0.00780440222501415,0.00143511799223329,0.25,4.34050274007611E-6,0.000686078123571705,9.07274527447038E-6,59.969944,59.9705811,1999.70202636719,1999.70202636719,62.0824083969489,20.7805219587921,7.019488,0,0,0,40,4885,60.02285,1999.70202636719,,,,,,,,,,,,,0,,,,3.1125,,,,,,59.97026255,,,,
,44272079.115,59.9710236,1999.70202636719,0.000684083998916615,1.96228855791101E-7,1,0.999253354069792,40.0298881530762,2.00071375573343,19.0799999982119,0.00780423384074453,0.00142566384574418,0.25,3.54225674737612E-6,0.000685919841267262,8.26923090464369E-6,59.9710236,59.9710236,1999.70202636719,1999.70202636719,61.5282337768142,20.7800953059027,6.646428,0,0,0,40,4885,60.0512,1999.70202636719,,,,,,,,,,,,,0,,,,3.1125,,,,,,59.9710236,,,,
,44272079.775,59.97184375,1999.70202636719,0.000684033100660891,2.63154082637066E-7,1,0.999253354069792,40.0298881530762,2.00070836784498,19.0699994564056,0.00780297693657009,0.00142903959065805,0.25,3.84649254724923E-6,0.000685863450576023,8.57524051265716E-6,59.9710236,59.9726639,1999.70202636719,1999.70202636719,61.8854380101027,20.7798234038128,7.019488,0,0,0,40,4885,60.03225,1999.70202636719,,,,,,,,,,,,,0,,,,3.1125,,,,,,59.97184375,,,,
,44272080.83,59.9726639,1999.70202636719,0.000683796627198012,2.43129986380582E-7,1,0.999253354069792,40.0298881530762,2.00070836784498,19.0699994564056,0.0077998422160131,0.0014307957365213,0.25,4.04148432594377E-6,0.000685621732163689,8.77042505211726E-6,59.9726639,59.9726639,1999.70202636719,1999.70202636719,61.7971139874296,20.7798234038128,6.646428,0,0,0,40,4885,60.0133,1999.70202636719,,,,,,,,,,,,,0,,,,3.1281246,,,,,,59.9726639,,,,
,44272081.955,59.9736004,1999.70202636719,0.000683971061728802,2.49614677716614E-7,1,0.999253354069792,40.0298881530762,2.00080897478221,19.0799999982119,0.00780252737645272,0.00142941409923908,0.25,3.88355885866431E-6,0.000685797720165608,8.61327506363756E-6,59.9726639,59.9745369,1999.70202636719,1999.70202636719,61.9784518038912,20.7807091368299,6.646428,0,0,0,40,4885,60.0133,1999.70202636719,,,,,,,,,,,,,0,,,,3.1281246,,,,,,59.9736004,,,,
,44272083.275,59.9749565,1999.70202636719,0.000684360706225037,1.97698736174708E-7,1,0.999253354069792,40.0298881530762,2.00069579634627,19.0699994564056,0.00780596597207674,0.00143345353604192,0.25,4.17496758738051E-6,0.000686186397069695,8.90816172601697E-6,59.9745369,59.9753761,1999.70202636719,1999.70202636719,61.7549060473911,20.7799235038895,7.019488,0,0,0,40,4885,60.0133,1999.70202636719,,,,,,,,,,,,,0,,,,3.1281246,,,,,,59.9749565,,,,
,44272084.405,59.97577285,1999.70202636719,0.000683940250651078,2.73963389272287E-7,1,0.999253354069792,40.0298881530762,2.00070797849391,19.0799999982119,0.00780185975948547,0.00142905423229111,0.25,3.86389843348121E-6,0.000685768562039375,8.59270251992425E-6,59.9753761,59.9761696,1999.70202636719,1999.70202636719,61.9088868656796,20.7799864711858,6.646428,0,0,0,40,4885,60.02275,1999.70202636719,,,,,,,,,,,,,0,,,,3.1281246,,,,,,59.97577285,,,,
,44272085.43,59.97619055,1999.70202636719,0.000683785987124721,3.06410730481032E-7,1,0.999253354069792,40.0298881530762,2.00068408208947,19.0799999982119,0.00779966384054125,0.00143067478054333,0.25,4.03460185430493E-6,0.000685612698534386,8.76280464461677E-6,59.9761696,59.9762115,1999.70202636719,1999.70202636719,61.8143098148527,20.7782214352633,7.019488,0,0,0,40,4885,60.02275,1999.70202636719,,,,,,,,,,,,,0,,,,3.1125,,,,,,59.97619055,,,,
,44272086.57,59.9767017,1999.70202636719,0.000684149135631298,2.34301645229927E-7,1,0.999253354069792,40.0298881530762,2.00076631477197,19.0799999982119,0.00780438514174454,0.00142984076335169,0.25,3.89189176590322E-6,0.00068597618978006,8.62285883864625E-6,59.9762115,59.9771919,1999.70202636719,1999.70202636719,61.5469928612758,20.7824835632483,7.019488,0,0,0,40,4885,60.0133,1999.70202636719,,,,,,,,,,,,,0,,,,3.1125,,,,,,59.9767017,,,,
,44272087.68,59.97745895,1999.70202636719,0.000684090953354966,2.81025907095216E-7,1,0.999253354069792,40.0298881530762,2.00065905785432,19.0799999982119,0.0078032186094476,0.00143023432148125,0.25,3.94307155250323E-6,0.000685917489551463,8.67377578160376E-6,59.9771919,59.977726,1999.70202636719,1999.70202636719,62.2481136430258,20.7797585935519,7.019488,0,0,0,40,4885,60.0133,1999.70202636719,,,,,,,,,,,,,0,,,,3.1125,,,,,,59.97745895,,,,
,44272088.705,59.9778347,1999.70202636719,0.00068360184537203,2.80361200982073E-7,1,0.999253354069792,40.0298881530762,2.00068855491342,19.0799999982119,0.00779754351494903,0.00143039029523819,0.25,4.0417097119956E-6,0.000685426372062999,8.76930648805374E-6,59.977726,59.9779434,1999.70202636719,1999.70202636719,61.6634555106411,20.780637550387,6.646428,0,0,0,40,4885,60.0133,1999.70202636719,,,,,,,,,,,,,0,,,,3.1125,,,,,,59.9778347,,,,
,44272089.765,59.9784622,1999.70202636719,0.000683939005501101,2.4925961459168E-7,1,0.999253354069792,40.0298881530762,2.00066233692145,19.0799999982119,0.00780087905334878,0.00143340603004665,0.25,4.24759569017098E-6,0.00068576301933649,8.97807659726201E-6,59.9779434,59.978981,1999.70202636719,1999.70202636719,61.7345837058911,20.78139169901,6.646428,0,0,0,40,4885,60.0133,1999.70202636719,,,,,,,,,,,,,0,,,,3.1281246,,,,,,59.9784622,,,,
,44272090.935,59.9790573,1999.70202636719,0.000684078283289343,2.43993270577776E-7,1,0.999253354069792,40.0298881530762,2.00074031808816,19.0799999982119,0.00780266483396056,0.0014342720890728,0.25,4.29408256937631E-6,0.000685902348160128,9.02565034569371E-6,59.978981,59.9791336,1999.70202636719,1999.70202636719,62.119926565872,20.7815994783104,7.019488,0,0,0,40,4885,60.0133,1999.70202636719,,,,,,,,,,,,,0,,,,3.1281246,,,,,,59.9790573,,,,
,44272092.005,59.97940445,1999.70202636719,0.000684112479431079,2.58507356136539E-7,1,0.999253354069792,40.0298881530762,2.00070745934863,19.0799999982119,0.00780402509447768,0.00142816182291593,0.25,3.75487000179956E-6,0.000685940354083022,8.48521254004316E-6,59.9791336,59.9796753,1999.70202636719,1999.70202636719,61.9503131771988,20.7795046499303,6.646428,0,0,0,40,4885,60.0133,1999.70202636719,,,,,,,,,,,,,0,,,,3.1281246,,,,,,59.97940445,,,,
,44272093.03,59.98010255,1999.70202636719,0.000683879885753518,2.55818295832859E-7,1,0.999253354069792,40.0298881530762,2.00065072103852,19.0799999982119,0.00780104615754962,0.00142828521679441,0.25,3.81030348760005E-6,0.00068570674105416,8.53919132964145E-6,59.9796753,59.9805298,1999.70202636719,1999.70202636719,61.2898370784488,20.7792448672308,6.646428,0,0,0,40,4885,60.0133,1999.70202636719,,,,,,,,,,,,,0,,,,3.1281246,,,,,,59.98010255,,,,
,44272095.06,59.9810143,1999.70202636719,0.000684087882357689,2.72161681571177E-7,1,0.999253354069792,40.0298881530762,2.00077477968942,19.0799999982119,0.00780378875250723,0.00142931198478413,0.25,3.85593650036562E-6,0.000685914917721161,8.58640692629603E-6,59.9810143,59.9810143,1999.70202636719,1999.70202636719,61.5204174916219,20.7817945716572,6.646428,0,0,0,40,4885,60.01295,1999.70202636719,,,,,,,,,,,,,0,,,,3.1437492,,,,,,59.9810143,,,,
,44272095.725,59.9814911,1999.70202636719,0.000684304114579568,3.21815769836157E-7,1,0.999253354069792,40.0298881530762,2.00069255920242,19.0699994564056,0.00780544972619956,0.00143253202304435,0.25,4.1045049694935E-6,0.000686130076391604,8.83711690511384E-6,59.9810143,59.9819679,1999.70202636719,1999.70202636719,61.8354137848719,20.7797176873521,7.019488,0,0,0,40,4885,60.0133,1999.70202636719,,,,,,,,,,,,,0,,,,3.1281246,,,,,,59.9814911,,,,
,44272096.905,59.9821777,1999.70202636719,0.000683636354866076,2.40423573116E-7,1,0.999253354069792,40.0298881530762,2.00064017499123,19.0799999982119,0.00779766638359116,0.00143093698295824,0.25,4.08634729219068E-6,0.000685460565973233,8.81432649167464E-6,59.9819679,59.9823875,1999.70202636719,1999.70202636719,61.6345352554296,20.7801810650513,7.019488,0,0,0,40,4885,60.01295,1999.70202636719,,,,,,,,,,,,,0,,,,3.1125,,,,,,59.9821777,,,,
,44272098.03,59.98241995,1999.70202636719,0.000683694712552012,2.25920529116426E-7,1,0.999253354069792,40.0298881530762,2.00076583002955,19.0799999982119,0.00779909692811893,0.00142945443270645,0.25,3.93864486057419E-6,0.000685519987090946,8.66667085406705E-6,59.9823875,59.9824524,1999.70202636719,1999.70202636719,61.6853411091796,20.7824085014478,6.646428,0,0,0,40,4885,60.0123,1999.70202636719,,,,,,,,,,,,,0,,,,3.1125,,,,,,59.98241995,,,,
,44272099.265,59.9826832,1999.70202636719,0.000684092822237079,2.21309040324094E-7,1,0.999253354069792,40.0298881530762,2.00067691178024,19.0799999982119,0.00780302561448625,0.00143181487555248,0.25,4.0800547225367E-6,0.000685918145749496,8.81123119442539E-6,59.9824524,59.982914,1999.70202636719,1999.70202636719,61.8416668130258,20.7818084118064,6.273368,0,0,0,40,4885,60.012,1999.70202636719,,,,,,,,,,,,,0,,,,3.1125,,,,,,59.9826832,,,,
,44272100.545,59.98293115,1999.70202636719,0.000683634192183139,2.58347710992672E-7,1,0.999253354069792,40.0298881530762,2.00074090161792,19.0799999982119,0.00779800769753262,0.00143103454003681,0.25,4.08922961292854E-6,0.00068545820743738,8.81726644507547E-6,59.982914,59.9829483,1999.70202636719,1999.70202636719,61.6525127113719,20.7814799435875,6.646428,0,0,0,40,4885,60.012,1999.70202636719,,,,,,,,,,,,,0,,,,3.1125,,,,,,59.98293115,,,,
,44272101.71,59.98301505,1999.70202636719,0.000683972263261248,2.59137451318495E-7,1,0.999253354069792,40.0298881530762,2.00082004997609,19.0799999982119,0.00780224193687047,0.00143132235066036,0.25,4.04975980097255E-6,0.000685797466022268,8.78002231581081E-6,59.9829483,59.9830818,1999.70202636719,1999.70202636719,61.6650187676796,20.7795627949112,6.646428,0,0,0,40,4885,60.012,1999.70202636719,,,,,,,,,,,,,0,,,,3.1125,,,,,,59.98301505,,,,
,44272102.79,59.98306465,1999.70202636719,0.000683831889339166,2.85024873827256E-7,1,0.999253354069792,40.0298881530762,2.00075819307449,19.0799999982119,0.00780072770803186,0.00142920034284108,0.25,3.89251120668445E-6,0.000685657796291828,8.62137911261322E-6,59.9830475,59.9830818,1999.70202636719,1999.70202636719,61.8572993834104,20.7835832676338,7.019488,0,0,0,40,4885,60.012,1999.70202636719,,,,,,,,,,,,,0,,,,3.1125,,,,,,59.98306465,,,,
,44272103.93,59.9830513,1999.70202636719,0.000683770584457422,2.79630990565871E-7,1,0.999253354069792,40.0298881530762,2.00066062051323,19.0799999982119,0.00779889818329923,0.0014332289259181,0.25,4.26164458143066E-6,0.000685592156396075,8.99173408514531E-6,59.9830475,59.9830551,1999.70202636719,1999.70202636719,61.7369285914488,20.7809831243642,6.646428,0,0,0,40,4885,60.00255,1999.70202636719,,,,,,,,,,,,,0,,,,3.1125,,,,,,59.9830513,,,,
,44272105.13,59.98306465,1999.70202636719,0.000683757921373731,2.436118679108E-7,1,0.999253354069792,40.0298881530762,2.00071646219901,19.0799999982119,0.00779931166730957,0.00143115630159337,0.25,4.078673610589E-6,0.000685579099000106,8.8088249285217E-6,59.9830551,59.9830742,1999.70202636719,1999.70202636719,61.7791365314873,20.7823297784619,7.019488,0,0,0,40,4885,59.9931,1999.70202636719,,,,,,,,,,,,,0,,,,3.1125,,,,,,59.98306465,,,,
,44272106.23,59.98309135,1999.70202636719,0.000683445630266781,2.85510656815277E-7,1,0.999253354069792,40.0298881530762,2.0007885983621,19.0799999982119,0.00779589809155412,0.00143111627883119,0.25,4.12587926446644E-6,0.000685264014675538,8.85464661980409E-6,59.9830742,59.9831085,1999.70202636719,1999.70202636719,61.9362438638527,20.783250978345,6.646428,0,0,0,40,4885,59.98365,1999.70202636719,,,,,,,,,,,,,0,,,,3.1125,,,,,,59.98309135,,,,
,44272107.365,59.9829731,1999.70202636719,0.00068360931473906,2.56170714900194E-7,1,0.999253354069792,40.0298881530762,2.00073123575352,19.0799999982119,0.00779846876620159,0.00142625202385019,0.25,3.67428220934208E-6,0.000685431259825514,8.40295909925531E-6,59.9828377,59.9831085,1999.70202636719,1999.70202636719,61.6478229402565,20.782213033229,6.646428,0,0,0,40,4885,59.98365,1999.70202636719,,,,,,,,,,,,,0,,,,3.1125,,,,,,59.9829731,,,,
,44272108.65,59.9829674,1999.70202636719,0.000683866831313309,3.04320055282562E-7,1,0.999253354069792,40.0298881530762,2.00065833665279,19.0799999982119,0.00780014349044017,0.00143233492894658,0.25,4.16568322951999E-6,0.000685686080344666,8.89746558485847E-6,59.9828377,59.9830971,1999.70202636719,1999.70202636719,61.9268643216219,20.7796368028751,6.646428,0,0,0,40,4885,59.98365,1999.70202636719,,,,,,,,,,,,,0,,,,3.1125,,,,,,59.9829674,,,,
,44272110.84,59.9828987,1999.70202636719,0.000683919721600453,2.42994864927504E-7,1,0.999253354069792,40.0298881530762,2.00071904007897,19.0799999982119,0.00780141195268086,0.00142990003674866,0.25,3.93907241523122E-6,0.000685739054293225,8.67125173181804E-6,59.9828987,59.9828987,1999.70202636719,1999.70202636719,61.720514392545,20.7807827667879,6.646428,0,0,0,40,4885,59.9742,1999.70202636719,,,,,,,,,,,,,0,,,,3.1281246,,,,,,59.9828987,,,,
,44272112.325,59.9829712,1999.70202636719,0.000683979416536829,1.9397860039252E-7,1,0.999253354069792,40.0298881530762,2.00077799421329,19.0799999982119,0.00780238853632262,0.00142984702215303,0.25,3.92106420664144E-6,0.000685802281894048,8.6523179592574E-6,59.9829712,59.9829712,1999.70202636719,1999.70202636719,61.7721018748142,20.7802571237812,7.019488,0,0,0,40,4885,59.9931,1999.70202636719,,,,,,,,,,,,,0,,,,3.1125,,,,,,59.9829712,,,,
,44272113.065,59.98283005,1999.70202636719,0.000683817253940717,1.88682558293233E-7,1,0.999253354069792,40.0298881530762,2.00076492306933,19.0699994564056,0.00779934719263541,0.00143594430750106,0.25,4.48456595167057E-6,0.000685635792896401,9.21622459516479E-6,59.9826889,59.9829712,1999.70202636719,1999.70202636719,62.1082021380835,20.7807332621072,7.019488,0,0,0,40,4885,59.9931,1999.70202636719,,,,,,,,,,,,,0,,,,3.1125,,,,,,59.98283005,,,,
,44272114.24,59.9825802,1999.70202636719,0.000683862122400181,2.44651460214274E-7,1,0.999253354069792,40.0298881530762,2.00069402870021,19.0799999982119,0.0078000956292204,0.00143317125272619,0.25,4.23799619547609E-6,0.000685682486833596,8.96929765405448E-6,59.9824715,59.9826889,1999.70202636719,1999.70202636719,61.7603774470258,20.7814836268896,6.646428,0,0,0,40,4885,59.9931,1999.70202636719,,,,,,,,,,,,,0,,,,3.1125,,,,,,59.9825802,,,,
,44272116.26,59.9824104,1999.70202636719,0.000683712387335619,2.74615255126639E-7,1,0.999253354069792,40.0298881530762,2.00074059193082,19.0799999982119,0.00779915875728367,0.00142951645954272,0.25,3.94169815397543E-6,0.000685534393364868,8.67116481503372E-6,59.9824104,59.9824104,1999.70202636719,1999.70202636719,61.6720534243527,20.7790606324322,7.019488,0,0,0,40,4885,59.9931,1999.70202636719,,,,,,,,,,,,,0,,,,3.1437492,,,,,,59.9824104,,,,
,44272117.72,59.98257065,1999.70202636719,0.00068385056533385,2.29434562109446E-7,1,0.999253354069792,40.0298881530762,2.00075539567403,19.0799999982119,0.00780123114438637,0.00142754168325743,0.25,3.74410929555467E-6,0.000685677551507431,8.47270404228111E-6,59.9824524,59.9826889,1999.70202636719,1999.70202636719,61.5165093490257,20.7792156093282,7.019488,0,0,0,40,4885,60.012,1999.70202636719,,,,,,,,,,,,,0,,,,3.1281246,,,,,,59.98257065,,,,
,44272118.47,59.9828987,1999.70202636719,0.000683865042123576,2.32173860025596E-7,1,0.999253354069792,40.0298881530762,2.00075669775527,19.0799999982119,0.00780060249794373,0.0014320760549599,0.25,4.13855885132623E-6,0.000685689342783623,8.86832216409301E-6,59.9826889,59.9831085,1999.70202636719,1999.70202636719,61.6071782572565,20.7813922586736,7.019488,0,0,0,40,4885,60.012,1999.70202636719,,,,,,,,,,,,,0,,,,3.1281246,,,,,,59.9828987,,,,
,44272119.69,59.98327825,1999.70202636719,0.000684398236118677,3.15613939334537E-7,1,0.999253354069792,40.0298881530762,2.00077750137656,19.0799999982119,0.00780677414224777,0.00143313674537199,0.25,4.13565089070607E-6,0.000686223997879562,8.86908522445821E-6,59.9831085,59.983448,1999.70202636719,1999.70202636719,61.8338505278335,20.7796618430831,6.646428,0,0,0,40,4885,60.012,1999.70202636719,,,,,,,,,,,,,0,,,,3.1281246,,,,,,59.98327825,,,,
,44272120.815,59.98345755,1999.70202636719,0.000683956848762443,2.42376139357987E-7,1,0.999253354069792,40.0298881530762,2.00077697926401,19.0799999982119,0.0078016031254258,0.00143286200516095,0.25,4.18952857760615E-6,0.000685779418735769,8.92070818160777E-6,59.983448,59.9834671,1999.70202636719,1999.70202636719,61.7564693044296,20.7793626351875,7.019488,0,0,0,40,4885,60.00255,1999.70202636719,,,,,,,,,,,,,0,,,,3.1281246,,,,,,59.98345755,,,,
,44272122.885,59.9838943,1999.70202636719,0.000684031052558136,2.80611621137314E-7,1,0.999253354069792,40.0298881530762,2.00072792864422,19.0799999982119,0.0078033354594192,0.00142685353849296,0.25,3.65273632941637E-6,0.000685855900768015,8.38362061968917E-6,59.9838943,59.9838943,1999.70202636719,1999.70202636719,61.7971139874296,20.7801256838887,7.019488,0,0,0,40,4885,59.9931,1999.70202636719,,,,,,,,,,,,,0,,,,3.1437492,,,,,,59.9838943,,,,
,44272124.43,59.9839668,1999.70202636719,0.000683704389588802,2.3579973183587E-7,1,0.999253354069792,40.0298881530762,2.000736095063,19.0799999982119,0.00779856454079095,0.00143223786121135,0.25,4.18171512037003E-6,0.000685524702732498,8.91177555636201E-6,59.9839668,59.9839668,1999.70202636719,1999.70202636719,61.6853411091796,20.7820890190622,7.019488,0,0,0,40,4885,59.9931,1999.70202636719,,,,,,,,,,,,,0,,,,3.1281246,,,,,,59.9839668,,,,
,44272125.915,59.9847374,1999.70202636719,0.000683811276614052,2.64505595886626E-7,1,0.999253354069792,40.0298881530762,2.00077496159563,19.0799999982119,0.00779998833370235,0.0014319332951265,0.25,4.13303490724887E-6,0.000685628960072581,8.86498901513676E-6,59.9847374,59.9847374,1999.70202636719,1999.70202636719,61.7877344451988,20.7789409305244,7.019488,0,0,0,40,4885,59.9742,1999.70202636719,,,,,,,,,,,,,0,,,,3.1125,,,,,,59.9847374,,,,
,44272127.415,59.98468395,1999.70202636719,0.000683837126973532,2.39295238691706E-7,1,0.999253354069792,40.0298881530762,2.00071783444078,19.0699994564056,0.00780039280506525,0.00143034883541707,0.25,3.99383349802779E-6,0.000685659089050501,8.72430181455574E-6,59.9845695,59.9847984,1999.70202636719,1999.70202636719,61.9417152634873,20.7784881934126,7.019488,0,0,0,40,4885,59.9931,1999.70202636719,,,,,,,,,,,,,0,,,,3.1281246,,,,,,59.98468395,,,,
,44272128.095,59.9850235,1999.70202636719,0.000683675755128713,2.88001532931027E-7,1,0.999253354069792,40.0298881530762,2.00073166173818,19.0799999982119,0.00779875045691084,0.00142919126594593,0.25,3.92025212763419E-6,0.000685497785382855,8.64940764663885E-6,59.9847984,59.9852486,1999.70202636719,1999.70202636719,61.8002405015065,20.7830244986253,7.019488,0,0,0,40,4885,59.9931,1999.70202636719,,,,,,,,,,,,,0,,,,3.1125,,,,,,59.9850235,,,,
,44272129.33,59.9852829,1999.70202636719,0.000683790411668877,2.93889236046173E-7,1,0.999253354069792,40.0298881530762,2.00073948297004,19.0799999982119,0.00780050155181156,0.00142699351251116,0.25,3.70661643063049E-6,0.00068561260108984,8.43663048522384E-6,59.9852486,59.9853172,1999.70202636719,1999.70202636719,61.9659457475835,20.7810553690917,6.646428,0,0,0,40,4885,59.98365,1999.70202636719,,,,,,,,,,,,,0,,,,3.1125,,,,,,59.9852829,,,,
,44272130.585,59.98561285,1999.70202636719,0.000684060101193926,2.98518460405269E-7,1,0.999253354069792,40.0298881530762,2.00083710975102,19.0799999982119,0.00780336557383121,0.00143097312308009,0.25,4.00185079263684E-6,0.000685882602210581,8.73387959128685E-6,59.9853172,59.9859085,1999.70202636719,1999.70202636719,61.5133828349488,20.781571786152,7.019488,0,0,0,40,4885,59.9931,1999.70202636719,,,,,,,,,,,,,0,,,,3.1125,,,,,,59.98561285,,,,
,44272132.72,59.98620415,1999.70202636719,0.00068403924669945,2.55134628980543E-7,1,0.999253354069792,40.0298881530762,2.00079623568971,19.0799999982119,0.00780319169660481,0.00142989855567779,0.25,3.91462229700282E-6,0.000685865533193696,8.64498046584199E-6,59.9861794,59.9862289,1999.70202636719,1999.70202636719,61.6228108276411,20.7799402337527,7.019488,0,0,0,40,4885,60.012,1999.70202636719,,,,,,,,,,,,,0,,,,3.1281246,,,,,,59.98620415,,,,
,44272134.21,59.9867973,1999.70202636719,0.000684025758671802,2.10289856495812E-7,1,0.999253354069792,40.0298881530762,2.00076363775246,19.0799999982119,0.00780330332641369,0.00142745356289844,0.25,3.70410277150082E-6,0.000685850210577023,8.43508911469896E-6,59.9867973,59.9867973,1999.70202636719,1999.70202636719,61.6955022799296,20.7818389809965,6.646428,0,0,0,40,4885,59.9931,1999.70202636719,,,,,,,,,,,,,0,,,,3.1125,,,,,,59.9867973,,,,
,44272134.86,59.98662945,1999.70202636719,0.000683982725422853,2.70649398790602E-7,1,0.999253354069792,40.0298881530762,2.00073105345655,19.0799999982119,0.00780218671423782,0.00143008024534699,0.25,3.94333874715952E-6,0.000685803787761411,8.6753198078279E-6,59.9864616,59.9867973,1999.70202636719,1999.70202636719,61.6634555106411,20.7822570058381,6.646428,0,0,0,40,4885,59.98365,1999.70202636719,,,,,,,,,,,,,0,,,,3.1125,,,,,,59.98662945,,,,
,44272136.94,59.98723795,1999.70202636719,0.00068378639529693,2.90907377404993E-7,1,0.999253354069792,40.0298881530762,2.00064415618167,19.0799999982119,0.00779933708778369,0.00143112379200767,0.25,4.07436440495268E-6,0.000685604392966913,8.80598803306994E-6,59.9870491,59.9874268,1999.70202636719,1999.70202636719,62.0042455450258,20.7791920557917,6.646428,0,0,0,40,4885,59.9742,1999.70202636719,,,,,,,,,,,,,0,,,,3.1281246,,,,,,59.98723795,,,,
,44272137.61,59.98749735,1999.70202636719,0.000683799709291155,2.69751901186418E-7,1,0.999253354069792,40.0298881530762,2.00076019509973,19.0799999982119,0.00780032846130211,0.00142903342099414,0.25,3.88238358558012E-6,0.000685620689622408,8.61293652311962E-6,59.9874268,59.9875679,1999.70202636719,1999.70202636719,61.7885160737181,20.7810018963472,7.019488,0,0,0,40,4885,59.98365,1999.70202636719,,,,,,,,,,,,,0,,,,3.1281246,,,,,,59.98749735,,,,
,44272138.765,59.9875221,1999.70202636719,0.000683902670268233,2.67086726182146E-7,1,0.999253354069792,40.0298881530762,2.00064284397262,19.0799999982119,0.0078009049766343,0.00143029767373916,0.25,3.98257428727877E-6,0.000685726483273769,8.71281930038091E-6,59.9874763,59.9875679,1999.70202636719,1999.70202636719,61.9815783179681,20.781585294067,7.019488,0,0,0,40,4885,60.00255,1999.70202636719,,,,,,,,,,,,,0,,,,3.1281246,,,,,,59.9875221,,,,
,44272140.01,59.9875469,1999.70202636719,0.000683756478444586,2.25115289491964E-7,1,0.999253354069792,40.0298881530762,2.00069121099725,19.0799999982119,0.00779877737741571,0.00143373894507193,0.25,4.30735963348249E-6,0.000685579276302617,9.03683064303271E-6,59.9874763,59.9876175,1999.70202636719,1999.70202636719,61.8744952108335,20.7817424672104,7.019488,0,0,0,40,4885,60.012,1999.70202636719,,,,,,,,,,,,,0,,,,3.1281246,,,,,,59.9875469,,,,
,44272142.07,59.9876862,1999.70202636719,0.00068370839232717,2.58326747503502E-7,1,0.999253354069792,40.0298881530762,2.00065836227318,19.0799999982119,0.00779879426394753,0.00142931128495493,0.25,3.92861282151445E-6,0.000685527181378933,8.65930438223747E-6,59.9876862,59.9876862,1999.70202636719,1999.70202636719,62.1730773051796,20.783477944773,6.646428,0,0,0,40,4885,59.9742,1999.70202636719,,,,,,,,,,,,,0,,,,3.09703065,,,,,,59.9876862,,,,
,44272142.835,59.98811725,1999.70202636719,0.000683698201800869,2.57291780127721E-7,1,0.999253354069792,40.0298881530762,2.000659015661,19.0699994564056,0.00779877360632918,0.00142897928566733,0.25,3.90204039350617E-6,0.00068552038919738,8.63130120928952E-6,59.9876862,59.9885483,1999.70202636719,1999.70202636719,61.527452148295,20.7805733377751,6.646428,0,0,0,40,4885,59.9931,1999.70202636719,,,,,,,,,,,,,0,,,,3.11265525,,,,,,59.98811725,,,,
,44272145.09,59.9885979,1999.70202636719,0.000683727938109737,2.58862031231667E-7,1,0.999253354069792,40.0298881530762,2.0006578542082,19.0699994564056,0.00779934121590853,0.00142772801271165,0.25,3.7872521425854E-6,0.000685550993623015,8.51640767986607E-6,59.9885979,59.9885979,1999.70202636719,1999.70202636719,61.6822145951027,20.7830836187481,6.646428,0,0,0,40,4885,59.9931,1999.70202636719,,,,,,,,,,,,,0,,,,3.1125,,,,,,59.9885979,,,,
,44272145.75,59.9886856,1999.70202636719,0.000683876712782526,2.65216956939988E-7,1,0.999253354069792,40.0298881530762,2.00063492903329,19.0799999982119,0.0078001154523579,0.00143285402292982,0.25,4.21153519576398E-6,0.00068569886450524,8.94222072591824E-6,59.9885979,59.9887733,1999.70202636719,1999.70202636719,61.9370254923719,20.7806415725734,6.646428,0,0,0,40,4885,60.00255,1999.70202636719,,,,,,,,,,,,,0,,,,3.1125,,,,,,59.9886856,,,,
,44272146.84,59.9890289,1999.70202636719,0.000683678391489596,2.59955657594855E-7,1,0.999253354069792,40.0298881530762,2.00060154069192,19.0799999982119,0.0077973218649443,0.00143471419245778,0.25,4.41161549075847E-6,0.00068549862241038,9.14147401106353E-6,59.9887733,59.9892845,1999.70202636719,1999.70202636719,61.7494346477565,20.7823172033718,6.646428,0,0,0,40,4885,60.00255,1999.70202636719,,,,,,,,,,,,,0,,,,3.1125,,,,,,59.9890289,,,,
,44272148.83,59.9899292,1999.70202636719,0.000683664846845465,2.27576823939635E-7,1,0.999253354069792,40.0298881530762,2.00062358525116,19.0799999982119,0.00779852122689586,0.00142742031978829,0.25,3.77353506640202E-6,0.000685487813804187,8.50221790912064E-6,59.9899292,59.9899292,1999.70202636719,1999.70202636719,61.7283306777373,20.7810460274114,7.019488,0,0,0,40,4885,59.9931,1999.70202636719,,,,,,,,,,,,,0,,,,3.1281246,,,,,,59.9899292,,,,
,44272150.33,59.9902954,1999.70202636719,0.000684118554916007,2.60538923657859E-7,1,0.999253354069792,40.0298881530762,2.00068881094875,19.0799999982119,0.00780357267216232,0.00143069161642421,0.25,3.97642258958536E-6,0.000685944591152806,8.70749491801787E-6,59.9902954,59.9902954,1999.70202636719,1999.70202636719,61.8658972971219,20.7807242287788,6.646428,0,0,0,40,4885,60.012,1999.70202636719,,,,,,,,,,,,,0,,,,3.1125,,,,,,59.9902954,,,,
,44272151.95,59.9909554,1999.70202636719,0.000683892431133097,2.74649788338657E-7,1,0.999253354069792,40.0298881530762,2.00066634068046,19.0799999982119,0.00780108763150453,0.00142920071352767,0.25,3.88729385405833E-6,0.000685718463464293,8.61656441400577E-6,59.9909554,59.9909554,1999.70202636719,1999.70202636719,62.2653094704489,20.7825020708996,7.019488,0,0,0,40,4885,60.012,1999.70202636719,,,,,,,,,,,,,0,,,,3.1437492,,,,,,59.9909554,,,,
,44272153.43,59.9910088,1999.70202636719,0.000683890538584974,2.13090260791395E-7,1,0.999253354069792,40.0298881530762,2.00066772913206,19.0799999982119,0.00780111523337767,0.00142873505954529,0.25,3.84602862114253E-6,0.000685713605394145,8.57646506483162E-6,59.9910088,59.9910088,1999.70202636719,1999.70202636719,61.5391765760834,20.782654951465,6.646428,0,0,0,40,4885,59.9931,1999.70202636719,,,,,,,,,,,,,0,,,,3.1125,,,,,,59.9910088,,,,
,44272154.125,59.9911709,1999.70202636719,0.000683679560267346,2.66923058213262E-7,1,0.999253354069792,40.0298881530762,2.00059331161778,19.0799999982119,0.00779813888366745,0.00142989831116169,0.25,3.98975568736744E-6,0.000685501062976644,8.71912471003272E-6,59.9910088,59.991333,1999.70202636719,1999.70202636719,61.6790880810258,20.7805607322721,7.019488,0,0,0,40,4885,59.9931,1999.70202636719,,,,,,,,,,,,,0,,,,3.1281246,,,,,,59.9911709,,,,
,44272155.4,59.9913635,1999.70202636719,0.000683590426146833,2.34071590013593E-7,1,0.999253354069792,40.0298881530762,2.00057625337005,19.0799999982119,0.00779797453026895,0.00142442976862835,0.25,3.52726486430666E-6,0.00068541325566384,8.25541313350692E-6,59.991333,59.991394,1999.70202636719,1999.70202636719,61.7322388203335,20.7811112899413,7.019488,0,0,0,40,4885,59.98365,1999.70202636719,,,,,,,,,,,,,0,,,,3.1281246,,,,,,59.9913635,,,,
,44272156.685,59.9914436,1999.70202636719,0.000683614672216934,2.93992724142368E-7,1,0.999253354069792,40.0298881530762,2.00061971877608,19.0699994564056,0.00779791172475316,0.00142722622858854,0.25,3.76493174942731E-6,0.000685434302701497,8.49453394422611E-6,59.991394,59.9914932,1999.70202636719,1999.70202636719,61.852609612295,20.783563853361,7.019488,0,0,0,40,4885,59.9742,1999.70202636719,,,,,,,,,,,,,0,,,,3.1281246,,,,,,59.9914436,,,,
,44272158.765,59.9917793,1999.70202636719,0.000683885613495103,2.12054770234455E-7,1,0.999253354069792,40.0298881530762,2.00063286641601,19.0799999982119,0.00779983128369218,0.00143510817797203,0.25,4.40787065115617E-6,0.000685708027671066,9.13850445340617E-6,59.9917793,59.9917793,1999.70202636719,1999.70202636719,61.8174363289296,20.7819292613133,6.646428,0,0,0,40,4885,60.012,1999.70202636719,,,,,,,,,,,,,0,,,,3.1437492,,,,,,59.9917793,,,,
,44272160.355,59.9919205,1999.70202636719,0.000683699665282219,2.51001686251858E-7,1,0.999253354069792,40.0298881530762,2.00066296276508,19.0799999982119,0.00779842919000994,0.00143120871414483,0.25,4.09716992603345E-6,0.00068552209636059,8.82632371561404E-6,59.9919205,59.9919205,1999.70202636719,1999.70202636719,62.252021785622,20.7809193282423,6.646428,0,0,0,40,4885,60.00255,1999.70202636719,,,,,,,,,,,,,0,,,,3.1437492,,,,,,59.9919205,,,,
,44272161.08,59.9923592,1999.70202636719,0.000683848602733966,2.62261787662414E-7,1,0.999253354069792,40.0298881530762,2.00064724734635,19.0799999982119,0.00779982279871409,0.00143279428696151,0.25,4.2101915905784E-6,0.000685669029992057,8.94132333159446E-6,59.9919205,59.9927979,1999.70202636719,1999.70202636719,61.7767916459296,20.7826584701535,7.019488,0,0,0,40,4885,59.9931,1999.70202636719,,,,,,,,,,,,,0,,,,3.1281246,,,,,,59.9923592,,,,
,44272163.205,59.9929237,1999.70202636719,0.000683920171432689,2.45582348742114E-7,1,0.999253354069792,40.0298881530762,2.00054576706419,19.0799999982119,0.00780129271659837,0.00142706387367781,0.25,3.70167407614903E-6,0.000685744296564453,8.43192440224948E-6,59.9929237,59.9929237,1999.70202636719,1999.70202636719,61.6251557131988,20.781466368296,6.646428,0,0,0,40,4885,59.9931,1999.70202636719,,,,,,,,,,,,,0,,,,3.1281246,,,,,,59.9929237,,,,
,44272164.715,59.9931183,1999.70202636719,0.000683854214342545,2.44284078848284E-7,1,0.999253354069792,40.0298881530762,2.00061199548729,19.0799999982119,0.00780000977199761,0.00143134999128366,0.25,4.0848112994022E-6,0.000685675514937765,8.8156425839492E-6,59.9931183,59.9931183,1999.70202636719,1999.70202636719,61.5055665497565,20.7820958482404,7.019488,0,0,0,40,4885,59.9931,1999.70202636719,,,,,,,,,,,,,0,,,,3.1437492,,,,,,59.9931183,,,,
,44272165.355,59.9934025,1999.70202636719,0.00068406688093505,3.10166419831745E-7,1,0.999253354069792,40.0298881530762,2.00065246149592,19.0799999982119,0.007803009324235,0.00142964836263091,0.25,3.89639319880078E-6,0.000685893299956292,8.62689179339587E-6,59.9931183,59.9936867,1999.70202636719,1999.70202636719,61.9886129746412,20.7830326849892,7.019488,0,0,0,40,4885,60.012,1999.70202636719,,,,,,,,,,,,,0,,,,3.1281246,,,,,,59.9934025,,,,
,44272166.55,59.9939785,1999.70202636719,0.000683666584708098,2.19328573513348E-7,1,0.999253354069792,40.0298881530762,2.00066703896916,19.0799999982119,0.00779843311912371,0.00142918350796847,0.25,3.92580147117726E-6,0.000685491710869514,8.65361769691708E-6,59.9936867,59.9942703,1999.70202636719,1999.70202636719,61.8463565841412,20.7823046010977,7.019488,0,0,0,40,4885,60.012,1999.70202636719,,,,,,,,,,,,,0,,,,3.1125,,,,,,59.9939785,,,,
,44272167.76,59.99438475,1999.70202636719,0.00068378751982411,2.59927674633385E-7,1,0.999253354069792,40.0298881530762,2.00062578861192,19.0799999982119,0.00779891468347431,0.00143339330016635,0.25,4.27477096556215E-6,0.00068560731701018,9.00565553299176E-6,59.9942703,59.9944992,1999.70202636719,1999.70202636719,61.6251557131988,20.7812411765001,6.646428,0,0,0,40,4885,59.9931,1999.70202636719,,,,,,,,,,,,,0,,,,3.1281246,,,,,,59.99438475,,,,
,44272169,59.9948673,1999.70202636719,0.0006839613855744,2.87663199862509E-7,1,0.999253354069792,40.0298881530762,2.00060546571109,19.0699994564056,0.0078015556368904,0.00142950072991745,0.25,3.90387065759833E-6,0.000685782584736849,8.63559678218246E-6,59.9944992,59.9952354,1999.70202636719,1999.70202636719,61.2687331084296,20.7811315792994,6.646428,0,0,0,40,4885,59.98365,1999.70202636719,,,,,,,,,,,,,0,,,,3.1437492,,,,,,59.9948673,,,,
,44272170.305,59.99521065,1999.70202636719,0.000684194184244619,2.50288956067405E-7,1,0.999253354069792,40.0298881530762,2.0006123760024,19.0799999982119,0.00780463421199624,0.00142796477737286,0.25,3.72839212378608E-6,0.000686020467646888,8.45995985382914E-6,59.9951859,59.9952354,1999.70202636719,1999.70202636719,61.4789911801027,20.7835870653125,7.019488,0,0,0,40,4885,60.00255,1999.70202636719,,,,,,,,,,,,,0,,,,3.1281246,,,,,,59.99521065,,,,
,44272171.565,59.9951649,1999.70202636719,0.00068399520916303,2.18090266906406E-7,1,0.999253354069792,40.0298881530762,2.00065944957722,19.0799999982119,0.00780192338762623,0.00143116204742531,0.25,4.04125556139575E-6,0.000685820417805157,8.7716518872912E-6,59.9951439,59.9951859,1999.70202636719,1999.70202636719,61.8182179574489,20.7819050823004,6.646428,0,0,0,40,4885,60.012,1999.70202636719,,,,,,,,,,,,,0,,,,3.1281246,,,,,,59.9951649,,,,
,44272173.56,59.9953766,1999.70202636719,0.000683835698801663,2.6705332218156E-7,1,0.999253354069792,40.0298881530762,2.00058824758725,19.0799999982119,0.00780064253583497,0.00142582298377951,0.25,3.6047152504304E-6,0.000685656994883458,8.33541033109979E-6,59.9953003,59.9954529,1999.70202636719,1999.70202636719,61.4500709248911,20.7815834572818,6.646428,0,0,0,40,4885,59.9742,1999.70202636719,,,,,,,,,,,,,0,,,,3.1437492,,,,,,59.9953766,,,,
,44272175.135,59.9956207,1999.70202636719,0.000683655514126331,2.25414453780249E-7,1,0.999253354069792,40.0298881530762,2.00058299553275,19.0799999982119,0.00779764610094997,0.00143085441437634,0.25,4.07838001779798E-6,0.00068547629805253,8.80782222754118E-6,59.9956207,59.9956207,1999.70202636719,1999.70202636719,61.8182179574489,20.7825534625277,6.273368,0,0,0,40,4885,59.9931,1999.70202636719,,,,,,,,,,,,,0,,,,3.1125,,,,,,59.9956207,,,,
,44272175.815,59.9956455,1999.70202636719,0.000683493530832811,2.31807634953327E-7,1,0.999253354069792,40.0298881530762,2.0006130429024,19.0799999982119,0.00779660849642268,0.00142659744591252,0.25,3.73248550654436E-6,0.000685316263717946,8.45987428251322E-6,59.9956207,59.9956703,1999.70202636719,1999.70202636719,61.832287270795,20.7807315391974,7.019488,0,0,0,40,4885,59.9931,1999.70202636719,,,,,,,,,,,,,0,,,,3.1125,,,,,,59.9956455,,,,
,44272178.145,59.9958668,1999.70202636719,0.000683456212218384,3.32625123916828E-7,1,0.999253354069792,40.0298881530762,2.00063060354079,19.0799999982119,0.00779532020317867,0.00143165583815045,0.25,4.18070591557247E-6,0.000685274125980732,8.90969290161976E-6,59.9957695,59.9959641,1999.70202636719,1999.70202636719,61.6001436005834,20.7817584949831,7.019488,0,0,0,40,4885,59.98365,1999.70202636719,,,,,,,,,,,,,0,,,,3.1437492,,,,,,59.9958668,,,,
,44272178.91,59.99595455,1999.70202636719,0.000684112210101987,2.82059501482978E-7,1,0.999253354069792,40.0298881530762,2.0006137823548,19.0799999982119,0.00780298270942104,0.0014318635074069,0.25,4.08429888983398E-6,0.000685935808536138,8.81626423047251E-6,59.995945,59.9959641,1999.70202636719,1999.70202636719,61.8299423852373,20.7829619511318,7.019488,0,0,0,40,4885,60.00255,1999.70202636719,,,,,,,,,,,,,0,,,,3.1281246,,,,,,59.99595455,,,,
,44272180.12,59.99609565,1999.70202636719,0.000683644347702936,2.3286632939384E-7,1,0.999253354069792,40.0298881530762,2.00063313038434,19.0799999982119,0.00779767796194089,0.00143112366257296,0.25,4.10131837754184E-6,0.000685466560925366,8.83010115323458E-6,59.995945,59.9962463,1999.70202636719,1999.70202636719,61.5837294016796,20.7817182515813,6.273368,0,0,0,40,4885,60.00255,1999.70202636719,,,,,,,,,,,,,0,,,,3.1125,,,,,,59.99609565,,,,
,44272181.23,59.9964733,1999.70202636719,0.000683981209571403,2.89127167028818E-7,1,0.999253354069792,40.0298881530762,2.00064463354556,19.0799999982119,0.00780166978430874,0.00143101954667681,0.25,4.03104061071295E-6,0.000685801569287506,8.76324700871609E-6,59.9962463,59.9967003,1999.70202636719,1999.70202636719,61.7087899647565,20.7816626110143,6.646428,0,0,0,40,4885,59.98365,1999.70202636719,,,,,,,,,,,,,0,,,,3.1281246,,,,,,59.9964733,,,,
,44272182.355,59.99676705,1999.70202636719,0.000683732759326684,2.2447837927095E-7,1,0.999253354069792,40.0298881530762,2.00060996221089,19.0799999982119,0.00779878453213189,0.00143003971333244,0.25,3.9913550966444E-6,0.000685552718863913,8.72173924869108E-6,59.9967003,59.9968338,1999.70202636719,1999.70202636719,62.0448902280258,20.7807011169281,7.019488,0,0,0,40,4885,59.98365,1999.70202636719,,,,,,,,,,,,,0,,,,3.1437492,,,,,,59.99676705,,,,
,44272183.585,59.99692915,1999.70202636719,0.000683510404078909,2.09095114001209E-7,1,0.999253354069792,40.0298881530762,2.00069740258551,19.0799999982119,0.00779700225269862,0.00142742693502399,0.25,3.79749039192887E-6,0.000685334343506191,8.52452634012524E-6,59.9968338,59.9970245,1999.70202636719,1999.70202636719,61.7603774470258,20.7813629760432,7.019488,0,0,0,40,4885,60.00255,1999.70202636719,,,,,,,,,,,,,0,,,,3.1437492,,,,,,59.99692915,,,,
,44272184.84,59.9973049,1999.70202636719,0.000683961915131154,2.73622240605534E-7,1,0.999253354069792,40.0298881530762,2.00059892977194,19.0799999982119,0.00780172177051473,0.00142867063005379,0.25,3.8322056026202E-6,0.000685786833603306,8.56245125419794E-6,59.9970245,59.9975853,1999.70202636719,1999.70202636719,62.0870981680643,20.779964712698,7.019488,0,0,0,40,4885,60.00255,1999.70202636719,,,,,,,,,,,,,0,,,,3.1281246,,,,,,59.9973049,,,,
,44272186.085,59.99760245,1999.70202636719,0.000683802912262647,2.16772245831784E-7,1,0.999253354069792,40.0298881530762,2.00053500638615,19.0799999982119,0.00779915005676692,0.00143101641549036,0.25,4.06892860259658E-6,0.00068562251798988,8.80000650852244E-6,59.9975853,59.9976196,1999.70202636719,1999.70202636719,61.5931089439104,20.7805772658387,7.019488,0,0,0,40,4881,59.98365,1999.70202636719,,,,,,,,,,,,,0,,,,3.1281246,,,,,,59.99760245,,,,
