{"sw":[1.0016025641025641e6],"dataImag":[[11337.202,215349.55,305000.66,55079.305,7960.299,-9368.053,-6708.177,10680.432,15833.139,1234.5259,-11928.792,1520.8735,19938.93,9336.897,-14793.73,-12805.749,8573.067,11549.299,-9508.751,-21498.154,-3314.6238,13746.842,1285.5234,-18827.15,-15084.355,7981.7627,12853.484,-8565.256,-22465.31,-4766.6216,9838.603,-2834.2354,-23845.04,-18276.412,6034.275,9086.681,-13075.351,-22900.125,-6439.682,7777.0103,-3327.603,-21959.697,-17680.65,2827.8418,5327.5215,-14708.649,-22960.941,-4539.65,8913.64,-3696.9307,-21279.822,-12128.967,9944.438,10520.882,-10123.465,-16019.211,2932.5388,16995.9,1749.4075,-21144.969,-12974.29,9750.771,11424.528,-9600.861,-18022.352,2940.709,19924.03,7936.195,-9640.545,-1794.298,17743.973,17238.92,-4540.3887,-13257.738,5109.8105,17883.719,2639.2068,-16427.365,-7719.6504,14104.362,12190.917,-9424.651,-14512.791,6921.9956,18492.871,2112.3118,-15834.055,-6912.8276,14438.65,13006.123,-11118.211,-17260.516,6071.771,20983.025,2439.6653,-17347.98,-7267.3047,14408.484,13227.282,-8383.595,-13250.522,8234.276,20050.33,1708.0321,-15444.49,-3906.9404,16266.515,12817.233,-9651.306,-14027.38,6693.2114,16592.098,-1455.6606,-18996.125,-8296.754,11829.608,8574.717,-12999.08,-15596.667,7229.8687,18127.803,384.48267,-17041.217,-5685.7095,15844.437,11398.679,-12657.273,-14464.414,7563.1445,18062.244,-1598.8109,-18728.98,-4596.5273,15942.507,10255.784,-11527.872,-12509.891,8332.008,15938.82,-1768.2958,-16023.787,-2919.4705,17992.746,12061.125,-10759.198,-9232.617,15324.527,23961.555,2939.8167,-12861.611,2755.3115,24297.643,17188.89,-4718.12,-3905.4143,20179.82,29584.055,8906.613,-6897.99,6953.7275,26943.305,19395.37,-1147.7625,899.3289,22793.781,29847.582,8894.17,-4630.111,9331.638,27422.879,18386.912,-3366.8513,-2742.4624,20678.691,25375.22,3544.9558,-9788.5625,4152.2637,19606.436,7529.383,-14196.809,-12685.345,6853.815,9660.992,-13237.177,-26641.61,-12971.87,2752.3096,-8609.721,-31068.94,-30424.283,-8599.394,-5301.092,-28569.508,-41099.81,-26043.049,-10622.062,-24506.354,-45691.355,-42275.117,-20332.602,-15255.602,-38969.652,-49283.15,-30311.328,-14186.264,-26254.473,-44944.348,-38688.74,-13826.685,-8930.502,-29598.473,-39143.043,-19371.936,-2108.8374,-12127.305,-30184.797,-21951.0,2650.101,6091.035,-14113.141,-20589.049,2240.4993,20265.04,8248.84,-9698.637,-2441.19,20681.559,24980.076,5699.2925,-3423.434,16492.018,31839.785,17738.615,-1003.8501,7529.304,30219.623,33093.5,12223.646,3953.9714,21446.613,32895.227,18405.613,-546.4413,6520.378,29668.287,27874.229,4226.9727,-3230.5793,16496.623,29138.387,12140.777,-7602.6294,-253.33675,20135.293,18646.97,-5830.361,-11621.482,7885.0796,19497.076,2863.4417,-16622.93,-7523.659,11857.304,10674.983,-9973.788,-15757.0,2655.6167,16639.678,139.02136,-18554.166,-8127.8994,13097.005,10577.122,-12626.369,-17222.129,3603.016,14520.347,-2186.6577,-19346.623,-9248.063,12212.5205,9532.899,-11846.283,-13433.603,7863.6367,18155.865,1394.3309,-16976.13,-6916.466,11518.247,8555.333,-12582.229,-14389.455,7076.914,17229.96,-1792.9989,-18184.219,-4588.596,15736.477,9470.468,-13280.412,-14629.001,7300.9844,16835.145,-1435.1047,-16110.829,-4729.5957,14699.599,9475.861,-12447.393,-14606.199,7721.8853,16746.307,-2432.3723,-16816.25,-4621.1265,14924.589,8237.552,-13893.055,-14904.522,5764.3022,12853.253,-6112.634,-19984.197,-5599.551,14968.598,6607.2793,-14515.082,-13628.036,8304.865,16607.574,-3023.6743,-17579.967,-4066.5833,15607.181,7137.7295,-14327.004,-13714.529,8733.125,16960.371,-2069.9087,-16738.01,-2029.3088,16030.023,6945.7075,-15771.142,-14101.236,9824.093,15853.069,-5682.25,-18301.36,-1794.6901,16980.219,6281.737,-15197.787,-12050.444,10505.425,16692.965,-4695.1055,-16927.076,-948.4637,15658.162,5445.495,-15936.054,-12238.566,9918.054,14976.188,-6947.028,-19297.938,-239.65182,16974.725,5126.4365,-14639.101,-9992.162,13232.795,15142.947,-6152.894,-16180.164,-714.621,14883.091,3589.9697,-16721.781,-11167.813,11116.546,14836.705,-5502.133,-16274.784,438.59695,16380.096,3740.973,-16879.006,-10077.001,12386.086,13892.521,-6859.608,-15645.947,3314.893,18762.525,4398.425,-14733.94,-8164.877,13384.543,14349.533,-6577.205,-12688.318,4935.4766,17059.086,2896.9705,-16363.396,-9962.245,13065.654,14627.871,-7292.9746,-13381.841,6641.5127,20162.62,3530.4863,-16199.328,-7632.7593,14456.817,12215.952,-10354.158,-17445.52,3265.2786,18964.375,3895.0176,-15602.231,-6569.145,15147.004,13946.422,-8667.703,-15624.2295,5292.2573,19042.4,4431.7393,-15133.874,-5650.996,15849.758,12848.53,-8610.01,-15284.542,3678.702,16373.1045,46.164154,-18660.074,-7913.7544,13226.99,11999.569,-7937.074,-14200.382,4808.801,17529.914,618.0483,-16810.064,-5299.815,14231.475,8832.731,-12485.644,-14665.777,5849.3154,18085.137,1243.1431,-16598.682,-6268.1616,12933.383,9682.209,-12465.762,-15089.348,7264.2075,16914.34,-2609.2898,-20177.428,-7387.092,13765.92,9492.045,-11317.844,-14591.904,6292.2,16836.865,-748.29333,-16970.23,-6236.592,15829.081,10155.675,-12094.565,-13862.856,9064.351,19524.902,-90.0326,-15515.365,-3427.652,16029.97,8378.66,-13187.305,-12111.358,8314.643,16223.62,-263.63327,-14956.246,-2297.881,15763.968,7733.349,-14726.385,-13390.063,10696.94,17171.152,-3547.458,-18916.441,-3959.9912,15587.077,8596.561]],"spec":[0.0],"history":["RS2D Spinit data loaded from C:\\Users\\TXB909\\Documents\\strain-cell"],"hyper":[0],"dFilter":0.0,"ref":[1.69e7],"wholeEcho":[0.0],"freq":[1.69e7],