{"sw":[1.0016025641025641e6],"dataImag":[[-6777.004,-191393.19,-311785.78,-25702.498,11908.817,-8138.528,-8626.229,6490.994,11038.421,-8610.8545,-21641.56,-7939.872,11169.901,6304.493,-11471.938,-6320.637,17415.445,22749.38,2129.2239,-9320.128,6583.381,21044.645,7152.1655,-16569.285,-13532.459,10543.708,13806.646,-7027.5913,-16229.513,2215.81,19705.9,8585.534,-14074.936,-11030.057,9334.241,10438.676,-10094.44,-18355.342,-1909.8604,13596.085,4798.4453,-13314.571,-5650.429,17035.75,19258.04,-1940.2821,-14596.335,840.02124,16445.617,4202.8335,-19061.139,-13556.89,8695.847,11297.886,-8370.169,-15902.627,2988.1382,18713.186,5917.326,-12346.9795,-6034.1733,14918.718,15787.482,-5898.3115,-16216.13,2355.0735,15470.188,-900.4995,-18660.645,-9917.264,13735.74,14469.055,-6931.142,-13352.724,4667.4277,19921.639,6847.023,-13475.187,-7221.891,16816.697,15632.71,-5920.7827,-14045.626,3523.0295,17482.846,2590.5066,-16033.264,-6363.2812,17146.357,15801.851,-5996.1035,-11741.083,5640.7095,16304.884,-457.67725,-17235.041,-7387.568,12382.448,9549.543,-12305.03,-17863.77,2905.9817,13800.949,-2777.9048,-20197.38,-10509.929,11745.527,11113.88,-9666.116,-13174.648,6730.2114,18310.533,2332.5986,-13494.209,-3448.2007,16847.688,11252.653,-11747.399,-14684.74,6559.761,14547.3955,-5753.0063,-22075.373,-6686.8823,14319.141,9433.647,-12482.779,-15119.498,5947.056,15398.428,-4750.5684,-20935.256,-7918.6313,13125.063,8994.866,-13170.221,-15248.29,6793.38,15153.22,-3991.473,-20201.74,-6678.609,16122.633,10419.551,-12001.105,-11604.744,9791.619,17706.408,-1071.3889,-15560.752,-712.5418,20123.955,13725.989,-5292.394,-3153.242,18330.701,26148.818,6622.1543,-7549.6587,6522.5586,23823.676,16832.488,-2791.9414,-283.0852,24072.363,31554.777,11276.1045,-1412.2347,14008.983,32735.035,21939.812,-975.883,-47.62862,19517.428,25252.625,4075.6978,-9951.696,3992.6472,21014.646,11431.054,-10045.429,-7680.242,12227.563,14361.977,-9279.835,-23719.918,-9563.659,6284.5205,-7149.5977,-30724.502,-29187.701,-9358.228,-6074.718,-28109.666,-40637.73,-25839.617,-12194.867,-25377.098,-47114.914,-45370.79,-23197.854,-18140.117,-39624.633,-51499.734,-34019.84,-16349.316,-27757.17,-48688.344,-43317.01,-20811.85,-16257.194,-34336.836,-41384.16,-21277.266,-5194.4907,-14880.663,-32765.533,-23209.338,1293.0215,5956.504,-13412.407,-21215.656,873.0374,17787.045,4599.757,-13338.819,-5279.166,20258.746,24959.906,3876.2092,-4475.946,15164.18,29449.492,17339.752,-290.8769,8737.8125,31735.443,32264.75,10464.796,2373.6274,19852.06,34360.16,21532.578,1407.7317,9722.762,31050.316,27359.666,4337.698,-3334.1355,16088.784,28845.22,11873.889,-8818.541,810.5491,20695.443,19475.713,-3397.538,-10266.618,9377.718,21212.496,2992.339,-17221.342,-8004.6865,14750.59,12839.5625,-10788.207,-16218.655,3471.2292,15722.141,-537.4008,-19961.76,-9787.27,12452.0205,9217.601,-14228.606,-17619.965,3459.3057,15438.029,-1609.9514,-20011.12,-9703.928,11784.648,8406.819,-11900.211,-17205.285,3009.2864,14635.167,-2922.1023,-18660.969,-6768.0146,13827.399,10292.136,-10847.235,-13495.266,7410.614,18184.266,-1254.1766,-19297.98,-7718.3765,13641.653,10442.578,-11399.839,-13740.016,6586.192,14718.231,-2453.819,-17960.963,-5481.2446,13615.179,7336.9097,-16015.971,-15860.515,7158.3823,17802.355,-1781.4313,-16929.906,-4643.024,13666.726,8598.548,-13294.623,-15400.707,6730.9165,14971.118,-5591.81,-20802.09,-5020.4385,15614.494,7700.964,-13838.989,-11319.42,11149.817,17179.775,-3209.5708,-17781.033,-3343.3103,14339.754,6079.3306,-14801.506,-9531.217,12312.804,14956.149,-4933.493,-19130.996,-2923.3748,16129.491,6766.495,-15264.748,-13839.362,9833.383,16879.102,-2572.5142,-16659.342,-1483.5791,15998.952,5499.513,-16329.663,-12365.625,10392.683,15766.495,-4902.7803,-17478.982,-2889.737,13784.964,2901.9211,-16167.717,-10984.725,12556.643,17255.477,-2864.826,-15032.509,251.99355,16339.691,6008.914,-15453.812,-10348.114,13455.349,15460.729,-5858.9995,-15149.522,2506.889,19162.209,5198.017,-16991.86,-11586.352,10695.043,12393.576,-6347.54,-15206.296,2562.6426,17181.037,2324.3406,-16390.133,-9559.446,13325.476,14552.813,-6758.6777,-16818.898,1206.3254,17792.531,4980.289,-15787.848,-9976.787,14199.005,14931.886,-7520.4253,-15039.761,3441.097,16852.764,2371.3027,-18216.355,-11170.883,12518.367,14100.703,-7255.9805,-15443.26,4377.9165,17858.186,3706.4219,-16116.662,-8343.494,13680.618,13631.553,-8979.85,-15683.084,5325.357,18199.264,1449.0162,-16834.957,-7081.9785,14765.013,14437.823,-6760.0093,-13087.194,6210.9546,17801.504,2860.3145,-15174.544,-5572.202,15867.653,13571.457,-10495.78,-16235.845,4812.067,16786.307,-88.55512,-17283.89,-6873.627,13683.342,12429.202,-9302.921,-14553.635,7537.5273,18955.816,-313.69617,-18685.906,-8213.162,12292.703,8444.454,-11568.43,-14907.689,5609.75,16534.703,-372.72552,-17316.771,-6414.962,16193.085,11634.686,-11441.442,-14426.674,8424.98,19242.744,-429.1269,-18208.777,-5733.9565,14435.48,8581.929,-14747.471,-18009.61,5306.1367,15006.57,-4965.466,-19575.69,-5855.5396,13986.964,7514.23,-14187.486,-14183.991,7569.4365,15976.888,-2606.657,-18759.53,-4739.2246,17582.389,10948.012,-12128.695,-11930.161,9992.376,16670.475,-1180.8691,-16222.524,-3898.9385,13897.106,5835.2056,-15562.409,-13710.105,10187.721,17539.963,-2311.05,-16854.223,-4001.1814,14345.782,6619.958]],"spec":[0.0],"history":["RS2D Spinit data loaded from C:\\Users\\TXB909\\Documents\\strain-cell"],"hyper":[0],"dFilter":0.0,"ref":[1.69e7],"wholeEcho":[0.0],"freq":[1.69e7],