[Header]
; VSM Data File (default extension .dat)
; Copyright (c) 2003-2013, Quantum Design, Inc. All rights reserved.
TITLE,YCOB TB001X1 170726 1000OE FCW
FILEOPENTIME,48575658.81,07/17/2026,1:37 pm
BYAPP,VSM,2.0,2.0
INFO,PPMS VSM Option Release 1.4.10 Build 1,APPNAME
INFO,Quantum Design Linear Motor Servo Controller,MOTOR_MODULE_NAME
INFO,3101-100 M1,MOTOR_HW_VERSION
INFO,MMC920,MOTOR_SERIAL_NUMBER
INFO,SRV No X-over 01.03.11,MOTOR_SOFTWARE_VERSION
INFO,Quantum Design VSM Detection Module,VSM_MODULE_NAME
INFO,3101-150 F0,VSM_HW_VERSION
INFO,VSM672,VSM_SERIAL_NUMBER
INFO,VSM No X-over 01.02.05 May 20 2008 13:51:47,VSM_SOFTWARE_VERSION
INFO,659,PREAMP_SERIAL_NUMBER
INFO,749,COIL_SERIAL_NUMBER
INFO,0,MOMENT_UNITS
INFO,YCOB,SAMPLE_MATERIAL
INFO,YCOB TB001X1 single crystal,SAMPLE_COMMENT
INFO,0.5,SAMPLE_MASS
INFO,,SAMPLE_VOLUME
INFO,590.5,SAMPLE_MOLECULAR_WEIGHT
INFO,,SAMPLE_SIZE
INFO,,SAMPLE_SHAPE
DATATYPE,COMMENT,1
DATATYPE,TIME,2
STARTUPAXIS,X,2
STARTUPAXIS,Y1,5
[Data]
Comment,Time Stamp (sec),Temperature (K),Magnetic Field (Oe),Moment (emu),M. Std. Err. (emu),Transport Action,Averaging Time (sec),Frequency (Hz),Peak Amplitude (mm),Center Position (mm),Coil Signal' (mV),Coil Signal" (mV),Range (mV),M. Quad. Signal (emu),M. Raw' (emu),M. Raw" (emu),Min. Temperature (K),Max. Temperature (K),Min. Field (Oe),Max. Field (Oe),Mass (grams),Motor Lag (deg),Pressure (Torr),VSM Status (code),Motor Status (code),Measure Status (code),Measure Count,PPMS Status (code),System Temp. (K),System Field (Oe),Sample Position (deg),Bridge 1 Resistance (ohms),Bridge 1 Excitation (µA),Bridge 2 Resistance (ohms),Bridge 2 Excitation (µA),Bridge 3 Resistance (ohms),Bridge 3 Excitation (µA),Bridge 4 Resistance (ohms),Bridge 4 Excitation (µA),Signal 1 Vin (V),Signal 2 Vin (V),Digital Inputs (code),Drive 1 Iout (mA),Drive 1 Ipower (W),Drive 2 Iout (mA),Drive 2 Ipower (W),Pressure (),Map 20 (),Map 21 (),Map 22 (),Map 23 (),Map 24 (),Map 25 (),Map 26 (),Map 27 (),Map 28 (),Map 29 ()
,48575698.75,2.992106,9999.6904296875,,,2,,,,23.8159999368191,,,,,,,2.992106,2.992106,9999.6904296875,9999.6904296875,,,5.154188,,,,-99999999,4881,2.9948,9999.6904296875,,,,,,,,,,,,,,,,,,,,,,,2.992106,,,,
sample offset = 35 mm touchdown = 17.9099999368191 mm,48575712,3.0022697,9999.6904296875,0.000100714063667832,5.33269733795849E-7,1,0.999253354069792,40.0298881530762,1.99819721979759,23.8000005483627,0.00113888254901516,0.000209325144231282,0.25,7.67162635070185E-7,0.000100235836220673,1.31708957355044E-6,3.0022697,3.0022697,9999.6904296875,9999.6904296875,61.5743498594488,20.9486638451251,5.154188,0,0,0,40,4881,3.001,9999.6904296875,,,,,,,,,,,,,0,,,,1.8700075,,,,,,3.0022697,,,,
,48575718.065,3.003637,9999.6904296875,0.000101545915137754,4.57226319465866E-7,1,0.999253354069792,40.0298881530762,1.99822997145688,23.8000005483627,0.00114829068631786,0.000211150777701368,0.25,7.81748258196097E-7,0.000101063692450306,1.33617851372835E-6,2.9970756,3.0101984,9999.6904296875,9999.6904296875,61.0201752393141,20.9457533019561,5.154188,0,0,0,40,4882,3.02615,9999.6904296875,,,,,,,,,,,,,0,,,,1.8700075,,,,,,3.003637,,,,
,48575718.79,3.01668275,9999.6904296875,9.98967067687212E-5,3.68262447285229E-7,1,0.999253354069792,40.0298881530762,1.9981191455356,23.8000005483627,0.00113014728876091,0.000204495204321476,0.25,4.85086059704703E-7,9.94238769087442E-5,1.03184829634992E-6,3.0101984,3.0231671,9999.6904296875,9999.6904296875,61.5712233453719,20.9455788723726,5.527248,0,0,0,40,4882,3.053,9999.6904296875,,,,,,,,,,,,,0,,,,1.8700075,,,,,,3.01668275,,,,
,48575720.845,3.0481973,9999.6904296875,9.97089933890646E-5,5.21042519887467E-7,1,0.999253354069792,40.0298881530762,1.99825744568565,23.8000005483627,0.00112656907208243,0.00021281493381473,0.25,1.25164674004334E-6,9.92328346618061E-5,1.79376947640677E-6,3.0481973,3.0481973,9999.6904296875,9999.6904296875,61.9831415750066,20.9526674604742,5.527248,0,0,0,40,4886,3.0855,9999.6904296875,,,,,,,,,,,,,0,,,,1.8700075,,,,,,3.0481973,,,,
,48575721.47,3.0638775,9999.6904296875,9.96261837655346E-5,5.90024087733712E-7,1,0.999253354069792,40.0298881530762,1.99809057187881,23.8000005483627,0.00112666895942211,0.000206226532150579,0.25,6.8583437447049E-7,9.91535249356721E-5,1.23016497403517E-6,3.0481973,3.0795577,9999.6904296875,9999.6904296875,61.7158246214296,20.9502939955609,5.527248,0,0,0,40,4886,3.108,9999.6904296875,,,,,,,,,,,,,0,,,,1.8793949,,,,,,3.0638775,,,,
,48575722.64,3.0988051,9999.6904296875,9.89441076101053E-5,5.2866091391623E-7,1,0.999253354069792,40.0298881530762,1.99798880578077,23.8000005483627,0.00111841042931988,0.000207593647116755,0.25,9.27466308199741E-7,9.84733317310445E-5,1.46691090280579E-6,3.0795577,3.1180525,9999.6904296875,9999.6904296875,61.5610621746219,20.9543068592208,5.154188,0,0,0,40,4886,3.15315,9999.6904296875,,,,,,,,,,,,,0,,,,1.87010085,,,,,,3.0988051,,,,
,48575723.735,3.1404257,9999.6904296875,9.80545665993606E-5,5.60036123694559E-7,1,0.999253354069792,40.0298881530762,1.99783799122358,23.8000005483627,0.00110784920395955,0.000208137551698362,0.25,1.1333287375261E-6,9.75868467919644E-5,1.66691542723511E-6,3.1180525,3.1627989,9999.6904296875,9999.6904296875,61.3609652736988,20.9584892692656,5.527248,0,0,0,40,4886,3.19355,9999.6904296875,,,,,,,,,,,,,0,,,,1.87010085,,,,,,3.1404257,,,,
,48575724.71,3.18727375,9999.6904296875,9.69970945864715E-5,5.8641315636451E-7,1,0.999253354069792,40.0298881530762,1.99780891734112,23.8000005483627,0.00109508611545969,0.000210438745038951,0.25,1.52289478148015E-6,9.65322115941958E-5,2.04883600674332E-6,3.1627989,3.2117486,9999.6904296875,9999.6904296875,61.4657034952757,20.9464164612529,5.154188,0,0,0,40,4886,3.254,9999.6904296875,,,,,,,,,,,,,0,,,,1.8793949,,,,,,3.18727375,,,,
,48575725.755,3.24444785,9999.6904296875,9.48931499758622E-5,6.53093379182426E-7,1,0.999253354069792,40.0298881530762,1.99783937700957,23.8000005483627,0.00107185081807202,0.000203021416885186,0.25,1.23761795132057E-6,9.44397381033433E-5,1.7533382867971E-6,3.2117486,3.2771471,9999.6904296875,9999.6904296875,61.4062997278142,20.9560504840907,5.154188,0,0,0,40,4886,3.34215,9999.6904296875,,,,,,,,,,,,,0,,,,1.8700075,,,,,,3.24444785,,,,
,48575726.845,3.3038342,9999.6904296875,9.42567413239524E-5,5.25546989929192E-7,1,0.999253354069792,40.0298881530762,1.99814060745972,23.8000005483627,0.00106573907658894,0.000196438116990734,0.25,7.65596894588627E-7,9.38089199798848E-5,1.28004100199418E-6,3.2771471,3.3305213,9999.6904296875,9999.6904296875,62.3692660635066,20.9514887880806,5.154188,0,0,0,40,4886,3.40515,9999.6904296875,,,,,,,,,,,,,0,,,,1.8700075,,,,,,3.3038342,,,,
,48575727.855,3.3619952,9999.6904296875,9.43921580845244E-5,5.96497854742171E-7,1,0.999253354069792,40.0298881530762,1.99773278797877,23.8000005483627,0.001066321804165,0.000200893289321829,0.25,1.13868642152295E-6,9.39416497678535E-5,1.65211889026471E-6,3.3305213,3.3934691,9999.6904296875,9999.6904296875,60.779433655391,20.9423284008099,5.154188,0,0,0,40,4886,3.444,9999.6904296875,,,,,,,,,,,,,0,,,,1.8700075,,,,,,3.3619952,,,,
,48575728.885,3.4442973,9999.6904296875,9.26860055241354E-5,5.68788406484448E-7,1,0.999253354069792,40.0298881530762,1.99813134265066,23.8000005483627,0.00104782163509102,0.000194032753447073,0.25,8.29587253994676E-7,9.22452270554532E-5,1.33509725494638E-6,3.3934691,3.4951255,9999.6904296875,9999.6904296875,61.5501193753527,20.9496286033808,5.154188,0,0,0,40,4886,3.4888,9999.6904296875,,,,,,,,,,,,,0,,,,1.8793949,,,,,,3.4442973,,,,
,48575729.885,3.4951255,9999.6904296875,9.27382380612022E-5,6.36100396888369E-7,1,0.999253354069792,40.0298881530762,1.9981388472424,23.8000005483627,0.00104898645816961,0.000190899709371162,0.25,5.43637460245328E-7,9.22987859842263E-5,1.05078034373347E-6,3.4951255,3.4951255,9999.6904296875,9999.6904296875,62.0714655976796,20.9464332206003,5.527248,0,0,0,40,4886,3.53045,9999.6904296875,,,,,,,,,,,,,0,,,,1.8887823,,,,,,3.4951255,,,,
,48575730.905,3.5398688,9999.6904296875,9.13795384799446E-5,5.32535742316018E-7,1,0.999253354069792,40.0298881530762,1.99817295950631,23.8000005483627,0.00103281651017041,0.00019275624622517,0.25,9.4636600224817E-7,9.09442680208159E-5,1.44414589724304E-6,3.4951255,3.5846121,9999.6904296875,9999.6904296875,61.6790880810258,20.9564538007638,5.527248,0,0,0,40,4882,3.58955,9999.6904296875,,,,,,,,,,,,,0,,,,1.8982639,,,,,,3.5398688,,,,
,48575732.005,3.61611795,9999.6904296875,9.06833851086588E-5,6.56988412082461E-7,1,0.999253354069792,40.0298881530762,1.99770311839947,23.8099992275238,0.00102514636565699,0.000188813918108935,0.25,7.24413598549026E-7,9.02526115877823E-5,1.2194119507639E-6,3.5846121,3.6476238,9999.6904296875,9999.6904296875,62.0011190309489,20.9551765718511,5.527248,0,0,0,40,4882,3.6719,9999.6904296875,,,,,,,,,,,,,0,,,,1.8982639,,,,,,3.61611795,,,,
,48575733.025,3.67996705,9999.6904296875,8.83018102641214E-5,4.69380709660397E-7,1,0.999253354069792,40.0298881530762,1.99769804013643,23.8000005483627,0.00099747206649797,0.000188111725235918,0.25,1.08142855218293E-6,8.78802836261287E-5,1.56165721161935E-6,3.6476238,3.7123103,9999.6904296875,9999.6904296875,62.1144551662373,20.9564405448195,5.154188,0,0,0,40,4882,3.7248,9999.6904296875,,,,,,,,,,,,,0,,,,1.8887823,,,,,,3.67996705,,,,
,48575734.12,3.7502719,9999.6904296875,8.82737513709071E-5,6.13605435074263E-7,1,0.999253354069792,40.0298881530762,1.99804352238825,23.8000005483627,0.000997776721827017,0.000185483505423012,0.25,8.51502735169444E-7,8.78536208687815E-5,1.33265930609609E-6,3.7123103,3.7882335,9999.6904296875,9999.6904296875,62.2191933878143,20.945316341599,5.527248,0,0,0,40,4882,3.8104,9999.6904296875,,,,,,,,,,,,,0,,,,1.8887823,,,,,,3.7502719,,,,
,48575735.225,3.83073925,9999.6904296875,8.75718091751505E-5,5.1632814760995E-7,1,0.999253354069792,40.0298881530762,1.9978054265176,23.8000005483627,0.000992428501740551,0.000168650531470997,0.25,-5.10003262095642E-7,8.71624655838945E-5,-2.62968816876346E-8,3.7882335,3.873245,9999.6904296875,9999.6904296875,62.0441085995066,20.9505823572828,5.527248,0,0,0,40,4882,3.9301,9999.6904296875,,,,,,,,,,,,,0,,,,1.8982639,,,,,,3.83073925,,,,
,48575736.28,3.9143791,9999.6904296875,8.54472125731879E-5,5.15381603171922E-7,1,0.999253354069792,40.0298881530762,1.99796900369827,23.8000005483627,0.000967332477561981,0.000170790226056184,0.25,5.16112820936782E-8,8.50447815719316E-5,5.20997428495276E-7,3.873245,3.9555132,9999.6904296875,9999.6904296875,61.9010705804873,20.9551850743557,5.154188,0,0,0,40,4882,4.0123,9999.6904296875,,,,,,,,,,,,,0,,,,1.8982639,,,,,,3.9143791,,,,
,48575737.4,4.0005883,9999.6904296875,8.36199655126834E-5,5.464474372747E-7,1,0.999253354069792,40.0298881530762,1.99775534338422,23.8000005483627,0.000945561171091804,0.000172741945929804,0.25,5.47025362627113E-7,8.32234113379073E-5,1.00403711130759E-6,3.9555132,4.0456634,9999.6904296875,9999.6904296875,61.5438663471988,20.958408678559,5.527248,0,0,0,40,4882,4.10205,9999.6904296875,,,,,,,,,,,,,0,,,,1.8982639,,,,,,4.0005883,,,,
,48575738.555,4.13817575,9999.6904296875,8.31838954465003E-5,5.1373320883446E-7,1,0.999253354069792,40.0298881530762,1.99777460202345,23.8000005483627,0.000939927055504534,0.000175888151519577,0.25,9.01514830022845E-7,8.27874448548152E-5,1.35446151043221E-6,4.0456634,4.2306881,9999.6904296875,9999.6904296875,61.618902685045,20.9534652051128,5.527248,0,0,0,40,4882,4.24015,9999.6904296875,,,,,,,,,,,,,0,,,,1.9173223,,,,,,4.13817575,,,,
,48575739.67,4.2810507,9999.6904296875,8.10206270361084E-5,5.56912219657436E-7,1,0.999253354069792,40.0298881530762,1.99787902505687,23.8000005483627,0.000916096834443303,0.000168095169939426,0.25,5.9300390432941E-7,8.06360523863978E-5,1.03551294021088E-6,4.2306881,4.3314133,9999.6904296875,9999.6904296875,62.0683390836027,20.9558840901247,5.154188,0,0,0,40,4882,4.37665,9999.6904296875,,,,,,,,,,,,,0,,,,1.9268991,,,,,,4.2810507,,,,
,48575740.61,4.3314133,9999.6904296875,7.95509214415021E-5,4.90198781029587E-7,1,0.999253354069792,40.0298881530762,1.99802711808086,23.8000005483627,0.000899156848758755,0.000167249292056401,0.25,7.75819746908012E-7,7.91722586316052E-5,1.20939067837711E-6,4.3314133,4.3314133,9999.6904296875,9999.6904296875,62.6678481578528,20.9506850211662,5.154188,0,0,0,40,4882,4.4834,9999.6904296875,,,,,,,,,,,,,0,,,,1.9173223,,,,,,4.3314133,,,,
,48575741.555,4.3890579,9999.6904296875,7.88844072256489E-5,5.46281427355773E-7,1,0.999253354069792,40.0298881530762,1.99800906784578,23.8000005483627,0.000892653952205457,0.000159944782009076,0.25,2.48063104981912E-7,7.85117813976448E-5,6.80454618906238E-7,4.3314133,4.4467025,9999.6904296875,9999.6904296875,61.9510948057181,20.9581275161556,5.154188,0,0,0,40,4886,4.58555,9999.6904296875,,,,,,,,,,,,,0,,,,1.9173223,,,,,,4.3890579,,,,
,48575742.6,4.51588655,9999.6904296875,7.69328120482557E-5,5.29037352302922E-7,1,0.999253354069792,40.0298881530762,1.99790166118943,23.8000005483627,0.000869808942483936,0.000160050646275584,0.25,6.0149162568866E-7,7.65674273729436E-5,1.02149351961809E-6,4.4467025,4.5850706,9999.6904296875,9999.6904296875,61.2077660839295,20.9611725623544,5.527248,0,0,0,40,4886,4.6932,9999.6904296875,,,,,,,,,,,,,0,,,,1.9173223,,,,,,4.51588655,,,,
,48575743.53,4.6408198,9999.6904296875,7.59863792538204E-5,5.15299988492877E-7,1,0.999253354069792,40.0298881530762,1.99793948844649,23.8000005483627,0.000857139799996175,0.000169362382298748,0.25,1.59020395934387E-6,7.56200131500729E-5,2.00035078722983E-6,4.5850706,4.696569,9999.6904296875,9999.6904296875,61.1632132583334,20.9554506542975,5.154188,0,0,0,40,4886,4.8085,9999.6904296875,,,,,,,,,,,,,0,,,,1.9077455,,,,,,4.6408198,,,,
,48575744.49,4.75083685,9999.6904296875,7.46724217642467E-5,5.3305785529838E-7,1,0.999253354069792,40.0298881530762,1.99807208641171,23.8000005483627,0.000844432816460551,0.000154727155245878,0.25,5.27859750370873E-7,7.43180768239349E-5,9.35784745772232E-7,4.696569,4.8051047,9999.6904296875,9999.6904296875,62.2395157293143,20.9476473696211,5.527248,0,0,0,40,4886,4.92495,9999.6904296875,,,,,,,,,,,,,0,,,,1.9269953,,,,,,4.75083685,,,,
,48575745.655,4.91653035,9999.6904296875,7.34544430409753E-5,6.52645233223627E-7,1,0.999253354069792,40.0298881530762,1.99758371485331,23.8000005483627,0.000831398914327171,0.000146864561618619,0.25,5.07492300921519E-8,7.31084497795826E-5,4.5422554529639E-7,4.8051047,5.027956,9999.6904296875,9999.6904296875,62.3778639772181,20.9528304471173,5.154188,0,0,0,40,4886,5.04715,9999.6904296875,,,,,,,,,,,,,0,,,,1.9462451,,,,,,4.91653035,,,,
,48575746.665,5.027956,9999.6904296875,7.13748559377602E-5,5.7842882722003E-7,1,0.999253354069792,40.0298881530762,1.99776814944652,23.8000005483627,0.000806802850668263,0.000149137190928188,0.25,6.16226785031295E-7,7.10355401052889E-5,1.005611959696E-6,5.027956,5.027956,9999.6904296875,9999.6904296875,62.4505554295066,20.9660188037053,5.154188,0,0,0,40,4886,5.16555,9999.6904296875,,,,,,,,,,,,,0,,,,1.9462451,,,,,,5.027956,,,,
,48575747.525,5.0976019,9999.6904296875,7.1500666095523E-5,5.29378595173608E-7,1,0.999253354069792,40.0298881530762,1.99771072624999,23.8000005483627,0.000807963831441512,0.000150754409558675,0.25,7.3730930171783E-7,7.11600911229483E-5,1.12681604090247E-6,5.027956,5.1672478,9999.6904296875,9999.6904296875,61.6204659420834,20.9558801590395,5.154188,0,0,0,40,4886,5.2857,9999.6904296875,,,,,,,,,,,,,0,,,,1.9462451,,,,,,5.0976019,,,,
,48575748.51,5.22570135,9999.6904296875,6.89422931932422E-5,5.1163521155977E-7,1,0.999253354069792,40.0298881530762,1.9978520917995,23.8000005483627,0.000781384585542544,0.000132421469638672,0.25,-4.32798988921679E-7,6.86201874996972E-5,-5.18462045598394E-8,5.1672478,5.2841549,9999.6904296875,9999.6904296875,62.0120618302181,20.9564672914133,5.154188,0,0,0,40,4886,5.4414,9999.6904296875,,,,,,,,,,,,,0,,,,1.9462451,,,,,,5.22570135,,,,
,48575749.5,5.3448875,9999.6904296875,6.80644208553979E-5,6.28631160578475E-7,1,0.999253354069792,40.0298881530762,1.9979181200018,23.8000005483627,0.000768967131339963,0.000144903690872329,0.25,8.23781660422417E-7,6.77395376616221E-5,1.19399525867196E-6,5.2841549,5.4056201,9999.6904296875,9999.6904296875,61.8588626404489,20.960980762182,5.154188,0,0,0,40,4886,5.60045,9999.6904296875,,,,,,,,,,,,,0,,,,1.9560151,,,,,,5.3448875,,,,
,48575750.49,5.48952675,9999.6904296875,6.65078301008081E-5,6.1417602357092E-7,1,0.999253354069792,40.0298881530762,1.99763962532613,23.8000005483627,0.000752616430593928,0.000133983472291005,0.25,1.34678136264466E-7,6.6194056772285E-5,4.99579852278535E-7,5.4056201,5.5734334,9999.6904296875,9999.6904296875,62.0519248846989,20.9596561642659,5.527248,0,0,0,40,4886,5.7343,9999.6904296875,,,,,,,,,,,,,0,,,,1.9657851,,,,,,5.48952675,,,,
,48575751.61,5.6937661,9999.6904296875,6.6546834478531E-5,4.24925848351139E-7,1,0.999253354069792,40.0298881530762,1.99775609079576,23.8000005483627,0.00075249488087976,0.000137506470048719,0.25,4.38354665855124E-7,6.62312024137897E-5,8.02041363392073E-7,5.5734334,5.8140988,9999.6904296875,9999.6904296875,61.0209568678334,20.9467621221126,5.527248,0,0,0,40,4886,5.8865,9999.6904296875,,,,,,,,,,,,,0,,,,1.9560151,,,,,,5.6937661,,,,
,48575752.83,5.89024995,9999.6904296875,6.39705047596581E-5,4.24199943973296E-7,1,0.999253354069792,40.0298881530762,1.99799595615045,23.8000005483627,0.000723538187302524,0.000131668735699375,0.25,3.74631308224268E-7,6.36673428707093E-5,7.24458028065744E-7,5.8140988,5.9664011,9999.6904296875,9999.6904296875,62.3161153241989,20.9464863478502,5.154188,0,0,0,40,4886,6.05685,9999.6904296875,,,,,,,,,,,,,0,,,,1.96588335,,,,,,5.89024995,,,,
,48575753.845,6.0426247,9999.6904296875,6.41843373070838E-5,5.40060787782316E-7,1,0.999253354069792,40.0298881530762,1.99781010135368,23.8000005483627,0.000726095208847729,0.000130944102730957,0.25,2.74035271015169E-7,6.38807164298431E-5,6.25510684756656E-7,5.9664011,6.1188483,9999.6904296875,9999.6904296875,61.2867105643719,20.9488671735865,5.527248,0,0,0,40,4886,6.21335,9999.6904296875,,,,,,,,,,,,,0,,,,1.97565335,,,,,,6.0426247,,,,
,48575755.775,6.2388887,9999.6904296875,6.18613191933977E-5,5.44151940396281E-7,1,0.999253354069792,40.0298881530762,1.99784965282483,23.8000005483627,0.000700687108363051,0.000121328807212523,0.25,-1.66785857091087E-7,6.15710482759208E-5,1.73996871318898E-7,6.2388887,6.2388887,9999.6904296875,9999.6904296875,62.0331658002373,20.946800244624,5.527248,0,0,0,40,4886,6.46705,9999.6904296875,,,,,,,,,,,,,0,,,,1.9855216,,,,,,6.2388887,,,,
,48575756.415,6.32899805,9999.6904296875,6.00363367827757E-5,4.62070239482965E-7,1,0.999253354069792,40.0298881530762,1.99775451120801,23.8000005483627,0.000678148390298477,0.00012818390866665,0.25,7.60308082411754E-7,5.97495573745835E-5,1.08669648699967E-6,6.2388887,6.4191074,9999.6904296875,9999.6904296875,61.8619891545258,20.9537004975649,5.527248,0,0,0,40,4886,6.55445,9999.6904296875,,,,,,,,,,,,,0,,,,1.9855216,,,,,,6.32899805,,,,
,48575757.495,6.47157095,9999.6904296875,5.9572265403766E-5,6.12527310842552E-7,1,0.999253354069792,40.0298881530762,1.9977567084287,23.8000005483627,0.000672214286755576,0.000131130800825641,0.25,1.10225000591981E-6,5.92857854226098E-5,1.4244781037457E-6,6.4191074,6.5240345,9999.6904296875,9999.6904296875,61.8846563815835,20.9614928782482,5.527248,0,0,0,40,4886,6.67385,9999.6904296875,,,,,,,,,,,,,0,,,,1.9954888,,,,,,6.47157095,,,,
,48575758.58,6.59176325,9999.6904296875,5.80947154318051E-5,4.82356920254129E-7,1,0.999253354069792,40.0298881530762,1.99793160128296,23.8099992275238,0.000658064674053343,0.000113858512219139,0.25,-1.64338564259963E-7,5.78221470720799E-5,1.55730875738795E-7,6.5240345,6.659492,9999.6904296875,9999.6904296875,61.6720534243527,20.9442277886689,5.154188,0,0,0,40,4886,6.8167,9999.6904296875,,,,,,,,,,,,,0,,,,1.9954888,,,,,,6.59176325,,,,
,48575760.585,6.9268346,9999.6904296875,5.81871998936742E-5,5.6471005132346E-7,1,0.999253354069792,40.0298881530762,1.99769794224073,23.8000005483627,0.000659916566641148,0.000109037230394928,0.25,-6.05374462804233E-7,5.79166052468246E-5,-2.82720537789103E-7,6.9268346,6.9268346,9999.6904296875,9999.6904296875,61.3523673599873,20.941352706101,5.527248,0,0,0,40,4886,7.1136,9999.6904296875,,,,,,,,,,,,,0,,,,2.005456,,,,,,6.9268346,,,,
,48575761.115,6.98616555,9999.6904296875,5.66833456274179E-5,3.75268957519514E-7,1,0.999253354069792,40.0298881530762,1.9977929002378,23.8000005483627,0.00064043122271234,0.000120199617391774,0.25,6.4475517828792E-7,5.64129568999798E-5,9.53258581306687E-7,6.9268346,7.0454965,9999.6904296875,9999.6904296875,62.2981378682566,20.9478845676499,5.154188,0,0,0,40,4886,7.18045,9999.6904296875,,,,,,,,,,,,,0,,,,2.005456,,,,,,6.98616555,,,,
,48575762.1,7.10857585,9999.6904296875,5.6362898891791E-5,5.09603907385623E-7,1,0.999253354069792,40.0298881530762,1.99782732194475,23.8000005483627,0.000638945876112682,0.000107444851241513,0.25,-4.25662619666935E-7,5.6099896046785E-5,-1.13881272672687E-7,7.0454965,7.1716552,9999.6904296875,9999.6904296875,62.0464534850643,20.944448125934,5.527248,0,0,0,40,4886,7.30295,9999.6904296875,,,,,,,,,,,,,0,,,,2.005456,,,,,,7.10857585,,,,
,48575763.19,7.23390795,9999.6904296875,5.4596650992714E-5,6.34590376882315E-7,1,0.999253354069792,40.0298881530762,1.99781244318525,23.8000005483627,0.000618224770191973,0.000108021487114873,0.25,-6.39147900513467E-8,5.43399689913766E-5,2.36455997133167E-7,7.1716552,7.2961607,9999.6904296875,9999.6904296875,61.7111348503142,20.9496450120226,5.154188,0,0,0,40,4886,7.45075,9999.6904296875,,,,,,,,,,,,,0,,,,2.005456,,,,,,7.23390795,,,,
,48575764.37,7.3567388,9999.6904296875,5.33021666235018E-5,4.23534813586778E-7,1,0.999253354069792,40.0298881530762,1.9976212144272,23.8000005483627,0.00060367351127839,0.000104530279038478,0.25,-1.43705409557793E-7,5.3052011453833E-5,1.49926358958007E-7,7.2961607,7.4173169,9999.6904296875,9999.6904296875,62.7077112123336,20.9439247306129,5.154188,0,0,0,40,4886,7.5897,9999.6904296875,,,,,,,,,,,,,0,,,,2.005456,,,,,,7.3567388,,,,
,48575765.47,7.484679,9999.6904296875,5.27777391139952E-5,5.92549733891921E-7,1,0.999253354069792,40.0298881530762,1.99776916328367,23.8000005483627,0.000598736883127667,9.80487375569568E-5,0.25,-6.24618087875407E-7,5.25326897168864E-5,-3.31604474309267E-7,7.4173169,7.5520411,9999.6904296875,9999.6904296875,61.5227623771796,20.948659535884,5.527248,0,0,0,40,4886,7.7001,9999.6904296875,,,,,,,,,,,,,0,,,,2.005456,,,,,,7.484679,,,,
,48575767.395,7.8036013,9999.6904296875,5.26890212166244E-5,5.5888720547227E-7,1,0.999253354069792,40.0298881530762,1.99781226349583,23.8000005483627,0.000595247086862467,0.000112069699263007,0.25,6.29289950401176E-7,5.24374810180163E-5,9.15912152542255E-7,7.8036013,7.8036013,9999.6904296875,9999.6904296875,61.6743983099104,20.9457299441968,5.527248,0,0,0,40,4886,7.9914,9999.6904296875,,,,,,,,,,,,,0,,,,2.0255907,,,,,,7.8036013,,,,
,48575768.055,7.86578585,9999.6904296875,5.21482144692194E-5,4.70102976088058E-7,1,0.999253354069792,40.0298881530762,1.99797423540362,23.8000005483627,0.000590842831657464,0.000101492818257894,0.25,-2.10513116157671E-7,5.19038328482014E-5,7.70908800436753E-8,7.8036013,7.9279704,9999.6904296875,9999.6904296875,62.6764460715643,20.9484927989983,5.527248,0,0,0,40,4886,8.0717,9999.6904296875,,,,,,,,,,,,,0,,,,2.0357591,,,,,,7.86578585,,,,
,48575769.29,7.99546885,9999.6904296875,4.92843465021584E-5,6.63335852917096E-7,1,0.999253354069792,40.0298881530762,1.99776200803204,23.8000005483627,0.000557369874873967,0.000101414510788931,0.25,2.87333308777142E-7,4.90507062057661E-5,5.56852968958443E-7,7.9279704,8.0629673,9999.6904296875,9999.6904296875,61.6142129139296,20.9454744387381,5.154188,0,0,0,40,4886,8.26715,9999.6904296875,,,,,,,,,,,,,0,,,,2.0357591,,,,,,7.99546885,,,,
,48575771.485,8.2816162,9999.6904296875,4.93448333441213E-5,8.3768486704531E-7,1,0.999253354069792,40.0298881530762,1.99757885208609,23.8000005483627,0.000558492541209145,9.87590169046439E-5,0.25,4.28903437814776E-8,4.9112235679611E-5,3.13893332384774E-7,8.2816162,8.2816162,9999.6904296875,9999.6904296875,62.0206597439296,20.9432658226983,5.154188,0,0,0,40,4886,8.5166,9999.6904296875,,,,,,,,,,,,,0,,,,2.0459275,,,,,,8.2816162,,,,
,48575772.125,8.36959745,9999.6904296875,4.87800091543387E-5,5.39771747096168E-7,1,0.999253354069792,40.0298881530762,1.99755483785072,23.8000005483627,0.000552594810512343,9.47774269064905E-5,0.25,-2.0937451704245E-7,4.85514525981244E-5,5.97120261779089E-8,8.2816162,8.4575787,9999.6904296875,9999.6904296875,62.3004827538143,20.9610307942248,5.527248,0,0,0,40,4886,8.62375,9999.6904296875,,,,,,,,,,,,,0,,,,2.0459275,,,,,,8.36959745,,,,
,48575773.18,8.5212355,9999.6904296875,4.72235861769701E-5,6.0784698852112E-7,1,0.999253354069792,40.0298881530762,1.99784267256656,23.8000005483627,0.000535496161929561,8.91533283379601E-5,0.25,-4.33463674567231E-7,4.70035817800466E-5,-1.71876134535228E-7,8.4575787,8.5848923,9999.6904296875,9999.6904296875,60.9013677043911,20.9455791593539,5.527248,0,0,0,40,4886,8.8218,9999.6904296875,,,,,,,,,,,,,0,,,,2.0459275,,,,,,8.5212355,,,,
,48575774.17,8.6542559,9999.6904296875,4.70134121159662E-5,4.74461675102672E-7,1,0.999253354069792,40.0298881530762,1.99789799480838,23.8000005483627,0.000533762118481715,8.51480432473417E-5,0.25,-7.50466678517255E-7,4.67961319009011E-5,-4.88541356934304E-7,8.5848923,8.7236195,9999.6904296875,9999.6904296875,61.8346321563527,20.9400356891311,5.154188,0,0,0,40,4886,8.97265,9999.6904296875,,,,,,,,,,,,,0,,,,2.0459275,,,,,,8.6542559,,,,
,48575776.095,8.8562698,9999.6904296875,4.65886025131701E-5,4.71950336698406E-7,1,0.999253354069792,40.0298881530762,1.99761785483228,23.8000005483627,0.00052728317341728,9.33770281696928E-5,0.25,5.22153605566057E-8,4.63688990114595E-5,3.08025649588563E-7,8.8562698,8.8562698,9999.6904296875,9999.6904296875,61.8987256949296,20.9535135982822,5.154188,0,0,0,40,4886,9.16535,9999.6904296875,,,,,,,,,,,,,0,,,,2.0664685,,,,,,8.8562698,,,,
,48575776.62,8.91780805,9999.6904296875,4.57835964370824E-5,4.95167866631038E-7,1,0.999253354069792,40.0298881530762,1.99770828440414,23.8000005483627,0.000519652824250411,8.34787107187185E-5,0.25,-6.80875892454823E-7,4.55717096255578E-5,-4.260373610263E-7,8.8562698,8.9793463,9999.6904296875,9999.6904296875,62.2035608174297,20.9549898585755,5.527248,0,0,0,40,4886,9.236,9999.6904296875,,,,,,,,,,,,,0,,,,2.056198,,,,,,8.91780805,,,,
,48575777.72,9.03692725,9999.6904296875,4.47178148455275E-5,4.01172395769572E-7,1,0.999253354069792,40.0298881530762,1.99780111058455,23.8000005483627,0.000506465185944062,8.78663190583911E-5,0.25,-1.06131578905351E-7,4.45077814810441E-5,1.40142376411997E-7,8.9793463,9.0945082,9999.6904296875,9999.6904296875,61.0358078096988,20.9455924653149,5.527248,0,0,0,40,4886,9.3326,9999.6904296875,,,,,,,,,,,,,0,,,,2.056198,,,,,,9.03692725,,,,
,48575778.905,9.2135754,9999.6904296875,4.54321022056961E-5,4.56082967194389E-7,1,0.999253354069792,40.0298881530762,1.9977841546076,23.8000005483627,0.000514857495232292,8.75257176254773E-5,0.25,-2.61821013317205E-7,4.5219549058858E-5,-1.08879699904742E-8,9.0945082,9.3326426,9999.6904296875,9999.6904296875,61.5626254316604,20.9491227752878,5.527248,0,0,0,40,4886,9.46305,9999.6904296875,,,,,,,,,,,,,0,,,,2.0664685,,,,,,9.2135754,,,,
,48575779.99,9.390306,9999.6904296875,4.45019711514007E-5,4.2309333304832E-7,1,0.999253354069792,40.0298881530762,1.99777015277289,23.8000005483627,0.000504159843953649,8.66055832916057E-5,0.25,-1.79402113759201E-7,4.42933346912181E-5,6.60306044889458E-8,9.3326426,9.4479694,9999.6904296875,9999.6904296875,61.504003292718,20.9468402046085,5.527248,0,0,0,40,4886,9.6438,9999.6904296875,,,,,,,,,,,,,0,,,,2.0768421,,,,,,9.390306,,,,
,48575781.055,9.5251956,9999.6904296875,4.35444171300187E-5,5.29762659672955E-7,1,0.999253354069792,40.0298881530762,1.99759475469358,23.8000005483627,0.000493044717508155,8.60178430181192E-5,0.25,-6.22139781742991E-8,4.33396383115769E-5,1.77403879462265E-7,9.4479694,9.6024218,9999.6904296875,9999.6904296875,61.5196358631027,20.9553783128268,5.527248,0,0,0,40,4886,9.77715,9999.6904296875,,,,,,,,,,,,,0,,,,2.0872157,,,,,,9.5251956,,,,
,48575782.21,9.66945175,9999.6904296875,4.27721485339791E-5,5.18801830047189E-7,1,0.999253354069792,40.0298881530762,1.99770017100445,23.8000005483627,0.000484984866035748,8.0744286430581E-5,0.25,-3.925655407555E-7,4.25728137966698E-5,-1.55635962523474E-7,9.6024218,9.7364817,9999.6904296875,9999.6904296875,61.6337536269103,20.9534644056861,5.154188,0,0,0,40,4886,9.9563,9999.6904296875,,,,,,,,,,,,,0,,,,2.0872157,,,,,,9.66945175,,,,
,48575783.435,9.81580785,9999.6904296875,4.31368945266083E-5,4.64671669312439E-7,1,0.999253354069792,40.0298881530762,1.99768885735329,23.8000005483627,0.000487245174239477,9.20767771934441E-5,0.25,5.44365927958097E-7,4.29306821732764E-5,7.78886284701908E-7,9.7364817,9.895134,9999.6904296875,9999.6904296875,61.7197327640258,20.9683108963783,5.154188,0,0,0,40,4886,10.199,9999.6904296875,,,,,,,,,,,,,0,,,,2.09769335,,,,,,9.81580785,,,,
,48575784.545,9.97999385,9999.6904296875,4.25147453058782E-5,5.71733236162096E-7,1,0.999253354069792,40.0298881530762,1.99753710000293,23.8000005483627,0.000480456704876367,8.91860075657704E-5,0.25,3.99038101934614E-7,4.23122514527828E-5,6.30823542034332E-7,9.895134,10.0648537,9999.6904296875,9999.6904296875,61.8635524115642,20.9702244044582,5.527248,0,0,0,40,4886,10.3776,9999.6904296875,,,,,,,,,,,,,0,,,,2.09769335,,,,,,9.97999385,,,,
,48575785.625,10.12371305,9999.6904296875,4.21268516339726E-5,9.9352005315325E-7,1,0.999253354069792,40.0298881530762,1.99743825954583,23.8099992275238,0.000476529049183179,8.56485673812968E-5,0.25,1.55135930529708E-7,4.19275158055169E-5,3.8593847694604E-7,10.0648537,10.1825724,9999.6904296875,9999.6904296875,61.3640917877757,20.9772821414135,5.527248,0,0,0,40,4886,10.5042,9999.6904296875,,,,,,,,,,,,,0,,,,2.09769335,,,,,,10.12371305,,,,
,48575786.76,10.2513814,9999.6904296875,4.06762332073953E-5,6.03713552571913E-7,1,0.999253354069792,40.0298881530762,1.99763236287568,23.8000005483627,0.000461527089620188,7.49506754112094E-5,0.25,-5.35379503523235E-7,4.04875184497567E-5,-3.09296232448937E-7,10.1825724,10.3201904,9999.6904296875,9999.6904296875,61.4031732137373,20.9645123411065,5.527248,0,0,0,40,4886,10.6159,9999.6904296875,,,,,,,,,,,,,0,,,,2.108171,,,,,,10.2513814,,,,
,48575787.945,10.44404315,9999.6904296875,4.13056562927254E-5,4.82884203204679E-7,1,0.999253354069792,40.0298881530762,1.99796664290251,23.8000005483627,0.000467101479264823,8.54545523028148E-5,0.25,2.80574687740569E-7,4.11094775245935E-5,5.06272569828523E-7,10.3201904,10.5678959,9999.6904296875,9999.6904296875,61.7728835033335,20.9574074297703,5.527248,0,0,0,40,4886,10.79655,9999.6904296875,,,,,,,,,,,,,0,,,,2.108171,,,,,,10.44404315,,,,
,48575789.18,10.64043715,9999.6904296875,4.08772496552233E-5,5.01269329880886E-7,1,0.999253354069792,40.0298881530762,1.9977788868138,23.8000005483627,0.000460719066796199,9.30653067100484E-5,0.25,1.0288979283451E-6,4.06789624474876E-5,1.24871462705735E-6,10.5678959,10.7129784,9999.6904296875,9999.6904296875,62.5037061688143,20.948565588048,5.154188,0,0,0,40,4886,10.9988,9999.6904296875,,,,,,,,,,,,,0,,,,2.1187539,,,,,,10.64043715,,,,
,48575790.44,10.77959445,9999.6904296875,4.07496543357899E-5,3.49777075792064E-7,1,0.999253354069792,40.0298881530762,1.99773522288706,23.8000005483627,0.000460652937397578,8.4919671960315E-5,0.25,3.31984430764436E-7,4.05557883797267E-5,5.54383886806563E-7,10.7129784,10.8462105,9999.6904296875,9999.6904296875,61.9870497176027,20.946021088821,5.527248,0,0,0,40,4886,11.1718,9999.6904296875,,,,,,,,,,,,,0,,,,2.14002715,,,,,,10.77959445,,,,
,48575792.455,10.9891996,9999.6904296875,3.96161406275908E-5,5.28955531205571E-7,1,0.999253354069792,40.0298881530762,1.99763868598427,23.8099992275238,0.000449305464033767,7.41012237153457E-5,0.25,-4.23921898351999E-7,3.94317555994197E-5,-2.04189893839918E-7,10.9891996,10.9891996,9999.6904296875,9999.6904296875,61.9432785205258,20.9608857347322,5.154188,0,0,0,40,4886,11.46215,9999.6904296875,,,,,,,,,,,,,0,,,,2.1293368,,,,,,10.9891996,,,,
,48575793.135,11.14213035,9999.6904296875,3.90665496897398E-5,5.33388298458771E-7,1,0.999253354069792,40.0298881530762,1.99747798456729,23.8000005483627,0.000441597502654437,8.12564339996067E-5,0.25,3.05399335544614E-7,3.88807350635331E-5,5.18673218020825E-7,10.9891996,11.2950611,9999.6904296875,9999.6904296875,61.7541244188719,20.9584113200466,5.154188,0,0,0,40,4886,11.561,9999.6904296875,,,,,,,,,,,,,0,,,,2.14002715,,,,,,11.14213035,,,,
,48575795.22,11.4205351,9999.6904296875,3.77194786553931E-5,4.05928819510697E-7,1,0.999253354069792,40.0298881530762,1.99763557762333,23.8000005483627,0.000427315077615902,7.32728332502474E-5,0.25,-1.63395606129745E-7,3.75425691049998E-5,4.46842416004198E-8,11.4205351,11.4205351,9999.6904296875,9999.6904296875,62.4966715121412,20.9552520962002,5.527248,0,0,0,40,4886,11.8373,9999.6904296875,,,,,,,,,,,,,0,,,,2.14002715,,,,,,11.4205351,,,,
,48575795.935,11.492949,9999.6904296875,3.80366125544804E-5,5.04333921682583E-7,1,0.999253354069792,40.0298881530762,1.99776096689223,23.8000005483627,0.000431782095154841,6.90700468340017E-5,0.25,-5.9082093651379E-7,3.78605516502529E-5,-3.78983176972204E-7,11.4205351,11.5653629,9999.6904296875,9999.6904296875,62.3043908964104,20.9550061489355,5.154188,0,0,0,40,4886,11.91285,9999.6904296875,,,,,,,,,,,,,0,,,,2.16151395,,,,,,11.492949,,,,
,48575797.075,11.6307821,9999.6904296875,3.80978617517591E-5,4.45657111379641E-7,1,0.999253354069792,40.0298881530762,1.997834865865,23.8099992275238,0.000432077895918682,7.15402476699039E-5,0.25,-3.83617738913502E-7,3.79203625422091E-5,-1.72420074472932E-7,11.5653629,11.6962013,9999.6904296875,9999.6904296875,61.6829962236219,20.9609600229329,5.154188,0,0,0,40,4886,12.0541,9999.6904296875,,,,,,,,,,,,,0,,,,2.16151395,,,,,,11.6307821,,,,
,48575799.075,11.9631786,9999.6904296875,3.65219856440268E-5,4.49806077230817E-7,1,0.999253354069792,40.0298881530762,1.99736401189846,23.8000005483627,0.000412589131854466,7.72224809778133E-5,0.25,3.97081443021985E-7,3.63475992773746E-5,5.95937026915207E-7,11.9631786,11.9631786,9999.6904296875,9999.6904296875,62.0128434587373,20.9532499216195,5.527248,0,0,0,40,4886,12.31,9999.6904296875,,,,,,,,,,,,,0,,,,2.16151395,,,,,,11.9631786,,,,
,48575799.785,12.0148153,9999.6904296875,3.66888900069676E-5,3.80291492875427E-7,1,0.999253354069792,40.0298881530762,1.99779149539406,23.8000005483627,0.000415932075929551,6.97873862204502E-5,0.25,-2.90427444900258E-7,3.65174911814283E-5,-8.74128736775567E-8,11.9631786,12.066452,9999.6904296875,9999.6904296875,62.1121102806797,20.9584106009165,5.527248,0,0,0,40,4886,12.4107,9999.6904296875,,,,,,,,,,,,,0,,,,2.1723104,,,,,,12.0148153,,,,
,48575801.04,12.13786695,9999.6904296875,3.63439301764227E-5,3.68989526437732E-7,1,0.999253354069792,40.0298881530762,1.9975665729949,23.8000005483627,0.000413389980789791,6.10928554917356E-5,0.25,-9.9715923161487E-7,3.61780323800115E-5,-7.92707999983026E-7,12.066452,12.2092819,9999.6904296875,9999.6904296875,61.6767431954681,20.9556768954843,5.154188,0,0,0,40,4886,12.5881,9999.6904296875,,,,,,,,,,,,,0,,,,2.1832154,,,,,,12.13786695,,,,
,48575803.29,12.4803391,9999.6904296875,3.68912933014026E-5,5.4744970928742E-7,1,0.999253354069792,40.0298881530762,1.99778413497562,23.8000005483627,0.00041768011660751,7.32677898582981E-5,0.25,-1.85778698468733E-8,3.67174076796855E-5,1.84267112154579E-7,12.4803391,12.4803391,9999.6904296875,9999.6904296875,61.9299908356989,20.9441387960005,5.154188,0,0,0,40,4886,12.88815,9999.6904296875,,,,,,,,,,,,,0,,,,2.1723104,,,,,,12.4803391,,,,
,48575804.01,12.55971435,9999.6904296875,3.5383129789716E-5,4.7526573461877E-7,1,0.999253354069792,40.0298881530762,1.9975945298123,23.8000005483627,0.000401006172306935,6.77785801562183E-5,0.25,-2.37569845041686E-7,3.52175541376316E-5,-4.19810211868512E-8,12.4803391,12.6390896,9999.6904296875,9999.6904296875,61.7416183625642,20.954998170045,5.154188,0,0,0,40,4886,12.99435,9999.6904296875,,,,,,,,,,,,,0,,,,2.1832154,,,,,,12.55971435,,,,
,48575805.105,12.71973275,9999.6904296875,3.5170667295149E-5,4.17281692770216E-7,1,0.999253354069792,40.0298881530762,1.99760099524817,23.8000005483627,0.000397363733790132,7.43949639741582E-5,0.25,3.84284011026894E-7,3.50026628080317E-5,5.7577199100311E-7,12.6390896,12.8003759,9999.6904296875,9999.6904296875,62.0245678865258,20.9581400212269,5.527248,0,0,0,40,4886,13.159,9999.6904296875,,,,,,,,,,,,,0,,,,2.20513475,,,,,,12.71973275,,,,
,48575806.335,12.85431765,9999.6904296875,3.53425634272684E-5,4.41313516291951E-7,1,0.999253354069792,40.0298881530762,1.99760875076804,23.8099992275238,0.000399658499835792,7.27620181081857E-5,0.25,2.0976551124851E-7,3.5174696019241E-5,4.03021281633572E-7,12.8003759,12.9082594,9999.6904296875,9999.6904296875,61.9448417775642,20.9554131331977,5.527248,0,0,0,40,4886,13.3125,9999.6904296875,,,,,,,,,,,,,0,,,,2.20513475,,,,,,12.85431765,,,,
,48575823.08,14.9975014,9999.6904296875,,,2,,,,23.7860001740456,,,,,,,14.9975014,14.9975014,9999.6904296875,9999.6904296875,,,5.527248,,,,-99999999,4886,15.5654,9999.6904296875,,,,,,,,,,,,,,,,,,,,,,,14.9975014,,,,
touchdown = 17.8800001740456 mm,48575836.885,16.8029671,9999.6904296875,3.08775182493818E-5,4.96262635649052E-7,1,0.999253354069792,40.0298881530762,1.99771575565177,23.7700007855892,0.00035102952155214,5.30601384537398E-5,0.25,-7.45241597986374E-7,3.07355352666137E-5,-5.72076960329634E-7,16.8029671,16.8029671,9999.6904296875,9999.6904296875,61.8752768393527,20.9482062318201,5.154188,0,0,0,40,4886,17.4543,9999.6904296875,,,,,,,,,,,,,0,,,,2.3064983,,,,,,16.8029671,,,,
,48575838.51,17.0615444,9999.6904296875,3.08826325974124E-5,4.73641303030533E-7,1,0.999253354069792,40.0298881530762,1.99754631220292,23.7700007855892,0.000350619071711388,5.55660140900609E-5,0.25,-5.24396419197027E-7,3.07393993403032E-5,-3.52235022320556E-7,17.0615444,17.0615444,9999.6904296875,9999.6904296875,61.7033185651219,20.9548669273361,5.154188,0,0,0,40,4886,17.6857,9999.6904296875,,,,,,,,,,,,,0,,,,2.3064983,,,,,,17.0615444,,,,
,48575839.18,17.12907505,9999.6904296875,3.01048851097164E-5,5.89440804563558E-7,1,0.999253354069792,40.0298881530762,1.997516724444,23.7700007855892,0.000341615448585981,5.51254791476061E-5,0.25,-4.26421400530469E-7,2.99647939625606E-5,-2.58989784830203E-7,17.0615444,17.1966057,9999.6904296875,9999.6904296875,61.7595958185065,20.9591519154477,5.154188,0,0,0,40,4886,17.76835,9999.6904296875,,,,,,,,,,,,,0,,,,2.32977165,,,,,,17.12907505,,,,
,48575840.285,17.25846865,9999.6904296875,3.10512233809948E-5,3.75647318730465E-7,1,0.999253354069792,40.0298881530762,1.99773018914849,23.7700007855892,0.000351686851085482,6.08601213182579E-5,0.25,-8.68474587186374E-8,3.09047873230216E-5,8.41885777563815E-8,17.1966057,17.3203316,9999.6904296875,9999.6904296875,61.2554454236026,20.9597559172686,5.154188,0,0,0,40,4886,17.87565,9999.6904296875,,,,,,,,,,,,,0,,,,2.3413502,,,,,,17.25846865,,,,
,48575842.25,17.4500999,9999.6904296875,3.1043667926244E-5,5.02960315639928E-7,1,0.999253354069792,40.0298881530762,1.997693769473,23.7799994647503,0.000351534385776694,6.11917613457706E-5,0.25,-5.61804252461444E-8,3.08971288893766E-5,1.14715393687729E-7,17.4500999,17.4500999,9999.6904296875,9999.6904296875,61.9956476313143,20.9553177016139,5.154188,0,0,0,40,4886,18.1934,9999.6904296875,,,,,,,,,,,,,0,,,,2.3413502,,,,,,17.4500999,,,,
,48575842.945,17.59227465,9999.6904296875,3.08492740792016E-5,5.34178775737706E-7,1,0.999253354069792,40.0298881530762,1.99744138443581,23.7700007855892,0.000349984910282872,5.68575558392182E-5,0.25,-4.04262566951871E-7,3.07055694851244E-5,-2.32772959200444E-7,17.4500999,17.7344494,9999.6904296875,9999.6904296875,62.1863649900066,20.9640058841515,5.154188,0,0,0,40,4886,18.27925,9999.6904296875,,,,,,,,,,,,,0,,,,2.3413502,,,,,,17.59227465,,,,
,48575844.2,17.7964144,9999.6904296875,3.04396362773741E-5,5.50561203042487E-7,1,0.999253354069792,40.0298881530762,1.99753896651672,23.7700007855892,0.000345512193004997,5.52053055506492E-5,0.25,-4.78433258270184E-7,3.02982965823341E-5,-3.08806984360087E-7,17.7344494,17.8583794,9999.6904296875,9999.6904296875,61.740836734045,20.9595556400197,5.154188,0,0,0,40,4886,18.4625,9999.6904296875,,,,,,,,,,,,,0,,,,2.3648572,,,,,,17.7964144,,,,
,48575845.445,17.9303484,9999.6904296875,3.04278068398933E-5,4.54915662282648E-7,1,0.999253354069792,40.0298881530762,1.99763890437938,23.7700007855892,0.000344498899754177,6.02784193450662E-5,0.25,-2.84772094617889E-8,3.02840813810011E-5,1.38998924144091E-7,17.8583794,18.0023174,9999.6904296875,9999.6904296875,61.6970655369681,20.9536942971632,5.527248,0,0,0,40,4886,18.641,9999.6904296875,,,,,,,,,,,,,0,,,,2.3766694,,,,,,17.9303484,,,,
,48575846.665,18.0689983,9999.6904296875,3.08680439880148E-5,5.0675257701094E-7,1,0.999253354069792,40.0298881530762,1.99749039033663,23.7700007855892,0.00035023552329765,5.67317783763534E-5,0.25,-4.18936342169201E-7,3.07244187761543E-5,-2.47147687032205E-7,18.0023174,18.1356792,9999.6904296875,9999.6904296875,61.7791365314873,20.9577056369181,5.527248,0,0,0,40,4886,18.8046,9999.6904296875,,,,,,,,,,,,,0,,,,2.3766694,,,,,,18.0689983,,,,
,48575847.845,18.19451995,9999.6904296875,3.10346871401224E-5,5.23498019829784E-7,1,0.999253354069792,40.0298881530762,1.9975356272231,23.7700007855892,0.000351296913117053,6.17992927995459E-5,0.25,-7.40720376554054E-10,3.08880161338859E-5,1.70039736045112E-7,18.1356792,18.2533607,9999.6904296875,9999.6904296875,61.5821661446411,20.9626223211629,5.527248,0,0,0,40,4886,18.9715,9999.6904296875,,,,,,,,,,,,,0,,,,2.3766694,,,,,,18.19451995,,,,
,48575849.025,18.32269855,9999.6904296875,3.13541532958569E-5,5.78792112289011E-7,1,0.999253354069792,40.0298881530762,1.99738614459478,23.7799994647503,0.000353723567929537,6.90511019944602E-5,0.25,5.84073782230891E-7,3.12027982289519E-5,7.53903871260774E-7,18.2533607,18.3920364,9999.6904296875,9999.6904296875,61.3320450184873,20.9554528400977,5.527248,0,0,0,40,4886,19.12895,9999.6904296875,,,,,,,,,,,,,0,,,,2.3648572,,,,,,18.32269855,,,,
,48575851.185,18.6581879,9999.6904296875,3.00250181695472E-5,5.03037932398986E-7,1,0.999253354069792,40.0298881530762,1.99734385501145,23.7700007855892,0.000339897646256638,5.94460794562745E-5,0.25,-3.06884825743554E-8,2.98834050283542E-5,1.34836106342062E-7,18.6581879,18.6581879,9999.6904296875,9999.6904296875,61.883093124545,20.9582610311053,5.527248,0,0,0,40,4886,19.412,9999.6904296875,,,,,,,,,,,,,0,,,,2.4005308,,,,,,18.6581879,,,,
,48575851.875,18.72205925,9999.6904296875,3.0694153705709E-5,4.33386700950382E-7,1,0.999253354069792,40.0298881530762,1.99764939765226,23.7700007855892,0.000347920871641541,5.85214333455517E-5,0.25,-2.30903199640977E-7,3.05505095994149E-5,-6.07173566689255E-8,18.6581879,18.7859306,9999.6904296875,9999.6904296875,61.9370254923719,20.9594224816236,5.154188,0,0,0,40,4886,19.48445,9999.6904296875,,,,,,,,,,,,,0,,,,2.3886001,,,,,,18.72205925,,,,
,48575853.1,18.91368865,9999.6904296875,3.07400008013044E-5,4.78959249438638E-7,1,0.999253354069792,40.0298881530762,1.997799227294,23.7700007855892,0.000347217801386835,6.57083270374418E-5,0.25,3.95401444990905E-7,3.05927542477415E-5,5.62964170907797E-7,18.7859306,19.0414467,9999.6904296875,9999.6904296875,62.0745921117566,20.9676854832403,5.154188,0,0,0,40,4886,19.66525,9999.6904296875,,,,,,,,,,,,,0,,,,2.3886001,,,,,,18.91368865,,,,
,48575854.34,19.10004425,9999.6904296875,3.0704486435886E-5,5.16860136765597E-7,1,0.999253354069792,40.0298881530762,1.99737365738627,23.7700007855892,0.00034723304351053,6.28578557144656E-5,0.25,1.50882961899608E-7,3.05588335787056E-5,3.19496469320946E-7,19.0414467,19.1586418,9999.6904296875,9999.6904296875,61.7564693044296,20.9597663436519,5.527248,0,0,0,40,4886,19.8567,9999.6904296875,,,,,,,,,,,,,0,,,,2.4005308,,,,,,19.10004425,,,,
,48575855.545,19.22016905,9999.6904296875,3.06278357885112E-5,4.18503054882452E-7,1,0.999253354069792,40.0298881530762,1.99754186438023,23.7799994647503,0.0003474635330481,5.66329371011542E-5,0.25,-3.86100510314172E-7,3.04855869125249E-5,-2.15291981598809E-7,19.1586418,19.2816963,9999.6904296875,9999.6904296875,61.8948175523335,20.961550493878,5.527248,0,0,0,40,4886,20.0232,9999.6904296875,,,,,,,,,,,,,0,,,,2.4005308,,,,,,19.22016905,,,,
,48575856.725,19.35325525,9999.6904296875,3.12850854770881E-5,4.65935787635262E-7,1,0.999253354069792,40.0298881530762,1.99768252083157,23.7700007855892,0.00035548345108697,5.47896310364689E-5,0.25,-6.65013833878482E-7,3.11413572911401E-5,-4.89179707209845E-7,19.2816963,19.4248142,9999.6904296875,9999.6904296875,62.6420544167182,20.9605835190969,5.527248,0,0,0,40,4886,20.17685,9999.6904296875,,,,,,,,,,,,,0,,,,2.41258145,,,,,,19.35325525,,,,
,48575857.895,19.48581315,9999.6904296875,3.12771777408807E-5,5.08006004904781E-7,1,0.999253354069792,40.0298881530762,1.99741324958706,23.7700007855892,0.000355185149483837,5.5699664641066E-5,0.25,-5.82704727143987E-7,3.11331165710907E-5,-4.07213695229078E-7,19.4248142,19.5468121,9999.6904296875,9999.6904296875,61.5516826323911,20.9591463830525,5.527248,0,0,0,40,4886,20.32875,9999.6904296875,,,,,,,,,,,,,0,,,,2.41258145,,,,,,19.48581315,,,,
,48575859.89,19.8112984,9999.6904296875,3.11467587084456E-5,6.32015630051014E-7,1,0.999253354069792,40.0298881530762,1.99751025040562,23.7799994647503,0.000354353368456286,5.18837402414236E-5,0.25,-8.9729399652043E-7,3.10052064294151E-5,-7.20870970343106E-7,19.8112984,19.8112984,9999.6904296875,9999.6904296875,61.5845110301988,20.9774242443725,5.527248,0,0,0,40,4886,20.6056,9999.6904296875,,,,,,,,,,,,,0,,,,2.41258145,,,,,,19.8112984,,,,
,48575860.57,19.8771429,9999.6904296875,3.03793998213437E-5,4.82455098836542E-7,1,0.999253354069792,40.0298881530762,1.99728046290112,23.7700007855892,0.00034475670231866,5.53122032278192E-5,0.25,-4.58905783764504E-7,3.02390829411932E-5,-2.88736683127297E-7,19.8112984,19.9429874,9999.6904296875,9999.6904296875,61.4414730111796,20.9757636078688,5.154188,0,0,0,40,4886,20.68435,9999.6904296875,,,,,,,,,,,,,0,,,,2.4246321,,,,,,19.8771429,,,,
,48575862.545,20.0587616,9999.6904296875,3.05603201945938E-5,5.48115224178164E-7,1,0.999253354069792,40.0298881530762,1.99742185367241,23.7700007855892,0.000347332692151814,5.28199784074701E-5,0.25,-7.11471426972677E-7,3.0420741506661E-5,-5.38928365161193E-7,20.0587616,20.0587616,9999.6904296875,9999.6904296875,61.7345837058911,20.9760929061108,5.154188,0,0,0,40,4886,20.9583,9999.6904296875,,,,,,,,,,,,,0,,,,2.4246321,,,,,,20.0587616,,,,
,48575863.275,20.1982765,9999.6904296875,3.08938846057819E-5,4.13508568690161E-7,1,0.999253354069792,40.0298881530762,1.99725797123516,23.7700007855892,0.000348715174831605,6.69273329473951E-5,0.25,4.7654385694855E-7,3.07462175595661E-5,6.45423005350679E-7,20.0587616,20.3377914,9999.6904296875,9999.6904296875,61.9737620327758,20.978541778703,5.527248,0,0,0,40,4886,21.04975,9999.6904296875,,,,,,,,,,,,,0,,,,2.4246321,,,,,,20.1982765,,,,
,48575865.415,20.4593487,9999.6904296875,3.13234324896591E-5,4.94943553136402E-7,1,0.999253354069792,40.0298881530762,1.99732438884965,23.7700007855892,0.0003548239199168,6.07773684085438E-5,0.25,-1.42853139848479E-7,3.11774012809451E-5,3.15413373934008E-8,20.4593487,20.4593487,9999.6904296875,9999.6904296875,62.2997011252951,20.9767289926533,5.527248,0,0,0,40,4886,21.3403,9999.6904296875,,,,,,,,,,,,,0,,,,2.4489751,,,,,,20.4593487,,,,
,48575866.07,20.5301895,9999.6904296875,3.12335933075465E-5,4.67573409025482E-7,1,0.999253354069792,40.0298881530762,1.99730862792887,23.7700007855892,0.000353860716311867,6.02819601393866E-5,0.25,-1.70843760795935E-7,3.1088198144475E-5,3.2451094363908E-9,20.4593487,20.6010303,9999.6904296875,9999.6904296875,62.5709262214682,20.9743459865655,5.527248,0,0,0,40,4886,21.4151,9999.6904296875,,,,,,,,,,,,,0,,,,2.4368036,,,,,,20.5301895,,,,
,48575867.225,20.66705985,9999.6904296875,3.07567192990571E-5,5.32332473497155E-7,1,0.999253354069792,40.0298881530762,1.99740554835358,23.7700007855892,0.000348231584188901,6.07524478932202E-5,0.25,-4.57787059184891E-8,3.06130167918146E-5,1.25230544258364E-7,20.6010303,20.7330894,9999.6904296875,9999.6904296875,62.1214898229104,20.9770412936236,5.154188,0,0,0,40,4886,21.59645,9999.6904296875,,,,,,,,,,,,,0,,,,2.4368036,,,,,,20.66705985,,,,
,48575868.365,20.7991457,9999.6904296875,3.1507278193409E-5,4.89596727759509E-7,1,0.999253354069792,40.0298881530762,1.99724879118203,23.7700007855892,0.000355952056309967,6.65055203073627E-5,0.25,3.30659726841451E-7,3.13581099907696E-5,5.0421704227238E-7,20.7330894,20.865202,9999.6904296875,9999.6904296875,62.3653579209105,20.9720081464338,5.527248,0,0,0,40,4886,21.75325,9999.6904296875,,,,,,,,,,,,,0,,,,2.4612689,,,,,,20.7991457,,,,
,48575869.6,21.0059071,9999.6904296875,3.0839286595051E-5,4.58517592870225E-7,1,0.999253354069792,40.0298881530762,1.99715845528716,23.7700007855892,0.00035026620550951,5.44440136278685E-5,0.25,-6.17391689343405E-7,3.06986473255874E-5,-4.42971948914014E-7,20.865202,21.1466122,9999.6904296875,9999.6904296875,61.4070813563334,20.9831124855353,5.154188,0,0,0,40,4886,21.9118,9999.6904296875,,,,,,,,,,,,,0,,,,2.4735627,,,,,,21.0059071,,,,
,48575870.815,21.21055795,9999.6904296875,3.12843416576461E-5,4.00746658698679E-7,1,0.999253354069792,40.0298881530762,1.99705226928593,23.7700007855892,0.000354298393549699,6.09464967913385E-5,0.25,-1.21125875630111E-7,3.11390331847951E-5,5.36267517697742E-8,21.1466122,21.2745037,9999.6904296875,9999.6904296875,62.0628676839681,20.9779860375751,5.154188,0,0,0,40,4886,22.0956,9999.6904296875,,,,,,,,,,,,,0,,,,2.4612689,,,,,,21.21055795,,,,
,48575871.805,21.34817505,9999.6904296875,3.07008836333476E-5,4.45562379039482E-7,1,0.999253354069792,40.0298881530762,1.99711959352857,23.7799994647503,0.000347363027051642,6.17453548279152E-5,0.25,5.18249739735041E-8,3.0557463754013E-5,2.22653818827985E-7,21.2745037,21.4218464,9999.6904296875,9999.6904296875,61.8963808093719,20.9729637376489,5.154188,0,0,0,40,4886,22.23055,9999.6904296875,,,,,,,,,,,,,0,,,,2.4612689,,,,,,21.34817505,,,,
,48575872.855,21.4803467,9999.6904296875,3.04498070660476E-5,4.18668362081819E-7,1,0.999253354069792,40.0298881530762,1.99727351571199,23.7700007855892,0.000345606307795587,5.52394294022755E-5,0.25,-4.79348849071862E-7,3.03106642887813E-5,-3.07300625449867E-7,21.4218464,21.538847,9999.6904296875,9999.6904296875,61.8705870682373,20.9770779304629,5.154188,0,0,0,40,4886,22.3753,9999.6904296875,,,,,,,,,,,,,0,,,,2.4735627,,,,,,21.4803467,,,,
,48575874.92,21.6770802,9999.6904296875,3.13834775995111E-5,4.80694132722899E-7,1,0.999253354069792,40.0298881530762,1.99718157726278,23.760000243783,0.000356482977662048,5.52773955987027E-5,0.25,-6.40503251300036E-7,3.12412317189812E-5,-4.62179063809133E-7,21.6770802,21.6770802,9999.6904296875,9999.6904296875,62.3153336956797,20.9795890651742,5.527248,0,0,0,40,4886,22.67775,9999.6904296875,,,,,,,,,,,,,0,,,,2.4859799,,,,,,21.6770802,,,,
,48575875.625,21.74927045,9999.6904296875,3.09838439130335E-5,4.0331589749748E-7,1,0.999253354069792,40.0298881530762,1.99715148877002,23.7700007855892,0.000352785897595273,4.97678246497539E-5,0.25,-1.05702134347206E-6,3.08459166147565E-5,-8.78875270840521E-7,21.6770802,21.8214607,9999.6904296875,9999.6904296875,61.4883707223334,20.9752647357054,5.154188,0,0,0,40,4886,22.7897,9999.6904296875,,,,,,,,,,,,,0,,,,2.4859799,,,,,,21.74927045,,,,
,48575876.725,21.8749027,9999.6904296875,3.18241928183836E-5,3.99907163887564E-7,1,0.999253354069792,40.0298881530762,1.99748577503667,23.7700007855892,0.000359572077046072,6.72689669477604E-5,0.25,3.402086509992E-7,3.16747063762089E-5,5.16722101061172E-7,21.8214607,21.9283447,9999.6904296875,9999.6904296875,62.3591048927566,20.9727368234663,5.527248,0,0,0,40,4886,22.92175,9999.6904296875,,,,,,,,,,,,,0,,,,2.4735627,,,,,,21.8749027,,,,
,48575878.93,22.2321014,9999.6904296875,3.17460267039278E-5,4.32446179599508E-7,1,0.999253354069792,40.0298881530762,1.99746801268401,23.7700007855892,0.000359132102827341,6.45936029998578E-5,0.25,1.17229935518361E-7,3.15985287704408E-5,2.94720940065433E-7,22.2321014,22.2321014,9999.6904296875,9999.6904296875,61.5626254316604,20.9724871872478,5.154188,0,0,0,40,4886,23.2359,9999.6904296875,,,,,,,,,,,,,0,,,,2.4735627,,,,,,22.2321014,,,,
,48575880.375,22.3813057,9999.6904296875,3.09885163812474E-5,3.94117449508915E-7,1,0.999253354069792,40.0298881530762,1.99735083972832,23.7700007855892,0.000352591577631464,5.14258132108048E-5,0.25,-9.12599389582535E-7,3.08504923922417E-5,-7.34414087091747E-7,22.3813057,22.3813057,9999.6904296875,9999.6904296875,62.1394672788527,20.9737884069186,5.527248,0,0,0,40,4886,23.3861,9999.6904296875,,,,,,,,,,,,,0,,,,2.4983971,,,,,,22.3813057,,,,
,48575881.025,22.44802,9999.6904296875,3.18460685329997E-5,4.30727557666863E-7,1,0.999253354069792,40.0298881530762,1.99727128618527,23.7700007855892,0.000361538512909818,5.73824191430758E-5,0.25,-5.37325226051871E-7,3.17021328098288E-5,-3.5591874736243E-7,22.3813057,22.5147343,9999.6904296875,9999.6904296875,61.2710779939873,20.9749049700573,5.527248,0,0,0,40,4886,23.4968,9999.6904296875,,,,,,,,,,,,,0,,,,2.4983971,,,,,,22.44802,,,,
,48575882.29,22.6399107,9999.6904296875,3.10935232157476E-5,3.15635323028065E-7,1,0.999253354069792,40.0298881530762,1.99717205176755,23.7700007855892,0.00035220675992847,6.04239055850333E-5,0.25,-1.36168100415258E-7,3.09510659229663E-5,3.94076816723302E-8,22.5147343,22.7650871,9999.6904296875,9999.6904296875,61.4336567259873,20.9753608904236,5.154188,0,0,0,40,4886,23.6899,9999.6904296875,,,,,,,,,,,,,0,,,,2.4983971,,,,,,22.6399107,,,,
,48575883.555,22.83980465,9999.6904296875,3.03479256779873E-5,4.39355621924848E-7,1,0.999253354069792,40.0298881530762,1.99725491735239,23.7700007855892,0.000343607346270312,5.99443245853728E-5,0.25,-4.77520964359512E-8,3.02086505900986E-5,1.23458702746077E-7,22.7650871,22.9145222,9999.6904296875,9999.6904296875,61.5688784598142,20.9774344861998,5.154188,0,0,0,40,4886,23.8726,9999.6904296875,,,,,,,,,,,,,0,,,,2.510939,,,,,,22.83980465,,,,
,48575884.785,22.97318365,9999.6904296875,3.12225711164978E-5,3.93436678864824E-7,1,0.999253354069792,40.0298881530762,1.99724237590676,23.7700007855892,0.000354869685178992,5.39571735663868E-5,0.25,-7.30954248264947E-7,3.10833908165575E-5,-5.51436700583328E-7,22.9145222,23.0318451,9999.6904296875,9999.6904296875,61.9276459501412,20.9763528028673,5.154188,0,0,0,40,4886,24.0492,9999.6904296875,,,,,,,,,,,,,0,,,,2.5234809,,,,,,22.97318365,,,,
,48575886.04,23.10090065,9999.6904296875,3.18290905102519E-5,4.66232140985305E-7,1,0.999253354069792,40.0298881530762,1.99720005137237,23.7700007855892,0.000360111675023,6.43595008783644E-5,0.25,8.10778402664627E-8,3.16828030642641E-5,2.60531129608012E-7,23.0318451,23.1699562,9999.6904296875,9999.6904296875,61.9972108883527,20.9815633208948,5.527248,0,0,0,40,4886,24.21565,9999.6904296875,,,,,,,,,,,,,0,,,,2.5234809,,,,,,23.10090065,,,,
,48575888.15,23.4585381,9999.6904296875,3.16576125973207E-5,4.69714465555014E-7,1,0.999253354069792,40.0298881530762,1.99737450670883,23.7700007855892,0.000358548718262464,6.20753675302405E-5,0.25,-9.14830609340132E-8,3.15135287973068E-5,8.82180276075624E-8,23.4585381,23.4585381,9999.6904296875,9999.6904296875,61.4750830375065,20.9746231660538,5.527248,0,0,0,40,4886,24.5037,9999.6904296875,,,,,,,,,,,,,0,,,,2.4983971,,,,,,23.4585381,,,,
,48575888.91,23.51976875,9999.6904296875,3.1193299676949E-5,5.6483187654571E-7,1,0.999253354069792,40.0298881530762,1.99726100215672,23.7700007855892,0.000352761349503981,6.40629626753368E-5,0.25,1.66038985997735E-7,3.10500000768995E-5,3.42047656521861E-7,23.4585381,23.5809994,9999.6904296875,9999.6904296875,62.1535365921989,20.9804496042407,5.527248,0,0,0,40,4886,24.5788,9999.6904296875,,,,,,,,,,,,,0,,,,2.4983971,,,,,,23.51976875,,,,
,48575890,23.65277865,9999.6904296875,3.10265484903888E-5,5.45058143959519E-7,1,0.999253354069792,40.0298881530762,1.99729956852917,23.7700007855892,0.000351890321240609,5.80139199013345E-5,0.25,-3.39362379526342E-7,3.08871359845273E-5,-1.61756136356604E-7,23.5809994,23.7245579,9999.6904296875,9999.6904296875,62.333311151622,20.9801828425013,5.527248,0,0,0,40,4886,24.7362,9999.6904296875,,,,,,,,,,,,,0,,,,2.4983971,,,,,,23.65277865,,,,
,48575891.83,23.8619633,9999.6904296875,3.1760075728482E-5,4.78316600429088E-7,1,0.999253354069792,40.0298881530762,1.99709415601395,23.7700007855892,0.000361265470499767,5.32186048621913E-5,0.25,-8.92237854701539E-7,3.16209682764814E-5,-7.07514766109516E-7,23.8619633,23.8619633,9999.6904296875,9999.6904296875,62.2746890126797,20.9752067186056,5.154188,0,0,0,40,4886,25.0172,9999.6904296875,,,,,,,,,,,,,0,,,,2.5234809,,,,,,23.8619633,,,,
,48575892.53,23.9856129,9999.6904296875,3.12683333519674E-5,5.20442563267695E-7,1,0.999253354069792,40.0298881530762,1.99725047783747,23.7700007855892,0.000354853973765876,5.72062518938404E-5,0.25,-4.53908504255525E-7,3.11291573007364E-5,-2.73798193647769E-7,23.8619633,24.1092625,9999.6904296875,9999.6904296875,62.1754221907374,20.9835303011069,5.527248,0,0,0,40,4886,25.1268,9999.6904296875,,,,,,,,,,,,,0,,,,2.5234809,,,,,,23.9856129,,,,
,48575894.625,24.2518883,9999.6904296875,3.04332193327004E-5,4.80821419976287E-7,1,0.999253354069792,40.0298881530762,1.9971378218962,23.7700007855892,0.000343845499804608,6.42949351705962E-5,0.25,3.19175637727046E-7,3.02939158631742E-5,4.91481009321312E-7,24.2518883,24.2518883,9999.6904296875,9999.6904296875,62.3505069790451,20.9775284436008,5.154188,0,0,0,40,4886,25.4057,9999.6904296875,,,,,,,,,,,,,0,,,,2.53614865,,,,,,24.2518883,,,,
,48575895.31,24.3307114,9999.6904296875,3.05574726575987E-5,6.0922976862802E-7,1,0.999253354069792,40.0298881530762,1.99726023846646,23.7700007855892,0.000346023897112113,6.0287471375067E-5,0.25,-5.72046250648386E-8,3.04198872248639E-5,1.17629890942922E-7,24.2518883,24.4095345,9999.6904296875,9999.6904296875,61.5118195779104,20.9803829221227,5.527248,0,0,0,40,4886,25.47795,9999.6904296875,,,,,,,,,,,,,0,,,,2.5234809,,,,,,24.3307114,,,,
,48575896.45,24.4697266,9999.6904296875,3.10340868004475E-5,5.28571653149206E-7,1,0.999253354069792,40.0298881530762,1.99739129275081,23.7700007855892,0.000352509249412466,5.51961990416657E-5,0.25,-5.9150998797091E-7,3.08976704142867E-5,-4.11307406000422E-7,24.4095345,24.5299187,9999.6904296875,9999.6904296875,61.456323953045,20.9750098816045,5.527248,0,0,0,40,4886,25.61795,9999.6904296875,,,,,,,,,,,,,0,,,,2.53614865,,,,,,24.4697266,,,,
,48575898.51,24.72306155,9999.6904296875,3.11563811253325E-5,5.70082294593202E-7,1,0.999253354069792,40.0298881530762,1.99704180935105,23.7700007855892,0.000353380517799458,5.8051480576998E-5,0.25,-3.60642671679233E-7,3.10187263976137E-5,-1.80232160064229E-7,24.6518898,24.7942333,9999.6904296875,9999.6904296875,61.954221319795,20.9784930379453,5.527248,0,0,0,40,4886,25.93365,9999.6904296875,,,,,,,,,,,,,0,,,,2.5616114,,,,,,24.72306155,,,,
,48575899.22,24.8647108,9999.6904296875,3.06344108790393E-5,4.35924937872645E-7,1,0.999253354069792,40.0298881530762,1.99719236785385,23.7700007855892,0.000347122951698267,5.91525075638202E-5,0.25,-1.72000690228962E-7,3.04982144146731E-5,4.75109702347411E-9,24.7942333,24.9351883,9999.6904296875,9999.6904296875,61.5516826323911,20.9739672559165,5.154188,0,0,0,40,4886,26.0373,9999.6904296875,,,,,,,,,,,,,0,,,,2.5616114,,,,,,24.8647108,,,,
,48575916.02,26.9909439,9999.6904296875,,,2,,,,23.7860001740456,,,,,,,26.9909439,26.9909439,9999.6904296875,9999.6904296875,,,5.527248,,,,-99999999,4886,28.3288,9999.6904296875,,,,,,,,,,,,,,,,,,,,,,,26.9909439,,,,
touchdown = 17.8800001740456 mm,48575929.86,28.7021866,9999.6904296875,3.10442054391005E-5,4.42091917430421E-7,1,0.999253354069792,40.0298881530762,1.98576170235659,23.760000243783,0.000349357620809991,6.317038044748E-5,0.25,1.29715287199471E-7,3.09160894095483E-5,3.17054751054753E-7,28.7021866,28.7021866,9999.6904296875,9999.6904296875,61.6275005987565,20.9768673613411,5.527248,0,0,0,40,4886,30.3237,9999.6904296875,,,,,,,,,,,,,0,,,,2.6527278,,,,,,28.7021866,,,,
,48575930.55,28.7648287,9999.6904296875,3.06978391934899E-5,5.34829279242583E-7,1,0.999253354069792,40.0298881530762,1.98594916673123,23.7700007855892,0.000346782302326138,5.51802907778676E-5,0.25,-5.19415929619887E-7,3.05754598693286E-5,-3.3123392683538E-7,28.7021866,28.8274708,9999.6904296875,9999.6904296875,61.913576636795,20.962801356945,5.154188,0,0,0,40,4886,30.433,9999.6904296875,,,,,,,,,,,,,0,,,,2.63954365,,,,,,28.7648287,,,,
,48575931.745,28.9008093,9999.6904296875,3.05034875027953E-5,4.71904986816827E-7,1,0.999253354069792,40.0298881530762,1.98569549524649,23.7700007855892,0.000344803019267272,5.34070401122949E-5,0.25,-6.42577969081805E-7,3.03833363035988E-5,-4.54584851446405E-7,28.8274708,28.9741478,9999.6904296875,9999.6904296875,61.5344868049681,20.9783126245691,5.154188,0,0,0,40,4886,30.62575,9999.6904296875,,,,,,,,,,,,,0,,,,2.63954365,,,,,,28.9008093,,,,
,48575932.97,29.1098852,9999.6904296875,3.08786468355399E-5,5.78203869193635E-7,1,0.999253354069792,40.0298881530762,1.98572171663803,23.7700007855892,0.000348843269732982,5.52644630234263E-5,0.25,-5.44475305111354E-7,3.07569695713398E-5,-3.54167296884669E-7,28.9741478,29.2456226,9999.6904296875,9999.6904296875,61.4344383545065,20.9773170757549,5.154188,0,0,0,40,4886,30.79335,9999.6904296875,,,,,,,,,,,,,0,,,,2.6527278,,,,,,29.1098852,,,,
,48575934.235,29.32150935,9999.6904296875,3.03788877091248E-5,5.01494772477314E-7,1,0.999253354069792,40.0298881530762,1.9857793844896,23.7700007855892,0.000343111319633106,5.49526484009658E-5,0.25,-4.84606528807804E-7,3.02594694866943E-5,-2.97149615119861E-7,29.2456226,29.3973961,9999.6904296875,9999.6904296875,62.252021785622,20.9778137025839,5.154188,0,0,0,40,4886,30.96245,9999.6904296875,,,,,,,,,,,,,0,,,,2.66604445,,,,,,29.32150935,,,,
,48575936.29,29.516634,9999.6904296875,3.03016139957646E-5,5.07219565843029E-7,1,0.999253354069792,40.0298881530762,1.98594617133356,23.7700007855892,0.000341828063257429,5.73661959692929E-5,0.25,-2.57988680588495E-7,3.01821601402854E-5,-7.11836848690807E-8,29.516634,29.516634,9999.6904296875,9999.6904296875,61.5907640583527,20.9753002070915,5.527248,0,0,0,40,4886,31.2415,9999.6904296875,,,,,,,,,,,,,0,,,,2.66604445,,,,,,29.516634,,,,
,48575937.945,29.8020573,9999.6904296875,3.00966370162418E-5,6.65469177321371E-7,1,0.999253354069792,40.0298881530762,1.98576910901904,23.7700007855892,0.000338909523663934,6.0289563853378E-5,0.25,3.75496946606757E-8,2.99768945261374E-5,2.2244134257241E-7,29.8020573,29.8020573,9999.6904296875,9999.6904296875,61.5665335742565,20.9831694219476,5.527248,0,0,0,40,4886,31.4373,9999.6904296875,,,,,,,,,,,,,0,,,,2.6793611,,,,,,29.8020573,,,,
,48575939.45,29.9461689,9999.6904296875,3.01476982774605E-5,4.62508328006834E-7,1,0.999253354069792,40.0298881530762,1.98600555484528,23.7700007855892,0.000341700443654218,4.81305193919219E-5,0.25,-1.052249065559E-6,3.00353719973544E-5,-8.62118251260912E-7,29.9461689,29.9461689,9999.6904296875,9999.6904296875,61.9221745505066,20.9777705002714,5.154188,0,0,0,40,4886,31.6699,9999.6904296875,,,,,,,,,,,,,0,,,,2.6793611,,,,,,29.9461689,,,,
,48575941.18,30.17976855,9999.6904296875,3.04404129244377E-5,5.30730637361241E-7,1,0.999253354069792,40.0298881530762,1.98583701383212,23.7700007855892,0.000343277496723036,5.83581975243423E-5,0.25,-1.96480281122797E-7,3.03226717916173E-5,-7.21002655089211E-9,30.0951462,30.2643909,9999.6904296875,9999.6904296875,61.2570086806411,20.9773658837851,5.527248,0,0,0,40,4886,31.9281,9999.6904296875,,,,,,,,,,,,,0,,,,2.6793611,,,,,,30.17976855,,,,
,48575942.765,30.3857365,9999.6904296875,2.99434990427114E-5,5.15164124941688E-7,1,0.999253354069792,40.0298881530762,1.98569599675914,23.7700007855892,0.000340544734214828,4.10586584590053E-5,0.25,-1.64472309518725E-6,2.98372489769021E-5,-1.45250139177841E-6,30.3857365,30.3857365,9999.6904296875,9999.6904296875,62.211377102622,20.9796185421011,5.527248,0,0,0,40,4886,32.074,9999.6904296875,,,,,,,,,,,,,0,,,,2.7062616,,,,,,30.3857365,,,,
,48575943.355,30.4566412,9999.6904296875,3.05946987382317E-5,5.57156840510255E-7,1,0.999253354069792,40.0298881530762,1.98571762471496,23.7700007855892,0.00034382649266017,6.53467073086291E-5,0.25,3.96116755385632E-7,3.04736891917518E-5,5.84750364562694E-7,30.3857365,30.5275459,9999.6904296875,9999.6904296875,61.639225026545,20.9775760055958,5.527248,0,0,0,40,4886,32.18135,9999.6904296875,,,,,,,,,,,,,0,,,,2.7062616,,,,,,30.4566412,,,,
,48575944.5,30.5874891,9999.6904296875,3.07949280930974E-5,6.69047232952889E-7,1,0.999253354069792,40.0298881530762,1.98580147945647,23.7700007855892,0.000346124235895395,6.56360439032657E-5,0.25,3.85544446792142E-7,3.06739514368989E-5,5.75983141908048E-7,30.5275459,30.6474323,9999.6904296875,9999.6904296875,62.0167516013335,20.979236139646,5.527248,0,0,0,40,4886,32.36035,9999.6904296875,,,,,,,,,,,,,0,,,,2.7062616,,,,,,30.5874891,,,,
,48575946.6,30.9085712,9999.6904296875,3.00702507149969E-5,6.06456169591283E-7,1,0.999253354069792,40.0298881530762,1.98576766729576,23.7700007855892,0.000338054223509505,6.3707212633468E-5,0.25,3.41483550726844E-7,2.99534390159605E-5,5.28351127527097E-7,30.9085712,30.9085712,9999.6904296875,9999.6904296875,61.8854380101027,20.9798717766036,5.154188,0,0,0,40,4886,32.6322,9999.6904296875,,,,,,,,,,,,,0,,,,2.7334323,,,,,,30.9085712,,,,
,48575948.23,31.0386009,9999.6904296875,3.02487972439929E-5,5.95298449457586E-7,1,0.999253354069792,40.0298881530762,1.98586784740875,23.7700007855892,0.000341718974280886,5.48601160184594E-5,0.25,-4.76397938188503E-7,3.01373033105828E-5,-2.84731163292458E-7,31.0386009,31.0386009,9999.6904296875,9999.6904296875,61.4954053790065,20.9809828027897,5.154188,0,0,0,40,4886,32.8346,9999.6904296875,,,,,,,,,,,,,0,,,,2.7334323,,,,,,31.0386009,,,,
,48575948.97,31.17342185,9999.6904296875,2.87477621813787E-5,5.43215157479513E-7,1,0.999253354069792,40.0298881530762,1.98560293758629,23.7700007855892,0.000325081432034017,5.01169476184712E-5,0.25,-6.31916743673205E-7,2.86433429576955E-5,-4.48812988643967E-7,31.0386009,31.3082428,9999.6904296875,9999.6904296875,60.9255981884872,20.9765257722869,5.154188,0,0,0,40,4886,32.93715,9999.6904296875,,,,,,,,,,,,,0,,,,2.7334323,,,,,,31.17342185,,,,
,48575951.03,31.442627,9999.6904296875,3.03897337092428E-5,5.79843552301811E-7,1,0.999253354069792,40.0298881530762,1.98564773366309,23.7700007855892,0.000342386635787938,6.02580160743712E-5,0.25,-2.31340900047817E-8,3.02767114040835E-5,1.68921578475927E-7,31.442627,31.442627,9999.6904296875,9999.6904296875,61.5008767786411,20.9764188553295,5.154188,0,0,0,40,4886,33.2569,9999.6904296875,,,,,,,,,,,,,0,,,,2.7334323,,,,,,31.442627,,,,
,48575952.53,31.5665283,9999.6904296875,3.00236904167657E-5,5.67309663749444E-7,1,0.999253354069792,40.0298881530762,1.98562764288214,23.7700007855892,0.000338753385468733,5.67953549136545E-5,0.25,-2.66465623405724E-7,2.99144508766531E-5,-7.52628473415483E-8,31.5665283,31.5665283,9999.6904296875,9999.6904296875,61.4961870075257,20.9802201300768,5.154188,0,0,0,40,4886,33.4514,9999.6904296875,,,,,,,,,,,,,0,,,,2.7608759,,,,,,31.5665283,,,,
,48575953.21,31.69518565,9999.6904296875,2.92627616044198E-5,5.81811189992588E-7,1,0.999253354069792,40.0298881530762,1.98568200186061,23.7700007855892,0.000330673649496305,5.25689333918038E-5,0.25,-5.07517686153992E-7,2.91582123021879E-5,-3.20020655717814E-7,31.5665283,31.823843,9999.6904296875,9999.6904296875,61.334389904045,20.9800257375915,5.527248,0,0,0,40,4886,33.53315,9999.6904296875,,,,,,,,,,,,,0,,,,2.7471541,,,,,,31.69518565,,,,
,48575955.25,31.9671936,9999.6904296875,2.98727482361672E-5,4.79311880272569E-7,1,0.999253354069792,40.0298881530762,1.98562241829922,23.7700007855892,0.000337278558093585,5.53061299474779E-5,0.25,-3.73086415573724E-7,2.97661337387242E-5,-1.81565949374226E-7,31.9671936,31.9671936,9999.6904296875,9999.6904296875,61.7080083362373,20.9779054232647,5.154188,0,0,0,40,4886,33.762,9999.6904296875,,,,,,,,,,,,,0,,,,2.7334323,,,,,,31.9671936,,,,
,48575955.885,32.02386475,9999.6904296875,3.00743857543505E-5,4.52029944530599E-7,1,0.999253354069792,40.0298881530762,1.98574930915447,23.7700007855892,0.000338813098439599,6.00321653100587E-5,0.25,1.00128359557128E-8,2.99651391010942E-5,2.01754693101212E-7,31.9671936,32.0805359,9999.6904296875,9999.6904296875,61.588419172795,20.9876250784554,5.527248,0,0,0,40,4886,33.87665,9999.6904296875,,,,,,,,,,,,,0,,,,2.7334323,,,,,,32.02386475,,,,
,48575958.15,32.3516541,9999.6904296875,2.97752602055316E-5,7.03285712717681E-7,1,0.999253354069792,40.0298881530762,1.98560145387666,23.7700007855892,0.000335257478421624,6.04495227000305E-5,0.25,9.90850130066319E-8,2.96680893001188E-5,2.89575285697359E-7,32.3516541,32.3516541,9999.6904296875,9999.6904296875,61.7572509329488,20.9868854003626,5.527248,0,0,0,40,4886,34.21135,9999.6904296875,,,,,,,,,,,,,0,,,,2.7471541,,,,,,32.3516541,,,,
,48575959.685,32.4897575,9999.6904296875,2.95071331245353E-5,5.73893465907897E-7,1,0.999253354069792,40.0298881530762,1.98583160709078,23.7700007855892,0.000333672375726932,5.20878712386927E-5,0.25,-5.97041736019916E-7,2.94065225741231E-5,-4.05123909638985E-7,32.4897575,32.4897575,9999.6904296875,9999.6904296875,61.6579841110065,20.9753352640526,5.154188,0,0,0,40,4886,34.4451,9999.6904296875,,,,,,,,,,,,,0,,,,2.7608759,,,,,,32.4897575,,,,
,48575961.455,32.7613831,9999.6904296875,2.94643430800706E-5,6.33263180232492E-7,1,0.999253354069792,40.0298881530762,1.9857310890394,23.7700007855892,0.00033092800317572,6.47677948208197E-5,0.25,5.35262377997397E-7,2.93576627921891E-5,7.23572252837193E-7,32.7613831,32.7613831,9999.6904296875,9999.6904296875,62.4779124276797,20.9833635966328,5.527248,0,0,0,40,4886,34.6707,9999.6904296875,,,,,,,,,,,,,0,,,,2.7885947,,,,,,32.7613831,,,,
,48575962.18,32.83057785,9999.6904296875,2.9101087671288E-5,5.53450351804296E-7,1,0.999253354069792,40.0298881530762,1.98547884905402,23.7700007855892,0.000328135578102494,5.64956807809681E-5,0.25,-1.34408311254416E-7,2.90005318996613E-5,5.42115618962878E-8,32.7613831,32.8997726,9999.6904296875,9999.6904296875,61.4352199830257,20.992702794926,5.527248,0,0,0,40,4886,34.7787,9999.6904296875,,,,,,,,,,,,,0,,,,2.7747353,,,,,,32.83057785,,,,
,48575964.305,33.0333481,9999.6904296875,2.84639141522148E-5,7.39166648939401E-7,1,0.999253354069792,40.0298881530762,1.98561277259639,23.7700007855892,0.000320285293968479,5.92359658012758E-5,0.25,2.2011698319518E-7,2.83647165933042E-5,4.04229588732016E-7,33.0333481,33.0333481,9999.6904296875,9999.6904296875,62.187928247045,20.9792260324936,5.527248,0,0,0,40,4886,35.075,9999.6904296875,,,,,,,,,,,,,0,,,,2.7885947,,,,,,33.0333481,,,,
,48575965.835,33.2909317,9999.6904296875,3.00044039473146E-5,5.03376878858304E-7,1,0.999253354069792,40.0298881530762,1.98583000275588,23.7700007855892,0.000339018896766788,5.48144296088118E-5,0.25,-4.46247929651855E-7,2.99053857550329E-5,-2.49195474131114E-7,33.2909317,33.2909317,9999.6904296875,9999.6904296875,61.1460174309103,20.9756661123621,5.527248,0,0,0,40,4886,35.297,9999.6904296875,,,,,,,,,,,,,0,,,,2.7608759,,,,,,33.2909317,,,,
,48575966.555,33.3608284,9999.6904296875,2.93570595406911E-5,4.90099541329041E-7,1,0.999253354069792,40.0298881530762,1.9855445566868,23.7700007855892,0.000330815629757078,5.84252400625105E-5,0.25,-1.09476392140941E-8,2.92579319213245E-5,1.80706573686963E-7,33.2909317,33.4307251,9999.6904296875,9999.6904296875,61.7736651318527,20.9800397874436,5.527248,0,0,0,40,4886,35.39935,9999.6904296875,,,,,,,,,,,,,0,,,,2.7608759,,,,,,33.3608284,,,,
,48575967.765,33.49533655,9999.6904296875,2.97923374209023E-5,5.61000078681682E-7,1,0.999253354069792,40.0298881530762,1.98591895672771,23.7700007855892,0.000337234677792619,5.11336590929373E-5,0.25,-7.36393889626747E-7,2.96971486289397E-5,-5.3908363652528E-7,33.4307251,33.559948,9999.6904296875,9999.6904296875,61.6251557131988,20.9741168156463,5.154188,0,0,0,40,4886,35.5273,9999.6904296875,,,,,,,,,,,,,0,,,,2.78873395,,,,,,33.49533655,,,,
,48575969.8,33.75979615,9999.6904296875,2.97927571576847E-5,3.74233437087606E-7,1,0.999253354069792,40.0298881530762,1.98596780779861,23.7700007855892,0.000335593711137858,6.05903011356517E-5,0.25,1.01237757675925E-7,2.96937913473139E-5,2.96695278295328E-7,33.6896858,33.8299065,9999.6904296875,9999.6904296875,61.6040517431796,20.9794164583949,5.527248,0,0,0,40,4886,35.8469,9999.6904296875,,,,,,,,,,,,,0,,,,2.7608759,,,,,,33.75979615,,,,
,48575971.42,33.9493866,9999.6904296875,2.91160093083985E-5,5.09854691869866E-7,1,0.999253354069792,40.0298881530762,1.98569513814751,23.7700007855892,0.000329553197287351,5.01028314196184E-5,0.25,-7.09662268391087E-7,2.90257874257678E-5,-5.15366346894538E-7,33.9493866,33.9493866,9999.6904296875,9999.6904296875,61.8205628430065,20.9834925151244,5.527248,0,0,0,40,4886,36.06655,9999.6904296875,,,,,,,,,,,,,0,,,,2.7885947,,,,,,33.9493866,,,,
,48575972.995,34.1048584,9999.6904296875,2.87040612323243E-5,6.06838796299507E-7,1,0.999253354069792,40.0298881530762,1.98578309997286,23.7700007855892,0.000323457309101379,5.76460460430079E-5,0.25,3.15409835675695E-8,2.86114774529799E-5,2.21339695820686E-7,34.1048584,34.1048584,9999.6904296875,9999.6904296875,62.3505069790451,20.9828580367407,5.154188,0,0,0,40,4886,36.2876,9999.6904296875,,,,,,,,,,,,,0,,,,2.816592,,,,,,34.1048584,,,,
,48575974.545,34.3904228,9999.6904296875,2.84748038363106E-5,6.39792522881773E-7,1,0.999253354069792,40.0298881530762,1.98565402724906,23.7700007855892,0.000322776619675646,4.64089390038471E-5,0.25,-9.25459587037321E-7,2.83905599896228E-5,-7.33466836654227E-7,34.3904228,34.3904228,9999.6904296875,9999.6904296875,61.8791849819489,20.9845203599719,5.154188,0,0,0,40,4886,36.524,9999.6904296875,,,,,,,,,,,,,0,,,,2.7885947,,,,,,34.3904228,,,,
,48575976.285,34.5461502,9999.6904296875,2.89892269073648E-5,5.66329845190586E-7,1,0.999253354069792,40.0298881530762,1.98564446769568,23.7700007855892,0.00032714238484355,5.55922210283896E-5,0.25,-2.0256662837328E-7,2.88997480434027E-5,-8.84297159636611E-9,34.5461502,34.5461502,9999.6904296875,9999.6904296875,61.7564693044296,20.988238491776,5.527248,0,0,0,40,4886,36.7381,9999.6904296875,,,,,,,,,,,,,0,,,,2.816592,,,,,,34.5461502,,,,
,48575977.885,34.7960777,9999.6904296875,2.81171284485077E-5,5.44344309900541E-7,1,0.999253354069792,40.0298881530762,1.98564064090372,23.7700007855892,0.000317725227472196,5.16162128066337E-5,0.25,-4.0181857144706E-7,2.80331626898571E-5,-2.12559220784602E-7,34.7960777,34.7960777,9999.6904296875,9999.6904296875,62.0378555713527,20.9807946934663,5.527248,0,0,0,40,4886,37.0031,9999.6904296875,,,,,,,,,,,,,0,,,,2.816592,,,,,,34.7960777,,,,
,48575978.555,34.85933495,9999.6904296875,2.77184509871114E-5,4.56873790225782E-7,1,0.999253354069792,40.0298881530762,1.98563335275762,23.7700007855892,0.000312327807383878,5.5945438636188E-5,0.25,5.25998999950363E-8,2.76331366694155E-5,2.38025862774741E-7,34.7960777,34.9225922,9999.6904296875,9999.6904296875,61.3304817614488,20.9788435959702,5.154188,0,0,0,40,4886,37.0875,9999.6904296875,,,,,,,,,,,,,0,,,,2.816592,,,,,,34.85933495,,,,
,48575980.61,35.12818715,9999.6904296875,2.83945245463981E-5,6.2288375015199E-7,1,0.999253354069792,40.0298881530762,1.98565725503636,23.7700007855892,0.000321059608526299,5.11621086320998E-5,0.25,-4.92756471340242E-7,2.83125767079345E-5,-3.00282570364952E-7,35.058197,35.1981773,9999.6904296875,9999.6904296875,62.4083474894681,20.9844846368161,5.154188,0,0,0,40,4886,37.40085,9999.6904296875,,,,,,,,,,,,,0,,,,2.816592,,,,,,35.12818715,,,,
,48575982.185,35.3393059,9999.6904296875,2.75825356698514E-5,6.53329866529354E-7,1,0.999253354069792,40.0298881530762,1.98569633951477,23.7700007855892,0.000310992185762038,5.48065759672211E-5,0.25,-2.63840423355628E-8,2.75009863676492E-5,1.59764821567542E-7,35.3393059,35.3393059,9999.6904296875,9999.6904296875,61.7564693044296,20.9814696093619,5.154188,0,0,0,40,4886,37.5989,9999.6904296875,,,,,,,,,,,,,0,,,,2.816592,,,,,,35.3393059,,,,
,48575983.765,35.4742584,9999.6904296875,2.79504356026037E-5,4.68124334764506E-7,1,0.999253354069792,40.0298881530762,1.98587826726417,23.7700007855892,0.000317065395598892,4.4928415167372E-5,0.25,-9.69051209367844E-7,2.78755767787538E-5,-7.77015157045377E-7,35.4742584,35.4742584,9999.6904296875,9999.6904296875,61.5211991201411,20.9767714068575,5.527248,0,0,0,40,4886,37.8398,9999.6904296875,,,,,,,,,,,,,0,,,,2.8307313,,,,,,35.4742584,,,,
,48575985.395,35.7851257,9999.6904296875,2.86030885167871E-5,5.94908547581374E-7,1,0.999253354069792,40.0298881530762,1.98572235952738,23.7700007855892,0.000323638260797735,5.06087973959044E-5,0.25,-5.81375636457775E-7,2.8524988987745E-5,-3.85466776662211E-7,35.7851257,35.7851257,9999.6904296875,9999.6904296875,62.035510685795,20.9750978557705,5.154188,0,0,0,40,4886,38.0583,9999.6904296875,,,,,,,,,,,,,0,,,,2.816592,,,,,,35.7851257,,,,
,48575987.08,35.9087791,9999.6904296875,2.84171173794007E-5,7.17858923452339E-7,1,0.999253354069792,40.0298881530762,1.98573213746296,23.7700007855892,0.000322093568043338,4.72266590187677E-5,0.25,-8.49267200792421E-7,2.83428054008011E-5,-6.53252427019374E-7,35.9087791,35.9087791,9999.6904296875,9999.6904296875,62.3137704386412,20.9732104667037,5.154188,0,0,0,40,4886,38.29135,9999.6904296875,,,,,,,,,,,,,0,,,,2.8448706,,,,,,35.9087791,,,,
,48575988.735,36.1681252,9999.6904296875,2.81774519835229E-5,6.36539491947393E-7,1,0.999253354069792,40.0298881530762,1.98568354863906,23.7700007855892,0.000317287397629268,5.86567188606028E-5,0.25,2.06301506309152E-7,2.80979031532449E-5,3.98303724517091E-7,36.1681252,36.1681252,9999.6904296875,9999.6904296875,62.3043908964104,20.9755879576762,5.527248,0,0,0,40,4886,38.50725,9999.6904296875,,,,,,,,,,,,,0,,,,2.8448706,,,,,,36.1681252,,,,
,48575990.335,36.3026848,9999.6904296875,2.70490837510219E-5,5.69395214473962E-7,1,0.999253354069792,40.0298881530762,1.98574172426205,23.7700007855892,0.000306706693384243,4.44729933130964E-5,0.25,-8.52598480771155E-7,2.69814317490336E-5,-6.64761036176213E-7,36.3026848,36.3026848,9999.6904296875,9999.6904296875,62.986752593699,20.9805327265372,5.154188,0,0,0,40,4886,38.7615,9999.6904296875,,,,,,,,,,,,,0,,,,2.816592,,,,,,36.3026848,,,,
,48575992.045,36.5824127,9999.6904296875,2.81961295293038E-5,4.90903192618578E-7,1,0.999253354069792,40.0298881530762,1.98563511739395,23.7700007855892,0.000319544454858086,4.73072659099645E-5,0.25,-8.05247726558182E-7,2.81264462205247E-5,-6.09102199322963E-7,36.5824127,36.5824127,9999.6904296875,9999.6904296875,61.7252041636604,20.9820218204111,5.527248,0,0,0,40,4886,38.9894,9999.6904296875,,,,,,,,,,,,,0,,,,2.816592,,,,,,36.5824127,,,,
,48575993.72,36.716423,9999.6904296875,2.80159982160302E-5,5.87170041016413E-7,1,0.999253354069792,40.0298881530762,1.98577037651193,23.7700007855892,0.000317248071485448,4.86651165100492E-5,0.25,-6.54038671692396E-7,2.79473190948315E-5,-4.58926195285884E-7,36.716423,36.716423,9999.6904296875,9999.6904296875,61.8713686967565,20.9759444163029,5.154188,0,0,0,40,4886,39.2347,9999.6904296875,,,,,,,,,,,,,0,,,,2.8448706,,,,,,36.716423,,,,
,48576010.16,38.8304443,9999.6904296875,,,2,,,,23.7860001740456,,,,,,,38.8304443,38.8304443,9999.6904296875,9999.6904296875,,,5.154188,,,,-99999999,4886,41.4811,9999.6904296875,,,,,,,,,,,,,,,,,,,,,,,38.8304443,,,,
touchdown = 17.8800001740456 mm,48576024.01,40.4923058,9999.6904296875,3.13981606175559E-5,6.18769383930635E-7,1,0.999253354069792,40.0298881530762,1.99735335633338,23.7700007855892,0.000359790393826049,4.43163796484581E-5,0.25,-1.6762818474899E-6,3.13617274113887E-5,-1.44602620284636E-6,40.4923058,40.4923058,9999.6904296875,9999.6904296875,61.7048818221604,20.9730118019276,5.527248,0,0,0,40,4886,43.5284,9999.6904296875,,,,,,,,,,,,,0,,,,2.93156675,,,,,,40.4923058,,,,
,48576025.64,40.766243,9999.6904296875,3.15845484178361E-5,6.5287536045354E-7,1,0.999253354069792,40.0298881530762,1.99699292419366,23.7700007855892,0.000359545125006705,5.77244971602503E-5,0.25,-5.27962901201377E-7,3.15410982737721E-5,-2.97776512096286E-7,40.766243,40.766243,9999.6904296875,9999.6904296875,61.5165093490257,20.9704009199755,5.154188,0,0,0,40,4886,43.71865,9999.6904296875,,,,,,,,,,,,,0,,,,2.9314206,,,,,,40.766243,,,,
,48576027.285,40.8821106,9999.6904296875,3.19533451920264E-5,7.33295550962699E-7,1,0.999253354069792,40.0298881530762,1.99720631896955,23.7700007855892,0.00036414688319592,5.64967009898384E-5,0.25,-7.03064797905985E-7,3.19129490271703E-5,-4.6947007743966E-7,40.8821106,40.8821106,9999.6904296875,9999.6904296875,61.7392734770065,20.9778390125096,5.154188,0,0,0,40,4886,43.982,9999.6904296875,,,,,,,,,,,,,0,,,,2.9314206,,,,,,40.8821106,,,,
,48576028.82,41.1529007,9999.6904296875,3.42975680502083E-5,4.78187145855759E-7,1,0.999253354069792,40.0298881530762,1.99731104520215,23.7700007855892,0.000392776430474093,5.01303597843319E-5,0.25,-1.68155507036102E-6,3.42631525324785E-5,-1.42913471238701E-6,41.1529007,41.1529007,9999.6904296875,9999.6904296875,62.1347775077373,20.972711638032,5.527248,0,0,0,40,4886,44.2157,9999.6904296875,,,,,,,,,,,,,0,,,,2.9314206,,,,,,41.1529007,,,,
,48576030.39,41.2749786,9999.6904296875,3.19420277765587E-5,6.15124761767117E-7,1,0.999253354069792,40.0298881530762,1.99711367746416,23.7700007855892,0.000363917371096927,5.72057660078316E-5,0.25,-6.39774520369494E-7,3.19050697256885E-5,-4.0561016681802E-7,41.2749786,41.2749786,9999.6904296875,9999.6904296875,61.415679270045,20.981539293321,5.527248,0,0,0,40,4886,44.4229,9999.6904296875,,,,,,,,,,,,,0,,,,2.9314206,,,,,,41.2749786,,,,
,48576031.88,41.5593948,9999.6904296875,3.4282401090541E-5,5.28170132059972E-7,1,0.999253354069792,40.0298881530762,1.99719451643766,23.7700007855892,0.000391699990482466,5.53322297008996E-5,0.25,-1.22178258325151E-6,3.42487631109327E-5,-9.69416567398553E-7,41.5593948,41.5593948,9999.6904296875,9999.6904296875,61.8244709856027,20.9724273345438,5.527248,0,0,0,40,4886,44.6474,9999.6904296875,,,,,,,,,,,,,0,,,,2.9608517,,,,,,41.5593948,,,,
,48576033.69,41.6712494,9999.6904296875,3.51546614117999E-5,6.29396563251533E-7,1,0.999253354069792,40.0298881530762,1.99734553538429,23.7700007855892,0.000400514971317501,6.35506353503676E-5,0.25,-6.5428259531725E-7,3.51183455908064E-5,-3.95814075155574E-7,41.6712494,41.6712494,9999.6904296875,9999.6904296875,62.116800051795,20.9721016688686,5.527248,0,0,0,40,4886,44.90365,9999.6904296875,,,,,,,,,,,,,0,,,,2.9608517,,,,,,41.6712494,,,,
,48576035.255,41.9341583,9999.6904296875,3.6322408044527E-5,6.90821864993627E-7,1,0.999253354069792,40.0298881530762,1.99745447715521,23.7700007855892,0.00041475640825805,6.06427649965344E-5,0.25,-1.11889972261245E-6,3.62900796748884E-5,-8.5103582913999E-7,41.9341583,41.9341583,9999.6904296875,9999.6904296875,62.3012643823335,20.9803100395214,5.154188,0,0,0,40,4886,45.0971,9999.6904296875,,,,,,,,,,,,,0,,,,2.9608517,,,,,,41.9341583,,,,
,48576036.865,42.0509033,9999.6904296875,3.60041939913706E-5,8.33176119143032E-7,1,0.999253354069792,40.0298881530762,1.99709857729053,23.7700007855892,0.000411760139831923,5.63119267096371E-5,0.25,-1.44366649483351E-6,3.5977442378221E-5,-1.17741992157461E-6,42.0509033,42.0509033,9999.6904296875,9999.6904296875,61.1530520875834,20.975528030526,5.527248,0,0,0,40,4886,45.3708,9999.6904296875,,,,,,,,,,,,,0,,,,2.9608517,,,,,,42.0509033,,,,
,48576038.4,42.3379402,9999.6904296875,3.64495734672908E-5,6.7465011380564E-7,1,0.999253354069792,40.0298881530762,1.99708991231553,23.7700007855892,0.000415318982023306,6.57673763399062E-5,0.25,-6.90825112924897E-7,3.64189235169223E-5,-4.21786439635871E-7,42.3379402,42.3379402,9999.6904296875,9999.6904296875,62.0503616276604,20.971019274271,5.527248,0,0,0,40,4886,45.5773,9999.6904296875,,,,,,,,,,,,,0,,,,2.9314206,,,,,,42.3379402,,,,
,48576039.975,42.4386635,9999.6904296875,3.71903654776137E-5,7.58218290781834E-7,1,0.999253354069792,40.0298881530762,1.99717634367287,23.7799994647503,0.000424904089158185,6.09186811386876E-5,0.25,-1.25039720471196E-6,3.71653500593514E-5,-9.75100241105576E-7,42.4386635,42.4386635,9999.6904296875,9999.6904296875,62.0386371998719,20.9730355496221,5.154188,0,0,0,40,4886,45.7854,9999.6904296875,,,,,,,,,,,,,0,,,,2.9608517,,,,,,42.4386635,,,,
,48576040.6,42.5139828,9999.6904296875,3.80558264142418E-5,7.04980093081467E-7,1,0.999253354069792,40.0298881530762,1.99712818044819,23.7700007855892,0.000433519195729393,6.94718321757631E-5,0.25,-6.51238772244774E-7,3.8026143547188E-5,-3.70042604037032E-7,42.4386635,42.5893021,9999.6904296875,9999.6904296875,61.2273067969103,20.9761382623121,5.154188,0,0,0,40,4886,45.83665,9999.6904296875,,,,,,,,,,,,,0,,,,2.9608517,,,,,,42.5139828,,,,
,48576041.755,42.70988085,9999.6904296875,4.02845858378815E-5,6.16863514058223E-7,1,0.999253354069792,40.0298881530762,1.99733457252888,23.7799994647503,0.000457695318101762,8.07664570521189E-5,0.25,-5.45013319384277E-8,4.02506573994712E-5,2.42890133554697E-7,42.5893021,42.8304596,9999.6904296875,9999.6904296875,61.7650672181412,20.9738226285678,5.154188,0,0,0,40,4886,46.0266,9999.6904296875,,,,,,,,,,,,,0,,,,2.97571505,,,,,,42.70988085,,,,
,48576043.77,42.9712753,9999.6904296875,3.97883070014846E-5,7.65566766374148E-7,1,0.999253354069792,40.0298881530762,1.99692454904358,23.7700007855892,0.000452964527028138,7.4374786290036E-5,0.25,-5.28613728251206E-7,3.97616279676434E-5,-2.3409470767205E-7,42.9712753,42.9712753,9999.6904296875,9999.6904296875,62.546695737372,20.9786511556296,5.154188,0,0,0,40,4886,46.3179,9999.6904296875,,,,,,,,,,,,,0,,,,2.9608517,,,,,,42.9712753,,,,
,48576045.24,43.0820236,9999.6904296875,4.03908335933741E-5,8.17788614893727E-7,1,0.999253354069792,40.0298881530762,1.99708892328167,23.7799994647503,0.000460106675130363,7.42997514537848E-5,0.25,-6.43645066674311E-7,4.03672666635586E-5,-3.44308424109917E-7,43.0820236,43.0820236,9999.6904296875,9999.6904296875,61.2593535661988,20.9786652082197,5.527248,0,0,0,40,4886,46.5486,9999.6904296875,,,,,,,,,,,,,0,,,,2.9905784,,,,,,43.0820236,,,,
,48576046.805,43.3442993,9999.6904296875,4.0009131590596E-5,7.40324836227894E-7,1,0.999253354069792,40.0298881530762,1.99701071344704,23.7700007855892,0.000453767195511719,8.48642818010271E-5,0.25,3.53828117420887E-7,3.99810246140901E-5,6.49947147346311E-7,43.3442993,43.3442993,9999.6904296875,9999.6904296875,62.1394672788527,20.9784303614646,5.154188,0,0,0,40,4886,46.7737,9999.6904296875,,,,,,,,,,,,,0,,,,2.97571505,,,,,,43.3442993,,,,
,48576048.57,43.4761505,9999.6904296875,4.41628628944554E-5,5.49056838396523E-7,1,0.999253354069792,40.0298881530762,1.99707505361577,23.7700007855892,0.000503538517040582,7.90308920205114E-5,0.25,-8.99651151657491E-7,4.41448541387856E-5,-5.71700442932675E-7,43.4761505,43.4761505,9999.6904296875,9999.6904296875,62.1238347084681,20.9843232244169,5.527248,0,0,0,40,4886,47.03995,9999.6904296875,,,,,,,,,,,,,0,,,,2.9907277,,,,,,43.4761505,,,,
,48576050.19,43.7506866,9999.6904296875,4.42090732514456E-5,5.85298511037526E-7,1,0.999253354069792,40.0298881530762,1.99712682322807,23.7700007855892,0.000502349580449275,8.90234725330968E-5,0.25,-2.92469971539893E-8,4.41875049831623E-5,2.98818924028698E-7,43.7506866,43.7506866,9999.6904296875,9999.6904296875,61.7541244188719,20.9741258779414,5.154188,0,0,0,40,4886,47.2697,9999.6904296875,,,,,,,,,,,,,0,,,,2.9905784,,,,,,43.7506866,,,,
,48576051.68,43.8832626,9999.6904296875,4.30999358279991E-5,7.07343905771016E-7,1,0.999253354069792,40.0298881530762,1.99695140376779,23.7700007855892,0.000489670083487466,8.71560580850522E-5,0.25,3.68575779584997E-9,4.30813181257839E-5,3.23713699704629E-7,43.8832626,43.8832626,9999.6904296875,9999.6904296875,61.4453811537757,20.9810426348956,5.154188,0,0,0,40,4886,47.47885,9999.6904296875,,,,,,,,,,,,,0,,,,3.0206037,,,,,,43.8832626,,,,
,48576053.245,44.1223373,9999.6904296875,4.42831273437575E-5,7.74992901250249E-7,1,0.999253354069792,40.0298881530762,1.99712745792913,23.7700007855892,0.000503936143390645,8.53614757846839E-5,0.25,-3.6608415439172E-7,4.42697278298761E-5,-3.69260672082512E-8,44.1223373,44.1223373,9999.6904296875,9999.6904296875,61.5008767786411,20.9834297412369,5.527248,0,0,0,40,4886,47.7107,9999.6904296875,,,,,,,,,,,,,0,,,,2.9905784,,,,,,44.1223373,,,,
,48576054.815,44.2596245,9999.6904296875,4.58701331219605E-5,9.25483850834538E-7,1,0.999253354069792,40.0298881530762,1.99725983737043,23.7700007855892,0.000524057891617636,7.72076300525597E-5,0.25,-1.36698518010057E-6,4.58664077127677E-5,-1.02558526203317E-6,44.2596245,44.2596245,9999.6904296875,9999.6904296875,61.1804090857565,20.9703887733117,5.154188,0,0,0,40,4886,47.9186,9999.6904296875,,,,,,,,,,,,,0,,,,3.035767,,,,,,44.2596245,,,,
,48576056.515,44.5448265,9999.6904296875,4.38049411973157E-5,8.1312014879201E-7,1,0.999253354069792,40.0298881530762,1.99701078309506,23.7700007855892,0.000498542695101486,8.43995711875254E-5,0.25,-3.66543390908914E-7,4.37976601442105E-5,-4.06582057755752E-8,44.5448265,44.5448265,9999.6904296875,9999.6904296875,62.3082990390066,20.9845487753043,5.527248,0,0,0,40,4886,48.1744,9999.6904296875,,,,,,,,,,,,,0,,,,3.0206037,,,,,,44.5448265,,,,
,48576057.955,44.6663017,9999.6904296875,4.63699112391579E-5,8.68604587986108E-7,1,0.999253354069792,40.0298881530762,1.99710056832098,23.7700007855892,0.000528962055918877,8.27220889457956E-5,0.25,-9.71241564489411E-7,4.63688054891269E-5,-6.26093350179604E-7,44.6663017,44.6663017,9999.6904296875,9999.6904296875,61.4649218667565,20.9758394441619,5.527248,0,0,0,40,4886,48.3399,9999.6904296875,,,,,,,,,,,,,0,,,,2.9608517,,,,,,44.6663017,,,,
,48576058.705,44.7425079,9999.6904296875,4.61037075493372E-5,1.00922934810973E-6,1,0.999253354069792,40.0298881530762,1.9971665751216,23.7700007855892,0.000523645507525123,9.53011677576527E-5,0.25,1.8221547219647E-7,4.60962523613972E-5,5.25261186285007E-7,44.6663017,44.8187141,9999.6904296875,9999.6904296875,62.2496769000643,20.9781131953246,5.527248,0,0,0,40,4886,48.4991,9999.6904296875,,,,,,,,,,,,,0,,,,2.97571505,,,,,,44.7425079,,,,
,48576059.97,44.9451904,9999.6904296875,4.70566132424731E-5,7.72878763221366E-7,1,0.999253354069792,40.0298881530762,1.99720271425193,23.7700007855892,0.000536890755324904,8.38690702213217E-5,0.25,-9.93693770192458E-7,4.70601908023804E-5,-6.43383623107672E-7,44.8187141,45.0716667,9999.6904296875,9999.6904296875,62.0769369973143,20.97602171469,5.527248,0,0,0,40,4886,48.675,9999.6904296875,,,,,,,,,,,,,0,,,,2.9905784,,,,,,44.9451904,,,,
,48576061.94,45.2027435,9999.6904296875,4.58066730401286E-5,8.45842561365444E-7,1,0.999253354069792,40.0298881530762,1.99705817375209,23.7700007855892,0.000519149648825086,0.000101219966236539,0.25,7.55052899324281E-7,4.58007846822524E-5,1.09604184208865E-6,45.2027435,45.2027435,9999.6904296875,9999.6904296875,62.3505069790451,20.9825638945092,5.527248,0,0,0,40,4886,48.9324,9999.6904296875,,,,,,,,,,,,,0,,,,3.0206037,,,,,,45.2027435,,,,
,48576063.57,45.37872505,9999.6904296875,4.59421023281549E-5,8.71517333373575E-7,1,0.999253354069792,40.0298881530762,1.99710481246371,23.7700007855892,0.000522605526173315,9.10151915540672E-5,0.25,-1.67589097728662E-7,4.59465056056178E-5,1.74430401281146E-7,45.3032799,45.4541702,9999.6904296875,9999.6904296875,61.9151398938335,20.9781918971681,5.154188,0,0,0,40,4886,49.18435,9999.6904296875,,,,,,,,,,,,,0,,,,3.0509303,,,,,,45.37872505,,,,
,48576065.29,45.5746002,9999.6904296875,4.72847700108935E-5,7.48617466691995E-7,1,0.999253354069792,40.0298881530762,1.99717108904722,23.7799994647503,0.000537303775775729,9.72088489038913E-5,0.25,1.37561967958143E-7,4.72900780974364E-5,4.89603221319071E-7,45.5746002,45.5746002,9999.6904296875,9999.6904296875,61.8432300700642,20.9790909348705,5.154188,0,0,0,40,4886,49.4063,9999.6904296875,,,,,,,,,,,,,0,,,,3.0206037,,,,,,45.5746002,,,,
,48576066.815,45.77195165,9999.6904296875,4.87529455468798E-5,7.40918757661637E-7,1,0.999253354069792,40.0298881530762,1.99724213065662,23.7700007855892,0.000553202933456127,0.000104961686088553,0.25,5.57392532890937E-7,4.87586537399386E-5,9.20422132372224E-7,45.7049942,45.8389091,9999.6904296875,9999.6904296875,61.7892977022373,20.9754746637107,5.527248,0,0,0,40,4886,49.6384,9999.6904296875,,,,,,,,,,,,,0,,,,3.0509303,,,,,,45.77195165,,,,
,48576068.44,45.9638977,9999.6904296875,4.73063580581295E-5,7.58824002370156E-7,1,0.999253354069792,40.0298881530762,1.99704185065742,23.7700007855892,0.000537811242747894,9.60043662185178E-5,0.25,2.73140056955177E-8,4.73188158702877E-5,3.79406624804305E-7,45.9638977,45.9638977,9999.6904296875,9999.6904296875,61.3594020166603,20.9808460490434,5.154188,0,0,0,40,4886,49.8611,9999.6904296875,,,,,,,,,,,,,0,,,,3.0815613,,,,,,45.9638977,,,,
,48576069.105,46.0259552,9999.6904296875,4.66543287785536E-5,9.78654727102798E-7,1,0.999253354069792,40.0298881530762,1.99704737580016,23.7700007855892,0.00053149251083633,8.8649520222241E-5,0.25,-5.03793530196312E-7,4.66722230973196E-5,-1.5675886950619E-7,45.9638977,46.0880127,9999.6904296875,9999.6904296875,62.1128919091989,20.9781644081272,5.154188,0,0,0,40,4886,49.98065,9999.6904296875,,,,,,,,,,,,,0,,,,3.0662458,,,,,,46.0259552,,,,
,48576070.305,46.1379242,9999.6904296875,4.75648913336893E-5,9.18894096213831E-7,1,0.999253354069792,40.0298881530762,1.9972957928688,23.7700007855892,0.000541153436888888,9.49061889094439E-5,0.25,-1.16826987339265E-7,4.7582473813641E-5,2.37019222899021E-7,46.0880127,46.1878357,9999.6904296875,9999.6904296875,62.2426422433912,20.9771112588873,5.154188,0,0,0,40,4886,50.14375,9999.6904296875,,,,,,,,,,,,,0,,,,3.035767,,,,,,46.1379242,,,,
,48576072.67,46.5012589,9999.6904296875,4.63487864467416E-5,1.15275206475052E-6,1,0.999253354069792,40.0298881530762,1.99712877738106,23.7700007855892,0.000525458419902741,0.000102983563205436,0.25,8.09879472065082E-7,4.63635563792039E-5,1.15488193551283E-6,46.5012589,46.5012589,9999.6904296875,9999.6904296875,61.8174363289296,20.9794977881903,5.154188,0,0,0,40,4886,50.4781,9999.6904296875,,,,,,,,,,,,,0,,,,3.0509303,,,,,,46.5012589,,,,
,48576073.42,46.5678635,9999.6904296875,4.58866722832983E-5,8.91696270777917E-7,1,0.999253354069792,40.0298881530762,1.99718735912505,23.7700007855892,0.000520799570117329,9.88726519484897E-5,0.25,5.30186513700265E-7,4.59047164793434E-5,8.71569650938074E-7,46.5012589,46.6344681,9999.6904296875,9999.6904296875,61.5524642609104,20.9779010574353,5.154188,0,0,0,40,4886,50.58155,9999.6904296875,,,,,,,,,,,,,0,,,,3.0509303,,,,,,46.5678635,,,,
,48576074.665,46.69600105,9999.6904296875,4.50384009470389E-5,1.2111379058554E-6,1,0.999253354069792,40.0298881530762,1.99696239253354,23.7700007855892,0.000511049858530408,9.75792430409265E-5,0.25,5.67977881975242E-7,4.50582899520463E-5,9.02955735563768E-7,46.6344681,46.757534,9999.6904296875,9999.6904296875,62.3403458082951,20.9793429158434,5.527248,0,0,0,40,4886,50.7723,9999.6904296875,,,,,,,,,,,,,0,,,,3.0662458,,,,,,46.69600105,,,,
,48576076.87,46.9788246,9999.6904296875,4.41110753223132E-5,1.14022494169043E-6,1,0.999253354069792,40.0298881530762,1.99695057107949,23.7700007855892,0.000501120048533428,9.2465595082164E-5,0.25,2.82950038979757E-7,4.41362686623711E-5,6.10651138683974E-7,46.9788246,46.9788246,9999.6904296875,9999.6904296875,62.1074205095643,20.981868688761,5.154188,0,0,0,40,4886,51.0595,9999.6904296875,,,,,,,,,,,,,0,,,,3.0815613,,,,,,46.9788246,,,,
,48576078.44,47.1117859,9999.6904296875,4.56282289600784E-5,9.8384449134042E-7,1,0.999253354069792,40.0298881530762,1.99717807450523,23.7700007855892,0.000519998897785246,8.69425519760071E-5,0.25,-4.73634876758732E-7,4.56631356870276E-5,-1.35420968452128E-7,47.1117859,47.1117859,9999.6904296875,9999.6904296875,62.2465503859874,20.9736428162696,5.527248,0,0,0,40,4886,51.2947,9999.6904296875,,,,,,,,,,,,,0,,,,3.0815613,,,,,,47.1117859,,,,
,48576080.03,47.3722992,9999.6904296875,4.35737014770177E-5,1.08250005678521E-6,1,0.999253354069792,40.0298881530762,1.99680212144024,23.7799994647503,0.000491712032230995,0.000110100491240966,0.25,1.92899218867197E-6,4.35923542808562E-5,2.25347567704101E-6,47.3722992,47.3722992,9999.6904296875,9999.6904296875,61.4938421219681,20.9823299305384,5.154188,0,0,0,40,4886,51.5318,9999.6904296875,,,,,,,,,,,,,0,,,,3.0509303,,,,,,47.3722992,,,,
,48576081.575,47.5043983,9999.6904296875,4.27410962323926E-5,9.85801527231454E-7,1,0.999253354069792,40.0298881530762,1.99697678678511,23.7700007855892,0.000486700070882401,8.37845711274333E-5,0.25,-2.37369418227086E-7,4.27781683376844E-5,7.89901256627256E-8,47.5043983,47.5043983,9999.6904296875,9999.6904296875,62.1152367947566,20.9765508174088,5.527248,0,0,0,40,4886,51.7706,9999.6904296875,,,,,,,,,,,,,0,,,,3.0509303,,,,,,47.5043983,,,,
,48576083.14,47.7200642,9999.6904296875,4.2208057181049E-5,9.43336621749823E-7,1,0.999253354069792,40.0298881530762,1.99684880461034,23.7700007855892,0.00048254382532643,7.19905407420759E-5,0.25,-1.17900819193528E-6,4.22543810798588E-5,-8.67752408455661E-7,47.6513062,47.7888222,9999.6904296875,9999.6904296875,62.536534566622,20.9750464374736,5.527248,0,0,0,40,4886,51.99515,9999.6904296875,,,,,,,,,,,,,0,,,,3.0815613,,,,,,47.7200642,,,,
,48576085.005,47.9112549,9999.6904296875,4.32032824451644E-5,1.06461936761403E-6,1,0.999253354069792,40.0298881530762,1.99702948423874,23.7700007855892,0.000491669230857686,8.68126063732486E-5,0.25,-5.39151931878998E-8,4.32454267554129E-5,2.65312130717404E-7,47.9112549,47.9112549,9999.6904296875,9999.6904296875,61.7517795333142,20.9806945594583,5.154188,0,0,0,40,4886,52.256,9999.6904296875,,,,,,,,,,,,,0,,,,3.0815613,,,,,,47.9112549,,,,
,48576085.7,47.99674415,9999.6904296875,3.95087420585847E-5,8.07193894796287E-7,1,0.999253354069792,40.0298881530762,1.99693522153037,23.7700007855892,0.000449970093881896,7.74168360464231E-5,0.25,-2.22366044672094E-7,3.95499461790565E-5,6.92104616886241E-8,47.9112549,48.0822334,9999.6904296875,9999.6904296875,61.3226654762565,20.9766600532251,5.154188,0,0,0,40,4886,52.3775,9999.6904296875,,,,,,,,,,,,,0,,,,3.0662458,,,,,,47.99674415,,,,
,48576086.935,48.1360302,9999.6904296875,3.98792908070343E-5,1.00130180256121E-6,1,0.999253354069792,40.0298881530762,1.99707567360399,23.7700007855892,0.000454828678645131,7.48550960719972E-5,0.25,-5.13905410366053E-7,3.99249192167956E-5,-2.20164566600055E-7,48.0822334,48.189827,9999.6904296875,9999.6904296875,62.1511917066412,20.9786864260871,5.154188,0,0,0,40,4886,52.54405,9999.6904296875,,,,,,,,,,,,,0,,,,3.08171515,,,,,,48.1360302,,,,
,48576088.155,48.31925775,9999.6904296875,4.06909096263703E-5,9.70345763152435E-7,1,0.999253354069792,40.0298881530762,1.99694152628821,23.7700007855892,0.000465543786723209,6.81326362124717E-5,0.25,-1.24862904701211E-6,4.07447397383517E-5,-9.50006341006351E-7,48.189827,48.4486885,9999.6904296875,9999.6904296875,61.5798212590834,20.9742463396924,5.527248,0,0,0,40,4886,52.7123,9999.6904296875,,,,,,,,,,,,,0,,,,3.08171515,,,,,,48.31925775,,,,
,48576090.35,48.5699692,9999.6904296875,3.80308378703146E-5,9.32826837330673E-7,1,0.999253354069792,40.0298881530762,1.99699182132049,23.7700007855892,0.000433078302796755,7.53966683597816E-5,0.25,-1.37408959653079E-7,3.80771019464964E-5,1.42270876178101E-7,48.5699692,48.5699692,9999.6904296875,9999.6904296875,61.6415699121027,20.9820796682511,5.154188,0,0,0,40,4886,53.0391,9999.6904296875,,,,,,,,,,,,,0,,,,3.1125,,,,,,48.5699692,,,,
,48576091.96,48.8135567,9999.6904296875,3.65500308042242E-5,1.07951433369776E-6,1,0.999253354069792,40.0298881530762,1.99695300967949,23.7700007855892,0.000413221982007912,8.94130845723809E-5,0.25,1.35759214792813E-6,3.65859925807439E-5,1.62784134950717E-6,48.8135567,48.8135567,9999.6904296875,9999.6904296875,61.9307724642181,20.9838181643699,5.527248,0,0,0,40,4886,53.2773,9999.6904296875,,,,,,,,,,,,,0,,,,3.0815613,,,,,,48.8135567,,,,
,48576107.97,50.6355324,9999.6904296875,,,2,,,,23.7759996322393,,,,,,,50.6355324,50.6355324,9999.6904296875,9999.6904296875,,,5.527248,,,,-99999999,4886,55.597,9999.6904296875,,,,,,,,,,,,,,,,,,,,,,,50.6355324,,,,
touchdown = 17.8699996322393 mm,48576121.84,52.233448,9999.6904296875,2.09911610824009E-5,1.55229121487726E-6,1,0.999253354069792,40.0298881530762,1.9970990234398,23.7700007855892,0.000239817038330289,3.90249635680129E-5,0.25,-3.01005846660791E-7,2.1044484093208E-5,-1.53979608194732E-7,52.233448,52.233448,9999.6904296875,9999.6904296875,62.1465019355258,20.9167636106762,5.154188,0,0,0,40,4886,57.7036,9999.6904296875,,,,,,,,,,,,,0,,,,3.1437492,,,,,,52.233448,,,,
,48576122.57,52.28749085,9999.6904296875,2.01586438182787E-5,1.40069335703594E-6,1,0.999253354069792,40.0298881530762,1.99705752117909,23.760000243783,0.000227394214217187,5.38851716957919E-5,0.25,1.1509221976296E-6,2.02001612961556E-5,1.29549913570842E-6,52.233448,52.3415337,9999.6904296875,9999.6904296875,61.7494346477565,20.9180644876643,5.527248,0,0,0,40,4886,57.7903,9999.6904296875,,,,,,,,,,,,,0,,,,3.15953075,,,,,,52.28749085,,,,
,48576123.875,52.4711876,9999.6904296875,2.31577733460125E-5,1.11318277817239E-6,1,0.999253354069792,40.0298881530762,1.99728889772278,23.760000243783,0.000264379998519055,4.43681904021011E-5,0.25,-2.16679354124853E-7,2.32174048533718E-5,-5.48030555642311E-8,52.3415337,52.6008415,9999.6904296875,9999.6904296875,61.801803758545,20.9121539806637,5.154188,0,0,0,40,4886,57.988,9999.6904296875,,,,,,,,,,,,,0,,,,3.1753123,,,,,,52.4711876,,,,
,48576126.125,52.7345009,9999.6904296875,2.26430450179716E-5,1.05009801870485E-6,1,0.999253354069792,40.0298881530762,1.99743502692571,23.760000243783,0.000259598226986947,3.74335444088995E-5,0.25,-7.33572673030909E-7,2.27067605199067E-5,-5.77329892892821E-7,52.7345009,52.7345009,9999.6904296875,9999.6904296875,62.150410078122,20.9121355322961,5.154188,0,0,0,40,4886,58.3092,9999.6904296875,,,,,,,,,,,,,0,,,,3.1753123,,,,,,52.7345009,,,,
,48576127.695,52.939373,9999.6904296875,2.13406444593125E-5,1.20564521288675E-6,1,0.999253354069792,40.0298881530762,1.99751443543411,23.7700007855892,0.000242961841087092,4.50223288834337E-5,0.25,1.63338336963791E-7,2.13959515204372E-5,3.123380364937E-7,52.8826599,52.9960861,9999.6904296875,9999.6904296875,61.290618706968,20.9090817689884,5.527248,0,0,0,40,4886,58.5474,9999.6904296875,,,,,,,,,,,,,0,,,,3.1753123,,,,,,52.939373,,,,
,48576129.28,53.1465721,9999.6904296875,2.28380434744886E-5,8.44694683063547E-7,1,0.999253354069792,40.0298881530762,1.99758424905686,23.760000243783,0.000262245508142455,3.57121492274244E-5,0.25,-9.1870452241819E-7,2.29061169351801E-5,-7.62713336986751E-7,53.1465721,53.1465721,9999.6904296875,9999.6904296875,62.0104985731796,20.9058918624317,5.154188,0,0,0,40,4886,58.7855,9999.6904296875,,,,,,,,,,,,,0,,,,3.15953075,,,,,,53.1465721,,,,
,48576129.885,53.2140541,9999.6904296875,2.22312818792433E-5,8.03337403010149E-7,1,0.999253354069792,40.0298881530762,1.99757883488358,23.760000243783,0.000255411440598714,3.40388201350156E-5,0.25,-9.57702372179026E-7,2.22984517904025E-5,-8.06239340319532E-7,53.1465721,53.2815361,9999.6904296875,9999.6904296875,61.4313118404296,20.9059548414262,5.527248,0,0,0,40,4886,58.87505,9999.6904296875,,,,,,,,,,,,,0,,,,3.1753123,,,,,,53.2140541,,,,
,48576131.01,53.3465843,9999.6904296875,2.25975718510479E-5,1.04484038102019E-6,1,0.999253354069792,40.0298881530762,1.99759539323383,23.760000243783,0.000259822817520293,3.35281395867668E-5,0.25,-1.06720448467239E-6,2.26674374623738E-5,-9.13940458218115E-7,53.2815361,53.4116325,9999.6904296875,9999.6904296875,61.8862196386219,20.9041318533564,5.527248,0,0,0,40,4886,59.05425,9999.6904296875,,,,,,,,,,,,,0,,,,3.1753123,,,,,,53.3465843,,,,
,48576132.955,53.5316734,9999.6904296875,2.3481225833473E-5,1.0707652139079E-6,1,0.999253354069792,40.0298881530762,1.99764317371416,23.760000243783,0.000269731850311965,3.63873728733861E-5,0.25,-9.72794191851572E-7,2.35543544491795E-5,-8.13851587480543E-7,53.5316734,53.5316734,9999.6904296875,9999.6904296875,61.974543661295,20.9029093646949,5.154188,0,0,0,40,4886,59.3257,9999.6904296875,,,,,,,,,,,,,0,,,,3.1753123,,,,,,53.5316734,,,,
,48576134.53,53.8320541,9999.6904296875,2.37999924690381E-5,1.03337987889003E-6,1,0.999253354069792,40.0298881530762,1.99771859649079,23.760000243783,0.000272512659199458,4.19904642953629E-5,0.25,-5.3771021653323E-7,2.3872308601872E-5,-3.75946597680285E-7,53.8320541,53.8320541,9999.6904296875,9999.6904296875,62.0870981680643,20.9060432093183,5.527248,0,0,0,40,4886,59.567,9999.6904296875,,,,,,,,,,,,,0,,,,3.1753123,,,,,,53.8320541,,,,
,48576135.26,53.8900032,9999.6904296875,2.5575117252995E-5,1.10635162030506E-6,1,0.999253354069792,40.0298881530762,1.99770413732993,23.760000243783,0.000292327101949454,4.80339890842059E-5,0.25,-3.22300639051604E-7,2.56517032890071E-5,-1.48018631705655E-7,53.8320541,53.9479523,9999.6904296875,9999.6904296875,62.3294030090258,20.9080810248186,5.527248,0,0,0,40,4886,59.6735,9999.6904296875,,,,,,,,,,,,,0,,,,3.1753123,,,,,,53.8900032,,,,
,48576136.455,54.02365875,9999.6904296875,2.23045060847212E-5,1.27992419795453E-6,1,0.999253354069792,40.0298881530762,1.99737264077836,23.760000243783,0.000254932520648345,4.17814637491879E-5,0.25,-2.89861110535965E-7,2.23722958920978E-5,-1.38325115799317E-7,53.9479523,54.0993652,9999.6904296875,9999.6904296875,61.5297970338527,20.9151640651755,5.154188,0,0,0,40,4886,59.8584,9999.6904296875,,,,,,,,,,,,,0,,,,3.1753123,,,,,,54.02365875,,,,
,48576137.6,54.14967345,9999.6904296875,2.53051542746995E-5,1.0245141360035E-6,1,0.999253354069792,40.0298881530762,1.99759387837292,23.760000243783,0.000288732495462787,5.04387457051236E-5,0.25,-6.27949745751081E-8,2.53811424118909E-5,1.09501369788715E-7,54.0993652,54.1999817,9999.6904296875,9999.6904296875,61.6603289965642,20.9107825672429,5.154188,0,0,0,40,4886,60.01535,9999.6904296875,,,,,,,,,,,,,0,,,,3.1753123,,,,,,54.14967345,,,,
,48576139.735,54.4672318,9999.6904296875,2.34795150820153E-5,1.42262528942716E-6,1,0.999253354069792,40.0298881530762,1.9974449800929,23.760000243783,0.000268179973077908,4.5224354312006E-5,0.25,-1.95632080083493E-7,2.35525341007955E-5,-3.69367047974418E-8,54.4672318,54.4672318,9999.6904296875,9999.6904296875,61.9424968920065,20.911416953872,5.527248,0,0,0,40,4886,60.321,9999.6904296875,,,,,,,,,,,,,0,,,,3.1753123,,,,,,54.4672318,,,,
,48576141.33,54.5885849,9999.6904296875,2.71370160101503E-5,1.1228796937181E-6,1,0.999253354069792,40.0298881530762,1.99764336372857,23.760000243783,0.000310365924285585,5.02146004298114E-5,0.25,-4.06227201147934E-7,2.72240132455653E-5,-2.24036236086913E-7,54.5885849,54.5885849,9999.6904296875,9999.6904296875,61.6103047713334,20.90009642853,5.154188,0,0,0,40,4886,60.5497,9999.6904296875,,,,,,,,,,,,,0,,,,3.19125225,,,,,,54.5885849,,,,
,48576143.085,54.8566551,9999.6904296875,2.64862809748341E-5,1.27709390279557E-6,1,0.999253354069792,40.0298881530762,1.99778272918619,23.760000243783,0.000301548807323629,5.69799603251802E-5,0.25,3.02292184229043E-7,2.6567900249722E-5,4.8159359274133E-7,54.8566551,54.8566551,9999.6904296875,9999.6904296875,61.5821661446411,20.9066618217655,5.527248,0,0,0,40,4886,60.7999,9999.6904296875,,,,,,,,,,,,,0,,,,3.19125225,,,,,,54.8566551,,,,
,48576144.64,54.9831619,9999.6904296875,2.57094798659707E-5,1.52111595121813E-6,1,0.999253354069792,40.0298881530762,1.99770904959643,23.760000243783,0.000292390040978583,5.71136789850962E-5,0.25,4.52207256218145E-7,2.57889677766162E-5,6.26126160935797E-7,54.9831619,54.9831619,9999.6904296875,9999.6904296875,62.3731742061028,20.9120038515609,5.154188,0,0,0,40,4886,61.03425,9999.6904296875,,,,,,,,,,,,,0,,,,3.2071922,,,,,,54.9831619,,,,
,48576146.465,55.2773819,9999.6904296875,2.45437528099779E-5,1.46161729325202E-6,1,0.999253354069792,40.0298881530762,1.9978341797449,23.760000243783,0.000282092143761479,3.79975830011722E-5,0.25,-1.0165949940273E-6,2.46306429263707E-5,-8.55952291302814E-7,55.2773819,55.2773819,9999.6904296875,9999.6904296875,62.035510685795,20.9069893161301,5.154188,0,0,0,40,4886,61.2916,9999.6904296875,,,,,,,,,,,,,0,,,,3.1753123,,,,,,55.2773819,,,,
,48576147.965,55.3982582,9999.6904296875,2.56907990015501E-5,9.79876942934711E-7,1,0.999253354069792,40.0298881530762,1.99773269237523,23.760000243783,0.000294424197865847,4.45715446528595E-5,0.25,-6.42969235287246E-7,2.57800460249339E-5,-4.74049966287443E-7,55.3982582,55.3982582,9999.6904296875,9999.6904296875,62.3301846375451,20.9104545904657,5.154188,0,0,0,40,4886,61.4965,9999.6904296875,,,,,,,,,,,,,0,,,,3.2071922,,,,,,55.3982582,,,,
,48576149.575,55.6518745,9999.6904296875,2.141120129039E-5,1.49250894848223E-6,1,0.999253354069792,40.0298881530762,1.99768422483727,23.7700007855892,0.000243247324092906,4.92174699530495E-5,0.25,5.22512125105364E-7,2.14795560150829E-5,6.66273109494644E-7,55.6518745,55.6518745,9999.6904296875,9999.6904296875,62.0886614251027,20.919038198733,5.527248,0,0,0,40,4886,61.7265,9999.6904296875,,,,,,,,,,,,,0,,,,3.2071922,,,,,,55.6518745,,,,
,48576151.115,55.8041267,9999.6904296875,2.14147476655532E-5,1.51669107977834E-6,1,0.999253354069792,40.0298881530762,1.99770058975732,23.760000243783,0.000244877221444089,4.03267405762994E-5,0.25,-2.56953619136021E-7,2.14893135946223E-5,-1.16351077596068E-7,55.8041267,55.8041267,9999.6904296875,9999.6904296875,61.7353653344104,20.9106599728071,5.154188,0,0,0,40,4886,61.95915,9999.6904296875,,,,,,,,,,,,,0,,,,3.19125225,,,,,,55.8041267,,,,
,48576151.81,55.88018035,9999.6904296875,2.12227636443929E-5,1.39469323767718E-6,1,0.999253354069792,40.0298881530762,1.99765977509378,23.760000243783,0.000242455852128886,4.12288394314856E-5,0.25,-1.43750961300042E-7,2.12961446348519E-5,-4.1569591675699E-9,55.8041267,55.956234,9999.6904296875,9999.6904296875,62.3497253505258,20.9069731341715,5.154188,0,0,0,40,4886,62.0113,9999.6904296875,,,,,,,,,,,,,0,,,,3.19125225,,,,,,55.88018035,,,,
,48576152.96,56.0220566,9999.6904296875,1.88152411152098E-5,1.13519977219422E-6,1,0.999253354069792,40.0298881530762,1.99754376387425,23.760000243783,0.000218251540617959,1.78765389077154E-5,0.25,-1.76373299289657E-6,1.88916376006767E-5,-1.64592927546782E-6,55.956234,56.0878792,9999.6904296875,9999.6904296875,61.6142129139296,20.9158048458149,5.154188,0,0,0,40,4886,62.16125,9999.6904296875,,,,,,,,,,,,,0,,,,3.19125225,,,,,,56.0220566,,,,
,48576154.14,56.1485863,9999.6904296875,1.51297060664499E-5,1.61177397451271E-6,1,0.999253354069792,40.0298881530762,1.99733114290511,23.760000243783,0.000171925455428349,3.45156512896617E-5,0.25,3.4742574683747E-7,1.51802144266615E-5,4.47867496350477E-7,56.0878792,56.2092934,9999.6904296875,9999.6904296875,62.8601287735836,20.9076988893018,5.154188,0,0,0,40,4886,62.38495,9999.6904296875,,,,,,,,,,,,,0,,,,3.19125225,,,,,,56.1485863,,,,
,48576156.275,56.4779549,9999.6904296875,1.46096424909173E-5,1.11604564186022E-6,1,0.999253354069792,40.0298881530762,1.99756553584154,23.760000243783,0.000167579291886062,2.46593051011556E-5,0.25,-4.24240158015897E-7,1.46642468983977E-5,-3.3043047567065E-7,56.4779549,56.4779549,9999.6904296875,9999.6904296875,61.8260342426412,20.9049274534432,5.154188,0,0,0,40,4886,62.6881,9999.6904296875,,,,,,,,,,,,,0,,,,3.2071922,,,,,,56.4779549,,,,
,48576157.93,56.604393,9999.6904296875,1.33674753200649E-5,1.14024750375887E-6,1,0.999253354069792,40.0298881530762,1.99759374389599,23.7700007855892,0.000153609614623101,2.10407011794664E-5,0.25,-5.21284696823366E-7,1.34189157695148E-5,-4.36306098181288E-7,56.604393,56.604393,9999.6904296875,9999.6904296875,61.669708538795,20.9093162740641,5.527248,0,0,0,40,4886,62.92225,9999.6904296875,,,,,,,,,,,,,0,,,,3.2393923,,,,,,56.604393,,,,
,48576159.545,56.8670769,9999.6904296875,7.37029127146473E-6,1.38401364586361E-6,1,0.999253354069792,40.0298881530762,1.99747758774997,23.760000243783,8.15929383508899E-5,2.91273501968384E-5,0.25,1.24851543839511E-6,7.38903733606298E-6,1.300746159739E-6,56.8670769,56.8670769,9999.6904296875,9999.6904296875,61.8815298675065,20.9121595621869,5.527248,0,0,0,40,4886,63.1581,9999.6904296875,,,,,,,,,,,,,0,,,,3.22329225,,,,,,56.8670769,,,,
,48576160.265,56.9328804,9999.6904296875,8.25053650154565E-6,1.46277004608823E-6,1,0.999253354069792,40.0298881530762,1.99752854100359,23.760000243783,9.27830043013784E-5,2.44602054538538E-5,0.25,6.83862570253132E-7,8.27631289254722E-6,7.39648802637308E-7,56.8670769,56.9986839,9999.6904296875,9999.6904296875,62.4380493731989,20.9095659298082,5.527248,0,0,0,40,4886,63.2613,9999.6904296875,,,,,,,,,,,,,0,,,,3.2393923,,,,,,56.9328804,,,,
,48576161.475,57.05912015,9999.6904296875,7.47738490491696E-6,1.19419691479013E-6,1,0.999253354069792,40.0298881530762,1.99769237326086,23.760000243783,8.37131973192103E-5,2.43468781874196E-5,0.25,8.10601932019108E-7,7.49979767611441E-6,8.6172652169239E-7,56.9986839,57.1195564,9999.6904296875,9999.6904296875,61.8635524115642,20.9147176159002,5.154188,0,0,0,40,4886,63.4472,9999.6904296875,,,,,,,,,,,,,0,,,,3.2393923,,,,,,57.05912015,,,,
,48576163.435,57.3190384,9999.6904296875,3.91344222283715E-6,1.24821156377066E-6,1,0.999253354069792,40.0298881530762,1.99768208675006,23.760000243783,4.1996778549547E-5,2.30254467225066E-5,0.25,1.32515429478891E-6,3.91959389258974E-6,1.35518750832188E-6,57.2508698,57.387207,9999.6904296875,9999.6904296875,61.9893946031604,20.9199694022483,5.154188,0,0,0,40,4886,63.6981,9999.6904296875,,,,,,,,,,,,,0,,,,3.2071922,,,,,,57.3190384,,,,
,48576165.015,57.5235977,9999.6904296875,3.19231586939429E-6,1.39869336741293E-6,1,0.999253354069792,40.0298881530762,1.99745724266129,23.7700007855892,3.26010498463186E-5,2.8143212441578E-5,0.25,1.90124564789473E-6,3.19226476324697E-6,1.92880850556666E-6,57.5235977,57.5235977,9999.6904296875,9999.6904296875,62.0933511962181,20.9147802489448,5.154188,0,0,0,40,4886,63.9282,9999.6904296875,,,,,,,,,,,,,0,,,,3.2071922,,,,,,57.5235977,,,,
,48576165.725,57.581522,9999.6904296875,3.29509906218554E-6,1.1524333604406E-6,1,0.999253354069792,40.0298881530762,1.99776113026628,23.760000243783,3.71674870393997E-5,9.19409540956161E-6,0.25,2.22847675233043E-7,3.30621789993626E-6,2.44676705646957E-7,57.5235977,57.6394463,9999.6904296875,9999.6904296875,61.8760584678719,20.9091694266683,5.527248,0,0,0,40,4886,64.04,9999.6904296875,,,,,,,,,,,,,0,,,,3.2071922,,,,,,57.581522,,,,
,48576167.835,57.8775215,9999.6904296875,3.09748750540481E-6,1.16709907699779E-6,1,0.999253354069792,40.0298881530762,1.99758834619232,23.760000243783,3.77364353274896E-5,-7.19289085883103E-6,0.25,-1.17754107205803E-6,3.11689950829937E-6,-1.16247590277851E-6,57.8775215,57.8775215,9999.6904296875,9999.6904296875,62.0323841717181,20.9104918062005,5.527248,0,0,0,40,4886,64.34745,9999.6904296875,,,,,,,,,,,,,0,,,,3.2071922,,,,,,57.8775215,,,,
,48576168.545,57.9431553,9999.6904296875,2.69783483921299E-6,1.06914128198765E-6,1,0.999253354069792,40.0298881530762,1.9977662037906,23.760000243783,3.23792224136841E-5,-3.48428047083996E-6,0.25,-7.81974336509177E-7,2.71324050103341E-6,-7.67959703374909E-7,57.8775215,58.0087891,9999.6904296875,9999.6904296875,62.3426906938527,20.9109584507196,5.527248,0,0,0,40,4886,64.44995,9999.6904296875,,,,,,,,,,,,,0,,,,3.2071922,,,,,,57.9431553,,,,
,48576169.805,58.0846119,9999.6904296875,8.45813961148104E-7,1.08665379745636E-6,1,0.999253354069792,40.0298881530762,1.99775559288231,23.760000243783,9.31945856596015E-6,3.61672576008361E-6,0.25,1.6730898547797E-7,8.48068012056766E-7,1.73290091944713E-7,58.0087891,58.1604347,9999.6904296875,9999.6904296875,62.2074689600258,20.9155161963762,5.154188,0,0,0,40,4886,64.62905,9999.6904296875,,,,,,,,,,,,,0,,,,3.2395538,,,,,,58.0846119,,,,
,48576171.035,58.22123335,9999.6904296875,-3.07371232601853E-7,8.91216651377539E-7,1,0.999253354069792,40.0298881530762,1.99765820781103,23.760000243783,-9.34485424779364E-7,-1.5193001934645E-5,0.25,-1.27639229459863E-6,-3.00571319461985E-7,-1.28335329686773E-6,58.1604347,58.282032,9999.6904296875,9999.6904296875,61.5079114353142,20.9105918617921,5.527248,0,0,0,40,4886,64.8068,9999.6904296875,,,,,,,,,,,,,0,,,,3.25565385,,,,,,58.22123335,,,,
,48576173.205,58.5652542,9999.6904296875,-1.36189690652514E-6,1.29046451130824E-6,1,0.999253354069792,40.0298881530762,1.99758345708516,23.760000243783,-1.57231081258016E-5,-1.76420557550118E-6,0.25,8.60617416484195E-8,-1.36787409093345E-6,7.79072943028808E-8,58.5652542,58.5652542,9999.6904296875,9999.6904296875,61.9112317512373,20.908649362913,5.527248,0,0,0,40,4886,65.1158,9999.6904296875,,,,,,,,,,,,,0,,,,3.2393923,,,,,,58.5652542,,,,
,48576174.73,58.6846085,9999.6904296875,-1.84832312867179E-6,1.08845498505931E-6,1,0.999253354069792,40.0298881530762,1.99768919991577,23.760000243783,-1.84791706909189E-5,-1.85953035299747E-5,0.25,-1.30205485093943E-6,-1.84767276280245E-6,-1.31879059305001E-6,58.6846085,58.6846085,9999.6904296875,9999.6904296875,61.7760100174104,20.9114143267254,5.527248,0,0,0,40,4886,65.3073,9999.6904296875,,,,,,,,,,,,,0,,,,3.2393923,,,,,,58.6846085,,,,
,48576176.47,58.9687729,9999.6904296875,-3.90364133026512E-6,1.40342931609246E-6,1,0.999253354069792,40.0298881530762,1.99738477739357,23.760000243783,-4.25604500495111E-5,-1.92486564480527E-5,0.25,-9.96541976724803E-7,-3.91337790702757E-6,-1.02474310400589E-6,58.9687729,58.9687729,9999.6904296875,9999.6904296875,61.7806997885258,20.9241100038448,5.154188,0,0,0,40,4886,65.5802,9999.6904296875,,,,,,,,,,,,,0,,,,3.2393923,,,,,,58.9687729,,,,
,48576177.14,59.0295563,9999.6904296875,-2.32234587236262E-6,1.15227616480552E-6,1,0.999253354069792,40.0298881530762,1.99785333427018,23.760000243783,-2.61898139499766E-5,-6.56226627020978E-6,0.25,-1.64533250338222E-7,-2.33081771043976E-6,-1.79547343750711E-7,58.9687729,59.0903397,9999.6904296875,9999.6904296875,61.8229077285642,20.9106496666688,5.154188,0,0,0,40,4886,65.6547,9999.6904296875,,,,,,,,,,,,,0,,,,3.25565385,,,,,,59.0295563,,,,
,48576178.375,59.14831735,9999.6904296875,-2.25213491822896E-6,1.18003987174565E-6,1,0.999253354069792,40.0298881530762,1.99741852687157,23.760000243783,-2.31358035560869E-5,-1.91502011383678E-5,0.25,-1.27952601965941E-6,-2.25353040865069E-6,-1.29865188357752E-6,59.0903397,59.206295,9999.6904296875,9999.6904296875,62.1543182207181,20.913416411239,5.154188,0,0,0,40,4886,65.83575,9999.6904296875,,,,,,,,,,,,,0,,,,3.25565385,,,,,,59.14831735,,,,
,48576179.66,59.26942635,9999.6904296875,-3.78171447627089E-6,1.06247364101268E-6,1,0.999253354069792,40.0298881530762,1.99768768196263,23.760000243783,-3.97027682231503E-5,-2.73628469604496E-5,0.25,-1.72841847862109E-6,-3.78679505206783E-6,-1.75877456491786E-6,59.206295,59.3325577,9999.6904296875,9999.6904296875,61.517290977545,20.9096814305734,5.527248,0,0,0,40,4886,66.0176,9999.6904296875,,,,,,,,,,,,,0,,,,3.25565385,,,,,,59.26942635,,,,
,48576181.805,59.5950928,9999.6904296875,-5.80063219732182E-6,1.45226334960417E-6,1,0.999253354069792,40.0298881530762,1.99744892044688,23.7700007855892,-6.60557039002212E-5,-1.27335989181495E-5,0.25,-9.12788336616112E-8,-5.82441249960512E-6,-1.27014663859972E-7,59.5950928,59.5950928,9999.6904296875,9999.6904296875,62.0292576576412,20.9140789486634,5.154188,0,0,0,40,4886,66.3293,9999.6904296875,,,,,,,,,,,,,0,,,,3.2393923,,,,,,59.5950928,,,,
,48576182.49,59.66564945,9999.6904296875,-4.33895010555453E-6,1.41169544905754E-6,1,0.999253354069792,40.0298881530762,1.99764888930514,23.760000243783,-5.04439837694015E-5,-3.70198944304752E-6,0.25,4.41615163661117E-7,-4.35991652665154E-6,4.17088225792925E-7,59.5950928,59.7362061,9999.6904296875,9999.6904296875,61.2531005380449,20.9089151412834,5.527248,0,0,0,40,4886,66.43835,9999.6904296875,,,,,,,,,,,,,0,,,,3.2393923,,,,,,59.66564945,,,,
,48576184.63,59.8474007,9999.6904296875,-5.194997824327E-6,1.18910398656574E-6,1,0.999253354069792,40.0298881530762,1.9977174889704,23.760000243783,-5.79992860040893E-5,-1.80438183493116E-5,0.25,-6.63137256772261E-7,-5.21312986067337E-6,-6.97367377369404E-7,59.8474007,59.8474007,9999.6904296875,9999.6904296875,62.2395157293143,20.9136334449285,5.527248,0,0,0,40,4886,66.742,9999.6904296875,,,,,,,,,,,,,0,,,,3.25565385,,,,,,59.8474007,,,,
,48576186.41,60.149929,9999.6904296875,-4.95175383021303E-6,1.05521091670451E-6,1,0.999253354069792,40.0298881530762,1.99767278737628,23.760000243783,-5.74909093283466E-5,-4.69424842512019E-6,0.25,4.62579185794132E-7,-4.97583624079277E-6,4.34793242915689E-7,60.149929,60.149929,9999.6904296875,9999.6904296875,61.7111348503142,20.9176628566806,5.154188,0,0,0,40,4886,67.0064,9999.6904296875,,,,,,,,,,,,,0,,,,3.2719154,,,,,,60.149929,,,,
,48576188.04,60.2808952,9999.6904296875,-9.99668648417372E-6,1.41334616089668E-6,1,0.999253354069792,40.0298881530762,1.99738116965242,23.760000243783,-0.000113837763007055,-2.20196360253838E-5,0.25,-1.64696231141194E-7,-1.00389753242566E-5,-2.25307336992309E-7,60.2808952,60.2808952,9999.6904296875,9999.6904296875,61.8877828956604,20.9224508780417,5.154188,0,0,0,40,4886,67.184,9999.6904296875,,,,,,,,,,,,,0,,,,3.2883403,,,,,,60.2808952,,,,
,48576189.645,60.5521889,9999.6904296875,-9.43251692107383E-6,1.41206739611154E-6,1,0.999253354069792,40.0298881530762,1.99761852157648,23.760000243783,-0.000107378532386629,-2.10706127474176E-5,0.25,-1.81141565396497E-7,-9.47265089458871E-6,-2.38141766160333E-7,60.5521889,60.5521889,9999.6904296875,9999.6904296875,61.9245194360642,20.9227455037054,5.527248,0,0,0,40,4886,67.456,9999.6904296875,,,,,,,,,,,,,0,,,,3.3047652,,,,,,60.5521889,,,,
,48576205.88,62.537365,9999.6904296875,,,2,,,,23.7659990904331,,,,,,,62.537365,62.537365,9999.6904296875,9999.6904296875,,,5.527248,,,,-99999999,4886,69.8208,9999.6904296875,,,,,,,,,,,,,,,,,,,,,,,62.537365,,,,
touchdown = 17.8599990904331 mm,48576219.9,64.2113571,9999.6904296875,-1.02312800453902E-5,1.51062171718725E-6,1,0.999253354069792,40.0298881530762,1.99772035840635,23.760000243783,-0.000116643906035683,-2.23011521485866E-5,0.25,-1.52130177297379E-7,-1.02809789447298E-5,-2.08521017199817E-7,64.2113571,64.2113571,9999.6904296875,9999.6904296875,61.7080083362373,20.9209736618189,5.527248,0,0,0,40,4886,71.8386,9999.6904296875,,,,,,,,,,,,,0,,,,3.3379447,,,,,,64.2113571,,,,
,48576220.515,64.27597425,9999.6904296875,-1.28733009950589E-5,1.53994309352933E-6,1,0.999253354069792,40.0298881530762,1.99742432279041,23.760000243783,-0.000148262806559568,-1.94253190926733E-5,0.25,5.63641736920383E-7,-1.29400456926235E-5,4.96538220931459E-7,64.2113571,64.3405914,9999.6904296875,9999.6904296875,61.5235440056988,20.9177786805037,5.154188,0,0,0,40,4886,71.9159,9999.6904296875,,,,,,,,,,,,,0,,,,3.35470115,,,,,,64.27597425,,,,
,48576221.6,64.39554215,9999.6904296875,-1.53518502311449E-5,2.30005830207222E-6,1,0.999253354069792,40.0298881530762,1.99740751698234,23.7499997019768,-0.000177084364619292,-2.16043674676288E-5,0.25,8.08481102433756E-7,-1.54324366245572E-5,7.29421798077091E-7,64.3405914,64.4504929,9999.6904296875,9999.6904296875,61.8510463552566,20.9192661897303,5.527248,0,0,0,40,4886,72.07085,9999.6904296875,,,,,,,,,,,,,0,,,,3.3714576,,,,,,64.39554215,,,,
,48576223.825,64.689064,9999.6904296875,-1.33335940063827E-5,1.7566629385857E-6,1,0.999253354069792,40.0298881530762,1.99753874251133,23.760000243783,-0.000152308717931341,-2.73534811684949E-5,0.25,-4.95794723772591E-8,-1.33999606864568E-5,-1.21503812099063E-7,64.689064,64.689064,9999.6904296875,9999.6904296875,61.364873416295,20.913253630666,5.527248,0,0,0,40,4886,72.3794,9999.6904296875,,,,,,,,,,,,,0,,,,3.3714576,,,,,,64.689064,,,,
,48576225.285,64.8082047,9999.6904296875,-1.89724066756977E-5,1.35815795017247E-6,1,0.999253354069792,40.0298881530762,1.99705082014198,23.760000243783,-0.000232262335549813,4.97860382278602E-5,0.25,7.69052920667919E-6,-1.91088173734183E-5,7.62761054229993E-6,64.8082047,64.8082047,9999.6904296875,9999.6904296875,61.8111833007758,20.928077332359,5.527248,0,0,0,40,4886,72.5895,9999.6904296875,,,,,,,,,,,,,0,,,,3.3714576,,,,,,64.8082047,,,,
,48576226.86,65.0718918,9999.6904296875,-1.57915091840097E-5,1.59655457833011E-6,1,0.999253354069792,40.0298881530762,1.99729202567024,23.7499997019768,-0.000187987280444987,1.09473850381048E-5,0.25,3.73248212768744E-6,-1.58910074977435E-5,3.6671722712673E-6,65.0718918,65.0718918,9999.6904296875,9999.6904296875,62.1183633088335,20.922762221033,5.154188,0,0,0,40,4886,72.7998,9999.6904296875,,,,,,,,,,,,,0,,,,3.3714576,,,,,,65.0718918,,,,
,48576227.585,65.1391487,9999.6904296875,-1.56252043759307E-5,1.58700615914467E-6,1,0.999253354069792,40.0298881530762,1.99715861993818,23.7499997019768,-0.000189732588709478,3.20910572523962E-5,0.25,5.55308015602036E-6,-1.57336862700343E-5,5.49811308919801E-6,65.0718918,65.2064056,9999.6904296875,9999.6904296875,61.923737807545,20.9184972807633,5.154188,0,0,0,40,4886,72.9164,9999.6904296875,,,,,,,,,,,,,0,,,,3.3714576,,,,,,65.1391487,,,,
,48576228.845,65.2805519,9999.6904296875,-1.29569316549621E-5,1.71355354301195E-6,1,0.999253354069792,40.0298881530762,1.99734369134848,23.7499997019768,-0.000149758985745059,-1.65888879796399E-5,0.25,8.24842947325947E-7,-1.30270541705909E-5,7.60469755779662E-7,65.2064056,65.3546982,9999.6904296875,9999.6904296875,61.8909094097373,20.9172441459457,5.527248,0,0,0,40,4886,73.1159,9999.6904296875,,,,,,,,,,,,,0,,,,3.3883821,,,,,,65.2805519,,,,
,48576231.07,65.5935593,9999.6904296875,-1.36397081107779E-5,1.6741930643503E-6,1,0.999253354069792,40.0298881530762,1.99742073325214,23.760000243783,-0.000160025286021388,-4.00070551990369E-6,0.25,2.04563106231681E-6,-1.37200815243966E-5,1.98435719932313E-6,65.5935593,65.5935593,9999.6904296875,9999.6904296875,61.8565177548911,20.9167143167349,5.527248,0,0,0,40,4886,73.4113,9999.6904296875,,,,,,,,,,,,,0,,,,3.3883821,,,,,,65.5935593,,,,
,48576232.585,65.7022476,9999.6904296875,-1.65238326410749E-5,1.88217263453414E-6,1,0.999253354069792,40.0298881530762,1.99731762582061,23.760000243783,-0.000194644057740322,-3.61208479346108E-7,0.25,2.87019738843775E-6,-1.66235289130145E-5,2.79838351792671E-6,65.7022476,65.7022476,9999.6904296875,9999.6904296875,61.618902685045,20.9227487151247,5.154188,0,0,0,40,4886,73.6033,9999.6904296875,,,,,,,,,,,,,0,,,,3.3714576,,,,,,65.7022476,,,,
,48576234.195,65.91968155,9999.6904296875,-1.85672359637243E-5,1.61210747678227E-6,1,0.999253354069792,40.0298881530762,1.99714103627612,23.7499997019768,-0.000222608259798786,2.1852152267254E-5,0.25,5.17191177865836E-6,-1.8689745448037E-5,5.10181071338385E-6,65.8505249,65.9888382,9999.6904296875,9999.6904296875,62.1652610199873,20.9272047124219,5.154188,0,0,0,40,4886,73.84195,9999.6904296875,,,,,,,,,,,,,0,,,,3.4053066,,,,,,65.91968155,,,,
,48576234.97,66.05093005,9999.6904296875,-1.86184915291738E-5,1.42719203850369E-6,1,0.999253354069792,40.0298881530762,1.99748206984983,23.760000243783,-0.0002196746863059,1.4886796728203E-6,0.25,3.39903846542414E-6,-1.87322304867313E-5,3.31989183387844E-6,65.9888382,66.1130219,9999.6904296875,9999.6904296875,61.8823114960258,20.9134922901372,5.154188,0,0,0,40,4886,73.9856,9999.6904296875,,,,,,,,,,,,,0,,,,3.4053066,,,,,,66.05093005,,,,
,48576236.255,66.17961505,9999.6904296875,-1.58337177219613E-5,1.87822892374301E-6,1,0.999253354069792,40.0298881530762,1.99742142049622,23.760000243783,-0.000180310102154857,-3.57850008406138E-5,0.25,-3.50566053424029E-7,-1.59138374801336E-5,-4.3434922185906E-7,66.1130219,66.2462082,9999.6904296875,9999.6904296875,61.2648249658334,20.9212480051094,5.154188,0,0,0,40,4886,74.13115,9999.6904296875,,,,,,,,,,,,,0,,,,3.4053066,,,,,,66.17961505,,,,
,48576237.535,66.31036375,9999.6904296875,-1.39304225889954E-5,2.03363208126712E-6,1,0.999253354069792,40.0298881530762,1.99742509300551,23.760000243783,-0.000158587383202472,-3.17765383519022E-5,0.25,-3.34271376812164E-7,-1.40010055430501E-5,-4.07863847291993E-7,66.2462082,66.3745193,9999.6904296875,9999.6904296875,61.5852926587181,20.9194358928997,5.154188,0,0,0,40,4886,74.29765,9999.6904296875,,,,,,,,,,,,,0,,,,3.4224012,,,,,,66.31036375,,,,
,48576238.835,66.4341049,9999.6904296875,-2.03253333751364E-5,1.83532518904847E-6,1,0.999253354069792,40.0298881530762,1.99752117354797,23.760000243783,-0.000240797470652977,7.15281376279995E-6,0.25,4.19285956681326E-6,-2.04528003536718E-5,4.11037180512207E-6,66.3745193,66.4936905,9999.6904296875,9999.6904296875,61.7971139874296,20.9278984811517,5.154188,0,0,0,40,4886,74.52005,9999.6904296875,,,,,,,,,,,,,0,,,,3.4394958,,,,,,66.4341049,,,,
,48576240.98,66.755043,9999.6904296875,-1.94599685070997E-5,2.38490216722484E-6,1,0.999253354069792,40.0298881530762,1.99731486580483,23.7499997019768,-0.00022272922215871,-3.75973046134159E-5,0.25,1.25978007934656E-7,-1.95626441113735E-5,2.74762799788516E-8,66.755043,66.755043,9999.6904296875,9999.6904296875,61.6618922536027,20.9241024744534,5.527248,0,0,0,40,4886,74.86325,9999.6904296875,,,,,,,,,,,,,0,,,,3.4394958,,,,,,66.755043,,,,
,48576242.525,66.8789063,9999.6904296875,-1.32842796981247E-5,1.78281703662562E-6,1,0.999253354069792,40.0298881530762,1.99735457410262,23.7499997019768,-0.000153870473258935,-1.52969872217203E-5,0.25,9.92682897545254E-7,-1.33592321442176E-5,9.30524414733161E-7,66.8789063,66.8789063,9999.6904296875,9999.6904296875,61.8307240137565,20.9184152929562,5.154188,0,0,0,40,4886,75.07555,9999.6904296875,,,,,,,,,,,,,0,,,,3.4740279,,,,,,66.8789063,,,,
,48576244.045,67.1365128,9999.6904296875,-1.70875624334957E-5,1.98547469975734E-6,1,0.999253354069792,40.0298881530762,1.9972846550762,23.760000243783,-0.000199284358987471,-1.19001275871009E-5,0.25,1.95660685701382E-6,-1.71877002725065E-5,1.8806942122438E-6,67.1365128,67.1365128,9999.6904296875,9999.6904296875,61.6564208539681,20.9307879542621,5.154188,0,0,0,40,4886,75.304,9999.6904296875,,,,,,,,,,,,,0,,,,3.45676185,,,,,,67.1365128,,,,
,48576245.485,67.249382,9999.6904296875,-1.51729302580532E-5,2.2832218830128E-6,1,0.999253354069792,40.0298881530762,1.99732959392444,23.7499997019768,-0.000172459147784121,-3.62350248777591E-5,0.25,-5.07938834952442E-7,-1.52507824358992E-5,-5.86905929050099E-7,67.249382,67.249382,9999.6904296875,9999.6904296875,62.109765395122,20.9261266228246,5.154188,0,0,0,40,4886,75.491,9999.6904296875,,,,,,,,,,,,,0,,,,3.4740279,,,,,,67.249382,,,,
,48576246.125,67.3316002,9999.6904296875,-1.87191744920841E-5,1.5011230203881E-6,1,0.999253354069792,40.0298881530762,1.99694882156627,23.760000243783,-0.000224199570364025,2.07038349692259E-5,0.25,5.09430900734253E-6,-1.88440399263538E-5,5.02735486426598E-6,67.249382,67.4138184,9999.6904296875,9999.6904296875,61.5813845161219,20.9310055026786,5.154188,0,0,0,40,4886,75.55355,9999.6904296875,,,,,,,,,,,,,0,,,,3.45676185,,,,,,67.3316002,,,,
,48576247.365,67.46826175,9999.6904296875,-1.31457809999023E-5,1.43594066589565E-6,1,0.999253354069792,40.0298881530762,1.99756055441649,23.7499997019768,-0.000153047266930425,-1.08168931045912E-5,0.25,1.35940572875215E-6,-1.32225321502286E-5,1.30092498547425E-6,67.4138184,67.5227051,9999.6904296875,9999.6904296875,63.0062933066797,20.9302011229976,5.154188,0,0,0,40,4886,75.7508,9999.6904296875,,,,,,,,,,,,,0,,,,3.45676185,,,,,,67.46826175,,,,
,48576249.695,67.8111267,9999.6904296875,-1.7171109886762E-5,2.26790691359535E-6,1,0.999253354069792,40.0298881530762,1.9974382000012,23.760000243783,-0.000199020855230667,-1.91715727192155E-5,0.25,1.33394684193744E-6,-1.72696325425865E-5,1.25594239961014E-6,67.8111267,67.8111267,9999.6904296875,9999.6904296875,61.2773310221411,20.9255613902827,5.527248,0,0,0,40,4886,76.1259,9999.6904296875,,,,,,,,,,,,,0,,,,3.4740279,,,,,,67.8111267,,,,
,48576250.42,67.88534165,9999.6904296875,-1.1014546101542E-5,2.02447555454485E-6,1,0.999253354069792,40.0298881530762,1.99750696182034,23.7499997019768,-0.000123964284379215,-3.34286314419726E-5,0.25,-9.92292378947394E-7,-1.10686939041535E-5,-1.05210121823273E-6,67.8111267,67.9595566,9999.6904296875,9999.6904296875,62.0269127720835,20.9249847687584,5.154188,0,0,0,40,4886,76.2346,9999.6904296875,,,,,,,,,,,,,0,,,,3.4740279,,,,,,67.88534165,,,,
,48576252.46,68.0785294,9999.6904296875,-1.36312858768254E-5,1.7795634062413E-6,1,0.999253354069792,40.0298881530762,1.99738964717542,23.7499997019768,-0.000160701009562961,2.26145916955386E-7,0.25,2.40912708174476E-6,-1.37165380208088E-5,2.35507499135751E-6,68.0785294,68.0785294,9999.6904296875,9999.6904296875,61.6251557131988,20.9243604554386,5.527248,0,0,0,40,4886,76.5155,9999.6904296875,,,,,,,,,,,,,0,,,,3.5089071,,,,,,68.0785294,,,,
,48576253.155,68.20253375,9999.6904296875,-2.00071715381949E-5,2.479044209595E-6,1,0.999253354069792,40.0298881530762,1.99728330273013,23.760000243783,-0.000231053347451468,-2.7072831732268E-5,0.25,1.13904351244142E-6,-2.01206660730975E-5,1.04704378478501E-6,68.0785294,68.3265381,9999.6904296875,9999.6904296875,62.4771307991605,20.9260815656955,5.154188,0,0,0,40,4886,76.6253,9999.6904296875,,,,,,,,,,,,,0,,,,3.5089071,,,,,,68.20253375,,,,
,48576255.36,68.4650803,9999.6904296875,-1.83977043009166E-5,1.396975903421E-6,1,0.999253354069792,40.0298881530762,1.99748990609685,23.760000243783,-0.000218148729446883,7.38026498154368E-6,0.25,3.8693063200199E-6,-1.8516259050989E-5,3.80067008340573E-6,68.4650803,68.4650803,9999.6904296875,9999.6904296875,61.6642371391604,20.9237148283062,5.527248,0,0,0,40,4886,76.9558,9999.6904296875,,,,,,,,,,,,,0,,,,3.52652155,,,,,,68.4650803,,,,
,48576256.905,68.714592,9999.6904296875,-1.39649074115507E-5,1.95587079498932E-6,1,0.999253354069792,40.0298881530762,1.99736447205044,23.7499997019768,-0.000158179705399047,-3.6628018379959E-5,0.25,-7.56166260504102E-7,-1.40371209787628E-5,-8.28000620295379E-7,68.714592,68.714592,9999.6904296875,9999.6904296875,62.1519733351604,20.926234629659,5.154188,0,0,0,40,4886,77.1544,9999.6904296875,,,,,,,,,,,,,0,,,,3.5089071,,,,,,68.714592,,,,
,48576258.39,68.8233948,9999.6904296875,-1.53494291356731E-5,1.71310530713384E-6,1,0.999253354069792,40.0298881530762,1.9973247839136,23.7499997019768,-0.000179517974084006,-7.97392667990134E-6,0.25,1.9918222304077E-6,-1.54426983103063E-5,1.92855674337868E-6,68.8233948,68.8233948,9999.6904296875,9999.6904296875,61.9706355186989,20.9248082891722,5.527248,0,0,0,40,4886,77.354,9999.6904296875,,,,,,,,,,,,,0,,,,3.56192755,,,,,,68.8233948,,,,
,48576259.865,68.9626312,9999.6904296875,-1.31415289098057E-5,1.75687548586005E-6,1,0.999253354069792,40.0298881530762,1.9975114786493,23.7499997019768,-0.000146717069931412,-4.67573741259076E-5,0.25,-1.78636296594581E-6,-1.32047931538341E-5,-1.85928277747577E-6,68.9626312,68.9626312,9999.6904296875,9999.6904296875,62.3888067764874,20.9229108322004,5.527248,0,0,0,40,4886,77.578,9999.6904296875,,,,,,,,,,,,,0,,,,3.544136,,,,,,68.9626312,,,,
,48576261.515,69.2204666,9999.6904296875,-1.70127497643318E-5,1.97645525100708E-6,1,0.999253354069792,40.0298881530762,1.99718131748263,23.7499997019768,-0.000199697727806907,-4.64407950134583E-6,0.25,2.57354099263214E-6,-1.71183661399528E-5,2.50634137287362E-6,69.2204666,69.2204666,9999.6904296875,9999.6904296875,62.3911516620451,20.9278520830297,5.527248,0,0,0,40,4886,77.8292,9999.6904296875,,,,,,,,,,,,,0,,,,3.5797191,,,,,,69.2204666,,,,
,48576262.195,69.2899437,9999.6904296875,-2.43721861190672E-5,1.25181181442724E-6,1,0.999253354069792,40.0298881530762,1.99682666598609,23.760000243783,-0.000297097422124377,5.65037225516573E-5,0.25,9.21041256640456E-6,-2.45499668132235E-5,9.14472411558429E-6,69.2204666,69.3594208,9999.6904296875,9999.6904296875,61.7377102199681,20.9426922567121,5.154188,0,0,0,40,4886,77.91825,9999.6904296875,,,,,,,,,,,,,0,,,,3.56192755,,,,,,69.2899437,,,,
,48576263.375,69.41401675,9999.6904296875,-1.96936896119417E-5,8.89916521037355E-7,1,0.999253354069792,40.0298881530762,1.99681244183003,23.7499997019768,-0.000260979749382756,0.000165084087811944,0.25,1.78874261029232E-5,-1.98871074812766E-5,1.78922615508994E-5,69.3594208,69.4686127,9999.6904296875,9999.6904296875,61.8291607567181,20.9353277042018,5.154188,0,0,0,40,4886,78.08465,9999.6904296875,,,,,,,,,,,,,0,,,,3.56192755,,,,,,69.41401675,,,,
,48576265.405,69.7158432,9999.6904296875,-1.60333886908554E-5,1.52686733687273E-6,1,0.999253354069792,40.0298881530762,1.99720699373437,23.7499997019768,-0.000189258273544949,1.61032495359464E-6,0.25,2.94799158701491E-6,-1.61358970989114E-5,2.88857675707092E-6,69.7158432,69.7158432,9999.6904296875,9999.6904296875,61.7455265051604,20.9304482837403,5.154188,0,0,0,40,4886,78.3975,9999.6904296875,,,,,,,,,,,,,0,,,,3.5797191,,,,,,69.7158432,,,,
,48576266.125,69.77267835,9999.6904296875,-1.6184903793848E-5,2.02302843427802E-6,1,0.999253354069792,40.0298881530762,1.99741510634935,23.7499997019768,-0.000188647728027148,-1.21919748764465E-5,0.25,1.7675278598873E-6,-1.62827830093271E-5,1.70106094075063E-6,69.7158432,69.8295135,9999.6904296875,9999.6904296875,61.1436725453526,20.9371916146449,5.154188,0,0,0,40,4886,78.50235,9999.6904296875,,,,,,,,,,,,,0,,,,3.5797191,,,,,,69.77267835,,,,
,48576268.275,69.9632034,9999.6904296875,-2.00996440533768E-5,1.6446154028471E-6,1,0.999253354069792,40.0298881530762,1.99700025457788,23.7499997019768,-0.000244375280540667,4.27937357452803E-5,0.25,7.26059704449618E-6,-2.02452623962313E-5,7.20680960510491E-6,69.9632034,69.9632034,9999.6904296875,9999.6904296875,61.5352684334873,20.9372083449256,5.154188,0,0,0,40,4886,78.7885,9999.6904296875,,,,,,,,,,,,,0,,,,3.5797191,,,,,,69.9632034,,,,
,48576268.98,70.09452435,9999.6904296875,-1.59837431243244E-5,1.79539976223188E-6,1,0.999253354069792,40.0298881530762,1.99742347750631,23.760000243783,-0.000187135665409793,-7.31162516726952E-6,0.25,2.15839892785614E-6,-1.60826938687479E-5,2.095729289237E-6,69.9632034,70.2258453,9999.6904296875,9999.6904296875,61.6587657395258,20.9286406863341,5.527248,0,0,0,40,4886,78.89315,9999.6904296875,,,,,,,,,,,,,0,,,,3.59768905,,,,,,70.09452435,,,,
,48576270.275,70.30036925,9999.6904296875,-1.53510707890025E-5,1.8292259499142E-6,1,0.999253354069792,40.0298881530762,1.99744197572562,23.7499997019768,-0.000178306491173053,-1.51670373094032E-5,0.25,1.3605548290727E-6,-1.54429558630761E-5,1.29674521161207E-6,70.2258453,70.3748932,9999.6904296875,9999.6904296875,61.4782095515834,20.9328804426837,5.154188,0,0,0,40,4886,79.10295,9999.6904296875,,,,,,,,,,,,,0,,,,3.615659,,,,,,70.30036925,,,,
,48576272.405,70.4885406,9999.6904296875,-1.78083620813472E-5,2.07599282646457E-6,1,0.999253354069792,40.0298881530762,1.99718856710198,23.7499997019768,-0.000212100976591855,1.25468459047853E-5,0.25,4.21318488588657E-6,-1.79274422659839E-5,4.1544430681529E-6,70.4885406,70.4885406,9999.6904296875,9999.6904296875,61.842448441545,20.9354892356964,5.527248,0,0,0,40,4886,79.39315,9999.6904296875,,,,,,,,,,,,,0,,,,3.615659,,,,,,70.4885406,,,,
,48576273.135,70.6124153,9999.6904296875,-1.64885572847151E-5,1.47336844354563E-6,1,0.999253354069792,40.0298881530762,1.9974237729706,23.7499997019768,-0.000191063869669456,-1.89059767032037E-5,0.25,1.23209815687779E-6,-1.65865756197183E-5,1.16297404804348E-6,70.4885406,70.73629,9999.6904296875,9999.6904296875,61.7041001936411,20.9300030162254,5.527248,0,0,0,40,4886,79.5058,9999.6904296875,,,,,,,,,,,,,0,,,,3.615659,,,,,,70.6124153,,,,
,48576275.295,70.854805,9999.6904296875,-1.51622459151279E-5,1.83180671161749E-6,1,0.999253354069792,40.0298881530762,1.99724486079813,23.7499997019768,-0.000174814248536766,-2.23507069278284E-5,0.25,6.98277889602185E-7,-1.52506584402293E-5,6.32757254281277E-7,70.854805,70.854805,9999.6904296875,9999.6904296875,62.597501591122,20.92967947794,5.154188,0,0,0,40,4886,79.8171,9999.6904296875,,,,,,,,,,,,,0,,,,3.615659,,,,,,70.854805,,,,
,48576275.955,70.92433165,9999.6904296875,-2.71765812445426E-5,1.39571385712078E-6,1,0.999253354069792,40.0298881530762,1.99717658822378,23.760000243783,-0.000333574298476047,7.56933310183636E-5,0.25,1.13722180959232E-5,-2.73814466102887E-5,1.13119146062015E-5,70.854805,70.9938583,9999.6904296875,9999.6904296875,62.2442055004297,20.9353662238251,5.154188,0,0,0,40,4886,79.89315,9999.6904296875,,,,,,,,,,,,,0,,,,3.63380955,,,,,,70.92433165,,,,
,48576277.195,71.0626564,9999.6904296875,-2.06565420598083E-5,1.7801316210311E-6,1,0.999253354069792,40.0298881530762,1.99731684526872,23.7499997019768,-0.000247291894689674,2.16831196612006E-5,0.25,5.50875769911866E-6,-2.07980700009106E-5,5.44573706595523E-6,70.9938583,71.1314545,9999.6904296875,9999.6904296875,61.8705870682373,20.9290764404934,5.527248,0,0,0,40,4886,80.08345,9999.6904296875,,,,,,,,,,,,,0,,,,3.63380955,,,,,,71.0626564,,,,
,48576278.46,71.2554169,9999.6904296875,-1.7444157333101E-5,2.22325289853157E-6,1,0.999253354069792,40.0298881530762,1.99740409327073,23.7499997019768,-0.000199546073563435,-3.48566390128917E-5,0.25,3.55371861011813E-9,-1.75427323831856E-5,-7.55042416431829E-8,71.1314545,71.3793793,9999.6904296875,9999.6904296875,61.8072751581796,20.9338489536345,5.527248,0,0,0,40,4886,80.29975,9999.6904296875,,,,,,,,,,,,,0,,,,3.63380955,,,,,,71.2554169,,,,
,48576280.53,71.498085,9999.6904296875,-1.73683871577778E-5,2.17281767532789E-6,1,0.999253354069792,40.0298881530762,1.99726062971501,23.7499997019768,-0.000196323799525513,-4.81152519073305E-5,0.25,-1.1694781660358E-6,-1.74615387707144E-5,-1.25436939847926E-6,71.498085,71.498085,9999.6904296875,9999.6904296875,61.9393703779296,20.9302112797678,5.154188,0,0,0,40,4886,80.5812,9999.6904296875,,,,,,,,,,,,,0,,,,3.615659,,,,,,71.498085,,,,
,48576281.215,71.5552597,9999.6904296875,-1.71894339231366E-5,1.83816790661542E-6,1,0.999253354069792,40.0298881530762,1.99733268930961,23.7499997019768,-0.000200284067491691,-1.34505112666838E-5,0.25,1.82970064286054E-6,-1.7295194003815E-5,1.76281477451463E-6,71.498085,71.6124344,9999.6904296875,9999.6904296875,62.1144551662373,20.9321409890933,5.527248,0,0,0,40,4886,80.69665,9999.6904296875,,,,,,,,,,,,,0,,,,3.615659,,,,,,71.5552597,,,,
,48576283.44,71.859726,9999.6904296875,-1.87652267826805E-5,2.03771232644381E-6,1,0.999253354069792,40.0298881530762,1.9972438947379,23.760000243783,-0.000224080971810418,1.64497403305269E-5,0.25,4.71864701063757E-6,-1.88930985803451E-5,4.66170537446986E-6,71.859726,71.859726,9999.6904296875,9999.6904296875,62.8140126909489,20.9268305609324,5.154188,0,0,0,40,4886,81.00675,9999.6904296875,,,,,,,,,,,,,0,,,,3.6519601,,,,,,71.859726,,,,
,48576285.01,71.9929276,9999.6904296875,-2.05134026308398E-5,1.93136687366675E-6,1,0.999253354069792,40.0298881530762,1.99717362517368,23.7499997019768,-0.000247869750817535,3.46841250815131E-5,0.25,6.61800228485001E-6,-2.06598429806794E-5,6.56458233055907E-6,71.9929276,71.9929276,9999.6904296875,9999.6904296875,61.6720534243527,20.9428284283302,5.154188,0,0,0,40,4886,81.2283,9999.6904296875,,,,,,,,,,,,,0,,,,3.6519601,,,,,,71.9929276,,,,
,48576285.75,72.11677935,9999.6904296875,-1.86494985600381E-5,1.9883766008615E-6,1,0.999253354069792,40.0298881530762,1.99727231372867,23.7499997019768,-0.000216979739364039,-1.64044697063027E-5,0.25,1.8255984462133E-6,-1.87641001724611E-5,1.75334061262821E-6,71.9929276,72.2406311,9999.6904296875,9999.6904296875,62.018314858372,20.9375194609194,5.527248,0,0,0,40,4886,81.34595,9999.6904296875,,,,,,,,,,,,,0,,,,3.63380955,,,,,,72.11677935,,,,
,48576287.115,72.2974205,9999.6904296875,-1.44933862486981E-5,1.49874691517672E-6,1,0.999253354069792,40.0298881530762,1.99734294750369,23.7499997019768,-0.000168325613644426,-1.45029797587665E-5,0.25,1.26517943721753E-6,-1.45818981478794E-5,1.20842757940121E-6,72.2406311,72.3542099,9999.6904296875,9999.6904296875,61.8893461526989,20.9299525087197,5.154188,0,0,0,40,4886,81.54245,9999.6904296875,,,,,,,,,,,,,0,,,,3.63380955,,,,,,72.2974205,,,,
,48576288.39,72.43571855,9999.6904296875,-1.57355318408671E-5,1.5956107860567E-6,1,0.999253354069792,40.0298881530762,1.99737195108445,23.7499997019768,-0.000184565837403872,-5.38788483628703E-6,0.25,2.2788540319039E-6,-1.58357270308722E-5,2.22266880360742E-6,72.3542099,72.5172272,9999.6904296875,9999.6904296875,61.9307724642181,20.9243733244199,5.154188,0,0,0,40,4886,81.7004,9999.6904296875,,,,,,,,,,,,,0,,,,3.6702927,,,,,,72.43571855,,,,
,48576305.47,74.4903336,9999.6904296875,,,2,,,,23.7459998694658,,,,,,,74.4903336,74.4903336,9999.6904296875,9999.6904296875,,,5.527248,,,,-99999999,4886,84.2195,9999.6904296875,,,,,,,,,,,,,,,,,,,,,,,74.4903336,,,,
touchdown = 17.8399998694658 mm,48576319.385,76.1083527,9999.6904296875,-2.56552650581082E-5,1.75151653798183E-6,1,0.999253354069792,40.0298881530762,1.99711537187829,23.7300004810095,-0.000319449696899467,9.74689674668453E-5,0.25,1.29918550092635E-5,-2.5859655257703E-5,1.2966253859105E-5,76.1083527,76.1083527,9999.6904296875,9999.6904296875,61.9510948057181,20.9405952676674,5.527248,0,0,0,40,4886,86.2316,9999.6904296875,,,,,,,,,,,,,0,,,,3.78195475,,,,,,76.1083527,,,,
,48576320.085,76.18276215,9999.6904296875,-2.54819980530921E-5,2.18579685716829E-6,1,0.999253354069792,40.0298881530762,1.9969606101022,23.7300004810095,-0.000302097211996308,9.78020821186227E-6,0.25,5.29736140479324E-6,-2.56546007965389E-5,5.22699629313942E-6,76.1083527,76.2571716,9999.6904296875,9999.6904296875,62.3458172079297,20.9443416787094,5.154188,0,0,0,40,4886,86.335,9999.6904296875,,,,,,,,,,,,,0,,,,3.7630644,,,,,,76.18276215,,,,
,48576322.275,76.5192947,9999.6904296875,-2.3364990898866E-5,2.08658139163723E-6,1,0.999253354069792,40.0298881530762,1.99701787426838,23.7300004810095,-0.000294357971834602,0.000108499765746417,0.25,1.35561065270035E-5,-2.35579161528993E-5,1.35440071722508E-5,76.5192947,76.5192947,9999.6904296875,9999.6904296875,61.3101594199488,20.9420703792353,5.527248,0,0,0,40,4886,86.646,9999.6904296875,,,,,,,,,,,,,0,,,,3.8008451,,,,,,76.5192947,,,,
,48576323.015,76.5812645,9999.6904296875,-1.56773341494002E-5,1.78408677900611E-6,1,0.999253354069792,40.0298881530762,1.99724729375868,23.7300004810095,-0.000184969963482129,7.5944727744373E-7,0.25,2.79899709205151E-6,-1.57818164543116E-5,2.7535384922521E-6,76.5192947,76.6432343,9999.6904296875,9999.6904296875,61.9213929219873,20.9379881485229,5.154188,0,0,0,40,4886,86.7502,9999.6904296875,,,,,,,,,,,,,0,,,,3.78195475,,,,,,76.5812645,,,,
,48576324.265,76.75455475,9999.6904296875,-1.92684342774506E-5,2.15954151137893E-6,1,0.999253354069792,40.0298881530762,1.99690446421799,23.7300004810095,-0.000234509960856792,4.22816124906784E-5,0.25,7.05399895987506E-6,-1.94111878058902E-5,7.0199820890239E-6,76.6432343,76.8658752,9999.6904296875,9999.6904296875,62.1519733351604,20.9454911503355,5.154188,0,0,0,40,4886,86.9336,9999.6904296875,,,,,,,,,,,,,0,,,,3.7630644,,,,,,76.75455475,,,,
,48576326.365,77.0006943,9999.6904296875,-2.3142946845286E-5,2.19906999481273E-6,1,0.999253354069792,40.0298881530762,1.9970992885128,23.7300004810095,-0.000283276145362163,5.98787937694685E-5,0.25,9.26630585278645E-6,-2.33175581233761E-5,9.23080269730689E-6,77.0006943,77.0006943,9999.6904296875,9999.6904296875,61.8901277812181,20.9477040247972,5.527248,0,0,0,40,4886,87.2202,9999.6904296875,,,,,,,,,,,,,0,,,,3.8008451,,,,,,77.0006943,,,,
,48576327.06,77.0650978,9999.6904296875,-2.08272548028136E-5,2.00318249406261E-6,1,0.999253354069792,40.0298881530762,1.99720234229153,23.7300004810095,-0.000257630505750451,6.93061915563589E-5,0.25,9.68619136245659E-6,-2.09896853488053E-5,9.66249427417409E-6,77.0006943,77.1295013,9999.6904296875,9999.6904296875,61.8666789256412,20.9451148452842,5.527248,0,0,0,40,4886,87.32305,9999.6904296875,,,,,,,,,,,,,0,,,,3.8008451,,,,,,77.0650978,,,,
,48576328.325,77.18909835,9999.6904296875,-1.93692269652483E-5,1.96835037919266E-6,1,0.999253354069792,40.0298881530762,1.99715024881112,23.7300004810095,-0.000222064213669666,-3.61220332516534E-5,0.25,2.18113957242318E-7,-1.94859534615136E-5,1.43776982139105E-7,77.1295013,77.2486954,9999.6904296875,9999.6904296875,62.373955834622,20.9312466836451,5.527248,0,0,0,40,4886,87.4788,9999.6904296875,,,,,,,,,,,,,0,,,,3.78195475,,,,,,77.18909835,,,,
,48576329.57,77.33000565,9999.6904296875,-2.13273598789096E-5,2.65689802759729E-6,1,0.999253354069792,40.0298881530762,1.99708709181594,23.7399991601706,-0.000248872842531125,-1.47209580252758E-5,0.25,2.42928672677675E-6,-2.14645469350172E-5,2.36087475971534E-6,77.2486954,77.4113159,9999.6904296875,9999.6904296875,61.6587657395258,20.9453166324348,5.527248,0,0,0,40,4886,87.67435,9999.6904296875,,,,,,,,,,,,,0,,,,3.80103495,,,,,,77.33000565,,,,
,48576330.855,77.5283775,9999.6904296875,-2.50373128527113E-5,1.80161520299765E-6,1,0.999253354069792,40.0298881530762,1.99668167203062,23.7399991601706,-0.000309845379393671,8.45257812852221E-5,0.25,1.1750389076427E-5,-2.52329533963309E-5,1.1723896511428E-5,77.4113159,77.6454391,9999.6904296875,9999.6904296875,62.1449386784873,20.9606489691125,5.527248,0,0,0,40,4886,87.89915,9999.6904296875,,,,,,,,,,,,,0,,,,3.8199253,,,,,,77.5283775,,,,
,48576332.11,77.71502685,9999.6904296875,-1.60150836314675E-5,1.93503272268508E-6,1,0.999253354069792,40.0298881530762,1.99720328338851,23.7300004810095,-0.000201229377343108,7.12340546570253E-5,0.25,9.01492907332041E-6,-1.61459861166026E-5,9.00723981530367E-6,77.6454391,77.7846146,9999.6904296875,9999.6904296875,61.8893461526989,20.9430136159408,5.154188,0,0,0,40,4886,88.0785,9999.6904296875,,,,,,,,,,,,,0,,,,3.8008451,,,,,,77.71502685,,,,
,48576333.35,77.83948135,9999.6904296875,-2.43996656575057E-5,2.47138289653683E-6,1,0.999253354069792,40.0298881530762,1.99700767035353,23.7399991601706,-0.000285978422275572,-9.59973540143851E-6,0.25,3.41100560921126E-6,-2.45593710076862E-5,3.33769045641766E-6,77.7846146,77.8943481,9999.6904296875,9999.6904296875,62.434922859122,20.9402048843109,5.527248,0,0,0,40,4886,88.2585,9999.6904296875,,,,,,,,,,,,,0,,,,3.8008451,,,,,,77.83948135,,,,
,48576335.445,78.033287,9999.6904296875,-2.01043789162628E-5,2.10548757562587E-6,1,0.999253354069792,40.0298881530762,1.99683011606344,23.7300004810095,-0.000232452086786263,-2.60795871904743E-5,0.25,1.22193975096448E-6,-2.02300249628829E-5,1.15242683158905E-6,78.033287,78.033287,9999.6904296875,9999.6904296875,61.8690238111989,20.9480987204787,5.527248,0,0,0,40,4886,88.5372,9999.6904296875,,,,,,,,,,,,,0,,,,3.8008451,,,,,,78.033287,,,,
,48576336.195,78.16249845,9999.6904296875,-1.90062920928185E-5,1.87737879020356E-6,1,0.999253354069792,40.0298881530762,1.99706754004131,23.7399991601706,-0.000227471270700019,1.94997895047389E-5,0.25,5.01414033502053E-6,-1.91398398929359E-5,4.97182018122727E-6,78.033287,78.2917099,9999.6904296875,9999.6904296875,61.8189995859681,20.9451523164017,5.527248,0,0,0,40,4886,88.64895,9999.6904296875,,,,,,,,,,,,,0,,,,3.8008451,,,,,,78.16249845,,,,
,48576337.455,78.3564987,9999.6904296875,-1.91408671087485E-5,1.8690084732851E-6,1,0.999253354069792,40.0298881530762,1.99712756701977,23.7399991601706,-0.000228579807330307,1.67156513704856E-5,0.25,4.7939166424629E-6,-1.92744169521705E-5,4.75006716301624E-6,78.2917099,78.4212875,9999.6904296875,9999.6904296875,61.3594020166603,20.9468386543223,5.527248,0,0,0,40,4886,88.8449,9999.6904296875,,,,,,,,,,,,,0,,,,3.8008451,,,,,,78.3564987,,,,
,48576339.41,78.5552673,9999.6904296875,-1.84400092949973E-5,1.96484908391315E-6,1,0.999253354069792,40.0298881530762,1.99714710748522,23.7300004810095,-0.000213599221268079,-2.18813799241358E-5,0.25,1.29850588482587E-6,-1.85561916178719E-5,1.23665976498752E-6,78.5552673,78.5552673,9999.6904296875,9999.6904296875,62.3895884050066,20.9446008299238,5.527248,0,0,0,40,4886,89.1263,9999.6904296875,,,,,,,,,,,,,0,,,,3.8390055,,,,,,78.5552673,,,,
,48576340.855,78.6898651,9999.6904296875,-2.54417159247434E-5,1.55055405686463E-6,1,0.999253354069792,40.0298881530762,1.99676746421606,23.7300004810095,-0.000308558164816945,4.96927001744243E-5,0.25,8.7726560639946E-6,-2.56284366347478E-5,8.7299495967409E-6,78.6898651,78.6898651,9999.6904296875,9999.6904296875,61.4211506696796,20.9579623608007,5.154188,0,0,0,40,4886,89.3527,9999.6904296875,,,,,,,,,,,,,0,,,,3.8390055,,,,,,78.6898651,,,,
,48576342.455,78.93853,9999.6904296875,-2.24197039131415E-5,1.84064188387306E-6,1,0.999253354069792,40.0298881530762,1.99673778690823,23.7300004810095,-0.000274011022940827,5.58989557066046E-5,0.25,8.78867536229038E-6,-2.25881899057611E-5,8.75780187055823E-6,78.93853,78.93853,9999.6904296875,9999.6904296875,62.0104985731796,20.9569057540527,5.527248,0,0,0,40,4886,89.5517,9999.6904296875,,,,,,,,,,,,,0,,,,3.8390055,,,,,,78.93853,,,,
,48576343.93,79.0685806,9999.6904296875,-2.11729772908749E-5,1.8669329081089E-6,1,0.999253354069792,40.0298881530762,1.9970919753473,23.7300004810095,-0.000251097563564403,8.44755617644243E-6,0.25,4.42367920771005E-6,-2.13176600387624E-5,4.37149923714127E-6,79.0685806,79.0685806,9999.6904296875,9999.6904296875,62.4403942587566,20.948485639808,5.527248,0,0,0,40,4886,89.79405,9999.6904296875,,,,,,,,,,,,,0,,,,3.8775487,,,,,,79.0685806,,,,
,48576345.515,79.3181915,9999.6904296875,-2.07150521992009E-5,1.90154404505271E-6,1,0.999253354069792,40.0298881530762,1.99675370406212,23.7300004810095,-0.000255326346904902,6.39879776784165E-5,0.25,9.19802585155902E-6,-2.08747243485538E-5,9.17688227336766E-6,79.3181915,79.3181915,9999.6904296875,9999.6904296875,61.9253010645835,20.9526943102289,5.527248,0,0,0,40,4886,90.0385,9999.6904296875,,,,,,,,,,,,,0,,,,3.8582771,,,,,,79.3181915,,,,
,48576346.19,79.37810515,9999.6904296875,-1.84388507334781E-5,2.25531224725875E-6,1,0.999253354069792,40.0298881530762,1.99715502763833,23.7300004810095,-0.000211976736731954,-3.11575684958286E-5,0.25,4.86416943814548E-7,-1.85524298880305E-5,4.21027990603705E-7,79.3181915,79.4380188,9999.6904296875,9999.6904296875,62.4638431143335,20.9410515621954,5.154188,0,0,0,40,4886,90.11165,9999.6904296875,,,,,,,,,,,,,0,,,,3.8775487,,,,,,79.37810515,,,,
,48576347.4,79.51327895,9999.6904296875,-2.70421396998798E-5,2.65244307747096E-6,1,0.999253354069792,40.0298881530762,1.99667347301578,23.7300004810095,-0.00032132630264581,1.47337307216193E-5,0.25,5.9938810414065E-6,-2.72283340013984E-5,5.93035097275489E-6,79.4380188,79.5885391,9999.6904296875,9999.6904296875,62.3317478945835,20.9492261244063,5.527248,0,0,0,40,4886,90.2803,9999.6904296875,,,,,,,,,,,,,0,,,,3.8582771,,,,,,79.51327895,,,,
,48576348.635,79.64624785,9999.6904296875,-2.33935368937861E-5,2.35410874891123E-6,1,0.999253354069792,40.0298881530762,1.99680277338256,23.7399991601706,-0.000296678488644594,0.000120144098092817,0.25,1.45711421219878E-5,-2.35892068719652E-5,1.45735465160182E-5,79.5885391,79.7039566,9999.6904296875,9999.6904296875,61.5923273153911,20.9533199281234,5.527248,0,0,0,40,4886,90.48035,9999.6904296875,,,,,,,,,,,,,0,,,,3.8390055,,,,,,79.64624785,,,,
,48576349.91,79.7715378,9999.6904296875,-1.74409615215985E-5,1.65360607955401E-6,1,0.999253354069792,40.0298881530762,1.99711214609044,23.7300004810095,-0.000198572084576029,-4.05716644690562E-5,0.25,-5.10608567514021E-7,-1.75450884437956E-5,-5.77657476076845E-7,79.7039566,79.839119,9999.6904296875,9999.6904296875,61.5454296042373,20.9421906586062,5.154188,0,0,0,40,4886,90.66365,9999.6904296875,,,,,,,,,,,,,0,,,,3.8582771,,,,,,79.7715378,,,,
,48576352.235,80.1302261,9999.6904296875,-2.43431039312519E-5,2.2723204980256E-6,1,0.999253354069792,40.0298881530762,1.99708678810154,23.7300004810095,-0.00028465957752134,-1.34881134290924E-5,0.25,3.05644141769353E-6,-2.4502356859189E-5,2.98637481946791E-6,80.1302261,80.1302261,9999.6904296875,9999.6904296875,61.4711748949103,20.943351624608,5.154188,0,0,0,40,4886,91.0031,9999.6904296875,,,,,,,,,,,,,0,,,,3.8970139,,,,,,80.1302261,,,,
,48576353.695,80.2555008,9999.6904296875,-2.14827427900317E-5,2.14704491083352E-6,1,0.999253354069792,40.0298881530762,1.99695942186324,23.7399991601706,-0.000251568509686475,-9.7684732566385E-6,0.25,2.88348414739714E-6,-2.16240452268243E-5,2.82311219896654E-6,80.2555008,80.2555008,9999.6904296875,9999.6904296875,62.0331658002373,20.9449223801238,5.527248,0,0,0,40,4886,91.2091,9999.6904296875,,,,,,,,,,,,,0,,,,3.8775487,,,,,,80.2555008,,,,
,48576354.4,80.39348605,9999.6904296875,-1.85122471199967E-5,1.6392971504839E-6,1,0.999253354069792,40.0298881530762,1.99707014482842,23.7300004810095,-0.000226939327985974,4.98995149247791E-5,0.25,7.58068967490434E-6,-1.86524713433817E-5,7.55984875880952E-6,80.2555008,80.5314713,9999.6904296875,9999.6904296875,62.0480167421027,20.9456345733701,5.154188,0,0,0,40,4886,91.3126,9999.6904296875,,,,,,,,,,,,,0,,,,3.8775487,,,,,,80.39348605,,,,
,48576356.585,80.6573105,9999.6904296875,-2.25037436016845E-5,1.726393424629E-6,1,0.999253354069792,40.0298881530762,1.99687851126722,23.7300004810095,-0.00026332797674491,-1.13121258506007E-5,0.25,2.92550591584419E-6,-2.26515298018737E-5,2.862363897349E-6,80.6573105,80.6573105,9999.6904296875,9999.6904296875,61.8244709856027,20.9476312289125,5.154188,0,0,0,40,4886,91.624,9999.6904296875,,,,,,,,,,,,,0,,,,3.8775487,,,,,,80.6573105,,,,
,48576357.295,80.72517395,9999.6904296875,-2.58496980093162E-5,2.46723205454543E-6,1,0.999253354069792,40.0298881530762,1.99670468259639,23.7399991601706,-0.000314697719254121,5.73917728789801E-5,0.25,9.51179501419422E-6,-2.60415976430928E-5,9.47699989688518E-6,80.6573105,80.7930374,9999.6904296875,9999.6904296875,62.3716109490643,20.9672389059741,5.527248,0,0,0,40,4886,91.7298,9999.6904296875,,,,,,,,,,,,,0,,,,3.8970139,,,,,,80.72517395,,,,
,48576358.49,80.85103605,9999.6904296875,-2.34211419183421E-5,2.61065608431769E-6,1,0.999253354069792,40.0298881530762,1.99700929910276,23.7300004810095,-0.000272564504386837,-2.04953781690825E-5,0.25,2.28220444967764E-6,-2.35723283222577E-5,2.21230029365451E-6,80.7930374,80.9090347,9999.6904296875,9999.6904296875,61.6228108276411,20.9618772085178,5.527248,0,0,0,40,4886,91.90025,9999.6904296875,,,,,,,,,,,,,0,,,,3.8970139,,,,,,80.85103605,,,,
,48576360.54,81.1858063,9999.6904296875,-2.09610099225227E-5,2.29374235474924E-6,1,0.999253354069792,40.0298881530762,1.99686044993197,23.7300004810095,-0.000248684108419109,9.06749584966629E-6,0.25,4.4373291438134E-6,-2.11049013637452E-5,4.38983462580997E-6,81.1858063,81.1858063,9999.6904296875,9999.6904296875,62.3161153241989,20.9615043129156,5.527248,0,0,0,40,4886,92.19375,9999.6904296875,,,,,,,,,,,,,0,,,,3.8775487,,,,,,81.1858063,,,,
,48576361.975,81.2968826,9999.6904296875,-2.21539191681841E-5,2.01978433199606E-6,1,0.999253354069792,40.0298881530762,1.99678433137923,23.7300004810095,-0.000264320106931333,1.81644663615175E-5,0.25,5.43948768424032E-6,-2.23087129963272E-5,5.39420366455979E-6,81.2968826,81.2968826,9999.6904296875,9999.6904296875,62.5928118200066,20.9773492311304,5.527248,0,0,0,40,4886,92.3949,9999.6904296875,,,,,,,,,,,,,0,,,,3.9164791,,,,,,81.2968826,,,,
,48576363.585,81.5016022,9999.6904296875,-2.3301337422265E-5,1.72929109014119E-6,1,0.999253354069792,40.0298881530762,1.99694477038455,23.7300004810095,-0.000280923827676717,3.57424493240121E-5,0.25,7.17455415791764E-6,-2.34692986283058E-5,7.1362110854802E-6,81.4385071,81.5646973,9999.6904296875,9999.6904296875,61.6462596832181,20.9836029509073,5.527248,0,0,0,40,4886,92.6257,9999.6904296875,,,,,,,,,,,,,0,,,,3.8970139,,,,,,81.5016022,,,,
,48576365.11,81.6916275,9999.6904296875,-2.70247880936953E-5,2.48049911767344E-6,1,0.999253354069792,40.0298881530762,1.99662140506469,23.7300004810095,-0.000323965553425855,3.11035451817338E-5,0.25,7.41656447947393E-6,-2.72163984371769E-5,7.3669563325708E-6,81.6916275,81.6916275,9999.6904296875,9999.6904296875,62.5584201651605,20.9789531543571,5.527248,0,0,0,40,4886,92.8295,9999.6904296875,,,,,,,,,,,,,0,,,,3.9164791,,,,,,81.6916275,,,,
,48576366.615,81.8173981,9999.6904296875,-2.79601794101524E-5,2.18295540145717E-6,1,0.999253354069792,40.0298881530762,1.99685412512074,23.7300004810095,-0.000329875938411119,1.46078421897521E-6,0.25,4.9879865118414E-6,-2.81490673698851E-5,4.92067403315925E-6,81.8173981,81.8173981,9999.6904296875,9999.6904296875,62.2035608174297,20.9817979767712,5.527248,0,0,0,40,4886,93.0606,9999.6904296875,,,,,,,,,,,,,0,,,,3.9164791,,,,,,81.8173981,,,,
,48576367.335,81.95645525,9999.6904296875,-2.6833663616319E-5,2.29039589352258E-6,1,0.999253354069792,40.0298881530762,1.99662493708692,23.7300004810095,-0.0003199560187036,2.09932448516008E-5,0.25,6.49907792409977E-6,-2.70209197197188E-5,6.44516424526421E-6,81.8173981,82.0955124,9999.6904296875,9999.6904296875,62.0777186258335,20.9866211400818,5.154188,0,0,0,40,4886,93.16345,9999.6904296875,,,,,,,,,,,,,0,,,,3.9164791,,,,,,81.95645525,,,,
,48576369.655,82.2368698,9999.6904296875,-2.67082087147752E-5,2.82451809062622E-6,1,0.999253354069792,40.0298881530762,1.99649547803106,23.7300004810095,-0.000334265914650839,0.000111946915165607,0.25,1.44263560955233E-5,-2.69222519623349E-5,1.44221130315708E-5,82.2368698,82.2368698,9999.6904296875,9999.6904296875,62.1863649900066,20.9863351316125,5.154188,0,0,0,40,4886,93.4709,9999.6904296875,,,,,,,,,,,,,0,,,,3.9164791,,,,,,82.2368698,,,,
,48576370.315,82.2975998,9999.6904296875,-2.66274484014978E-5,2.36020280411303E-6,1,0.999253354069792,40.0298881530762,1.99653571442312,23.7300004810095,-0.000328271641962572,8.29015181976726E-5,0.25,1.18733701856878E-5,-2.68321093751552E-5,1.18539177505403E-5,82.2368698,82.3583298,9999.6904296875,9999.6904296875,62.0683390836027,20.9838623282335,5.154188,0,0,0,40,4886,93.5603,9999.6904296875,,,,,,,,,,,,,0,,,,3.9361396,,,,,,82.2975998,,,,
,48576371.61,82.4842377,9999.6904296875,-2.72832044154917E-5,1.94593091138677E-6,1,0.999253354069792,40.0298881530762,1.99654613539848,23.7300004810095,-0.000324001601106339,1.38484062983499E-5,0.25,5.95174712727563E-6,-2.74713568854082E-5,5.89399721556029E-6,82.3583298,82.6101456,9999.6904296875,9999.6904296875,61.8768400963912,20.9880712000235,5.527248,0,0,0,40,4886,93.73845,9999.6904296875,,,,,,,,,,,,,0,,,,3.9361396,,,,,,82.4842377,,,,
,48576373.715,82.7417755,9999.6904296875,-2.65198419410144E-5,2.38089646730488E-6,1,0.999253354069792,40.0298881530762,1.99665766848819,23.7300004810095,-0.000309657925118367,-1.7014315867454E-5,0.25,3.12122671863833E-6,-2.66936202033583E-5,3.04930669227946E-6,82.7417755,82.7417755,9999.6904296875,9999.6904296875,61.9378071208912,20.9825457503775,5.154188,0,0,0,40,4886,94.063,9999.6904296875,,,,,,,,,,,,,0,,,,3.9164791,,,,,,82.7417755,,,,
,48576375.25,82.9340439,9999.6904296875,-3.23264342842793E-5,3.01552371531253E-6,1,0.999253354069792,40.0298881530762,1.99631142954991,23.7300004810095,-0.000383157097449685,1.24172870718832E-5,0.25,6.7020650662482E-6,-3.254823633512E-5,6.63267265429677E-6,82.8630524,83.0050354,9999.6904296875,9999.6904296875,62.1144551662373,20.986798485526,5.154188,0,0,0,40,4886,94.27335,9999.6904296875,,,,,,,,,,,,,0,,,,3.9361396,,,,,,82.9340439,,,,
,48576376.745,83.1161041,9999.6904296875,-3.1463671617166E-5,2.33199541383216E-6,1,0.999253354069792,40.0298881530762,1.99629236377301,23.7300004810095,-0.000372136118789924,7.52740557437354E-6,0.25,6.12425535570788E-6,-3.16782363497531E-5,6.05476913737859E-6,83.1161041,83.1161041,9999.6904296875,9999.6904296875,62.0566146558143,20.9888205190955,5.154188,0,0,0,40,4886,94.5128,9999.6904296875,,,,,,,,,,,,,0,,,,3.9164791,,,,,,83.1161041,,,,
,48576377.39,83.18172835,9999.6904296875,-3.16698448370445E-5,1.97827931715163E-6,1,0.999253354069792,40.0298881530762,1.99633206804516,23.7300004810095,-0.000388299218613211,8.65353575013519E-5,0.25,1.30656605193748E-5,-3.19093051363643E-5,1.30383980819113E-5,83.1161041,83.2473526,9999.6904296875,9999.6904296875,62.1308693651412,20.9975393764269,5.154188,0,0,0,40,4886,94.59835,9999.6904296875,,,,,,,,,,,,,0,,,,3.9164791,,,,,,83.18172835,,,,
,48576378.66,83.35289385,9999.6904296875,-3.02312619209301E-5,2.78171965690056E-6,1,0.999253354069792,40.0298881530762,1.99644302334002,23.7399991601706,-0.000360185241562312,2.21962951833871E-5,0.25,7.19162769414103E-6,-3.04418868093636E-5,7.13347094125645E-6,83.2473526,83.4584351,9999.6904296875,9999.6904296875,61.7423999910835,20.9789705198586,5.527248,0,0,0,40,4886,94.7882,9999.6904296875,,,,,,,,,,,,,0,,,,3.9164791,,,,,,83.35289385,,,,
,48576379.99,83.5344048,9999.6904296875,-3.18750039766342E-5,3.09281609123674E-6,1,0.999253354069792,40.0298881530762,1.99639731451758,23.7300004810095,-0.000377266486058574,9.04240890270155E-6,0.25,6.3271489267363E-6,-3.20928306876203E-5,6.25847483412009E-6,83.4584351,83.6103745,9999.6904296875,9999.6904296875,61.9104501227181,20.9919816613211,5.527248,0,0,0,40,4886,94.9699,9999.6904296875,,,,,,,,,,,,,0,,,,3.9164791,,,,,,83.5344048,,,,
,48576381.235,83.6733246,9999.6904296875,-2.67986204171223E-5,2.15708803225665E-6,1,0.999253354069792,40.0298881530762,1.9962061594887,23.7300004810095,-0.000321501896444728,3.26297027994203E-5,0.25,7.50688515360085E-6,-2.69891441289024E-5,7.46295627339872E-6,83.6103745,83.7362747,9999.6904296875,9999.6904296875,61.9245194360642,20.9913694267598,5.527248,0,0,0,40,4886,95.15075,9999.6904296875,,,,,,,,,,,,,0,,,,3.9164791,,,,,,83.6733246,,,,
,48576383.33,83.8729019,9999.6904296875,-3.27725901403816E-5,2.26846762060038E-6,1,0.999253354069792,40.0298881530762,1.99613873692062,23.7300004810095,-0.000393358578546502,4.10536150399506E-5,0.25,9.28040956159385E-6,-3.3005915341538E-5,9.22786694479445E-6,83.8729019,83.8729019,9999.6904296875,9999.6904296875,61.8408851845065,20.9926488824858,5.154188,0,0,0,40,4886,95.407,9999.6904296875,,,,,,,,,,,,,0,,,,3.9361396,,,,,,83.8729019,,,,
,48576384.87,84.1261597,9999.6904296875,-2.88717296935389E-5,2.39798686811074E-6,1,0.999253354069792,40.0298881530762,1.99628976908125,23.7399991601706,-0.000341853476075634,9.05434389819485E-6,0.25,5.8052727731715E-6,-2.90693368670905E-5,5.74482197367241E-6,84.1261597,84.1261597,9999.6904296875,9999.6904296875,62.1488468210835,20.9874418944229,5.527248,0,0,0,40,4886,95.6585,9999.6904296875,,,,,,,,,,,,,0,,,,3.9361396,,,,,,84.1261597,,,,
,48576386.39,84.2678528,9999.6904296875,-2.68684586753625E-5,2.91176214390404E-6,1,0.999253354069792,40.0298881530762,1.99613542106895,23.7300004810095,-0.000309414305451225,-4.16569573238364E-5,0.25,1.02430855647187E-6,-2.70378544003177E-5,9.41402403972133E-7,84.2678528,84.2678528,9999.6904296875,9999.6904296875,61.9503131771988,20.9904809435661,5.527248,0,0,0,40,4886,95.8867,9999.6904296875,,,,,,,,,,,,,0,,,,3.9558001,,,,,,84.2678528,,,,
,48576402.34,86.2641068,9999.6904296875,,,2,,,,23.7160001066923,,,,,,,86.2641068,86.2641068,9999.6904296875,9999.6904296875,,,5.154188,,,,-99999999,4886,98.1996,9999.6904296875,,,,,,,,,,,,,,,,,,,,,,,86.2641068,,,,
touchdown = 17.8100001066923 mm,48576416.555,87.974678,9999.6904296875,-3.62260545824603E-5,2.88146492504244E-6,1,0.999253354069792,40.0298881530762,1.99617611153455,23.709999397397,-0.000434974967490801,4.63545209976386E-5,0.25,1.03328578265908E-5,-3.64832848474158E-5,1.02857675281375E-5,87.974678,87.974678,9999.6904296875,9999.6904296875,61.1655581438911,20.987927414256,5.154188,0,0,0,40,4886,100.18315,9999.6904296875,,,,,,,,,,,,,0,,,,3.9756581,,,,,,87.974678,,,,
,48576418.235,88.2306137,9999.6904296875,-4.20415273399821E-5,2.56042836632159E-6,1,0.999253354069792,40.0298881530762,1.99622363392888,23.700000718236,-0.000507807128663423,7.1067904844596E-5,0.25,1.35005460878139E-5,-4.23445469466951E-5,1.34558047253445E-5,88.2306137,88.2306137,9999.6904296875,9999.6904296875,61.6228108276411,20.986114198374,5.154188,0,0,0,40,4886,100.4101,9999.6904296875,,,,,,,,,,,,,0,,,,3.9955161,,,,,,88.2306137,,,,
,48576418.935,88.29984285,9999.6904296875,-2.29801522368171E-5,1.70332517760372E-6,1,0.999253354069792,40.0298881530762,1.99653970422331,23.700000718236,-0.000279100517963734,4.74367706955917E-5,0.25,8.12953795000373E-6,-2.31480627150404E-5,8.10988400715802E-6,88.2306137,88.369072,9999.6904296875,9999.6904296875,61.5110379493911,20.9848773147922,5.527248,0,0,0,40,4886,100.51195,9999.6904296875,,,,,,,,,,,,,0,,,,4.0155734,,,,,,88.29984285,,,,
,48576420.1,88.4329071,9999.6904296875,-3.49118561504517E-5,3.13766552056036E-6,1,0.999253354069792,40.0298881530762,1.99624147196844,23.700000718236,-0.000402962768889956,-4.90203780607187E-5,0.25,1.76822092460132E-6,-3.51346335244636E-5,1.67281887034223E-6,88.369072,88.4967422,9999.6904296875,9999.6904296875,61.8955991808527,20.9885856634646,5.527248,0,0,0,40,4886,100.69005,9999.6904296875,,,,,,,,,,,,,0,,,,4.0155734,,,,,,88.4329071,,,,
,48576422.08,88.6939392,9999.6904296875,-3.61977762716617E-5,3.29635137275084E-6,1,0.999253354069792,40.0298881530762,1.99626662111767,23.700000718236,-0.000428025941508791,8.10244635191761E-6,0.25,6.98305307518255E-6,-3.64444056418075E-5,6.91675038508371E-6,88.6250229,88.7628555,9999.6904296875,9999.6904296875,62.3473804649681,20.9823850150581,5.527248,0,0,0,40,4886,100.9714,9999.6904296875,,,,,,,,,,,,,0,,,,4.0155734,,,,,,88.6939392,,,,
,48576422.745,88.8295097,9999.6904296875,-3.21599502507728E-5,3.27840654261244E-6,1,0.999253354069792,40.0298881530762,1.99628618105278,23.700000718236,-0.000364657419394871,-8.29388310198127E-5,0.25,-1.67365492919578E-6,-3.23551079015592E-5,-1.7815810578855E-6,88.7628555,88.8961639,9999.6904296875,9999.6904296875,62.424761688372,20.9846322312472,5.154188,0,0,0,40,4886,100.9959,9999.6904296875,,,,,,,,,,,,,0,,,,4.0356307,,,,,,88.8295097,,,,
,48576423.925,88.9521217,9999.6904296875,-3.03682864612427E-5,1.92068261259908E-6,1,0.999253354069792,40.0298881530762,1.99616113114901,23.700000718236,-0.000360235884243579,1.34927266396852E-5,0.25,6.44334179840011E-6,-3.05768880951114E-5,6.39166565718126E-6,88.8961639,89.0080795,9999.6904296875,9999.6904296875,61.6650187676796,20.9910957020873,5.527248,0,0,0,40,4886,101.1661,9999.6904296875,,,,,,,,,,,,,0,,,,4.0155734,,,,,,88.9521217,,,,
,48576425.18,89.0644722,9999.6904296875,-3.46680649294281E-5,2.36067772280504E-6,1,0.999253354069792,40.0298881530762,1.9962038750525,23.700000718236,-0.000403701461164904,-2.81444620373444E-5,0.25,3.54913319805808E-6,-3.48947650447938E-5,3.46687862871938E-6,89.0080795,89.1208649,9999.6904296875,9999.6904296875,61.4266220693142,20.9816831630202,5.527248,0,0,0,40,4886,101.40585,9999.6904296875,,,,,,,,,,,,,0,,,,4.0155734,,,,,,89.0644722,,,,
,48576427.35,89.4062347,9999.6904296875,-3.30911804791744E-5,3.24631278146612E-6,1,0.999253354069792,40.0298881530762,1.99642049140055,23.709999397397,-0.00038447250888584,-3.20929979520905E-5,0.25,2.93049024917362E-6,-3.33061475723524E-5,2.84963913844094E-6,89.4062347,89.4062347,9999.6904296875,9999.6904296875,62.221538273372,20.9871441542684,5.154188,0,0,0,40,4886,101.7049,9999.6904296875,,,,,,,,,,,,,0,,,,3.9955161,,,,,,89.4062347,,,,
