[Header]
; MPMS3 Data File (default extension .dat)
; Copyright (c) 2007, Quantum Design, Inc. All rights reserved.
TITLE,
FILEOPENTIME,3952779921.18479,04/02/2025,7:23 pm
BYAPP,MPMS3 w/ AC,1.0,1.1
INFO,MPMS3 Measurement Release 1.2.2 Build 0, MultiVu Release 2.3.5.2,APPNAME
INFO,Linear Motor Servo Controller,MOTOR_MODULE_NAME
INFO,3101-100 N4,MOTOR_HW_VERSION
INFO,MMC1299,MOTOR_SERIAL_NUMBER
INFO,01.04.28,MOTOR_SOFTWARE_VERSION
INFO,Quantum Design Squid Module,SQUID_MODULE_NAME
INFO,3101-501 B0,SQUID_HW_VERSION
INFO,SQM364,SQUID_SERIAL_NUMBER
INFO,01.03.04,SQUID_SOFTWARE_VERSION
INFO,Quantum Design VSM Oven,OVEN_MODULE_NAME
INFO,3101-201 A3,OVEN_HW_VERSION
INFO,OVB387,OVEN_SERIAL_NUMBER
INFO,01.07.07,OVEN_SOFTWARE_VERSION
INFO,SQUID AC,AC_MODULE_NAME
INFO,3101-401 G0,AC_HW_VERSION
INFO,SAC242,AC_SERIAL_NUMBER
INFO,SQUID AC 00.95.11,AC_SOFTWARE_VERSION
INFO,TCI374,COIL_SERIAL_NUMBER
INFO,0,MOMENT_UNITS
INFO,RuCl3,SAMPLE_MATERIAL
INFO,second crystal shard TB001 2X3,SAMPLE_COMMENT
INFO,0.9,SAMPLE_MASS
INFO,,SAMPLE_VOLUME
INFO,,SAMPLE_MOLECULAR_WEIGHT
INFO,,SAMPLE_SIZE
INFO,,SAMPLE_SHAPE
INFO,Quartz,SAMPLE_HOLDER
INFO,Standard,SAMPLE_HOLDER_DETAIL
INFO,65.86,SAMPLE_OFFSET
DATATYPE,COMMENT,1
DATATYPE,TIME,2
STARTUPAXIS,X,2
STARTUPAXIS,Y1,5
FIELDGROUP, VSM,2,3,4,5,6,8,9,10,11,14,15
FIELDGROUP, DC, 2,3,4,14,56,57,58,59,60,61,62,63,64,65,66,67,68,69
FIELDGROUP, AC, 2,3,4,11,16,17,18,19,20,21,22,23,24,25,26,27,28,29,30
STARTUPGROUP, All
[Data]
Comment,Time Stamp (sec),Temperature (K),Magnetic Field (Oe),Moment (emu),M. Std. Err. (emu),Transport Action,Averaging Time (sec),Frequency (Hz),Peak Amplitude (mm),Center Position (mm),Lockin Signal' (V),Lockin Signal (V),Range,M. Quad. Signal (emu),AC Moment (emu),AC M. Std Err. (emu),AC Phase (deg),AC Phase Std. Err. (deg),AC Susceptibility (emu/Oe),AC Suscept. Std Err. (emu/Oe),AC X' (emu/Oe),AC X' Std Err. (emu/Oe),AC X'' (emu/Oe),AC X'' Std Err. (emu/Oe),AC Drive (Oe),AC Frequency (Hz),AC Averaging Time (sec),AC Cycles,AC Range,AC Measure Type,AC Signal' (V),AC Signal'' (V),AC Trim Coil Ratio,AC Trim Coil Phase,Min. Temperature (K),Max. Temperature (K),Min. Field (Oe),Max. Field (Oe),Mass (grams),Motor Lag (deg),Pressure (Torr),Measure Count,Measurement Number,SQUID Status (code),Motor Status (code),Measure Status (code),Motor Current (amps),Motor Temp. (C),Temp. Status (code),Field Status (code),Chamber Status (code),Chamber Temp (K),Redirection State,Average Temp (K),Rotation Angle (deg),Rotator state,DC Moment Fixed Ctr (emu),DC Moment Err Fixed Ctr (emu),DC Moment Free Ctr (emu),DC Moment Err Free Ctr (emu),DC Fixed Fit,DC Free Fit,DC Calculated Center (mm),DC Calculated Center Err (mm),DC Scan Length (mm),DC Scan Time (s),DC Number of Points,DC Squid Drift,DC Min V (V),DC Max V (V),DC Scans per Measure,Map 01,Map 02,Map 03,Map 04,Map 05,Map 06,Map 07,Map 08,Map 09,Map 10,Map 11,Map 12,Map 13,Map 14,Map 15,Map 16
,3952779935.66904,299.952743530273,999.893371582031,,,6,,,,31.0371419612319,,,1,,,,,,,,,,,,,,,,,,,,,,299.948852539063,299.956085205078,999.893371582031,999.893371582031,,,7.02347230911255,,1,0,0,0,0,31.7693061828613,1,1,1,299.956634521484,0,299.953637017144,,,4.08785454060489E-6,2.01478969270835E-7,4.08867962786195E-6,2.01479994756901E-7,0.970978200435638,0.97880893945694,30.9619064331055,INF,30,4,200,-0.000443807803094387,0.461703836917877,0.483344703912735,1,,,,,,,,,,,,,,,,
,3952779952.38989,299.921051025391,999.893371582031,,,6,,,,31.0371419612319,,,1,,,,,,,,,,,,,,,,,,,,,,299.896148681641,299.966491699219,999.893371582031,999.893371582031,,,7.00699138641357,,1,0,0,0,0,30.7917900085449,6,1,1,299.875610351562,0,299.943623860677,,,3.82363242755545E-6,1.98093122810666E-7,3.84129956319311E-6,1.98129896534793E-7,0.690658748149872,0.703934609889984,30.6807231903076,0,30,4,200,0.00220452900975943,0.480765402317047,0.508427739143372,1,,,,,,,,,,,,,,,,
,3952779962.0506,299.716323852539,999.893371582031,,,6,,,,31.0371419612319,,,1,,,,,,,,,,,,,,,,,,,,,,299.575897216797,299.870452880859,999.893371582031,999.893371582031,,,6.99728584289551,,1,0,0,0,0,30.7917900085449,2,1,1,299.562194824219,0,299.733957926432,,,3.86242806137006E-6,1.93786141177448E-7,3.86676007710739E-6,1.93793469654638E-7,0.810856699943543,0.816467583179474,30.8627281188965,0.0224126242101192,30,4,200,0.000496028980705887,0.497090011835098,0.517364501953125,1,,,,,,,,,,,,,,,,
,3952779972.00465,299.334274291992,999.893371582031,,,6,,,,31.0371419612319,,,1,,,,,,,,,,,,,,,,,,,,,,299.106353759766,299.562194824219,999.893371582031,999.893371582031,,,6.98634815216065,,1,0,0,0,0,30.7917900085449,2,1,1,299.106353759766,0,299.34001159668,,,4.15162420489672E-6,2.06176566089335E-7,4.1611303861838E-6,2.06194462755389E-7,0.874094069004059,0.892706692218781,30.7856121063232,4.01147174835205,30,4,200,-2.09763111342909E-5,0.495701372623444,0.51648223400116,1,,,,,,,,,,,,,,,,
,3952779981.97243,298.863967895508,999.893371582031,,,6,,,,31.0371419612319,,,1,,,,,,,,,,,,,,,,,,,,,,298.67333984375,299.092956542969,999.893371582031,999.893371582031,,,6.97774314880371,,1,0,0,0,0,30.7917900085449,2,1,1,298.634979248047,0,298.896226671007,,,4.12247861185823E-6,2.03215040077491E-7,4.12388110881331E-6,2.03217268486313E-7,0.966347754001617,0.978213846683502,30.9398422241211,0.186658725142479,30,4,200,-0.000687148014549166,0.488118082284927,0.511509299278259,1,,,,,,,,,,,,,,,,
,3952779991.70178,298.349548339844,999.893371582031,,,6,,,,31.0371419612319,,,1,,,,,,,,,,,,,,,,,,,,,,298.126098632812,298.628051757812,999.893371582031,999.893371582031,,,6.96830749511719,,1,0,0,0,0,31.2805480957031,2,1,1,298.071044921875,0,298.389389038086,,,4.12107909719166E-6,2.03147543538991E-7,4.12231454935399E-6,2.03149054272034E-7,0.96613597869873,0.976279616355896,30.9453430175781,0,30,4,200,-0.000907122797798365,0.479566127061844,0.504327952861786,1,,,,,,,,,,,,,,,,
,3952780001.42982,297.761169433594,999.893371582031,,,6,,,,31.0371419612319,,,1,,,,,,,,,,,,,,,,,,,,,,297.532684326172,298.032653808594,999.893371582031,999.893371582031,,,6.95872688293457,,1,0,0,0,0,30.7917900085449,2,1,1,297.489685058594,0,297.772823757595,,,4.13651836140351E-6,2.03919321643565E-7,4.13661234538322E-6,2.03919338942144E-7,0.964617967605591,0.965262830257416,31.0115966796875,5.56880569458008,30,4,200,-0.000816571293398738,0.471554428339005,0.495716273784637,1,,,,,,,,,,,,,,,,
,3952780011.41705,297.192199707031,999.893371582031,,,6,,,,31.0371419612319,,,1,,,,,,,,,,,,,,,,,,,,,,296.939300537109,297.468109130859,999.893371582031,999.893371582031,,,6.94958162307739,,1,0,0,0,0,32.2580642700195,2,1,1,296.916290283203,0,297.202999538845,,,4.15077575113314E-6,2.04553642364358E-7,4.15133955985603E-6,2.04554179034851E-7,0.975862443447113,0.982213973999023,30.9751949310303,5.75896456211922E-6,30,4,200,-0.000561924069188535,0.465791195631027,0.488331645727158,1,,,,,,,,,,,,,,,,
,3952780021.16831,296.618209838867,999.893371582031,,,6,,,,31.0371419612319,,,1,,,,,,,,,,,,,,,,,,,,,,296.373626708984,296.916290283203,999.893371582031,999.893371582031,,,6.94162940979004,,1,0,0,0,0,31.2805480957031,2,1,1,296.320129394531,0,296.636864556207,,,4.13956920783838E-6,2.04010493950984E-7,4.14005582368089E-6,2.04010935391568E-7,0.974074363708496,0.978987991809845,30.9794597625732,1,30,4,200,-0.000499134708661586,0.460689306259155,0.482967883348465,1,,,,,,,,,,,,,,,,
,3952780030.81016,296.029037475586,999.893371582031,,,6,,,,31.0371419612319,,,1,,,,,,,,,,,,,,,,,,,,,,295.831634521484,296.320129394531,999.893371582031,999.893371582031,,,6.9336256980896,,1,0,0,0,0,30.7917900085449,2,1,1,295.737945556641,0,296.075424194336,,,4.18482571205389E-6,2.06257960332642E-7,4.18566196601083E-6,2.06258931488634E-7,0.97106146812439,0.978846132755279,30.9621162414551,0.032442219555378,30,4,200,-0.000497739529237151,0.455531924962997,0.477960228919983,1,,,,,,,,,,,,,,,,
,3952780049.29617,294.806533813477,999.893371582031,,,6,,,,31.0317617668535,,,1,,,,,,,,,,,,,,,,,,,,,,294.502777099609,295.131134033203,999.893371582031,999.893371582031,,,6.9196343421936,,1,0,0,0,0,30.7917900085449,2,1,1,294.48193359375,0,294.816382514106,,,4.18040118533358E-6,2.06146974663355E-7,4.18257614756968E-6,2.06150879410541E-7,0.956699788570404,0.970438480377197,30.9114303588867,0,30,4,200,-0.000303474284010008,0.447640955448151,0.46894359588623,1,,,,,,,,,,,,,,,,
,3952780058.95797,294.182601928711,999.893371582031,,,6,,,,31.0317617668535,,,1,,,,,,,,,,,,,,,,,,,,,,293.923828125,294.48193359375,999.893371582031,999.893371582031,,,6.91285848617554,,1,0,0,0,0,31.2805480957031,2,1,1,293.883270263672,0,294.199008517795,,,4.18379892179781E-6,2.06269476310698E-7,4.18551701635762E-6,2.06272792162327E-7,0.962064206600189,0.974486112594605,30.9250297546387,,30,4,200,-0.000319988699629903,0.444118559360504,0.465639114379883,1,,,,,,,,,,,,,,,,
,3952780068.99824,293.57096862793,999.893371582031,,,6,,,,31.0317617668535,,,1,,,,,,,,,,,,,,,,,,,,,,293.312591552734,293.859680175781,999.893371582031,999.893371582031,,,6.9052472114563,,1,0,0,0,0,30.7917900085449,2,1,1,293.282257080078,0,293.591617160373,,,4.13988805159923E-6,2.04605973205147E-7,4.14407751252648E-6,2.04613888334897E-7,0.920456945896149,0.933728098869324,30.8646183013916,0.0232002437114716,30,4,200,-0.000115316339361016,0.441358327865601,0.462541431188583,1,,,,,,,,,,,,,,,,
,3952780078.73731,292.998687744141,999.893371582031,,,6,,,,31.0317617668535,,,1,,,,,,,,,,,,,,,,,,,,,,292.768646240234,293.282257080078,999.893371582031,999.893371582031,,,6.89956760406494,,1,0,0,0,0.0128173828125,30.7917900085449,2,1,1,292.715118408203,0,293.051415337457,,,4.27155541942159E-6,2.10622190668336E-7,4.27304252893472E-6,2.10624622306607E-7,0.95892333984375,0.968138873577118,30.9331207275391,4.01141214370728,30,4,200,-0.000182361924089491,0.438675105571747,0.459478050470352,1,,,,,,,,,,,,,,,,
,3952780088.55128,292.411117553711,999.893371582031,,,6,,,,31.0317617668535,,,1,,,,,,,,,,,,,,,,,,,,,,292.139953613281,292.703826904297,999.893371582031,999.893371582031,,,6.8928656578064,,1,0,0,0,0,30.7917900085449,2,1,1,292.118408203125,0,292.426466200087,,,4.17771807617831E-6,2.06443450021144E-7,4.18222223175335E-6,2.06452448850964E-7,0.922427415847778,0.937072336673737,30.8586444854736,0,30,4,200,-3.7585137761198E-5,0.437060207128525,0.457836598157883,1,,,,,,,,,,,,,,,,
,3952780106.84825,291.345397949219,999.893371582031,,,6,,,,31.0264558391786,,,1,,,,,,,,,,,,,,,,,,,,,,291.070404052734,291.641418457031,999.893371582031,999.893371582031,,,6.88192224502563,,1,0,0,0,0,31.2805480957031,2,1,1,291.049377441406,0,291.344943576389,,,4.21215042895655E-6,2.07786101299941E-7,4.21394851507524E-6,2.07788886215188E-7,0.949194550514221,0.95809280872345,30.9176006317139,2.64926640625163E-8,30,4,200,-0.000245964067289606,0.433447480201721,0.455267906188965,1,,,,,,,,,,,,,,,,
,3952780116.44095,290.770874023438,999.893371582031,,,6,,,,31.0264558391786,,,1,,,,,,,,,,,,,,,,,,,,,,290.524688720703,291.049377441406,999.893371582031,999.893371582031,,,6.87538003921509,,1,0,0,0,0,30.7917900085449,2,1,1,290.492370605469,0,290.790225558811,,,4.26624327577758E-6,2.10708237061719E-7,4.27106738156873E-6,2.10716669154974E-7,0.929419994354248,0.946992337703705,30.8488273620605,,30,4,200,-2.90314146695891E-5,0.431883543729782,0.452743947505951,1,,,,,,,,,,,,,,,,
,3952780126.40943,290.177139282227,999.893371582031,,,6,,,,31.0264558391786,,,1,,,,,,,,,,,,,,,,,,,,,,289.954223632812,290.460296630859,999.893371582031,999.893371582031,,,6.86995983123779,,1,0,0,0,0,30.7917900085449,2,1,1,289.893981933594,0,290.213738335503,,,4.15866729276819E-6,2.05627822168929E-7,4.16109027673026E-6,2.05631869756044E-7,0.914953947067261,0.921802937984467,30.8997173309326,7.1670365286991E-6,30,4,200,-7.40645336918533E-5,0.430333912372589,0.451621115207672,1,,,,,,,,,,,,,,,,
,3952780136.122,289.610916137695,999.893371582031,,,6,,,,31.0264558391786,,,1,,,,,,,,,,,,,,,,,,,,,,289.370880126953,289.893981933594,999.893371582031,999.893371582031,,,6.86404514312744,,1,0,0,0,0,30.7917900085449,2,1,1,289.327850341797,0,289.656450059679,,,4.24633297856203E-6,2.09713756544181E-7,4.25091356046187E-6,2.09722393768501E-7,0.930169880390167,0.946987509727478,30.8534374237061,1.82795647560852E-5,30,4,200,-0.000145593337947503,0.427555024623871,0.448874294757843,1,,,,,,,,,,,,,,,,
,3952780145.77079,289.049179077148,999.893371582031,,,6,,,,31.0264558391786,,,1,,,,,,,,,,,,,,,,,,,,,,288.7705078125,289.327850341797,999.893371582031,999.893371582031,,,6.85833501815796,,1,0,0,0,0,30.7917900085449,2,1,1,288.7705078125,0,289.073435465495,,,4.24725805300668E-6,2.09839721770736E-7,4.25225676545654E-6,2.09849265333512E-7,0.924918711185455,0.941811561584473,30.8457679748535,,30,4,200,-9.94949950836599E-5,0.425175577402115,0.446370184421539,1,,,,,,,,,,,,,,,,
,3952780164.199,287.965148925781,999.893371582031,,,6,,,,31.021299063306,,,1,,,,,,,,,,,,,,,,,,,,,,287.690216064453,288.26025390625,999.893371582031,999.893371582031,,,6.84705495834351,,1,0,0,0,0,30.7917900085449,2,1,1,287.670043945313,0,287.978708902995,,,4.23192229414162E-6,2.09004836300923E-7,4.23401122915824E-6,2.09008606340159E-7,0.929978013038635,0.937100172042847,30.9047260284424,0,30,4,200,-0.000121173630759586,0.422956973314285,0.444080173969269,1,,,,,,,,,,,,,,,,
,3952780173.93996,287.386917114258,999.893371582031,,,6,,,,31.021299063306,,,1,,,,,,,,,,,,,,,,,,,,,,287.160919189453,287.655670166016,999.893371582031,999.893371582031,,,6.84046745300293,,1,0,0,0,0,31.2805480957031,2,1,1,287.1181640625,0,287.424587673611,,,4.36085101534182E-6,2.15307748853963E-7,4.36575819078049E-6,2.15317325827465E-7,0.934380114078522,0.953603804111481,30.84499168396,0,30,4,200,-0.000178149886778556,0.419821053743362,0.441381126642227,1,,,,,,,,,,,,,,,,
,3952780184.08921,286.811340332031,999.893371582031,,,6,,,,31.021299063306,,,1,,,,,,,,,,,,,,,,,,,,,,286.550872802734,287.093170166016,999.893371582031,999.893371582031,,,6.83471155166626,,1,0,0,0,0,30.3030319213867,2,1,1,286.529510498047,0,286.847239176432,,,4.2181542587914E-6,2.08589016593346E-7,4.21925722638318E-6,2.08590770833458E-7,0.913854241371155,0.916821599006653,30.9365367889404,0.187238350510597,30,4,200,-3.62445825885516E-5,0.418860346078873,0.440177589654922,1,,,,,,,,,,,,,,,,
,3952780193.85021,286.236022949219,999.893371582031,,,6,,,,31.021299063306,,,1,,,,,,,,,,,,,,,,,,,,,,285.967834472656,286.504211425781,999.893371582031,999.893371582031,,,6.82882356643677,,1,0,0,0,0,30.3030319213867,2,1,1,285.967834472656,0,286.259725952148,,,4.37948341387847E-6,2.1605926578115E-7,4.38296310301373E-6,2.16066044191605E-7,0.947525262832642,0.96491539478302,30.8729190826416,,30,4,200,-0.000204173178644851,0.415858089923859,0.437506079673767,1,,,,,,,,,,,,,,,,
,3952780203.6093,285.675796508789,999.893371582031,,,6,,,,31.021299063306,,,1,,,,,,,,,,,,,,,,,,,,,,285.433319091797,285.956512451172,999.893371582031,999.893371582031,,,6.82295274734497,,1,0,0,0,0,31.2805480957031,2,1,1,285.395080566406,0,285.687052408854,,,4.22894369971873E-6,2.09666651301424E-7,4.2338089110244E-6,2.09675980117662E-7,0.887899994850159,0.898111939430237,30.8436870574951,4.65762714156881E-5,30,4,200,0.000142081567901187,0.41548016667366,0.437173664569855,1,,,,,,,,,,,,,,,,
,3952780221.78151,284.599151611328,999.893371582031,,,6,,,,31.0161222876074,,,1,,,,,,,,,,,,,,,,,,,,,,284.368591308594,284.862823486328,999.893371582031,999.893371582031,,,6.81227922439575,,1,0,0,0,0,30.7917900085449,2,1,1,284.335479736328,0,284.631588406033,,,4.265306947617E-6,2.10793871344509E-7,4.26766321268448E-6,2.10798197160293E-7,0.921092927455902,0.928105056285858,30.8929615020752,0,30,4,200,-8.68596907821484E-5,0.412151962518692,0.433830350637436,1,,,,,,,,,,,,,,,,
,3952780231.42799,284.062057495117,999.893371582031,,,6,,,,31.0161222876074,,,1,,,,,,,,,,,,,,,,,,,,,,283.853057861328,284.335479736328,999.893371582031,999.893371582031,,,6.80666780471802,,1,0,0,0,0.0128173828125,30.7917900085449,2,1,1,283.788635253906,0,284.089019775391,,,4.44216602348881E-6,2.18979029804814E-7,4.44384336644932E-6,2.18981549531115E-7,0.965649843215942,0.978822350502014,30.9134120941162,0,30,4,200,-0.000314564851578325,0.408137559890747,0.430777728557587,1,,,,,,,,,,,,,,,,
,3952780241.56877,283.474670410156,999.893371582031,,,6,,,,31.0161222876074,,,1,,,,,,,,,,,,,,,,,,,,,,283.208618164062,283.773590087891,999.893371582031,999.893371582031,,,6.80103349685669,,1,0,0,0,0,29.8142719268799,2,1,1,283.175750732422,0,283.515953911675,,,4.27855831547013E-6,2.11961485597947E-7,4.28057586381327E-6,2.11964812188457E-7,0.894986987113953,0.899372518062592,30.9023513793945,0,30,4,200,1.84130512934644E-5,0.407383054494858,0.429675906896591,1,,,,,,,,,,,,,,,,
,3952780251.26955,282.879409790039,999.893371582031,,,6,,,,31.0161222876074,,,1,,,,,,,,,,,,,,,,,,,,,,282.633087158203,283.175750732422,999.893371582031,999.893371582031,,,6.79531002044678,,1,0,0,0,0,30.7917900085449,2,1,1,282.583068847656,0,282.887851291233,,,4.44155340246571E-6,2.19165746610897E-7,4.44532779747639E-6,2.1917292980568E-7,0.943819522857666,0.960926294326782,30.8626194000244,1.12547138542141E-6,30,4,200,-0.000224094721488655,0.404085427522659,0.426428973674774,1,,,,,,,,,,,,,,,,
,3952780260.97839,282.294006347656,999.893371582031,,,6,,,,31.0161222876074,,,1,,,,,,,,,,,,,,,,,,,,,,282.061340332031,282.571075439453,999.893371582031,999.893371582031,,,6.78954935073853,,1,0,0,0,0,30.7917900085449,2,1,1,282.016937255859,0,282.32233344184,,,4.31633730322311E-6,2.13382222344876E-7,4.31937661051634E-6,2.13387206453703E-7,0.917268812656403,0.925893545150757,30.8763885498047,0.187181740999222,30,4,200,-8.42326480778866E-5,0.402043610811234,0.424079835414886,1,,,,,,,,,,,,,,,,
,3952780279.21561,281.298706054687,999.893371582031,,,6,,,,31.0110911450916,,,1,,,,,,,,,,,,,,,,,,,,,,281.074768066406,281.543548583984,999.893371582031,999.893371582031,,,6.77964973449707,,1,0,0,0,0,31.2805480957031,2,1,1,281.053863525391,0,281.306420220269,,,4.33792019279957E-6,2.14732315064238E-7,4.33994436887694E-6,2.1473618632258E-7,0.902728617191315,0.907410383224487,30.8981876373291,5.3353214263916,30,4,200,-0.000156510519445874,0.403005957603455,0.424740970134735,1,,,,,,,,,,,,,,,,
,3952780288.86027,280.784149169922,999.893371582031,,,6,,,,31.0110911450916,,,1,,,,,,,,,,,,,,,,,,,,,,280.571502685547,281.045867919922,999.893371582031,999.893371582031,,,6.77524900436401,,1,0,0,0,0,30.7917900085449,2,1,1,280.522430419922,0,280.813710530599,,,4.4865115241392E-6,2.21186813641771E-7,4.48789825277343E-6,2.21189390171369E-7,0.962897717952728,0.972027957439423,30.9184455871582,,30,4,200,-0.000466269993921742,0.398495048284531,0.420975059270859,1,,,,,,,,,,,,,,,,
,3952780298.94423,280.212631225586,999.893371582031,,,6,,,,31.0110911450916,,,1,,,,,,,,,,,,,,,,,,,,,,279.946746826172,280.503662109375,999.893371582031,999.893371582031,,,6.77041673660278,,1,0,0,0,0,30.3030319213867,2,1,1,279.921600341797,0,280.240468343099,,,4.33235287154358E-6,2.15704409346718E-7,4.33919234118363E-6,2.1571821642913E-7,0.855476379394531,0.866138458251953,30.8030185699463,0,30,4,200,0.000485535652842373,0.399525582790375,0.421366095542908,1,,,,,,,,,,,,,,,,
,3952780308.68196,279.642349243164,999.893371582031,,,6,,,,31.0110911450916,,,1,,,,,,,,,,,,,,,,,,,,,,279.363098144531,279.921600341797,999.893371582031,999.893371582031,,,6.76551580429077,,1,0,0,0,0,31.2805480957031,2,1,1,279.363098144531,0,279.643084716797,,,4.44725190790486E-6,2.21484916809833E-7,4.46520336849052E-6,2.21521851143961E-7,0.853659152984619,0.882405459880829,30.6768283843994,5.53866672515869,30,4,200,0.000360356352757663,0.400394290685654,0.422676503658295,1,,,,,,,,,,,,,,,,
,3952780318.45555,279.05696105957,999.893371582031,,,6,,,,31.0110911450916,,,1,,,,,,,,,,,,,,,,,,,,,,278.792388916016,279.356201171875,999.893371582031,999.893371582031,,,6.76150369644165,,1,0,0,0,0,30.7917900085449,2,1,1,278.757720947266,0,279.079498291016,,,4.2894469597023E-6,2.14122126314253E-7,4.29847154070662E-6,2.14140611631623E-7,0.838918507099152,0.851631641387939,30.7713279724121,9.18585783438175E-7,30,4,200,0.000297312304610386,0.400940448045731,0.42370742559433,1,,,,,,,,,,,,,,,,
,3952780328.45368,278.505340576172,999.893371582031,,,6,,,,31.0110911450916,,,1,,,,,,,,,,,,,,,,,,,,,,278.273956298828,278.757720947266,999.893371582031,999.893371582031,,,6.7574987411499,,1,0,0,0,0,30.7917900085449,2,1,1,278.252960205078,0,278.526364135742,,,4.28735951295542E-6,2.14636124633639E-7,4.29905814728775E-6,2.14660782101283E-7,0.822376489639282,0.837268650531769,30.7379360198975,0,30,4,200,0.00032650979119353,0.400961428880692,0.423910290002823,1,,,,,,,,,,,,,,,,
,3952780347.24519,277.436492919922,999.893371582031,,,6,,,,31.0055301557983,,,1,,,,,,,,,,,,,,,,,,,,,,277.187103271484,277.7294921875,999.893371582031,999.893371582031,,,6.74998903274536,,1,0,0,0,0,30.7917900085449,2,1,1,277.143493652344,0,277.467729356554,,,4.44989926728156E-6,2.20332334596421E-7,4.45294311800282E-6,2.20337586813145E-7,0.900129318237305,0.906905710697174,30.8687171936035,0.189566060900688,30,4,200,-8.41117071104236E-5,0.399350494146347,0.422565549612045,1,,,,,,,,,,,,,,,,
,3952780357.07575,276.876831054687,999.893371582031,,,6,,,,31.0055301557983,,,1,,,,,,,,,,,,,,,,,,,,,,276.626403808594,277.143493652344,999.893371582031,999.893371582031,,,6.7460470199585,,1,0,0,0,0,30.7917900085449,2,1,1,276.610168457031,0,276.907528686523,,,4.56560845428499E-6,2.26862574267467E-7,4.58352847206355E-6,2.26898790886527E-7,0.86979877948761,0.902344763278961,30.6761417388916,,30,4,200,0.00012323418923188,0.397022306919098,0.420304477214813,1,,,,,,,,,,,,,,,,
,3952780366.84371,276.352600097656,999.893371582031,,,6,,,,31.0055301557983,,,1,,,,,,,,,,,,,,,,,,,,,,276.149108886719,276.597198486328,999.893371582031,999.893371582031,,,6.74242401123047,,1,0,0,0,0,32.2580642700195,2,1,1,276.108001708984,0,276.377970377604,,,4.40211358969366E-6,2.20632554558014E-7,4.42108946729656E-6,2.20671004965932E-7,0.816266775131226,0.839534044265747,30.6624279022217,5.26922082901001,30,4,200,0.000453499611467123,0.398317068815231,0.421193450689316,1,,,,,,,,,,,,,,,,
,3952780376.9009,275.803497314453,999.893371582031,,,6,,,,31.0055301557983,,,1,,,,,,,,,,,,,,,,,,,,,,275.584777832031,276.066467285156,999.893371582031,999.893371582031,,,6.73856019973755,,1,0,0,0,0,30.7917900085449,2,1,1,275.54052734375,0,275.832475450304,,,4.37675138147585E-6,2.19030050355089E-7,4.39416466028525E-6,2.19065773877281E-7,0.82440984249115,0.846953213214874,30.6754989624023,,30,4,200,0.000202334485948086,0.397365063428879,0.420870423316956,1,,,,,,,,,,,,,,,,
,3952780386.65105,275.276397705078,999.893371582031,,,6,,,,31.0055301557983,,,1,,,,,,,,,,,,,,,,,,,,,,275.060455322266,275.54052734375,999.893371582031,999.893371582031,,,6.73471736907959,,1,0,0,0,0,30.3030319213867,2,1,1,275.012268066406,0,275.30359225803,,,4.44187567649808E-6,2.21552749260193E-7,4.46161833547454E-6,2.21593795600658E-7,0.843863606452942,0.873306274414062,30.654426574707,0.0242912657558918,30,4,200,0.000119208700198214,0.395426899194717,0.418881565332413,1,,,,,,,,,,,,,,,,
,3952780396.32771,274.732238769531,999.893371582031,,,6,,,,31.0055301557983,,,1,,,,,,,,,,,,,,,,,,,,,,274.518859863281,274.997924804687,999.893371582031,999.893371582031,,,6.73089742660522,,1,0,0,0,0,30.7917900085449,2,1,1,274.452209472656,0,274.75386428833,,,4.41564625488415E-6,2.19937568111784E-7,4.43065717138022E-6,2.1996844254976E-7,0.852848589420319,0.876440405845642,30.6997756958008,,30,4,200,0.000101086006907281,0.393510460853577,0.41692042350769,1,,,,,,,,,,,,,,,,
,3952780414.66135,273.643249511719,999.893371582031,,,6,,,,30.9998416592242,,,1,,,,,,,,,,,,,,,,,,,,,,273.374633789062,273.956573486328,999.893371582031,999.893371582031,,,6.72387218475342,,1,0,0,0,0,30.7917900085449,2,1,1,273.329925537109,0,273.665211995443,,,4.44818049143974E-6,2.20541196002762E-7,4.45006988189515E-6,2.20544407950267E-7,0.887699067592621,0.891366183757782,30.8922290802002,0,30,4,200,-0.000136625531013124,0.391057103872299,0.414831012487412,1,,,,,,,,,,,,,,,,
,3952780424.37932,273.033248901367,999.893371582031,,,6,,,,30.9998416592242,,,1,,,,,,,,,,,,,,,,,,,,,,272.778167724609,273.329925537109,999.893371582031,999.893371582031,,,6.72006320953369,,1,0,0,0,0,30.7917900085449,2,1,1,272.736572265625,0,273.043250189887,,,4.676971467613E-6,2.31300463670095E-7,4.6858525253511E-6,2.31317875923607E-7,0.912724733352661,0.936797916889191,30.7704582214355,0,30,4,200,-0.000191943880054168,0.387182384729385,0.410888999700546,1,,,,,,,,,,,,,,,,
,3952780434.4743,272.430038452148,999.893371582031,,,6,,,,30.9998416592242,,,1,,,,,,,,,,,,,,,,,,,,,,272.180206298828,272.707305908203,999.893371582031,999.893371582031,,,6.71692037582397,,1,0,0,0,0,30.7917900085449,2,1,1,272.152770996094,0,272.471181233724,,,4.34369873183186E-6,2.18160164132699E-7,4.34845742801769E-6,2.18168807079593E-7,0.805611312389374,0.810912907123566,30.8276309967041,0.190076768398285,30,4,200,0.000317752565024421,0.388353198766708,0.412023305892944,1,,,,,,,,,,,,,,,,
,3952780444.19474,271.851379394531,999.893371582031,,,6,,,,30.9998416592242,,,1,,,,,,,,,,,,,,,,,,,,,,271.608947753906,272.152770996094,999.893371582031,999.893371582031,,,6.7126898765564,,1,0,0,0,0,30.7917900085449,2,1,1,271.549987792969,0,271.889383951823,,,4.58959604721154E-6,2.2744882249518E-7,4.60067749638364E-6,2.27472193013244E-7,0.891788423061371,0.91552734375,30.7407493591309,0.187656909227371,30,4,200,-0.000148414284922183,0.384775787591934,0.408467352390289,1,,,,,,,,,,,,,,,,
,3952780453.97324,271.284484863281,999.893371582031,,,6,,,,30.9998416592242,,,1,,,,,,,,,,,,,,,,,,,,,,271.069122314453,271.530670166016,999.893371582031,999.893371582031,,,6.70922327041626,,1,0,0,0,0,30.7917900085449,2,1,1,271.038299560547,0,271.319607204861,,,4.40450370088129E-6,2.21592513712143E-7,4.41996458458134E-6,2.21623740230892E-7,0.797341167926788,0.813992619514465,30.6905193328857,INF,30,4,200,0.000379844044800848,0.38481667637825,0.408967733383179,1,,,,,,,,,,,,,,,,
,3952780463.98302,270.738021850586,999.893371582031,,,6,,,,30.9998416592242,,,1,,,,,,,,,,,,,,,,,,,,,,270.463531494141,271.038299560547,999.893371582031,999.893371582031,,,6.70497798919678,,1,0,0,0,0,30.7917900085449,2,1,1,270.437744140625,0,270.740985107422,,,4.49182507143638E-6,2.23829568111531E-7,4.50734664005257E-6,2.23861583447155E-7,0.849977254867554,0.873425245285034,30.6907062530518,4.01150178909302,30,4,200,2.7283575036563E-5,0.381858050823212,0.406208217144012,1,,,,,,,,,,,,,,,,
,3952780482.82601,269.638076782227,999.893371582031,,,6,,,,30.9941031277323,,,1,,,,,,,,,,,,,,,,,,,,,,269.391174316406,269.917907714844,999.893371582031,999.893371582031,,,6.69923591613769,,1,0,0,0,0,30.7917900085449,2,1,1,269.358245849609,0,269.674055311415,,,4.48750431050505E-6,2.23145758376199E-7,4.49427757537965E-6,2.23159235956693E-7,0.864360809326172,0.875294327735901,30.791166305542,0,30,4,200,-1.62255873874528E-5,0.378917247056961,0.403155416250229,1,,,,,,,,,,,,,,,,
,3952780492.60568,269.052719116211,999.893371582031,,,6,,,,30.9941031277323,,,1,,,,,,,,,,,,,,,,,,,,,,268.818176269531,269.358245849609,999.893371582031,999.893371582031,,,6.69545888900757,,1,0,0,0,0,30.7917900085449,2,1,1,268.747192382813,0,269.100358751085,,,4.8122524577756E-6,2.39371623247268E-7,4.83277524329848E-6,2.39413161609724E-7,0.862041294574738,0.895162105560303,30.6508979797363,0.0347880460321903,30,4,200,-4.06251310778316E-5,0.37578472495079,0.400097697973251,1,,,,,,,,,,,,,,,,
,3952780502.35402,268.467910766602,999.893371582031,,,6,,,,30.9941031277323,,,1,,,,,,,,,,,,,,,,,,,,,,268.237426757813,268.739593505859,999.893371582031,999.893371582031,,,6.6921763420105,,1,0,0,0,0,30.7917900085449,2,1,1,268.196228027344,0,268.511901855469,,,4.58460173121147E-6,2.29082969600141E-7,4.60090117426781E-6,2.29116762758052E-7,0.833031594753265,0.854251384735107,30.681619644165,0,30,4,200,0.00025222881231457,0.374288886785507,0.398843616247177,1,,,,,,,,,,,,,,,,
,3952780512.51321,267.853286743164,999.893371582031,,,6,,,,30.9941031277323,,,1,,,,,,,,,,,,,,,,,,,,,,267.575866699219,268.150024414062,999.893371582031,999.893371582031,,,6.68875312805176,,1,0,0,0,0,30.7917900085449,2,1,1,267.556549072266,0,267.876156277127,,,4.54949060934478E-6,2.27817192040031E-7,4.57388412563899E-6,2.27868183171891E-7,0.820988833904266,0.851423442363739,30.609733581543,0,30,4,200,0.000231578669627197,0.372526317834854,0.397152006626129,1,,,,,,,,,,,,,,,,
,3952780522.38936,267.280227661133,999.893371582031,,,6,,,,30.9941031277323,,,1,,,,,,,,,,,,,,,,,,,,,,267.00390625,267.556549072266,999.893371582031,999.893371582031,,,6.68581104278564,,1,0,0,0,0,30.7917900085449,2,1,1,267.00390625,0,267.271829223633,,,4.6721219128113E-6,2.3327693873774E-7,4.69818837139745E-6,2.33332255117551E-7,0.837565958499908,0.873677551746368,30.601936340332,0.0242974497377872,30,4,200,0.000107955042039976,0.369961202144623,0.394654512405396,1,,,,,,,,,,,,,,,,
,3952780532.11633,266.728958129883,999.893371582031,,,6,,,,30.9941031277323,,,1,,,,,,,,,,,,,,,,,,,,,,266.501770019531,266.987609863281,999.893371582031,999.893371582031,,,6.68229818344116,,1,0,0,0,0,30.7917900085449,2,1,1,266.470306396484,0,266.748748779297,,,4.49351932221833E-6,2.25109622082369E-7,4.50917083021679E-6,2.25141605232875E-7,0.818717181682587,0.837546646595001,30.6845397949219,,30,4,200,0.00023136637173593,0.368552386760712,0.39312407374382,1,,,,,,,,,,,,,,,,
,3952780550.32253,265.731918334961,999.893371582031,,,6,,,,30.9884615666415,,,1,,,,,,,,,,,,,,,,,,,,,,265.473358154297,266.012176513672,999.893371582031,999.893371582031,,,6.67657327651978,,1,0,0,0,0,30.7917900085449,2,1,1,265.45166015625,0,265.735087076823,,,4.6136354136669E-6,2.28893578585847E-7,4.61994995261589E-6,2.28905177013266E-7,0.882113695144653,0.893716275691986,30.7945995330811,8.31853071758815E-7,30,4,200,-0.000143022713018581,0.365201830863953,0.389613211154938,1,,,,,,,,,,,,,,,,
,3952780560.2936,265.125854492187,999.893371582031,,,6,,,,30.9884615666415,,,1,,,,,,,,,,,,,,,,,,,,,,264.906677246094,265.445831298828,999.893371582031,999.893371582031,,,6.67268657684326,,1,0,0,0,0,30.7917900085449,2,1,1,264.805877685547,0,265.196990966797,,,4.82424040966071E-6,2.40263829237322E-7,4.8506233512067E-6,2.40318021796461E-7,0.853547811508179,0.894349455833435,30.6005191802978,,30,4,200,6.79074655636214E-5,0.361946076154709,0.386964559555054,1,,,,,,,,,,,,,,,,
,3952780570.25518,264.544143676758,999.893371582031,,,6,,,,30.9884615666415,,,1,,,,,,,,,,,,,,,,,,,,,,264.329895019531,264.795806884766,999.893371582031,999.893371582031,,,6.66992568969727,,1,0,0,0,0,33.2355842590332,2,1,1,264.29248046875,0,264.582248263889,,,4.58208138012749E-6,2.31056814125075E-7,4.60959620931931E-6,2.31112689266969E-7,0.786770403385162,0.814431190490723,30.5831642150879,0.190943852066994,30,4,200,0.000522449379786849,0.362072080373764,0.386912763118744,1,,,,,,,,,,,,,,,,
,3952780580.02508,264.018051147461,999.893371582031,,,6,,,,30.9884615666415,,,1,,,,,,,,,,,,,,,,,,,,,,263.751220703125,264.29248046875,999.893371582031,999.893371582031,,,6.66692352294922,,1,0,0,0,0,31.2805480957031,2,1,1,263.743621826172,0,264.016859266493,,,4.64142900670169E-6,2.30920868638788E-7,4.65570544667721E-6,2.30948736568934E-7,0.860619485378265,0.883280277252197,30.6965236663818,2.56038292718586E-5,30,4,200,-3.64518314199813E-6,0.359172195196152,0.383959233760834,1,,,,,,,,,,,,,,,,
,3952780589.80591,263.42057800293,999.893371582031,,,6,,,,30.9884615666415,,,1,,,,,,,,,,,,,,,,,,,,,,263.165618896484,263.718475341797,999.893371582031,999.893371582031,,,6.66392660140991,,1,0,0,0,0,31.2805480957031,2,1,1,263.122680664062,0,263.446902804905,,,4.59389541528557E-6,2.32165138852501E-7,4.62159398905877E-6,2.3222259576424E-7,0.777115523815155,0.803381025791168,30.58176612854,0.191357135772705,30,4,200,0.000493299914523959,0.359288781881332,0.384583473205566,1,,,,,,,,,,,,,,,,
,3952780599.93015,262.823745727539,999.893371582031,,,6,,,,30.9884615666415,,,1,,,,,,,,,,,,,,,,,,,,,,262.590057373047,263.090179443359,999.893371582031,999.893371582031,,,6.66107511520386,,1,0,0,0,0,29.8142719268799,2,1,1,262.557312011719,0,262.862189398872,,,4.74080440578439E-6,2.37702614597701E-7,4.76952619778353E-6,2.37762330060905E-7,0.814178109169006,0.84740024805069,30.579231262207,3.17914259539975E-6,30,4,200,0.000319037237204611,0.35798105597496,0.383166044950485,1,,,,,,,,,,,,,,,,
,3952780618.32715,261.742034912109,999.893371582031,,,6,,,,30.9829145139966,,,1,,,,,,,,,,,,,,,,,,,,,,261.49853515625,262.033935546875,999.893371582031,999.893371582031,,,6.6558256149292,,1,0,0,0,0,30.7917900085449,2,1,1,261.450134277344,0,261.779293484158,,,4.7154954296821E-6,2.35190199694896E-7,4.72604392108817E-6,2.35211384044768E-7,0.844135761260986,0.858225405216217,30.7368106842041,0.0246365703642368,30,4,200,7.43051859899424E-5,0.354410141706467,0.380011677742004,1,,,,,,,,,,,,,,,,
,3952780628.03748,261.172653198242,999.893371582031,,,6,,,,30.9829145139966,,,1,,,,,,,,,,,,,,,,,,,,,,260.907165527344,261.438140869141,999.893371582031,999.893371582031,,,6.65258502960205,,1,0,0,0,0,30.7917900085449,2,1,1,260.907165527344,0,261.177410888672,,,4.95492944272776E-6,2.45711686546123E-7,4.97208821819536E-6,2.4574725321971E-7,0.886071741580963,0.919878661632538,30.67356300354,0,30,4,200,-0.000209090852877125,0.350411266088486,0.375647753477097,1,,,,,,,,,,,,,,,,
,3952780637.72174,260.629013061523,999.893371582031,,,6,,,,30.9829145139966,,,1,,,,,,,,,,,,,,,,,,,,,,260.394470214844,260.897521972656,999.893371582031,999.893371582031,,,6.65034055709839,,1,0,0,0,0,30.7917900085449,2,1,1,260.360504150391,0,260.662150065104,,,4.63703645802113E-6,2.33530095283894E-7,4.65258095973583E-6,2.33561593983315E-7,0.792562007904053,0.808000981807709,30.6806163787842,0,30,4,200,0.000446007528807968,0.35138127207756,0.376707524061203,1,,,,,,,,,,,,,,,,
,3952780647.74592,260.051940917969,999.893371582031,,,6,,,,30.9829145139966,,,1,,,,,,,,,,,,,,,,,,,,,,259.782836914062,260.346313476562,999.893371582031,999.893371582031,,,6.64735841751099,,1,0,0,0,0,30.3030319213867,2,1,1,259.757568359375,0,260.091488647461,,,4.73809460145789E-6,2.37932213980903E-7,4.76624469480242E-6,2.37992263738015E-7,0.806365966796875,0.837166726589203,30.5782146453857,0.0244387034326792,30,4,200,0.000340846978360787,0.34960663318634,0.375365406274796,1,,,,,,,,,,,,,,,,
,3952780657.70766,259.458557128906,999.893371582031,,,6,,,,30.9829145139966,,,1,,,,,,,,,,,,,,,,,,,,,,259.217193603516,259.757568359375,999.893371582031,999.893371582031,,,6.64442348480225,,1,0,0,0,0,30.7917900085449,2,1,1,259.159545898438,0,259.506076388889,,,4.96902398827418E-6,2.4796694577378E-7,4.99948286701891E-6,2.48030562648423E-7,0.840845167636871,0.882310807704926,30.5724067687988,0,30,4,200,0.000133651148644276,0.346550047397614,0.372422277927399,1,,,,,,,,,,,,,,,,
,3952780667.40144,258.877685546875,999.893371582031,,,6,,,,30.9829145139966,,,1,,,,,,,,,,,,,,,,,,,,,,258.616546630859,259.159545898438,999.893371582031,999.893371582031,,,6.64217519760132,,1,0,0,0,0,32.2580642700195,2,1,1,258.595825195313,0,258.904585096571,,,4.79478680515128E-6,2.41344667709229E-7,4.82899422452624E-6,2.41418229262153E-7,0.795063853263855,0.830079972743988,30.539098739624,0,30,4,200,0.000419181684264913,0.346361458301544,0.371996760368347,1,,,,,,,,,,,,,,,,
,3952780685.79219,257.842163085938,999.893371582031,,,6,,,,30.977519679005,,,1,,,,,,,,,,,,,,,,,,,,,,257.595092773438,258.111663818359,999.893371582031,999.893371582031,,,6.63711023330689,,1,0,0,0,0,30.7917900085449,2,1,1,257.572662353516,0,257.845659044054,,,4.82174628235966E-6,2.40368420310399E-7,4.83160271003514E-6,2.40387737520305E-7,0.847322702407837,0.860462009906769,30.7418823242188,0,30,4,200,1.94379790627863E-5,0.343723177909851,0.369966566562653,1,,,,,,,,,,,,,,,,
,3952780695.45607,257.280624389648,999.893371582031,,,6,,,,30.977519679005,,,1,,,,,,,,,,,,,,,,,,,,,,257.038818359375,257.572662353516,999.893371582031,999.893371582031,,,6.63452386856079,,1,0,0,0,0,30.7917900085449,2,1,1,256.988586425781,0,257.287604437934,,,5.15115148313125E-6,2.56126614497557E-7,5.17360756918361E-6,2.56173006664508E-7,0.864915490150452,0.89985978603363,30.6314945220947,,30,4,200,-8.13272126833908E-5,0.339716285467148,0.365929812192917,1,,,,,,,,,,,,,,,,
,3952780705.55188,256.656234741211,999.893371582031,,,6,,,,30.977519679005,,,1,,,,,,,,,,,,,,,,,,,,,,256.434265136719,256.966491699219,999.893371582031,999.893371582031,,,6.63226366043091,,1,0,0,0,0,31.2805480957031,2,1,1,256.345977783203,0,256.701792399089,,,4.73905947611138E-6,2.38968528992322E-7,4.75534672435927E-6,2.3900162805812E-7,0.786845088005066,0.802190482616425,30.6723365783691,,30,4,200,0.00039333151653409,0.339930862188339,0.366383790969849,1,,,,,,,,,,,,,,,,
,3952780715.25959,256.043952941895,999.893371582031,,,6,,,,30.977519679005,,,1,,,,,,,,,,,,,,,,,,,,,,255.811828613281,256.345977783203,999.893371582031,999.893371582031,,,6.62961196899414,,1,0,0,0,0,30.7917900085449,2,1,1,255.741928100586,0,256.088399251302,,,4.98739977081865E-6,2.48242836039943E-7,5.01216724953738E-6,2.48292404709766E-7,0.857559323310852,0.89545476436615,30.6072368621826,3.60624358108907E-6,30,4,200,-1.83706033567432E-5,0.336415380239487,0.362572193145752,1,,,,,,,,,,,,,,,,
,3952780725.03485,255.479698181152,999.893371582031,,,6,,,,30.977519679005,,,1,,,,,,,,,,,,,,,,,,,,,,255.258239746094,255.723495483398,999.893371582031,999.893371582031,,,6.6271333694458,,1,0,0,0,0,30.7917900085449,2,1,1,255.235900878906,0,255.513071695964,,,4.81722835629306E-6,2.42580666136919E-7,4.84207394298693E-6,2.42631450573851E-7,0.793023645877838,0.81739354133606,30.6005878448486,6.61789226796827E-6,30,4,200,0.000393925642129034,0.336179912090302,0.362076491117477,1,,,,,,,,,,,,,,,,
,3952780735.0119,254.923812866211,999.893371582031,,,6,,,,30.977519679005,,,1,,,,,,,,,,,,,,,,,,,,,,254.64665222168,255.221633911133,999.893371582031,999.893371582031,,,6.62448835372925,,1,0,0,0,0,30.7917900085449,2,1,1,254.625991821289,0,254.919512939453,,,4.94381364912357E-6,2.48992713104548E-7,4.97954259284004E-6,2.49066146848621E-7,0.792327165603638,0.827316105365753,30.5303993225098,2.01726434170268E-5,30,4,200,0.000394561735447496,0.334844708442688,0.361320167779922,1,,,,,,,,,,,,,,,,
,3952780753.80562,253.810470581055,999.893371582031,,,6,,,,30.9721550739283,,,1,,,,,,,,,,,,,,,,,,,,,,253.575927734375,254.084762573242,999.893371582031,999.893371582031,,,6.6204400062561,,1,0,0,0,0,31.2805480957031,2,1,1,253.536178588867,0,253.839672512478,,,4.84312627148203E-6,2.42333468442271E-7,4.85647957324317E-6,2.42360922039862E-7,0.825227797031403,0.840585768222809,30.6989860534668,0.189465790987015,30,4,200,0.000184164950042032,0.332072228193283,0.358642041683197,1,,,,,,,,,,,,,,,,
,3952780763.47573,253.253898620605,999.893371582031,,,6,,,,30.9721550739283,,,1,,,,,,,,,,,,,,,,,,,,,,253.024353027344,253.536178588867,999.893371582031,999.893371582031,,,6.61810111999512,,1,0,0,0,0,30.7917900085449,2,1,1,252.971618652344,0,253.279827541775,,,5.14265841130073E-6,2.55290738191437E-7,5.16290913478571E-6,2.55332220575525E-7,0.877264082431793,0.912739396095276,30.6427230834961,3.20133580089532E-7,30,4,200,-0.000108946667751297,0.328530371189117,0.35469925403595,1,,,,,,,,,,,,,,,,
,3952780773.16905,252.703804016113,999.893371582031,,,6,,,,30.9721550739283,,,1,,,,,,,,,,,,,,,,,,,,,,252.463195800781,252.965438842773,999.893371582031,999.893371582031,,,6.61604595184326,,1,0,0,0,0,30.7917900085449,2,1,1,252.442169189453,0,252.722149319119,,,4.80787867629192E-6,2.4457565805493E-7,4.85192536654783E-6,2.44670976682211E-7,0.750918030738831,0.786642849445343,30.470666885376,8.0324403825216E-5,30,4,200,0.000673376955091953,0.329223483800888,0.355876386165619,1,,,,,,,,,,,,,,,,
,3952780782.78387,252.172203063965,999.893371582031,,,6,,,,30.9721550739283,,,1,,,,,,,,,,,,,,,,,,,,,,251.942581176758,252.442169189453,999.893371582031,999.893371582031,,,6.61419105529785,,1,0,0,0,0,30.3030319213867,2,1,1,251.902236938477,0,252.204038831923,,,4.95325246978318E-6,2.4764716833894E-7,4.9773845532637E-6,2.47699215292277E-7,0.829690456390381,0.858815789222717,30.6054229736328,,30,4,200,0.000184534612344578,0.327375113964081,0.354088842868805,1,,,,,,,,,,,,,,,,
,3952780792.79448,251.583801269531,999.893371582031,,,6,,,,30.9721550739283,,,1,,,,,,,,,,,,,,,,,,,,,,251.344207763672,251.877395629883,999.893371582031,999.893371582031,,,6.61202526092529,,1,0,0,0,0,30.7917900085449,2,1,1,251.29020690918,0,251.615680270725,,,4.94588701447384E-6,2.4836960708667E-7,4.96045597699417E-6,2.48399234824623E-7,0.806314766407013,0.820929527282715,30.6876277923584,5.53964138031006,30,4,200,0.000390647270251065,0.327927798032761,0.354921817779541,1,,,,,,,,,,,,,,,,
,3952780802.5566,251.002113342285,999.893371582031,,,6,,,,30.9721550739283,,,1,,,,,,,,,,,,,,,,,,,,,,250.76741027832,251.29020690918,999.893371582031,999.893371582031,,,6.60982179641724,,1,0,0,0,0,30.7917900085449,2,1,1,250.714019775391,0,251.054539998372,,,5.15437916523384E-6,2.5679329200184E-7,5.18281855237394E-6,2.56853828600844E-7,0.851290345191956,0.891557514667511,30.5822467803955,,30,4,200,0.000106580766441766,0.325405538082123,0.351954966783524,1,,,,,,,,,,,,,,,,
,3952780821.16863,249.893707275391,999.893371582031,,,6,,,,30.9669079381637,,,1,,,,,,,,,,,,,,,,,,,,,,249.599075317383,250.200012207031,999.893371582031,999.893371582031,,,6.60630083084106,,1,0,0,0,0,30.7917900085449,2,1,1,249.58740234375,0,249.918906317817,,,4.98901594397308E-6,2.48593034880893E-7,5.00235193634238E-6,2.48619255655443E-7,0.850285828113556,0.868135154247284,30.6964435577393,,30,4,200,8.77576094353572E-5,0.324052393436432,0.35089311003685,1,,,,,,,,,,,,,,,,
,3952780830.83513,249.324417114258,999.893371582031,,,6,,,,30.9669079381637,,,1,,,,,,,,,,,,,,,,,,,,,,249.100219726562,249.58740234375,999.893371582031,999.893371582031,,,6.60418605804443,,1,0,0,0,0,30.7917900085449,2,1,1,249.061431884766,0,249.33533053928,,,5.04911774810044E-6,2.54011169362925E-7,5.08785310113651E-6,2.54093007794958E-7,0.79756772518158,0.836186408996582,30.507453918457,,30,4,200,0.000399672862840816,0.323282450437546,0.350233435630798,1,,,,,,,,,,,,,,,,
,3952780840.81601,248.734893798828,999.893371582031,,,6,,,,30.9669079381637,,,1,,,,,,,,,,,,,,,,,,,,,,248.434463500977,249.061431884766,999.893371582031,999.893371582031,,,6.60210084915161,,1,0,0,0,0,30.7917900085449,2,1,1,248.408355712891,0,248.752082824707,,,5.00149775705672E-6,2.50667121464837E-7,5.02619442649636E-6,2.50716948966114E-7,0.816400825977325,0.843379020690918,30.5981540679932,0,30,4,200,0.000329721020534635,0.322440087795258,0.349336892366409,1,,,,,,,,,,,,,,,,
,3952780850.79014,248.13948059082,999.893371582031,,,6,,,,30.9669079381637,,,1,,,,,,,,,,,,,,,,,,,,,,247.922256469727,248.408355712891,999.893371582031,999.893371582031,,,6.60039329528809,,1,0,0,0,0,31.2805480957031,2,1,1,247.87060546875,0,248.184475368924,,,4.99868266669839E-6,2.503374904187E-7,5.0214269077765E-6,2.50383154520558E-7,0.820410549640655,0.845786094665527,30.6128959655762,5.27303695678711,30,4,200,0.000230664241826162,0.320568412542343,0.347902983427048,1,,,,,,,,,,,,,,,,
,3952780860.54309,247.591682434082,999.893371582031,,,6,,,,30.9669079381637,,,1,,,,,,,,,,,,,,,,,,,,,,247.352249145508,247.862716674805,999.893371582031,999.893371582031,,,6.5987663269043,,1,0,0,0,0,30.7917900085449,2,1,1,247.320648193359,0,247.626327514648,,,5.0452587955203E-6,2.54138848625232E-7,5.07226131249347E-6,2.54193992904655E-7,0.791659355163574,0.816810548305511,30.5825576782227,0,30,4,200,0.000458153837826103,0.320747226476669,0.34777569770813,1,,,,,,,,,,,,,,,,
,3952780870.65765,247.028778076172,999.893371582031,,,6,,,,30.9669079381637,,,1,,,,,,,,,,,,,,,,,,,,,,246.748184204102,247.309371948242,999.893371582031,999.893371582031,,,6.59645318984985,,1,0,0,0,0,30.7917900085449,2,1,1,246.748184204102,0,247.045318603516,,,4.98894124226717E-6,2.50540589424328E-7,5.01883907818088E-6,2.50601315043085E-7,0.806137084960937,0.837257742881775,30.5607528686523,,30,4,200,0.000272755336482078,0.318668574094772,0.346426725387573,1,,,,,,,,,,,,,,,,
,3952780889.7276,245.903053283691,999.893371582031,,,6,,,,30.9616270734649,,,1,,,,,,,,,,,,,,,,,,,,,,245.672241210938,246.167587280273,999.893371582031,999.893371582031,,,6.59350109100342,,1,0,0,0,0,30.7917900085449,2,1,1,245.638519287109,0,245.948189629449,,,5.01305624143653E-6,2.50606991985341E-7,5.02339812883989E-6,2.50627189239801E-7,0.830380320549011,0.842150032520294,30.7247257232666,6.98208168614656E-5,30,4,200,3.81415811716579E-5,0.317122220993042,0.345094531774521,1,,,,,,,,,,,,,,,,
,3952780899.45961,245.342895507813,999.893371582031,,,6,,,,30.9616270734649,,,1,,,,,,,,,,,,,,,,,,,,,,245.047271728516,245.638519287109,999.893371582031,999.893371582031,,,6.59118890762329,,1,0,0,0,0,30.7917900085449,2,1,1,245.047271728516,0,245.355261230469,,,5.33957034937312E-6,2.65900212446743E-7,5.36997701593038E-6,2.65965712601486E-7,0.854275226593018,0.897315144538879,30.5658073425293,8.47160572448047E-6,30,4,200,-5.01761060149875E-5,0.313019245862961,0.340742826461792,1,,,,,,,,,,,,,,,,
,3952780909.19745,244.769874572754,999.893371582031,,,6,,,,30.9616270734649,,,1,,,,,,,,,,,,,,,,,,,,,,244.542129516602,245.04084777832,999.893371582031,999.893371582031,,,6.58958101272583,,1,0,0,0,0,30.7917900085449,2,1,1,244.498901367187,0,244.78921339247,,,5.09587658529308E-6,2.58842352236369E-7,5.12272479753259E-6,2.58899039681021E-7,0.75656795501709,0.776983141899109,30.5853004455566,0.192349344491959,30,4,200,0.000655625015497208,0.315025061368942,0.342923104763031,1,,,,,,,,,,,,,,,,
,3952780919.17295,244.17618560791,999.893371582031,,,6,,,,30.9616270734649,,,1,,,,,,,,,,,,,,,,,,,,,,243.869979858398,244.498901367187,999.893371582031,999.893371582031,,,6.58804750442505,,1,0,0,0,0,30.3030319213867,2,1,1,243.853469848633,0,244.180433654785,,,5.22262995008401E-6,2.61881796540117E-7,5.25525442220718E-6,2.61951406786469E-7,0.813770055770874,0.848002910614014,30.5468711853027,1.56001751747681E-5,30,4,200,0.000231616373639554,0.312483429908752,0.340669095516205,1,,,,,,,,,,,,,,,,
,3952780929.15285,243.574127197266,999.893371582031,,,6,,,,30.9616270734649,,,1,,,,,,,,,,,,,,,,,,,,,,243.358749389648,243.853469848633,999.893371582031,999.893371582031,,,6.58638715744019,,1,0,0,0,0,30.7917900085449,2,1,1,243.294784545898,0,243.627812703451,,,5.16289571030806E-6,2.6086312452791E-7,5.19885346624705E-6,2.60940455339253E-7,0.778065800666809,0.808854043483734,30.5266666412354,4.11273140343837E-6,30,4,200,0.000432461529271677,0.31172913312912,0.340218782424927,1,,,,,,,,,,,,,,,,
,3952780938.91445,243.01766204834,999.893371582031,,,6,,,,30.9616270734649,,,1,,,,,,,,,,,,,,,,,,,,,,242.775619506836,243.281188964844,999.893371582031,999.893371582031,,,6.58484125137329,,1,0,0,0,0,30.7917900085449,2,1,1,242.754135131836,0,243.043646918403,,,5.30511773467734E-6,2.66859553334489E-7,5.34214360301307E-6,2.66939992877193E-7,0.798109769821167,0.832938730716705,30.5226516723633,4.32758633905905E-6,30,4,200,0.000364723906386644,0.309934020042419,0.338328003883362,1,,,,,,,,,,,,,,,,
,3952780957.11666,241.959014892578,999.893371582031,,,6,,,,30.9564556776138,,,1,,,,,,,,,,,,,,,,,,,,,,241.681045532227,242.24919128418,999.893371582031,999.893371582031,,,6.58179378509522,,1,0,0,0,0,30.7917900085449,2,1,1,241.668838500977,0,241.968441433377,,,5.19444202745696E-6,2.59877146719116E-7,5.20993618138483E-6,2.59907662399988E-7,0.825976848602295,0.842775702476502,30.6717872619629,1.21617923004596E-38,30,4,200,0.000106167215562891,0.30640509724617,0.335079371929169,1,,,,,,,,,,,,,,,,
,3952780966.78219,241.383781433105,999.893371582031,,,6,,,,30.9564556776138,,,1,,,,,,,,,,,,,,,,,,,,,,241.13737487793,241.668838500977,999.893371582031,999.893371582031,,,6.58012104034424,,1,0,0,0,0,30.7917900085449,2,1,1,241.098724365234,0,241.392766316732,,,5.40362544651576E-6,2.69264804800376E-7,5.43846255224272E-6,2.69336708391093E-7,0.849979519844055,0.898066997528076,30.5356998443604,0,30,4,200,-7.67123783589341E-5,0.30224820971489,0.330373853445053,1,,,,,,,,,,,,,,,,
,3952780976.91361,240.773101806641,999.893371582031,,,6,,,,30.9564556776138,,,1,,,,,,,,,,,,,,,,,,,,,,240.502807617187,241.074188232422,999.893371582031,999.893371582031,,,6.57861852645874,,1,0,0,0,0,30.3030319213867,2,1,1,240.472015380859,0,240.813759697808,,,5.05979849246978E-6,2.58410196484526E-7,5.09374359770053E-6,2.58478755561645E-7,0.736507415771484,0.760415613651276,30.531831741333,0,30,4,200,0.000583697052206844,0.30446782708168,0.33445417881012,1,,,,,,,,,,,,,,,,
,3952780986.754,240.202972412109,999.893371582031,,,6,,,,30.9564556776138,,,1,,,,,,,,,,,,,,,,,,,,,,239.994613647461,240.472015380859,999.893371582031,999.893371582031,,,6.57707977294922,,1,0,0,0,0,30.7917900085449,2,1,1,239.933929443359,0,240.238186306424,,,5.58756434683569E-6,2.77594134822303E-7,5.61413509438858E-6,2.77647459153313E-7,0.871132850646973,0.912747085094452,30.5941543579102,0,30,4,200,-0.00018238443590235,0.299202859401703,0.32763534784317,1,,,,,,,,,,,,,,,,
,3952780996.48517,239.653877258301,999.893371582031,,,6,,,,30.9564556776138,,,1,,,,,,,,,,,,,,,,,,,,,,239.407836914062,239.921234130859,999.893371582031,999.893371582031,,,6.57558012008667,,1,0,0,0,0,31.2805480957031,2,1,1,239.386520385742,0,239.658704969618,,,5.17872639458995E-6,2.61100340053659E-7,5.1963916613311E-6,2.61135308052566E-7,0.78750729560852,0.802806437015533,30.6519069671631,5.53641653060913,30,4,200,0.000302610103972256,0.298734724521637,0.328117787837982,1,,,,,,,,,,,,,,,,
,3952781006.48031,239.060012817383,999.893371582031,,,6,,,,30.9564556776138,,,1,,,,,,,,,,,,,,,,,,,,,,238.793014526367,239.375961303711,999.893371582031,999.893371582031,,,6.57394504547119,,1,0,0,0,0,30.7917900085449,2,1,1,238.744064331055,0,239.082612609863,,,5.19283659083165E-6,2.63515024515994E-7,5.23535676760338E-6,2.63604103488071E-7,0.760298490524292,0.793589115142822,30.4826717376709,0.343867272138596,30,4,200,0.000497932778671384,0.297193288803101,0.327051490545273,1,,,,,,,,,,,,,,,,
,3952781025.28452,237.94847869873,999.893371582031,,,6,,,,30.9513294168302,,,1,,,,,,,,,,,,,,,,,,,,,,237.678771972656,238.24641418457,999.893371582031,999.893371582031,,,6.57092714309692,,1,0,0,0,0,30.3030319213867,2,1,1,237.650543212891,0,237.989724053277,,,5.29982992438415E-6,2.66671267742325E-7,5.33230546214192E-6,2.66738149994779E-7,0.796729385852814,0.826735436916351,30.5444984436035,0.0258245412260294,30,4,200,0.000200065231183544,0.295074015855789,0.325074553489685,1,,,,,,,,,,,,,,,,
,3952781035.03843,237.344505310059,999.893371582031,,,6,,,,30.9513294168302,,,1,,,,,,,,,,,,,,,,,,,,,,237.105651855469,237.635726928711,999.893371582031,999.893371582031,,,6.56967926025391,,1,0,0,0,0,30.7917900085449,2,1,1,237.053283691406,0,237.378573947483,,,5.6339677558619E-6,2.80206604610139E-7,5.66338274447287E-6,2.80268189168091E-7,0.863029003143311,0.905533730983734,30.5719890594482,,30,4,200,-0.000155165311298333,0.290261805057526,0.319147527217865,1,,,,,,,,,,,,,,,,
,3952781044.86893,236.777862548828,999.893371582031,,,6,,,,30.9513294168302,,,1,,,,,,,,,,,,,,,,,,,,,,236.553375244141,237.033309936523,999.893371582031,999.893371582031,,,6.56793069839478,,1,0,0,0,0,30.7917900085449,2,1,1,236.522415161133,0,236.805675930447,,,5.21033188842982E-6,2.66329160440227E-7,5.25763315420955E-6,2.66430402800089E-7,0.733462274074554,0.765868127346039,30.4553375244141,7.86010696174344E-6,30,4,200,0.00070600863546133,0.291374921798706,0.320963829755783,1,,,,,,,,,,,,,,,,
,3952781054.95165,236.212646484375,999.893371582031,,,6,,,,30.9513294168302,,,1,,,,,,,,,,,,,,,,,,,,,,235.99397277832,236.49201965332,999.893371582031,999.893371582031,,,6.5667552947998,,1,0,0,0,0,30.3030319213867,2,1,1,235.93327331543,0,236.238945855035,,,5.32686075805713E-6,2.69936456764702E-7,5.37003911207622E-6,2.70029424885168E-7,0.765900433063507,0.79980331659317,30.4794330596924,,30,4,200,0.000449856917839497,0.289541572332382,0.319665253162384,1,,,,,,,,,,,,,,,,
,3952781064.7029,235.651626586914,999.893371582031,,,6,,,,30.9513294168302,,,1,,,,,,,,,,,,,,,,,,,,,,235.41764831543,235.93327331543,999.893371582031,999.893371582031,,,6.56526851654053,,1,0,0,0,0,30.7917900085449,2,1,1,235.369979858398,0,235.700576782227,,,5.44098089263913E-6,2.7239230095295E-7,5.47678230177673E-6,2.72467986400697E-7,0.822316467761993,0.860967218875885,30.5234413146973,0,30,4,200,9.91358756436966E-5,0.286504685878754,0.315285444259644,1,,,,,,,,,,,,,,,,
,3952781074.33625,235.108619689941,999.893371582031,,,6,,,,30.9513294168302,,,1,,,,,,,,,,,,,,,,,,,,,,234.847259521484,235.369979858398,999.893371582031,999.893371582031,,,6.56399488449097,,1,0,0,0,0,30.7917900085449,2,1,1,234.847259521484,0,235.121356540256,,,5.23613759737519E-6,2.66873092240892E-7,5.26842121158865E-6,2.66941730800628E-7,0.743801593780518,0.766404688358307,30.5427188873291,9.52655864239205E-6,30,4,200,0.000536495645064861,0.287019789218903,0.317081809043884,1,,,,,,,,,,,,,,,,
,3952781092.86909,234.019714355469,999.893371582031,,,6,,,,30.9463051892408,,,1,,,,,,,,,,,,,,,,,,,,,,233.757781982422,234.310913085938,999.893371582031,999.893371582031,,,6.56141090393066,,1,0,0,0,0,30.7917900085449,2,1,1,233.728515625,0,234.025894165039,,,5.307374446691E-6,2.6727428350494E-7,5.33231154520178E-6,2.67324270173271E-7,0.792826771736145,0.814886391162872,30.5898933410645,0,30,4,200,0.000155303496285342,0.282941669225693,0.313311547040939,1,,,,,,,,,,,,,,,,
,3952781102.81043,233.433769226074,999.893371582031,,,6,,,,30.9463051892408,,,1,,,,,,,,,,,,,,,,,,,,,,233.16374206543,233.728515625,999.893371582031,999.893371582031,,,6.5597038269043,,1,0,0,0,0,30.7917900085449,2,1,1,233.139022827148,0,233.458229064941,,,5.67777465428928E-6,2.85282603557697E-7,5.73498407337906E-6,2.85405258986615E-7,0.803556740283966,0.858717083930969,30.4204654693604,1.42453836815548E-6,30,4,200,0.000209247547900304,0.279468178749084,0.309753626585007,1,,,,,,,,,,,,,,,,
,3952781112.7725,232.845756530762,999.893371582031,,,6,,,,30.9463051892408,,,1,,,,,,,,,,,,,,,,,,,,,,232.613586425781,233.120742797852,999.893371582031,999.893371582031,,,6.55863618850708,,1,0,0,0,0,33.2355842590332,2,1,1,232.570770263672,0,232.9021419949,,,5.2717748737742E-6,2.70818066467207E-7,5.33363564795627E-6,2.70951555177926E-7,0.71668404340744,0.756106972694397,30.3797245025635,0,30,4,200,0.000689648557454348,0.279018580913544,0.309813439846039,1,,,,,,,,,,,,,,,,
,3952781122.43132,232.261253356934,999.893371582031,,,6,,,,30.9463051892408,,,1,,,,,,,,,,,,,,,,,,,,,,231.951736450195,232.570770263672,999.893371582031,999.893371582031,,,6.55747890472412,,1,0,0,0,0,30.7917900085449,2,1,1,231.951736450195,0,232.243065728082,,,5.73827686389078E-6,2.82991239862671E-7,5.74290109789276E-6,2.82999524838859E-7,0.955002069473267,0.978222966194153,30.7966270446777,0.0273515339940786,30,4,200,-0.00086333422223106,0.269970566034317,0.302047193050385,1,,,,,,,,,,,,,,,,
,3952781132.11599,231.659423828125,999.893371582031,,,6,,,,30.9463051892408,,,1,,,,,,,,,,,,,,,,,,,,,,231.420135498047,231.940307617187,999.893371582031,999.893371582031,,,6.55588483810425,,1,0,0,0,0,30.7917900085449,2,1,1,231.378540039062,0,231.687708536784,,,5.81762674437091E-6,2.87181673798708E-7,5.82685502177579E-6,2.87199228793117E-7,0.937149703502655,0.969836890697479,30.7367115020752,,30,4,200,-0.000512774800881743,0.26392650604248,0.293802559375763,1,,,,,,,,,,,,,,,,
,3952781142.02631,231.074951171875,999.893371582031,,,6,,,,30.9463051892408,,,1,,,,,,,,,,,,,,,,,,,,,,230.792358398438,231.378540039062,999.893371582031,999.893371582031,,,6.55455255508423,,1,0,0,0,0,30.7917900085449,2,1,1,230.771362304687,0,231.064973449707,,,5.47096118312044E-6,2.72819842518221E-7,5.49226971508229E-6,2.72862326444863E-7,0.845286846160889,0.871064305305481,30.6227722167969,0.0264073889702559,30,4,200,-9.03915424714796E-5,0.261043161153793,0.291304379701614,1,,,,,,,,,,,,,,,,
,3952781160.85393,229.944961547852,999.893371582031,,,6,,,,30.9412262528498,,,1,,,,,,,,,,,,,,,,,,,,,,229.708450317383,230.237884521484,999.893371582031,999.893371582031,,,6.55216789245606,,1,0,0,0,0,30.7917900085449,2,1,1,229.652038574219,0,229.968388875326,,,5.70593559272295E-6,2.82045302970246E-7,5.71545525321873E-6,2.82063848682196E-7,0.91868382692337,0.941468596458435,30.727575302124,0.0271547604352236,30,4,200,-0.00030117915594019,0.252747803926468,0.282056450843811,1,,,,,,,,,,,,,,,,
,3952781170.61428,229.363433837891,999.893371582031,,,6,,,,30.9412262528498,,,1,,,,,,,,,,,,,,,,,,,,,,229.128829956055,229.652038574219,999.893371582031,999.893371582031,,,6.55038356781006,,1,0,0,0,0,31.2805480957031,2,1,1,229.063568115234,0,229.416034274631,,,5.77610745106788E-6,2.85592924996625E-7,5.79130327037122E-6,2.85624624118315E-7,0.915369868278503,0.953599810600281,30.6715431213379,0,30,4,200,-0.000286175403743982,0.248042613267899,0.277194797992706,1,,,,,,,,,,,,,,,,
,3952781180.3848,228.781021118164,999.893371582031,,,6,,,,30.9412262528498,,,1,,,,,,,,,,,,,,,,,,,,,,228.546829223633,229.05712890625,999.893371582031,999.893371582031,,,6.54949378967285,,1,0,0,0,0,30.7917900085449,2,1,1,228.504913330078,0,228.823503282335,,,5.73863860799391E-6,2.84180407597322E-7,5.75351276541701E-6,2.84211722909768E-7,0.898835182189941,0.927088439464569,30.6740684509277,5.53841733932495,30,4,200,-0.000141300697578117,0.244660943746567,0.273807764053345,1,,,,,,,,,,,,,,,,
,3952781190.31316,228.19669342041,999.893371582031,,,6,,,,30.9412262528498,,,1,,,,,,,,,,,,,,,,,,,,,,227.909713745117,228.504913330078,999.893371582031,999.893371582031,,,6.54817390441895,,1,0,0,0,0,30.7917900085449,2,1,1,227.888473510742,0,228.238470458984,,,5.69597590638989E-6,2.81814206861501E-7,5.70850517294461E-6,2.81840025010334E-7,0.908058404922485,0.934664249420166,30.6948986053467,4.85591663164087E-5,30,4,200,-0.00010905754606938,0.241023406386375,0.270439147949219,1,,,,,,,,,,,,,,,,
,3952781200.21541,227.609657287598,999.893371582031,,,6,,,,30.9412262528498,,,1,,,,,,,,,,,,,,,,,,,,,,227.376586914062,227.888473510742,999.893371582031,999.893371582031,,,6.54688262939453,,1,0,0,0,0,30.7917900085449,2,1,1,227.330841064453,0,227.644561767578,,,5.82657426497285E-6,2.88545720618267E-7,5.84330875317193E-6,2.88579894151175E-7,0.898472011089325,0.930354297161102,30.6596260070801,0.0273193810135126,30,4,200,-6.76482668495737E-5,0.238336160778999,0.267549008131027,1,,,,,,,,,,,,,,,,
,3952781209.86018,227.036766052246,999.893371582031,,,6,,,,30.9412262528498,,,1,,,,,,,,,,,,,,,,,,,,,,226.763916015625,227.330841064453,999.893371582031,999.893371582031,,,6.5457706451416,,1,0,0,0,0,31.7693061828613,2,1,1,226.742691040039,0,227.035614013672,,,5.82385636038558E-6,2.8819821509759E-7,5.83988380371366E-6,2.88230689882211E-7,0.905953228473663,0.939946115016937,30.6657695770264,0,30,4,200,-0.000118999247206375,0.235298544168472,0.264456242322922,1,,,,,,,,,,,,,,,,
,3952781219.61627,226.441230773926,999.893371582031,,,6,,,,30.9412262528498,,,1,,,,,,,,,,,,,,,,,,,,,,226.211410522461,226.71955871582,999.893371582031,999.893371582031,,,6.54389238357544,,1,0,0,0,0,30.7917900085449,2,1,1,226.162902832031,0,226.450341118707,,,5.75686403928622E-6,2.85672218532366E-7,5.77201071795652E-6,2.85703013163192E-7,0.880359888076782,0.903388798236847,30.6724033355713,0,30,4,200,0.000147667145938613,0.233807012438774,0.263523906469345,1,,,,,,,,,,,,,,,,
,3952781237.90487,225.388648986816,999.893371582031,,,6,,,,30.9356434887481,,,1,,,,,,,,,,,,,,,,,,,,,,225.13459777832,225.685195922852,999.893371582031,999.893371582031,,,6.54177284240723,,1,0,0,0,0,30.7917900085449,2,1,1,225.092102050781,0,225.429082234701,,,5.7950038865428E-6,2.86762725429269E-7,5.80577038252617E-6,2.86783633411555E-7,0.906236410140991,0.927542269229889,30.7097549438477,0.172653034329414,30,4,200,-7.34779459889978E-5,0.229318276047707,0.259100377559662,1,,,,,,,,,,,,,,,,
,3952781248.07342,224.75341796875,999.893371582031,,,6,,,,30.9356434887481,,,1,,,,,,,,,,,,,,,,,,,,,,224.512954711914,225.055389404297,999.893371582031,999.893371582031,,,6.54097080230713,,1,0,0,0,0,30.3030319213867,2,1,1,224.451446533203,0,224.78872511122,,,5.9428890523323E-6,2.94416147020347E-7,5.96520493793201E-6,2.94461667843948E-7,0.894886672496796,0.937423884868622,30.6136417388916,0.0275252629071474,30,4,200,-4.94755659019575E-5,0.226124256849289,0.256175756454468,1,,,,,,,,,,,,,,,,
,3952781257.91994,224.187866210938,999.893371582031,,,6,,,,30.9356434887481,,,1,,,,,,,,,,,,,,,,,,,,,,223.992538452148,224.451446533203,999.893371582031,999.893371582031,,,6.53988981246948,,1,0,0,0,0,30.7917900085449,2,1,1,223.924285888672,0,224.23871866862,,,5.9820498654184E-6,2.96686017207958E-7,6.00879914418138E-6,2.96741695455873E-7,0.884907484054565,0.930895626544952,30.5846157073975,0.0275708865374327,30,4,200,4.50047555204947E-5,0.22390416264534,0.253414779901505,1,,,,,,,,,,,,,,,,
,3952781267.60161,223.612976074219,999.893371582031,,,6,,,,30.9356434887481,,,1,,,,,,,,,,,,,,,,,,,,,,223.341690063477,223.915328979492,999.893371582031,999.893371582031,,,6.53872585296631,,1,0,0,0,0,30.7917900085449,2,1,1,223.310623168945,0,223.631352742513,,,5.83625166269401E-6,2.89273994043565E-7,5.8476186741513E-6,2.89294851383647E-7,0.890404880046845,0.908885657787323,30.7045230865479,0,30,4,200,5.80756131967064E-5,0.222748160362244,0.252698540687561,1,,,,,,,,,,,,,,,,
,3952781277.52944,223.002731323242,999.893371582031,,,6,,,,30.9356434887481,,,1,,,,,,,,,,,,,,,,,,,,,,222.803848266602,223.310623168945,999.893371582031,999.893371582031,,,6.53736257553101,,1,0,0,0,0,30.7917900085449,2,1,1,222.694839477539,0,223.073554144965,,,6.01084533878692E-6,2.97589963521081E-7,6.02976080014578E-6,2.97627322070138E-7,0.901169359683991,0.9385547041893,30.640344619751,0,30,4,200,-0.00013390663661994,0.219573810696602,0.249959111213684,1,,,,,,,,,,,,,,,,
,3952781287.49918,222.406455993652,999.893371582031,,,6,,,,30.9356434887481,,,1,,,,,,,,,,,,,,,,,,,,,,222.158187866211,222.694839477539,999.893371582031,999.893371582031,,,6.53609991073608,,1,0,0,0,0,31.2805480957031,2,1,1,222.118072509766,0,222.439434475369,,,5.88362656623041E-6,2.91940420927721E-7,5.89856977470392E-6,2.91969575872864E-7,0.880987703800201,0.903316020965576,30.6719093322754,0.187883451581001,30,4,200,0.000136992530315183,0.218635961413383,0.248683974146843,1,,,,,,,,,,,,,,,,
,3952781297.15477,221.866874694824,999.893371582031,,,6,,,,30.9356434887481,,,1,,,,,,,,,,,,,,,,,,,,,,221.683959960938,222.118072509766,999.893371582031,999.893371582031,,,6.53471422195435,,1,0,0,0,0,30.3030319213867,2,1,1,221.615676879883,0,221.905689239502,,,6.0827555021905E-6,3.00703574629647E-7,6.09879497712867E-6,3.00735178479279E-7,0.917398512363434,0.957713305950165,30.6654949188232,,30,4,200,-0.000219114182982594,0.215080857276917,0.245105907320976,1,,,,,,,,,,,,,,,,
,3952781315.59268,220.79833984375,999.893371582031,,,6,,,,30.9302055672414,,,1,,,,,,,,,,,,,,,,,,,,,,220.526123046875,221.081039428711,999.893371582031,999.893371582031,,,6.53218030929565,,1,0,0,0,0,30.7917900085449,2,1,1,220.515640258789,0,220.812723795573,,,5.99147343150071E-6,2.96095977249087E-7,6.0009196916262E-6,2.96116257186586E-7,0.921344995498657,0.943546772003174,30.7229633331299,5.34377861022949,30,4,200,-0.000146377686178312,0.212920695543289,0.242824897170067,1,,,,,,,,,,,,,,,,
,3952781325.2489,220.236518859863,999.893371582031,,,6,,,,30.9302055672414,,,1,,,,,,,,,,,,,,,,,,,,,,219.999481201172,220.515640258789,999.893371582031,999.893371582031,,,6.53141689300537,,1,0,0,0,0,30.7917900085449,2,1,1,219.957397460938,0,220.272577921549,,,6.14977854811391E-6,3.03993430677926E-7,6.16709363946652E-6,3.04029480521603E-7,0.918329417705536,0.963867962360382,30.6516819000244,0,30,4,200,-0.000168550614034757,0.209444433450699,0.23947685956955,1,,,,,,,,,,,,,,,,
,3952781335.36843,219.64217376709,999.893371582031,,,6,,,,30.9302055672414,,,1,,,,,,,,,,,,,,,,,,,,,,219.380630493164,219.929626464844,999.893371582031,999.893371582031,,,6.53031492233276,,1,0,0,0,0,30.7917900085449,2,1,1,219.354721069336,0,219.686252170139,,,5.9855931969374E-6,2.9719841997265E-7,6.00004993101841E-6,2.97228252910948E-7,0.875579059123993,0.895512342453003,30.6737861633301,,30,4,200,0.000230490797548555,0.209478586912155,0.240078181028366,1,,,,,,,,,,,,,,,,
,3952781345.21666,219.075462341309,999.893371582031,,,6,,,,30.9302055672414,,,1,,,,,,,,,,,,,,,,,,,,,,218.862716674805,219.354721069336,999.893371582031,999.893371582031,,,6.5290961265564,,1,0,0,0,0,30.3030319213867,2,1,1,218.796203613281,0,219.122740003798,,,6.15627967061033E-6,3.04849465900731E-7,6.17681939201845E-6,3.04893979487668E-7,0.899243295192718,0.938138842582703,30.6274299621582,5.53420543670654,30,4,200,-7.86448290455155E-5,0.20661860704422,0.237326964735985,1,,,,,,,,,,,,,,,,
,3952781354.92475,218.521995544434,999.893371582031,,,6,,,,30.9302055672414,,,1,,,,,,,,,,,,,,,,,,,,,,218.288314819336,218.788208007813,999.893371582031,999.893371582031,,,6.5280966758728,,1,0,0,0,0,30.7917900085449,2,1,1,218.255783081055,0,218.524415757921,,,6.02074461945288E-6,2.99050051737334E-7,6.0468454462459E-6,2.99105126960654E-7,0.872796893119812,0.910570979118347,30.5842189788818,2.09208019441576E-6,30,4,200,7.69524267525412E-5,0.204593911767006,0.235333800315857,1,,,,,,,,,,,,,,,,
,3952781364.91892,217.939460754395,999.893371582031,,,6,,,,30.9302055672414,,,1,,,,,,,,,,,,,,,,,,,,,,217.656219482422,218.24430847168,999.893371582031,999.893371582031,,,6.52666425704956,,1,0,0,0,0,30.7917900085449,2,1,1,217.634613037109,0,217.95212097168,,,6.0753638130433E-6,3.01067446014627E-7,6.0898837855229E-6,3.01096690167341E-7,0.892160415649414,0.915784358978271,30.674654006958,0.187629535794258,30,4,200,3.43064748449251E-5,0.202785611152649,0.234019801020622,1,,,,,,,,,,,,,,,,
,3952781374.87485,217.34935760498,999.893371582031,,,6,,,,30.9302055672414,,,1,,,,,,,,,,,,,,,,,,,,,,217.107116699219,217.634613037109,999.893371582031,999.893371582031,,,6.52556133270264,,1,0,0,0,0,30.7917900085449,2,1,1,217.064102172852,0,217.378531561957,,,6.2411970559967E-6,3.09025260015393E-7,6.26419716195358E-6,3.0907218386743E-7,0.900175452232361,0.945618569850922,30.6115493774414,0,30,4,200,-0.000162915661348961,0.197799652814865,0.228725999593735,1,,,,,,,,,,,,,,,,
,3952781393.39627,216.224182128906,999.893371582031,,,6,,,,30.9247906571019,,,1,,,,,,,,,,,,,,,,,,,,,,215.989379882813,216.507751464844,999.893371582031,999.893371582031,,,6.52364158630371,,1,0,0,0,0,30.7917900085449,2,1,1,215.940612792969,0,216.25109524197,,,6.16655688159978E-6,3.04934285169049E-7,6.17847768888095E-6,3.04957664186526E-7,0.914000511169434,0.939112424850464,30.6945209503174,5.06087599205785E-6,30,4,200,-0.000161216943524778,0.193743661046028,0.225098207592964,1,,,,,,,,,,,,,,,,
,3952781403.10368,215.660507202148,999.893371582031,,,6,,,,30.9247906571019,,,1,,,,,,,,,,,,,,,,,,,,,,215.421829223633,215.920211791992,999.893371582031,999.893371582031,,,6.52238607406616,,1,0,0,0,0,30.3030319213867,2,1,1,215.400802612305,0,215.695775349935,,,6.40336655263457E-6,3.16614152504298E-7,6.42160782686429E-6,3.1665216885216E-7,0.915108442306519,0.957787334918976,30.6448402404785,0.187216013669968,30,4,200,-0.000245960167376325,0.189861193299294,0.221072509884834,1,,,,,,,,,,,,,,,,
,3952781413.12938,215.061538696289,999.893371582031,,,6,,,,30.9247906571019,,,1,,,,,,,,,,,,,,,,,,,,,,214.770278930664,215.377655029297,999.893371582031,999.893371582031,,,6.5214056968689,,1,0,0,0,0,30.7917900085449,2,1,1,214.745422363281,0,215.104563903809,,,6.16042754920174E-6,3.05628179637606E-7,6.17897153589506E-6,3.05665740487483E-7,0.882262051105499,0.909666180610657,30.637825012207,0.187853917479515,30,4,200,-4.44212173533742E-6,0.188591927289963,0.220332026481628,1,,,,,,,,,,,,,,,,
,3952781423.11031,214.488838195801,999.893371582031,,,6,,,,30.9247906571019,,,1,,,,,,,,,,,,,,,,,,,,,,214.282913208008,214.745422363281,999.893371582031,999.893371582031,,,6.5202841758728,,1,0,0,0,0,30.7917900085449,2,1,1,214.23225402832,0,214.516989813911,,,6.34340961174509E-6,3.13962201941621E-7,6.3651037766589E-6,3.1400638894193E-7,0.904170274734497,0.948275685310364,30.6174926757812,5.34142208099365,30,4,200,-0.00017278034647461,0.184791415929794,0.216274261474609,1,,,,,,,,,,,,,,,,
,3952781432.7645,213.926200866699,999.893371582031,,,6,,,,30.9247906571019,,,1,,,,,,,,,,,,,,,,,,,,,,213.640350341797,214.23225402832,999.893371582031,999.893371582031,,,6.51949501037598,,1,0,0,0,0,30.3030319213867,2,1,1,213.620147705078,0,213.931552463108,,,6.2882518214804E-6,3.11939045709351E-7,6.31047009247769E-6,3.11984256394793E-7,0.883086800575256,0.916488111019134,30.6129169464111,0.0283308587968349,30,4,200,0.000160437601152807,0.183266088366508,0.214917436242104,1,,,,,,,,,,,,,,,,
,3952781442.41116,213.351699829102,999.893371582031,,,6,,,,30.9247906571019,,,1,,,,,,,,,,,,,,,,,,,,,,213.131393432617,213.620147705078,999.893371582031,999.893371582031,,,6.51815748214722,,1,0,0,0,0,30.7917900085449,2,1,1,213.083251953125,0,213.382024129232,,,6.35306797401618E-6,3.14667116309066E-7,6.3742914867849E-6,3.14708674539274E-7,0.896991312503815,0.934790015220642,30.6215763092041,0,30,4,200,-2.78158731816802E-5,0.180741533637047,0.212726041674614,1,,,,,,,,,,,,,,,,
,3952781452.44015,212.77709197998,999.893371582031,,,6,,,,30.9247906571019,,,1,,,,,,,,,,,,,,,,,,,,,,212.524536132813,213.051010131836,999.893371582031,999.893371582031,,,6.51687240600586,,1,0,0,0,0.0128173828125,30.3030319213867,2,1,1,212.503173828125,0,212.816975911458,,,6.19241391996914E-6,3.07446437291686E-7,6.21733820265922E-6,3.07496045134867E-7,0.876122295856476,0.912116169929504,30.591251373291,0,30,4,200,7.3966737545561E-5,0.178609848022461,0.210452198982239,1,,,,,,,,,,,,,,,,
,3952781470.9954,211.715919494629,999.893371582031,,,6,,,,30.9193952975592,,,1,,,,,,,,,,,,,,,,,,,,,,211.483551025391,211.986221313477,999.893371582031,999.893371582031,,,6.51474952697754,,1,0,0,0,0,30.7917900085449,2,1,1,211.445617675781,0,211.746253119575,,,6.35004605171997E-6,3.13769663740725E-7,6.3597442862382E-6,3.13788772279511E-7,0.923256516456604,0.945482730865479,30.7150344848633,3.9964861869812,30,4,200,-0.000168229846167378,0.173930734395981,0.206076264381409,1,,,,,,,,,,,,,,,,
,3952781480.71321,211.150344848633,999.893371582031,,,6,,,,30.9193952975592,,,1,,,,,,,,,,,,,,,,,,,,,,210.918334960938,211.432037353516,999.893371582031,999.893371582031,,,6.51362466812134,,1,0,0,0,0,30.7917900085449,2,1,1,210.86865234375,0,211.183992173937,,,6.45981597790465E-6,3.19832308557377E-7,6.48235099174994E-6,3.19878765779465E-7,0.900721848011017,0.943206667900086,30.6085166931152,5.33396673202515,30,4,200,-0.000154155874042772,0.170498192310333,0.202697530388832,1,,,,,,,,,,,,,,,,
,3952781490.5217,210.557968139648,999.893371582031,,,6,,,,30.9193952975592,,,1,,,,,,,,,,,,,,,,,,,,,,210.324691772461,210.830429077148,999.893371582031,999.893371582031,,,6.51281547546387,,1,0,0,0,0.0128173828125,30.7917900085449,2,1,1,210.285507202148,0,210.58347913954,,,6.26724818436541E-6,3.10942972503438E-7,6.28660810891522E-6,3.10980900170698E-7,0.881851136684418,0.910000801086426,30.6282367706299,,30,4,200,5.60285043320619E-5,0.169004365801811,0.201028302311897,1,,,,,,,,,,,,,,,,
,3952781500.44291,209.958221435547,999.893371582031,,,6,,,,30.9193952975592,,,1,,,,,,,,,,,,,,,,,,,,,,209.651107788086,210.285507202148,999.893371582031,999.893371582031,,,6.51114130020142,,1,0,0,0,0,29.8142719268799,2,1,1,209.630935668945,0,209.98807220459,,,6.44564258699803E-6,3.19858467822271E-7,6.47643838611302E-6,3.19922831835157E-7,0.88018000125885,0.92708683013916,30.5561866760254,0.0515417419373989,30,4,200,-2.33097125601489E-5,0.165894716978073,0.198493793606758,1,,,,,,,,,,,,,,,,
,3952781510.3608,209.341194152832,999.893371582031,,,6,,,,30.9193952975592,,,1,,,,,,,,,,,,,,,,,,,,,,209.091674804687,209.630935668945,999.893371582031,999.893371582031,,,6.50995492935181,,1,0,0,0,0,30.3030319213867,2,1,1,209.051452636719,0,209.373136732313,,,6.39376882572041E-6,3.17004474133242E-7,6.41398158165709E-6,3.17045037108765E-7,0.887676358222961,0.918648302555084,30.6249771118164,0,30,4,200,-1.68892856891034E-5,0.16337625682354,0.195994302630425,1,,,,,,,,,,,,,,,,
,3952781520.03863,208.758331298828,999.893371582031,,,6,,,,30.9193952975592,,,1,,,,,,,,,,,,,,,,,,,,,,208.484558105469,209.051452636719,999.893371582031,999.893371582031,,,6.50901889801025,,1,0,0,0,0.0128173828125,30.7917900085449,2,1,1,208.465209960938,0,208.762551201714,,,6.54870384201738E-6,3.24172216253949E-7,6.57253576625169E-6,3.24222689300854E-7,0.902617156505585,0.949289262294769,30.6027050018311,0,30,4,200,-0.000215079460758716,0.159178853034973,0.192062988877296,1,,,,,,,,,,,,,,,,
,3952781529.71304,208.184883117676,999.893371582031,,,6,,,,30.9193952975592,,,1,,,,,,,,,,,,,,,,,,,,,,207.965393066406,208.454147338867,999.893371582031,999.893371582031,,,6.50787878036499,,1,0,0,0,0.0141143798828125,30.7917900085449,2,1,1,207.915618896484,0,208.222800360786,,,6.43399869658888E-6,3.19288029444492E-7,6.45724375949065E-6,3.19336421761034E-7,0.879988491535187,0.912999331951141,30.6047859191895,,30,4,200,0.000115361995995045,0.157321333885193,0.190236702561378,1,,,,,,,,,,,,,,,,
,3952781547.91561,207.137115478516,999.893371582031,,,6,,,,30.914069347448,,,1,,,,,,,,,,,,,,,,,,,,,,206.924453735352,207.382431030273,999.893371582031,999.893371582031,,,6.5056357383728,,1,0,0,0,0,30.7917900085449,2,1,1,206.891799926758,0,207.173209296332,,,6.53711837770127E-6,3.23167795928E-7,6.55120143012715E-6,3.23195468255481E-7,0.91729873418808,0.947784006595612,30.67112159729,,30,4,200,-0.000216542524867691,0.151863783597946,0.184828639030457,1,,,,,,,,,,,,,,,,
,3952781557.89203,206.598297119141,999.893371582031,,,6,,,,30.914069347448,,,1,,,,,,,,,,,,,,,,,,,,,,206.339630126953,206.891799926758,999.893371582031,999.893371582031,,,6.50466775894165,,1,0,0,0,0,30.7917900085449,2,1,1,206.304794311523,0,206.626933288574,,,6.49061800955354E-6,3.2156297171881E-7,6.51085545449237E-6,3.21603570630648E-7,0.894538640975952,0.927908718585968,30.6211013793945,0,30,4,200,2.99419243674492E-5,0.149430587887764,0.18260557949543,1,,,,,,,,,,,,,,,,
,3952781567.83981,206.030670166016,999.893371582031,,,6,,,,30.914069347448,,,1,,,,,,,,,,,,,,,,,,,,,,205.798416137695,206.304794311523,999.893371582031,999.893371582031,,,6.50355958938599,,1,0,0,0,0.0128173828125,30.3030319213867,2,1,1,205.756546020508,0,206.073382907444,,,6.5456789998101E-6,3.24183926732146E-7,6.56662522963617E-6,3.24227462265862E-7,0.897682130336761,0.933718621730804,30.6171360015869,3.92590663977899E-5,30,4,200,-3.61000820703339E-5,0.147025406360626,0.1799625903368,1,,,,,,,,,,,,,,,,
,3952781577.49886,205.452751159668,999.893371582031,,,6,,,,30.914069347448,,,1,,,,,,,,,,,,,,,,,,,,,,205.17805480957,205.747467041016,999.893371582031,999.893371582031,,,6.50216913223267,,1,0,0,0,0,30.7917900085449,2,1,1,205.15803527832,0,205.455239189996,,,6.57630007481951E-6,3.25733084025981E-7,6.5948038168146E-6,3.2577154026658E-7,0.896714210510254,0.927009344100952,30.636791229248,0,30,4,200,3.30142356688157E-5,0.14512611925602,0.178303077816963,1,,,,,,,,,,,,,,,,
,3952781587.14556,204.870765686035,999.893371582031,,,6,,,,30.914069347448,,,1,,,,,,,,,,,,,,,,,,,,,,204.635879516602,205.15803527832,999.893371582031,999.893371582031,,,6.5012264251709,,1,0,0,0,0.0128173828125,31.2805480957031,2,1,1,204.58349609375,0,204.901155259874,,,6.63149866839918E-6,3.28527791179418E-7,6.6532068660873E-6,3.28573800856224E-7,0.89496386051178,0.930530667304993,30.6141872406006,0,30,4,200,1.02200547189568E-5,0.142853423953056,0.176126286387444,1,,,,,,,,,,,,,,,,
,3952781597.20748,204.269165039062,999.893371582031,,,6,,,,30.914069347448,,,1,,,,,,,,,,,,,,,,,,,,,,204.008193969727,204.560974121094,999.893371582031,999.893371582031,,,6.5001802444458,,1,0,0,0,0,30.7917900085449,2,1,1,203.977355957031,0,204.303697374132,,,6.59906041680226E-6,3.26904700961169E-7,6.61531793562828E-6,3.26937694947784E-7,0.895425200462341,0.920897841453552,30.6542701721191,0.187477722764015,30,4,200,4.72602478112094E-5,0.141474530100822,0.174778252840042,1,,,,,,,,,,,,,,,,
,3952781606.96712,203.714073181152,999.893371582031,,,6,,,,30.914069347448,,,1,,,,,,,,,,,,,,,,,,,,,,203.511627197266,203.977355957031,999.893371582031,999.893371582031,,,6.49908399581909,,1,0,0,0,0.0128173828125,30.7917900085449,2,1,1,203.450790405273,0,203.750515407986,,,6.60987502833357E-6,3.27557299420145E-7,6.6321164706617E-6,3.27602393945514E-7,0.89210832118988,0.92752993106842,30.610164642334,1.27487949086458E-8,30,4,200,-3.82289763365407E-5,0.139516770839691,0.173012346029282,1,,,,,,,,,,,,,,,,
,3952781625.55992,202.628227233887,999.893371582031,,,6,,,,30.9087404110449,,,1,,,,,,,,,,,,,,,,,,,,,,202.353286743164,202.903167724609,999.893371582031,999.893371582031,,,6.4966402053833,,1,0,0,0,0.0128173828125,30.7917900085449,2,1,1,202.342697143555,0,202.645635986328,,,6.68302960663565E-6,3.30703154336335E-7,6.69893614290289E-6,3.30734068859584E-7,0.906334459781647,0.934920966625214,30.6532554626465,,30,4,200,-5.85674970352557E-5,0.134563207626343,0.168466672301292,1,,,,,,,,,,,,,,,,
,3952781635.26257,202.043533325195,999.893371582031,,,6,,,,30.9087404110449,,,1,,,,,,,,,,,,,,,,,,,,,,201.774520874023,202.342697143555,999.893371582031,999.893371582031,,,6.4957275390625,,1,0,0,0,0.0128173828125,30.3030319213867,2,1,1,201.744369506836,0,202.063086615668,,,6.88698908920714E-6,3.40784350827161E-7,6.91136883435449E-6,3.40831795674546E-7,0.906685948371887,0.955787777900696,30.5960464477539,,30,4,200,-0.000229275770834647,0.130880549550056,0.164769202470779,1,,,,,,,,,,,,,,,,
,3952781645.22923,201.44766998291,999.893371582031,,,6,,,,30.9087404110449,,,1,,,,,,,,,,,,,,,,,,,,,,201.177551269531,201.744369506836,999.893371582031,999.893371582031,,,6.49450969696045,,1,0,0,0,0.0113677978515625,30.3030319213867,2,1,1,201.150970458984,0,201.48052520752,,,6.70232089036719E-6,3.32109182442262E-7,6.72120440271711E-6,3.32145745886046E-7,0.892916679382324,0.921849250793457,30.6311569213867,0,30,4,200,5.65523114346433E-5,0.129394993185997,0.163479372859001,1,,,,,,,,,,,,,,,,
,3952781655.25146,200.859992980957,999.893371582031,,,6,,,,30.9087404110449,,,1,,,,,,,,,,,,,,,,,,,,,,200.611892700195,201.150970458984,999.893371582031,999.893371582031,,,6.49388933181763,,1,0,0,0,0,31.2805480957031,2,1,1,200.56901550293,0,200.889997694227,,,6.78817916734246E-6,3.37019494510304E-7,6.81385674639545E-6,3.37070199529864E-7,0.876264333724976,0.909748435020447,30.5871467590332,5.53056478500366,30,4,200,0.000187675803317688,0.128215223550797,0.16245099902153,1,,,,,,,,,,,,,,,,
,3952781665.05727,200.299194335938,999.893371582031,,,6,,,,30.9087404110449,,,1,,,,,,,,,,,,,,,,,,,,,,200.079650878906,200.551376342773,999.893371582031,999.893371582031,,,6.49233198165894,,1,0,0,0,0.0128173828125,30.3030319213867,2,1,1,200.0341796875,0,200.324595133464,,,6.90762579122612E-6,3.42196118116278E-7,6.93686798776228E-6,3.42253336548032E-7,0.895269393920898,0.946051180362701,30.5666465759277,,30,4,200,-0.00010565563570708,0.124862261116505,0.159083724021912,1,,,,,,,,,,,,,,,,
,3952781675.07479,199.727081298828,999.893371582031,,,6,,,,30.9087404110449,,,1,,,,,,,,,,,,,,,,,,,,,,199.446319580078,200.0341796875,999.893371582031,999.893371582031,,,6.49134016036987,,1,0,0,0,0,30.3030319213867,2,1,1,199.419982910156,0,199.747412109375,,,6.7841873118855E-6,3.36131279954757E-7,6.80278353839857E-6,3.36167692684959E-7,0.893872618675232,0.922215223312378,30.6346607208252,,30,4,200,2.62889516307041E-5,0.123335167765617,0.157769709825516,1,,,,,,,,,,,,,,,,
,3952781685.06878,199.141929626465,999.893371582031,,,6,,,,30.9087404110449,,,1,,,,,,,,,,,,,,,,,,,,,,198.94856262207,199.411270141602,999.893371582031,999.893371582031,,,6.48996210098267,,1,0,0,0,0,30.3030319213867,2,1,1,198.872589111328,0,199.191950480143,,,6.96857089777257E-6,3.45265927666377E-7,6.99444888274216E-6,3.45317646346353E-7,0.893895387649536,0.935196757316589,30.5886783599854,3.08292619592976E-5,30,4,200,4.50137522420846E-5,0.121189571917057,0.155426427721977,1,,,,,,,,,,,,,,,,
,3952781703.70317,198.05687713623,999.893371582031,,,6,,,,30.9033957949907,,,1,,,,,,,,,,,,,,,,,,,,,,197.776489257813,198.337265014648,999.893371582031,999.893371582031,,,6.48832035064697,,1,0,0,0,0,30.3030319213867,2,1,1,197.776489257813,0,198.041614108615,,,6.90423335091167E-6,3.41392802944787E-7,6.92096725071528E-6,3.41426868571857E-7,0.914655208587646,0.948378026485443,30.6453189849854,0.0297903381288052,30,4,200,-0.000140182790346444,0.117351904511452,0.152019441127777,1,,,,,,,,,,,,,,,,
,3952781713.38671,197.490776062012,999.893371582031,,,6,,,,30.9033957949907,,,1,,,,,,,,,,,,,,,,,,,,,,197.259582519531,197.764450073242,999.893371582031,999.893371582031,,,6.48706340789795,,1,0,0,0,0,31.2805480957031,2,1,1,197.217102050781,0,197.522126939562,,,7.02342246897889E-6,3.47392214457813E-7,7.04625317212392E-6,3.47439077967016E-7,0.911182820796967,0.958801090717316,30.603759765625,0.0299637336283922,30,4,200,-0.000195941465790384,0.113837070763111,0.148408651351929,1,,,,,,,,,,,,,,,,
,3952781723.32681,196.898948669434,999.893371582031,,,6,,,,30.9033957949907,,,1,,,,,,,,,,,,,,,,,,,,,,196.60627746582,197.217102050781,999.893371582031,999.893371582031,,,6.48631381988525,,1,0,0,0,0,29.3255138397217,2,1,1,196.580795288086,0,196.943199157715,,,6.90669926088196E-6,3.42512486657549E-7,6.92835514687544E-6,3.42556292669268E-7,0.885720610618591,0.915649652481079,30.6110496520996,0,30,4,200,0.000165862249559723,0.113228537142277,0.148381799459457,1,,,,,,,,,,,,,,,,
,3952781733.25035,196.317459106445,999.893371582031,,,6,,,,30.9033957949907,,,1,,,,,,,,,,,,,,,,,,,,,,196.10334777832,196.580795288086,999.893371582031,999.893371582031,,,6.48506546020508,,1,0,0,0,0,30.7917900085449,2,1,1,196.054122924805,0,196.338526407878,,,6.91135431285654E-6,3.42817286294468E-7,6.94134891042802E-6,3.42877758479305E-7,0.883874177932739,0.927509725093842,30.5578517913818,5.52791547775269,30,4,200,0.000144317382364534,0.112004123628139,0.146758541464806,1,,,,,,,,,,,,,,,,
,3952781742.95128,195.764739990234,999.893371582031,,,6,,,,30.9033957949907,,,1,,,,,,,,,,,,,,,,,,,,,,195.495834350586,196.054122924805,999.893371582031,999.893371582031,,,6.48426914215088,,1,0,0,0,0,31.2805480957031,2,1,1,195.475357055664,0,195.770311143663,,,7.03539477261441E-6,3.48580866708664E-7,7.06209460805347E-6,3.48635346945758E-7,0.893785774707794,0.93617182970047,30.5805168151855,,30,4,200,4.28005769208539E-5,0.109972648322582,0.145005032420158,1,,,,,,,,,,,,,,,,
,3952781753.01131,195.141075134277,999.893371582031,,,6,,,,30.9033957949907,,,1,,,,,,,,,,,,,,,,,,,,,,194.824310302734,195.467514038086,999.893371582031,999.893371582031,,,6.48250961303711,,1,0,0,0,0,30.7917900085449,2,1,1,194.814636230469,0,195.162509155273,,,6.97699059793995E-6,3.45612865583281E-7,6.99527033768094E-6,3.45650742228477E-7,0.895808219909668,0.92329329252243,30.6361541748047,,30,4,200,2.5355962861795E-5,0.10907719284296,0.144454568624496,1,,,,,,,,,,,,,,,,
,3952781763.06887,194.512100219727,999.893371582031,,,6,,,,30.9033957949907,,,1,,,,,,,,,,,,,,,,,,,,,,194.259918212891,194.802780151367,999.893371582031,999.893371582031,,,6.48186349868774,,1,0,0,0,0.0128173828125,30.7917900085449,2,1,1,194.221420288086,0,194.544460720486,,,7.09865709658445E-6,3.51795898197653E-7,7.12489045585756E-6,3.51849349337524E-7,0.891672790050507,0.931302011013031,30.5854949951172,0.0300866961479187,30,4,200,0.000101188008557074,0.107311047613621,0.142576232552528,1,,,,,,,,,,,,,,,,
,3952781781.61538,193.467727661133,999.893371582031,,,6,,,,30.8980980705846,,,1,,,,,,,,,,,,,,,,,,,,,,193.227905273438,193.780166625977,999.893371582031,999.893371582031,,,6.47988128662109,,1,0,0,0,0.0128173828125,30.3030319213867,2,1,1,193.155288696289,0,193.505728827582,,,7.11347918816979E-6,3.51767651310594E-7,7.12824417272757E-6,3.51795396147609E-7,0.913724303245544,0.941041946411133,30.6596813201904,5.53711843490601,30,4,200,-0.000230375022510998,0.102682888507843,0.138887286186218,1,,,,,,,,,,,,,,,,
,3952781791.39062,192.884704589844,999.893371582031,,,6,,,,30.8980980705846,,,1,,,,,,,,,,,,,,,,,,,,,,192.645614624023,193.144104003906,999.893371582031,999.893371582031,,,6.47889947891235,,1,0,0,0,0.0141143798828125,30.7917900085449,2,1,1,192.625305175781,0,192.88296339247,,,7.25191109299399E-6,3.59112890296475E-7,7.28172592307763E-6,3.59173951991705E-7,0.898983716964722,0.951131343841553,30.5618019104004,0.187496051192284,30,4,200,-7.72008497733623E-5,0.0995149835944176,0.13524854183197,1,,,,,,,,,,,,,,,,
,3952781801.27251,192.312812805176,999.893371582031,,,6,,,,30.8980980705846,,,1,,,,,,,,,,,,,,,,,,,,,,192.088607788086,192.614456176758,999.893371582031,999.893371582031,,,6.47770643234253,,1,0,0,0,0.0128173828125,30.3030319213867,2,1,1,192.011169433594,0,192.360836452908,,,7.13148930929176E-6,3.53904216258324E-7,7.15610482187335E-6,3.53952369482907E-7,0.879914999008179,0.911259472370148,30.5909786224365,3.99422192573547,30,4,200,0.000189288330147974,0.0988945811986923,0.135054990649223,1,,,,,,,,,,,,,,,,
,3952781811.2713,191.723495483398,999.893371582031,,,6,,,,30.8980980705846,,,1,,,,,,,,,,,,,,,,,,,,,,191.505737304687,191.99658203125,999.893371582031,999.893371582031,,,6.47667360305786,,1,0,0,0,0,30.3030319213867,2,1,1,191.450408935547,0,191.764672173394,,,7.20931693837894E-6,3.56735526419317E-7,7.23112054821585E-6,3.56777485277395E-7,0.906643509864807,0.94573301076889,30.6096878051758,5.53260231018066,30,4,200,-0.000105232771602459,0.0957065671682358,0.131834164261818,1,,,,,,,,,,,,,,,,
,3952781821.02948,191.16593170166,999.893371582031,,,6,,,,30.8980980705846,,,1,,,,,,,,,,,,,,,,,,,,,,190.975021362305,191.450408935547,999.893371582031,999.893371582031,,,6.47585248947144,,1,0,0,0,0.0128173828125,30.7917900085449,2,1,1,190.881454467773,0,191.215206570095,,,7.25261183902684E-6,3.5980154285429E-7,7.28638595524785E-6,3.59870009783015E-7,0.882533133029938,0.929496943950653,30.5403842926025,,30,4,200,-3.3588946735108E-6,0.09322439879179,0.129706844687462,1,,,,,,,,,,,,,,,,
,3952781831.09064,190.594139099121,999.893371582031,,,6,,,,30.8980980705846,,,1,,,,,,,,,,,,,,,,,,,,,,190.328063964844,190.871536254883,999.893371582031,999.893371582031,,,6.47444820404053,,1,0,0,0,0.0141143798828125,30.7917900085449,2,1,1,190.316741943359,0,190.600860595703,,,7.23482080206635E-6,3.58374365343814E-7,7.26041780410287E-6,3.58424488930306E-7,0.896079957485199,0.936235129833221,30.5863246917725,,30,4,200,-4.53154716524295E-5,0.090379387140274,0.126938864588737,1,,,,,,,,,,,,,,,,
,3952781841.18715,190.023818969727,999.893371582031,,,6,,,,30.8980980705846,,,1,,,,,,,,,,,,,,,,,,,,,,189.787963867187,190.30712890625,999.893371582031,999.893371582031,,,6.4733681678772,,1,0,0,0,0.0128173828125,30.7917900085449,2,1,1,189.740509033203,0,190.074140760634,,,7.20211476347389E-6,3.57581492432479E-7,7.23248811825238E-6,3.57642600760338E-7,0.876021206378937,0.914048850536346,30.5578956604004,0,30,4,200,0.000214696730836295,0.0893400758504868,0.125530451536179,1,,,,,,,,,,,,,,,,
,3952781859.62258,188.939308166504,999.893371582031,,,6,,,,30.8928014623244,,,1,,,,,,,,,,,,,,,,,,,,,,188.657592773438,189.252334594727,999.893371582031,999.893371582031,,,6.47144746780396,,1,0,0,0,0.0141143798828125,30.7917900085449,2,1,1,188.626281738281,0,188.966623942057,,,7.3591143605243E-6,3.63854175432534E-7,7.3778027693927E-6,3.63893303458942E-7,0.915652513504028,0.952252268791199,30.6291236877441,5.53435850143433,30,4,200,-0.000178772781509906,0.0849367082118988,0.121630668640137,1,,,,,,,,,,,,,,,,
,3952781869.25406,188.365692138672,999.893371582031,,,6,,,,30.8928014623244,,,1,,,,,,,,,,,,,,,,,,,,,,188.161605834961,188.626281738281,999.893371582031,999.893371582031,,,6.47060060501099,,1,0,0,0,0,30.7917900085449,2,1,1,188.105102539062,0,188.40663655599,,,7.47654746848593E-6,3.7007573863663E-7,7.50498298541025E-6,3.70134722271599E-7,0.903345704078674,0.954061806201935,30.5690670013428,0.0433591492474079,30,4,200,-8.74726101756096E-5,0.082279846072197,0.118791326880455,1,,,,,,,,,,,,,,,,
,3952781878.94002,187.811874389648,999.893371582031,,,6,,,,30.8928014623244,,,1,,,,,,,,,,,,,,,,,,,,,,187.558792114258,188.086303710938,999.893371582031,999.893371582031,,,6.46929407119751,,1,0,0,0,0,30.7917900085449,2,1,1,187.537445068359,0,187.846510145399,,,7.33284433403491E-6,3.63858190341207E-7,7.36111116597351E-6,3.63915813006163E-7,0.880786776542664,0.916863739490509,30.5682220458984,0.187868073582649,30,4,200,0.00019905305816792,0.0817768424749374,0.118804670870304,1,,,,,,,,,,,,,,,,
,3952781889.07866,187.184005737305,999.893371582031,,,6,,,,30.8928014623244,,,1,,,,,,,,,,,,,,,,,,,,,,186.874099731445,187.530151367187,999.893371582031,999.893371582031,,,6.46820878982544,,1,0,0,0,0,30.7917900085449,2,1,1,186.837860107422,0,187.197848510742,,,7.38288482020865E-6,3.65728620863096E-7,7.40931878448467E-6,3.65783608931513E-7,0.895561993122101,0.935880243778229,30.5792655944824,2.81920129054924E-5,30,4,200,3.70646957890131E-5,0.0790221989154816,0.116811342537403,1,,,,,,,,,,,,,,,,
,3952781899.25279,186.563461303711,999.893371582031,,,6,,,,30.8928014623244,,,1,,,,,,,,,,,,,,,,,,,,,,186.334686279297,186.823120117187,999.893371582031,999.893371582031,,,6.4675817489624,,1,0,0,0,0,30.7917900085449,2,1,1,186.303802490234,0,186.609754774306,,,7.43677109603275E-6,3.68505467289136E-7,7.46221913522276E-6,3.68555810123147E-7,0.892837882041931,0.929439544677734,30.5867214202881,0.187620878219604,30,4,200,0.000117925017548259,0.0781246945261955,0.115328811109066,1,,,,,,,,,,,,,,,,
,3952781908.95258,186.017837524414,999.893371582031,,,6,,,,30.8928014623244,,,1,,,,,,,,,,,,,,,,,,,,,,185.741989135742,186.303802490234,999.893371582031,999.893371582031,,,6.46617794036865,,1,0,0,0,0,30.3030319213867,2,1,1,185.731872558594,0,186.028338962131,,,7.54706682002011E-6,3.73496258522335E-7,7.57441429159064E-6,3.73553516518589E-7,0.90528815984726,0.954380452632904,30.5772438049316,5.52966928482056,30,4,200,-6.52354865451343E-5,0.075646698474884,0.112624257802963,1,,,,,,,,,,,,,,,,
,3952781918.67148,185.438247680664,999.893371582031,,,6,,,,30.8928014623244,,,1,,,,,,,,,,,,,,,,,,,,,,185.206466674805,185.711074829102,999.893371582031,999.893371582031,,,6.46531629562378,,1,0,0,0,0.0141143798828125,30.7917900085449,2,1,1,185.165420532227,0,185.473361545139,,,7.50887052679649E-6,3.72154430177747E-7,7.53722840879056E-6,3.72211676209559E-7,0.890962064266205,0.931312143802643,30.5712451934814,8.02467548055574E-6,30,4,200,0.000148330538650043,0.074140153825283,0.111558735370636,1,,,,,,,,,,,,,,,,
,3952781936.84712,184.379997253418,999.893371582031,,,6,,,,30.8876090387358,,,1,,,,,,,,,,,,,,,,,,,,,,184.161804199219,184.619735717773,999.893371582031,999.893371582031,,,6.4637942314148,,1,0,0,0,0.0128173828125,31.7693061828613,2,1,1,184.140258789062,0,184.397849188911,,,7.60644671293873E-6,3.75994874070781E-7,7.62543818861243E-6,3.76031461167175E-7,0.918455362319946,0.956672370433807,30.6258678436279,5.34255695343018,30,4,200,-0.000139130163006485,0.0722491219639778,0.109496660530567,1,,,,,,,,,,,,,,,,
,3952781946.79151,183.827178955078,999.893371582031,,,6,,,,30.8876090387358,,,1,,,,,,,,,,,,,,,,,,,,,,183.533462524414,184.140258789062,999.893371582031,999.893371582031,,,6.46280193328857,,1,0,0,0,0.0128173828125,30.7917900085449,2,1,1,183.514099121094,0,183.830780029297,,,7.63316646147565E-6,3.78142456308102E-7,7.65921301098151E-6,3.78194887396251E-7,0.895175814628601,0.932894945144653,30.582202911377,0.187575325369835,30,4,200,7.78854373493232E-5,0.0709589347243309,0.109117068350315,1,,,,,,,,,,,,,,,,
,3952781956.72752,183.237205505371,999.893371582031,,,6,,,,30.8876090387358,,,1,,,,,,,,,,,,,,,,,,,,,,183.002349853516,183.514099121094,999.893371582031,999.893371582031,,,6.46184015274048,,1,0,0,0,0,30.7917900085449,2,1,1,182.960311889648,0,183.272043863932,,,7.65899848573624E-6,3.79290199871151E-7,7.68876192687505E-6,3.79348085800088E-7,0.898509204387665,0.946169555187225,30.5600185394287,0.0318939685821533,30,4,200,2.66605566139333E-5,0.0688256323337555,0.106708444654942,1,,,,,,,,,,,,,,,,
,3952781966.34698,182.690040588379,999.893371582031,,,6,,,,30.8876090387358,,,1,,,,,,,,,,,,,,,,,,,,,,182.42936706543,182.950714111328,999.893371582031,999.893371582031,,,6.46060657501221,,1,0,0,0,0,30.7917900085449,2,1,1,182.42936706543,0,182.690031263563,,,7.69245104307707E-6,3.81171231504279E-7,7.72212452808098E-6,3.81231345113804E-7,0.892925202846527,0.935673296451569,30.5623836517334,,30,4,200,7.34720233594999E-5,0.0673281103372574,0.105550661683083,1,,,,,,,,,,,,,,,,
,3952781976.03224,182.134155273438,999.893371582031,,,6,,,,30.8876090387358,,,1,,,,,,,,,,,,,,,,,,,,,,181.886856079102,182.413726806641,999.893371582031,999.893371582031,,,6.45989227294922,,1,0,0,0,0,30.7917900085449,2,1,1,181.854583740234,0,182.16244676378,,,7.68899407546047E-6,3.81248890854422E-7,7.71922697850302E-6,3.81308484065793E-7,0.887058675289154,0.927282512187958,30.5592803955078,0,30,4,200,0.000195898886886425,0.0666632875800133,0.104883298277855,1,,,,,,,,,,,,,,,,
,3952781986.15733,181.521003723145,999.893371582031,,,6,,,,30.8876090387358,,,1,,,,,,,,,,,,,,,,,,,,,,181.242553710938,181.820251464844,999.893371582031,999.893371582031,,,6.45855188369751,,1,0,0,0,0,31.2805480957031,2,1,1,181.221755981445,0,181.553595648872,,,7.72145365229357E-6,3.82515521207792E-7,7.75113642446559E-6,3.8257603789746E-7,0.895192444324493,0.939325869083405,30.5631294250488,0,30,4,200,9.50669564190321E-5,0.0651467218995094,0.103434786200523,1,,,,,,,,,,,,,,,,
,3952781996.06188,180.93204498291,999.893371582031,,,6,,,,30.8876090387358,,,1,,,,,,,,,,,,,,,,,,,,,,180.742691040039,181.21061706543,999.893371582031,999.893371582031,,,6.45794486999512,,1,0,0,0,0.0128173828125,30.7917900085449,2,1,1,180.653472900391,0,180.99306233724,,,7.74208812453392E-6,3.8351403918451E-7,7.76855158569708E-6,3.83566888170706E-7,0.895776093006134,0.933943331241608,30.5812435150146,5.33152294158936,30,4,200,0.000132825007312931,0.0639157146215439,0.102342493832111,1,,,,,,,,,,,,,,,,
,3952782014.63681,179.86107635498,999.893371582031,,,6,,,,30.8824449562463,,,1,,,,,,,,,,,,,,,,,,,,,,179.568542480469,180.164001464844,999.893371582031,999.893371582031,,,6.45612525939941,,1,0,0,0,0.0128173828125,28.8367557525635,2,1,1,179.558151245117,0,179.861323038737,,,7.87960092609195E-6,3.89651095688829E-7,7.90065107697257E-6,3.89693812359266E-7,0.913778007030487,0.951598882675171,30.6119956970215,,30,4,200,-0.000104354076029267,0.0605649389326572,0.099266804754734,1,,,,,,,,,,,,,,,,
,3952782024.31969,179.291915893555,999.893371582031,,,6,,,,30.8824449562463,,,1,,,,,,,,,,,,,,,,,,,,,,179.079086303711,179.5478515625,999.893371582031,999.893371582031,,,6.45509624481201,,1,0,0,0,0.0128173828125,30.7917900085449,2,1,1,179.035980224609,0,179.321655273438,,,7.911849097481E-6,3.91759606385319E-7,7.94320484548708E-6,3.9182490421743E-7,0.899819195270538,0.949935376644135,30.5523929595947,INF,30,4,200,4.05410464736633E-5,0.0588568672537804,0.097634993493557,1,,,,,,,,,,,,,,,,
,3952782034.41828,178.678672790527,999.893371582031,,,6,,,,30.8824449562463,,,1,,,,,,,,,,,,,,,,,,,,,,178.392135620117,178.993133544922,999.893371582031,999.893371582031,,,6.45442056655884,,1,0,0,0,0,30.7917900085449,2,1,1,178.364212036133,0,178.718619452582,,,7.84816701370767E-6,3.88917966846871E-7,7.87462023793331E-6,3.88972620776013E-7,0.892195224761963,0.927699625492096,30.5794124603271,3.28202327182225E-6,30,4,200,0.00013570545706898,0.0586868524551392,0.0976658761501312,1,,,,,,,,,,,,,,,,
,3952782044.17934,178.093872070313,999.893371582031,,,6,,,,30.8824449562463,,,1,,,,,,,,,,,,,,,,,,,,,,177.879745483398,178.364212036133,999.893371582031,999.893371582031,,,6.45315074920654,,1,0,0,0,0,30.3030319213867,2,1,1,177.823532104492,0,178.146996392144,,,7.89034614920321E-6,3.912489225943E-7,7.9230882807805E-6,3.91317416642001E-7,0.886697888374329,0.929458916187286,30.5455055236816,4.89910735268495E-6,30,4,200,0.000168571001267992,0.0578565299510956,0.0972113236784935,1,,,,,,,,,,,,,,,,
,3952782053.91958,177.538581848145,999.893371582031,,,6,,,,30.8824449562463,,,1,,,,,,,,,,,,,,,,,,,,,,177.280990600586,177.817138671875,999.893371582031,999.893371582031,,,6.45232582092285,,1,0,0,0,0,32.2580642700195,2,1,1,177.260025024414,0,177.573065863715,,,7.98639404827919E-6,3.95868553305768E-7,8.02361617267239E-6,3.95946133862755E-7,0.889890253543854,0.942684769630432,30.5248394012451,0,30,4,200,9.35963689698838E-5,0.056481197476387,0.095753476023674,1,,,,,,,,,,,,,,,,
,3952782063.56511,176.979499816895,999.893371582031,,,6,,,,30.8824449562463,,,1,,,,,,,,,,,,,,,,,,,,,,176.747268676758,177.260025024414,999.893371582031,999.893371582031,,,6.45106410980225,,1,0,0,0,0,30.7917900085449,2,1,1,176.698974609375,0,177.003365410699,,,7.95812712178943E-6,3.94489122946601E-7,7.99254238291097E-6,3.94561056349434E-7,0.889397203922272,0.936482489109039,30.5377998352051,1.00515637768694E-6,30,4,200,0.000112684392661322,0.0547482073307037,0.0945513099431992,1,,,,,,,,,,,,,,,,
,3952782073.61847,176.387130737305,999.893371582031,,,6,,,,30.8824449562463,,,1,,,,,,,,,,,,,,,,,,,,,,176.122116088867,176.68376159668,999.893371582031,999.893371582031,,,6.45007562637329,,1,0,0,0,0.0141143798828125,30.7917900085449,2,1,1,176.09049987793,0,176.39241027832,,,8.02627855455103E-6,3.97414731304336E-7,8.05237337968466E-6,3.97468119568827E-7,0.900091052055359,0.938343167304993,30.5841770172119,,30,4,200,6.36767581454478E-5,0.0537096373736858,0.0935823693871498,1,,,,,,,,,,,,,,,,
,3952782092.11924,175.332801818848,999.893371582031,,,6,,,,30.8773213467677,,,1,,,,,,,,,,,,,,,,,,,,,,175.081726074219,175.617492675781,999.893371582031,999.893371582031,,,6.44832468032837,,1,0,0,0,0.0128173828125,30.7917900085449,2,1,1,175.048110961914,0,175.375822279188,,,8.12849173779E-6,4.01866982858785E-7,8.14972804995536E-6,4.01908500026363E-7,0.916453421115875,0.955381691455841,30.6096038818359,,30,4,200,-0.000221127338591032,0.0504630021750927,0.0906704291701317,1,,,,,,,,,,,,,,,,
,3952782101.75617,174.749320983887,999.893371582031,,,6,,,,30.8773213467677,,,1,,,,,,,,,,,,,,,,,,,,,,174.491058349609,175.048110961914,999.893371582031,999.893371582031,,,6.4473876953125,,1,0,0,0,0,30.7917900085449,2,1,1,174.450531005859,0,174.784961276584,,,8.20140454233815E-6,4.06220204702988E-7,8.23746980216072E-6,4.06294618900796E-7,0.896871209144592,0.95224404335022,30.5295696258545,0.0868980959057808,30,4,200,-6.4689724240452E-5,0.0478545613586903,0.0883508622646332,1,,,,,,,,,,,,,,,,
,3952782111.44127,174.165405273438,999.893371582031,,,6,,,,30.8773213467677,,,1,,,,,,,,,,,,,,,,,,,,,,173.936477661133,174.428848266602,999.893371582031,999.893371582031,,,6.4465069770813,,1,0,0,0,0,30.7917900085449,2,1,1,173.901962280273,0,174.197201199002,,,8.14400191476703E-6,4.0388695277047E-7,8.17747192765602E-6,4.03955311946405E-7,0.885401964187622,0.926916718482971,30.5423374176025,5.32536506652832,30,4,200,0.000225368799874559,0.0469840466976166,0.0875608772039414,1,,,,,,,,,,,,,,,,
,3952782121.39706,173.592697143555,999.893371582031,,,6,,,,30.8773213467677,,,1,,,,,,,,,,,,,,,,,,,,,,173.394119262695,173.901962280273,999.893371582031,999.893371582031,,,6.44496440887451,,1,0,0,0,0.0128173828125,30.3030319213867,2,1,1,173.283432006836,0,173.633154975043,,,8.21499373595379E-6,4.07017740065139E-7,8.24781986184584E-6,4.07084156453271E-7,0.893979072570801,0.939602077007294,30.5461273193359,0.283772706985474,30,4,200,0.000103862723335624,0.0454014874994755,0.086097240447998,1,,,,,,,,,,,,,,,,
,3952782131.39476,173.008850097656,999.893371582031,,,6,,,,30.8773213467677,,,1,,,,,,,,,,,,,,,,,,,,,,172.803802490234,173.268371582031,999.893371582031,999.893371582031,,,6.44440698623657,,1,0,0,0,0,29.8142719268799,2,1,1,172.749328613281,0,173.043007744683,,,8.20520388261005E-6,4.06276646041892E-7,8.23248553636918E-6,4.06329486607081E-7,0.900028526782989,0.939509093761444,30.5756931304932,0,30,4,200,4.77096109534614E-5,0.0449186898767948,0.085483655333519,1,,,,,,,,,,,,,,,,
,3952782141.10141,172.437324523926,999.893371582031,,,6,,,,30.8773213467677,,,1,,,,,,,,,,,,,,,,,,,,,,172.140640258789,172.749328613281,999.893371582031,999.893371582031,,,6.44364643096924,,1,0,0,0,0.0128173828125,30.7917900085449,2,1,1,172.12532043457,0,172.436665852865,,,8.24859383930291E-6,4.08745122588624E-7,8.28183400442314E-6,4.08812307119004E-7,0.892559230327606,0.937642991542816,30.5454387664795,,30,4,200,8.6453728727065E-5,0.0437318757176399,0.0847634002566338,1,,,,,,,,,,,,,,,,
,3952782150.8205,171.85279083252,999.893371582031,,,6,,,,30.8773213467677,,,1,,,,,,,,,,,,,,,,,,,,,,171.631896972656,172.12532043457,999.893371582031,999.893371582031,,,6.44289112091064,,1,0,0,0,0.0128173828125,30.7917900085449,2,1,1,171.580261230469,0,171.889773898654,,,8.32908325646583E-6,4.12730550009697E-7,8.36749937842537E-6,4.1280654310154E-7,0.892626345157623,0.947491705417633,30.5210227966309,0,30,4,200,2.48283395194449E-5,0.0416919775307178,0.0827375799417496,1,,,,,,,,,,,,,,,,
,3952782168.99896,170.825828552246,999.893371582031,,,6,,,,30.8723057991684,,,1,,,,,,,,,,,,,,,,,,,,,,170.586349487305,171.11018371582,999.893371582031,999.893371582031,,,6.44077682495117,,1,0,0,0,0,30.7917900085449,2,1,1,170.541473388672,0,170.848407321506,,,8.4521309424044E-6,4.17913403934146E-7,8.47868946339362E-6,4.17967465639573E-7,0.915156483650207,0.965246260166168,30.5786762237549,0,30,4,200,-0.000237925807596184,0.0384929962456226,0.0800783634185791,1,,,,,,,,,,,,,,,,
,3952782178.94472,170.219856262207,999.893371582031,,,6,,,,30.8723057991684,,,1,,,,,,,,,,,,,,,,,,,,,,169.921325683594,170.541473388672,999.893371582031,999.893371582031,,,6.43983364105225,,1,0,0,0,0.0128173828125,30.7917900085449,2,1,1,169.898239135742,0,170.232666015625,,,8.38309791258284E-6,4.15396833086212E-7,8.41947685631083E-6,4.15472276265996E-7,0.892855882644653,0.943045198917389,30.5274448394775,,30,4,200,7.20407188055106E-5,0.0364825315773487,0.0780906081199646,1,,,,,,,,,,,,,,,,
,3952782188.90818,169.624328613281,999.893371582031,,,6,,,,30.8723057991684,,,1,,,,,,,,,,,,,,,,,,,,,,169.39826965332,169.898239135742,999.893371582031,999.893371582031,,,6.43907260894775,,1,0,0,0,0,30.3030319213867,2,1,1,169.35041809082,0,169.672854953342,,,8.37670303120538E-6,4.15620931081132E-7,8.41581762968478E-6,4.15702587294118E-7,0.881459176540375,0.92779415845871,30.5151996612549,0,30,4,200,0.000222777380258776,0.0362023897469044,0.0779903531074524,1,,,,,,,,,,,,,,,,
,3952782198.59376,169.053787231445,999.893371582031,,,6,,,,30.8723057991684,,,1,,,,,,,,,,,,,,,,,,,,,,168.787750244141,169.35041809082,999.893371582031,999.893371582031,,,6.4380087852478,,1,0,0,0,0,30.7917900085449,2,1,1,168.75715637207,0,169.056460910373,,,8.52536801164349E-6,4.2213369153861E-7,8.56016674593214E-6,4.22205211611248E-7,0.899926841259003,0.952519059181213,30.5375480651855,5.3335108757019,30,4,200,-2.42194946622476E-5,0.0338750556111336,0.0758177936077118,1,,,,,,,,,,,,,,,,
,3952782208.28713,168.472534179687,999.893371582031,,,6,,,,30.8723057991684,,,1,,,,,,,,,,,,,,,,,,,,,,168.227249145508,168.75715637207,999.893371582031,999.893371582031,,,6.4373288154602,,1,0,0,0,0,30.7917900085449,2,1,1,168.187911987305,0,168.514745076497,,,8.60308936972958E-6,4.25899010035452E-7,8.63508649932287E-6,4.2596257171091E-7,0.901878952980041,0.949553251266479,30.5531234741211,,30,4,200,-9.36066135182045E-6,0.0319879986345768,0.0740716606378555,1,,,,,,,,,,,,,,,,
,3952782218.42066,167.894630432129,999.893371582031,,,6,,,,30.8723057991684,,,1,,,,,,,,,,,,,,,,,,,,,,167.655456542969,168.165496826172,999.893371582031,999.893371582031,,,6.43646764755249,,1,0,0,0,0.0128173828125,30.7917900085449,2,1,1,167.623764038086,0,167.935182359484,,,8.48161286593078E-6,4.20286204980157E-7,8.51329566491094E-6,4.20352410191204E-7,0.892684102058411,0.93342912197113,30.5528984069824,,30,4,200,0.000111799818114378,0.0311434864997864,0.0733390897512436,1,,,,,,,,,,,,,,,,
,3952782228.1191,167.332221984863,999.893371582031,,,6,,,,30.8723057991684,,,1,,,,,,,,,,,,,,,,,,,,,,167.080795288086,167.623764038086,999.893371582031,999.893371582031,,,6.43484258651733,,1,0,0,0,0.0141143798828125,30.7917900085449,2,1,1,167.040679931641,0,167.367619832357,,,8.68025368312347E-6,4.30193400478924E-7,8.71759825614421E-6,4.30271315216565E-7,0.891323208808899,0.939581155776978,30.5284576416016,0,30,4,200,-8.16505489638075E-5,0.0284790173172951,0.0715810135006905,1,,,,,,,,,,,,,,,,
,3952782237.76507,166.749870300293,999.893371582031,,,6,,,,30.8723057991684,,,1,,,,,,,,,,,,,,,,,,,,,,166.507720947266,167.012435913086,999.893371582031,999.893371582031,,,6.43424606323242,,1,0,0,0,0,30.3030319213867,2,1,1,166.4873046875,0,166.772279527452,,,8.60166214773991E-6,4.26326661860773E-7,8.63612981901809E-6,4.26397675056452E-7,0.890720903873444,0.934126615524292,30.5416831970215,0,30,4,200,0.000147534898133017,0.0283216889947653,0.0710853263735771,1,,,,,,,,,,,,,,,,
,3952782256.04398,165.659637451172,999.893371582031,,,6,,,,30.866713789012,,,1,,,,,,,,,,,,,,,,,,,,,,165.396408081055,165.935501098633,999.893371582031,999.893371582031,,,6.43211698532104,,1,0,0,0,0,30.7917900085449,2,1,1,165.383773803711,0,165.667439778646,,,8.74536146749976E-6,4.32730926014504E-7,8.77506622844399E-6,4.32790091739304E-7,0.906932771205902,0.953218400478363,30.5615749359131,0,30,4,200,-0.000174916742253117,0.0251726899296045,0.0680628046393394,1,,,,,,,,,,,,,,,,
,3952782266.12521,165.08154296875,999.893371582031,,,6,,,,30.866713789012,,,1,,,,,,,,,,,,,,,,,,,,,,164.800201416016,165.362884521484,999.893371582031,999.893371582031,,,6.43134498596191,,1,0,0,0,0.0128173828125,30.7917900085449,2,1,1,164.800201416016,0,165.083061218262,,,8.77724288619234E-6,4.34514017635818E-7,8.81052450483136E-6,4.34581494196044E-7,0.902031600475311,0.951188087463379,30.5443630218506,0,30,4,200,2.8209202355356E-5,0.0229560788720846,0.0661853700876236,1,,,,,,,,,,,,,,,,
,3952782276.11597,164.516860961914,999.893371582031,,,6,,,,30.866713789012,,,1,,,,,,,,,,,,,,,,,,,,,,164.276062011719,164.793380737305,999.893371582031,999.893371582031,,,6.43036127090454,,1,0,0,0,0.0141143798828125,30.7917900085449,2,1,1,164.240341186523,0,164.558524237739,,,8.78525525356049E-6,4.35508855644539E-7,8.82078784416249E-6,4.35581583621836E-7,0.889018714427948,0.931855738162994,30.5348720550537,,30,4,200,0.000148490158608183,0.0224112644791603,0.0661858841776848,1,,,,,,,,,,,,,,,,
,3952782285.82228,163.942337036133,999.893371582031,,,6,,,,30.866713789012,,,1,,,,,,,,,,,,,,,,,,,,,,163.732055664062,164.225036621094,999.893371582031,999.893371582031,,,6.42930841445923,,1,0,0,0,0,30.3030319213867,2,1,1,163.659637451172,0,163.992137908936,,,8.82200743297664E-6,4.37282041490385E-7,8.85891211842431E-6,4.37356600053904E-7,0.890014886856079,0.935550332069397,30.5283699035645,0,30,4,200,7.82639617682435E-5,0.0210976041853428,0.0649361461400986,1,,,,,,,,,,,,,,,,
,3952782296.11771,163.350746154785,999.893371582031,,,6,,,,30.866713789012,,,1,,,,,,,,,,,,,,,,,,,,,,163.103240966797,163.63916015625,999.893371582031,999.893371582031,,,6.42824554443359,,1,0,0,0,0,31.2805480957031,2,1,1,163.06233215332,0,163.39061126709,,,8.92585155373049E-6,4.42152568893407E-7,8.96168534114767E-6,4.42223707150225E-7,0.895784914493561,0.943223297595978,30.5352592468262,1,30,4,200,6.20517312199809E-5,0.0196941997855902,0.063668467104435,1,,,,,,,,,,,,,,,,
,3952782306.18364,162.76676940918,999.893371582031,,,6,,,,30.866713789012,,,1,,,,,,,,,,,,,,,,,,,,,,162.531936645508,163.06233215332,999.893371582031,999.893371582031,,,6.42744588851929,,1,0,0,0,0,30.7917900085449,2,1,1,162.471206665039,0,162.821509467231,,,8.99395539214636E-6,4.45419576452363E-7,9.03423347861373E-6,4.45501368835618E-7,0.898086011409759,0.956761717796326,30.5149002075195,1.23875383906125E-6,30,4,200,4.97010332765058E-5,0.0171142257750034,0.0612317994236946,1,,,,,,,,,,,,,,,,
,3952782315.91259,162.211624145508,999.893371582031,,,6,,,,30.866713789012,,,1,,,,,,,,,,,,,,,,,,,,,,161.984298706055,162.465896606445,999.893371582031,999.893371582031,,,6.42654657363892,,1,0,0,0,0.0128173828125,30.7917900085449,2,1,1,161.95735168457,0,162.234664916992,,,8.85350160440159E-6,4.39169985379791E-7,8.89183209274765E-6,4.39248192843962E-7,0.883519470691681,0.926773309707642,30.523136138916,,30,4,200,-9.02958563528955E-5,0.0170368812978268,0.0617624521255493,1,,,,,,,,,,,,,,,,
,3952782325.52455,161.687812805176,999.893371582031,,,6,,,,30.866713789012,,,1,,,,,,,,,,,,,,,,,,,,,,161.466690063477,161.95735168457,999.893371582031,999.893371582031,,,6.42564058303833,,1,0,0,0,0,30.7917900085449,2,1,1,161.418273925781,0,161.705251057943,,,9.04061327153623E-6,4.47594824516492E-7,9.07849594189444E-6,4.4767190053814E-7,0.901067078113556,0.957390010356903,30.5277328491211,1.00000047683716,30,4,200,-0.000196112378034741,0.0111612835898995,0.0560463108122349,1,,,,,,,,,,,,,,,,
,3952782343.81326,160.614471435547,999.893371582031,,,6,,,,30.861167259154,,,1,,,,,,,,,,,,,,,,,,,,,,160.371780395508,160.896942138672,999.893371582031,999.893371582031,,,6.4235200881958,,1,0,0,0,0,30.7917900085449,2,1,1,160.332000732422,0,160.636895073785,,,9.10830083868499E-6,4.50494127372578E-7,9.13936024460401E-6,4.50559819909199E-7,0.911679446697235,0.96375846862793,30.5553493499756,0.187177881598473,30,4,200,-0.000196404260350391,0.00739977555349469,0.0523681342601776,1,,,,,,,,,,,,,,,,
,3952782353.91416,159.981300354004,999.893371582031,,,6,,,,30.861167259154,,,1,,,,,,,,,,,,,,,,,,,,,,159.690322875977,160.30290222168,999.893371582031,999.893371582031,,,6.4230637550354,,1,0,0,0,0.0128173828125,30.7917900085449,2,1,1,159.659698486328,0,160.015903049045,,,9.10843014230703E-6,4.51042193291538E-7,9.14433215914628E-6,4.51115168461762E-7,0.899096012115479,0.948173403739929,30.5324573516846,0.0340525917708874,30,4,200,9.52997834247071E-6,0.00532590225338936,0.0506662242114544,1,,,,,,,,,,,,,,,,
,3952782363.7029,159.405075073242,999.893371582031,,,6,,,,30.861167259154,,,1,,,,,,,,,,,,,,,,,,,,,,159.199020385742,159.659698486328,999.893371582031,999.893371582031,,,6.42193698883057,,1,0,0,0,0,30.7917900085449,2,1,1,159.150451660156,0,159.426230536567,,,9.15535440339859E-6,4.53684417169658E-7,9.19450825851112E-6,4.53767061724941E-7,0.892430126667023,0.941160798072815,30.5191802978516,0.187625393271446,30,4,200,0.000124723417684436,0.00405762903392315,0.0493319034576416,1,,,,,,,,,,,,,,,,
,3952782373.42707,158.875610351562,999.893371582031,,,6,,,,30.861167259154,,,1,,,,,,,,,,,,,,,,,,,,,,158.619430541992,159.138473510742,999.893371582031,999.893371582031,,,6.42112350463867,,1,0,0,0,0,30.7917900085449,2,1,1,158.612747192383,0,158.88308207194,,,9.16414033139222E-6,4.53817157036038E-7,9.20078015027729E-6,4.53894820993319E-7,0.898744821548462,0.948387920856476,30.5305633544922,0,30,4,200,2.95307308988413E-5,0.00311925332061946,0.0481142103672028,1,,,,,,,,,,,,,,,,
,3952782383.34067,158.281242370605,999.893371582031,,,6,,,,30.861167259154,,,1,,,,,,,,,,,,,,,,,,,,,,158.065734863281,158.598617553711,999.893371582031,999.893371582031,,,6.41978931427002,,1,0,0,0,0,30.7917900085449,2,1,1,157.9638671875,0,158.344173855252,,,9.25317010686257E-6,4.58137097777335E-7,9.2881700437777E-6,4.5820942557522E-7,0.9006587266922,0.94823956489563,30.5399265289307,0,30,4,200,-1.00610914159915E-5,0.00139293225947768,0.0469977296888828,1,,,,,,,,,,,,,,,,
,3952782393.31634,157.687362670898,999.893371582031,,,6,,,,30.861167259154,,,1,,,,,,,,,,,,,,,,,,,,,,157.470932006836,157.955276489258,999.893371582031,999.893371582031,,,6.41902160644531,,1,0,0,0,0,30.7917900085449,2,1,1,157.419448852539,0,157.720945570204,,,9.27464155669278E-6,4.59194599305217E-7,9.30884113537341E-6,4.5926447374448E-7,0.900781750679016,0.946783065795898,30.543607711792,,30,4,200,-7.90675258031115E-5,-0.000192977153346874,0.045402567833662,1,,,,,,,,,,,,,,,,
,3952782403.00623,157.114067077637,999.893371582031,,,6,,,,30.861167259154,,,1,,,,,,,,,,,,,,,,,,,,,,156.820190429687,157.419448852539,999.893371582031,999.893371582031,,,6.41780185699463,,1,0,0,0,0,30.7917900085449,2,1,1,156.808685302734,0,157.11656528049,,,9.30636675081E-6,4.61015705151659E-7,9.34536546388732E-6,4.61095829399658E-7,0.895505845546722,0.945606112480164,30.5224418640137,0.187572941184044,30,4,200,4.08569358114619E-5,-0.00201730523258448,0.0440452508628368,1,,,,,,,,,,,,,,,,
,3952782412.70889,156.533020019531,999.893371582031,,,6,,,,30.861167259154,,,1,,,,,,,,,,,,,,,,,,,,,,156.297500610352,156.799438476562,999.893371582031,999.893371582031,,,6.41709756851196,,1,0,0,0,0,30.7917900085449,2,1,1,156.2666015625,0,156.565272013346,,,9.3461546488825E-6,4.63074178614558E-7,9.38719648832524E-6,4.63161037647593E-7,0.893730401992798,0.94555002450943,30.5145606994629,0,30,4,200,1.99829482880887E-5,-0.00353469769470394,0.0425333082675934,1,,,,,,,,,,,,,,,,
,3952782430.87851,155.452339172363,999.893371582031,,,6,,,,30.8557309930698,,,1,,,,,,,,,,,,,,,,,,,,,,155.184143066406,155.748733520508,999.893371582031,999.893371582031,,,6.41519594192505,,1,0,0,0,0,30.7917900085449,2,1,1,155.155944824219,0,155.484169854058,,,9.49496639679073E-6,4.6984327907537E-7,9.53262709509012E-6,4.69916981513079E-7,0.906465947628021,0.965604722499847,30.5257186889648,0,30,4,200,-0.000195132990484126,-0.00678388914093375,0.0397247970104218,1,,,,,,,,,,,,,,,,
,3952782440.86332,154.834884643555,999.893371582031,,,6,,,,30.8557309930698,,,1,,,,,,,,,,,,,,,,,,,,,,154.551025390625,155.155944824219,999.893371582031,999.893371582031,,,6.413743019104,,1,0,0,0,0,30.3030319213867,2,1,1,154.513824462891,0,154.860122680664,,,9.49364703274654E-6,4.70550919861069E-7,9.53928573413806E-6,4.70645993661548E-7,0.890442907810211,0.94629979133606,30.4922180175781,0,30,4,200,6.93259571562521E-5,-0.00952859781682491,0.0376614518463612,1,,,,,,,,,,,,,,,,
,3952782450.92035,154.23558807373,999.893371582031,,,6,,,,30.8557309930698,,,1,,,,,,,,,,,,,,,,,,,,,,154.012741088867,154.508911132813,999.893371582031,999.893371582031,,,6.41322660446167,,1,0,0,0,0.0128173828125,30.3030319213867,2,1,1,153.962265014648,0,154.270226372613,,,9.48662400509609E-6,4.70009969584634E-7,9.52623963326056E-6,4.70087522161326E-7,0.894208192825317,0.943033337593079,30.5174598693848,0.0347401537001133,30,4,200,2.11500155273825E-5,-0.0111011099070311,0.0362514071166515,1,,,,,,,,,,,,,,,,
,3952782460.65264,153.699897766113,999.893371582031,,,6,,,,30.8557309930698,,,1,,,,,,,,,,,,,,,,,,,,,,153.467666625977,153.952163696289,999.893371582031,999.893371582031,,,6.41219425201416,,1,0,0,0,0,30.7917900085449,2,1,1,153.447631835938,0,153.710018581814,,,9.61082755536366E-6,4.76180323120355E-7,9.65483329271424E-6,4.76271100114361E-7,0.893881022930145,0.949340105056763,30.5019950866699,,30,4,200,1.45679769048002E-5,-0.0127476183697581,0.0344745330512524,1,,,,,,,,,,,,,,,,
,3952782470.27518,153.166015625,999.893371582031,,,6,,,,30.8557309930698,,,1,,,,,,,,,,,,,,,,,,,,,,152.925201416016,153.447631835938,999.893371582031,999.893371582031,,,6.41148900985718,,1,0,0,0,0,30.7917900085449,2,1,1,152.884399414062,0,153.198964436849,,,9.60998712624256E-6,4.76024118014621E-7,9.64979761004167E-6,4.76104701727239E-7,0.89614599943161,0.94605165719986,30.5190334320068,5.53521276742686E-5,30,4,200,6.09341586823575E-5,-0.0139058781787753,0.0333324261009693,1,,,,,,,,,,,,,,,,
,3952782480.47257,152.581855773926,999.893371582031,,,6,,,,30.8557309930698,,,1,,,,,,,,,,,,,,,,,,,,,,152.335693359375,152.854690551758,999.893371582031,999.893371582031,,,6.40972137451172,,1,0,0,0,0,30.7917900085449,2,1,1,152.309020996094,0,152.61491394043,,,9.71040339089421E-6,4.80566998536252E-7,9.7472303546338E-6,4.80639863339085E-7,0.905080854892731,0.957793354988098,30.5335121154785,0,30,4,200,-0.0002165080368286,-0.0152698885649443,0.0326579548418522,1,,,,,,,,,,,,,,,,
,3952782490.25594,152.024742126465,999.893371582031,,,6,,,,30.8557309930698,,,1,,,,,,,,,,,,,,,,,,,,,,151.792373657227,152.309020996094,999.893371582031,999.893371582031,,,6.40882587432861,,1,0,0,0,0,30.7917900085449,2,1,1,151.740463256836,0,152.070385403103,,,9.75242634722718E-6,4.82957849580807E-7,9.79478025791E-6,4.83044863806572E-7,0.898578882217407,0.95493620634079,30.5106201171875,2.64512010517137E-7,30,4,200,-2.34904091485078E-5,-0.0176308564841747,0.0301013141870499,1,,,,,,,,,,,,,,,,
,3952782499.95475,151.454086303711,999.893371582031,,,6,,,,30.8557309930698,,,1,,,,,,,,,,,,,,,,,,,,,,151.204193115234,151.720947265625,999.893371582031,999.893371582031,,,6.40816783905029,,1,0,0,0,0.0128173828125,30.7917900085449,2,1,1,151.187225341797,0,151.453345404731,,,9.77168623211027E-6,4.83968448663267E-7,9.81149826411763E-6,4.84049950317707E-7,0.897441983222961,0.947322845458984,30.5223197937012,0,30,4,200,2.40479821513873E-5,-0.018658384680748,0.0292437169700861,1,,,,,,,,,,,,,,,,
,3952782518.17968,150.414825439453,999.893371582031,,,6,,,,30.8503936879914,,,1,,,,,,,,,,,,,,,,,,,,,,150.155487060547,150.69580078125,999.893371582031,999.893371582031,,,6.40591049194336,,1,0,0,0,0,30.7917900085449,2,1,1,150.133850097656,0,150.437615288628,,,9.89927224994821E-6,4.89659757777514E-7,9.93472152769503E-6,4.89730790649818E-7,0.910670638084412,0.966059148311615,30.5371913909912,,30,4,200,-0.000175800189026631,-0.0213204696774483,0.0268963724374771,1,,,,,,,,,,,,,,,,
,3952782528.11915,149.816688537598,999.893371582031,,,6,,,,30.8503936879914,,,1,,,,,,,,,,,,,,,,,,,,,,149.614013671875,150.123962402344,999.893371582031,999.893371582031,,,6.40538740158081,,1,0,0,0,0,30.7917900085449,2,1,1,149.509414672852,0,149.890569051107,,,9.94623506168783E-6,4.92436718167117E-7,9.98898182452141E-6,4.92524094249959E-7,0.900963068008423,0.959588468074799,30.5069465637207,5.33408784866333,30,4,200,-9.80453660304193E-6,-0.0236409362405539,0.0251278448849916,1,,,,,,,,,,,,,,,,
,3952782538.05781,149.233604431152,999.893371582031,,,6,,,,30.8503936879914,,,1,,,,,,,,,,,,,,,,,,,,,,149.025466918945,149.493576049805,999.893371582031,999.893371582031,,,6.40437936782837,,1,0,0,0,0,30.7917900085449,2,1,1,148.9736328125,0,149.278840806749,,,9.96418566958556E-6,4.93455849602411E-7,1.00049714287891E-5,4.93536875515558E-7,0.898357093334198,0.949597656726837,30.5158176422119,2.02088340301998E-5,30,4,200,-1.21538669191068E-5,-0.0236002635210752,0.0250965673476458,1,,,,,,,,,,,,,,,,
,3952782547.71842,148.697875976562,999.893371582031,,,6,,,,30.8503936879914,,,1,,,,,,,,,,,,,,,,,,,,,,148.446563720703,148.9736328125,999.893371582031,999.893371582031,,,6.40289211273193,,1,0,0,0,0.0128173828125,30.7917900085449,2,1,1,148.422119140625,0,148.719543457031,,,9.99453858391521E-6,4.95127101432528E-7,1.00384300392752E-5,4.95217548292905E-7,0.895104169845581,0.948405206203461,30.5034770965576,0,30,4,200,-5.70288193557644E-6,-0.0257646217942238,0.0236034132540226,1,,,,,,,,,,,,,,,,
,3952782557.47756,148.091773986816,999.893371582031,,,6,,,,30.8503936879914,,,1,,,,,,,,,,,,,,,,,,,,,,147.816375732422,148.407119750977,999.893371582031,999.893371582031,,,6.40170335769653,,1,0,0,0,0,30.7917900085449,2,1,1,147.776428222656,0,148.120474921332,,,1.00567732967044E-5,4.98128714427506E-7,1.00995246124585E-5,4.98215486716385E-7,0.896655201911926,0.949023604393005,30.5095310211182,5.33195734024048,30,4,200,-3.53763971361332E-5,-0.0272698942571878,0.0225431881844997,1,,,,,,,,,,,,,,,,
,3952782567.59273,147.458824157715,999.893371582031,,,6,,,,30.8503936879914,,,1,,,,,,,,,,,,,,,,,,,,,,147.236541748047,147.73176574707,999.893371582031,999.893371582031,,,6.4009256362915,,1,0,0,0,0,30.3030319213867,2,1,1,147.185882568359,0,147.496102227105,,,1.00913418683851E-5,4.99807298369641E-7,1.0133568741425E-5,4.99890730369524E-7,0.897304832935333,0.949193179607391,30.51220703125,0,30,4,200,-4.89644844492432E-6,-0.0288085453212261,0.0213338099420071,1,,,,,,,,,,,,,,,,
,3952782577.38589,146.890884399414,999.893371582031,,,6,,,,30.8503936879914,,,1,,,,,,,,,,,,,,,,,,,,,,146.658432006836,147.173522949219,999.893371582031,999.893371582031,,,6.39966106414795,,1,0,0,0,0,30.7917900085449,2,1,1,146.608245849609,0,146.92835659451,,,1.01651449562153E-5,5.03440535543722E-7,1.02081477625545E-5,5.03527938308247E-7,0.897727608680725,0.950847148895264,30.5102443695068,0.035939171910286,30,4,200,-5.103659350425E-5,-0.0300338752567768,0.020007748156786,1,,,,,,,,,,,,,,,,
,3952782587.05105,146.303718566895,999.893371582031,,,6,,,,30.8503936879914,,,1,,,,,,,,,,,,,,,,,,,,,,146.024063110352,146.602127075195,999.893371582031,999.893371582031,,,6.39870882034302,,1,0,0,0,0.0009918212890625,30.3030319213867,2,1,1,146.005310058594,0,146.310907999674,,,1.02360348157136E-5,5.0705572780047E-7,1.02847012230142E-5,5.07159127409907E-7,0.89575731754303,0.957037210464478,30.4898242950439,5.52175903320313,30,4,200,-3.10505456582177E-5,-0.03220359608531,0.017862718552351,1,,,,,,,,,,,,,,,,
,3952782605.30875,145.295150756836,999.893371582031,,,6,,,,30.8451669168759,,,1,,,,,,,,,,,,,,,,,,,,,,145.104721069336,145.561599731445,999.893371582031,999.893371582031,,,6.39671325683594,,1,0,0,0,0,30.7917900085449,2,1,1,145.028701782227,0,145.321193695068,,,1.03521511450496E-5,5.11976095172634E-7,1.03890325557367E-5,5.12049061931643E-7,0.912533402442932,0.970814764499664,30.5325565338135,4.90753018311807E-6,30,4,200,-0.000234492938034236,-0.0357236191630363,0.014917709864676,1,,,,,,,,,,,,,,,,
,3952782615.00624,144.733329772949,999.893371582031,,,6,,,,30.8451669168759,,,1,,,,,,,,,,,,,,,,,,,,,,144.495574951172,145.013900756836,999.893371582031,999.893371582031,,,6.3957314491272,,1,0,0,0,0,30.3030319213867,2,1,1,144.452758789062,0,144.756342569987,,,1.03655514218705E-5,5.13445021715251E-7,1.04121725044259E-5,5.13541521042447E-7,0.896249949932098,0.952876806259155,30.4946117401123,5.52219247817993,30,4,200,-3.72393151337747E-5,-0.0378938242793083,0.0132079645991325,1,,,,,,,,,,,,,,,,
,3952782625.0278,144.146003723145,999.893371582031,,,6,,,,30.8451669168759,,,1,,,,,,,,,,,,,,,,,,,,,,143.899688720703,144.427368164062,999.893371582031,999.893371582031,,,6.39469146728516,,1,0,0,0,0.0141143798828125,30.7917900085449,2,1,1,143.864639282227,0,144.180308024089,,,1.0443793713554E-5,5.17171268198301E-7,1.04893604704999E-5,5.17263507252496E-7,0.899038970470428,0.956489086151123,30.4997158050537,,30,4,200,-2.98596405627904E-5,-0.038969662040472,0.0124697471037507,1,,,,,,,,,,,,,,,,
,3952782634.77114,143.573600769043,999.893371582031,,,6,,,,30.8451669168759,,,1,,,,,,,,,,,,,,,,,,,,,,143.333557128906,143.864639282227,999.893371582031,999.893371582031,,,6.39387655258179,,1,0,0,0,0.0128173828125,30.7917900085449,2,1,1,143.282562255859,0,143.603390163845,,,1.04541481056144E-5,5.17713906967464E-7,1.04992911633612E-5,5.17807234720764E-7,0.898474454879761,0.954158782958984,30.5014572143555,0,30,4,200,-3.97644107579254E-5,-0.040836650878191,0.0105711966753006,1,,,,,,,,,,,,,,,,
,3952782644.64795,142.987243652344,999.893371582031,,,6,,,,30.8451669168759,,,1,,,,,,,,,,,,,,,,,,,,,,142.733764648438,143.282562255859,999.893371582031,999.893371582031,,,6.39280223846436,,1,0,0,0,0,30.7917900085449,2,1,1,142.691925048828,0,143.018715752496,,,1.05229981672007E-5,5.20956649490802E-7,1.05667937643034E-5,5.21045831073625E-7,0.901649057865143,0.958115816116333,30.5077209472656,0,30,4,200,-0.000103498234238941,-0.0418987758457661,0.0096841948106885,1,,,,,,,,,,,,,,,,
,3952782654.91447,142.38191986084,999.893371582031,,,6,,,,30.8451669168759,,,1,,,,,,,,,,,,,,,,,,,,,,142.138092041016,142.671569824219,999.893371582031,999.893371582031,,,6.39169025421143,,1,0,0,0,0.0128173828125,30.7917900085449,2,1,1,142.092269897461,0,142.40456644694,,,1.06386665049312E-5,5.26858245970715E-7,1.06875183399579E-5,5.26956835651465E-7,0.898352742195129,0.960049331188202,30.4907398223877,1,30,4,200,-5.5461085139541E-5,-0.0443192645907402,0.00791583769023418,1,,,,,,,,,,,,,,,,
,3952782664.69052,141.820503234863,999.893371582031,,,6,,,,30.8451669168759,,,1,,,,,,,,,,,,,,,,,,,,,,141.603302001953,142.092269897461,999.893371582031,999.893371582031,,,6.3902530670166,,1,0,0,0,0.0128173828125,30.7917900085449,2,1,1,141.548736572266,0,141.867179022895,,,1.06080644291053E-5,5.25605030788549E-7,1.06590329027032E-5,5.25708150861004E-7,0.893607974052429,0.953230440616608,30.4825897216797,,30,4,200,-1.75645493527554E-6,-0.0459484308958054,0.00621616933494806,1,,,,,,,,,,,,,,,,
,3952782674.43599,141.23624420166,999.893371582031,,,6,,,,30.8451669168759,,,1,,,,,,,,,,,,,,,,,,,,,,140.961441040039,141.541595458984,999.893371582031,999.893371582031,,,6.38966226577759,,1,0,0,0,0.0128173828125,30.3030319213867,2,1,1,140.930892944336,0,141.253363715278,,,1.06851896044194E-5,5.29238465668852E-7,1.0735327980197E-5,5.29340746104753E-7,0.896960020065308,0.958813309669495,30.4867095947266,3.98774838447571,30,4,200,-0.000143442928674631,-0.046922143548727,0.00544528197497129,1,,,,,,,,,,,,,,,,
,3952782692.65303,140.185356140137,999.893371582031,,,6,,,,30.840025028367,,,1,,,,,,,,,,,,,,,,,,,,,,139.904357910156,140.487579345703,999.893371582031,999.893371582031,,,6.38763570785522,,1,0,0,0,0,30.7917900085449,2,1,1,139.88313293457,0,140.175235324436,,,1.08389441426866E-5,5.36427423682682E-7,1.08842268317705E-5,5.36517739056148E-7,0.90490597486496,0.967106640338898,30.5017204284668,0.187397986650467,30,4,200,-0.000164843440870754,-0.0501177199184895,0.00259138317778707,1,,,,,,,,,,,,,,,,
,3952782702.29621,139.607841491699,999.893371582031,,,6,,,,30.840025028367,,,1,,,,,,,,,,,,,,,,,,,,,,139.379577636719,139.88313293457,999.893371582031,999.893371582031,,,6.38653755187988,,1,0,0,0,0,30.7917900085449,2,1,1,139.332550048828,0,139.650041368273,,,1.08828353461523E-5,5.38879977428106E-7,1.09326381387865E-5,5.3898294823337E-7,0.899632632732391,0.962929666042328,30.4859924316406,0,30,4,200,-0.000116400347906165,-0.0528605282306671,0.000224397314013913,1,,,,,,,,,,,,,,,,
,3952782712.34008,139.026596069336,999.893371582031,,,6,,,,30.840025028367,,,1,,,,,,,,,,,,,,,,,,,,,,138.764770507812,139.309066772461,999.893371582031,999.893371582031,,,6.3852391242981,,1,0,0,0,0.0128173828125,30.3030319213867,2,1,1,138.744125366211,0,139.06544664171,,,1.09093869073374E-5,5.40064385893607E-7,1.09550680873611E-5,5.40156098639349E-7,0.902040481567383,0.959707081317902,30.5015811920166,8.43083398649469E-5,30,4,200,-0.000146032878546976,-0.0537299327552319,-0.000476524990517646,1,,,,,,,,,,,,,,,,
,3952782722.08162,138.470008850098,999.893371582031,,,6,,,,30.840025028367,,,1,,,,,,,,,,,,,,,,,,,,,,138.240310668945,138.744125366211,999.893371582031,999.893371582031,,,6.38398838043213,,1,0,0,0,0,30.3030319213867,2,1,1,138.195892333984,0,138.509331597222,,,1.09364312020242E-5,5.4142407318796E-7,1.09809173946506E-5,5.41513500480791E-7,0.901652872562408,0.956082224845886,30.5065822601318,0.00010982652020175,30,4,200,-6.99853189871646E-5,-0.0547602102160454,-0.00162978982552886,1,,,,,,,,,,,,,,,,
,3952782731.85369,137.915298461914,999.893371582031,,,6,,,,30.840025028367,,,1,,,,,,,,,,,,,,,,,,,,,,137.686569213867,138.169418334961,999.893371582031,999.893371582031,,,6.38313341140747,,1,0,0,0,0.0141143798828125,30.7917900085449,2,1,1,137.661178588867,0,137.940980699327,,,1.10669046480875E-5,5.48045720132607E-7,1.1116589298797E-5,5.48144490325858E-7,0.898710250854492,0.958615481853485,30.4894981384277,,30,4,200,9.16306544240797E-6,-0.0562099106609821,-0.00236136582680047,1,,,,,,,,,,,,,,,,
,3952782741.81695,137.356117248535,999.893371582031,,,6,,,,30.840025028367,,,1,,,,,,,,,,,,,,,,,,,,,,137.180374145508,137.661178588867,999.893371582031,999.893371582031,,,6.38168811798096,,1,0,0,0,0,30.3030319213867,2,1,1,137.051055908203,0,137.424608018663,,,1.1082419405372E-5,5.48932074906153E-7,1.11333537159739E-5,5.49036646927601E-7,0.896633088588715,0.955836474895477,30.4855289459229,5.33184480667114,30,4,200,-2.3259264708031E-5,-0.0573423132300377,-0.00340473116375506,1,,,,,,,,,,,,,,,,
,3952782751.86044,136.757919311523,999.893371582031,,,6,,,,30.840025028367,,,1,,,,,,,,,,,,,,,,,,,,,,136.529525756836,137.045318603516,999.893371582031,999.893371582031,,,6.3810396194458,,1,0,0,0,0,30.7917900085449,2,1,1,136.470520019531,0,136.787695990668,,,1.11564706171176E-5,5.52438660539556E-7,1.120747095491E-5,5.52543235194105E-7,0.899471759796143,0.962410271167755,30.4860496520996,0,30,4,200,-0.000120118565973826,-0.0584331639111042,-0.00389485177583993,1,,,,,,,,,,,,,,,,
,3952782761.51162,136.163925170898,999.893371582031,,,6,,,,30.840025028367,,,1,,,,,,,,,,,,,,,,,,,,,,135.927124023438,136.470520019531,999.893371582031,999.893371582031,,,6.37981796264648,,1,0,0,0,0,30.3030319213867,2,1,1,135.857330322266,0,136.200666427612,,,1.12000131710268E-5,5.54901835951371E-7,1.12546993244019E-5,5.55011673256703E-7,0.89415830373764,0.956204175949097,30.4744911193848,0,30,4,200,2.46203308051918E-5,-0.0599982962012291,-0.00540125975385308,1,,,,,,,,,,,,,,,,
,3952782779.80552,135.070487976074,999.893371582031,,,6,,,,30.8350162673124,,,1,,,,,,,,,,,,,,,,,,,,,,134.789886474609,135.361175537109,999.893371582031,999.893371582031,,,6.37796211242676,,1,0,0,0,0,30.7917900085449,2,1,1,134.779800415039,0,135.081707424588,,,1.1375498193904E-5,5.62812863262667E-7,1.14224785797461E-5,5.62908884893508E-7,0.908090174198151,0.975887596607208,30.4984302520752,0,30,4,200,-0.000204006966669112,-0.0625222399830818,-0.00750990211963654,1,,,,,,,,,,,,,,,,
,3952782789.51342,134.490928649902,999.893371582031,,,6,,,,30.8350162673124,,,1,,,,,,,,,,,,,,,,,,,,,,134.250122070312,134.771286010742,999.893371582031,999.893371582031,,,6.37662696838379,,1,0,0,0,0.0128173828125,30.7917900085449,2,1,1,134.210571289062,0,134.509351942274,,,1.13731208296214E-5,5.63212150751409E-7,1.14254175287649E-5,5.63317647872869E-7,0.898672759532929,0.961035192012787,30.4801654815674,5.33296346664429,30,4,200,5.16221080033574E-5,-0.0631945505738258,-0.00825578346848488,1,,,,,,,,,,,,,,,,
,3952782799.55729,133.89575958252,999.893371582031,,,6,,,,30.8350162673124,,,1,,,,,,,,,,,,,,,,,,,,,,133.625076293945,134.186767578125,999.893371582031,999.893371582031,,,6.37558555603027,,1,0,0,0,0.0128173828125,30.7917900085449,2,1,1,133.604751586914,0,133.928042941623,,,1.14436192524192E-5,5.66381237791057E-7,1.14924668741873E-5,5.66479814784856E-7,0.904387712478638,0.96818220615387,30.4932270050049,,30,4,200,-0.000118590833153576,-0.0635438114404678,-0.00788597948849201,1,,,,,,,,,,,,,,,,
,3952782809.3054,133.334526062012,999.893371582031,,,6,,,,30.8350162673124,,,1,,,,,,,,,,,,,,,,,,,,,,133.117294311523,133.604751586914,999.893371582031,999.893371582031,,,6.37402057647705,,1,0,0,0,0.0141143798828125,30.7917900085449,2,1,1,133.064300537109,0,133.358133951823,,,1.15333236819892E-5,5.71395584049091E-7,1.15896375123397E-5,5.71512060161664E-7,0.894486844539642,0.956875383853912,30.4694862365723,0.187595173716545,30,4,200,-1.72324234881671E-5,-0.0648026019334793,-0.00877701211720705,1,,,,,,,,,,,,,,,,
,3952782818.9712,132.775733947754,999.893371582031,,,6,,,,30.8350162673124,,,1,,,,,,,,,,,,,,,,,,,,,,132.497100830078,133.064300537109,999.893371582031,999.893371582031,,,6.37337160110474,,1,0,0,0,0,30.7917900085449,2,1,1,132.487167358398,0,132.76794772678,,,1.15729106994033E-5,5.72879171445733E-7,1.16218724898519E-5,5.72978116262462E-7,0.902618706226349,0.962195932865143,30.4948444366455,0,30,4,200,-9.4213814008981E-5,-0.0658022314310074,-0.00945272948592901,1,,,,,,,,,,,,,,,,
,3952782829.0485,132.169624328613,999.893371582031,,,6,,,,30.8350162673124,,,1,,,,,,,,,,,,,,,,,,,,,,131.874984741211,132.464263916016,999.893371582031,999.893371582031,,,6.37181949615479,,1,0,0,0,0,30.7917900085449,2,1,1,131.867477416992,0,132.171086120605,,,1.16160719211018E-5,5.75324050368351E-7,1.16701850544297E-5,5.75434892434595E-7,0.897312819957733,0.958900153636932,30.4779739379883,1.00005427157157E-5,30,4,200,2.02436385734472E-5,-0.0676869004964829,-0.0109199685975909,1,,,,,,,,,,,,,,,,
,3952782839.07236,131.605506896973,999.893371582031,,,6,,,,30.8350162673124,,,1,,,,,,,,,,,,,,,,,,,,,,131.4111328125,131.867477416992,999.893371582031,999.893371582031,,,6.37103176116943,,1,0,0,0,0.0141143798828125,30.7917900085449,2,1,1,131.343536376953,0,131.637000189887,,,1.16658121288133E-5,5.7801294803491E-7,1.17256104234628E-5,5.78134814461254E-7,0.893623471260071,0.960311710834503,30.4603996276855,INF,30,4,200,3.77223550458439E-5,-0.0676406621932983,-0.0106207253411412,1,,,,,,,,,,,,,,,,
,3952782848.70959,131.04231262207,999.893371582031,,,6,,,,30.8350162673124,,,1,,,,,,,,,,,,,,,,,,,,,,130.760620117188,131.343536376953,999.893371582031,999.893371582031,,,6.36962127685547,,1,0,0,0,0.0141143798828125,30.3030319213867,2,1,1,130.741088867188,0,131.039287990994,,,1.17393886816872E-5,5.81628588625777E-7,1.18000917626908E-5,5.81754558694987E-7,0.89410263299942,0.962655544281006,30.4587173461914,0,30,4,200,5.34766913915519E-5,-0.0686924606561661,-0.0121339457109571,1,,,,,,,,,,,,,,,,
,3952782858.35577,130.465919494629,999.893371582031,,,6,,,,30.8350162673124,,,1,,,,,,,,,,,,,,,,,,,,,,130.226501464844,130.73583984375,999.893371582031,999.893371582031,,,6.36833906173706,,1,0,0,0,0,31.7693061828613,2,1,1,130.195999145508,0,130.495680067274,,,1.18328536735617E-5,5.86101840405939E-7,1.18898352612821E-5,5.86219722769597E-7,0.89664226770401,0.960841774940491,30.4722309112549,0,30,4,200,-5.21918809681665E-5,-0.0692666172981262,-0.0120155028998852,1,,,,,,,,,,,,,,,,
,3952782876.54025,129.416885375977,999.893371582031,,,6,,,,30.8295620846375,,,1,,,,,,,,,,,,,,,,,,,,,,129.147979736328,129.706314086914,999.893371582031,999.893371582031,,,6.36635589599609,,1,0,0,0,0,30.7917900085449,2,1,1,129.127456665039,0,129.441450330946,,,1.20384617578659E-5,5.95756754707052E-7,1.20924382059259E-5,5.95865582041945E-7,0.905529499053955,0.980437636375427,30.4787483215332,0,30,4,200,-0.000305560475680977,-0.0716892927885055,-0.013547626323998,1,,,,,,,,,,,,,,,,
,3952782886.53435,128.816902160645,999.893371582031,,,6,,,,30.8295620846375,,,1,,,,,,,,,,,,,,,,,,,,,,128.550689697266,129.127456665039,999.893371582031,999.893371582031,,,6.36503458023071,,1,0,0,0,0,30.7917900085449,2,1,1,128.50634765625,0,128.820693969727,,,1.20504996104794E-5,5.96698910909493E-7,1.21056068519942E-5,5.96811859199809E-7,0.899627208709717,0.962876081466675,30.475757598877,0.0550473928451538,30,4,200,2.31754875130719E-5,-0.0730883851647377,-0.0146456575021148,1,,,,,,,,,,,,,,,,
,3952782896.81245,128.183826446533,999.893371582031,,,6,,,,30.8295620846375,,,1,,,,,,,,,,,,,,,,,,,,,,127.887672424316,128.495834350586,999.893371582031,999.893371582031,,,6.36334276199341,,1,0,0,0,0,30.3030319213867,2,1,1,127.87181854248,0,128.210308074951,,,1.20746744504779E-5,5.97842411640603E-7,1.21296645274953E-5,5.97957875288585E-7,0.900515735149384,0.964726388454437,30.4767246246338,0.187487632036209,30,4,200,-0.00016865310317371,-0.0727576613426209,-0.0141196036711335,1,,,,,,,,,,,,,,,,
,3952782906.7581,127.612548828125,999.893371582031,,,6,,,,30.8295620846375,,,1,,,,,,,,,,,,,,,,,,,,,,127.41837310791,127.858757019043,999.893371582031,999.893371582031,,,6.36278104782104,,1,0,0,0,0,30.7917900085449,2,1,1,127.366340637207,0,127.650650872125,,,1.21590807356917E-5,6.02057104819302E-7,1.22170241602223E-5,6.02174771992988E-7,0.899928092956543,0.969226360321045,30.4682712554932,5.33347082138062,30,4,200,-0.000131500826682895,-0.0755832344293594,-0.0168053321540356,1,,,,,,,,,,,,,,,,
,3952782916.7904,127.041065216064,999.893371582031,,,6,,,,30.8295620846375,,,1,,,,,,,,,,,,,,,,,,,,,,126.810943603516,127.321769714355,999.893371582031,999.893371582031,,,6.36170053482056,,1,0,0,0,0,30.3030319213867,2,1,1,126.760360717773,0,127.071562025282,,,1.22559554709355E-5,6.0662560994598E-7,1.23106992365955E-5,6.06738176251316E-7,0.903725624084473,0.972264647483826,30.4799900054932,0,30,4,200,-0.000248951138928533,-0.0758483037352562,-0.0160893388092518,1,,,,,,,,,,,,,,,,
,3952782926.5578,126.492206573486,999.893371582031,,,6,,,,30.8295620846375,,,1,,,,,,,,,,,,,,,,,,,,,,126.311637878418,126.760360717773,999.893371582031,999.893371582031,,,6.35987854003906,,1,0,0,0,0.0009918212890625,30.7917900085449,2,1,1,126.224052429199,0,126.540516323513,,,1.22927018456944E-5,6.08919151566664E-7,1.23547087742108E-5,6.09048136039366E-7,0.896011888980866,0.964897215366364,30.4583206176758,0,30,4,200,-7.01333774486557E-5,-0.0772877335548401,-0.0180894155055285,1,,,,,,,,,,,,,,,,
,3952782936.19733,125.935958862305,999.893371582031,,,6,,,,30.8295620846375,,,1,,,,,,,,,,,,,,,,,,,,,,125.668395996094,126.224052429199,999.893371582031,999.893371582031,,,6.35880041122436,,1,0,0,0,0,30.7917900085449,2,1,1,125.64786529541,0,125.93707868788,,,1.23921455354126E-5,6.13927855898688E-7,1.24555608702074E-5,6.1405704284711E-7,0.894736230373383,0.963209509849548,30.4554176330566,0.18759098649025,30,4,200,-7.12323308107443E-5,-0.0788696631789207,-0.0186864268034697,1,,,,,,,,,,,,,,,,
,3952782945.83091,125.371402740479,999.893371582031,,,6,,,,30.8295620846375,,,1,,,,,,,,,,,,,,,,,,,,,,125.131736755371,125.64786529541,999.893371582031,999.893371582031,,,6.35770130157471,,1,0,0,0,0.0128173828125,30.7917900085449,2,1,1,125.094940185547,0,125.379796346029,,,1.24523676758934E-5,6.16622019304278E-7,1.25098768001539E-5,6.16738236338008E-7,0.89924281835556,0.963061094284058,30.4743518829346,0,30,4,200,-0.000118216936243698,-0.0803747698664665,-0.0199157577008009,1,,,,,,,,,,,,,,,,
,3952782955.8884,124.78010559082,999.893371582031,,,6,,,,30.8295620846375,,,1,,,,,,,,,,,,,,,,,,,,,,124.545616149902,125.049308776855,999.893371582031,999.893371582031,,,6.35679006576538,,1,0,0,0,0,30.7917900085449,2,1,1,124.510902404785,0,124.811347113715,,,1.24564045321814E-5,6.16969346853359E-7,1.25179758899604E-5,6.17095260243142E-7,0.896923899650574,0.964966356754303,30.461576461792,,30,4,200,-0.000201616057893261,-0.0815457478165626,-0.0208687521517277,1,,,,,,,,,,,,,,,,
,3952782974.40784,123.671588897705,999.893371582031,,,6,,,,30.8242175390969,,,1,,,,,,,,,,,,,,,,,,,,,,123.467559814453,123.931205749512,999.893371582031,999.893371582031,,,6.35397911071777,,1,0,0,0,0,30.7917900085449,2,1,1,123.411972045898,0,123.704097323947,,,1.27006888397214E-5,6.28793443798493E-7,1.27630197178834E-5,6.28920000287671E-7,0.901217401027679,0.979579865932465,30.4574146270752,0.0401144959032536,30,4,200,-0.000260067492490634,-0.0844335034489632,-0.0229846034198999,1,,,,,,,,,,,,,,,,
,3952782984.20867,123.105140686035,999.893371582031,,,6,,,,30.8242175390969,,,1,,,,,,,,,,,,,,,,,,,,,,122.808692932129,123.401588439941,999.893371582031,999.893371582031,,,6.35244035720825,,1,0,0,0,0.0128173828125,30.7917900085449,2,1,1,122.808692932129,0,123.112857055664,,,1.27495910892924E-5,6.31738635834981E-7,1.28162251465743E-5,6.31874854591537E-7,0.893226623535156,0.961651086807251,30.4461822509766,0,30,4,200,-2.0860743461526E-5,-0.0858243107795715,-0.023851964622736,1,,,,,,,,,,,,,,,,
,3952782993.94955,122.528942108154,999.893371582031,,,6,,,,30.8242175390969,,,1,,,,,,,,,,,,,,,,,,,,,,122.290176391602,122.798210144043,999.893371582031,999.893371582031,,,6.3515567779541,,1,0,0,0,0,30.7917900085449,2,1,1,122.259674072266,0,122.562839084201,,,1.27939834083808E-5,6.33617614842502E-7,1.28576216010262E-5,6.33745473175281E-7,0.89802211523056,0.969445705413818,30.4551448822022,1,30,4,200,-0.000143485740409233,-0.0871889442205429,-0.024995181709528,1,,,,,,,,,,,,,,,,
,3952783004.12642,121.938117980957,999.893371582031,,,6,,,,30.8242175390969,,,1,,,,,,,,,,,,,,,,,,,,,,121.673713684082,122.222587585449,999.893371582031,999.893371582031,,,6.35030460357666,,1,0,0,0,0.0128173828125,30.7917900085449,2,1,1,121.653648376465,0,121.979050530328,,,1.28559409780088E-5,6.3654805657719E-7,1.29171156299839E-5,6.3667460670184E-7,0.900149643421173,0.969620704650879,30.4633388519287,0.17734257876873,30,4,200,-0.000132489949464798,-0.0886521488428116,-0.026373440399766,1,,,,,,,,,,,,,,,,
,3952783013.82807,121.370708465576,999.893371582031,,,6,,,,30.8242175390969,,,1,,,,,,,,,,,,,,,,,,,,,,121.127777099609,121.653648376465,999.893371582031,999.893371582031,,,6.34870767593384,,1,0,0,0,0,29.8142719268799,2,1,1,121.087768554687,0,121.392307705349,,,1.29040221608634E-5,6.3918671379204E-7,1.29700079612351E-5,6.39324317674609E-7,0.89622300863266,0.967489719390869,30.4502773284912,,30,4,200,-4.75750784971751E-5,-0.0886884778738022,-0.0263281408697367,1,,,,,,,,,,,,,,,,
,3952783023.45588,120.812816619873,999.893371582031,,,6,,,,30.8242175390969,,,1,,,,,,,,,,,,,,,,,,,,,,120.613441467285,121.074722290039,999.893371582031,999.893371582031,,,6.34792900085449,,1,0,0,0,0,30.3030319213867,2,1,1,120.550910949707,0,120.862161636353,,,1.30523284193008E-5,6.46552187025266E-7,1.31188337187043E-5,6.46687022504384E-7,0.895941257476807,0.966251313686371,30.450813293457,4.56655561720254E-6,30,4,200,-0.000103979640698526,-0.0902964770793915,-0.0273826327174902,1,,,,,,,,,,,,,,,,
,3952783033.17506,120.264724731445,999.893371582031,,,6,,,,30.8242175390969,,,1,,,,,,,,,,,,,,,,,,,,,,120.028648376465,120.542175292969,999.893371582031,999.893371582031,,,6.34600019454956,,1,0,0,0,0,30.3030319213867,2,1,1,119.987274169922,0,120.27444712321,,,1.30781350716712E-5,6.47896069220369E-7,1.31457328385302E-5,6.48037666718526E-7,0.89498370885849,0.965141773223877,30.4485721588135,6.76357698440552,30,4,200,-4.92605286126491E-5,-0.0910495147109032,-0.0277146585285664,1,,,,,,,,,,,,,,,,
,3952783043.26651,119.679351806641,999.893371582031,,,6,,,,30.8242175390969,,,1,,,,,,,,,,,,,,,,,,,,,,119.418701171875,119.96411895752,999.893371582031,999.893371582031,,,6.3450756072998,,1,0,0,0,0.0128173828125,30.7917900085449,2,1,1,119.394584655762,0,119.693694220649,,,1.31606520016897E-5,6.51653057421962E-7,1.32246404088259E-5,6.51783466215505E-7,0.89987975358963,0.972180843353271,30.459436416626,,30,4,200,-0.000230396661208943,-0.0930578485131264,-0.0292516630142927,1,,,,,,,,,,,,,,,,
,3952783053.16819,119.107799530029,999.893371582031,,,6,,,,30.8242175390969,,,1,,,,,,,,,,,,,,,,,,,,,,118.874839782715,119.382659912109,999.893371582031,999.893371582031,,,6.34351015090942,,1,0,0,0,0,30.3030319213867,2,1,1,118.832939147949,0,119.152113172743,,,1.32285748583377E-5,6.55133382356536E-7,1.32939956090979E-5,6.55269020225738E-7,0.898131608963013,0.968719005584717,30.456262588501,,30,4,200,-8.8776352640707E-5,-0.094648614525795,-0.0304861031472683,1,,,,,,,,,,,,,,,,
,3952783071.78473,118.00231552124,999.893371582031,,,6,,,,30.8190564888225,,,1,,,,,,,,,,,,,,,,,,,,,,117.750717163086,118.28532409668,999.893371582031,999.893371582031,,,6.3405385017395,,1,0,0,0,0.0128173828125,30.3030319213867,2,1,1,117.719306945801,0,118.026106940375,,,1.35048512945184E-5,6.68432505180109E-7,1.35680220118904E-5,6.68557616428403E-7,0.90385913848877,0.981920897960663,30.4607620239258,3.98774909973145,30,4,200,-0.000405121623771265,-0.0979956686496735,-0.032431997358799,1,,,,,,,,,,,,,,,,
,3952783081.39144,117.447052001953,999.893371582031,,,6,,,,30.8190564888225,,,1,,,,,,,,,,,,,,,,,,,,,,117.217948913574,117.719306945801,999.893371582031,999.893371582031,,,6.34024524688721,,1,0,0,0,0,30.3030319213867,2,1,1,117.174797058105,0,117.456856621636,,,1.34749536299722E-5,6.67488045315145E-7,1.35430758676488E-5,6.67627113533289E-7,0.895927131175995,0.965061783790588,30.4474754333496,0,30,4,200,-6.38137644273229E-5,-0.099643312394619,-0.0343065932393074,1,,,,,,,,,,,,,,,,
,3952783091.38723,116.862384796143,999.893371582031,,,6,,,,30.8190564888225,,,1,,,,,,,,,,,,,,,,,,,,,,116.631683349609,117.150588989258,999.893371582031,999.893371582031,,,6.33825397491455,,1,0,0,0,0.0128173828125,30.7917900085449,2,1,1,116.574180603027,0,116.889793395996,,,1.35894116576773E-5,6.72938235892923E-7,1.36573327126682E-5,6.73073944336708E-7,0.899072587490082,0.974108636379242,30.4488220214844,5.3330020904541,30,4,200,-0.000185984332347289,-0.100418962538242,-0.0347977615892887,1,,,,,,,,,,,,,,,,
,3952783101.14982,116.281364440918,999.893371582031,,,6,,,,30.8190564888225,,,1,,,,,,,,,,,,,,,,,,,,,,116.028984069824,116.574180603027,999.893371582031,999.893371582031,,,6.33721733093262,,1,0,0,0,0,29.8142719268799,2,1,1,115.988548278809,0,116.312709384494,,,1.36337230934085E-5,6.75529014863724E-7,1.37085749934535E-5,6.75674582722767E-7,0.893475353717804,0.9701247215271,30.4305953979492,0,30,4,200,-0.000125037433463149,-0.102061100304127,-0.0361557528376579,1,,,,,,,,,,,,,,,,
,3952783110.81017,115.720237731934,999.893371582031,,,6,,,,30.8190564888225,,,1,,,,,,,,,,,,,,,,,,,,,,115.463226318359,115.988548278809,999.893371582031,999.893371582031,,,6.3357744216919,,1,0,0,0,0,30.7917900085449,2,1,1,115.451927185059,0,115.705805460612,,,1.37053754124373E-5,6.78784256375827E-7,1.37758577823723E-5,6.78925973131119E-7,0.897590756416321,0.973517894744873,30.4436016082764,0.0378821007907391,30,4,200,-0.000173435546457767,-0.10297242552042,-0.0368261635303497,1,,,,,,,,,,,,,,,,
,3952783120.45665,115.173294067383,999.893371582031,,,6,,,,30.8190564888225,,,1,,,,,,,,,,,,,,,,,,,,,,114.937202453613,115.451927185059,999.893371582031,999.893371582031,,,6.33384847640991,,1,0,0,0,0,29.3255138397217,2,1,1,114.894660949707,0,115.187444051107,,,1.38101377734478E-5,6.84255094368382E-7,1.38858327760424E-5,6.84408113047991E-7,0.893680393695831,0.970288872718811,30.4315586090088,,30,4,200,-0.000119511438242625,-0.104373216629028,-0.0379385277628899,1,,,,,,,,,,,,,,,,
,3952783130.55855,114.564872741699,999.893371582031,,,6,,,,30.8190564888225,,,1,,,,,,,,,,,,,,,,,,,,,,114.322883605957,114.874420166016,999.893371582031,999.893371582031,,,6.33254480361938,,1,0,0,0,0.0128173828125,30.7917900085449,2,1,1,114.255325317383,0,114.588897705078,,,1.39147692611274E-5,6.88970420027373E-7,1.39848014879163E-5,6.89111711797158E-7,0.900209724903107,0.980572819709778,30.4476089477539,0,30,4,200,-0.000276551523711532,-0.105800926685333,-0.0387504026293755,1,,,,,,,,,,,,,,,,
,3952783140.37534,113.953804016113,999.893371582031,,,6,,,,30.8190564888225,,,1,,,,,,,,,,,,,,,,,,,,,,113.709747314453,114.255325317383,999.893371582031,999.893371582031,,,6.33135747909546,,1,0,0,0,0,30.3030319213867,2,1,1,113.652282714844,0,113.982981363932,,,1.39869497429709E-5,6.9300794763317E-7,1.40639207326018E-5,6.93162592614636E-7,0.893780827522278,0.971423447132111,30.4307498931885,0,30,4,200,-9.99464828055352E-5,-0.106545321643353,-0.0392054989933968,1,,,,,,,,,,,,,,,,
,3952783150.03129,113.385761260986,999.893371582031,,,6,,,,30.8190564888225,,,1,,,,,,,,,,,,,,,,,,,,,,113.15145111084,113.635581970215,999.893371582031,999.893371582031,,,6.32959127426147,,1,0,0,0,0,30.3030319213867,2,1,1,113.135940551758,0,113.389002482096,,,1.40748841515436E-5,6.97178854114163E-7,1.41494164717628E-5,6.97330233634661E-7,0.896296441555023,0.973850905895233,30.4380149841309,0.187462881207466,30,4,200,-0.000234790859394707,-0.10809887945652,-0.0401080250740051,1,,,,,,,,,,,,,,,,
,3952783159.99561,112.838092803955,999.893371582031,,,6,,,,30.8190564888225,,,1,,,,,,,,,,,,,,,,,,,,,,112.560447692871,113.115737915039,999.893371582031,999.893371582031,,,6.32819080352783,,1,0,0,0,0,31.2805480957031,2,1,1,112.560447692871,0,112.853731536865,,,1.41395411207579E-5,7.00278684675538E-7,1.42129238401919E-5,7.00428034873532E-7,0.897705316543579,0.975654304027557,30.4418830871582,5.51741647720337,30,4,200,-0.000249916542088613,-0.109229721128941,-0.0409636087715626,1,,,,,,,,,,,,,,,,
,3952783178.86157,111.709400177002,999.893371582031,,,6,,,,30.8135518623965,,,1,,,,,,,,,,,,,,,,,,,,,,111.481925964355,111.976905822754,999.893371582031,999.893371582031,,,6.32598257064819,,1,0,0,0,0,30.7917900085449,2,1,1,111.44189453125,0,111.734462314182,,,1.44037601457465E-5,7.13093915532381E-7,1.44754648364393E-5,7.13244893185827E-7,0.901444137096405,0.98411226272583,30.4442882537842,INF,30,4,200,-0.000353666808223352,-0.112186081707478,-0.0423170849680901,1,,,,,,,,,,,,,,,,
,3952783188.52045,111.139572143555,999.893371582031,,,6,,,,30.8135518623965,,,1,,,,,,,,,,,,,,,,,,,,,,110.88508605957,111.44189453125,999.893371582031,999.893371582031,,,6.3239574432373,,1,0,0,0,0.0128173828125,30.3030319213867,2,1,1,110.837249755859,0,111.173204210069,,,1.44079149084314E-5,7.13650505366501E-7,1.44838192301319E-5,7.13807835923151E-7,0.896625638008118,0.974007785320282,30.4339065551758,5.51669359207153,30,4,200,-0.00016721326392144,-0.113585710525513,-0.0443163700401783,1,,,,,,,,,,,,,,,,
,3952783198.22788,110.574779510498,999.893371582031,,,6,,,,30.8135518623965,,,1,,,,,,,,,,,,,,,,,,,,,,110.336883544922,110.832901000977,999.893371582031,999.893371582031,,,6.32285928726196,,1,0,0,0,0.0128173828125,30.3030319213867,2,1,1,110.31665802002,0,110.603598700629,,,1.45294896033065E-5,7.19682186250213E-7,1.4607377428875E-5,7.19841906015699E-7,0.896492481231689,0.977139949798584,30.4301490783691,6.76281833648682,30,4,200,-0.000184819640708156,-0.114492759108543,-0.0446289256215096,1,,,,,,,,,,,,,,,,
,3952783207.82941,110.054252624512,999.893371582031,,,6,,,,30.8135518623965,,,1,,,,,,,,,,,,,,,,,,,,,,109.840797424316,110.31665802002,999.893371582031,999.893371582031,,,6.32145643234253,,1,0,0,0,0.0128173828125,30.3030319213867,2,1,1,109.791847229004,0,110.073533799913,,,1.45844879011761E-5,7.22394170279166E-7,1.46624647756341E-5,7.22557915459023E-7,0.896653413772583,0.977054893970489,30.4310417175293,0.0429379716515541,30,4,200,-0.000201309856493026,-0.115296624600887,-0.044881708920002,1,,,,,,,,,,,,,,,,
,3952783217.87824,109.474700927734,999.893371582031,,,6,,,,30.8135518623965,,,1,,,,,,,,,,,,,,,,,,,,,,109.208984375,109.774589538574,999.893371582031,999.893371582031,,,6.31982612609863,,1,0,0,0,0.0128173828125,30.7917900085449,2,1,1,109.174812316895,0,109.487939622667,,,1.47046257224681E-5,7.28310616622393E-7,1.47826490560596E-5,7.28476086856916E-7,0.89710533618927,0.977329611778259,30.4327735900879,0,30,4,200,-0.000215637322980911,-0.116055704653263,-0.0453977137804031,1,,,,,,,,,,,,,,,,
,3952783227.62648,108.904441833496,999.893371582031,,,6,,,,30.8135518623965,,,1,,,,,,,,,,,,,,,,,,,,,,108.690734863281,109.174812316895,999.893371582031,999.893371582031,,,6.31841611862183,,1,0,0,0,0,30.7917900085449,2,1,1,108.634071350098,0,108.95080227322,,,1.47626432575804E-5,7.31404313291138E-7,1.48445328313718E-5,7.31574403445224E-7,0.894250571727753,0.974558293819427,30.4240207672119,0,30,4,200,-0.000170828352565877,-0.117225773632526,-0.046208705753088,1,,,,,,,,,,,,,,,,
,3952783237.29551,108.336547851562,999.893371582031,,,6,,,,30.8135518623965,,,1,,,,,,,,,,,,,,,,,,,,,,108.080825805664,108.621910095215,999.893371582031,999.893371582031,,,6.31702280044556,,1,0,0,0,0.0128173828125,30.7917900085449,2,1,1,108.05118560791,0,108.354287041558,,,1.48689911800427E-5,7.36822132622392E-7,1.49534007114798E-5,7.36995702357782E-7,0.892378091812134,0.971730470657349,30.4195308685303,,30,4,200,-0.000163598568178713,-0.118356332182884,-0.0464370176196098,1,,,,,,,,,,,,,,,,
,3952783247.26975,107.74299621582,999.893371582031,,,6,,,,30.8135518623965,,,1,,,,,,,,,,,,,,,,,,,,,,107.450477600098,108.04077911377,999.893371582031,999.893371582031,,,6.31535291671753,,1,0,0,0,0,30.3030319213867,2,1,1,107.43480682373,0,107.736070251465,,,1.49666308430854E-5,7.41470430767374E-7,1.50496079594931E-5,7.41641150002278E-7,0.894759893417358,0.97676420211792,30.423942565918,0.170938223600388,30,4,200,-0.000201263173948973,-0.120446860790253,-0.0482177808880806,1,,,,,,,,,,,,,,,,
,3952783257.2932,107.125007629395,999.893371582031,,,6,,,,30.8135518623965,,,1,,,,,,,,,,,,,,,,,,,,,,106.87451171875,107.424613952637,999.893371582031,999.893371582031,,,6.31357431411743,,1,0,0,0,0.0141143798828125,30.7917900085449,2,1,1,106.825401306152,0,107.180993821886,,,1.50927675478702E-5,7.47576675739645E-7,1.51757523706956E-5,7.47747052336703E-7,0.896569311618805,0.984355509281158,30.4253959655762,0,30,4,200,-0.000369391724234447,-0.121655568480492,-0.048719622194767,1,,,,,,,,,,,,,,,,
,3952783266.95988,106.548160552979,999.893371582031,,,6,,,,30.8135518623965,,,1,,,,,,,,,,,,,,,,,,,,,,106.289108276367,106.825401306152,999.893371582031,999.893371582031,,,6.31247520446777,,1,0,0,0,0.0128173828125,30.3030319213867,2,1,1,106.270919799805,0,106.545462714301,,,1.51198345544359E-5,7.49246616940026E-7,1.52068889517581E-5,7.49429661644494E-7,0.89245069026947,0.974694192409515,30.4166469573975,0,30,4,200,-0.00014040399400983,-0.123632341623306,-0.0509591400623322,1,,,,,,,,,,,,,,,,
,3952783285.3718,105.497188568115,999.893371582031,,,6,,,,30.8082576378438,,,1,,,,,,,,,,,,,,,,,,,,,,105.232231140137,105.782386779785,999.893371582031,999.893371582031,,,6.30931377410889,,1,0,0,0,0,30.7917900085449,2,1,1,105.211990356445,0,105.513461642795,,,1.5367782899106E-5,7.60993950699861E-7,1.5446717496191E-5,7.61151367375617E-7,0.89917927980423,0.980404496192932,30.4328308105469,5.5165958404541,30,4,200,-0.000435704132542014,-0.128058776259422,-0.0532414019107819,1,,,,,,,,,,,,,,,,
,3952783295.05811,104.950107574463,999.893371582031,,,6,,,,30.8082576378438,,,1,,,,,,,,,,,,,,,,,,,,,,104.731781005859,105.211990356445,999.893371582031,999.893371582031,,,6.30792427062988,,1,0,0,0,0.0128173828125,30.3030319213867,2,1,1,104.68822479248,0,104.968237135145,,,1.54241715246249E-5,7.64017633943191E-7,1.55077851329003E-5,7.641864375816E-7,0.896247208118439,0.978736758232117,30.422721862793,1,30,4,200,-0.000304426881484687,-0.130167335271835,-0.0558930411934853,1,,,,,,,,,,,,,,,,
,3952783305.1677,104.369438171387,999.893371582031,,,6,,,,30.8082576378438,,,1,,,,,,,,,,,,,,,,,,,,,,104.111473083496,104.66934967041,999.893371582031,999.893371582031,,,6.30616140365601,,1,0,0,0,0,30.3030319213867,2,1,1,104.069526672363,0,104.377566019694,,,1.55629850120309E-5,7.70748913552589E-7,1.56453426879466E-5,7.70916387549352E-7,0.898052394390106,0.981936275959015,30.4276885986328,0,30,4,200,-0.000260275031905621,-0.131012380123138,-0.0561056882143021,1,,,,,,,,,,,,,,,,
,3952783315.00199,103.77713394165,999.893371582031,,,6,,,,30.8082576378438,,,1,,,,,,,,,,,,,,,,,,,,,,103.553985595703,104.069526672363,999.893371582031,999.893371582031,,,6.30491971969604,,1,0,0,0,0,30.3030319213867,2,1,1,103.484741210938,0,103.804951985677,,,1.56447818567486E-5,7.74978822292083E-7,1.57307000174344E-5,7.75149103865493E-7,0.895838260650635,0.980132639408112,30.4201164245605,,30,4,200,-0.000251595105510205,-0.132137209177017,-0.0570491999387741,1,,,,,,,,,,,,,,,,
,3952783324.66825,103.195487976074,999.893371582031,,,6,,,,30.8082576378438,,,1,,,,,,,,,,,,,,,,,,,,,,102.951499938965,103.469940185547,999.893371582031,999.893371582031,,,6.30295276641846,,1,0,0,0,0.0128173828125,30.7917900085449,2,1,1,102.921035766602,0,103.228503757053,,,1.57597697938404E-5,7.80938336869635E-7,1.58513112486414E-5,7.81120914437601E-7,0.892681419849396,0.978365838527679,30.4093189239502,,30,4,200,-0.000135409049107693,-0.132568836212158,-0.0571789108216763,1,,,,,,,,,,,,,,,,
,3952783334.57239,102.596096038818,999.893371582031,,,6,,,,30.8082576378438,,,1,,,,,,,,,,,,,,,,,,,,,,102.381561279297,102.921035766602,999.893371582031,999.893371582031,,,6.30090999603271,,1,0,0,0,0,30.7917900085449,2,1,1,102.271156311035,0,102.643262227376,,,1.58055406882773E-5,7.83153859052193E-7,1.58951747383149E-5,7.83327589595511E-7,0.893298864364624,0.975837588310242,30.4138870239258,3.98279047012329,30,4,200,-5.54295656911563E-5,-0.13295404613018,-0.0575157329440117,1,,,,,,,,,,,,,,,,
,3952783344.50964,102.009223937988,999.893371582031,,,6,,,,30.8082576378438,,,1,,,,,,,,,,,,,,,,,,,,,,101.834449768066,102.271156311035,999.893371582031,999.893371582031,,,6.29958868026733,,1,0,0,0,0,31.2805480957031,2,1,1,101.747291564941,0,102.046652052138,,,1.59466120531718E-5,7.89831852466449E-7,1.60318635133351E-5,7.90007050178146E-7,0.897027671337128,0.979029178619385,30.4257335662842,0,30,4,200,-0.000174801287357695,-0.133070200681686,-0.0570670254528522,1,,,,,,,,,,,,,,,,
,3952783354.20887,101.444728851318,999.893371582031,,,6,,,,30.8082576378438,,,1,,,,,,,,,,,,,,,,,,,,,,101.151596069336,101.747291564941,999.893371582031,999.893371582031,,,6.29827737808228,,1,0,0,0,0,30.3030319213867,2,1,1,101.142166137695,0,101.439810011122,,,1.60570116814035E-5,7.95560975136068E-7,1.6148898055216E-5,7.95749457734471E-7,0.893921494483948,0.98056423664093,30.4124164581299,0.187625214457512,30,4,200,-0.00016021951159928,-0.134016379714012,-0.057383269071579,1,,,,,,,,,,,,,,,,
,3952783363.90312,100.874614715576,999.893371582031,,,6,,,,30.8082576378438,,,1,,,,,,,,,,,,,,,,,,,,,,100.684478759766,101.134910583496,999.893371582031,999.893371582031,,,6.29632425308228,,1,0,0,0,0.0128173828125,29.3255138397217,2,1,1,100.614318847656,0,100.917332119412,,,1.61920944340301E-5,8.0215160321278E-7,1.62832465490577E-5,8.02335903121671E-7,0.895114362239838,0.98285049200058,30.4154396057129,1.48869492022641E-6,30,4,200,-0.000187801226275042,-0.135034769773483,-0.0576136000454426,1,,,,,,,,,,,,,,,,
,3952783373.95861,100.312633514404,999.893371582031,,,6,,,,30.8082576378438,,,1,,,,,,,,,,,,,,,,,,,,,,100.043571472168,100.565650939941,999.893371582031,999.893371582031,,,6.29470109939575,,1,0,0,0,0,30.7917900085449,2,1,1,100.010948181152,0,100.300691392687,,,1.62651778506828E-5,8.05689590488873E-7,1.63551146943557E-5,8.05869783439255E-7,0.896086096763611,0.983396470546722,30.4189491271973,,30,4,200,-0.000254243117524311,-0.13579361140728,-0.0580307766795158,1,,,,,,,,,,,,,,,,
,3952783392.6493,99.2313461303711,999.893371582031,,,6,,,,30.8031518429295,,,1,,,,,,,,,,,,,,,,,,,,,,98.9883193969727,99.5053863525391,999.893371582031,999.893371582031,,,6.29141139984131,,1,0,0,0,0.0128173828125,30.3030319213867,2,1,1,98.9573059082031,0,99.2748701307509,,,1.65133426410448E-5,8.17828406961894E-7,1.66023157884564E-5,8.18007601824652E-7,0.897894620895386,0.98690789937973,30.4186630249023,0.187545254826546,30,4,200,-0.000359227240551263,-0.13804991543293,-0.0590741410851479,1,,,,,,,,,,,,,,,,
,3952783402.3219,98.6724510192871,999.893371582031,,,6,,,,30.8031518429295,,,1,,,,,,,,,,,,,,,,,,,,,,98.3875961303711,98.9573059082031,999.893371582031,999.893371582031,,,6.28997230529785,,1,0,0,0,0,30.7917900085449,2,1,1,98.3875961303711,0,98.690665435791,,,1.65674213500064E-5,8.2061494895422E-7,1.66582589802436E-5,8.2080057199192E-7,0.896624386310577,0.983860611915588,30.4156055450439,0.0457470789551735,30,4,200,-0.000230668360018171,-0.138493984937668,-0.0592509098351002,1,,,,,,,,,,,,,,,,
,3952783412.02329,98.1144332885742,999.893371582031,,,6,,,,30.8031518429295,,,1,,,,,,,,,,,,,,,,,,,,,,97.8636245727539,98.3797836303711,999.893371582031,999.893371582031,,,6.28781795501709,,1,0,0,0,0,30.3030319213867,2,1,1,97.8337249755859,0,98.1133787367079,,,1.6662547913929E-5,8.25402649578602E-7,1.67542671263681E-5,8.25593282211932E-7,0.895747065544128,0.979724228382111,30.4151859283447,,30,4,200,-0.000104519443993922,-0.139137834310532,-0.0596410110592842,1,,,,,,,,,,,,,,,,
,3952783422.04995,97.5232467651367,999.893371582031,,,6,,,,30.8031518429295,,,1,,,,,,,,,,,,,,,,,,,,,,97.328483581543,97.8337249755859,999.893371582031,999.893371582031,,,6.28625154495239,,1,0,0,0,0,30.7917900085449,2,1,1,97.2127685546875,0,97.5784166124132,,,1.67786410624085E-5,8.31332883414209E-7,1.68760370721596E-5,8.31531745754914E-7,0.893719553947449,0.983808040618897,30.4043273925781,INF,30,4,200,-0.000167453064932488,-0.138984307646751,-0.0590068735182285,1,,,,,,,,,,,,,,,,
,3952783432.08162,96.926830291748,999.893371582031,,,6,,,,30.8031518429295,,,1,,,,,,,,,,,,,,,,,,,,,,96.7193832397461,97.19873046875,999.893371582031,999.893371582031,,,6.28459692001343,,1,0,0,0,0,30.7917900085449,2,1,1,96.6549301147461,0,96.9721340603299,,,1.69265643246459E-5,8.38450846656808E-7,1.70207537796962E-5,8.38641990834593E-7,0.89608633518219,0.985360741615295,30.4125118255615,3.98270010948181,30,4,200,-0.000260859233094379,-0.139465600252151,-0.0587704405188561,1,,,,,,,,,,,,,,,,
,3952783441.77482,96.3444633483887,999.893371582031,,,6,,,,30.8031518429295,,,1,,,,,,,,,,,,,,,,,,,,,,96.0458221435547,96.6549301147461,999.893371582031,999.893371582031,,,6.28248262405395,,1,0,0,0,0.0128173828125,30.7917900085449,2,1,1,96.0339965820312,0,96.332640753852,,,1.70307213542238E-5,8.43660501208436E-7,1.71251626408932E-5,8.43855513337378E-7,0.895523369312286,0.98057097196579,30.4135665893555,,30,4,200,-0.000198467649170198,-0.140602350234985,-0.059247761964798,1,,,,,,,,,,,,,,,,
,3952783451.45191,95.7547302246094,999.893371582031,,,6,,,,30.8031518429295,,,1,,,,,,,,,,,,,,,,,,,,,,95.5268630981445,96.0199813842773,999.893371582031,999.893371582031,,,6.28109121322632,,1,0,0,0,0,30.3030319213867,2,1,1,95.4894790649414,0,95.7942267523871,,,1.71387447772222E-5,8.49015453223334E-7,1.72352439294167E-5,8.49218223938568E-7,0.895482242107391,0.984759092330933,30.4106369018555,0.065648041665554,30,4,200,-0.000259260297752917,-0.141661554574966,-0.0598783195018768,1,,,,,,,,,,,,,,,,
,3952783461.37199,95.1954803466797,999.893371582031,,,6,,,,30.8031518429295,,,1,,,,,,,,,,,,,,,,,,,,,,94.9213714599609,95.4894790649414,999.893371582031,999.893371582031,,,6.27887344360352,,1,0,0,0,0,30.3030319213867,2,1,1,94.901481628418,0,95.2261238098145,,,1.72328721701571E-5,8.5382350091685E-7,1.73323004739767E-5,8.54027788576693E-7,0.893885791301727,0.982786417007446,30.4055652618408,,30,4,200,-0.000195630869711749,-0.142141073942184,-0.0599174909293652,1,,,,,,,,,,,,,,,,
,3952783471.31549,94.6304359436035,999.893371582031,,,6,,,,30.8031518429295,,,1,,,,,,,,,,,,,,,,,,,,,,94.403678894043,94.901481628418,999.893371582031,999.893371582031,,,6.27710151672363,,1,0,0,0,0.0128173828125,30.7917900085449,2,1,1,94.3593902587891,0,94.6527430216471,,,1.73818006353811E-5,8.61184960126092E-7,1.74821198628317E-5,8.61393108367288E-7,0.894073963165283,0.983961760997772,30.405818939209,0,30,4,200,-0.000249824661295861,-0.14252570271492,-0.0598517842590809,1,,,,,,,,,,,,,,,,
,3952783481.00762,94.0888404846191,999.893371582031,,,6,,,,30.8031518429295,,,1,,,,,,,,,,,,,,,,,,,,,,93.8296127319336,94.3483428955078,999.893371582031,999.893371582031,,,6.27525043487549,,1,0,0,0,0.0128173828125,30.7917900085449,2,1,1,93.8182907104492,0,94.0844489203559,,,1.74786324218714E-5,8.65945979352393E-7,1.75788601812505E-5,8.66145547990048E-7,0.894467055797577,0.98501068353653,30.4065456390381,0.187607496976852,30,4,200,-0.000284395093331113,-0.143649503588676,-0.060076292604208,1,,,,,,,,,,,,,,,,
,3952783490.68114,93.5065078735352,999.893371582031,,,6,,,,30.8031518429295,,,1,,,,,,,,,,,,,,,,,,,,,,93.2539215087891,93.8054046630859,999.893371582031,999.893371582031,,,6.27314281463623,,1,0,0,0,0.0128173828125,30.7917900085449,2,1,1,93.2076110839844,0,93.5474548339844,,,1.7622806013843E-5,8.73282601497147E-7,1.77276022981565E-5,8.73503671717946E-7,0.892406105995178,0.982908248901367,30.3998050689697,0.0665728151798248,30,4,200,-0.000242729904130101,-0.144359901547432,-0.0602751448750496,1,,,,,,,,,,,,,,,,
,3952783508.84161,92.4444313049316,999.893371582031,,,6,,,,30.7978307463737,,,1,,,,,,,,,,,,,,,,,,,,,,92.1867446899414,92.7324676513672,999.893371582031,999.893371582031,,,6.27015113830566,,1,0,0,0,0,30.7917900085449,2,1,1,92.1563949584961,0,92.4610493977865,,,1.79083220444479E-5,8.87161986031437E-7,1.8010634595771E-5,8.87370199177515E-7,0.895230114459991,0.989369690418243,30.4019622802734,0.187572717666626,30,4,200,-0.00029864432872273,-0.146293744444847,-0.0606750063598156,1,,,,,,,,,,,,,,,,
,3952783518.77597,91.8568801879883,999.893371582031,,,6,,,,30.7978307463737,,,1,,,,,,,,,,,,,,,,,,,,,,91.5773620605469,92.1563949584961,999.893371582031,999.893371582031,,,6.26793479919434,,1,0,0,0,0,30.7917900085449,2,1,1,91.5573654174805,0,91.8814277648926,,,1.80494139928494E-5,8.94276563159343E-7,1.81548748621376E-5,8.9448548261929E-7,0.893922805786133,0.988530516624451,30.3973922729492,2.11821293305547E-6,30,4,200,-0.000276280217804015,-0.146557703614235,-0.0603634752333164,1,,,,,,,,,,,,,,,,
,3952783528.70702,91.2907829284668,999.893371582031,,,6,,,,30.7978307463737,,,1,,,,,,,,,,,,,,,,,,,,,,91.0786437988281,91.5573654174805,999.893371582031,999.893371582031,,,6.26628017425537,,1,0,0,0,0,30.7917900085449,2,1,1,91.0242004394531,0,91.3229802449544,,,1.81241049718248E-5,8.97988217629259E-7,1.82295227574808E-5,8.98194958048983E-7,0.893804907798767,0.985763847827911,30.3982315063477,2.60195042756095E-6,30,4,200,-0.000239811241044663,-0.146595641970634,-0.0605976358056068,1,,,,,,,,,,,,,,,,
,3952783538.35241,90.7465400695801,999.893371582031,,,6,,,,30.7978307463737,,,1,,,,,,,,,,,,,,,,,,,,,,90.4859390258789,91.0242004394531,999.893371582031,999.893371582031,,,6.26368904113769,,1,0,0,0,0,30.7917900085449,2,1,1,90.468879699707,0,90.7541698879666,,,1.82126633794959E-5,9.02492005506605E-7,1.83203414756465E-5,9.02713787651471E-7,0.892616927623749,0.982685267925262,30.3952598571777,,30,4,200,-0.000143670913530514,-0.146561741828918,-0.0603680722415447,1,,,,,,,,,,,,,,,,
,3952783548.0138,90.1594886779785,999.893371582031,,,6,,,,30.7978307463737,,,1,,,,,,,,,,,,,,,,,,,,,,89.9026336669922,90.4550018310547,999.893371582031,999.893371582031,,,6.26237869262695,,1,0,0,0,0,30.3030319213867,2,1,1,89.8639755249023,0,90.1900414360894,,,1.83659930666216E-5,9.0978551535963E-7,1.84693505545775E-5,9.09997905902392E-7,0.895743191242218,0.986882984638214,30.4050788879395,,30,4,200,-0.000318344362312928,-0.147254586219788,-0.059417549520731,1,,,,,,,,,,,,,,,,
,3952783558.04277,89.5367889404297,999.893371582031,,,6,,,,30.7978307463737,,,1,,,,,,,,,,,,,,,,,,,,,,89.2748031616211,89.8153839111328,999.893371582031,999.893371582031,,,6.26022720336914,,1,0,0,0,0,30.7917900085449,2,1,1,89.2581939697266,0,89.5341169569227,,,1.85325454527326E-5,9.18129963072717E-7,1.86389146304604E-5,9.18348484861775E-7,0.894772946834564,0.987190842628479,30.4011077880859,,30,4,200,-0.000387000240152702,-0.148525401949882,-0.0598462745547295,1,,,,,,,,,,,,,,,,
,3952783567.76504,88.9893531799316,999.893371582031,,,6,,,,30.7978307463737,,,1,,,,,,,,,,,,,,,,,,,,,,88.7608871459961,89.2581939697266,999.893371582031,999.893371582031,,,6.25800800323486,,1,0,0,0,0,30.3030319213867,2,1,1,88.7205123901367,0,89.0321502685547,,,1.86340442254728E-5,9.23265938874699E-7,1.87432991344271E-5,9.23488061312668E-7,0.893685162067413,0.987503290176392,30.3968448638916,3.29823706124444E-5,30,4,200,-0.000366899505024776,-0.14955660700798,-0.0607303567230701,1,,,,,,,,,,,,,,,,
,3952783577.40578,88.4475021362305,999.893371582031,,,6,,,,30.7978307463737,,,1,,,,,,,,,,,,,,,,,,,,,,88.1927871704102,88.7205123901367,999.893371582031,999.893371582031,,,6.25654029846191,,1,0,0,0,0.0128173828125,30.7917900085449,2,1,1,88.1744918823242,0,88.4374313354492,,,1.87598562730933E-5,9.29440330402592E-7,1.88687674297578E-5,9.29661038254759E-7,0.894282460212707,0.988318145275116,30.3987808227539,0.266793966293335,30,4,200,-0.000324057473335415,-0.150793626904488,-0.0614221952855587,1,,,,,,,,,,,,,,,,
,3952783587.07067,87.9102020263672,999.893371582031,,,6,,,,30.7978307463737,,,1,,,,,,,,,,,,,,,,,,,,,,87.7031784057617,88.161735534668,999.893371582031,999.893371582031,,,6.25420713424683,,1,0,0,0,0.0141143798828125,30.7917900085449,2,1,1,87.6586685180664,0,87.9476648966471,,,1.89073776139861E-5,9.36917030560733E-7,1.90206335554159E-5,9.37147031379695E-7,0.892618834972382,0.987988650798798,30.3925437927246,0,30,4,200,-0.000271012540906668,-0.151365980505943,-0.061446376144886,1,,,,,,,,,,,,,,,,
,3952783597.26722,87.3163223266602,999.893371582031,,,6,,,,30.7978307463737,,,1,,,,,,,,,,,,,,,,,,,,,,87.0544738769531,87.6084136962891,999.893371582031,999.893371582031,,,6.25197124481201,,1,0,0,0,0,30.7917900085449,2,1,1,87.0242309570312,0,87.34058464898,,,1.91057127319385E-5,9.46205772652515E-7,1.91871510458638E-5,9.4637222770759E-7,0.898000419139862,0.952034771442413,30.4556522369385,,30,4,200,0.00106509530451149,-0.148972004652023,-0.054088156670332,1,,,,,,,,,,,,,,,,
,3952783607.07937,86.6934509277344,999.893371582031,,,6,,,,30.7978307463737,,,1,,,,,,,,,,,,,,,,,,,,,,86.4256973266602,87.0242309570312,999.893371582031,999.893371582031,,,6.249267578125,,1,0,0,0,0,30.3030319213867,2,1,1,86.3626708984375,0,86.7259987725152,,,1.91226420043142E-5,9.48674645727934E-7,1.92535932088036E-5,9.48943996446207E-7,0.882515251636505,0.971417009830475,30.3648777008057,0.134871587157249,30,4,200,0.00122183561325073,-0.133439466357231,-0.0384868085384369,1,,,,,,,,,,,,,,,,
,3952783625.59886,85.5283737182617,999.893371582031,,,6,,,,30.7927001959009,,,1,,,,,,,,,,,,,,,,,,,,,,85.2367858886719,85.8321228027344,999.893371582031,999.893371582031,,,6.24457693099976,,1,0,0,0,0,30.7917900085449,2,1,1,85.2246246337891,0,85.531127081977,,,1.95039051717782E-5,9.6619337087757E-7,1.96159133269956E-5,9.66424415238995E-7,0.895352125167847,0.993923604488373,30.395923614502,,30,4,200,-0.000948497676290572,-0.140304356813431,-0.0441353395581245,1,,,,,,,,,,,,,,,,
,3952783635.26026,84.9377403259277,999.893371582031,,,6,,,,30.7927001959009,,,1,,,,,,,,,,,,,,,,,,,,,,84.6939086914062,85.2068252563477,999.893371582031,999.893371582031,,,6.24173974990845,,1,0,0,0,0.0128173828125,30.7917900085449,2,1,1,84.6686553955078,0,84.9493611653646,,,1.96475704753241E-5,9.73320121256636E-7,1.97603981025953E-5,9.73556447661066E-7,0.895260512828827,0.991985619068146,30.3959770202637,0,30,4,200,-0.000663315004203469,-0.147583529353142,-0.0520205833017826,1,,,,,,,,,,,,,,,,
,3952783645.36429,84.3349266052246,999.893371582031,,,6,,,,30.7927001959009,,,1,,,,,,,,,,,,,,,,,,,,,,84.0965194702148,84.6141128540039,999.893371582031,999.893371582031,,,6.23931217193603,,1,0,0,0,0.0128173828125,30.3030319213867,2,1,1,84.0557403564453,0,84.3575088500977,,,1.97949995521129E-5,9.80647230859529E-7,1.99087782252795E-5,9.80880873555971E-7,0.895029902458191,0.990328371524811,30.3954372406006,0.0705546438694,30,4,200,-0.000339764490490779,-0.150419235229492,-0.0564029738306999,1,,,,,,,,,,,,,,,,
,3952783655.15567,83.7712020874023,999.893371582031,,,6,,,,30.7927001959009,,,1,,,,,,,,,,,,,,,,,,,,,,83.5405044555664,84.0557403564453,999.893371582031,999.893371582031,,,6.23691415786743,,1,0,0,0,0.0128173828125,30.7917900085449,2,1,1,83.4866638183594,0,83.7921422322591,,,1.99297569041406E-5,9.87507527257907E-7,2.00483358923493E-5,9.87755332587122E-7,0.8932825922966,0.99044281244278,30.3887119293213,,30,4,200,-8.02660724730231E-5,-0.15078903734684,-0.0572837591171265,1,,,,,,,,,,,,,,,,
,3952783664.89334,83.1813697814941,999.893371582031,,,6,,,,30.7927001959009,,,1,,,,,,,,,,,,,,,,,,,,,,82.9276504516602,83.4618148803711,999.893371582031,999.893371582031,,,6.23439741134644,,1,0,0,0,0,30.7917900085449,2,1,1,82.9009246826172,0,83.2049908108182,,,2.00630668275954E-5,9.94189937031907E-7,2.01841209334992E-5,9.94446227170619E-7,0.892571687698364,0.990389823913574,30.3859691619873,1,30,4,200,1.61184707394568E-5,-0.149631321430206,-0.0562481433153152,1,,,,,,,,,,,,,,,,
,3952783674.86303,82.6141586303711,999.893371582031,,,6,,,,30.7927001959009,,,1,,,,,,,,,,,,,,,,,,,,,,82.4055099487305,82.9009246826172,999.893371582031,999.893371582031,,,6.23116683959961,,1,0,0,0,0.0128173828125,30.7917900085449,2,1,1,82.327392578125,0,82.6675567626953,,,2.01855264659213E-5,1.0004279950251E-6,2.03111715607937E-5,1.00068648926178E-6,0.891022443771362,0.992688894271851,30.3795566558838,0.177309587597847,30,4,200,-5.55230944883078E-5,-0.148622468113899,-0.054479643702507,1,,,,,,,,,,,,,,,,
,3952783684.88988,82.039981842041,999.893371582031,,,6,,,,30.7927001959009,,,1,,,,,,,,,,,,,,,,,,,,,,81.7980804443359,82.3171691894531,999.893371582031,999.893371582031,,,6.22924566268921,,1,0,0,0,0.0128173828125,30.3030319213867,2,1,1,81.7627944946289,0,82.0720799763997,,,2.03613706554389E-5,1.00903745807479E-6,2.048592312194E-5,1.0092937367595E-6,0.891974031925201,0.992985367774963,30.3831119537354,0,30,4,200,-0.000150774692883715,-0.148454234004021,-0.0531432218849659,1,,,,,,,,,,,,,,,,
,3952783694.60499,81.4627685546875,999.893371582031,,,6,,,,30.7927001959009,,,1,,,,,,,,,,,,,,,,,,,,,,81.234489440918,81.7524108886719,999.893371582031,999.893371582031,,,6.22631883621216,,1,0,0,0,0,30.7917900085449,2,1,1,81.1731262207031,0,81.5134150187175,,,2.05154626424731E-5,1.0167985076573E-6,2.06433481417115E-5,1.01706386271739E-6,0.890855669975281,0.991205215454102,30.3792018890381,,30,4,200,-0.000210452213650569,-0.149537652730942,-0.0528970845043659,1,,,,,,,,,,,,,,,,
,3952783704.3711,80.8897323608398,999.893371582031,,,6,,,,30.7927001959009,,,1,,,,,,,,,,,,,,,,,,,,,,80.6364059448242,81.1637420654297,999.893371582031,999.893371582031,,,6.22381019592285,,1,0,0,0,0,30.7917900085449,2,1,1,80.61572265625,0,80.8971828884549,,,2.06583128587914E-5,1.02384983853744E-6,2.07864869673829E-5,1.02411644837674E-6,0.891110241413116,0.991171538829804,30.3801574707031,0,30,4,200,-0.00023570389021188,-0.150589436292648,-0.0534494481980801,1,,,,,,,,,,,,,,,,
,3952783714.35354,80.2799797058105,999.893371582031,,,6,,,,30.7927001959009,,,1,,,,,,,,,,,,,,,,,,,,,,79.9745712280273,80.6054000854492,999.893371582031,999.893371582031,,,6.2209095954895,,1,0,0,0,0.0128173828125,30.7917900085449,2,1,1,79.9545593261719,0,80.2920799255371,,,2.08100041214981E-5,1.03141648738424E-6,2.09401906152568E-5,1.03169183686099E-6,0.890686333179474,0.990925192832947,30.3785495758057,2.71055705525214E-6,30,4,200,-0.000179813607246615,-0.151568293571472,-0.0538377016782761,1,,,,,,,,,,,,,,,,
,3952783724.27931,79.6912155151367,999.893371582031,,,6,,,,30.7927001959009,,,1,,,,,,,,,,,,,,,,,,,,,,79.4723968505859,79.9545593261719,999.893371582031,999.893371582031,,,6.21821594238281,,1,0,0,0,0,30.3030319213867,2,1,1,79.4278717041016,0,79.7278094821506,,,2.09543359366732E-5,1.03855844225425E-6,2.1085321273094E-5,1.03883505507853E-6,0.890785217285156,0.991685748100281,30.3787498474121,,30,4,200,-0.000197965651750565,-0.152278959751129,-0.0537663176655769,1,,,,,,,,,,,,,,,,
,3952783742.66133,78.6477012634277,999.893371582031,,,6,,,,30.7873905140482,,,1,,,,,,,,,,,,,,,,,,,,,,78.4120483398438,78.9252166748047,999.893371582031,999.893371582031,,,6.21302700042725,,1,0,0,0,0.0128173828125,30.7917900085449,2,1,1,78.3701858520508,0,78.6641218397352,,,2.13089250718253E-5,1.05615140340377E-6,2.14422930852593E-5,1.05642876642056E-6,0.890628099441528,0.991003334522247,30.3730239868164,,30,4,200,-0.000134182293550111,-0.153917819261551,-0.0540345385670662,1,,,,,,,,,,,,,,,,
,3952783752.31343,78.1016807556152,999.893371582031,,,6,,,,30.7873905140482,,,1,,,,,,,,,,,,,,,,,,,,,,77.8440704345703,78.3701858520508,999.893371582031,999.893371582031,,,6.21014976501465,,1,0,0,0,0.0128173828125,30.3030319213867,2,1,1,77.8331756591797,0,78.0955980088976,,,2.14547349781128E-5,1.0633368740255E-6,2.15879355312489E-5,1.06360938713179E-6,0.890979647636414,0.990480601787567,30.3744583129883,,30,4,200,-0.000170858256751671,-0.154652923345566,-0.054106917232275,1,,,,,,,,,,,,,,,,
,3952783761.94757,77.5351333618164,999.893371582031,,,6,,,,30.7873905140482,,,1,,,,,,,,,,,,,,,,,,,,,,77.2690811157227,77.8331756591797,999.893371582031,999.893371582031,,,6.20735645294189,,1,0,0,0,0,30.7917900085449,2,1,1,77.2370910644531,0,77.5540991889106,,,2.15980247123366E-5,1.07041341085854E-6,2.17314677114014E-5,1.07068921607673E-6,0.89119291305542,0.989707589149475,30.3755893707275,0.0521619990468025,30,4,200,-0.000153475935803726,-0.155101850628853,-0.0539752766489983,1,,,,,,,,,,,,,,,,
,3952783772.13387,76.9044036865234,999.893371582031,,,6,,,,30.7873905140482,,,1,,,,,,,,,,,,,,,,,,,,,,76.609016418457,77.1997909545898,999.893371582031,999.893371582031,,,6.2041449546814,,1,0,0,0,0.0128173828125,30.7917900085449,2,1,1,76.609016418457,0,76.9109092712402,,,2.17616869265602E-5,1.0786592790564E-6,2.18993659463725E-5,1.07894613562696E-6,0.890068411827087,0.991230964660644,30.3707618713379,,30,4,200,-0.000126518672914244,-0.155155211687088,-0.0534655414521694,1,,,,,,,,,,,,,,,,
,3952783781.94612,76.3185691833496,999.893371582031,,,6,,,,30.7873905140482,,,1,,,,,,,,,,,,,,,,,,,,,,76.1217193603516,76.588134765625,999.893371582031,999.893371582031,,,6.20159482955933,,1,0,0,0,0.0128173828125,30.7917900085449,2,1,1,76.0490036010742,0,76.3742887708876,,,2.19286643593183E-5,1.08691639869272E-6,2.20668465796541E-5,1.08719625651073E-6,0.890227496623993,0.991354823112488,30.3713436126709,,30,4,200,-0.000185983939445578,-0.155855536460876,-0.0532044731080532,1,,,,,,,,,,,,,,,,
,3952783791.60612,75.7498016357422,999.893371582031,,,6,,,,30.7873905140482,,,1,,,,,,,,,,,,,,,,,,,,,,75.4782028198242,76.0411071777344,999.893371582031,999.893371582031,,,6.19787073135376,,1,0,0,0,0.0128173828125,31.2805480957031,2,1,1,75.45849609375,0,75.7507230970595,,,2.20577383789953E-5,1.09327260930307E-6,2.2195944753225E-5,1.09355479063145E-6,0.890567183494568,0.991530060768127,30.3727493286133,5.51114749908447,30,4,200,-0.000147602782817557,-0.156527295708656,-0.0532461106777191,1,,,,,,,,,,,,,,,,
,3952783801.21886,75.1926116943359,999.893371582031,,,6,,,,30.7873905140482,,,1,,,,,,,,,,,,,,,,,,,,,,74.9793548583984,75.45849609375,999.893371582031,999.893371582031,,,6.1953649520874,,1,0,0,0,0.0141143798828125,30.7917900085449,2,1,1,74.9267272949219,0,75.2246254814996,,,2.22701545579749E-5,1.1039891353572E-6,2.24134665859625E-5,1.10428284169676E-6,0.889037549495697,0.990407824516296,30.3670616149902,,30,4,200,-0.0001478237536503,-0.157682627439499,-0.0530607141554356,1,,,,,,,,,,,,,,,,
,3952783811.31057,74.612003326416,999.893371582031,,,6,,,,30.7873905140482,,,1,,,,,,,,,,,,,,,,,,,,,,74.3620529174805,74.9052124023437,999.893371582031,999.893371582031,,,6.19189834594727,,1,0,0,0,0.0128173828125,28.8367557525635,2,1,1,74.3187942504883,0,74.6521903143989,,,2.24610695646879E-5,1.11348170581522E-6,2.260629773647E-5,1.11377998530404E-6,0.888811886310577,0.990747094154358,30.3660926818848,0.0751548707485199,30,4,200,-0.000225010895519517,-0.158846482634544,-0.0532717145979404,1,,,,,,,,,,,,,,,,
,3952783821.09213,74.0512809753418,999.893371582031,,,6,,,,30.7873905140482,,,1,,,,,,,,,,,,,,,,,,,,,,73.7940521240234,74.3085098266602,999.893371582031,999.893371582031,,,6.18828630447388,,1,0,0,0,0.0128173828125,31.2805480957031,2,1,1,73.7940521240234,0,74.0558868408203,,,2.26192155222337E-5,1.12131002622478E-6,2.2765120724342E-5,1.12160895028506E-6,0.8889040350914,0.990375161170959,30.3666362762451,0,30,4,200,-0.000135550799313933,-0.159967392683029,-0.053924810141325,1,,,,,,,,,,,,,,,,
,3952783830.78932,73.5034675598145,999.893371582031,,,6,,,,30.7873905140482,,,1,,,,,,,,,,,,,,,,,,,,,,73.2556991577148,73.7731018066406,999.893371582031,999.893371582031,,,6.18594312667847,,1,0,0,0,0.0141143798828125,30.7917900085449,2,1,1,73.2338333129883,0,73.5131123860677,,,2.2814771107441E-5,1.13108399440046E-6,2.29636292369042E-5,1.13138989301978E-6,0.888278603553772,0.990297079086304,30.3642044067383,0.0535691566765308,30,4,200,-0.000148561026435345,-0.160945534706116,-0.0537086166441441,1,,,,,,,,,,,,,,,,
,3952783840.85367,72.9064865112305,999.893371582031,,,6,,,,30.7873905140482,,,1,,,,,,,,,,,,,,,,,,,,,,72.7127304077148,73.2118759155273,999.893371582031,999.893371582031,,,6.18250370025635,,1,0,0,0,0.0128173828125,30.3030319213867,2,1,1,72.6010971069336,0,72.9656058417426,,,2.29949782665577E-5,1.14006716502478E-6,2.31460104399674E-5,1.14037557368855E-6,0.887900054454803,0.990313470363617,30.3628215789795,3.65449568562326E-6,30,4,200,-0.000111247529275715,-0.161698535084724,-0.053786925971508,1,,,,,,,,,,,,,,,,
,3952783859.89462,71.7643775939941,999.893371582031,,,6,,,,30.7823659218899,,,1,,,,,,,,,,,,,,,,,,,,,,71.5072631835938,72.0773468017578,999.893371582031,999.893371582031,,,6.17607975006104,,1,0,0,0,0.0128173828125,31.2805480957031,2,1,1,71.4514083862305,0,71.7940470377604,,,2.33971781157045E-5,1.15984334840443E-6,2.35475013640751E-5,1.16015343298878E-6,0.889156520366669,0.990596830844879,30.3624534606934,0,30,4,200,-0.000141497337608598,-0.163210868835449,-0.0532741248607636,1,,,,,,,,,,,,,,,,
,3952783869.61486,71.1599731445313,999.893371582031,,,6,,,,30.7823659218899,,,1,,,,,,,,,,,,,,,,,,,,,,70.9443435668945,71.4389953613281,999.893371582031,999.893371582031,,,6.17294692993164,,1,0,0,0,0.0141143798828125,30.7917900085449,2,1,1,70.8809509277344,0,71.2229732937283,,,2.35707791869338E-5,1.16853669356273E-6,2.37242987323542E-5,1.16886572769282E-6,0.888489842414856,0.990433037281036,30.3600101470947,5.50999164581299,30,4,200,-1.32928907987662E-5,-0.164061233401299,-0.0541335418820381,1,,,,,,,,,,,,,,,,
,3952783879.27939,70.5972175598145,999.893371582031,,,6,,,,30.7823659218899,,,1,,,,,,,,,,,,,,,,,,,,,,70.3511962890625,70.863525390625,999.893371582031,999.893371582031,,,6.16914653778076,,1,0,0,0,0.0128173828125,31.2805480957031,2,1,1,70.3309097290039,0,70.6328421698676,,,2.37735390988586E-5,1.1787444763927E-6,2.39313784760524E-5,1.17907334484006E-6,0.88732498884201,0.989992260932922,30.355619430542,,30,4,200,-1.39209114422556E-5,-0.163883373141289,-0.0533403716981411,1,,,,,,,,,,,,,,,,
,3952783889.37927,70.0074844360352,999.893371582031,,,6,,,,30.7823659218899,,,1,,,,,,,,,,,,,,,,,,,,,,69.7246322631836,70.3200225830078,999.893371582031,999.893371582031,,,6.1654748916626,,1,0,0,0,0.0141143798828125,29.8142719268799,2,1,1,69.6949462890625,0,70.013410949707,,,2.40124252278034E-5,1.19051672026669E-6,2.41705482793436E-5,1.1908441939527E-6,0.887861371040344,0.991172015666962,30.3573093414307,,30,4,200,-4.29217470809817E-5,-0.16424186527729,-0.0524666830897331,1,,,,,,,,,,,,,,,,
,3952783899.40743,69.406192779541,999.893371582031,,,6,,,,30.7823659218899,,,1,,,,,,,,,,,,,,,,,,,,,,69.1781463623047,69.6949462890625,999.893371582031,999.893371582031,,,6.16271066665649,,1,0,0,0,0.0128173828125,30.3030319213867,2,1,1,69.1174392700195,0,69.4651684231228,,,2.41584481157862E-5,1.19783921377266E-6,2.43192518372691E-5,1.19816948991059E-6,0.887249708175659,0.991214513778686,30.3549938201904,0.187753796577454,30,4,200,-0.000111302993900608,-0.164835050702095,-0.0518124774098396,1,,,,,,,,,,,,,,,,
,3952783909.04753,68.8238296508789,999.893371582031,,,6,,,,30.7823659218899,,,1,,,,,,,,,,,,,,,,,,,,,,68.5487976074219,69.1174392700195,999.893371582031,999.893371582031,,,6.15870094299316,,1,0,0,0,0.0128173828125,30.7917900085449,2,1,1,68.5302200317383,0,68.8270670572917,,,2.43849362990178E-5,1.20901014212145E-6,2.45460737960692E-5,1.20935028028086E-6,0.887677609920502,0.990699708461762,30.3568096160889,1.00000047683716,30,4,200,-0.000102975602203514,-0.166059121489525,-0.0519921146333218,1,,,,,,,,,,,,,,,,
,3952783919.03914,68.2691345214844,999.893371582031,,,6,,,,30.7823659218899,,,1,,,,,,,,,,,,,,,,,,,,,,68.0080490112305,68.5302200317383,999.893371582031,999.893371582031,,,6.15468788146973,,1,0,0,0,0.014190673828125,30.7917900085449,2,1,1,68.0080490112305,0,68.2854934692383,,,2.45813811399058E-5,1.21894233120237E-6,2.47479192163025E-5,1.21929260859726E-6,0.886302828788757,0.990959644317627,30.3513832092285,0,30,4,200,-6.61274752928875E-5,-0.166648641228676,-0.0519781522452831,1,,,,,,,,,,,,,,,,
,3952783929.05836,67.6901054382324,999.893371582031,,,6,,,,30.7823659218899,,,1,,,,,,,,,,,,,,,,,,,,,,67.4507751464844,67.9739837646484,999.893371582031,999.893371582031,,,6.15110683441162,,1,0,0,0,0,30.7917900085449,2,1,1,67.4062271118164,0,67.7140443589952,,,2.47858825454572E-5,1.22889131637241E-6,2.49494644694649E-5,1.22923724554386E-6,0.887663602828979,0.989683330059052,30.3570156097412,3.77157222120061E-10,30,4,200,-2.97202623187331E-5,-0.167952567338943,-0.0520271956920624,1,,,,,,,,,,,,,,,,
,3952783938.745,67.1044387817383,999.893371582031,,,6,,,,30.7823659218899,,,1,,,,,,,,,,,,,,,,,,,,,,66.8164215087891,67.4062271118164,999.893371582031,999.893371582031,,,6.14815235137939,,1,0,0,0,0.0128173828125,31.2805480957031,2,1,1,66.8026504516602,0,67.1173706054687,,,2.50210846027538E-5,1.24086859993682E-6,2.51931965381839E-5,1.24122933358841E-6,0.885449409484863,0.991068243980408,30.348014831543,0.187805414199829,30,4,200,5.88680268265307E-5,-0.167858421802521,-0.0515882782638073,1,,,,,,,,,,,,,,,,
,3952783948.52918,66.5057525634766,999.893371582031,,,6,,,,30.7823659218899,,,1,,,,,,,,,,,,,,,,,,,,,,66.2612228393555,66.7873382568359,999.893371582031,999.893371582031,,,6.14484548568726,,1,0,0,0,0.0141143798828125,29.8142719268799,2,1,1,66.2241668701172,0,66.5279574924045,,,2.52114830511308E-5,1.25036538869928E-6,2.53859041064163E-5,1.25072527712009E-6,0.885072767734528,0.990898013114929,30.3466987609863,0.187789633870125,30,4,200,1.18685857160017E-5,-0.167525619268417,-0.0504521876573563,1,,,,,,,,,,,,,,,,
,3952783958.57053,65.9301109313965,999.893371582031,,,6,,,,30.7823659218899,,,1,,,,,,,,,,,,,,,,,,,,,,65.6855239868164,66.2052459716797,999.893371582031,999.893371582031,,,6.14052820205688,,1,0,0,0,0,30.7917900085449,2,1,1,65.6549758911133,0,65.9682990180121,,,2.54634050048742E-5,1.26277908568183E-6,2.56377904908779E-5,1.26314872840256E-6,0.885622978210449,0.989825785160065,30.349006652832,1.70110142789781E-5,30,4,200,-2.14610463444842E-5,-0.168418899178505,-0.0496551878750324,1,,,,,,,,,,,,,,,,
,3952783968.40605,65.3859100341797,999.893371582031,,,6,,,,30.7823659218899,,,1,,,,,,,,,,,,,,,,,,,,,,65.1690521240234,65.6549758911133,999.893371582031,999.893371582031,,,6.13666868209839,,1,0,0,0,0.0128173828125,30.7917900085449,2,1,1,65.1168441772461,0,65.411387125651,,,2.56889679284209E-5,1.27405205943024E-6,2.58669150353009E-5,1.27442476450866E-6,0.885037958621979,0.990880906581879,30.3464984893799,,30,4,200,-4.44383658759762E-5,-0.16884757578373,-0.0491309501230717,1,,,,,,,,,,,,,,,,
,3952783987.05821,64.2784042358398,999.893371582031,,,6,,,,30.7772355603311,,,1,,,,,,,,,,,,,,,,,,,,,,64.0234603881836,64.5586929321289,999.893371582031,999.893371582031,,,6.12896156311035,,1,0,0,0,0,30.3030319213867,2,1,1,63.9981155395508,0,64.2896270751953,,,2.61984374714718E-5,1.29936551708172E-6,2.6380713219134E-5,1.29974419920936E-6,0.884729862213135,0.990396559238434,30.3404140472412,,30,4,200,-8.13528968137689E-5,-0.170650660991669,-0.0483455024659634,1,,,,,,,,,,,,,,,,
,3952783996.74382,63.709623336792,999.893371582031,,,6,,,,30.7772355603311,,,1,,,,,,,,,,,,,,,,,,,,,,63.4740600585938,63.985782623291,999.893371582031,999.893371582031,,,6.12509870529175,,1,0,0,0,0.0141143798828125,30.3030319213867,2,1,1,63.433464050293,0,63.7497155931261,,,2.64561394556007E-5,1.31219791083102E-6,2.66408523024871E-5,1.3125684873637E-6,0.884397089481354,0.989817440509796,30.3391704559326,0.187700822949409,30,4,200,-2.68115718426998E-6,-0.171404212713242,-0.0481521300971508,1,,,,,,,,,,,,,,,,
,3952784006.82955,63.0988388061523,999.893371582031,,,6,,,,30.7772355603311,,,1,,,,,,,,,,,,,,,,,,,,,,62.863655090332,63.3890686035156,999.893371582031,999.893371582031,,,6.12071752548218,,1,0,0,0,0.0128173828125,30.3030319213867,2,1,1,62.8086090087891,0,63.1265428331163,,,2.66861176733569E-5,1.32368937869435E-6,2.68745708894147E-5,1.32407924138852E-6,0.883851706981659,0.99014288187027,30.3369808197022,2.36221899285738E-6,30,4,200,1.7832684534369E-5,-0.171827256679535,-0.0477522946894169,1,,,,,,,,,,,,,,,,
,3952784016.59526,62.5465087890625,999.893371582031,,,6,,,,30.7772355603311,,,1,,,,,,,,,,,,,,,,,,,,,,62.3393669128418,62.8086090087891,999.893371582031,999.893371582031,,,6.11736488342285,,1,0,0,0,0,30.7917900085449,2,1,1,62.2844085693359,0,62.5729285346137,,,2.69975582711733E-5,1.33939010025964E-6,2.71935055267251E-5,1.33979888515447E-6,0.882261276245117,0.989694654941559,30.3309288024902,,30,4,200,-2.5225866920664E-5,-0.172962531447411,-0.0473677590489388,1,,,,,,,,,,,,,,,,
,3952784026.24006,61.9956588745117,999.893371582031,,,6,,,,30.7772355603311,,,1,,,,,,,,,,,,,,,,,,,,,,61.7334327697754,62.2844085693359,999.893371582031,999.893371582031,,,6.11308145523071,,1,0,0,0,0,31.7693061828613,2,1,1,61.7069091796875,0,62.007637447781,,,2.73005031848789E-5,1.35425734036804E-6,2.74949220545342E-5,1.35465105526618E-6,0.883270382881165,0.989586234092712,30.3348636627197,,30,4,200,-7.38666130928323E-5,-0.174666717648506,-0.0472976267337799,1,,,,,,,,,,,,,,,,
,3952784035.89562,61.4303398132324,999.893371582031,,,6,,,,30.7772355603311,,,1,,,,,,,,,,,,,,,,,,,,,,61.1989860534668,61.7069091796875,999.893371582031,999.893371582031,,,6.10854721069336,,1,0,0,0,0,30.7917900085449,2,1,1,61.1537704467773,0,61.4653375413683,,,2.76334145019701E-5,1.3709621631705E-6,2.78344149685795E-5,1.3713768558526E-6,0.882102012634277,0.989640295505524,30.3303661346436,0.058859184384346,30,4,200,-4.204649667372E-5,-0.176128253340721,-0.0475399047136307,1,,,,,,,,,,,,,,,,
,3952784045.97349,60.8494873046875,999.893371582031,,,6,,,,30.7772355603311,,,1,,,,,,,,,,,,,,,,,,,,,,60.6223678588867,61.1303176879883,999.893371582031,999.893371582031,,,6.10340690612793,,1,0,0,0,0,30.3030319213867,2,1,1,60.5686569213867,0,60.8845926920573,,,2.80248934823479E-5,1.39046796663366E-6,2.82307098693479E-5,1.39089538300339E-6,0.881597757339478,0.990073680877686,30.3283519744873,2.1402966012829E-5,30,4,200,-5.35200560989324E-5,-0.177899703383446,-0.0471536107361317,1,,,,,,,,,,,,,,,,
,3952784055.7183,60.274658203125,999.893371582031,,,6,,,,30.7772355603311,,,1,,,,,,,,,,,,,,,,,,,,,,60.0406837463379,60.5597839355469,999.893371582031,999.893371582031,,,6.09890842437744,,1,0,0,0,0.0128173828125,29.8142719268799,2,1,1,59.9895324707031,0,60.327269660102,,,2.84241936817512E-5,1.41047706743565E-6,2.86366169959009E-5,1.41090246658798E-6,0.880439162254333,0.989513158798218,30.3239231109619,0.0596686750650406,30,4,200,-8.80588922882453E-5,-0.179744079709053,-0.0472734719514847,1,,,,,,,,,,,,,,,,
,3952784065.4304,59.7106494903564,999.893371582031,,,6,,,,30.7772355603311,,,1,,,,,,,,,,,,,,,,,,,,,,59.4792594909668,59.9840126037598,999.893371582031,999.893371582031,,,6.09341096878052,,1,0,0,0,0,30.7917900085449,2,1,1,59.4372863769531,0,59.710686577691,,,2.88284552297174E-5,1.43070852555461E-6,2.90475345822203E-5,1.43116224786291E-6,0.879456520080566,0.988593101501465,30.3203258514404,1.15528964670375E-5,30,4,200,-8.64541943883523E-5,-0.181762084364891,-0.0473619997501373,1,,,,,,,,,,,,,,,,
,3952784075.37648,59.1082420349121,999.893371582031,,,6,,,,30.7772355603311,,,1,,,,,,,,,,,,,,,,,,,,,,58.8956413269043,59.4163208007812,999.893371582031,999.893371582031,,,6.08687210083008,,1,0,0,0,0,30.7917900085449,2,1,1,58.800163269043,0,59.16332160102,,,2.91173463512934E-5,1.44518632440466E-6,2.93417726456214E-5,1.44564987629792E-6,0.878665030002594,0.989190995693207,30.3171825408936,0,30,4,200,-4.15849099226762E-5,-0.18328520655632,-0.0476957000792026,1,,,,,,,,,,,,,,,,
,3952784085.38309,58.5168647766113,999.893371582031,,,6,,,,30.7772355603311,,,1,,,,,,,,,,,,,,,,,,,,,,58.3067817687988,58.7784004211426,999.893371582031,999.893371582031,,,6.08223247528076,,1,0,0,0,0,30.7917900085449,2,1,1,58.2553291320801,0,58.5593049791124,,,2.94913301857271E-5,1.46386046725903E-6,2.97209406045571E-5,1.46434020895198E-6,0.878043949604034,0.988631665706634,30.3148880004883,0,30,4,200,1.80415736394934E-5,-0.184219017624855,-0.0472562424838543,1,,,,,,,,,,,,,,,,
,3952784095.08663,57.9697208404541,999.893371582031,,,6,,,,30.7772355603311,,,1,,,,,,,,,,,,,,,,,,,,,,57.7338218688965,58.2553291320801,999.893371582031,999.893371582031,,,6.07629585266113,,1,0,0,0,0,30.7917900085449,2,1,1,57.6841125488281,0,57.9930864969889,,,2.98115141119011E-5,1.47987809387349E-6,3.00460138812132E-5,1.48035712723292E-6,0.877364873886108,0.988585412502289,30.3122673034668,0.0610537566244602,30,4,200,-1.75159693753812E-5,-0.184944182634354,-0.0466746725142002,1,,,,,,,,,,,,,,,,
,3952784104.73677,57.4009132385254,999.893371582031,,,6,,,,30.7772355603311,,,1,,,,,,,,,,,,,,,,,,,,,,57.1700401306152,57.6706504821777,999.893371582031,999.893371582031,,,6.06944894790649,,1,0,0,0,0.0128173828125,30.7917900085449,2,1,1,57.131175994873,0,57.4174105326335,,,3.0116706806279E-5,1.49516330785738E-6,3.03567509875539E-5,1.49566420615812E-6,0.876643002033234,0.988771736621857,30.3094329833984,0.187997221946716,30,4,200,-3.31614610331599E-5,-0.186298504471779,-0.0462640821933746,1,,,,,,,,,,,,,,,,
,3952784122.94753,56.3674163818359,999.893371582031,,,6,,,,30.772151575613,,,1,,,,,,,,,,,,,,,,,,,,,,56.1153945922852,56.6518783569336,999.893371582031,999.893371582031,,,6.05601358413696,,1,0,0,0,0,30.3030319213867,2,1,1,56.0829544067383,0,56.3831070794,,,3.06804193087973E-5,1.52311949409909E-6,3.09241030045276E-5,1.52362486118267E-6,0.876798033714294,0.988336443901062,30.3050785064697,0.187993779778481,30,4,200,-5.54191465198528E-5,-0.189063534140587,-0.046263512223959,1,,,,,,,,,,,,,,,,
,3952784132.93027,55.7588157653809,999.893371582031,,,6,,,,30.772151575613,,,1,,,,,,,,,,,,,,,,,,,,,,55.4548072814941,56.0829544067383,999.893371582031,999.893371582031,,,6.04743051528931,,1,0,0,0,0,30.3030319213867,2,1,1,55.4346771240234,0,55.789635848999,,,3.1009223535163E-5,1.53940870962076E-6,3.12547049289211E-5,1.53991990618752E-6,0.876975655555725,0.987989127635956,30.3058738708496,0,30,4,200,-2.73338064289419E-5,-0.190774410963058,-0.0463968850672245,1,,,,,,,,,,,,,,,,
,3952784142.87317,55.1555957794189,999.893371582031,,,6,,,,30.772151575613,,,1,,,,,,,,,,,,,,,,,,,,,,54.9180183410645,55.4346771240234,999.893371582031,999.893371582031,,,6.03933572769165,,1,0,0,0,0.0128173828125,30.3030319213867,2,1,1,54.8765144348145,0,55.1772100660536,,,3.13232946404994E-5,1.55546882387969E-6,3.15813824633645E-5,1.55601709687252E-6,0.874586939811706,0.9878830909729,30.2966403961182,,30,4,200,-1.5662306395825E-5,-0.19185197353363,-0.0464976467192173,1,,,,,,,,,,,,,,,,
,3952784152.51508,54.5865364074707,999.893371582031,,,6,,,,30.772151575613,,,1,,,,,,,,,,,,,,,,,,,,,,54.3703231811523,54.8765144348145,999.893371582031,999.893371582031,,,6.03022241592407,,1,0,0,0,0.0128173828125,30.7917900085449,2,1,1,54.296558380127,0,54.6097316741943,,,3.16651567897092E-5,1.5722834550638E-6,3.19225206892727E-5,1.57283097772024E-6,0.875401198863983,0.987617194652557,30.2999153137207,1.87008083685214E-7,30,4,200,-8.5055704403203E-5,-0.193494275212288,-0.0460002869367599,1,,,,,,,,,,,,,,,,
,3952784162.23028,54.0049667358398,999.893371582031,,,6,,,,30.772151575613,,,1,,,,,,,,,,,,,,,,,,,,,,53.7605400085449,54.2919235229492,999.893371582031,999.893371582031,,,6.02092790603638,,1,0,0,0,0.0128173828125,30.3030319213867,2,1,1,53.7180099487305,0,54.0523779127333,,,3.20854850696487E-5,1.59350014941656E-6,3.23532005980613E-5,1.59406749234252E-6,0.87369579076767,0.986775457859039,30.293478012085,0,30,4,200,2.99654057016596E-5,-0.194910436868668,-0.0457234084606171,1,,,,,,,,,,,,,,,,
,3952784172.22408,53.3991756439209,999.893371582031,,,6,,,,30.772151575613,,,1,,,,,,,,,,,,,,,,,,,,,,53.1193733215332,53.7013320922852,999.893371582031,999.893371582031,,,6.01153421401978,,1,0,0,0,0,30.7917900085449,2,1,1,53.0970191955566,0,53.425119611952,,,3.24716593505572E-5,1.61273456856258E-6,3.27437720811441E-5,1.61330057540165E-6,0.873426079750061,0.987260580062866,30.292366027832,5.31705617904663,30,4,200,3.76085445168428E-5,-0.196210592985153,-0.0452450700104237,1,,,,,,,,,,,,,,,,
,3952784181.96598,52.8200931549072,999.893371582031,,,6,,,,30.772151575613,,,1,,,,,,,,,,,,,,,,,,,,,,52.5862312316895,53.0970191955566,999.893371582031,999.893371582031,,,6.0020170211792,,1,0,0,0,0.0128173828125,30.3030319213867,2,1,1,52.5431671142578,0,52.8478274875217,,,3.29111028565748E-5,1.63473363953941E-6,3.31905334140661E-5,1.63532598498647E-6,0.872604787349701,0.986658990383148,30.2893505096436,0.188100606203079,30,4,200,1.10714281618129E-5,-0.197692841291428,-0.04466562718153,1,,,,,,,,,,,,,,,,
,3952784191.64941,52.2687206268311,999.893371582031,,,6,,,,30.772151575613,,,1,,,,,,,,,,,,,,,,,,,,,,52.0108451843262,52.5431671142578,999.893371582031,999.893371582031,,,5.99297142028809,,1,0,0,0,0,30.3030319213867,2,1,1,51.9942741394043,0,52.2564349704319,,,3.33757979121201E-5,1.65806517522817E-6,3.36641891953848E-5,1.65866825007515E-6,0.871446192264557,0.986426770687103,30.2849674224854,0.188125818967819,30,4,200,-6.9422458182089E-5,-0.199601724743843,-0.044383067637682,1,,,,,,,,,,,,,,,,
,3952784201.37424,51.7117710113525,999.893371582031,,,6,,,,30.772151575613,,,1,,,,,,,,,,,,,,,,,,,,,,51.4749221801758,51.9830017089844,999.893371582031,999.893371582031,,,5.98326301574707,,1,0,0,0,0,30.3030319213867,2,1,1,51.4405403137207,0,51.7347314622667,,,3.38488627104784E-5,1.68184079725424E-6,3.41472144002671E-5,1.68248460381106E-6,0.870205044746399,0.985701382160187,30.2803783416748,0.0649177581071854,30,4,200,-8.45751201268286E-5,-0.201528072357178,-0.0440068505704403,1,,,,,,,,,,,,,,,,
,3952784211.40822,51.1252269744873,999.893371582031,,,6,,,,30.772151575613,,,1,,,,,,,,,,,,,,,,,,,,,,50.9108695983887,51.4105072021484,999.893371582031,999.893371582031,,,5.97361135482788,,1,0,0,0,0,30.7917900085449,2,1,1,50.8399467468262,0,51.1519012451172,,,3.43625654731682E-5,1.70760461435556E-6,3.46704013699802E-5,1.70825425977878E-6,0.869145810604095,0.986047565937042,30.2762107849121,0.0653860047459602,30,4,200,-5.95682868151926E-5,-0.203397661447525,-0.043608833104372,1,,,,,,,,,,,,,,,,
,3952784221.15193,50.5691757202148,999.893371582031,,,6,,,,30.772151575613,,,1,,,,,,,,,,,,,,,,,,,,,,50.3509674072266,50.8399467468262,999.893371582031,999.893371582031,,,5.96441030502319,,1,0,0,0,0.0128173828125,32.2580642700195,2,1,1,50.2984046936035,0,50.6002489725749,,,3.48593641212703E-5,1.73251178303149E-6,3.51761067238682E-5,1.73318294550274E-6,0.868197023868561,0.985551297664642,30.2726249694824,1.62502135481191E-6,30,4,200,2.32572574532242E-6,-0.205254331231117,-0.0432054214179516,1,,,,,,,,,,,,,,,,
,3952784230.82651,50.0017948150635,999.893371582031,,,6,,,,30.772151575613,,,1,,,,,,,,,,,,,,,,,,,,,,49.7248916625977,50.2984046936035,999.893371582031,999.893371582031,,,5.95513153076172,,1,0,0,0,0.001220703125,30.3030319213867,2,1,1,49.7051849365234,0,50.0219590928819,,,3.53704076905964E-5,1.75821082979911E-6,3.56979288142683E-5,1.75890904215762E-6,0.866932451725006,0.984987318515778,30.2679233551025,,30,4,200,1.94207132153679E-6,-0.207307040691376,-0.0426775254309177,1,,,,,,,,,,,,,,,,
,3952784240.47099,49.4209766387939,999.893371582031,,,6,,,,30.772151575613,,,1,,,,,,,,,,,,,,,,,,,,,,49.1770477294922,49.7051849365234,999.893371582031,999.893371582031,,,5.94639921188354,,1,0,0,0,0.0128173828125,29.3255138397217,2,1,1,49.1367683410645,0,49.4348509046767,,,3.5895172182835E-5,1.78455408895494E-6,3.62329014981605E-5,1.78527567710243E-6,0.865870296955109,0.984718143939972,30.26389503479,5.50126314163208,30,4,200,-4.08218402299099E-5,-0.209070384502411,-0.0421980209648609,1,,,,,,,,,,,,,,,,
,3952784250.52274,48.8303318023682,999.893371582031,,,6,,,,30.772151575613,,,1,,,,,,,,,,,,,,,,,,,,,,48.5725593566895,49.1154251098633,999.893371582031,999.893371582031,,,5.9365758895874,,1,0,0,0,0.0128173828125,30.3030319213867,2,1,1,48.545238494873,0,48.8682526482476,,,3.64446934532118E-5,1.81211558768021E-6,3.67923766775223E-5,1.81286096736351E-6,0.864895284175873,0.98403799533844,30.260290145874,0.0695514306426048,30,4,200,-3.8072914321674E-5,-0.210998326539993,-0.0415445528924465,1,,,,,,,,,,,,,,,,
,3952784260.24942,48.2572994232178,999.893371582031,,,6,,,,30.772151575613,,,1,,,,,,,,,,,,,,,,,,,,,,48.0394401550293,48.545238494873,999.893371582031,999.893371582031,,,5.9263072013855,,1,0,0,0,0.0128173828125,30.7917900085449,2,1,1,47.9693603515625,0,48.2817047966851,,,3.69923682289367E-5,1.83933325799695E-6,3.73449092154695E-5,1.84009050783618E-6,0.864952683448792,0.983894646167755,30.2605381011963,0.188293948769569,30,4,200,-7.95648666098714E-5,-0.213200390338898,-0.0412401147186756,1,,,,,,,,,,,,,,,,
,3952784278.77795,47.1794395446777,999.893371582031,,,6,,,,30.7669124032357,,,1,,,,,,,,,,,,,,,,,,,,,,46.9731063842773,47.4505615234375,999.893371582031,999.893371582031,,,5.90817403793335,,1,0,0,0,0,29.3255138397217,2,1,1,46.908317565918,0,47.2088271247016,,,3.80540834396441E-5,1.8925367977718E-6,3.84249417942011E-5,1.89331798658113E-6,0.86337548494339,0.983530402183533,30.2493362426758,0.188323572278023,30,4,200,-0.000112390596768819,-0.217791348695755,-0.0402241423726082,1,,,,,,,,,,,,,,,,
,3952784288.49746,46.6358375549316,999.893371582031,,,6,,,,30.7669124032357,,,1,,,,,,,,,,,,,,,,,,,,,,46.4112358093262,46.8938255310059,999.893371582031,999.893371582031,,,5.89909315109253,,1,0,0,0,0.0141143798828125,30.3030319213867,2,1,1,46.3778495788574,0,46.6540934244792,,,3.86474969843197E-5,1.92266509468024E-6,3.90363768232832E-5,1.92346951676574E-6,0.861093163490295,0.982784628868103,30.24072265625,0,30,4,200,-5.52672427147627E-5,-0.220250472426414,-0.0405404977500439,1,,,,,,,,,,,,,,,,
,3952784298.40871,46.039026260376,999.893371582031,,,6,,,,30.7669124032357,,,1,,,,,,,,,,,,,,,,,,,,,,45.7190742492676,46.3778495788574,999.893371582031,999.893371582031,,,5.88837194442749,,1,0,0,0,0,30.3030319213867,2,1,1,45.7002029418945,0,46.0517013549805,,,3.92786289291696E-5,1.95435593197931E-6,3.96798838130445E-5,1.95520937108846E-6,0.860039710998535,0.981865227222443,30.2369823455811,0,30,4,200,-7.21782198525034E-5,-0.223088875412941,-0.0402350947260857,1,,,,,,,,,,,,,,,,
,3952784308.40059,45.4439563751221,999.893371582031,,,6,,,,30.7669124032357,,,1,,,,,,,,,,,,,,,,,,,,,,45.2654037475586,45.6809539794922,999.893371582031,999.893371582031,,,5.87857580184937,,1,0,0,0,0,31.2805480957031,2,1,1,45.1877098083496,0,45.4773648579915,,,3.98863296652524E-5,1.98501776264164E-6,4.03022364330923E-5,1.98588535398889E-6,0.858546614646912,0.98158198595047,30.2312202453613,5.30612516403198,30,4,200,-3.91286885133013E-5,-0.225509256124496,-0.0399820879101753,1,,,,,,,,,,,,,,,,
,3952784318.11301,44.8940105438232,999.893371582031,,,6,,,,30.7669124032357,,,1,,,,,,,,,,,,,,,,,,,,,,44.7173156738281,45.1759719848633,999.893371582031,999.893371582031,,,5.86699771881103,,1,0,0,0,0,30.7917900085449,2,1,1,44.6120491027832,0,44.9507055282593,,,4.04984063958758E-5,2.0157156731747E-6,4.09261361523954E-5,2.01663196387136E-6,0.857735514640808,0.981475412845612,30.2281093597412,0,30,4,200,-3.39189100486692E-5,-0.227918699383736,-0.0396700724959374,1,,,,,,,,,,,,,,,,
,3952784327.73313,44.3167152404785,999.893371582031,,,6,,,,30.7669124032357,,,1,,,,,,,,,,,,,,,,,,,,,,44.0714263916016,44.5998458862305,999.893371582031,999.893371582031,,,5.85660886764526,,1,0,0,0,0.0128173828125,30.3030319213867,2,1,1,44.0335845947266,0,44.3339631822374,,,4.10351193102971E-5,2.04270607667227E-6,4.14736952299017E-5,2.04362566148795E-6,0.856807410717011,0.981155097484589,30.2245941162109,0,30,4,200,-2.78699135378702E-5,-0.229674130678177,-0.0390428900718689,1,,,,,,,,,,,,,,,,
,3952784337.74967,43.7092990875244,999.893371582031,,,6,,,,30.7669124032357,,,1,,,,,,,,,,,,,,,,,,,,,,43.4293823242188,44.007755279541,999.893371582031,999.893371582031,,,5.843909740448,,1,0,0,0,0,30.3030319213867,2,1,1,43.4108428955078,0,43.72429784139,,,4.15577026269479E-5,2.06898355096587E-6,4.20072562407331E-5,2.06993199500761E-6,0.855936765670776,0.980759739875793,30.2213516235352,5.30431509017944,30,4,200,1.10546363885078E-6,-0.231448620557785,-0.0384773276746273,1,,,,,,,,,,,,,,,,
,3952784347.5072,43.15163230896,999.893371582031,,,6,,,,30.7669124032357,,,1,,,,,,,,,,,,,,,,,,,,,,42.9314117431641,43.4108428955078,999.893371582031,999.893371582031,,,5.83172750473022,,1,0,0,0,0,30.7917900085449,2,1,1,42.8924217224121,0,43.1713761223687,,,4.20402417760988E-5,2.09292776554365E-6,4.24931348587482E-5,2.09387947023198E-6,0.856195211410522,0.980626285076141,30.2224559783936,0.072099395096302,30,4,200,-5.28624295839109E-5,-0.233589172363281,-0.038326982408762,1,,,,,,,,,,,,,,,,
,3952784357.14624,42.5863761901855,999.893371582031,,,6,,,,30.7669124032357,,,1,,,,,,,,,,,,,,,,,,,,,,42.3014678955078,42.8924217224121,999.893371582031,999.893371582031,,,5.81946706771851,,1,0,0,0,0.0128173828125,30.7917900085449,2,1,1,42.280330657959,0,42.5967597961426,,,4.2477614928098E-5,2.11509687093913E-6,4.29439117544035E-5,2.11608756226243E-6,0.854928612709045,0.980725765228271,30.2173957824707,,30,4,200,-0.00010003024362959,-0.235317453742027,-0.0379016324877739,1,,,,,,,,,,,,,,,,
,3952784367.22196,41.9650764465332,999.893371582031,,,6,,,,30.7669124032357,,,1,,,,,,,,,,,,,,,,,,,,,,41.6788520812988,42.2663269042969,999.893371582031,999.893371582031,,,5.80394983291626,,1,0,0,0,0,30.3030319213867,2,1,1,41.6638259887695,0,41.9986881256103,,,4.28800080357828E-5,2.13539948782616E-6,4.33556618735758E-5,2.13640467966408E-6,0.854090332984924,0.980063021183014,30.2143573760986,0,30,4,200,-4.32883025496267E-5,-0.23694072663784,-0.0381037779152393,1,,,,,,,,,,,,,,,,
,3952784377.28848,41.3874359130859,999.893371582031,,,6,,,,30.7669124032357,,,1,,,,,,,,,,,,,,,,,,,,,,41.1460838317871,41.657341003418,999.893371582031,999.893371582031,,,5.79195547103882,,1,0,0,0,0,30.7917900085449,2,1,1,41.1175308227539,0,41.4154251946343,,,4.32331735156938E-5,2.15296475478368E-6,4.37121762848148E-5,2.15396601125398E-6,0.854160487651825,0.980220019817352,30.2146434783936,0.000193137399037369,30,4,200,-8.73454409884289E-5,-0.23860377073288,-0.0379832051694393,1,,,,,,,,,,,,,,,,
,3952784386.98218,40.830005645752,999.893371582031,,,6,,,,30.7669124032357,,,1,,,,,,,,,,,,,,,,,,,,,,40.5614585876465,41.1175308227539,999.893371582031,999.893371582031,,,5.7787561416626,,1,0,0,0,0,30.7917900085449,2,1,1,40.54248046875,0,40.8385293748644,,,4.3675570525692E-5,2.17505135769789E-6,4.41613592189303E-5,2.17607406513077E-6,0.853989481925964,0.980837821960449,30.213716506958,5.49670028686523,30,4,200,-5.74011937715113E-5,-0.240777790546417,-0.0379816144704819,1,,,,,,,,,,,,,,,,
,3952784396.64148,40.2650585174561,999.893371582031,,,6,,,,30.7669124032357,,,1,,,,,,,,,,,,,,,,,,,,,,40.0277633666992,40.54248046875,999.893371582031,999.893371582031,,,5.76510620117187,,1,0,0,0,0.0128173828125,31.2805480957031,2,1,1,39.9876365661621,0,40.3000272115072,,,4.39879201441745E-5,2.19087619055336E-6,4.44831604885934E-5,2.19194509064027E-6,0.853164434432983,0.980489134788513,30.2106513977051,0.0736857503652573,30,4,200,-1.27677176351426E-5,-0.241713404655457,-0.0378657542169094,1,,,,,,,,,,,,,,,,
,3952784406.66617,39.6645336151123,999.893371582031,,,6,,,,30.7669124032357,,,1,,,,,,,,,,,,,,,,,,,,,,39.4197616577148,39.9416656494141,999.893371582031,999.893371582031,,,5.75048065185547,,1,0,0,0,0,30.7917900085449,2,1,1,39.3874015808105,0,39.6946614583333,,,4.42406482719541E-5,2.2033042354823E-6,4.47354925571491E-5,2.2043693075412E-6,0.85364705324173,0.980712532997131,30.2125034332275,,30,4,200,-5.51239827473182E-5,-0.242578059434891,-0.0375691503286362,1,,,,,,,,,,,,,,,,
,3952784416.38492,39.1136322021484,999.893371582031,,,6,,,,30.7669124032357,,,1,,,,,,,,,,,,,,,,,,,,,,38.8931617736816,39.3874015808105,999.893371582031,999.893371582031,,,5.73760986328125,,1,0,0,0,0.0128173828125,28.8367557525635,2,1,1,38.8398628234863,0,39.1615134345161,,,4.45585878791961E-5,2.21927659016335E-6,4.50596599500857E-5,2.22034981029955E-6,0.853233635425568,0.980566799640655,30.2109088897705,0,30,4,200,-6.63004102534615E-5,-0.243822053074837,-0.0371550135314465,1,,,,,,,,,,,,,,,,
,3952784426.04489,38.5578327178955,999.893371582031,,,6,,,,30.7669124032357,,,1,,,,,,,,,,,,,,,,,,,,,,38.2758026123047,38.8295516967773,999.893371582031,999.893371582031,,,5.72329425811768,,1,0,0,0,0,30.3030319213867,2,1,1,38.2758026123047,0,38.5590061611599,,,4.4821624414837E-5,2.2322076412081E-6,4.53226734186254E-5,2.23328019536083E-6,0.853739380836487,0.981250047683716,30.2125854492188,0.0796505063772202,30,4,200,-4.5363444769464E-6,-0.244719624519348,-0.0369970314204693,1,,,,,,,,,,,,,,,,
,3952784435.70504,38.006498336792,999.893371582031,,,6,,,,30.7669124032357,,,1,,,,,,,,,,,,,,,,,,,,,,37.7730560302734,38.2670021057129,999.893371582031,999.893371582031,,,5.70878791809082,,1,0,0,0,0,30.7917900085449,2,1,1,37.7459945678711,0,38.0197525024414,,,4.50517538428435E-5,2.2437187941557E-6,4.55561807639527E-5,2.24479966749948E-6,0.853589355945587,0.980932950973511,30.2121486663818,0,30,4,200,-6.76147756166756E-5,-0.245465144515038,-0.0367680378258228,1,,,,,,,,,,,,,,,,
,3952784453.95069,36.9426536560059,999.893371582031,,,6,,,,30.7617538349509,,,1,,,,,,,,,,,,,,,,,,,,,,36.7364158630371,37.2153472900391,999.893371582031,999.893371582031,,,5.68100070953369,,1,0,0,0,0,30.7917900085449,2,1,1,36.6699600219727,0,36.9739863077799,,,4.55322003807291E-5,2.26725124986833E-6,4.60339437452317E-5,2.26834506804987E-6,0.854759573936462,0.980855286121368,30.2115612030029,0,30,4,200,-0.000101742043625563,-0.247505962848663,-0.0362657979130745,1,,,,,,,,,,,,,,,,
,3952784463.91352,36.3399410247803,999.893371582031,,,6,,,,30.7617538349509,,,1,,,,,,,,,,,,,,,,,,,,,,36.0284080505371,36.6699600219727,999.893371582031,999.893371582031,,,5.66488456726074,,1,0,0,0,0.0128173828125,30.3030319213867,2,1,1,36.0099220275879,0,36.3511814117432,,,4.57617455210196E-5,2.27880371283766E-6,4.62685154803671E-5,2.2798841634714E-6,0.854397177696228,0.98130077123642,30.209997177124,0,30,4,200,-7.76893066358753E-5,-0.248597592115402,-0.0364188961684704,1,,,,,,,,,,,,,,,,
,3952784473.80892,35.7241096496582,999.893371582031,,,6,,,,30.7617538349509,,,1,,,,,,,,,,,,,,,,,,,,,,35.4748420715332,36.0099220275879,999.893371582031,999.893371582031,,,5.64977550506592,,1,0,0,0,0,30.7917900085449,2,1,1,35.4382972717285,0,35.753714243571,,,4.60105399783436E-5,2.29124731145452E-6,4.65211155580627E-5,2.29233796699939E-6,0.854239702224731,0.981155455112457,30.2094249725342,3.51041933299712E-8,30,4,200,-8.07191681815311E-5,-0.249590903520584,-0.0363420322537422,1,,,,,,,,,,,,,,,,
,3952784483.4262,35.1642055511475,999.893371582031,,,6,,,,30.7617538349509,,,1,,,,,,,,,,,,,,,,,,,,,,34.9096755981445,35.4382972717285,999.893371582031,999.893371582031,,,5.63409185409546,,1,0,0,0,0,30.3030319213867,2,1,1,34.8901138305664,0,35.175656636556,,,4.62156083185992E-5,2.3013244841026E-6,4.67261205385528E-5,2.30241906849285E-6,0.85463410615921,0.981637358665466,30.2108001708984,1.00000047683716,30,4,200,-6.07588444836438E-5,-0.250521898269653,-0.0364054702222347,1,,,,,,,,,,,,,,,,
,3952784493.10919,34.6106109619141,999.893371582031,,,6,,,,30.7617538349509,,,1,,,,,,,,,,,,,,,,,,,,,,34.3720207214355,34.8790245056152,999.893371582031,999.893371582031,,,5.61789035797119,,1,0,0,0,0,30.3030319213867,2,1,1,34.3421974182129,0,34.6267399258084,,,4.64396087551118E-5,2.31256007984455E-6,4.69544575371667E-5,2.31368594444574E-6,0.854398131370544,0.981280505657196,30.210018157959,0,30,4,200,-6.07846850471105E-5,-0.251343250274658,-0.0360126197338104,1,,,,,,,,,,,,,,,,
,3952784503.22655,34.0262241363525,999.893371582031,,,6,,,,30.7617538349509,,,1,,,,,,,,,,,,,,,,,,,,,,33.79296875,34.2938041687012,999.893371582031,999.893371582031,,,5.60084247589111,,1,0,0,0,0,30.7917900085449,2,1,1,33.7586441040039,0,34.0327053070068,,,4.66770272259374E-5,2.32443509656332E-6,4.71951249682943E-5,2.32555100524164E-6,0.854242980480194,0.981107234954834,30.2094879150391,0,30,4,200,-6.37186531093903E-5,-0.252408802509308,-0.0360742956399918,1,,,,,,,,,,,,,,,,
,3952784513.06286,33.4766864776611,999.893371582031,,,6,,,,30.7617538349509,,,1,,,,,,,,,,,,,,,,,,,,,,33.2070960998535,33.7462768554687,999.893371582031,999.893371582031,,,5.58380746841431,,1,0,0,0,0,30.7917900085449,2,1,1,33.2070960998535,0,33.4721267700195,,,4.68648949379917E-5,2.33387345060942E-6,4.7387839092587E-5,2.33501238349361E-6,0.854006767272949,0.981926381587982,30.2083034515381,0,30,4,200,-2.61384539044229E-5,-0.253056228160858,-0.0357909463346004,1,,,,,,,,,,,,,,,,
,3952784522.76561,32.895658493042,999.893371582031,,,6,,,,30.7617538349509,,,1,,,,,,,,,,,,,,,,,,,,,,32.6290588378906,33.1855010986328,999.893371582031,999.893371582031,,,5.56608057022095,,1,0,0,0,0.0128173828125,30.7917900085449,2,1,1,32.6058158874512,0,32.8986167907715,,,4.70413291796058E-5,2.3427158605645E-6,4.75674341804814E-5,2.34386137646765E-6,0.853845536708832,0.981927871704102,30.2076835632324,0,30,4,200,-4.70261657028459E-5,-0.25383859872818,-0.0356688424944878,1,,,,,,,,,,,,,,,,
,3952784532.66684,32.3006801605225,999.893371582031,,,6,,,,30.7617538349509,,,1,,,,,,,,,,,,,,,,,,,,,,32.0901756286621,32.6058158874512,999.893371582031,999.893371582031,,,5.54778432846069,,1,0,0,0,0,29.8142719268799,2,1,1,31.9955444335937,0,32.3543904622396,,,4.72502142794115E-5,2.35316607625061E-6,4.77795718110465E-5,2.35431594448005E-6,0.853712320327759,0.981905400753021,30.2071838378906,0.188582450151443,30,4,200,-3.18920028803404E-5,-0.25455316901207,-0.0355097539722919,1,,,,,,,,,,,,,,,,
,3952784542.71915,31.7180337905884,999.893371582031,,,6,,,,30.7617538349509,,,1,,,,,,,,,,,,,,,,,,,,,,31.5138168334961,31.9860134124756,999.893371582031,999.893371582031,,,5.52875137329102,,1,0,0,0,0.0002288818359375,30.7917900085449,2,1,1,31.4500541687012,0,31.7686021592882,,,4.74460265681606E-5,2.36294800765709E-6,4.79780534816851E-5,2.36409496353001E-6,0.853628098964691,0.981937289237976,30.2068309783936,,30,4,200,-3.28369242197368E-5,-0.254701673984528,-0.0347654893994331,1,,,,,,,,,,,,,,,,
,3952784552.41567,31.1489763259888,999.893371582031,,,6,,,,30.7617538349509,,,1,,,,,,,,,,,,,,,,,,,,,,30.8583488464355,31.4500541687012,999.893371582031,999.893371582031,,,5.50869369506836,,1,0,0,0,0,30.3030319213867,2,1,1,30.8478984832764,0,31.1608217027452,,,4.7639752557442E-5,2.37252607107782E-6,4.81732787534976E-5,2.3736931372527E-6,0.853823125362396,0.982423722743988,30.2074699401855,0.188574507832527,30,4,200,-6.68375214445405E-5,-0.255242854356766,-0.0343811810016632,1,,,,,,,,,,,,,,,,
,3952784562.04711,30.5844888687134,999.893371582031,,,6,,,,30.7617538349509,,,1,,,,,,,,,,,,,,,,,,,,,,30.3666687011719,30.8380908966064,999.893371582031,999.893371582031,,,5.48890829086304,,1,0,0,0,0,30.7917900085449,2,1,1,30.3308868408203,0,30.608611424764,,,4.78365438463235E-5,2.38220015377883E-6,4.83695212100098E-5,2.38336080743729E-6,0.854179978370666,0.982481300830841,30.2088432312012,0,30,4,200,-8.42889494379051E-6,-0.255965888500214,-0.0340927541255951,1,,,,,,,,,,,,,,,,
,3952784572.07524,29.9841022491455,999.893371582031,,,6,,,,30.7617538349509,,,1,,,,,,,,,,,,,,,,,,,,,,29.7119445800781,30.2738094329834,999.893371582031,999.893371582031,,,5.46674871444702,,1,0,0,0,0,30.3030319213867,2,1,1,29.6943950653076,0,29.9968681335449,,,4.8038264390021E-5,2.39244125787832E-6,4.85773766114067E-5,2.3935975965848E-6,0.85363245010376,0.982605993747711,30.2066822052002,,30,4,200,-3.65191153832711E-5,-0.256500720977783,-0.0338812693953514,1,,,,,,,,,,,,,,,,
,3952784581.8084,29.4341192245483,999.893371582031,,,6,,,,30.7617538349509,,,1,,,,,,,,,,,,,,,,,,,,,,29.2228412628174,29.6943950653076,999.893371582031,999.893371582031,,,5.4449143409729,,1,0,0,0,0,30.7917900085449,2,1,1,29.1738433837891,0,29.459484524197,,,4.82140047606633E-5,2.40099590328497E-6,4.87512339564421E-5,2.4021440265524E-6,0.854186296463013,0.98311585187912,30.2086601257324,0.177297934889793,30,4,200,-5.43265996384434E-5,-0.257214784622192,-0.0336985103785992,1,,,,,,,,,,,,,,,,
,3952784591.48884,28.8674087524414,999.893371582031,,,6,,,,30.7617538349509,,,1,,,,,,,,,,,,,,,,,,,,,,28.5943584442139,29.1594982147217,999.893371582031,999.893371582031,,,5.42266941070557,,1,0,0,0,0,30.7917900085449,2,1,1,28.5753192901611,0,28.880269156562,,,4.84365821559576E-5,2.41217696895211E-6,4.89781971808651E-5,2.41333515579818E-6,0.853912472724915,0.982887804508209,30.207691192627,5.30291604995728,30,4,200,-1.926062941493E-5,-0.257818609476089,-0.0333638712763786,1,,,,,,,,,,,,,,,,
,3952784601.10268,28.3102617263794,999.893371582031,,,6,,,,30.7617538349509,,,1,,,,,,,,,,,,,,,,,,,,,,28.0859088897705,28.5753192901611,999.893371582031,999.893371582031,,,5.39869594573975,,1,0,0,0,0,30.7917900085449,2,1,1,28.0452041625977,0,28.3196517096625,,,4.85907697445606E-5,2.41975014780659E-6,4.91319737409691E-5,2.42091211448204E-6,0.854207634925842,0.982916951179504,30.2088203430176,0,30,4,200,-1.86580837180372E-5,-0.258045852184296,-0.0325798466801643,1,,,,,,,,,,,,,,,,
,3952784611.20873,27.7146501541138,999.893371582031,,,6,,,,30.7617538349509,,,1,,,,,,,,,,,,,,,,,,,,,,27.4920864105225,28.0121536254883,999.893371582031,999.893371582031,,,5.37299680709839,,1,0,0,0,0,30.3030319213867,2,1,1,27.4171466827393,0,27.7450328403049,,,4.87906947588244E-5,2.42970303526613E-6,4.93345507438112E-5,2.43086556937602E-6,0.854215741157532,0.983607351779938,30.2086410522461,0,30,4,200,-7.47399171814322E-5,-0.258831560611725,-0.0324703715741634,1,,,,,,,,,,,,,,,,
,3952784621.04145,27.1409845352173,999.893371582031,,,6,,,,30.7617538349509,,,1,,,,,,,,,,,,,,,,,,,,,,26.8648223876953,27.4171466827393,999.893371582031,999.893371582031,,,5.34748792648315,,1,0,0,0,0,30.3030319213867,2,1,1,26.8648223876953,0,27.15530834198,,,4.89641692418572E-5,2.43850911553798E-6,4.95129108652914E-5,2.43966552233411E-6,0.853757441043854,0.983334243297577,30.2069721221924,0.188582316040993,30,4,200,3.36546909238677E-5,-0.258996456861496,-0.0317035727202892,1,,,,,,,,,,,,,,,,
,3952784630.77078,26.5751209259033,999.893371582031,,,6,,,,30.7617538349509,,,1,,,,,,,,,,,,,,,,,,,,,,26.3334312438965,26.8463706970215,999.893371582031,999.893371582031,,,5.32107973098755,,1,0,0,0,0,30.7917900085449,2,1,1,26.3038711547852,0,26.6131451924642,,,4.91521258201747E-5,2.4478534376061E-6,4.970291288385E-5,2.44903427482505E-6,0.853799998760223,0.983153104782104,30.2071647644043,5.49610471725464,30,4,200,1.4808309970249E-5,-0.259086430072784,-0.0310524329543114,1,,,,,,,,,,,,,,,,
,3952784640.77586,26.0029764175415,999.893371582031,,,6,,,,30.7617538349509,,,1,,,,,,,,,,,,,,,,,,,,,,25.7401962280273,26.2985210418701,999.893371582031,999.893371582031,,,5.29182243347168,,1,0,0,0,0,30.7917900085449,2,1,1,25.7074317932129,0,26.0207286834717,,,4.93489385988295E-5,2.45758293461453E-6,4.99003798396942E-5,2.45873674444071E-6,0.853995800018311,0.983821928501129,30.2077312469482,,30,4,200,5.34776245331159E-6,-0.259446620941162,-0.0306026171892881,1,,,,,,,,,,,,,,,,
,3952784659.60825,24.9088926315308,999.893371582031,,,6,,,,30.756522570186,,,1,,,,,,,,,,,,,,,,,,,,,,24.6737747192383,25.1944980621338,999.893371582031,999.893371582031,,,5.2351393699646,,1,0,0,0,0,30.3030319213867,2,1,1,24.6232872009277,0,24.9365094502767,,,4.97600236649497E-5,2.47751935915504E-6,5.03048281046274E-5,2.47868184719576E-6,0.855452835559845,0.983412086963654,30.2082252502441,0,30,4,200,-9.00056620594114E-5,-0.260227054357529,-0.0293689426034689,1,,,,,,,,,,,,,,,,
,3952784669.2943,24.3379411697388,999.893371582031,,,6,,,,30.756522570186,,,1,,,,,,,,,,,,,,,,,,,,,,24.1083450317383,24.6232872009277,999.893371582031,999.893371582031,,,5.20406246185303,,1,0,0,0,0,30.7917900085449,2,1,1,24.0525951385498,0,24.3904056549072,,,4.99033378984801E-5,2.48465014726887E-6,5.0449615669735E-5,2.48579916857515E-6,0.855463743209839,0.98380708694458,30.2081985473633,5.76031879973016E-7,30,4,200,-1.24379466797109E-5,-0.260627955198288,-0.0291125010699034,1,,,,,,,,,,,,,,,,
,3952784678.97662,23.7783546447754,999.893371582031,,,6,,,,30.756522570186,,,1,,,,,,,,,,,,,,,,,,,,,,23.5360107421875,24.0356254577637,999.893371582031,999.893371582031,,,5.17233562469482,,1,0,0,0,0,30.3030319213867,2,1,1,23.5210838317871,0,23.7786265479194,,,5.01014637013951E-5,2.49465915546835E-6,5.06526635654085E-5,2.49579470742446E-6,0.855076193809509,0.984075963497162,30.2066555023193,7.40792927445E-7,30,4,200,7.20899915904738E-5,-0.260333716869354,-0.0279077775776386,1,,,,,,,,,,,,,,,,
,3952784688.93077,23.204719543457,999.893371582031,,,6,,,,30.756522570186,,,1,,,,,,,,,,,,,,,,,,,,,,22.9415245056152,23.4998073577881,999.893371582031,999.893371582031,,,5.13853168487549,,1,0,0,0,0,31.2805480957031,2,1,1,22.909631729126,0,23.2255661010742,,,5.02984756446635E-5,2.5045588193205E-6,5.08544474978038E-5,2.50574191016672E-6,0.854832649230957,0.983948469161987,30.2056980133057,0.0788213759660721,30,4,200,0.000103602062154096,-0.260430574417114,-0.0267425626516342,1,,,,,,,,,,,,,,,,
,3952784698.9013,22.6258821487427,999.893371582031,,,6,,,,30.756522570186,,,1,,,,,,,,,,,,,,,,,,,,,,22.3988761901855,22.9016246795654,999.893371582031,999.893371582031,,,5.10309362411499,,1,0,0,0,0,30.3030319213867,2,1,1,22.3501396179199,0,22.6514879862467,,,5.05144019271726E-5,2.51525788737771E-6,5.10712753700962E-5,2.51641560504117E-6,0.854971408843994,0.984172999858856,30.206226348877,0,30,4,200,6.6467335273046E-5,-0.260094314813614,-0.0258957799524069,1,,,,,,,,,,,,,,,,
,3952784708.57744,22.0638656616211,999.893371582031,,,6,,,,30.756522570186,,,1,,,,,,,,,,,,,,,,,,,,,,21.7871036529541,22.3501396179199,999.893371582031,999.893371582031,,,5.0674033164978,,1,0,0,0,0,29.8142719268799,2,1,1,21.7775917053223,0,22.0716171264648,,,5.07368478151919E-5,2.52652302626712E-6,5.13005765909498E-5,2.52770840143646E-6,0.854469418525696,0.984327912330627,30.2042713165283,,30,4,200,0.000104407794424333,-0.260441273450851,-0.0247998498380184,1,,,,,,,,,,,,,,,,
,3952784718.29715,21.5017938613892,999.893371582031,,,6,,,,30.756522570186,,,1,,,,,,,,,,,,,,,,,,,,,,21.2535305023193,21.7775917053223,999.893371582031,999.893371582031,,,5.03147077560425,,1,0,0,0,0,32.7468223571777,2,1,1,21.2259960174561,0,21.5205925835503,,,5.09592132854937E-5,2.53763418162715E-6,5.15267607333284E-5,2.53885833193217E-6,0.854369342327118,0.984204769134521,30.2039203643799,5.49580955505371,30,4,200,0.000143675177241676,-0.260366827249527,-0.0237338338047266,1,,,,,,,,,,,,,,,,
,3952784728.28592,20.934757232666,999.893371582031,,,6,,,,30.756522570186,,,1,,,,,,,,,,,,,,,,,,,,,,20.6938438415527,21.1912975311279,999.893371582031,999.893371582031,,,4.99277257919312,,1,0,0,0,0,30.3030319213867,2,1,1,20.6648025512695,0,20.9353141784668,,,5.12069951217782E-5,2.54986334727273E-6,5.17740996690731E-5,2.55103134767113E-6,0.854657828807831,0.984546840190887,30.2048778533936,0.0795226544141769,30,4,200,0.000134938498376869,-0.260299742221832,-0.0224527325481176,1,,,,,,,,,,,,,,,,
,3952784738.00086,20.3921604156494,999.893371582031,,,6,,,,30.756522570186,,,1,,,,,,,,,,,,,,,,,,,,,,20.1632652282715,20.6648025512695,999.893371582031,999.893371582031,,,4.9530234336853,,1,0,0,0,0,30.7917900085449,2,1,1,20.1195182800293,0,20.412623723348,,,5.14559074031355E-5,2.56245437398381E-6,5.20304835428599E-5,2.56366940233199E-6,0.854142785072327,0.984412550926209,30.2030086517334,0.113752909004688,30,4,200,0.000149298590258695,-0.260371565818787,-0.021292369812727,1,,,,,,,,,,,,,,,,
,3952784747.66033,19.8358955383301,999.893371582031,,,6,,,,30.756522570186,,,1,,,,,,,,,,,,,,,,,,,,,,19.5677280426025,20.1195182800293,999.893371582031,999.893371582031,,,4.91396903991699,,1,0,0,0,0,30.7917900085449,2,1,1,19.5522727966309,0,19.8201611836751,,,5.17209485805643E-5,2.57583563365884E-6,5.23013049915668E-5,2.57701767017358E-6,0.853668928146362,0.984314024448395,30.2011642456055,0,30,4,200,0.00018251383153256,-0.260181128978729,-0.0199311133474112,1,,,,,,,,,,,,,,,,
,3952784757.32193,19.2551364898682,999.893371582031,,,6,,,,30.756522570186,,,1,,,,,,,,,,,,,,,,,,,,,,19.0055065155029,19.5386161804199,999.893371582031,999.893371582031,,,4.87326622009277,,1,0,0,0,0,30.7917900085449,2,1,1,18.9716567993164,0,19.2844611273872,,,5.20010477812118E-5,2.58971991146464E-6,5.25839358249044E-5,2.5909472116295E-6,0.853838086128235,0.984227478504181,30.201868057251,0.0756349489092827,30,4,200,0.000222387883695774,-0.25988045334816,-0.0182231273502111,1,,,,,,,,,,,,,,,,
,3952784767.35672,18.6700563430786,999.893371582031,,,6,,,,30.756522570186,,,1,,,,,,,,,,,,,,,,,,,,,,18.4390201568604,18.9428539276123,999.893371582031,999.893371582031,,,4.82881689071655,,1,0,0,0,0,30.7917900085449,2,1,1,18.3972587585449,0,18.6901113722059,,,5.23142552518074E-5,2.60526405969576E-6,5.2900139047104E-5,2.60651739983728E-6,0.853975653648376,0.984459698200226,30.2023048400879,,30,4,200,0.000167020276421681,-0.259689509868622,-0.0167199559509754,1,,,,,,,,,,,,,,,,
,3952784777.10132,18.1250495910645,999.893371582031,,,6,,,,30.756522570186,,,1,,,,,,,,,,,,,,,,,,,,,,17.9223155975342,18.3972587585449,999.893371582031,999.893371582031,,,4.78740406036377,,1,0,0,0,0,29.8142719268799,2,1,1,17.852840423584,0,18.150513543023,,,5.26311273023566E-5,2.62144112526586E-6,5.322826544908E-5,2.6227003616375E-6,0.852963030338287,0.98406970500946,30.1984977722168,0.080585390329361,30,4,200,0.000201967515749857,-0.259555011987686,-0.0148444250226021,1,,,,,,,,,,,,,,,,
,3952784786.77878,17.5698204040527,999.893371582031,,,6,,,,30.756522570186,,,1,,,,,,,,,,,,,,,,,,,,,,17.3170261383057,17.8433837890625,999.893371582031,999.893371582031,,,4.74364709854126,,1,0,0,0,0,31.2805480957031,2,1,1,17.296257019043,0,17.5811905331082,,,5.29411814111104E-5,2.63704909915186E-6,5.35453308397013E-5,2.63831474063943E-6,0.852550387382507,0.984294235706329,30.1968402862549,0.0808086171746254,30,4,200,0.000243950547883287,-0.259429961442947,-0.0132018625736237,1,,,,,,,,,,,,,,,,
,3952784796.40955,17.0231018066406,999.893371582031,,,6,,,,30.756522570186,,,1,,,,,,,,,,,,,,,,,,,,,,16.7887516021729,17.296257019043,999.893371582031,999.893371582031,,,4.69869613647461,,1,0,0,0,0,29.8142719268799,2,1,1,16.7499465942383,0,17.0514939626058,,,5.3371771355443E-5,2.65861337681837E-6,5.39839524578906E-5,2.65994686508061E-6,0.852259516716003,0.983808815479279,30.1959400177002,,30,4,200,0.000211297359783202,-0.26033553481102,-0.011755938641727,1,,,,,,,,,,,,,,,,
,3952784806.47235,16.4447202682495,999.893371582031,,,6,,,,30.756522570186,,,1,,,,,,,,,,,,,,,,,,,,,,16.1821193695068,16.7251682281494,999.893371582031,999.893371582031,,,4.65018367767334,,1,0,0,0,0,30.3030319213867,2,1,1,16.1642723083496,0,16.4675477345784,,,5.38889665457294E-5,2.68452726663282E-6,5.45100272751839E-5,2.68585645754945E-6,0.851888120174408,0.984079241752625,30.1943435668945,0.116415694355965,30,4,200,0.000213453022297472,-0.260894864797592,-0.0103416908532381,1,,,,,,,,,,,,,,,,
,3952784816.25143,15.8982934951782,999.893371582031,,,6,,,,30.756522570186,,,1,,,,,,,,,,,,,,,,,,,,,,15.6839742660522,16.1642723083496,999.893371582031,999.893371582031,,,4.60312175750732,,1,0,0,0,0,30.7917900085449,2,1,1,15.6323146820068,0,15.9334512286716,,,5.42845441533327E-5,2.70426934861179E-6,5.49104952850311E-5,2.70558712541737E-6,0.85180002450943,0.984112143516541,30.1939907073975,,30,4,200,0.000279623491223902,-0.261077344417572,-0.00835367664694786,1,,,,,,,,,,,,,,,,
,3952784826.05725,15.347234249115,999.893371582031,,,6,,,,30.756522570186,,,1,,,,,,,,,,,,,,,,,,,,,,15.1133785247803,15.619402885437,999.893371582031,999.893371582031,,,4.55364084243774,,1,0,0,0,0,30.7917900085449,2,1,1,15.075065612793,0,15.3640610376994,,,5.46934014780453E-5,2.72489541848193E-6,5.53296739805976E-5,2.72624326544619E-6,0.851177215576172,0.984075427055359,30.1915988922119,3.00899955618661E-5,30,4,200,0.00034793940722011,-0.26117667555809,-0.00598935922607779,1,,,,,,,,,,,,,,,,
,3952784836.0535,14.77170753479,999.893371582031,,,6,,,,30.756522570186,,,1,,,,,,,,,,,,,,,,,,,,,,14.4847440719604,15.075065612793,999.893371582031,999.893371582031,,,4.49978685379028,,1,0,0,0,0,30.3030319213867,2,1,1,14.4683494567871,0,14.7706708908081,,,5.5097026064402E-5,2.74526760111266E-6,5.57434167782471E-5,2.74663237604207E-6,0.850549399852753,0.984014451503754,30.1892013549805,5.30008840560913,30,4,200,0.000401663506636396,-0.26050940155983,-0.00353373261168599,1,,,,,,,,,,,,,,,,
,3952784845.9905,14.2107744216919,999.893371582031,,,6,,,,30.756522570186,,,1,,,,,,,,,,,,,,,,,,,,,,13.9977369308472,14.4683494567871,999.893371582031,999.893371582031,,,4.44604682922363,,1,0,0,0,0,30.3030319213867,2,1,1,13.9531993865967,0,14.2331038581,,,5.55294589362233E-5,2.7669180575621E-6,5.61827335726163E-5,2.76829789961997E-6,0.850302398204803,0.983575701713562,30.1883182525635,0,30,4,200,0.000419811956817284,-0.260019332170486,-0.000805429124739021,1,,,,,,,,,,,,,,,,
,3952784855.67214,13.669930934906,999.893371582031,,,6,,,,30.756522570186,,,1,,,,,,,,,,,,,,,,,,,,,,13.3948621749878,13.941819190979,999.893371582031,999.893371582031,,,4.39353132247925,,1,0,0,0,0,30.7917900085449,2,1,1,13.3866624832153,0,13.6625625822279,,,5.57648547526657E-5,2.77871093568394E-6,5.6422653733778E-5,2.78012675095036E-6,0.850153982639313,0.983426511287689,30.1878051757812,5.49434280395508,30,4,200,0.000433073553722352,-0.25875449180603,0.00189432094339281,1,,,,,,,,,,,,,,,,
,3952784865.32122,13.1121492385864,999.893371582031,,,6,,,,30.756522570186,,,1,,,,,,,,,,,,,,,,,,,,,,12.8819761276245,13.3866624832153,999.893371582031,999.893371582031,,,4.33734512329102,,1,0,0,0,0,30.3030319213867,2,1,1,12.8376359939575,0,13.1241048177083,,,5.58637536815607E-5,2.78393331749103E-6,5.65277235359552E-5,2.78532839998589E-6,0.849464476108551,0.98289144039154,30.1853313446045,1,30,4,200,0.000403781625209376,-0.256547302007675,0.00451891217380762,1,,,,,,,,,,,,,,,,
,3952784875.43949,12.5412006378174,999.893371582031,,,6,,,,30.756522570186,,,1,,,,,,,,,,,,,,,,,,,,,,12.2940301895142,12.8127937316895,999.893371582031,999.893371582031,,,4.27548933029175,,1,0,0,0,0,30.7917900085449,2,1,1,12.2696075439453,0,12.5659129884508,,,5.58274031796119E-5,2.78228745192771E-6,5.64945922763487E-5,2.78371465754824E-6,0.849080920219421,0.982523679733276,30.1839237213135,0,30,4,200,0.000473658961709589,-0.253985524177551,0.00737559283152223,1,,,,,,,,,,,,,,,,
,3952784885.31112,12.0057430267334,999.893371582031,,,6,,,,30.756522570186,,,1,,,,,,,,,,,,,,,,,,,,,,11.7724742889404,12.2696075439453,999.893371582031,999.893371582031,,,4.21319198608398,,1,0,0,0,0,30.7917900085449,2,1,1,11.7418785095215,0,12.02901479933,,,5.57098813965378E-5,2.77659235376307E-6,5.63784636646627E-5,2.77802904100882E-6,0.848701417446136,0.98176646232605,30.1826915740967,0.0852305218577385,30,4,200,0.00050800881581381,-0.250806570053101,0.0104766525328159,1,,,,,,,,,,,,,,,,
,3952784895.01853,11.4630446434021,999.893371582031,,,6,,,,30.756522570186,,,1,,,,,,,,,,,,,,,,,,,,,,11.2360639572144,11.7165536880493,999.893371582031,999.893371582031,,,4.14915466308594,,1,0,0,0,0,27.8592376708984,2,1,1,11.2095355987549,0,11.4687573115031,,,5.55874927820359E-5,2.77077190096607E-6,5.62601951279748E-5,2.77221391311802E-6,0.848052561283112,0.981529057025909,30.1801567077637,INF,30,4,200,0.000495776417665184,-0.246897786855698,0.0139506105333567,1,,,,,,,,,,,,,,,,
,3952784904.95422,10.9233231544495,999.893371582031,,,6,,,,30.756522570186,,,1,,,,,,,,,,,,,,,,,,,,,,10.6562490463257,11.1903972625732,999.893371582031,999.893371582031,,,4.07995986938477,,1,0,0,0,0,31.2805480957031,2,1,1,10.6562490463257,0,10.9260384559631,,,5.53830191147101E-5,2.76086513167149E-6,5.60580384817977E-5,2.76230144759344E-6,0.847390472888947,0.980602979660034,30.1779613494873,2.21958703150449E-6,30,4,200,0.000498414679896086,-0.242817521095276,0.0171737745404243,1,,,,,,,,,,,,,,,,
,3952784914.93911,10.3792886734009,999.893371582031,,,6,,,,30.756522570186,,,1,,,,,,,,,,,,,,,,,,,,,,10.1574296951294,10.6437072753906,999.893371582031,999.893371582031,,,4.00736331939697,,1,0,0,0,0,30.7917900085449,2,1,1,10.1148700714111,0,10.3984421624078,,,5.48900145271368E-5,2.73648376602236E-6,5.55622797358418E-5,2.73792558505043E-6,0.846934020519257,0.979622602462769,30.1765365600586,0.117490373551846,30,4,200,0.00059399422025308,-0.237291648983955,0.0211803130805492,1,,,,,,,,,,,,,,,,
,3952784924.57731,9.97022199630737,999.893371582031,,,6,,,,30.756522570186,,,1,,,,,,,,,,,,,,,,,,,,,,9.86825466156006,10.1148700714111,999.893371582031,999.893371582031,,,3.96768140792847,,1,0,0,0,0,30.7917900085449,6,1,1,9.82557392120361,0,9.98435711860657,,,5.45157279095765E-5,2.71869662625041E-6,5.52000134799208E-5,2.72017473106274E-6,0.844898462295532,0.977872729301453,30.1693477630615,1.8452714130035E-6,30,4,200,0.000150873514940031,-0.232037365436554,0.0234796907752752,1,,,,,,,,,,,,,,,,
,3952784934.26307,9.62001132965088,999.893371582031,,,6,,,,30.756522570186,,,1,,,,,,,,,,,,,,,,,,,,,,9.44531440734863,9.82557392120361,999.893371582031,999.893371582031,,,3.95559620857239,,1,0,0,0,0,30.7917900085449,6,1,1,9.41444873809814,0,9.66227944691976,,,5.4240789077026E-5,2.70433135979979E-6,5.49092233343523E-5,2.7057426037829E-6,0.846431374549866,0.979680180549622,30.1744556427002,0.0848659202456474,30,4,200,-0.00023998947290238,-0.23055762052536,0.0250644944608212,1,,,,,,,,,,,,,,,,
,3952784944.21832,9.07872772216797,999.893371582031,,,6,,,,30.756522570186,,,1,,,,,,,,,,,,,,,,,,,,,,8.76386642456055,9.41444873809814,999.893371582031,999.893371582031,,,3.92890810966492,,1,0,0,0,0,30.3030319213867,6,1,1,8.74300670623779,0,9.10050191879272,,,5.40891326774421E-5,2.69610659471647E-6,5.47420904370998E-5,2.69750282644917E-6,0.848004043102264,0.979751110076904,30.1805057525635,,30,4,200,0.000201982198632322,-0.226751446723938,0.0263768471777439,1,,,,,,,,,,,,,,,,
,3952784954.15817,8.43986654281616,999.893371582031,,,6,,,,30.756522570186,,,1,,,,,,,,,,,,,,,,,,,,,,8.18818378448486,8.7301664352417,999.893371582031,999.893371582031,,,3.88234543800354,,1,0,0,0,0.0128173828125,30.3030319213867,6,1,1,8.14956665039063,0,8.46820248497857,,,5.40568598948017E-5,2.69496588745705E-6,5.47182932216895E-5,2.69637469280364E-6,0.846891224384308,0.978944659233093,30.1764183044434,1.61696209488582E-6,30,4,200,0.000394590693758801,-0.223143666982651,0.0307874772697687,1,,,,,,,,,,,,,,,,
,3952784963.88314,7.88041305541992,999.893371582031,,,6,,,,30.756522570186,,,1,,,,,,,,,,,,,,,,,,,,,,7.68156337738037,8.13955879211426,999.893371582031,999.893371582031,,,3.82446837425232,,1,0,0,0,0,30.3030319213867,6,1,1,7.61125946044922,0,7.90967977046967,,,5.38960401342093E-5,2.68690378280351E-6,5.45531200817948E-5,2.68826822759399E-6,0.846996009349823,0.978365480899811,30.1770324707031,0.0814248397946358,30,4,200,0.000502667448017746,-0.217767208814621,0.0362032130360603,1,,,,,,,,,,,,,,,,
,3952784973.94405,7.31047606468201,999.893371582031,,,6,,,,30.756522570186,,,1,,,,,,,,,,,,,,,,,,,,,,7.01556253433228,7.60538959503174,999.893371582031,999.893371582031,,,3.73887872695923,,1,0,0,0,0,30.7917900085449,6,1,1,7.01556253433228,0,7.30391359329224,,,5.31546730508634E-5,2.65082810578482E-6,5.38205052246368E-5,2.652261197813E-6,0.84488308429718,0.976778566837311,30.1694297790527,0,30,4,200,0.000788512290455401,-0.208909124135971,0.042491503059864,1,,,,,,,,,,,,,,,,
,3952784983.9654,6.73168969154358,999.893371582031,,,6,,,,30.756522570186,,,1,,,,,,,,,,,,,,,,,,,,,,6.52253007888794,7.00592565536499,999.893371582031,999.893371582031,,,3.65433287620544,,1,0,0,0,0,30.3030319213867,6,1,1,6.45745372772217,0,6.75780306922065,,,5.27859527509457E-5,2.63205058364013E-6,5.34374984891579E-5,2.63344673368273E-6,0.845817923545837,0.97582471370697,30.1734275817871,5.49303436279297,30,4,200,0.000796881038695574,-0.199286386370659,0.0510223470628262,1,,,,,,,,,,,,,,,,
,3952784993.71628,6.18519425392151,999.893371582031,,,6,,,,30.756522570186,,,1,,,,,,,,,,,,,,,,,,,,,,5.99984169006348,6.45745372772217,999.893371582031,999.893371582031,,,3.54892420768738,,1,0,0,0,0,30.3030319213867,6,1,1,5.91293478012085,0,6.21111595630646,,,5.29824722487887E-5,2.64221051763022E-6,5.3643015418224E-5,2.64362877238949E-6,0.844955027103424,0.974991977214813,30.1704349517822,0,30,4,200,0.00103120028506964,-0.190519854426384,0.0616969168186188,1,,,,,,,,,,,,,,,,
,3952785004.01649,5.60304045677185,999.893371582031,,,6,,,,30.756522570186,,,1,,,,,,,,,,,,,,,,,,,,,,5.31642818450928,5.88965272903442,999.893371582031,999.893371582031,,,3.40014386177063,,1,0,0,0,0,30.3030319213867,6,1,1,5.31642818450928,0,5.60950360298157,,,5.36174252724473E-5,2.67440509984603E-6,5.42951163871927E-5,2.67586377231546E-6,0.843712627887726,0.973562121391296,30.1662673950195,0.081148199737072,30,4,200,0.00127802812494338,-0.180751010775566,0.0761961117386818,1,,,,,,,,,,,,,,,,
,3952785014.22384,5.04746675491333,999.893371582031,,,6,,,,30.756522570186,,,1,,,,,,,,,,,,,,,,,,,,,,4.81441783905029,5.30766344070435,999.893371582031,999.893371582031,,,3.2577223777771,,1,0,0,0,0,31.2805480957031,6,1,1,4.78727006912231,0,5.06328625149197,,,5.44469420353152E-5,2.71640618567476E-6,5.51475063898984E-5,2.71794092673618E-6,0.842281341552734,0.972623407840729,30.1611080169678,0,30,4,200,0.00159145705401897,-0.168770626187325,0.0938281938433647,1,,,,,,,,,,,,,,,,
,3952785023.91161,4.51473331451416,999.893371582031,,,6,,,,30.756522570186,,,1,,,,,,,,,,,,,,,,,,,,,,4.312659740448,4.76367282867432,999.893371582031,999.893371582031,,,3.10605311393738,,1,0,0,0,0,30.3030319213867,6,1,1,4.265793800354,0,4.54182206259833,,,5.54729044273935E-5,2.76812300889933E-6,5.6195736671132E-5,2.76968267301248E-6,0.841102063655853,0.971599459648132,30.1570415496826,,30,4,200,0.00190020957961679,-0.155327931046486,0.114105328917503,1,,,,,,,,,,,,,,,,
,3952785033.59308,4.00411319732666,999.893371582031,,,6,,,,30.756522570186,,,1,,,,,,,,,,,,,,,,,,,,,,3.77237343788147,4.2528657913208,999.893371582031,999.893371582031,,,2.9275951385498,,1,0,0,0,0,29.3255138397217,6,1,1,3.75536060333252,0,4.01436217625936,,,5.67314932566871E-5,2.83184201491792E-6,5.74874364572459E-5,2.83347893823743E-6,0.839132070541382,0.969988107681274,30.1501960754395,0.189014807343483,30,4,200,0.00249247392639518,-0.138805896043777,0.139816612005234,1,,,,,,,,,,,,,,,,
,3952785043.53681,3.49554336071014,999.893371582031,,,6,,,,30.756522570186,,,1,,,,,,,,,,,,,,,,,,,,,,3.23572611808777,3.75536060333252,999.893371582031,999.893371582031,,,2.71867513656616,,1,0,0,0,0,30.3030319213867,6,1,1,3.23572611808777,0,3.5039449930191,,,5.82168709983697E-5,2.90613911444731E-6,5.89916841110078E-5,2.90780529841132E-6,0.838814854621887,0.967948138713837,30.1503047943115,5.4909291267395,30,4,200,0.00318363681435585,-0.117742709815502,0.173363849520683,1,,,,,,,,,,,,,,,,
,3952785053.52225,2.98746454715729,999.893371582031,,,6,,,,30.756522570186,,,1,,,,,,,,,,,,,,,,,,,,,,2.79058265686035,3.22346305847168,999.893371582031,999.893371582031,,,2.50705361366272,,1,0,0,0,0,30.3030319213867,6,1,1,2.7514660358429,0,3.0175204012129,,,5.9996041171133E-5,2.99669273002866E-6,6.08285056304054E-5,2.99850033689116E-6,0.835347294807434,0.96638023853302,30.1375122070313,0.189131766557693,30,4,200,0.00424771523103118,-0.0880134999752045,0.217496901750565,1,,,,,,,,,,,,,,,,
,3952785063.23425,2.53048169612885,999.893371582031,,,6,,,,30.756522570186,,,1,,,,,,,,,,,,,,,,,,,,,,2.31725358963013,2.7514660358429,999.893371582031,999.893371582031,,,2.28432464599609,,1,0,0,0,0,30.7917900085449,6,1,1,2.30949735641479,0,2.52167264620463,,,6.17962279686323E-5,3.08662651908298E-6,6.26564477527756E-5,3.08850042177467E-6,0.835313320159912,0.967426478862762,30.1366901397705,0,30,4,200,0.00564637547358871,-0.049153346568346,0.274022847414017,1,,,,,,,,,,,,,,,,
,3952785072.91514,2.28782570362091,999.893371582031,,,6,,,,30.756522570186,,,1,,,,,,,,,,,,,,,,,,,,,,2.25761914253235,2.30949735641479,999.893371582031,999.893371582031,,,2.22167253494263,,1,0,0,0,0,30.3030319213867,6,1,1,2.26615405082703,0,2.26992646853129,,,6.29319753011753E-5,3.14582565968727E-6,6.38598832922676E-5,3.14779570751243E-6,0.830738663673401,0.967667281627655,30.1181182861328,0.108151584863663,30,4,200,9.88814554148121E-6,-0.0117981163784862,0.280595719814301,1,,,,,,,,,,,,,,,,
,3952785083.00911,2.26817953586578,999.893371582031,,,6,,,,30.756522570186,,,1,,,,,,,,,,,,,,,,,,,,,,2.25994062423706,2.26810765266418,999.893371582031,999.893371582031,,,2.21060371398926,,1,0,0,0,0,30.7917900085449,6,1,1,2.26917338371277,0,2.26334018177456,,,6.29369152283314E-5,3.146056671962E-6,6.38634113853266E-5,3.14807268954887E-6,0.830768704414368,0.96667617559433,30.1188316345215,0,30,4,200,-0.000443514436483383,-0.0129291852936149,0.280228346586227,1,,,,,,,,,,,,,,,,
,3952785092.75311,2.27113771438599,999.893371582031,,,6,,,,30.756522570186,,,1,,,,,,,,,,,,,,,,,,,,,,2.26253843307495,2.27196884155273,999.893371582031,999.893371582031,,,2.21158671379089,,1,0,0,0,0,30.3030319213867,6,1,1,2.2731020450592,0,2.26676774024963,,,6.2967444445703E-5,3.14747922683172E-6,6.38918990601863E-5,3.14949219827592E-6,0.830956995487213,0.966528475284576,30.119686126709,0,30,4,200,-0.000486437085783109,-0.0150090474635363,0.278014987707138,1,,,,,,,,,,,,,,,,
,3952785102.49114,2.27273595333099,999.893371582031,,,6,,,,30.756522570186,,,1,,,,,,,,,,,,,,,,,,,,,,2.26650953292847,2.274005651474,999.893371582031,999.893371582031,,,2.21235680580139,,1,0,0,0,0,28.3479976654053,6,1,1,2.27217173576355,0,2.26990252070957,,,6.29296991246408E-5,3.14589080582549E-6,6.3860407494651E-5,3.14789955950504E-6,0.830413937568665,0.96691769361496,30.1172409057617,,30,4,200,-0.000327811489114538,-0.0167479421943426,0.275814116001129,1,,,,,,,,,,,,,,,,
,3952785112.63128,2.27230644226074,999.893371582031,,,6,,,,30.756522570186,,,1,,,,,,,,,,,,,,,,,,,,,,2.26371717453003,2.27446675300598,999.893371582031,999.893371582031,,,2.21310043334961,,1,0,0,0,0,30.7917900085449,6,1,1,2.27255368232727,0,2.26967210769653,,,6.29966704848238E-5,3.14875414975868E-6,6.39169320803888E-5,3.1507168560303E-6,0.831298768520355,0.966627240180969,30.1209182739258,,30,4,200,-0.000260491098742932,-0.0185223426669836,0.274170160293579,1,,,,,,,,,,,,,,,,
,3952785122.75554,2.27027320861816,999.893371582031,,,6,,,,30.756522570186,,,1,,,,,,,,,,,,,,,,,,,,,,2.26205468177795,2.27255368232727,999.893371582031,999.893371582031,,,2.21222949028015,,1,0,0,0,0,30.7917900085449,6,1,1,2.26799273490906,0,2.26555792490641,,,6.29164621512762E-5,3.14511754722106E-6,6.3844466734524E-5,3.14708572172272E-6,0.830618560314178,0.967195332050323,30.11789894104,1.00465331343003E-5,30,4,200,-0.000352729053702205,-0.0184847358614206,0.27413421869278,1,,,,,,,,,,,,,,,,
,3952785132.43147,2.26845932006836,999.893371582031,,,6,,,,30.756522570186,,,1,,,,,,,,,,,,,,,,,,,,,,2.2627546787262,2.26879858970642,999.893371582031,999.893371582031,,,2.2131187915802,,1,0,0,0,0,30.3030319213867,6,1,1,2.26892590522766,0,2.26578611797757,,,6.29332197109457E-5,3.14527874659554E-6,6.38476331580598E-5,3.14724528667138E-6,0.831853866577148,0.967147409915924,30.122875213623,0,30,4,200,-0.000341544742695987,-0.0196388233453035,0.272759079933166,1,,,,,,,,,,,,,,,,
,3952785142.06168,2.26704239845276,999.893371582031,,,6,,,,30.756522570186,,,1,,,,,,,,,,,,,,,,,,,,,,2.25745844841003,2.26892590522766,999.893371582031,999.893371582031,,,2.21409368515015,,1,0,0,0,0,30.7917900085449,6,1,1,2.26515889167786,0,2.26193526056078,,,6.29678911983614E-5,3.14742564960676E-6,6.38915899277725E-5,3.14942784699343E-6,0.831097602844238,0.967007160186768,30.1198787689209,,30,4,200,-0.000357619021087885,-0.0208303481340408,0.271701604127884,1,,,,,,,,,,,,,,,,
,3952785152.09711,2.26030611991882,999.893371582031,,,6,,,,30.756522570186,,,1,,,,,,,,,,,,,,,,,,,,,,2.25429534912109,2.26449131965637,999.893371582031,999.893371582031,,,2.21238279342651,,1,0,0,0,0,30.3030319213867,6,1,1,2.25612092018127,0,2.2579402923584,,,6.30051249357602E-5,3.14902434538255E-6,6.39234081081412E-5,3.15098970054652E-6,0.831576585769653,0.967065155506134,30.121826171875,0,30,4,200,-0.000190367543837056,-0.021356487646699,0.271250635385513,1,,,,,,,,,,,,,,,,
,3952785161.86786,2.24745607376099,999.893371582031,,,6,,,,30.756522570186,,,1,,,,,,,,,,,,,,,,,,,,,,2.23789620399475,2.25701141357422,999.893371582031,999.893371582031,,,2.20453715324402,,1,0,0,0,0,30.3030319213867,6,1,1,2.23860311508179,0,2.247805568907,,,6.31168055331917E-5,3.15429669684737E-6,6.40288504681091E-5,3.15624943562406E-6,0.832142114639282,0.966465711593628,30.1243724822998,0.27215701341629,30,4,200,-6.39331919956021E-5,-0.0223191026598215,0.272959530353546,1,,,,,,,,,,,,,,,,
,3952785171.52439,2.22909641265869,999.893371582031,,,6,,,,30.756522570186,,,1,,,,,,,,,,,,,,,,,,,,,,2.21636748313904,2.23845863342285,999.893371582031,999.893371582031,,,2.19715738296509,,1,0,0,0,0,30.7917900085449,6,1,1,2.21973419189453,0,2.22327714496189,,,6.31247270256006E-5,3.15526116986135E-6,6.40512783187811E-5,3.15726023759748E-6,0.831103444099426,0.967378795146942,30.1197261810303,,30,4,200,-0.000142520817462355,-0.0193339325487614,0.274790048599243,1,,,,,,,,,,,,,,,,
,3952785181.15645,2.21713352203369,999.893371582031,,,6,,,,30.756522570186,,,1,,,,,,,,,,,,,,,,,,,,,,2.21195530891418,2.21973419189453,999.893371582031,999.893371582031,,,2.19447803497314,,1,0,0,0,0,30.3030319213867,6,1,1,2.21453285217285,0,2.21542461713155,,,6.32136735836997E-5,3.15958042430918E-6,6.41363306118039E-5,3.16156050532614E-6,0.8313347697258,0.966353356838226,30.1212635040283,3.5010223655263E-5,30,4,200,-0.000201312417630106,-0.0194119289517403,0.274483025074005,1,,,,,,,,,,,,,,,,
,3952785191.14987,2.21443736553192,999.893371582031,,,6,,,,30.756522570186,,,1,,,,,,,,,,,,,,,,,,,,,,2.20711517333984,2.21719288825989,999.893371582031,999.893371582031,,,2.19406890869141,,1,0,0,0,0,30.3030319213867,6,1,1,2.21220278739929,0,2.21137330267164,,,6.32027838027105E-5,3.15936890801003E-6,6.41352950019856E-5,3.16137039814421E-6,0.830728769302368,0.967683672904968,30.1180686950684,0.0877960026264191,30,4,200,-0.000225507887080312,-0.0199290420860052,0.273968428373337,1,,,,,,,,,,,,,,,,
,3952785200.95141,2.21240401268005,999.893371582031,,,6,,,,30.756522570186,,,1,,,,,,,,,,,,,,,,,,,,,,2.20454287528992,2.21327996253967,999.893371582031,999.893371582031,,,2.19596743583679,,1,0,0,0,0,29.3255138397217,6,1,1,2.21260523796082,0,2.20934049288432,,,6.31809801406748E-5,3.15825160141733E-6,6.41117179355818E-5,3.16025391114479E-6,0.8307785987854,0.967240273952484,30.118579864502,5.48803997039795,30,4,200,-0.000451478204922751,-0.0205152966082096,0.273334681987762,1,,,,,,,,,,,,,,,,
,3952785210.6371,2.20881450176239,999.893371582031,,,6,,,,30.756522570186,,,1,,,,,,,,,,,,,,,,,,,,,,2.20242643356323,2.21268486976624,999.893371582031,999.893371582031,,,2.19408965110779,,1,0,0,0,0,30.7917900085449,6,1,1,2.20494413375854,0,2.20577308866713,,,6.32136296882152E-5,3.15913503055458E-6,6.41276884885908E-5,3.16108288063214E-6,0.83214408159256,0.966837584972382,30.1241912841797,,30,4,200,-0.000444829725893214,-0.0211050119251013,0.272902429103851,1,,,,,,,,,,,,,,,,
,3952785220.2544,2.19072914123535,999.893371582031,,,6,,,,30.756522570186,,,1,,,,,,,,,,,,,,,,,,,,,,2.17856955528259,2.20494413375854,999.893371582031,999.893371582031,,,2.18387937545776,,1,0,0,0,0,30.7917900085449,6,1,1,2.17651414871216,0,2.18899059295654,,,6.33351140895461E-5,3.16545708328093E-6,6.425498108521E-5,3.1674278576978E-6,0.831687152385712,0.966181874275208,30.1227645874023,0,30,4,200,7.8711069363635E-5,-0.020617900416255,0.275678426027298,1,,,,,,,,,,,,,,,,
,3952785230.37181,2.14236223697662,999.893371582031,,,6,,,,30.756522570186,,,1,,,,,,,,,,,,,,,,,,,,,,2.11128544807434,2.1742627620697,999.893371582031,999.893371582031,,,2.15340328216553,,1,0,0,0,0,30.3030319213867,6,1,1,2.11046171188354,0,2.13619592454698,,,6.36415732338956E-5,3.18175276487674E-6,6.45875725931716E-5,3.18375238050578E-6,0.829919338226318,0.96683657169342,30.115327835083,0,30,4,200,0.000817100517451763,-0.0159157179296017,0.285744071006775,1,,,,,,,,,,,,,,,,
,3952785240.2417,2.09043681621552,999.893371582031,,,6,,,,30.756522570186,,,1,,,,,,,,,,,,,,,,,,,,,,2.07212519645691,2.11027526855469,999.893371582031,999.893371582031,,,2.13248133659363,,1,0,0,0,0,30.3030319213867,6,1,1,2.07059836387634,0,2.08941096729702,,,6.38727917924842E-5,3.19279363719156E-6,6.48100679302511E-5,3.19480250957332E-6,0.830849826335907,0.966067373752594,30.119421005249,0.18929834663868,30,4,200,0.000345150823704898,-0.00944989174604416,0.291725814342499,1,,,,,,,,,,,,,,,,
,3952785250.0074,2.02949017286301,999.893371582031,,,6,,,,30.756522570186,,,1,,,,,,,,,,,,,,,,,,,,,,2.01505017280579,2.0700671672821,999.893371582031,999.893371582031,,,2.1008837223053,,1,0,0,0,0,30.7917900085449,6,1,1,1.98891317844391,0,2.05004805988736,,,6.42100103325129E-5,3.20855343997387E-6,6.51162267276068E-5,3.21050924043825E-6,0.832825243473053,0.960838496685028,30.1314334869385,0,30,4,200,0.00126810965593904,-0.00455839326605201,0.302908003330231,1,,,,,,,,,,,,,,,,
,3952785260.1086,1.89489156007767,999.893371582031,,,6,,,,30.756522570186,,,1,,,,,,,,,,,,,,,,,,,,,,1.79277360439301,1.96173238754272,999.893371582031,999.893371582031,,,2.00004506111145,,1,0,0,0,0,30.3030319213867,2,1,1,1.80086994171143,0,1.84415695402357,,,6.52597657894994E-5,3.27349934492058E-6,6.64002523486637E-5,3.27596341428513E-6,0.811980843544006,0.946692228317261,30.0621681213379,0,30,4,200,0.00350002106279135,0.028380811214447,0.345992237329483,1,,,,,,,,,,,,,,,,
,3952785269.85088,1.80140286684036,999.893371582031,,,6,,,,30.756522570186,,,1,,,,,,,,,,,,,,,,,,,,,,1.7986227273941,1.80096542835236,999.893371582031,999.893371582031,,,1.98749005794525,,1,0,0,0,0,30.7917900085449,6,1,1,1.80197393894196,0,1.79989486270481,,,6.5192787492728E-5,3.25833409184178E-6,6.61390593170042E-5,3.26036254745631E-6,0.831632137298584,0.965648889541626,30.1230087280273,5.2833366394043,30,4,200,-0.000450271967565641,0.0392656996846199,0.34353494644165,1,,,,,,,,,,,,,,,,
,3952785279.46967,1.80103486776352,999.893371582031,,,6,,,,30.756522570186,,,1,,,,,,,,,,,,,,,,,,,,,,1.79751396179199,1.80197393894196,999.893371582031,999.893371582031,,,1.98804271221161,,1,0,0,0,0,30.3030319213867,5,1,1,1.80009579658508,0,1.79924335744646,,,6.52170547023918E-5,3.26055857212977E-6,6.61845095255754E-5,3.26263684885644E-6,0.829850137233734,0.965342700481415,30.1160926818848,8.93102651389199E-7,30,4,200,-0.00037560352939181,0.0377545766532421,0.341849774122238,1,,,,,,,,,,,,,,,,
,3952785289.09714,1.79977434873581,999.893371582031,,,6,,,,30.756522570186,,,1,,,,,,,,,,,,,,,,,,,,,,1.79885709285736,1.80017495155334,999.893371582031,999.893371582031,,,1.98703992366791,,1,0,0,0,0,30.7917900085449,5,1,1,1.79945290088654,0,1.79965440432231,,,6.52152794830171E-5,3.26016468760826E-6,6.61746118698871E-5,3.26222392151331E-6,0.830385565757751,0.964688360691071,30.1186771392822,0.189301505684853,30,4,200,-0.000350564398104325,0.0357382670044899,0.339629560709,1,,,,,,,,,,,,,,,,
,3952785299.14209,1.79911816120148,999.893371582031,,,6,,,,30.756522570186,,,1,,,,,,,,,,,,,,,,,,,,,,1.7985417842865,1.80037975311279,999.893371582031,999.893371582031,,,1.98740220069885,,1,0,0,0,0,30.7917900085449,5,1,1,1.7996814250946,0,1.79937716325124,,,6.5196203536405E-5,3.25905604584184E-6,6.61529446343196E-5,3.26109337550406E-6,0.83065789937973,0.965232670307159,30.1193599700928,1.00000047683716,30,4,200,-0.000418777286540717,0.0342851616442204,0.338182300329208,1,,,,,,,,,,,,,,,,
,3952785308.86933,1.79983448982239,999.893371582031,,,6,,,,30.756522570186,,,1,,,,,,,,,,,,,,,,,,,,,,1.7984231710434,1.80062806606293,999.893371582031,999.893371582031,,,1.98790073394775,,1,0,0,0,0,30.3030319213867,5,1,1,1.79998755455017,0,1.79952638679081,,,6.52435538839283E-5,3.26120149357327E-6,6.61955698473908E-5,3.26320821977881E-6,0.831045985221863,0.965103507041931,30.1210384368897,0.0892247036099434,30,4,200,-0.000308159476844594,0.0325322449207306,0.337133169174194,1,,,,,,,,,,,,,,,,
,3952785318.52699,1.8000425696373,999.893371582031,,,6,,,,30.756522570186,,,1,,,,,,,,,,,,,,,,,,,,,,1.79867827892303,1.80064380168915,999.893371582031,999.893371582031,,,1.98748016357422,,1,0,0,0,0,31.2805480957031,5,1,1,1.80009758472443,0,1.79977667331696,,,6.51918234652309E-5,3.25912256001179E-6,6.61547072137383E-5,3.26118488638715E-6,0.830153405666351,0.965177834033966,30.117395401001,2.41433190240059E-6,30,4,200,-0.000333617470460013,0.031660683453083,0.335771709680557,1,,,,,,,,,,,,,,,,
,3952785328.16552,1.7992672920227,999.893371582031,,,6,,,,30.756522570186,,,1,,,,,,,,,,,,,,,,,,,,,,1.79845917224884,1.80045998096466,999.893371582031,999.893371582031,,,1.98815321922302,,1,0,0,0,0.0128173828125,30.7917900085449,1,1,1,1.79926013946533,0,1.79960796568129,,,6.5233784881028E-5,3.26110876962446E-6,6.61949026391849E-5,3.26316420496781E-6,0.830349683761597,0.965199649333954,30.1181907653809,0,30,4,200,-0.000330636888975278,0.0301084090024233,0.334420412778854,1,,,,,,,,,,,,,,,,
