[Header]
; MPMS3 Data File (default extension .dat)
; Copyright (c) 2007, Quantum Design, Inc. All rights reserved.
TITLE,
FILEOPENTIME,3952576975.08423,03/31/2025,11:01 am
BYAPP,MPMS3 w/ AC,1.0,1.1
INFO,MPMS3 Measurement Release 1.2.2 Build 0, MultiVu Release 2.3.5.2,APPNAME
INFO,Linear Motor Servo Controller,MOTOR_MODULE_NAME
INFO,3101-100 N4,MOTOR_HW_VERSION
INFO,MMC1299,MOTOR_SERIAL_NUMBER
INFO,01.04.28,MOTOR_SOFTWARE_VERSION
INFO,Quantum Design Squid Module,SQUID_MODULE_NAME
INFO,3101-501 B0,SQUID_HW_VERSION
INFO,SQM364,SQUID_SERIAL_NUMBER
INFO,01.03.04,SQUID_SOFTWARE_VERSION
INFO,Quantum Design VSM Oven,OVEN_MODULE_NAME
INFO,3101-201 A3,OVEN_HW_VERSION
INFO,OVB387,OVEN_SERIAL_NUMBER
INFO,01.07.07,OVEN_SOFTWARE_VERSION
INFO,SQUID AC,AC_MODULE_NAME
INFO,3101-401 G0,AC_HW_VERSION
INFO,SAC242,AC_SERIAL_NUMBER
INFO,SQUID AC 00.95.11,AC_SOFTWARE_VERSION
INFO,TCI374,COIL_SERIAL_NUMBER
INFO,0,MOMENT_UNITS
INFO,RuCl3,SAMPLE_MATERIAL
INFO,Second stage second crystal shard cut off of second crystal with many domains on it,SAMPLE_COMMENT
INFO,1.8,SAMPLE_MASS
INFO,,SAMPLE_VOLUME
INFO,,SAMPLE_MOLECULAR_WEIGHT
INFO,,SAMPLE_SIZE
INFO,,SAMPLE_SHAPE
INFO,Quartz,SAMPLE_HOLDER
INFO,Standard,SAMPLE_HOLDER_DETAIL
INFO,65.93,SAMPLE_OFFSET
DATATYPE,COMMENT,1
DATATYPE,TIME,2
STARTUPAXIS,X,2
STARTUPAXIS,Y1,5
FIELDGROUP, VSM,2,3,4,5,6,8,9,10,11,14,15
FIELDGROUP, DC, 2,3,4,14,56,57,58,59,60,61,62,63,64,65,66,67,68,69
FIELDGROUP, AC, 2,3,4,11,16,17,18,19,20,21,22,23,24,25,26,27,28,29,30
STARTUPGROUP, All
[Data]
Comment,Time Stamp (sec),Temperature (K),Magnetic Field (Oe),Moment (emu),M. Std. Err. (emu),Transport Action,Averaging Time (sec),Frequency (Hz),Peak Amplitude (mm),Center Position (mm),Lockin Signal' (V),Lockin Signal (V),Range,M. Quad. Signal (emu),AC Moment (emu),AC M. Std Err. (emu),AC Phase (deg),AC Phase Std. Err. (deg),AC Susceptibility (emu/Oe),AC Suscept. Std Err. (emu/Oe),AC X' (emu/Oe),AC X' Std Err. (emu/Oe),AC X'' (emu/Oe),AC X'' Std Err. (emu/Oe),AC Drive (Oe),AC Frequency (Hz),AC Averaging Time (sec),AC Cycles,AC Range,AC Measure Type,AC Signal' (V),AC Signal'' (V),AC Trim Coil Ratio,AC Trim Coil Phase,Min. Temperature (K),Max. Temperature (K),Min. Field (Oe),Max. Field (Oe),Mass (grams),Motor Lag (deg),Pressure (Torr),Measure Count,Measurement Number,SQUID Status (code),Motor Status (code),Measure Status (code),Motor Current (amps),Motor Temp. (C),Temp. Status (code),Field Status (code),Chamber Status (code),Chamber Temp (K),Redirection State,Average Temp (K),Rotation Angle (deg),Rotator state,DC Moment Fixed Ctr (emu),DC Moment Err Fixed Ctr (emu),DC Moment Free Ctr (emu),DC Moment Err Free Ctr (emu),DC Fixed Fit,DC Free Fit,DC Calculated Center (mm),DC Calculated Center Err (mm),DC Scan Length (mm),DC Scan Time (s),DC Number of Points,DC Squid Drift,DC Min V (V),DC Max V (V),DC Scans per Measure,Map 01,Map 02,Map 03,Map 04,Map 05,Map 06,Map 07,Map 08,Map 09,Map 10,Map 11,Map 12,Map 13,Map 14,Map 15,Map 16
,3952580003.04375,1.80066645145416,999.808410644531,,,6,,,,30.7148452653296,,,1,,,,,,,,,,,,,,,,,,,,,,1.79920399188995,1.8008199930191,999.808410644531,999.808410644531,,,1.87974345684052,,1,0,0,0,0.0128173828125,32.7468223571777,1,1,1,1.80051290988922,0,1.80009087324142,,,0.000175324214264885,8.63781660094035E-6,0.000175325289229442,8.63781539574711E-6,0.992974400520325,0.993932247161865,30.7014427185059,0,30,4,200,-0.00193581194616854,-0.232210606336594,0.58545196056366,1,,,,,,,,,,,,,,,,
,3952580019.79251,2.08875405788422,999.808410644531,,,6,,,,30.7148452653296,,,1,,,,,,,,,,,,,,,,,,,,,,1.8957200050354,2.24950814247131,999.808410644531,999.808410644531,,,2.09463858604431,,1,0,0,0,0,32.2580642700195,6,1,1,2.28178811073303,0,2.06444573402405,,,0.000175265718772454,8.6349446769822E-6,0.000175266626260057,8.63494152248284E-6,0.992834448814392,0.99365496635437,30.7022457122803,0.152457922697067,30,4,200,-0.00886466447263956,-0.333769857883453,0.524457275867462,1,,,,,,,,,,,,,,,,
,3952580029.89611,2.51766896247864,999.808410644531,,,6,,,,30.7148452653296,,,1,,,,,,,,,,,,,,,,,,,,,,2.30252408981323,2.71106553077698,999.808410644531,999.808410644531,,,2.29830074310303,,1,0,0,0,0,32.7468223571777,6,1,1,2.73281383514404,0,2.49938416481018,,,0.000175048865815925,8.62424978916533E-6,0.00017504998665124,8.62424891933538E-6,0.993017792701721,0.994021415710449,30.7011985778809,,30,4,200,-0.0066295089200139,-0.403321862220764,0.441635549068451,1,,,,,,,,,,,,,,,,
,3952580039.67721,2.94800400733948,999.808410644531,,,6,,,,30.7148452653296,,,1,,,,,,,,,,,,,,,,,,,,,,2.73281383514404,3.10719752311707,999.808410644531,999.808410644531,,,2.46167421340942,,1,0,0,0,0,32.2580642700195,6,1,1,3.16319417953491,0,2.91709099875556,,,0.000175090241742333,8.62626770307385E-6,0.000175091369445019,8.62626379352054E-6,0.993337512016296,0.994468152523041,30.7007942199707,,30,4,200,-0.00557117629796267,-0.457610994577408,0.379645377397537,1,,,,,,,,,,,,,,,,
,3952580049.48061,3.3899735212326,999.808410644531,,,6,,,,30.7148452653296,,,1,,,,,,,,,,,,,,,,,,,,,,3.17315149307251,3.59168314933777,999.808410644531,999.808410644531,,,2.62436008453369,,1,0,0,0,0.0128173828125,32.7468223571777,6,1,1,3.6067955493927,0,3.37735194630093,,,0.000175129295211617,8.62817320790069E-6,0.000175130776039932,8.62817048610862E-6,0.993632853031158,0.995204269886017,30.69899559021,4.00615908802138E-6,30,4,200,-0.00499336235225201,-0.505419254302978,0.328201353549957,1,,,,,,,,,,,,,,,,
,3952580059.47477,3.86401498317719,999.808410644531,,,6,,,,30.7148452653296,,,1,,,,,,,,,,,,,,,,,,,,,,3.61781048774719,4.08852624893188,999.808410644531,999.808410644531,,,2.78389525413513,,1,0,0,0,0.0141143798828125,32.2580642700195,6,1,1,4.11021947860718,0,3.85121586322784,,,0.000175317078411933,8.63741337464142E-6,0.000175318909649709,8.63740986561801E-6,0.993893623352051,0.996052145957947,30.6972179412842,5.35977506637573,30,4,200,-0.00394218461588025,-0.546141445636749,0.283054322004318,1,,,,,,,,,,,,,,,,
,3952580069.45005,4.34803366661072,999.808410644531,,,6,,,,30.7148452653296,,,1,,,,,,,,,,,,,,,,,,,,,,4.11021947860718,4.54292964935303,999.808410644531,999.808410644531,,,2.91901588439941,,1,0,0,0,0.0128173828125,32.7468223571777,6,1,1,4.58584785461426,0,4.32126723395454,,,0.000175802711831523,8.66134295002881E-6,0.000175804624963291,8.6613415128288E-6,0.993811249732971,0.995974481105804,30.6970596313477,1.54836766341759E-6,30,4,200,-0.0039901677519083,-0.58426171541214,0.246325194835663,1,,,,,,,,,,,,,,,,
,3952580079.1855,4.8372209072113,999.808410644531,,,6,,,,30.7148452653296,,,1,,,,,,,,,,,,,,,,,,,,,,4.59442806243897,5.0586256980896,999.808410644531,999.808410644531,,,3.04487800598145,,1,0,0,0,0,32.7468223571777,6,1,1,5.08001375198364,0,4.82099342346191,,,0.000176544437387291,8.69788932449034E-6,0.000176546496807774,8.69788558054309E-6,0.993769347667694,0.996175050735474,30.6962356567383,2.83004908396833E-7,30,4,200,-0.0036474906373769,-0.622559428215027,0.210265800356865,1,,,,,,,,,,,,,,,,
,3952580089.22133,5.33474683761597,999.808410644531,,,6,,,,30.7148452653296,,,1,,,,,,,,,,,,,,,,,,,,,,5.08001375198364,5.58062982559204,999.808410644531,999.808410644531,,,3.16435933113098,,1,0,0,0,0.0128173828125,32.7468223571777,6,1,1,5.58947992324829,0,5.32237949371338,,,0.000177776796263149,8.75861715407132E-6,0.000177778782656367,8.75861413630915E-6,0.993498682975769,0.995614588260651,30.6966857910156,0.153497666120529,30,4,200,-0.00331886089406908,-0.660324156284332,0.176841527223587,1,,,,,,,,,,,,,,,,
,3952580099.20227,5.84000158309937,999.808410644531,,,6,,,,30.7148452653296,,,1,,,,,,,,,,,,,,,,,,,,,,5.58947992324829,6.05423450469971,999.808410644531,999.808410644531,,,3.26830220222473,,1,0,0,0,0.0128173828125,32.7468223571777,6,1,1,6.09052324295044,0,5.82413371404012,,,0.000179874545481955,8.86200054349672E-6,0.000179876875685521,8.86199998322153E-6,0.992966592311859,0.995159089565277,30.6955394744873,,30,4,200,-0.00278344424441457,-0.696679055690765,0.146804258227348,1,,,,,,,,,,,,,,,,
,3952580108.85507,6.3453905582428,999.808410644531,,,6,,,,30.7148452653296,,,1,,,,,,,,,,,,,,,,,,,,,,6.09052324295044,6.57729291915894,999.808410644531,999.808410644531,,,3.36923480033874,,1,0,0,0,0.0128173828125,32.2580642700195,6,1,1,6.60025787353516,0,6.34859858618842,,,0.000183317340433606,9.03173044466449E-6,0.000183319945188928,9.03173227972693E-6,0.991408467292786,0.993232071399689,30.6948223114014,3.97150564193726,30,4,200,-0.00229643448255956,-0.733639597892761,0.124434694647789,1,,,,,,,,,,,,,,,,
,3952580118.56469,6.86083889007568,999.808410644531,,,6,,,,30.7148452653296,,,1,,,,,,,,,,,,,,,,,,,,,,6.61466550827026,7.06486463546753,999.808410644531,999.808410644531,,,3.4613344669342,,1,0,0,0,0,32.7468223571777,6,1,1,7.1070122718811,0,6.83736843532986,,,0.000189936787991026,9.35835969033738E-6,0.000189939744844558,9.35835919323807E-6,0.986562371253967,0.98777973651886,30.6937007904053,,30,4,200,-0.00125587917864323,-0.779146552085876,0.107409819960594,1,,,,,,,,,,,,,,,,
,3952580128.68039,7.38399028778076,999.808410644531,,,6,,,,30.7148452653296,,,1,,,,,,,,,,,,,,,,,,,,,,7.12742948532104,7.61805582046509,999.808410644531,999.808410644531,,,3.55172491073608,,1,0,0,0,0.0141143798828125,32.2580642700195,6,1,1,7.64055109024048,0,7.37165832519531,,,0.000203694556236677,1.00372578723761E-5,0.000203698621607602,1.00372595949282E-5,0.980294048786163,0.981324672698975,30.6910495758057,1.21617923004596E-38,30,4,200,-0.00138038769364357,-0.852411985397339,0.103583537042141,1,,,,,,,,,,,,,,,,
,3952580138.4806,7.9117386341095,999.808410644531,,,6,,,,30.7148452653296,,,1,,,,,,,,,,,,,,,,,,,,,,7.66207075119018,8.11266040802002,999.808410644531,999.808410644531,,,3.62695360183716,,1,0,0,0,0,32.7468223571777,6,1,1,8.16140651702881,0,7.88903596666124,,,0.000210285413227446,1.03603900557009E-5,0.000210291109846118,1.03603961834867E-5,0.991559624671936,0.995728433132172,30.6873073577881,0.166847661137581,30,4,200,-0.0023147591855377,-0.884469091892242,0.0954342037439346,1,,,,,,,,,,,,,,,,
,3952580148.17617,8.43269062042236,999.808410644531,,,6,,,,30.7148452653296,,,1,,,,,,,,,,,,,,,,,,,,,,8.17664337158203,8.66343688964844,999.808410644531,999.808410644531,,,3.70225811004639,,1,0,0,0,0,32.7468223571777,6,1,1,8.6887378692627,0,8.41739008161757,,,0.000211352172482653,1.04129207967459E-5,0.000211357626003422,1.0412926331807E-5,0.991825997829437,0.995965898036957,30.6879539489746,0.186564221978188,30,4,200,-0.00224254839122295,-0.906645476818085,0.0767867118120194,1,,,,,,,,,,,,,,,,
,3952580158.09831,8.96509552001953,999.808410644531,,,6,,,,30.7148452653296,,,1,,,,,,,,,,,,,,,,,,,,,,8.6887378692627,9.24145317077637,999.808410644531,999.808410644531,,,3.77331519126892,,1,0,0,0,0,33.2355842590332,6,1,1,9.24145317077637,0,8.95092678070068,,,0.000211743979599243,1.04322323023674E-5,0.000211749514864525,1.04322330945181E-5,0.991764843463898,0.996038973331451,30.6875324249268,0,30,4,200,-0.00216317223384976,-0.927152156829834,0.0583472773432732,1,,,,,,,,,,,,,,,,
,3952580168.06914,9.49780893325806,999.808410644531,,,6,,,,30.7148452653296,,,1,,,,,,,,,,,,,,,,,,,,,,9.24145317077637,9.71671772003174,999.808410644531,999.808410644531,,,3.84051179885864,,1,0,0,0,0.0141143798828125,32.2580642700195,6,1,1,9.75416469573975,0,9.4789112938775,,,0.000212211386276137,1.04552347602479E-5,0.000212216189698292,1.04552374033276E-5,0.9920454621315,0.995697379112244,30.6895370483398,0,30,4,200,-0.0021162424236536,-0.948062539100647,0.0390087440609932,1,,,,,,,,,,,,,,,,
,3952580177.72919,10.0393385887146,999.808410644531,,,6,,,,30.7148452653296,,,1,,,,,,,,,,,,,,,,,,,,,,9.77534008026123,10.294828414917,999.808410644531,999.808410644531,,,3.89905953407288,,1,0,0,0,0,32.7468223571777,6,1,1,10.303337097168,0,10.0311625798543,,,0.000213305524920786,1.05091384515247E-5,0.000213310412055877,1.0509139318193E-5,0.992117702960968,0.99594110250473,30.6892852783203,0,30,4,200,-0.00143275049049407,-0.96491950750351,0.0227710213512182,1,,,,,,,,,,,,,,,,
,3952580187.45958,10.5610265731812,999.808410644531,,,6,,,,30.7148452653296,,,1,,,,,,,,,,,,,,,,,,,,,,10.303337097168,10.7872877120972,999.808410644531,999.808410644531,,,3.95685648918152,,1,0,0,0,0.0128173828125,32.7468223571777,6,1,1,10.8187160491943,0,10.5359448326959,,,0.000214388858964193,1.05624848303959E-5,0.000214393266017939,1.05624850952492E-5,0.992392897605896,0.995900332927704,30.6906051635742,0,30,4,200,-0.00212005758658051,-0.985253989696503,0.0110121006146073,1,,,,,,,,,,,,,,,,
,3952580197.54547,11.1117014884949,999.808410644531,,,6,,,,30.7148452653296,,,1,,,,,,,,,,,,,,,,,,,,,,10.8435392379761,11.3561840057373,999.808410644531,999.808410644531,,,4.01425933837891,,1,0,0,0,0,32.7468223571777,6,1,1,11.3798637390137,0,11.0931502448188,,,0.000214441072982457,1.05650508510386E-5,0.000214444963265657,1.05650486612799E-5,0.992510676383972,0.99559611082077,30.691930770874,0,30,4,200,-0.00198371335864067,-1.00221872329712,-0.00653826119378209,1,,,,,,,,,,,,,,,,
,3952580207.448,11.6400933265686,999.808410644531,,,6,,,,30.7148452653296,,,1,,,,,,,,,,,,,,,,,,,,,,11.3798637390137,11.8524360656738,999.808410644531,999.808410644531,,,4.06505250930786,,1,0,0,0,0,32.7468223571777,6,1,1,11.9104928970337,0,11.6094901826647,,,0.000213969540847748,1.05418108522022E-5,0.000213973156316187,1.0541808543224E-5,0.992599248886108,0.995467841625214,30.6927146911621,,30,4,200,-0.00223888480104506,-1.01825702190399,-0.0228178538382053,1,,,,,,,,,,,,,,,,
,3952580217.25847,12.1704711914062,999.808410644531,,,6,,,,30.7148452653296,,,1,,,,,,,,,,,,,,,,,,,,,,11.9104928970337,12.3974447250366,999.808410644531,999.808410644531,,,4.11350250244141,,1,0,0,0,0,32.7468223571777,6,1,1,12.4304494857788,0,12.1597238116794,,,0.000213372148846805,1.05123740559033E-5,0.00021337588979248,1.05123755786023E-5,0.992670834064484,0.995647609233856,30.6925392150879,5.35991764068604,30,4,200,-0.00218213396146894,-1.03471505641937,-0.0424116030335426,1,,,,,,,,,,,,,,,,
,3952580227.22295,12.7197451591492,999.808410644531,,,6,,,,30.7148452653296,,,1,,,,,,,,,,,,,,,,,,,,,,12.4304494857788,12.9728651046753,999.808410644531,999.808410644531,,,4.16074275970459,,1,0,0,0,0,32.2580642700195,6,1,1,13.0090408325195,0,12.7300043106079,,,0.000212511160709859,1.0469959266452E-5,0.000212514705197958,1.04699558100749E-5,0.992617845535278,0.995474576950073,30.6927833557129,5.98698591147695E-7,30,4,200,-0.00212428602389991,-1.04892909526825,-0.0614890642464161,1,,,,,,,,,,,,,,,,
,3952580237.18155,13.2823696136475,999.808410644531,,,6,,,,30.7148452653296,,,1,,,,,,,,,,,,,,,,,,,,,,13.0090408325195,13.5150289535522,999.808410644531,999.808410644531,,,4.204261302948,,1,0,0,0,0,33.7243423461914,6,1,1,13.5556983947754,0,13.2447782092624,,,0.000211500165897406,1.04201752571715E-5,0.000211504177583755,1.04201743674457E-5,0.992296874523163,0.995391964912415,30.6914958953857,0,30,4,200,-0.00205624662339687,-1.06094717979431,-0.079929493367672,1,,,,,,,,,,,,,,,,
,3952580246.89999,13.8210043907166,999.808410644531,,,6,,,,30.7148452653296,,,1,,,,,,,,,,,,,,,,,,,,,,13.5556983947754,14.0688810348511,999.808410644531,999.808410644531,,,4.2452449798584,,1,0,0,0,0,32.7468223571777,6,1,1,14.0863103866577,0,13.8117249806722,,,0.000210357038639236,1.03638477621423E-5,0.000210360571969245,1.03638476198661E-5,0.992399573326111,0.995086014270782,30.6929149627686,0,30,4,200,-0.00232688267715275,-1.07601821422577,-0.0982091054320335,1,,,,,,,,,,,,,,,,
,3952580256.98407,14.3731570243835,999.808410644531,,,6,,,,30.7148452653296,,,1,,,,,,,,,,,,,,,,,,,,,,14.1017007827759,14.5498390197754,999.808410644531,999.808410644531,,,4.28385019302368,,1,0,0,0,0.0128173828125,33.2355842590332,6,1,1,14.6446132659912,0,14.3152868482802,,,0.000208844140324743,1.02893255244664E-5,0.000208847627288166,1.02893255326626E-5,0.992194712162018,0.994752824306488,30.6929893493652,0,30,4,200,-0.00229608523659408,-1.08821177482605,-0.118268683552742,1,,,,,,,,,,,,,,,,
,3952580267.03437,14.9227948188782,999.808410644531,,,6,,,,30.7148452653296,,,1,,,,,,,,,,,,,,,,,,,,,,14.6595935821533,15.1545295715332,999.808410644531,999.808410644531,,,4.32220888137817,,1,0,0,0,0,32.7468223571777,6,1,1,15.185996055603,0,14.8906371858385,,,0.000207278460691954,1.02121740724383E-5,0.000207281841642656,1.0212171050536E-5,0.992412805557251,0.995065152645111,30.6930465698242,6.02925979364954E-7,30,4,200,-0.00220129895024002,-1.10164594650269,-0.139193460345268,1,,,,,,,,,,,,,,,,
,3952580276.90872,15.5314359664917,999.808410644531,,,6,,,,30.7148452653296,,,1,,,,,,,,,,,,,,,,,,,,,,15.1990547180176,15.8638172149658,999.808410644531,999.808410644531,,,4.36411237716675,,1,0,0,0,0,32.7468223571777,2,1,1,15.8638172149658,0,15.506172074212,,,0.000205739118073157,1.01363320664422E-5,0.000205742556005025,1.013633436767E-5,0.992416262626648,0.995045363903046,30.6931247711182,0,30,4,200,-0.00368934101425111,-1.12663102149963,-0.162249222397804,1,,,,,,,,,,,,,,,,
,3952580286.57198,16.1526279449463,999.808410644531,,,6,,,,30.7148452653296,,,1,,,,,,,,,,,,,,,,,,,,,,15.8802528381348,16.3905296325684,999.808410644531,999.808410644531,,,4.39521789550781,,1,0,0,0,0.0128173828125,32.7468223571777,2,1,1,16.4250030517578,0,16.1191752751668,,,0.000203823309956137,1.00419464325241E-5,0.000203826214822638,1.00419437459443E-5,0.992388010025024,0.994623601436615,30.6944637298584,0,30,4,200,-0.00216473289765418,-1.13967776298523,-0.193733051419258,1,,,,,,,,,,,,,,,,
,3952580296.60544,16.7225761413574,999.808410644531,,,6,,,,30.7148452653296,,,1,,,,,,,,,,,,,,,,,,,,,,16.4250030517578,16.9721279144287,999.808410644531,999.808410644531,,,4.42631149291992,,1,0,0,0,0.0128173828125,33.2355842590332,2,1,1,16.9894943237305,0,16.7058014339871,,,0.000202303877891161,9.96706447145005E-6,0.000202306716174991,9.96706158627328E-6,0.992697536945343,0.995031237602234,30.6946029663086,1.16346436698223E-5,30,4,200,-0.00225495756603777,-1.15484285354614,-0.213594272732735,1,,,,,,,,,,,,,,,,
,3952580306.36925,17.2525110244751,999.808410644531,,,6,,,,30.7148452653296,,,1,,,,,,,,,,,,,,,,,,,,,,16.9894943237305,17.4617118835449,999.808410644531,999.808410644531,,,4.45436525344849,,1,0,0,0,0,32.7468223571777,2,1,1,17.5155277252197,0,17.2228955162896,,,0.000200878538367031,9.89683647270976E-6,0.000200881391186226,9.89683515433384E-6,0.992734730243683,0.995089292526245,30.6945915222168,0.163125410676002,30,4,200,-0.00203994568437338,-1.1680623292923,-0.234605580568314,1,,,,,,,,,,,,,,,,
,3952580316.04497,17.7961874008179,999.808410644531,,,6,,,,30.7148452653296,,,1,,,,,,,,,,,,,,,,,,,,,,17.5155277252197,18.0573787689209,999.808410644531,999.808410644531,,,4.48162984848022,,1,0,0,0,0,32.7468223571777,2,1,1,18.076847076416,0,17.7937800089518,,,0.000199425677708473,9.82525883842364E-6,0.000199428712108626,9.82525981810887E-6,0.992730796337128,0.995244920253754,30.6940479278564,1.13374107968411E-5,30,4,200,-0.00183573784306645,-1.18031823635101,-0.254319787025452,1,,,,,,,,,,,,,,,,
,3952580325.67124,18.339376449585,999.808410644531,,,6,,,,30.7148452653296,,,1,,,,,,,,,,,,,,,,,,,,,,18.076847076416,18.5477619171143,999.808410644531,999.808410644531,,,4.50609970092773,,1,0,0,0,0,32.7468223571777,2,1,1,18.6019058227539,0,18.3087505764431,,,0.00019805480309544,9.75773030545408E-6,0.000198058017246231,9.75773114073619E-6,0.992567658424377,0.995208859443665,30.6933536529541,0.0333239510655403,30,4,200,-0.00221856543794274,-1.19392442703247,-0.27239403128624,1,,,,,,,,,,,,,,,,
,3952580335.70931,18.9084091186523,999.808410644531,,,6,,,,30.7148452653296,,,1,,,,,,,,,,,,,,,,,,,,,,18.6369686126709,19.1489295959473,999.808410644531,999.808410644531,,,4.53324270248413,,1,0,0,0,0,32.7468223571777,2,1,1,19.1798496246338,0,18.8904459211561,,,0.000196613157463377,9.68669329750573E-6,0.000196616049481979,9.6866929983348E-6,0.992644786834717,0.995038151741028,30.6943073272705,3.97153544425964,30,4,200,-0.00197043479420245,-1.20726490020752,-0.294219732284546,1,,,,,,,,,,,,,,,,
,3952580345.50307,19.4612684249878,999.808410644531,,,6,,,,30.7148452653296,,,1,,,,,,,,,,,,,,,,,,,,,,19.1798496246338,19.6755199432373,999.808410644531,999.808410644531,,,4.55742263793945,,1,0,0,0,0,32.7468223571777,2,1,1,19.7426872253418,0,19.4186259375678,,,0.000195236699868294,9.61888914612782E-6,0.000195239971164178,9.61888921623141E-6,0.99252986907959,0.995276868343353,30.6929531097412,0,30,4,200,-0.00207533477805555,-1.22104775905609,-0.313868850469589,1,,,,,,,,,,,,,,,,
,3952580355.23541,20.0266990661621,999.808410644531,,,6,,,,30.7148452653296,,,1,,,,,,,,,,,,,,,,,,,,,,19.7582302093506,20.2655429840088,999.808410644531,999.808410644531,,,4.58080911636353,,1,0,0,0,0.0128173828125,32.7468223571777,2,1,1,20.2951679229736,0,20.0159259372287,,,0.000193898814730878,9.55295898818251E-6,0.000193901648151281,9.55295740777803E-6,0.992792129516602,0.995267331600189,30.6942806243897,0,30,4,200,-0.00209436868317425,-1.23576140403748,-0.334144443273544,1,,,,,,,,,,,,,,,,
,3952580365.19182,20.5829200744629,999.808410644531,,,6,,,,30.7148452653296,,,1,,,,,,,,,,,,,,,,,,,,,,20.2951679229736,20.7945556640625,999.808410644531,999.808410644531,,,4.60285758972168,,1,0,0,0,0.0128173828125,32.7468223571777,2,1,1,20.8706722259521,0,20.5342818366157,,,0.000192540415261175,9.48604310288697E-6,0.000192543476565114,9.48604195699694E-6,0.992656230926514,0.995321154594421,30.6934337615967,5.35982465744019,30,4,200,-0.00209527020342648,-1.24900567531586,-0.353569746017456,1,,,,,,,,,,,,,,,,
,3952580375.28118,21.1424951553345,999.808410644531,,,6,,,,30.7148452653296,,,1,,,,,,,,,,,,,,,,,,,,,,20.879264831543,21.3535022735596,999.808410644531,999.808410644531,,,4.62506198883057,,1,0,0,0,0,32.7468223571777,2,1,1,21.405725479126,0,21.1084251403809,,,0.000191262554403497,9.42307025119063E-6,0.000191265454966319,9.42306885693785E-6,0.992863357067108,0.995493710041046,30.6939105987549,0,30,4,200,-0.00177506764885038,-1.26216471195221,-0.37441411614418,1,,,,,,,,,,,,,,,,
,3952580384.95745,21.6776828765869,999.808410644531,,,6,,,,30.7148452653296,,,1,,,,,,,,,,,,,,,,,,,,,,21.4152069091797,21.9336204528809,999.808410644531,999.808410644531,,,4.6452431678772,,1,0,0,0,0,32.2580642700195,2,1,1,21.9496402740479,0,21.6777123345269,,,0.000189995713057287,9.36065935896771E-6,0.000189998565341746,9.36065625921146E-6,0.992830097675324,0.995447814464569,30.6938915252686,,30,4,200,-0.00217261584475636,-1.2761732339859,-0.39174285531044,1,,,,,,,,,,,,,,,,
,3952580394.66238,22.2409267425537,999.808410644531,,,6,,,,30.7148452653296,,,1,,,,,,,,,,,,,,,,,,,,,,21.9496402740479,22.4892349243164,999.808410644531,999.808410644531,,,4.66502380371094,,1,0,0,0,0,32.7468223571777,2,1,1,22.5322132110596,0,22.2089981502957,,,0.00018879584183704,9.30154848570187E-6,0.000188798783039238,9.30154694303197E-6,0.992723226547241,0.995367109775543,30.6936187744141,0,30,4,200,-0.00194279919378459,-1.28802239894867,-0.411776632070541,1,,,,,,,,,,,,,,,,
,3952580404.80194,22.8178987503052,999.808410644531,,,6,,,,30.7148452653296,,,1,,,,,,,,,,,,,,,,,,,,,,22.5621452331543,23.0414562225342,999.808410644531,999.808410644531,,,4.68440866470337,,1,0,0,0,0.0141143798828125,32.7468223571777,2,1,1,23.0736522674561,0,22.7865212758382,,,0.000187512078582707,9.2382857505227E-6,0.000187514762327055,9.2382836728012E-6,0.992966949939728,0.995484411716461,30.6944484710693,0,30,4,200,-0.00203166250139475,-1.30279302597046,-0.430946588516235,1,,,,,,,,,,,,,,,,
,3952580414.52704,23.3519821166992,999.808410644531,,,6,,,,30.7148452653296,,,1,,,,,,,,,,,,,,,,,,,,,,23.0736522674561,23.5607032775879,999.808410644531,999.808410644531,,,4.70337820053101,,1,0,0,0,0,32.7468223571777,2,1,1,23.6303119659424,0,23.3064121670193,,,0.000186296838229125,9.17843221924627E-6,0.000186299604711101,9.17843368948655E-6,0.992709934711456,0.995124876499176,30.6943435668945,0,30,4,200,-0.00214078882709146,-1.31541919708252,-0.449970573186874,1,,,,,,,,,,,,,,,,
,3952580424.33704,23.9082479476929,999.808410644531,,,6,,,,30.7148452653296,,,1,,,,,,,,,,,,,,,,,,,,,,23.6349353790283,24.1460647583008,999.808410644531,999.808410644531,,,4.72162342071533,,1,0,0,0,0,32.7468223571777,2,1,1,24.1815605163574,0,23.8802511427138,,,0.000185099741428565,9.11944390520656E-6,0.000185102299617943,9.11944139742424E-6,0.992844521999359,0.995203018188477,30.6947612762451,,30,4,200,-0.00208618235774338,-1.32662796974182,0.647249937057495,1,,,,,,,,,,,,,,,,
,3952580434.27341,24.4585723876953,999.808410644531,,,6,,,,30.7148452653296,,,1,,,,,,,,,,,,,,,,,,,,,,24.1815605163574,24.7139854431152,999.808410644531,999.808410644531,,,4.73988580703735,,1,0,0,0,0.0128173828125,32.7468223571777,2,1,1,24.7355842590332,0,24.4560911178589,,,0.000183897469356919,9.06022795154886E-6,0.000183900284080842,9.06022408372407E-6,0.992570102214813,0.99512767791748,30.6936283111572,0,30,4,200,-0.00196942151524127,-0.218928307294846,0.635318517684937,1,,,,,,,,,,,,,,,,
,3952580444.20045,25.0184764862061,999.808410644531,,,6,,,,30.7148452653296,,,1,,,,,,,,,,,,,,,,,,,,,,24.7355842590332,25.267333984375,999.808410644531,999.808410644531,,,4.75485420227051,,1,0,0,0,0,32.2580642700195,2,1,1,25.3013687133789,0,24.9905802408854,,,0.000182765764007546,9.00443280147996E-6,0.000182768070209355,9.00443163873399E-6,0.993152618408203,0.995374798774719,30.6957454681396,,30,4,200,-0.00192312069702894,-0.232270941138268,0.616035163402557,1,,,,,,,,,,,,,,,,
,3952580453.83773,25.570631980896,999.808410644531,,,6,,,,30.7148452653296,,,1,,,,,,,,,,,,,,,,,,,,,,25.3118362426758,25.8192081451416,999.808410644531,999.808410644531,,,4.77214670181274,,1,0,0,0,0,32.7468223571777,2,1,1,25.8294277191162,0,25.5627017550998,,,0.000181597355524693,8.94687248279169E-6,0.000181599766475179,8.94687372320252E-6,0.993071973323822,0.995339155197144,30.6954555511475,,30,4,200,-0.00193586712703109,-0.244134023785591,0.59913569688797,1,,,,,,,,,,,,,,,,
,3952580463.51445,26.1041021347046,999.808410644531,,,6,,,,30.7148452653296,,,1,,,,,,,,,,,,,,,,,,,,,,25.8397903442383,26.3319053649902,999.808410644531,999.808410644531,,,4.78824138641357,,1,0,0,0,0,32.7468223571777,2,1,1,26.3684139251709,0,26.0880940755208,,,0.000180491073343799,8.89237561525944E-6,0.000180493663905753,8.89237495474303E-6,0.992963016033173,0.99545407295227,30.6945247650146,1,30,4,200,-0.00182707456406206,-0.255744516849518,0.581857323646545,1,,,,,,,,,,,,,,,,
,3952580473.5954,26.6637506484985,999.808410644531,,,6,,,,30.7148452653296,,,1,,,,,,,,,,,,,,,,,,,,,,26.3934440612793,26.9196910858154,999.808410644531,999.808410644531,,,4.80401134490967,,1,0,0,0,0.0128173828125,32.7468223571777,2,1,1,26.9340572357178,0,26.6448040008545,,,0.000179333747426354,8.83534239184771E-6,0.000179335893017122,8.83533893348662E-6,0.993201375007629,0.995361983776093,30.6960411071777,0,30,4,200,-0.00166935671586543,-0.267047166824341,0.564556300640106,1,,,,,,,,,,,,,,,,
,3952580483.33448,27.2191915512085,999.808410644531,,,6,,,,30.7148452653296,,,1,,,,,,,,,,,,,,,,,,,,,,26.9450168609619,27.4421558380127,999.808410644531,999.808410644531,,,4.81796073913574,,1,0,0,0,0,32.7468223571777,2,1,1,27.4933662414551,0,27.1887319352892,,,0.000178183287357062,8.77867384431809E-6,0.000178185637739614,8.77867319619385E-6,0.993013322353363,0.995279252529144,30.6953620910645,,30,4,200,-0.00163763540331274,-0.276721358299255,0.548892974853516,1,,,,,,,,,,,,,,,,
,3952580493.19002,27.7624320983887,999.808410644531,,,6,,,,30.7148452653296,,,1,,,,,,,,,,,,,,,,,,,,,,27.5039730072021,28.0036067962646,999.808410644531,999.808410644531,,,4.83175897598267,,1,0,0,0,0,32.2580642700195,2,1,1,28.0208911895752,0,27.7522761027018,,,0.000177110823246099,8.72581516305061E-6,0.000177112905295223,8.72581569568949E-6,0.993363857269287,0.995455741882324,30.6965503692627,3.54499400339361E-36,30,4,200,-0.00175200798548758,-0.288688331842422,0.533408224582672,1,,,,,,,,,,,,,,,,
,3952580503.17666,28.3351430892944,999.808410644531,,,6,,,,30.7148452653296,,,1,,,,,,,,,,,,,,,,,,,,,,28.0320644378662,28.6180877685547,999.808410644531,999.808410644531,,,4.84669399261475,,1,0,0,0,0,33.2355842590332,2,1,1,28.6382217407227,0,28.3224750518799,,,0.000175927047279884,8.66750378448023E-6,0.000175929197238749,8.66750297598765E-6,0.993202090263367,0.995354115962982,30.6960735321045,0,30,4,200,-0.00149223348125815,-0.297491014003754,0.517236828804016,1,,,,,,,,,,,,,,,,
,3952580513.18857,28.9124631881714,999.808410644531,,,6,,,,30.7148452653296,,,1,,,,,,,,,,,,,,,,,,,,,,28.6382217407227,29.098949432373,999.808410644531,999.808410644531,,,4.86009311676025,,1,0,0,0,0,32.7468223571777,2,1,1,29.1867046356201,0,28.8637820349799,,,0.000174838385969861,8.6138666536923E-6,0.00017484040463361,8.61386551433726E-6,0.993204653263092,0.995222806930542,30.6965637207031,4.62961047276167E-8,30,4,200,-0.00101395009551197,-0.304767370223999,0.503620624542236,1,,,,,,,,,,,,,,,,
,3952580522.88324,29.4549589157105,999.808410644531,,,6,,,,30.7148452653296,,,1,,,,,,,,,,,,,,,,,,,,,,29.1867046356201,29.7020244598389,999.808410644531,999.808410644531,,,4.8734335899353,,1,0,0,0,0.0128173828125,32.7468223571777,2,1,1,29.7232131958008,0,29.4585732354058,,,0.000173759817635676,8.56071745735244E-6,0.000173761800631032,8.56071755955213E-6,0.99339359998703,0.995434403419495,30.6967830657959,0,30,4,200,-0.00123127561528236,-0.308760076761246,0.494676738977432,1,,,,,,,,,,,,,,,,
,3952580532.53712,29.9868602752686,999.808410644531,,,6,,,,30.7148452653296,,,1,,,,,,,,,,,,,,,,,,,,,,29.7232131958008,30.2118282318115,999.808410644531,999.808410644531,,,4.88579034805298,,1,0,0,0,0,32.7468223571777,2,1,1,30.2505073547363,0,29.9654610951742,,,0.000172669290012904,8.50699109344488E-6,0.000172671223689012,8.50699137605427E-6,0.99340945482254,0.995405972003937,30.6969699859619,1.01984178400016E-5,30,4,200,-0.00121425953693688,-0.31450092792511,0.483886629343033,1,,,,,,,,,,,,,,,,
,3952580542.67495,30.5507526397705,999.808410644531,,,6,,,,30.7148452653296,,,1,,,,,,,,,,,,,,,,,,,,,,30.2735919952393,30.7941112518311,999.808410644531,999.808410644531,,,4.89936637878418,,1,0,0,0,0,32.7468223571777,2,1,1,30.8279132843018,0,30.5389737023248,,,0.000171600263272982,8.45433231821784E-6,0.000171602189848302,8.45432740911572E-6,0.993202924728394,0.995247542858124,30.6964626312256,0,30,4,200,-0.00100132334046066,-0.319827526807785,0.473407477140427,1,,,,,,,,,,,,,,,,
,3952580552.4071,31.1292428970337,999.808410644531,,,6,,,,30.7148452653296,,,1,,,,,,,,,,,,,,,,,,,,,,30.8532428741455,31.3459625244141,999.808410644531,999.808410644531,,,4.91058874130249,,1,0,0,0,0.0128173828125,35.190616607666,2,1,1,31.4052429199219,0,31.0860593583849,,,0.00017049045469524,8.39965538456853E-6,0.000170492326657983,8.39965278456248E-6,0.993215918540955,0.995157897472382,30.696870803833,0,30,4,200,-0.00120444316416979,-0.32297483086586,0.465366274118423,1,,,,,,,,,,,,,,,,
,3952580562.16656,31.6675586700439,999.808410644531,,,6,,,,30.7148452653296,,,1,,,,,,,,,,,,,,,,,,,,,,31.4180183410645,31.8835525512695,999.808410644531,999.808410644531,,,4.92229270935059,,1,0,0,0,0.0128173828125,32.7468223571777,2,1,1,31.9170989990234,0,31.6503732469347,,,0.000169456329056698,8.34870356134743E-6,0.000169458313352839,8.34870300831191E-6,0.993253171443939,0.995312929153442,30.6964874267578,5.36001825332642,30,4,200,-0.00126384769100696,-0.329198151826858,0.454377800226212,1,,,,,,,,,,,,,,,,
,3952580572.10585,32.2138061523438,999.808410644531,,,6,,,,30.7148452653296,,,1,,,,,,,,,,,,,,,,,,,,,,31.9170989990234,32.4851455688477,999.808410644531,999.808410644531,,,4.93398904800415,,1,0,0,0,0,32.7468223571777,2,1,1,32.5105133056641,0,32.2012111663818,,,0.000168317871962326,8.29261648471341E-6,0.000168319550738507,8.29261293358561E-6,0.993232429027557,0.99500036239624,30.6975917816162,,30,4,200,-0.00132870220113546,-0.335082113742828,0.443370133638382,1,,,,,,,,,,,,,,,,
,3952580582.13498,32.8021049499512,999.808410644531,,,6,,,,30.7148452653296,,,1,,,,,,,,,,,,,,,,,,,,,,32.5187797546387,33.0404930114746,999.808410644531,999.808410644531,,,4.94498920440674,,1,0,0,0,0.0141143798828125,32.7468223571777,2,1,1,33.0854301452637,0,32.7717378404405,,,0.000167287063854385,8.24182570406616E-6,0.000167288920500097,8.2418241117933E-6,0.993327617645264,0.995316207408905,30.696870803833,1.04430846477044E-5,30,4,200,-0.00188083166722208,-0.345884740352631,0.430710643529892,1,,,,,,,,,,,,,,,,
,3952580591.98734,33.3607730865479,999.808410644531,,,6,,,,30.7148452653296,,,1,,,,,,,,,,,,,,,,,,,,,,33.1052284240723,33.5823020935059,999.808410644531,999.808410644531,,,4.95608615875244,,1,0,0,0,0,32.7468223571777,2,1,1,33.6163177490234,0,33.3395076327854,,,0.000166212484509513,8.18887206454755E-6,0.000166213963785829,8.18887047043494E-6,0.993565082550049,0.995181262493134,30.6987133026123,0,30,4,200,-0.00143533002119511,-0.355117201805115,0.414011776447296,1,,,,,,,,,,,,,,,,
,3952580601.95842,33.9181804656982,999.808410644531,,,6,,,,30.7148452653296,,,1,,,,,,,,,,,,,,,,,,,,,,33.6163177490234,34.2003555297852,999.808410644531,999.808410644531,,,4.96737384796143,,1,0,0,0,0,32.7468223571777,2,1,1,34.220043182373,0,33.9070392184787,,,0.000165110149897797,8.13457358500924E-6,0.000165111736429769,8.13457098311177E-6,0.993296980857849,0.994992613792419,30.6979904174805,0,30,4,200,-0.00143772724550217,-0.362926810979843,0.401011556386948,1,,,,,,,,,,,,,,,,
,3952580611.86382,34.4764232635498,999.808410644531,,,6,,,,30.7148452653296,,,1,,,,,,,,,,,,,,,,,,,,,,34.220043182373,34.6858940124512,999.808410644531,999.808410644531,,,4.97737455368042,,1,0,0,0,0,32.7468223571777,2,1,1,34.7328033447266,0,34.4478725857205,,,0.000164045372644258,8.08210148269369E-6,0.000164046866594079,8.08210114126842E-6,0.993550479412079,0.995173096656799,30.6986656188965,,30,4,200,-0.00126981665380299,-0.370535403490067,0.388103038072586,1,,,,,,,,,,,,,,,,
,3952580621.54136,35.0138339996338,999.808410644531,,,6,,,,30.7148452653296,,,1,,,,,,,,,,,,,,,,,,,,,,34.7328033447266,35.2629699707031,999.808410644531,999.808410644531,,,4.98773050308228,,1,0,0,0,0,32.7468223571777,2,1,1,35.294864654541,0,35.0144916110569,,,0.00016298829792943,8.0300377401719E-6,0.000162989899128946,8.03003954755931E-6,0.993279576301575,0.994904160499573,30.6982727050781,0,30,4,200,-0.00117826333735138,-0.376739144325256,0.377321302890778,1,,,,,,,,,,,,,,,,
,3952580631.24777,35.5576229095459,999.808410644531,,,6,,,,30.7148452653296,,,1,,,,,,,,,,,,,,,,,,,,,,35.294864654541,35.7699661254883,999.808410644531,999.808410644531,,,4.99637413024902,,1,0,0,0,0.0128173828125,32.7468223571777,2,1,1,35.8203811645508,0,35.5310889350043,,,0.000161986292872604,7.98066885208798E-6,0.000161987999160663,7.9806697920191E-6,0.993323922157288,0.99512767791748,30.6975803375244,9.49368404690176E-6,30,4,200,-0.00122434110380709,-0.381184071302414,0.367767304182053,1,,,,,,,,,,,,,,,,
,3952580641.30271,36.128116607666,999.808410644531,,,6,,,,30.7148452653296,,,1,,,,,,,,,,,,,,,,,,,,,,35.847541809082,36.3524131774902,999.808410644531,999.808410644531,,,5.00684690475464,,1,0,0,0,0,32.7468223571777,2,1,1,36.40869140625,0,36.1075261433919,,,0.000160920616016615,7.92817386054941E-6,0.000160922196249572,7.92817503223576E-6,0.993223249912262,0.994844377040863,30.6982078552246,0,30,4,200,-0.00107379676774144,-0.38736480474472,0.35667222738266,1,,,,,,,,,,,,,,,,
,3952580651.08616,36.6914691925049,999.808410644531,,,6,,,,30.7148452653296,,,1,,,,,,,,,,,,,,,,,,,,,,36.40869140625,36.9236755371094,999.808410644531,999.808410644531,,,5.01633262634277,,1,0,0,0,0,32.7468223571777,2,1,1,36.9742469787598,0,36.6589503818088,,,0.000159900025908985,7.87787374501002E-6,0.000159901400193453,7.87787308074307E-6,0.993553161621094,0.995080173015594,30.6990852355957,,30,4,200,-0.00105054117739201,-0.391602426767349,0.347822815179825,1,,,,,,,,,,,,,,,,
,3952580660.78696,37.2432422637939,999.808410644531,,,6,,,,30.7148452653296,,,1,,,,,,,,,,,,,,,,,,,,,,36.9805908203125,37.4895973205566,999.808410644531,999.808410644531,,,5.02489328384399,,1,0,0,0,0,32.7468223571777,2,1,1,37.5058937072754,0,37.245489332411,,,0.000158858091937769,7.82653847801013E-6,0.000158859344497368,7.82653549456743E-6,0.993524730205536,0.994960367679596,30.6994647979736,5.11842990817968E-5,30,4,200,-0.000946229789406061,-0.395069718360901,0.339401096105576,1,,,,,,,,,,,,,,,,
,3952580670.75012,37.8139095306396,999.808410644531,,,6,,,,30.7148452653296,,,1,,,,,,,,,,,,,,,,,,,,,,37.5255966186523,38.102222442627,999.808410644531,999.808410644531,,,5.03447723388672,,1,0,0,0,0.0128173828125,32.7468223571777,2,1,1,38.102222442627,0,37.7948341369629,,,0.000157828086294562,7.77579132496924E-6,0.000157829379743063,7.77578981807311E-6,0.99357658624649,0.995052039623261,30.6993503570557,9.61456953518791E-6,30,4,200,-0.000855851860251278,-0.397348940372467,0.332246512174606,1,,,,,,,,,,,,,,,,
,3952580680.74267,38.3731002807617,999.808410644531,,,6,,,,30.7148452653296,,,1,,,,,,,,,,,,,,,,,,,,,,38.1108589172363,38.5698890686035,999.808410644531,999.808410644531,,,5.04333114624023,,1,0,0,0,0.0128173828125,32.7468223571777,2,1,1,38.6353416442871,0,38.3344196743435,,,0.000156693148982432,7.71992333375853E-6,0.000156693274906241,7.7199217388456E-6,0.992722511291504,0.992862641811371,30.7094669342041,1.63388889973248E-7,30,4,200,0.000681894714944065,-0.399435043334961,0.331226676702499,1,,,,,,,,,,,,,,,,
,3952580690.40834,38.9282970428467,999.808410644531,,,6,,,,30.7148452653296,,,1,,,,,,,,,,,,,,,,,,,,,,38.6353416442871,39.1997413635254,999.808410644531,999.808410644531,,,5.05161046981812,,1,0,0,0,0,32.2580642700195,2,1,1,39.2212524414063,0,38.9172859191895,,,0.000155587945038018,7.66601073348358E-6,0.000155591350343245,7.66601050576017E-6,0.986073791980743,0.987747848033905,30.6898097991943,0,30,4,200,-0.00497899018228054,-0.410137861967087,0.329812943935394,1,,,,,,,,,,,,,,,,
,3952580708.88088,39.9971542358398,999.808410644531,,,6,,,,30.7199232870955,,,1,,,,,,,,,,,,,,,,,,,,,,39.7155838012695,40.2593612670898,999.808410644531,999.808410644531,,,5.06791210174561,,1,0,0,0,0,32.7468223571777,2,1,1,40.2787246704102,0,39.9928601582845,,,0.000153828756207684,7.57878162658841E-6,0.000153830338272311,7.57877866697812E-6,0.993054389953613,0.994814217090607,30.7024440765381,0,30,4,200,-0.00252822181209922,-0.46409460902214,0.255139410495758,1,,,,,,,,,,,,,,,,
,3952580718.63198,40.5552997589111,999.808410644531,,,6,,,,30.7199232870955,,,1,,,,,,,,,,,,,,,,,,,,,,40.2908782958984,40.7818717956543,999.808410644531,999.808410644531,,,5.07569169998169,,1,0,0,0,0,32.7468223571777,2,1,1,40.8197212219238,0,40.5339054531521,,,0.000152814772189308,7.52884580735798E-6,0.000152816818454628,7.52884396157352E-6,0.992702841758728,0.994903087615967,30.7001686096191,0,30,4,200,-0.00241076387465,-0.477724134922028,0.235091090202332,1,,,,,,,,,,,,,,,,
,3952580728.75412,41.144495010376,999.808410644531,,,6,,,,30.7199232870955,,,1,,,,,,,,,,,,,,,,,,,,,,40.8622932434082,41.3974266052246,999.808410644531,999.808410644531,,,5.0850567817688,,1,0,0,0,0,32.7468223571777,2,1,1,41.4266967773438,0,41.1218893263075,,,0.000151804224054031,7.47901788479222E-6,0.000151805793257611,7.47901647024704E-6,0.993427753448486,0.995294392108917,30.7025661468506,0,30,4,200,-0.00154222315177321,-0.487513870000839,0.215684369206429,1,,,,,,,,,,,,,,,,
,3952580738.57376,41.6725196838379,999.808410644531,,,6,,,,30.7199232870955,,,1,,,,,,,,,,,,,,,,,,,,,,41.4266967773438,41.918342590332,999.808410644531,999.808410644531,,,5.09151077270508,,1,0,0,0,0,32.7468223571777,2,1,1,41.918342590332,0,41.670597076416,,,0.000150760194529069,7.42760100770625E-6,0.00015076195110359,7.42760022412517E-6,0.993052124977112,0.995024025440216,30.7015800476074,0,30,4,200,-0.0010910714045167,-0.491260975599289,0.205684185028076,1,,,,,,,,,,,,,,,,
,3952580748.24513,42.2201957702637,999.808410644531,,,6,,,,30.7199232870955,,,1,,,,,,,,,,,,,,,,,,,,,,41.9491119384766,42.4497451782227,999.808410644531,999.808410644531,,,5.10047340393066,,1,0,0,0,0,32.2580642700195,2,1,1,42.4912796020508,0,42.1934445699056,,,0.00014980886056874,7.38072938917615E-6,0.00014981056363779,7.38072677567508E-6,0.993065178394318,0.995035290718079,30.7016067504883,,30,4,200,-0.00155192601960152,-0.495931178331375,0.198412850499153,1,,,,,,,,,,,,,,,,
,3952580758.17421,42.7943840026855,999.808410644531,,,6,,,,30.7199232870955,,,1,,,,,,,,,,,,,,,,,,,,,,42.4912796020508,43.0974884033203,999.808410644531,999.808410644531,,,5.10773658752441,,1,0,0,0,0.0128173828125,32.2580642700195,2,1,1,43.0974884033203,0,42.7845397949219,,,0.000148927319142136,7.33728758148192E-6,0.00014892901931439,7.33728718040796E-6,0.993270874023437,0.995273411273956,30.7018032073975,0,30,4,200,-0.00168144609779119,-0.503798961639404,0.186870023608208,1,,,,,,,,,,,,,,,,
,3952580768.18545,43.3701953887939,999.808410644531,,,6,,,,30.7199232870955,,,1,,,,,,,,,,,,,,,,,,,,,,43.1074752807617,43.5928382873535,999.808410644531,999.808410644531,,,5.11631631851196,,1,0,0,0,0,32.7468223571777,2,1,1,43.6329154968262,0,43.343810611301,,,0.000147890203130567,7.28618123919993E-6,0.000147891653470601,7.28618046075496E-6,0.993493258953095,0.995255470275879,30.7030792236328,0,30,4,200,-0.00159798108506948,-0.511472105979919,0.174173951148987,1,,,,,,,,,,,,,,,,
,3952580777.85293,43.9202747344971,999.808410644531,,,6,,,,30.7199232870955,,,1,,,,,,,,,,,,,,,,,,,,,,43.6329154968262,44.1912994384766,999.808410644531,999.808410644531,,,5.12321758270264,,1,0,0,0,0,32.7468223571777,2,1,1,44.207633972168,0,43.9129100375705,,,0.000146983771264109,7.24150481015527E-6,0.000146984994794981,7.24150347032674E-6,0.993903696537018,0.995511472225189,30.7043170928955,4.35273832408711E-5,30,4,200,-0.00156026904005557,-0.518921673297882,0.16253225505352,1,,,,,,,,,,,,,,,,
,3952580787.52691,44.4661083221436,999.808410644531,,,6,,,,30.7199232870955,,,1,,,,,,,,,,,,,,,,,,,,,,44.207633972168,44.6825790405273,999.808410644531,999.808410644531,,,5.13116121292114,,1,0,0,0,0,32.7468223571777,2,1,1,44.7245826721191,0,44.4298595852322,,,0.00014611242994341,7.1985734865318E-6,0.000146113534613189,7.19857239022606E-6,0.994056463241577,0.995539009571075,30.7050647735596,0,30,4,200,-0.00130585907027125,-0.524669945240021,0.15148714184761,1,,,,,,,,,,,,,,,,
,3952580797.57256,45.0361576080322,999.808410644531,,,6,,,,30.7199232870955,,,1,,,,,,,,,,,,,,,,,,,,,,44.7593727111816,45.2796669006348,999.808410644531,999.808410644531,,,5.13906621932983,,1,0,0,0,0,32.2580642700195,2,1,1,45.3129425048828,0,45.0161344740126,,,0.0001451492911877,7.1511246414997E-6,0.000145150362504766,7.15112328188554E-6,0.993908941745758,0.995313942432404,30.7052021026611,5.54122734069824,30,4,200,-0.00155586574692279,-0.531152784824371,0.142364203929901,1,,,,,,,,,,,,,,,,
,3952580807.32101,45.5929641723633,999.808410644531,,,6,,,,30.7199232870955,,,1,,,,,,,,,,,,,,,,,,,,,,45.3129425048828,45.8263282775879,999.808410644531,999.808410644531,,,5.14490699768066,,1,0,0,0,0,32.7468223571777,2,1,1,45.8729858398438,0,45.567017449273,,,0.000144332369379363,7.11086470223491E-6,0.000144333364354686,7.11086233557825E-6,0.994224190711975,0.99565178155899,30.7055416107178,0,30,4,200,-0.00169572583399713,-0.539632320404053,0.130873963236809,1,,,,,,,,,,,,,,,,
,3952580817.00454,46.1307792663574,999.808410644531,,,6,,,,30.7199232870955,,,1,,,,,,,,,,,,,,,,,,,,,,45.8848609924316,46.3766975402832,999.808410644531,999.808410644531,,,5.15253114700317,,1,0,0,0,0.0128173828125,32.2580642700195,2,1,1,46.3766975402832,0,46.1227963765462,,,0.000143409330641012,7.06538723171715E-6,0.000143410218109083,7.06538611855511E-6,0.994262337684631,0.995502293109894,30.7064456939697,0,30,4,200,-0.00159490725491196,-0.546597123146057,0.118768416345119,1,,,,,,,,,,,,,,,,
,3952580826.64138,46.6625137329102,999.808410644531,,,6,,,,30.7199232870955,,,1,,,,,,,,,,,,,,,,,,,,,,46.3766975402832,46.9043960571289,999.808410644531,999.808410644531,,,5.1586709022522,,1,0,0,0,0.0128173828125,32.7468223571777,2,1,1,46.9483299255371,0,46.6413222418891,,,0.000142564099905794,7.02372812101513E-6,0.000142564763878794,7.02372711270118E-6,0.994679033756256,0.99567437171936,30.7082004547119,INF,30,4,200,-0.00136924802791327,-0.552467942237854,0.107936441898346,1,,,,,,,,,,,,,,,,
,3952580836.72888,47.241569519043,999.808410644531,,,6,,,,30.7199232870955,,,1,,,,,,,,,,,,,,,,,,,,,,46.9799118041992,47.4887313842773,999.808410644531,999.808410644531,,,5.16668891906738,,1,0,0,0,0.0128173828125,32.7468223571777,2,1,1,47.5348091125488,0,47.2284745110406,,,0.000141630602779932,6.97775124374834E-6,0.000141631411277,6.97774822809007E-6,0.994369089603424,0.995592534542084,30.7066650390625,0,30,4,200,-0.00133970926981419,-0.556508898735046,0.0989409983158112,1,,,,,,,,,,,,,,,,
,3952580846.54491,47.8095798492432,999.808410644531,,,6,,,,30.7199232870955,,,1,,,,,,,,,,,,,,,,,,,,,,47.5348091125488,48.0326614379883,999.808410644531,999.808410644531,,,5.17268180847168,,1,0,0,0,0.0128173828125,32.7468223571777,2,1,1,48.0843505859375,0,47.7902573479546,,,0.000140675488759333,6.93068515675058E-6,0.000140676178791652,6.93068250826083E-6,0.99454140663147,0.995615720748901,30.7076206207275,0,30,4,200,-0.00138151389546692,-0.561870694160461,0.0899574160575867,1,,,,,,,,,,,,,,,,
,3952580856.26504,48.3677501678467,999.808410644531,,,6,,,,30.7199232870955,,,1,,,,,,,,,,,,,,,,,,,,,,48.0965538024902,48.6136283874512,999.808410644531,999.808410644531,,,5.17939615249634,,1,0,0,0,0,32.7468223571777,2,1,1,48.6389465332031,0,48.3404206169976,,,0.000139747795566786,6.88498300949463E-6,0.000139748457151171,6.88498172513583E-6,0.994491338729858,0.995471835136414,30.7080535888672,2.52353572705033E-7,30,4,200,-0.00165983405895531,-0.568405032157898,0.0805340260267258,1,,,,,,,,,,,,,,,,
,3952580866.20162,48.9355220794678,999.808410644531,,,6,,,,30.7199232870955,,,1,,,,,,,,,,,,,,,,,,,,,,48.6389465332031,49.2320976257324,999.808410644531,999.808410644531,,,5.18521213531494,,1,0,0,0,0,32.7468223571777,2,1,1,49.2320976257324,0,48.9107177734375,,,0.000138800910752731,6.83832298884527E-6,0.000138801435331819,6.83832078464624E-6,0.994766891002655,0.995620250701904,30.7090873718262,0,30,4,200,-0.00145638559479266,-0.574560463428497,0.0686855316162109,1,,,,,,,,,,,,,,,,
,3952580876.1767,49.5187816619873,999.808410644531,,,6,,,,30.7199232870955,,,1,,,,,,,,,,,,,,,,,,,,,,49.2384986877441,49.7566299438477,999.808410644531,999.808410644531,,,5.19244956970215,,1,0,0,0,0,32.7468223571777,2,1,1,49.7990646362305,0,49.5026732550727,,,0.000137780590683886,6.78805437853489E-6,0.000137781051777926,6.78805220454721E-6,0.994839906692505,0.995607614517212,30.7096786499023,5.35995149612427,30,4,200,-0.00142160954419523,-0.580232262611389,0.0583078227937222,1,,,,,,,,,,,,,,,,
,3952580885.84087,50.0648441314697,999.808410644531,,,6,,,,30.7199232870955,,,1,,,,,,,,,,,,,,,,,,,,,,49.7990646362305,50.3185043334961,999.808410644531,999.808410644531,,,5.19783163070679,,1,0,0,0,0.0141143798828125,32.7468223571777,2,1,1,50.330623626709,0,50.0600971645779,,,0.000136814414837226,6.7404590862008E-6,0.00013681499809657,6.7404583164355E-6,0.994639456272125,0.99552994966507,30.7087287902832,0,30,4,200,-0.00126019108574837,-0.584156692028046,0.0489311330020428,1,,,,,,,,,,,,,,,,
,3952580895.54083,50.603853225708,999.808410644531,,,6,,,,30.7199232870955,,,1,,,,,,,,,,,,,,,,,,,,,,50.3483772277832,50.8154067993164,999.808410644531,999.808410644531,,,5.20480966567993,,1,0,0,0,0.0128936767578125,32.7468223571777,2,1,1,50.8593292236328,0,50.5786259969076,,,0.000135841508613818,6.69251927457467E-6,0.000135841988061889,6.69251805768963E-6,0.99485182762146,0.995631814002991,30.7096157073975,,30,4,200,-0.00128548312932253,-0.588163137435913,0.0408427529036999,1,,,,,,,,,,,,,,,,
,3952580905.63565,51.1639728546143,999.808410644531,,,6,,,,30.7199232870955,,,1,,,,,,,,,,,,,,,,,,,,,,50.8804512023926,51.4118041992188,999.808410644531,999.808410644531,,,5.21107816696167,,1,0,0,0,0,32.7468223571777,2,1,1,51.4474945068359,0,51.156128777398,,,0.000134825804024789,6.64247926560769E-6,0.00013482622555328,6.64247813411882E-6,0.994882702827454,0.995573580265045,30.7102088928223,5.66674998481176E-6,30,4,200,-0.00125406414736062,-0.592206835746765,0.0318356938660145,1,,,,,,,,,,,,,,,,
,3952580915.38241,51.7410755157471,999.808410644531,,,6,,,,30.7199232870955,,,1,,,,,,,,,,,,,,,,,,,,,,51.4474945068359,52.0040321350098,999.808410644531,999.808410644531,,,5.21706914901733,,1,0,0,0,0,31.7693061828613,2,1,1,52.0346565246582,0,51.7175500657823,,,0.000133816262352029,6.59274587375226E-6,0.000133816734138878,6.59274421112712E-6,0.994747340679169,0.995523929595947,30.7095241546631,,30,4,200,-0.00123689649626613,-0.595492839813232,0.0235551632940769,1,,,,,,,,,,,,,,,,
,3952580925.13564,52.3186855316162,999.808410644531,,,6,,,,30.7199232870955,,,1,,,,,,,,,,,,,,,,,,,,,,52.0531616210937,52.5648498535156,999.808410644531,999.808410644531,,,5.22232055664063,,1,0,0,0,0,32.7468223571777,2,1,1,52.5842094421387,0,52.3021659851074,,,0.00013285503263158,6.54537962013445E-6,0.000132855413769922,6.54537745182704E-6,0.995000958442688,0.995688319206238,30.7103519439697,0,30,4,200,-0.00131603120826185,-0.599776208400726,0.0158683471381664,1,,,,,,,,,,,,,,,,
,3952580935.14211,52.8896903991699,999.808410644531,,,6,,,,30.7199232870955,,,1,,,,,,,,,,,,,,,,,,,,,,52.6203956604004,53.0681648254395,999.808410644531,999.808410644531,,,5.22840785980225,,1,0,0,0,0.0128173828125,32.7468223571777,2,1,1,53.1589851379395,0,52.8362965053982,,,0.00013188148133861,6.49741504458518E-6,0.000131881825023232,6.49741365413462E-6,0.995072901248932,0.995683014392853,30.7109375,2.11631245861099E-7,30,4,200,-0.0012192907743156,-0.603696644306183,0.00696812430396676,1,,,,,,,,,,,,,,,,
,3952580945.14778,53.444995880127,999.808410644531,,,6,,,,30.7199232870955,,,1,,,,,,,,,,,,,,,,,,,,,,53.1839065551758,53.6634559631348,999.808410644531,999.808410644531,,,5.23404788970947,,1,0,0,0,0,32.7468223571777,2,1,1,53.7060852050781,0,53.422676510281,,,0.000130852608290194,6.44672027759893E-6,0.000130852890498724,6.44671817153246E-6,0.995121955871582,0.995660781860352,30.7114925384521,0,30,4,200,-0.00119553704280406,-0.606155395507812,-0.000720932439435273,1,,,,,,,,,,,,,,,,
,3952580954.80748,53.9895896911621,999.808410644531,,,6,,,,30.7199232870955,,,1,,,,,,,,,,,,,,,,,,,,,,53.7200965881348,54.2469482421875,999.808410644531,999.808410644531,,,5.23949337005615,,1,0,0,0,0,32.7468223571777,2,1,1,54.2590827941895,0,53.9874216715495,,,0.000129915270034784,6.40053626657902E-6,0.000129915503170672,6.40053455910103E-6,0.995361566543579,0.995829522609711,30.7122421264648,0,30,4,200,-0.00103943189606071,-0.6095130443573,-0.00850305706262589,1,,,,,,,,,,,,,,,,
,3952580964.6005,54.5403881072998,999.808410644531,,,6,,,,30.7199232870955,,,1,,,,,,,,,,,,,,,,,,,,,,54.2680740356445,54.7618522644043,999.808410644531,999.808410644531,,,5.24500036239624,,1,0,0,0,0.0128173828125,32.7468223571777,2,1,1,54.8127021789551,0,54.5221065945095,,,0.000129001194230297,6.35550830547712E-6,0.000129001454384049,6.35550706766613E-6,0.995165944099426,0.995647370815277,30.7119674682617,4.32438400821411E-6,30,4,200,-0.00106107967440039,-0.611648976802826,-0.0148709341883659,1,,,,,,,,,,,,,,,,
,3952580974.72728,55.1224384307861,999.808410644531,,,6,,,,30.7199232870955,,,1,,,,,,,,,,,,,,,,,,,,,,54.8295593261719,55.3950729370117,999.808410644531,999.808410644531,,,5.25042295455933,,1,0,0,0,0,32.7468223571777,2,1,1,55.4153175354004,0,55.1125848558214,,,0.000128004540011999,6.30640638199966E-6,0.000128004819050011,6.30640437469835E-6,0.995122015476227,0.995664298534393,30.7114658355713,0,30,4,200,-0.00118169805500656,-0.614486038684845,-0.0221639312803745,1,,,,,,,,,,,,,,,,
,3952580993.20491,56.1775741577148,999.808410644531,,,6,,,,30.7249703692928,,,1,,,,,,,,,,,,,,,,,,,,,,55.9110527038574,56.4101028442383,999.808410644531,999.808410644531,,,5.25951385498047,,1,0,0,0,0.0128173828125,32.2580642700195,2,1,1,56.4440956115723,0,56.1623213026259,,,0.00012620439269215,6.21773721384396E-6,0.00012620509928839,6.21773592040538E-6,0.994569838047028,0.995772302150726,30.7120780944824,0,30,4,200,-0.00111773295793682,-0.62149703502655,-0.0375268049538136,1,,,,,,,,,,,,,,,,
,3952581002.9027,56.7191047668457,999.808410644531,,,6,,,,30.7249703692928,,,1,,,,,,,,,,,,,,,,,,,,,,56.4440956115723,56.9308471679687,999.808410644531,999.808410644531,,,5.2646279335022,,1,0,0,0,0,32.7468223571777,2,1,1,56.9941139221191,0,56.6959953308105,,,0.000125278771015001,6.17212035112046E-6,0.000125279279863891,6.17211753165578E-6,0.994932234287262,0.995920121669769,30.7135963439941,0,30,4,200,-0.00097122706938535,-0.624580860137939,-0.0451416671276093,1,,,,,,,,,,,,,,,,
,3952581012.62544,57.2674579620361,999.808410644531,,,6,,,,30.7249703692928,,,1,,,,,,,,,,,,,,,,,,,,,,57.007682800293,57.500415802002,999.808410644531,999.808410644531,,,5.26955461502075,,1,0,0,0,0.0128173828125,32.7468223571777,2,1,1,57.5272331237793,0,57.2461234198676,,,0.00012436073913253,6.12690957213814E-6,0.000124361370262741,6.12690773557667E-6,0.994372606277466,0.995426297187805,30.7125663757324,5.35998153686523,30,4,200,-0.00107428361661732,-0.626883387565613,-0.0512145310640335,1,,,,,,,,,,,,,,,,
,3952581022.60878,57.8334617614746,999.808410644531,,,6,,,,30.7249703692928,,,1,,,,,,,,,,,,,,,,,,,,,,57.5272331237793,58.1181411743164,999.808410644531,999.808410644531,,,5.27463245391846,,1,0,0,0,0.0128173828125,32.7468223571777,2,1,1,58.1396903991699,0,57.8411769866943,,,0.000123477425588638,6.08337673538514E-6,0.000123477945905252,6.08337569202768E-6,0.994836926460266,0.995770692825317,30.7137641906738,0,30,4,200,-0.0010451105190441,-0.630820333957672,-0.0593395791947842,1,,,,,,,,,,,,,,,,
,3952581032.59857,58.4177112579346,999.808410644531,,,6,,,,30.7249703692928,,,1,,,,,,,,,,,,,,,,,,,,,,58.1564254760742,58.6353149414062,999.808410644531,999.808410644531,,,5.2790904045105,,1,0,0,0,0.0128173828125,33.2355842590332,2,1,1,58.6789970397949,0,58.3960723876953,,,0.000122503675077637,6.03539312953526E-6,0.000122504045113277,6.03539112620923E-6,0.99515026807785,0.995899379253387,30.7151737213135,0,30,4,200,-0.000930877984501421,-0.633232474327087,-0.0661714375019074,1,,,,,,,,,,,,,,,,
,3952581042.30098,58.9801177978516,999.808410644531,,,6,,,,30.7249703692928,,,1,,,,,,,,,,,,,,,,,,,,,,58.7037506103516,59.2352447509766,999.808410644531,999.808410644531,,,5.28364896774292,,1,0,0,0,0.0128173828125,32.7468223571777,2,1,1,59.2564849853516,0,58.9791853162977,,,0.00012158858313984,5.99032062587366E-6,0.00012158909541939,5.99031886858253E-6,0.994818210601807,0.995776474475861,30.7136116027832,5.3597993850708,30,4,200,-0.00091021042317152,-0.635258793830872,-0.0729992315173149,1,,,,,,,,,,,,,,,,
,3952581051.9342,59.5318031311035,999.808410644531,,,6,,,,30.7249703692928,,,1,,,,,,,,,,,,,,,,,,,,,,59.2564849853516,59.7574272155762,999.808410644531,999.808410644531,,,5.28819274902344,,1,0,0,0,0,32.7468223571777,2,1,1,59.8071212768555,0,59.4972322252062,,,0.000120720313957638,5.94753811236303E-6,0.000120720733197298,5.94753544705767E-6,0.994969367980957,0.995820820331574,30.7143745422363,0,30,4,200,-0.000963588943704963,-0.637641906738281,-0.079311192035675,1,,,,,,,,,,,,,,,,
,3952581061.99323,60.094877243042,999.808410644531,,,6,,,,30.7249703692928,,,1,,,,,,,,,,,,,,,,,,,,,,59.8219757080078,60.3362808227539,999.808410644531,999.808410644531,,,5.29309940338135,,1,0,0,0,0,32.7468223571777,2,1,1,60.3677787780762,0,60.071278889974,,,0.000119783906783713,5.90140080961943E-6,0.000119784294456259,5.90139846014842E-6,0.995116531848908,0.995928227901459,30.7147693634033,0,30,4,200,-0.000802540278527886,-0.639322757720947,-0.085584357380867,1,,,,,,,,,,,,,,,,
,3952581071.79464,60.6558265686035,999.808410644531,,,6,,,,30.7249703692928,,,1,,,,,,,,,,,,,,,,,,,,,,60.3677787780762,60.9438743591309,999.808410644531,999.808410644531,,,5.2974796295166,,1,0,0,0,0,33.2355842590332,2,1,1,60.9438743591309,0,60.6544605255127,,,0.000118846228225184,5.85519736022655E-6,0.000118846612115631,5.85519581094903E-6,0.995317816734314,0.996135592460632,30.7149677276611,0.125542402267456,30,4,200,-0.000982678611762822,-0.641765594482422,-0.0901966243982315,1,,,,,,,,,,,,,,,,
,3952581081.52736,61.2225608825684,999.808410644531,,,6,,,,30.7249703692928,,,1,,,,,,,,,,,,,,,,,,,,,,60.9512138366699,61.4511375427246,999.808410644531,999.808410644531,,,5.30115270614624,,1,0,0,0,0.0128173828125,32.7468223571777,2,1,1,61.4939079284668,0,61.2014990912543,,,0.000117962706384902,5.8116762017653E-6,0.000117963081496461,5.81167514600506E-6,0.995080232620239,0.995818912982941,30.715160369873,,30,4,200,-0.000930447247810662,-0.644220650196075,-0.0984917506575584,1,,,,,,,,,,,,,,,,
,3952581091.51248,61.7819404602051,999.808410644531,,,6,,,,30.7249703692928,,,1,,,,,,,,,,,,,,,,,,,,,,61.4939079284668,62.044605255127,999.808410644531,999.808410644531,,,5.30616331100464,,1,0,0,0,0.0128173828125,31.7693061828613,2,1,1,62.0699729919434,0,61.7716178894043,,,0.000117059755589534,5.76718511782291E-6,0.0001170600936353,5.7671849448328E-6,0.995216906070709,0.995871782302856,30.7158298492432,0,30,4,200,-0.00103180843871087,-0.647579848766327,-0.105298146605492,1,,,,,,,,,,,,,,,,
,3952581101.52196,62.343318939209,999.808410644531,,,6,,,,30.7249703692928,,,1,,,,,,,,,,,,,,,,,,,,,,62.0699729919434,62.5700912475586,999.808410644531,999.808410644531,,,5.3104944229126,,1,0,0,0,0.0128173828125,32.2580642700195,2,1,1,62.6166648864746,0,62.31267674764,,,0.000115969673733915,5.71350989880616E-6,0.000115970142054241,5.71350763427545E-6,0.99423211812973,0.995060384273529,30.7137050628662,0,30,4,200,-0.000517107080668211,-0.64797055721283,-0.111829057335854,1,,,,,,,,,,,,,,,,
,3952581111.39137,62.9372329711914,999.808410644531,,,6,,,,30.7249703692928,,,1,,,,,,,,,,,,,,,,,,,,,,62.640625,63.1971282958984,999.808410644531,999.808410644531,,,5.31422519683838,,1,0,0,0,0.0128173828125,33.2355842590332,2,1,1,63.2338409423828,0,62.9240019056532,,,0.000115353494897015,5.68311923858678E-6,0.000115353743813879,5.68311780389323E-6,0.995391249656677,0.995947778224945,30.7166633605957,0,30,4,200,-0.000755835964810103,-0.6507847905159,-0.117235898971558,1,,,,,,,,,,,,,,,,
,3952581121.44267,63.5176506042481,999.808410644531,,,6,,,,30.7249703692928,,,1,,,,,,,,,,,,,,,,,,,,,,63.2338409423828,63.7695426940918,999.808410644531,999.808410644531,,,5.31870126724243,,1,0,0,0,0,32.7468223571777,2,1,1,63.8014602661133,0,63.4994533538818,,,0.000114472718848751,5.63972612777285E-6,0.000114472973489512,5.63972392487022E-6,0.995359122753143,0.995961666107178,30.7163162231445,4.32769729741267E-6,30,4,200,-0.00104183214716613,-0.65383517742157,-0.123019061982632,1,,,,,,,,,,,,,,,,
,3952581131.39925,64.0752830505371,999.808410644531,,,6,,,,30.7249703692928,,,1,,,,,,,,,,,,,,,,,,,,,,63.8014602661133,64.2962417602539,999.808410644531,999.808410644531,,,5.32254838943481,,1,0,0,0,0.0128173828125,32.7468223571777,2,1,1,64.3491058349609,0,64.0332230461968,,,0.000113546629981191,5.59410370241553E-6,0.000113546901463665,5.5941022650021E-6,0.995268166065216,0.995865404605865,30.7162647247314,0,30,4,200,-0.00101269944570959,-0.656960606575012,-0.130902692675591,1,,,,,,,,,,,,,,,,
,3952581141.24084,64.641487121582,999.808410644531,,,6,,,,30.7249703692928,,,1,,,,,,,,,,,,,,,,,,,,,,64.3557891845703,64.8957138061523,999.808410644531,999.808410644531,,,5.32630348205566,,1,0,0,0,0,32.7468223571777,2,1,1,64.9271850585938,0,64.6163296169705,,,0.000112716953724668,5.55322710056657E-6,0.000112717185183383,5.55322603183727E-6,0.995283603668213,0.995786607265472,30.7169513702393,0.122295655310154,30,4,200,-0.000894491153303534,-0.659418761730194,-0.138010770082474,1,,,,,,,,,,,,,,,,
,3952581151.25267,65.2443084716797,999.808410644531,,,6,,,,30.7249703692928,,,1,,,,,,,,,,,,,,,,,,,,,,64.9271850585938,65.5419387817383,999.808410644531,999.808410644531,,,5.33034896850586,,1,0,0,0,0.0128173828125,32.7468223571777,2,1,1,65.5614318847656,0,65.240259552002,,,0.000111901628141364,5.51305055661507E-6,0.000111901819628387,5.51304913260171E-6,0.995669960975647,0.996151566505432,30.7174606323242,5.35996866226196,30,4,200,-0.00100386259146035,-0.663638830184937,-0.144500657916069,1,,,,,,,,,,,,,,,,
,3952581161.17245,65.8102531433105,999.808410644531,,,6,,,,30.7249703692928,,,1,,,,,,,,,,,,,,,,,,,,,,65.5614318847656,66.0141754150391,999.808410644531,999.808410644531,,,5.3344030380249,,1,0,0,0,0,32.7468223571777,2,1,1,66.0590744018555,0,65.7799775865343,,,0.00011105643512942,5.47140806941331E-6,0.000111056575539823,5.47140665113069E-6,0.995724856853485,0.996097445487976,30.7183666229248,,30,4,200,-0.00102457555476576,-0.667173802852631,-0.152337729930878,1,,,,,,,,,,,,,,,,
,3952581170.81441,66.3265647888184,999.808410644531,,,6,,,,30.7249703692928,,,1,,,,,,,,,,,,,,,,,,,,,,66.0590744018555,66.5831604003906,999.808410644531,999.808410644531,,,5.337486743927,,1,0,0,0,0.0014495849609375,32.7468223571777,2,1,1,66.5940551757812,0,66.3185306125217,,,0.000110257912154959,5.43206948931607E-6,0.000110258032311247,5.43206838430322E-6,0.995678544044495,0.995988965034485,30.7188854217529,0,30,4,200,-0.0011178373824805,-0.671607673168182,-0.159536644816399,1,,,,,,,,,,,,,,,,
,3952581180.48911,66.8730430603027,999.808410644531,,,6,,,,30.7249703692928,,,1,,,,,,,,,,,,,,,,,,,,,,66.5940551757812,67.1086273193359,999.808410644531,999.808410644531,,,5.34180927276611,,1,0,0,0,0,31.7693061828613,2,1,1,67.1520309448242,0,66.8701883951823,,,0.000109482662250639,5.39387136711868E-6,0.00010948272498834,5.39387038824094E-6,0.995851457118988,0.996037483215332,30.7203235626221,0,30,4,200,-0.00102621223777533,-0.676125168800354,-0.16822512447834,1,,,,,,,,,,,,,,,,
,3952581190.60625,67.4743041992188,999.808410644531,,,6,,,,30.7249703692928,,,1,,,,,,,,,,,,,,,,,,,,,,67.1952438354492,67.7081298828125,999.808410644531,999.808410644531,,,5.3451452255249,,1,0,0,0,0.0128173828125,33.2355842590332,2,1,1,67.7533645629883,0,67.4575475056966,,,0.000108661825735726,5.35343137859489E-6,0.000108661875044211,5.35343083913507E-6,0.995790421962738,0.995924293994904,30.7209854125977,1,30,4,200,-0.000909382593818009,-0.679352819919586,-0.175816059112549,1,,,,,,,,,,,,,,,,
,3952581200.47823,68.0619239807129,999.808410644531,,,6,,,,30.7249703692928,,,1,,,,,,,,,,,,,,,,,,,,,,67.7694625854492,68.3543853759766,999.808410644531,999.808410644531,,,5.34856224060059,,1,0,0,0,0.00030517578125,32.7468223571777,2,1,1,68.3543853759766,0,68.0795084635417,,,0.000107840029561238,5.31295036283882E-6,0.000107840119757207,5.31294912686227E-6,0.995553970336914,0.995801270008087,30.7194385528564,0,30,4,200,-0.00071398401632905,-0.680509805679321,-0.182150200009346,1,,,,,,,,,,,,,,,,
,3952581219.13025,69.1118927001953,999.808410644531,,,6,,,,30.7300072996191,,,1,,,,,,,,,,,,,,,,,,,,,,68.8403396606445,69.3621978759766,999.808410644531,999.808410644531,,,5.3584132194519,,1,0,0,0,0.0128173828125,32.7468223571777,2,1,1,69.3834457397461,0,69.1088460286458,,,0.000106443834339887,5.24415708088764E-6,0.000106444012790088,5.2441560320213E-6,0.995760262012482,0.996228754520416,30.722677230835,,30,4,200,-0.000866141926962882,-0.684593200683594,-0.191591039299965,1,,,,,,,,,,,,,,,,
,3952581228.80766,69.6559524536133,999.808410644531,,,6,,,,30.7300072996191,,,1,,,,,,,,,,,,,,,,,,,,,,69.3834457397461,69.8785247802734,999.808410644531,999.808410644531,,,5.36155128479004,,1,0,0,0,0.0141143798828125,33.7243423461914,2,1,1,69.9284591674805,0,69.6218151516385,,,0.000105665705707436,5.20582512073267E-6,0.000105665927978115,5.20582417989761E-6,0.995619416236877,0.996176242828369,30.7219200134277,5.5427360534668,30,4,200,-0.00100188050419092,-0.688284397125244,-0.197949931025505,1,,,,,,,,,,,,,,,,
,3952581238.95735,70.2388076782227,999.808410644531,,,6,,,,30.7300072996191,,,1,,,,,,,,,,,,,,,,,,,,,,69.9682312011719,70.4415817260742,999.808410644531,999.808410644531,,,5.36534595489502,,1,0,0,0,0,33.2355842590332,2,1,1,70.5093841552734,0,70.2050035264757,,,0.000104854921184131,5.16588791225759E-6,0.000104855166279703,5.16588657079344E-6,0.995320081710815,0.995912551879883,30.7213840484619,5.54268741607666,30,4,200,-0.0010614744387567,-0.692605793476105,-0.205456703901291,1,,,,,,,,,,,,,,,,
,3952581248.63353,70.7940063476563,999.808410644531,,,6,,,,30.7300072996191,,,1,,,,,,,,,,,,,,,,,,,,,,70.5093841552734,71.0259552001953,999.808410644531,999.808410644531,,,5.36904573440552,,1,0,0,0,0.0128173828125,33.7243423461914,2,1,1,71.0786285400391,0,70.7558551364475,,,0.000104141072055142,5.1307158980024E-6,0.000104141210635874,5.13071448504416E-6,0.995476603507996,0.99584686756134,30.7232265472412,0,30,4,200,-0.00115654012188315,-0.697164237499237,-0.212999656796455,1,,,,,,,,,,,,,,,,
,3952581258.43186,71.3612861633301,999.808410644531,,,6,,,,30.7300072996191,,,1,,,,,,,,,,,,,,,,,,,,,,71.0834884643555,71.6073760986328,999.808410644531,999.808410644531,,,5.37240505218506,,1,0,0,0,0,33.2355842590332,2,1,1,71.6390838623047,0,71.3345150417752,,,0.000103402978546276,5.0943471860325E-6,0.000103403114450424,5.09434600646191E-6,0.995638847351074,0.996009051799774,30.7233543395996,5.35984516143799,30,4,200,-0.000799241417553276,-0.699648380279541,-0.221305370330811,1,,,,,,,,,,,,,,,,
,3952581268.48007,71.9452171325684,999.808410644531,,,6,,,,30.7300072996191,,,1,,,,,,,,,,,,,,,,,,,,,,71.6390838623047,72.2371673583984,999.808410644531,999.808410644531,,,5.37673950195313,,1,0,0,0,0,31.7693061828613,2,1,1,72.251350402832,0,71.9548263549805,,,0.000102648622035801,5.05717944525358E-6,0.000102648679563343,5.05717869063587E-6,0.995774686336517,0.995946109294891,30.7255001068115,5.5430588722229,30,4,200,-0.000961802783422172,-0.703762352466583,-0.227429792284966,1,,,,,,,,,,,,,,,,
,3952581278.53355,72.5470123291016,999.808410644531,,,6,,,,30.7300072996191,,,1,,,,,,,,,,,,,,,,,,,,,,72.2608413696289,72.7731170654297,999.808410644531,999.808410644531,,,5.37960481643677,,1,0,0,0,0,33.2355842590332,2,1,1,72.8331832885742,0,72.5024812486437,,,0.000101894423860439,5.02002196453626E-6,0.000101894483289555,5.02002082165182E-6,0.995785236358643,0.995982229709625,30.7251892089844,1.63961516363997E-7,30,4,200,-0.000951376685407013,-0.707181096076965,-0.234510064125061,1,,,,,,,,,,,,,,,,
,3952581288.86376,73.1580314636231,999.808410644531,,,6,,,,30.7300072996191,,,1,,,,,,,,,,,,,,,,,,,,,,72.8478088378906,73.4487533569336,999.808410644531,999.808410644531,,,5.38392925262451,,1,0,0,0,0.0128173828125,31.7693061828613,2,1,1,73.4682540893555,0,73.151887512207,,,0.000101128630420024,4.98229168544289E-6,0.000101128702571325,4.98229059050838E-6,0.995900094509125,0.996134459972382,30.7248382568359,,30,4,200,-0.000975799863226712,-0.711654543876648,-0.242297992110252,1,,,,,,,,,,,,,,,,
,3952581299.05303,73.7299308776855,999.808410644531,,,6,,,,30.7300072996191,,,1,,,,,,,,,,,,,,,,,,,,,,73.4682540893555,73.9574584960937,999.808410644531,999.808410644531,,,5.38663196563721,,1,0,0,0,0,32.7468223571777,2,1,1,73.9916076660156,0,73.7070524427626,,,0.000100399584957395,4.94637423793758E-6,0.000100399644086747,4.94637334651647E-6,0.995943009853363,0.996137201786041,30.7253150939941,0,30,4,200,-0.00118798797484487,-0.717593848705292,-0.250054687261581,1,,,,,,,,,,,,,,,,
,3952581308.71163,74.2672882080078,999.808410644531,,,6,,,,30.7300072996191,,,1,,,,,,,,,,,,,,,,,,,,,,74.0049819946289,74.5094833374023,999.808410644531,999.808410644531,,,5.39031505584717,,1,0,0,0,0,32.7468223571777,2,1,1,74.5295944213867,0,74.2508358425564,,,9.96938178095246E-5,4.91160228146693E-6,9.96938404004607E-5,4.91160137789105E-6,0.995952546596527,0.99605530500412,30.7265796661377,0,30,4,200,-0.00108200847171247,-0.722434639930725,-0.258956432342529,1,,,,,,,,,,,,,,,,
,3952581318.38546,74.7944412231445,999.808410644531,,,6,,,,30.7300072996191,,,1,,,,,,,,,,,,,,,,,,,,,,74.5295944213867,75.021728515625,999.808410644531,999.808410644531,,,5.39266157150269,,1,0,0,0,0,33.2355842590332,2,1,1,75.0592880249023,0,74.7828843858507,,,9.90184496404102E-5,4.87832901267695E-6,9.90184595030426E-5,4.87832877001612E-6,0.995992183685303,0.996029615402222,30.7279396057129,0,30,4,200,-0.00105787429492921,-0.727244853973389,-0.267145305871963,1,,,,,,,,,,,,,,,,
,3952581328.47134,75.3666610717773,999.808410644531,,,6,,,,30.7300072996191,,,1,,,,,,,,,,,,,,,,,,,,,,75.0809783935547,75.6312484741211,999.808410644531,999.808410644531,,,5.39685726165771,,1,0,0,0,0.0003814697265625,32.7468223571777,2,1,1,75.65234375,0,75.3486989339193,,,9.82937378820432E-5,4.84262041804026E-6,9.82937527671958E-5,4.84261988009019E-6,0.996178090572357,0.996247410774231,30.7272663116455,,30,4,200,-0.000983103062026203,-0.731738269329071,-0.274975091218948,1,,,,,,,,,,,,,,,,
,3952581338.32286,75.9192962646484,999.808410644531,,,6,,,,30.7300072996191,,,1,,,,,,,,,,,,,,,,,,,,,,75.65234375,76.129768371582,999.808410644531,999.808410644531,,,5.39907073974609,,1,0,0,0,0,32.7468223571777,2,1,1,76.1947326660156,0,75.8930528428819,,,9.76097975315341E-5,4.8089279289133E-6,9.76097966817236E-5,4.8089278797535E-6,0.995984852313995,0.995985269546509,30.7297992706299,0.113803789019585,30,4,200,-0.00087405217345804,-0.735203146934509,-0.282630980014801,1,,,,,,,,,,,,,,,,
,3952581348.09746,76.4888496398926,999.808410644531,,,6,,,,30.7300072996191,,,1,,,,,,,,,,,,,,,,,,,,,,76.2100296020508,76.7249298095703,999.808410644531,999.808410644531,,,5.40244197845459,,1,0,0,0,0,32.7468223571777,2,1,1,76.7676696777344,0,76.4782240125868,,,9.69083404863617E-5,4.77437173139036E-6,9.69083393980489E-5,4.77437144986992E-6,0.995882868766785,0.995894491672516,30.7288379669189,0.116242952644825,30,4,200,-0.000798485008999705,-0.737379908561706,-0.288620412349701,1,,,,,,,,,,,,,,,,
,3952581358.11691,77.0545501708984,999.808410644531,,,6,,,,30.7300072996191,,,1,,,,,,,,,,,,,,,,,,,,,,76.7676696777344,77.3244552612305,999.808410644531,999.808410644531,,,5.40632390975952,,1,0,0,0,0.0141143798828125,32.7468223571777,2,1,1,77.3414306640625,0,77.0470512390137,,,9.62138994590679E-5,4.74015223163521E-6,9.62139022156023E-5,4.74015233572878E-6,0.996179044246674,0.996180832386017,30.7304458618164,5.54350471496582,30,4,200,-0.000633624906186014,-0.738431394100189,-0.293753951787949,1,,,,,,,,,,,,,,,,
,3952581368.21967,77.6260185241699,999.808410644531,,,6,,,,30.7300072996191,,,1,,,,,,,,,,,,,,,,,,,,,,77.352424621582,77.8452911376953,999.808410644531,999.808410644531,,,5.40921258926392,,1,0,0,0,0,33.2355842590332,2,1,1,77.8996124267578,0,77.5910373263889,,,9.55267636776666E-5,4.70629723912196E-6,9.55267627149619E-5,4.7062971797526E-6,0.996296882629395,0.996297597885132,30.7297382354736,0,30,4,200,-0.000792537350207567,-0.740538060665131,-0.297950744628906,1,,,,,,,,,,,,,,,,
,3952581377.89564,78.1823616027832,999.808410644531,,,6,,,,30.7300072996191,,,1,,,,,,,,,,,,,,,,,,,,,,77.9072875976563,78.4232482910156,999.808410644531,999.808410644531,,,5.41147327423096,,1,0,0,0,0.0141143798828125,33.2355842590332,2,1,1,78.4574356079102,0,78.1629155476888,,,9.48704340830222E-5,4.67397273550861E-6,9.4870457322187E-5,4.67397326362278E-6,0.995808839797974,0.995840489864349,30.7319507598877,,30,4,200,-0.000629814458079636,-0.742158830165863,-0.303442031145096,1,,,,,,,,,,,,,,,,
,3952581387.86056,78.7656745910644,999.808410644531,,,6,,,,30.7300072996191,,,1,,,,,,,,,,,,,,,,,,,,,,78.4574356079102,79.0542068481445,999.808410644531,999.808410644531,,,5.4153323173523,,1,0,0,0,0.0128173828125,32.7468223571777,2,1,1,79.0739135742188,0,78.7566627502441,,,9.42225622019068E-5,4.64204457515822E-6,9.42225700904031E-5,4.64204477107658E-6,0.996312618255615,0.996323943138122,30.7310981750488,0,30,4,200,-0.00077999202767387,-0.744391918182373,-0.30765488743782,1,,,,,,,,,,,,,,,,
,3952581406.71661,79.8628196716309,999.808410644531,,,6,,,,30.7351583173842,,,1,,,,,,,,,,,,,,,,,,,,,,79.5952911376953,80.0901489257812,999.808410644531,999.808410644531,,,5.42213535308838,,1,0,0,0,0.0128173828125,32.7468223571777,2,1,1,80.1303482055664,0,79.8373336791992,,,9.29884711302826E-5,4.58124528115145E-6,9.29884909466177E-5,4.58124499903724E-6,0.996270835399628,0.996345221996307,30.7323532104492,0.022452125325799,30,4,200,-0.000758190697524697,-0.748900353908539,-0.317619293928146,1,,,,,,,,,,,,,,,,
,3952581416.43201,80.3946876525879,999.808410644531,,,6,,,,30.7351583173842,,,1,,,,,,,,,,,,,,,,,,,,,,80.1303482055664,80.6590270996094,999.808410644531,999.808410644531,,,5.42389583587646,,1,0,0,0,0,32.7468223571777,2,1,1,80.6590270996094,0,80.3886779785156,,,9.23333676170632E-5,4.54897213950525E-6,9.23333774096958E-5,4.54897156201684E-6,0.996230006217956,0.996292293071747,30.7325763702393,0.186543464660645,30,4,200,-0.000762209121603519,-0.752163469791412,-0.324019819498062,1,,,,,,,,,,,,,,,,
,3952581426.09447,80.9685173034668,999.808410644531,,,6,,,,30.7351583173842,,,1,,,,,,,,,,,,,,,,,,,,,,80.6904144287109,81.2152633666992,999.808410644531,999.808410644531,,,5.42662048339844,,1,0,0,0,0,32.7468223571777,2,1,1,81.2466201782227,0,80.9332775539822,,,9.16941644649857E-5,4.51747608838079E-6,9.1694166337217E-5,4.51747558679414E-6,0.996378362178802,0.996414840221405,30.7332191467285,,30,4,200,-0.000901409657672048,-0.756068646907806,-0.329892039299011,1,,,,,,,,,,,,,,,,
,3952581436.12746,81.5480308532715,999.808410644531,,,6,,,,30.7351583173842,,,1,,,,,,,,,,,,,,,,,,,,,,81.2466201782227,81.8173294067383,999.808410644531,999.808410644531,,,5.42940425872803,,1,0,0,0,0.0128173828125,32.7468223571777,2,1,1,81.8494415283203,0,81.5357070922851,,,9.10632846716045E-5,4.48639707525117E-6,9.10632846819397E-5,4.48639689906327E-6,0.996220588684082,0.996231019496918,30.7340965270996,0,30,4,200,-0.000853844045195729,-0.760547459125519,-0.337756931781769,1,,,,,,,,,,,,,,,,
,3952581446.19724,82.1492958068848,999.808410644531,,,6,,,,30.7351583173842,,,1,,,,,,,,,,,,,,,,,,,,,,81.8494415283203,82.396354675293,999.808410644531,999.808410644531,,,5.43192529678345,,1,0,0,0,0,32.7468223571777,2,1,1,82.4491500854492,0,82.119637383355,,,9.04470947209988E-5,4.45604204472444E-6,9.04470951153024E-5,4.45604206302672E-6,0.996130764484406,0.99613082408905,30.7352447509766,5.51863886357751E-5,30,4,200,-0.000832102901767939,-0.764508306980133,-0.344197630882263,1,,,,,,,,,,,,,,,,
,3952581455.94215,82.7150001525879,999.808410644531,,,6,,,,30.7351583173842,,,1,,,,,,,,,,,,,,,,,,,,,,82.4570007324219,82.9559860229492,999.808410644531,999.808410644531,,,5.43466234207153,,1,0,0,0,0,32.7468223571777,2,1,1,82.9729995727539,0,82.7012557983398,,,8.98391700794203E-5,4.42609529323716E-6,8.98391812628689E-5,4.42609556081872E-6,0.995883345603943,0.995898962020874,30.7365131378174,0.186565265059471,30,4,200,-0.000836593273561448,-0.768305480480194,-0.351040959358215,1,,,,,,,,,,,,,,,,
,3952581465.98278,83.2803764343262,999.808410644531,,,6,,,,30.7351583173842,,,1,,,,,,,,,,,,,,,,,,,,,,82.9933624267578,83.5459823608398,999.808410644531,999.808410644531,,,5.43824577331543,,1,0,0,0,0.0141143798828125,33.2355842590332,2,1,1,83.5673904418945,0,83.2576141357422,,,8.91738508450366E-5,4.39330998253149E-6,8.91738629455498E-5,4.39331026175531E-6,0.996326446533203,0.996346116065979,30.7365951538086,5.36016225814819,30,4,200,-0.000646174885332584,-0.769960761070252,-0.356736242771149,1,,,,,,,,,,,,,,,,
,3952581475.98962,83.8433876037598,999.808410644531,,,6,,,,30.7351583173842,,,1,,,,,,,,,,,,,,,,,,,,,,83.5673904418945,84.07470703125,999.808410644531,999.808410644531,,,5.44019794464111,,1,0,0,0,0.0128173828125,33.2355842590332,2,1,1,84.119384765625,0,83.8263753255208,,,8.85738266922301E-5,4.36375002863299E-6,8.85738270595776E-5,4.36375004582738E-6,0.996273934841156,0.996273994445801,30.7352352142334,0,30,4,200,-0.000587923976127058,-0.771641433238983,-0.361768007278442,1,,,,,,,,,,,,,,,,
,3952581485.65822,84.4260292053223,999.808410644531,,,6,,,,30.7351583173842,,,1,,,,,,,,,,,,,,,,,,,,,,84.1343154907227,84.6963806152344,999.808410644531,999.808410644531,,,5.44274663925171,,1,0,0,0,0,32.7468223571777,2,1,1,84.7177429199219,0,84.4089067247179,,,8.79904491968294E-5,4.33500621398196E-6,8.79904692589075E-5,4.33500659904699E-6,0.996435403823853,0.996474623680115,30.737154006958,0,30,4,200,-0.000784329080488533,-0.775114953517914,-0.36648964881897,1,,,,,,,,,,,,,,,,
,3952581495.2892,85.0078773498535,999.808410644531,,,6,,,,30.7351583173842,,,1,,,,,,,,,,,,,,,,,,,,,,84.7177429199219,85.2535781860352,999.808410644531,999.808410644531,,,5.44527101516724,,1,0,0,0,0.0141143798828125,32.7468223571777,2,1,1,85.2980117797852,0,84.9840511745877,,,8.73977919851467E-5,4.30580998474779E-6,8.73978004091982E-5,4.3058101987922E-6,0.9963019490242,0.996314644813538,30.7363147735596,0,30,4,200,-0.000732800108380616,-0.777711987495422,-0.372475564479828,1,,,,,,,,,,,,,,,,
,3952581505.27674,85.5903472900391,999.808410644531,,,6,,,,30.7351583173842,,,1,,,,,,,,,,,,,,,,,,,,,,85.2980117797852,85.8180999755859,999.808410644531,999.808410644531,,,5.44834852218628,,1,0,0,0,0,33.2355842590332,2,1,1,85.882682800293,0,85.5645243326823,,,8.68091740480411E-5,4.27680623270904E-6,8.68091912526201E-5,4.2768065728795E-6,0.996520459651947,0.996554672718048,30.7370014190674,5.54409599304199,30,4,200,-0.000817740394268185,-0.781884074211121,-0.378483533859253,1,,,,,,,,,,,,,,,,
,3952581515.05495,86.1421890258789,999.808410644531,,,6,,,,30.7351583173842,,,1,,,,,,,,,,,,,,,,,,,,,,85.882682800293,86.352783203125,999.808410644531,999.808410644531,,,5.45037651062012,,1,0,0,0,0.0128173828125,32.7468223571777,2,1,1,86.4016952514648,0,86.1037851969401,,,8.62109439464046E-5,4.24733712310389E-6,8.62109855939103E-5,4.24733776433671E-6,0.996297717094421,0.996388554573059,30.7382431030273,0,30,4,200,-0.000649525783956051,-0.784683048725128,-0.385190695524216,1,,,,,,,,,,,,,,,,
,3952581524.71936,86.6709442138672,999.808410644531,,,6,,,,30.7351583173842,,,1,,,,,,,,,,,,,,,,,,,,,,86.4016952514648,86.9082946777344,999.808410644531,999.808410644531,,,5.45301914215088,,1,0,0,0,0.0128173828125,32.7468223571777,2,1,1,86.9401931762695,0,86.666987101237,,,8.56272188274562E-5,4.21858196321069E-6,8.56272715499588E-5,4.21858275721959E-6,0.996149361133575,0.996262013912201,30.7386569976807,0,30,4,200,-0.000822746544145048,-0.788342893123627,-0.390451699495316,1,,,,,,,,,,,,,,,,
,3952581534.37402,87.215518951416,999.808410644531,,,6,,,,30.7351583173842,,,1,,,,,,,,,,,,,,,,,,,,,,86.9401931762695,87.4580078125,999.808410644531,999.808410644531,,,5.45588779449463,,1,0,0,0,0,32.7468223571777,2,1,1,87.4908447265625,0,87.1957592434353,,,8.50955096482907E-5,4.19238420381153E-6,8.50955882961437E-5,4.19238515357042E-6,0.996296346187592,0.996489763259888,30.7396278381348,0,30,4,200,-0.000947074382565916,-0.793376266956329,-0.397313714027405,1,,,,,,,,,,,,,,,,
,3952581544.36463,87.8088455200195,999.808410644531,,,6,,,,30.7351583173842,,,1,,,,,,,,,,,,,,,,,,,,,,87.5236587524414,88.0764007568359,999.808410644531,999.808410644531,,,5.45806121826172,,1,0,0,0,0,32.7468223571777,2,1,1,88.0940322875977,0,87.7932273017036,,,8.45026085198619E-5,4.16317625010622E-6,8.45026641096339E-5,4.16317695494902E-6,0.996061086654663,0.996187090873718,30.738899230957,1.32141203721403E-5,30,4,200,-0.000834593025501817,-0.797750174999237,-0.405005514621735,1,,,,,,,,,,,,,,,,
,3952581554.12565,88.3872871398926,999.808410644531,,,6,,,,30.7351583173842,,,1,,,,,,,,,,,,,,,,,,,,,,88.0940322875977,88.6218643188477,999.808410644531,999.808410644531,,,5.46040534973145,,1,0,0,0,0.0128173828125,32.7468223571777,2,1,1,88.6805419921875,0,88.3724026150174,,,8.39504003837158E-5,4.13596968399701E-6,8.39504822498625E-5,4.13597040193417E-6,0.996170461177826,0.996385812759399,30.7399501800537,0,30,4,200,-0.000807706674095243,-0.802072525024414,-0.411921322345734,1,,,,,,,,,,,,,,,,
,3952581572.53728,89.4357032775879,999.808410644531,,,6,,,,30.7403501679534,,,1,,,,,,,,,,,,,,,,,,,,,,89.1632919311523,89.6625061035156,999.808410644531,999.808410644531,,,5.4657301902771,,1,0,0,0,0.0128173828125,32.7468223571777,2,1,1,89.7081146240234,0,89.4087515936957,,,8.28870494689193E-5,4.08358794031444E-6,8.28870582923501E-5,4.08358818163032E-6,0.995806753635406,0.995818018913269,30.7415142059326,5.5445032119751,30,4,200,-0.000940701516810805,-0.810730516910553,-0.424314498901367,1,,,,,,,,,,,,,,,,
,3952581582.23711,89.9885597229004,999.808410644531,,,6,,,,30.7403501679534,,,1,,,,,,,,,,,,,,,,,,,,,,89.7081146240234,90.2083282470703,999.808410644531,999.808410644531,,,5.46777534484863,,1,0,0,0,0.0141143798828125,32.7468223571777,2,1,1,90.2690048217773,0,89.957124710083,,,8.23754811946447E-5,4.05838076241378E-6,8.23755014144376E-5,4.05838114172173E-6,0.996006786823273,0.996044993400574,30.7424373626709,5.35974836349487,30,4,200,-0.000883306434843689,-0.816021502017975,-0.432603150606155,1,,,,,,,,,,,,,,,,
,3952581591.89092,90.5597877502441,999.808410644531,,,6,,,,30.7403501679534,,,1,,,,,,,,,,,,,,,,,,,,,,90.2941970825195,90.7761611938477,999.808410644531,999.808410644531,,,5.46968460083008,,1,0,0,0,0,32.7468223571777,2,1,1,90.8253784179688,0,90.5245496961806,,,8.18482466408579E-5,4.03239963124057E-6,8.18482655773257E-5,4.03240008008915E-6,0.996377408504486,0.996410727500916,30.7422046661377,0,30,4,200,-0.000799691420979798,-0.819771111011505,-0.439354360103607,1,,,,,,,,,,,,,,,,
,3952581601.91556,91.1277770996094,999.808410644531,,,6,,,,30.7403501679534,,,1,,,,,,,,,,,,,,,,,,,,,,90.8510971069336,91.3480377197266,999.808410644531,999.808410644531,,,5.47216701507568,,1,0,0,0,0,33.2355842590332,2,1,1,91.4044570922852,0,91.10009765625,,,8.13211127741028E-5,4.00643275770166E-6,8.13211556396171E-5,4.00643340829969E-6,0.996191442012787,0.996288418769836,30.7435817718506,0.186566203832626,30,4,200,-0.000636829237919301,-0.822661995887756,-0.445305913686752,1,,,,,,,,,,,,,,,,
,3952581611.67418,91.701976776123,999.808410644531,,,6,,,,30.7403501679534,,,1,,,,,,,,,,,,,,,,,,,,,,91.4044570922852,91.9464645385742,999.808410644531,999.808410644531,,,5.47449922561646,,1,0,0,0,0,32.7468223571777,2,1,1,91.9994964599609,0,91.6548911200629,,,8.07507485492284E-5,3.97833286033759E-6,8.07507753670956E-5,3.9783332878514E-6,0.996201992034912,0.996261656284332,30.7428855895996,0,30,4,200,-0.000843509333208203,-0.825473964214325,-0.450068742036819,1,,,,,,,,,,,,,,,,
,3952581621.43968,92.2881011962891,999.808410644531,,,6,,,,30.7403501679534,,,1,,,,,,,,,,,,,,,,,,,,,,92.0176239013672,92.51806640625,999.808410644531,999.808410644531,,,5.47692537307739,,1,0,0,0,0,32.7468223571777,2,1,1,92.5585784912109,0,92.2650858561198,,,8.02176182950887E-5,3.95206741708637E-6,8.02176685337343E-5,3.95206809763708E-6,0.996154606342316,0.996274590492249,30.7439556121826,5.3598952293396,30,4,200,-0.000872445700224489,-0.829955041408539,-0.456740736961365,1,,,,,,,,,,,,,,,,
,3952581631.42842,92.8542594909668,999.808410644531,,,6,,,,30.7403501679534,,,1,,,,,,,,,,,,,,,,,,,,,,92.5585784912109,93.1273651123047,999.808410644531,999.808410644531,,,5.47875785827637,,1,0,0,0,0,32.7468223571777,2,1,1,93.1499404907227,0,92.8235321044922,,,7.97087973538726E-5,3.92700869489782E-6,7.97088830097729E-5,3.92700981688777E-6,0.995602011680603,0.995785176753998,30.7451038360596,0.186468198895454,30,4,200,-0.00102193118073046,-0.836881458759308,-0.463719815015793,1,,,,,,,,,,,,,,,,
,3952581641.45213,93.4291534423828,999.808410644531,,,6,,,,30.7403501679534,,,1,,,,,,,,,,,,,,,,,,,,,,93.1609344482422,93.676139831543,999.808410644531,999.808410644531,,,5.48123693466186,,1,0,0,0,0,32.7468223571777,2,1,1,93.6973724365234,0,93.4035059611003,,,7.9186113036542E-5,3.90125078897433E-6,7.91861777360455E-5,3.90125158653212E-6,0.99602484703064,0.996182084083557,30.7445392608643,0.186550214886665,30,4,200,-0.000833765720017254,-0.840893447399139,-0.472620695829391,1,,,,,,,,,,,,,,,,
,3952581651.12575,93.977611541748,999.808410644531,,,6,,,,30.7403501679534,,,1,,,,,,,,,,,,,,,,,,,,,,93.6973724365234,94.2469024658203,999.808410644531,999.808410644531,,,5.48392200469971,,1,0,0,0,0,32.7468223571777,2,1,1,94.2578506469727,0,93.9826066758898,,,7.86656312484649E-5,3.8756191576398E-6,7.86657768298758E-5,3.87562070304735E-6,0.995392918586731,0.99571967124939,30.7467994689941,5.54497957229614,30,4,200,-0.000943063758313656,-0.846178591251373,-0.479332476854324,1,,,,,,,,,,,,,,,,
,3952581660.75799,94.563346862793,999.808410644531,,,6,,,,30.7403501679534,,,1,,,,,,,,,,,,,,,,,,,,,,94.2578506469727,94.8381729125977,999.808410644531,999.808410644531,,,5.48537969589233,,1,0,0,0,0.0141143798828125,32.2580642700195,2,1,1,94.8688430786133,0,94.5681398179796,,,7.81657083601794E-5,3.85098172996123E-6,7.81658447005517E-5,3.85098323169575E-6,0.995814979076386,0.99615216255188,30.7465782165527,0.101879313588142,30,4,200,-0.000939845107495785,-0.851624190807343,-0.487126886844635,1,,,,,,,,,,,,,,,,
,3952581670.86792,95.1769866943359,999.808410644531,,,6,,,,30.7403501679534,,,1,,,,,,,,,,,,,,,,,,,,,,94.9068222045898,95.4145660400391,999.808410644531,999.808410644531,,,5.48777341842651,,1,0,0,0,0,32.7468223571777,2,1,1,95.447151184082,0,95.1491173638238,,,7.7653853751604E-5,3.82576541469658E-6,7.76539675452352E-5,3.82576684224266E-6,0.995761632919311,0.996027708053589,30.745943069458,,30,4,200,-0.000966726453043521,-0.857497811317444,-0.495074778795242,1,,,,,,,,,,,,,,,,
,3952581680.71844,95.7207145690918,999.808410644531,,,6,,,,30.7403501679534,,,1,,,,,,,,,,,,,,,,,,,,,,95.447151184082,95.9942779541016,999.808410644531,999.808410644531,,,5.48976516723633,,1,0,0,0,0,32.7468223571777,2,1,1,95.9942779541016,0,95.7061340332031,,,7.71448924618169E-5,3.80069481136678E-6,7.71450708854252E-5,3.8006968868599E-6,0.995551705360413,0.995968401432037,30.7474632263184,,30,4,200,-0.00101240153890103,-0.863934636116028,-0.503656506538391,1,,,,,,,,,,,,,,,,
,3952581690.48806,96.2734146118164,999.808410644531,,,6,,,,30.7403501679534,,,1,,,,,,,,,,,,,,,,,,,,,,95.9942779541016,96.4985046386719,999.808410644531,999.808410644531,,,5.49227333068848,,1,0,0,0,0,32.7468223571777,2,1,1,96.5525512695313,0,96.2741546630859,,,7.66585441540178E-5,3.7767341077113E-6,7.6658732361079E-5,3.77673597946197E-6,0.995493113994598,0.995951175689697,30.7478408813477,0,30,4,200,-0.000996203161776066,-0.869392096996307,-0.51196813583374,1,,,,,,,,,,,,,,,,
,3952581700.46899,96.8527870178223,999.808410644531,,,6,,,,30.7403501679534,,,1,,,,,,,,,,,,,,,,,,,,,,96.5525512695313,97.1192626953125,999.808410644531,999.808410644531,,,5.49416399002075,,1,0,0,0,0,33.7243423461914,2,1,1,97.1530227661133,0,96.8442100524902,,,7.61934699517443E-5,3.75382314211989E-6,7.61937118520393E-5,3.75382527134206E-6,0.995322585105896,0.995917916297913,30.7489929199219,,30,4,200,-0.000845452421344817,-0.87463653087616,-0.519662201404572,1,,,,,,,,,,,,,,,,
,3952581719.25609,97.9690017700195,999.808410644531,,,6,,,,30.7454378655103,,,1,,,,,,,,,,,,,,,,,,,,,,97.7049713134766,98.1894378662109,999.808410644531,999.808410644531,,,5.49860715866089,,1,0,0,0,0,33.2355842590332,2,1,1,98.2330322265625,0,97.9451192220052,,,7.5288354008462E-5,3.70921984809513E-6,7.52883794502033E-5,3.70922038884191E-6,0.9960657954216,0.996114909648895,30.7477836608887,0,30,4,200,-0.000627009372692555,-0.882144033908844,-0.532270789146423,1,,,,,,,,,,,,,,,,
,3952581728.9276,98.5172996520996,999.808410644531,,,6,,,,30.7454378655103,,,1,,,,,,,,,,,,,,,,,,,,,,98.2330322265625,98.7483673095703,999.808410644531,999.808410644531,,,5.50033950805664,,1,0,0,0,0,33.2355842590332,2,1,1,98.8015670776367,0,98.5038409762912,,,7.48015048822252E-5,3.68523115989464E-6,7.48015612335234E-5,3.68523192208368E-6,0.996176958084106,0.996322691440582,30.7493934631348,5.36012268066406,30,4,200,-0.000680786732118577,0.23964561522007,0.587084293365479,1,,,,,,,,,,,,,,,,
,3952581738.68486,99.0865898132324,999.808410644531,,,6,,,,30.7454378655103,,,1,,,,,,,,,,,,,,,,,,,,,,98.820442199707,99.3092041015625,999.808410644531,999.808410644531,,,5.50217247009277,,1,0,0,0,0,33.2355842590332,2,1,1,99.3527374267578,0,99.0613606770833,,,7.43328316269819E-5,3.66214746924936E-6,7.43329450022766E-5,3.66214874259498E-6,0.995832979679108,0.996125817298889,30.7512454986572,0.0993746444582939,30,4,200,-0.000775996712036431,0.235220313072205,0.581149339675903,1,,,,,,,,,,,,,,,,
,3952581748.67081,99.6549339294434,999.808410644531,,,6,,,,30.7454378655103,,,1,,,,,,,,,,,,,,,,,,,,,,99.3527374267578,99.9330291748047,999.808410644531,999.808410644531,,,5.50449419021606,,1,0,0,0,0,32.7468223571777,2,1,1,99.9571304321289,0,99.6521713256836,,,7.38339248748592E-5,3.63757359364767E-6,7.38340206273486E-5,3.63757472884516E-6,0.995483577251434,0.995707154273987,30.7507476806641,0,30,4,200,-0.000766361772548407,0.230379849672318,0.574558138847351,1,,,,,,,,,,,,,,,,
,3952581758.62792,100.240493774414,999.808410644531,,,6,,,,30.7454378655103,,,1,,,,,,,,,,,,,,,,,,,,,,99.9571304321289,100.478271484375,999.808410644531,999.808410644531,,,5.50623941421509,,1,0,0,0,0,32.7468223571777,2,1,1,100.523857116699,0,100.201673719618,,,7.33601611471289E-5,3.61422905922441E-6,7.33603278645817E-5,3.614230501615E-6,0.995630502700806,0.996082663536072,30.7527637481689,0,30,4,200,-0.000825516181066632,0.225715681910515,0.56744647026062,1,,,,,,,,,,,,,,,,
,3952581768.30052,100.793731689453,999.808410644531,,,6,,,,30.7454378655103,,,1,,,,,,,,,,,,,,,,,,,,,,100.523857116699,101.063606262207,999.808410644531,999.808410644531,,,5.50876760482788,,1,0,0,0,0.0128173828125,33.2355842590332,2,1,1,101.063606262207,0,100.791290283203,,,7.29554358796715E-5,3.59429760357752E-6,7.29555754201318E-5,3.5942988034092E-6,0.995192468166351,0.995532929897308,30.7521629333496,0,30,4,200,-0.000823831709567457,0.220057129859924,0.56055474281311,1,,,,,,,,,,,,,,,,
,3952581777.96754,101.352947235107,999.808410644531,,,6,,,,30.7454378655103,,,1,,,,,,,,,,,,,,,,,,,,,,101.085556030273,101.586311340332,999.808410644531,999.808410644531,,,5.51001167297363,,1,0,0,0,0.0128173828125,32.7468223571777,2,1,1,101.620338439941,0,101.341339111328,,,7.25166055532029E-5,3.57266348189169E-6,7.25167447576558E-5,3.57266517573883E-6,0.996114253997803,0.996506035327911,30.7518730163574,5.54543685913086,30,4,200,-0.000850039476063102,0.214841023087502,0.553415954113007,1,,,,,,,,,,,,,,,,
,3952581792.74821,102.226940155029,999.808410644531,,,6,,,,30.7454378655103,,,1,,,,,,,,,,,,,,,,,,,,,,101.656921386719,102.739570617676,999.808410644531,999.808410644531,,,5.51408243179321,,1,0,0,0,0.0128173828125,34.7018585205078,2,1,1,102.79695892334,0,102.180799147662,,,7.15720733262925E-5,3.52614385356216E-6,7.15723227592281E-5,3.52614587949951E-6,0.995226204395294,0.995880722999573,30.754566192627,5.54568004608154,30,4,200,-0.000785077572800219,-3.99274444580078,2.79190015792847,1,,,,,,,,,,,,,,,,
,3952581807.28994,103.084156036377,999.808410644531,,,6,,,,30.7454378655103,,,1,,,,,,,,,,,,,,,,,,,,,,102.79695892334,103.360229492187,999.808410644531,999.808410644531,,,5.51585721969604,,1,0,0,0,0.0141143798828125,32.7468223571777,2,1,1,103.371353149414,0,103.084081013997,,,7.11590161864359E-5,3.50579037194161E-6,7.1159202024579E-5,3.50579161622898E-6,0.995413899421692,0.995935678482056,30.7534770965576,1.12280915232077E-7,30,4,200,-0.000877636834047735,0.199776872992516,0.531860828399658,1,,,,,,,,,,,,,,,,
,3952581817.02825,103.659839630127,999.808410644531,,,6,,,,30.7454378655103,,,1,,,,,,,,,,,,,,,,,,,,,,103.384887695312,103.863082885742,999.808410644531,999.808410644531,,,5.5179181098938,,1,0,0,0,0,32.7468223571777,2,1,1,103.934791564941,0,103.611890157064,,,7.07402807438011E-5,3.48516212460784E-6,7.07405674706083E-5,3.48516413051793E-6,0.995194017887116,0.995982229709625,30.7554168701172,0,30,4,200,-0.000894676486495882,0.193777352571487,0.52405309677124,1,,,,,,,,,,,,,,,,
,3952581827.1838,104.224899291992,999.808410644531,,,6,,,,30.7454378655103,,,1,,,,,,,,,,,,,,,,,,,,,,103.95654296875,104.460113525391,999.808410644531,999.808410644531,,,5.51988506317139,,1,0,0,0,0,32.7468223571777,2,1,1,104.493255615234,0,104.200848897298,,,7.03319132027662E-5,3.46503560335755E-6,7.03321501263911E-5,3.4650376975843E-6,0.995816051959991,0.996539175510407,30.7543354034424,0,30,4,200,-0.000769697711803019,0.187899947166443,0.516352593898773,1,,,,,,,,,,,,,,,,
,3952581836.94334,104.78849029541,999.808410644531,,,6,,,,30.7454378655103,,,1,,,,,,,,,,,,,,,,,,,,,,104.501617431641,105.011505126953,999.808410644531,999.808410644531,,,5.521484375,,1,0,0,0,0.0128173828125,32.7468223571777,2,1,1,105.07536315918,0,104.730845981174,,,6.98831917912517E-5,3.44292614182789E-6,6.98833726248734E-5,3.44292766462509E-6,0.995968043804169,0.996540784835815,30.7532768249512,0.186572656035423,30,4,200,-0.000639077741652727,0.185017377138138,0.509871363639832,1,,,,,,,,,,,,,,,,
,3952581855.44255,105.888294219971,999.808410644531,,,6,,,,30.7505617883401,,,1,,,,,,,,,,,,,,,,,,,,,,105.60880279541,106.146209716797,999.808410644531,999.808410644531,,,5.52529382705688,,1,0,0,0,0.0141143798828125,32.7468223571777,2,1,1,106.167785644531,0,105.879026624891,,,6.90985578521217E-5,3.40427132106132E-6,6.90986433111304E-5,3.40427237807142E-6,0.99579519033432,0.996021568775177,30.7557125091553,,30,4,200,-0.000738198403269053,0.176484793424606,0.498120754957199,1,,,,,,,,,,,,,,,,
,3952581865.12999,106.43550491333,999.808410644531,,,6,,,,30.7505617883401,,,1,,,,,,,,,,,,,,,,,,,,,,106.18383026123,106.660285949707,999.808410644531,999.808410644531,,,5.52686786651611,,1,0,0,0,0.0128173828125,32.7468223571777,2,1,1,106.68717956543,0,106.420060051812,,,6.86765513019725E-5,3.38350355131203E-6,6.86768044163937E-5,3.38350497416633E-6,0.994425773620605,0.995046019554138,30.760232925415,0.186574220657349,30,4,200,-0.000844842579681426,0.170970946550369,0.492157429456711,1,,,,,,,,,,,,,,,,
,3952581879.88518,107.281475067139,999.808410644531,,,6,,,,30.7505617883401,,,10,,,,,,,,,,,,,,,,,,,,,,106.68717956543,107.786392211914,999.808410644531,999.808410644531,,,5.53017902374268,,1,0,0,0,0,32.7468223571777,2,1,1,107.875770568848,0,107.245776706272,,,6.78828864640808E-5,3.3443874750136E-6,6.78830604048392E-5,3.34438884050294E-6,0.995276212692261,0.99575662612915,30.7584171295166,8.0982232475435E-8,30,4,200,-6.15078606642783E-5,0.0163831040263176,3.28783488273621,1,,,,,,,,,,,,,,,,
,3952581899.3801,108.427837371826,999.808410644531,,,6,,,,30.7505617883401,,,1,,,,,,,,,,,,,,,,,,,,,,107.875770568848,108.979904174805,999.808410644531,999.808410644531,,,5.53368186950684,,1,0,0,0,0,33.2355842590332,2,1,1,108.979904174805,0,108.454869164361,,,6.7059255625746E-5,3.30381222828171E-6,6.70595401537061E-5,3.30381454344763E-6,0.994983553886414,0.995747864246368,30.7606334686279,5.546226978302,30,4,200,-0.00059742055600509,0.01620102673769,0.471456289291382,1,,,,,,,,,,,,,,,,
,3952581913.74987,109.271167755127,999.808410644531,,,6,,,,30.7505617883401,,,1,,,,,,,,,,,,,,,,,,,,,,108.999908447266,109.508041381836,999.808410644531,999.808410644531,,,5.53535842895508,,1,0,0,0,0,32.7468223571777,2,1,1,109.542427062988,0,109.258181254069,,,6.66663534223285E-5,3.2844524258859E-6,6.66665761017509E-5,3.28445446736503E-6,0.995233952999115,0.995843291282654,30.7593860626221,0,30,4,200,-0.000632103357929736,0.155279904603958,0.465070784091949,1,,,,,,,,,,,,,,,,
,3952581923.75038,109.86962890625,999.808410644531,,,6,,,,30.7505617883401,,,1,,,,,,,,,,,,,,,,,,,,,,109.585563659668,110.088836669922,999.808410644531,999.808410644531,,,5.53730964660645,,1,0,0,0,0,32.7468223571777,2,1,1,110.153694152832,0,109.835702684191,,,6.62941709052031E-5,3.26611219677159E-6,6.62943604609888E-5,3.2661136295935E-6,0.99548214673996,0.996054112911224,30.7588882446289,5.36003112792969,30,4,200,-0.000416820053942502,0.153409451246262,0.45999675989151,1,,,,,,,,,,,,,,,,
,3952581933.48676,110.422344207764,999.808410644531,,,6,,,,30.7505617883401,,,1,,,,,,,,,,,,,,,,,,,,,,110.153694152832,110.649696350098,999.808410644531,999.808410644531,,,5.53873491287231,,1,0,0,0,0,33.2355842590332,2,1,1,110.690994262695,0,110.395690917969,,,6.58624756119861E-5,3.24484866028595E-6,6.58627864517463E-5,3.24485106737402E-6,0.995227038860321,0.996149599552154,30.7612361907959,5.54628133773804,30,4,200,-0.000694240326993167,0.150457575917244,0.456798195838928,1,,,,,,,,,,,,,,,,
,3952581943.21243,110.973232269287,999.808410644531,,,6,,,,30.7505617883401,,,1,,,,,,,,,,,,,,,,,,,,,,110.700614929199,111.213935852051,999.808410644531,999.808410644531,,,5.5402946472168,,1,0,0,0,0,32.7468223571777,2,1,1,111.245849609375,0,110.960923088921,,,6.55100418146415E-5,3.227498245318E-6,6.55104265038294E-5,3.22750092270513E-6,0.994451582431793,0.99545031785965,30.762580871582,,30,4,200,-0.000650036032311618,0.146540105342865,0.451397985219955,1,,,,,,,,,,,,,,,,
,3952581952.88175,111.524921417236,999.808410644531,,,6,,,,30.7505617883401,,,1,,,,,,,,,,,,,,,,,,,,,,111.245849609375,111.753791809082,999.808410644531,999.808410644531,,,5.5422420501709,,1,0,0,0,0,32.7468223571777,2,1,1,111.803993225098,0,111.509078131782,,,6.51231458951818E-5,3.20842831778549E-6,6.51234826856116E-5,3.20843063034489E-6,0.994979500770569,0.995962202548981,30.7618503570557,0,30,4,200,-0.000508019176777452,0.144144132733345,0.446522802114487,1,,,,,,,,,,,,,,,,
,3952581962.94123,112.126434326172,999.808410644531,,,6,,,,30.7505617883401,,,1,,,,,,,,,,,,,,,,,,,,,,111.818183898926,112.404945373535,999.808410644531,999.808410644531,,,5.54385280609131,,1,0,0,0,0,32.7468223571777,2,1,1,112.434684753418,0,112.121053907606,,,6.47606948788923E-5,3.19057594725168E-6,6.47610886422001E-5,3.19057794228272E-6,0.994648694992065,0.995789706707001,30.7630596160889,3.68619316759577E-6,30,4,200,-0.000506434647832066,0.14185731112957,0.44226136803627,1,,,,,,,,,,,,,,,,
,3952581981.35523,113.182178497314,999.808410644531,,,6,,,,30.7556813782202,,,1,,,,,,,,,,,,,,,,,,,,,,112.916130065918,113.394134521484,999.808410644531,999.808410644531,,,5.54717016220093,,1,0,0,0,0.0128173828125,32.2580642700195,2,1,1,113.448226928711,0,113.157573276096,,,6.40532243491008E-5,3.15572929821353E-6,6.40534620784353E-5,3.15573079244722E-6,0.994214236736298,0.994803905487061,30.7653102874756,0,30,4,200,-0.000675152288749814,0.134445190429688,0.433058649301529,1,,,,,,,,,,,,,,,,
,3952581991.08801,113.734699249268,999.808410644531,,,6,,,,30.7556813782202,,,1,,,,,,,,,,,,,,,,,,,,,,113.448226928711,113.956077575684,999.808410644531,999.808410644531,,,5.54905796051025,,1,0,0,0,0.0141143798828125,32.7468223571777,2,1,1,114.021171569824,0,113.691601223416,,,6.36856862732529E-5,3.13760629036294E-6,6.36858603500322E-5,3.13760771732483E-6,0.995128691196442,0.99562132358551,30.7637596130371,,30,4,200,-0.000473756343126297,0.13139833509922,0.427401900291443,1,,,,,,,,,,,,,,,,
,3952582000.88078,114.3235206604,999.808410644531,,,6,,,,30.7556813782202,,,1,,,,,,,,,,,,,,,,,,,,,,114.032829284668,114.598320007324,999.808410644531,999.808410644531,,,5.55015087127686,,1,0,0,0,0.0128173828125,32.7468223571777,2,1,1,114.626159667969,0,114.317878723145,,,6.33190417092054E-5,3.11953979159039E-6,6.33192469552898E-5,3.11954116539173E-6,0.995282769203186,0.995919525623321,30.7646389007568,0,30,4,200,-0.000549765594769269,0.128825396299362,0.423010319471359,1,,,,,,,,,,,,,,,,
,3952582010.85363,114.911727905273,999.808410644531,,,6,,,,30.7556813782202,,,1,,,,,,,,,,,,,,,,,,,,,,114.626159667969,115.173034667969,999.808410644531,999.808410644531,,,5.55186557769775,,1,0,0,0,0,32.7468223571777,2,1,1,115.197296142578,0,114.892389678955,,,6.29523680425293E-5,3.1014883910872E-6,6.29526341691275E-5,3.10149053268202E-6,0.994445383548737,0.995123505592346,30.7657451629639,,30,4,200,-0.000483973475638777,0.126158803701401,0.418508619070053,1,,,,,,,,,,,,,,,,
,3952582020.79681,115.473026275635,999.808410644531,,,6,,,,30.7556813782202,,,1,,,,,,,,,,,,,,,,,,,,,,115.197296142578,115.698944091797,999.808410644531,999.808410644531,,,5.55338335037231,,1,0,0,0,0,32.7468223571777,2,1,1,115.748756408691,0,115.437694125705,,,6.26009411289977E-5,3.0841638938096E-6,6.26012139787551E-5,3.08416580535297E-6,0.995116531848908,0.995953917503357,30.7660293579102,3.97653841972351,30,4,200,-0.000401515862904489,0.124123848974705,0.414054334163666,1,,,,,,,,,,,,,,,,
,3952582030.44121,116.036178588867,999.808410644531,,,6,,,,30.7556813782202,,,1,,,,,,,,,,,,,,,,,,,,,,115.748756408691,116.308158874512,999.808410644531,999.808410644531,,,5.554771900177,,1,0,0,0,0.0128173828125,34.7018585205078,2,1,1,116.323600769043,0,116.045867919922,,,6.22134430501864E-5,3.06506530507267E-6,6.22136690282935E-5,3.06506720129927E-6,0.995593190193176,0.996340334415436,30.7649707794189,0,30,4,200,-0.000556845159735531,0.122144892811775,0.411410689353943,1,,,,,,,,,,,,,,,,
,3952582040.08973,116.602558135986,999.808410644531,,,6,,,,30.7556813782202,,,1,,,,,,,,,,,,,,,,,,,,,,116.337409973145,116.828186035156,999.808410644531,999.808410644531,,,5.556067943573,,1,0,0,0,0,32.7468223571777,2,1,1,116.867706298828,0,116.574430677626,,,6.19204077206794E-5,3.05062808414191E-6,6.19206792117403E-5,3.05063037938245E-6,0.995707154273987,0.996658623218536,30.7658805847168,0,30,4,200,-0.000599490012973547,0.118004515767097,0.406078428030014,1,,,,,,,,,,,,,,,,
,3952582050.18524,117.18713760376,999.808410644531,,,6,,,,30.7556813782202,,,1,,,,,,,,,,,,,,,,,,,,,,116.895729064941,117.425315856934,999.808410644531,999.808410644531,,,5.55798053741455,,1,0,0,0,0,33.2355842590332,2,1,1,117.478546142578,0,117.167400783963,,,6.15583981663895E-5,3.03281007250033E-6,6.15587890966607E-5,3.03281266273584E-6,0.994580030441284,0.995712399482727,30.7682285308838,5.54691171646118,30,4,200,-0.00054384715622291,0.115329153835773,0.401585429906845,1,,,,,,,,,,,,,,,,
,3952582059.94513,117.754112243652,999.808410644531,,,6,,,,30.7556813782202,,,1,,,,,,,,,,,,,,,,,,,,,,117.478546142578,118.029678344727,999.808410644531,999.808410644531,,,5.55904865264893,,1,0,0,0,0.0128936767578125,32.2580642700195,2,1,1,118.029678344727,0,117.751029968262,,,6.12121716144926E-5,3.0157484538418E-6,6.12125765920344E-5,3.01575094796511E-6,0.994755864143372,0.996009588241577,30.7685565948486,0,30,4,200,-0.000479791749967262,0.112651564180851,0.397071927785873,1,,,,,,,,,,,,,,,,
,3952582069.66023,118.334320068359,999.808410644531,,,6,,,,30.7556813782202,,,1,,,,,,,,,,,,,,,,,,,,,,118.037124633789,118.60400390625,999.808410644531,999.808410644531,,,5.56109619140625,,1,0,0,0,0,32.7468223571777,2,1,1,118.63151550293,0,118.323942396376,,,6.08643792433199E-5,2.99862243568332E-6,6.08648023261384E-5,2.99862546903048E-6,0.994253695011139,0.995402097702026,30.7687225341797,5.36020421981812,30,4,200,-0.000480340677313507,0.110061921179295,0.392801433801651,1,,,,,,,,,,,,,,,,
,3952582079.64471,118.919330596924,999.808410644531,,,6,,,,30.7556813782202,,,1,,,,,,,,,,,,,,,,,,,,,,118.63151550293,119.120338439941,999.808410644531,999.808410644531,,,5.56241273880005,,1,0,0,0,0,32.7468223571777,2,1,1,119.207145690918,0,118.86183336046,,,6.0539667489416E-5,2.98262037808082E-6,6.05400961947754E-5,2.98262327969381E-6,0.994467616081238,0.9957115650177,30.7689075469971,0,30,4,200,-0.000466525933006778,0.107600100338459,0.388922840356827,1,,,,,,,,,,,,,,,,
,3952582098.57358,120.001174926758,999.808410644531,,,6,,,,30.7607515480845,,,1,,,,,,,,,,,,,,,,,,,,,,119.741569519043,120.246864318848,999.808410644531,999.808410644531,,,5.56517696380615,,1,0,0,0,0.0128173828125,32.2580642700195,2,1,1,120.260780334473,0,119.991230434842,,,5.99076635238416E-5,2.95147495237093E-6,5.99079035720778E-5,2.95147646871908E-6,0.995037078857422,0.995799481868744,30.7707538604736,0,30,4,200,-0.000574227655306458,0.101255930960178,0.380217880010605,1,,,,,,,,,,,,,,,,
,3952582108.32914,120.553554534912,999.808410644531,,,6,,,,30.7607515480845,,,1,,,,,,,,,,,,,,,,,,,,,,120.260780334473,120.797492980957,999.808410644531,999.808410644531,,,5.5671591758728,,1,0,0,0,0,32.7468223571777,2,1,1,120.846328735352,0,120.536605834961,,,5.95876274112705E-5,2.93570050990787E-6,5.95878064326795E-5,2.93570146362187E-6,0.995602965354919,0.996261715888977,30.769510269165,0,30,4,200,-0.000551375211216509,0.098380483686924,0.375442057847977,1,,,,,,,,,,,,,,,,
,3952582117.96812,121.107593536377,999.808410644531,,,6,,,,30.7607515480845,,,1,,,,,,,,,,,,,,,,,,,,,,120.846328735352,121.352661132812,999.808410644531,999.808410644531,,,5.56784629821777,,1,0,0,0,0,33.2355842590332,2,1,1,121.368858337402,0,121.107766893175,,,5.92431835598279E-5,2.91873912348549E-6,5.92434755969068E-5,2.91874084153319E-6,0.994978964328766,0.995934367179871,30.771900177002,0,30,4,200,-0.000564901216421276,0.0951459109783173,0.370807230472565,1,,,,,,,,,,,,,,,,
,3952582127.65857,121.643604278564,999.808410644531,,,6,,,,30.7607515480845,,,1,,,,,,,,,,,,,,,,,,,,,,121.38249206543,121.856994628906,999.808410644531,999.808410644531,,,5.5695333480835,,1,0,0,0,0,33.2355842590332,2,1,1,121.904716491699,0,121.616958618164,,,5.89341286837269E-5,2.90351517330349E-6,5.89344301499542E-5,2.90351670982564E-6,0.99481338262558,0.995789408683777,30.7722129821777,5.3601803779602,30,4,200,-0.000459296541521326,0.0922453552484512,0.366045236587524,1,,,,,,,,,,,,,,,,
,3952582137.81459,122.217094421387,999.808410644531,,,6,,,,30.7607515480845,,,1,,,,,,,,,,,,,,,,,,,,,,121.934715270996,122.473182678223,999.808410644531,999.808410644531,,,5.57117891311646,,1,0,0,0,0,32.7468223571777,2,1,1,122.499473571777,0,122.190533955892,,,5.86003590299261E-5,2.88706895270798E-6,5.86006922271639E-5,2.88707052691719E-6,0.995014846324921,0.996182858943939,30.7728862762451,0,30,4,200,-0.000572254706639796,0.0889469981193543,0.361861616373062,1,,,,,,,,,,,,,,,,
,3952582147.58918,122.785511016846,999.808410644531,,,6,,,,30.7607515480845,,,1,,,,,,,,,,,,,,,,,,,,,,122.499473571777,123.010025024414,999.808410644531,999.808410644531,,,5.57239580154419,,1,0,0,0,0.0128173828125,33.2355842590332,2,1,1,123.071548461914,0,122.748937818739,,,5.82845265698166E-5,2.87149535794053E-6,5.82847112138233E-5,2.87149659488614E-6,0.996017396450043,0.99677711725235,30.7696056365967,0,30,4,200,-0.000600776926148683,0.0855884179472923,0.356953859329224,1,,,,,,,,,,,,,,,,
,3952582157.36242,123.371929168701,999.808410644531,,,6,,,,30.7607515480845,,,1,,,,,,,,,,,,,,,,,,,,,,123.090782165527,123.625938415527,999.808410644531,999.808410644531,,,5.57369327545166,,1,0,0,0,0,32.7468223571777,2,1,1,123.653076171875,0,123.364797804091,,,5.79719885095486E-5,2.85611577259123E-6,5.79723775193374E-5,2.85611817230032E-6,0.994688391685486,0.995941281318665,30.773717880249,5.36020278930664,30,4,200,-0.000599722727201879,0.0813680067658424,0.351384341716766,1,,,,,,,,,,,,,,,,
,3952582167.29146,123.948963165283,999.808410644531,,,6,,,,30.7607515480845,,,1,,,,,,,,,,,,,,,,,,,,,,123.653076171875,124.22257232666,999.808410644531,999.808410644531,,,5.57500648498535,,1,0,0,0,0,33.2355842590332,2,1,1,124.244850158691,0,123.94349822998,,,5.76237481985151E-5,2.83896955670504E-6,5.76241994128326E-5,2.83897150301454E-6,0.993988811969757,0.995326101779938,30.775053024292,5.54752683639526,30,4,200,-0.000552557234186679,0.0777760073542595,0.346483469009399,1,,,,,,,,,,,,,,,,
,3952582177.2485,124.525817871094,999.808410644531,,,6,,,,30.7607515480845,,,1,,,,,,,,,,,,,,,,,,,,,,124.244850158691,124.762664794922,999.808410644531,999.808410644531,,,5.5767502784729,,1,0,0,0,0,32.7468223571777,2,1,1,124.806785583496,0,124.497487386068,,,5.73414060729592E-5,2.82505437302796E-6,5.73418878851458E-5,2.82505684117639E-6,0.994320392608643,0.995852589607239,30.7754364013672,0,30,4,200,-0.00064029946224764,0.0735250040888786,0.34104785323143,1,,,,,,,,,,,,,,,,
,3952582186.89841,125.096988677979,999.808410644531,,,6,,,,30.7607515480845,,,1,,,,,,,,,,,,,,,,,,,,,,124.806785583496,125.387191772461,999.808410644531,999.808410644531,,,5.57776165008545,,1,0,0,0,0,32.7468223571777,2,1,1,125.399551391602,0,125.090836419,,,5.70332110793838E-5,2.80986487900383E-6,5.70336196576706E-5,2.80986684245019E-6,0.99465012550354,0.996038794517517,30.7743587493897,0,30,4,200,-0.000607727561146021,0.0695559307932854,0.335510432720184,1,,,,,,,,,,,,,,,,
,3952582196.59007,125.672992706299,999.808410644531,,,6,,,,30.7607515480845,,,1,,,,,,,,,,,,,,,,,,,,,,125.416114807129,125.896812438965,999.808410644531,999.808410644531,,,5.57915449142456,,1,0,0,0,0,33.2355842590332,2,1,1,125.929870605469,0,125.657908969455,,,5.67378253485382E-5,2.79532283522589E-6,5.67384098101072E-5,2.79532559543589E-6,0.993970990180969,0.995790183544159,30.7770824432373,0,30,4,200,-0.000632397306617349,0.0654715895652771,0.329851746559143,1,,,,,,,,,,,,,,,,
,3952582214.82443,126.711269378662,999.808410644531,,,6,,,,30.7660690281,,,1,,,,,,,,,,,,,,,,,,,,,,126.443626403809,126.945610046387,999.808410644531,999.808410644531,,,5.58180713653564,,1,0,0,0,0,32.7468223571777,2,1,1,126.978912353516,0,126.695955912272,,,5.61916219840269E-5,2.76839269551508E-6,5.61918653721018E-5,2.7683942182185E-6,0.995357513427734,0.996259689331055,30.7764759063721,0,30,4,200,-0.000677647243719548,0.0575908347964287,0.319717824459076,1,,,,,,,,,,,,,,,,
,3952582224.72812,127.311412811279,999.808410644531,,,6,,,,30.7660690281,,,1,,,,,,,,,,,,,,,,,,,,,,127.001976013184,127.590797424316,999.808410644531,999.808410644531,,,5.58347177505493,,1,0,0,0,0,32.7468223571777,2,1,1,127.620849609375,0,127.293316650391,,,5.58761317016692E-5,2.75285765418915E-6,5.58764711189677E-5,2.75285984015681E-6,0.994736611843109,0.995859622955322,30.7783679962158,5.35972166061401,30,4,200,-0.000695651862770319,0.0526000559329987,0.313650280237198,1,,,,,,,,,,,,,,,,
,3952582234.73942,127.896221160889,999.808410644531,,,6,,,,30.7660690281,,,1,,,,,,,,,,,,,,,,,,,,,,127.634056091309,128.114883422852,999.808410644531,999.808410644531,,,5.5845103263855,,1,0,0,0,0.0128173828125,33.2355842590332,2,1,1,128.158386230469,0,127.860237969293,,,5.55895025743586E-5,2.73873661501408E-6,5.55898589949259E-5,2.73873902466395E-6,0.994708836078644,0.995885014533997,30.7786560058594,0,30,4,200,-0.000754663604311645,0.0471383966505527,0.307091623544693,1,,,,,,,,,,,,,,,,
,3952582244.51089,128.447410583496,999.808410644531,,,6,,,,30.7660690281,,,1,,,,,,,,,,,,,,,,,,,,,,128.16943359375,128.713409423828,999.808410644531,999.808410644531,,,5.5858268737793,,1,0,0,0,0,33.2355842590332,2,1,1,128.725387573242,0,128.443035549588,,,5.52972975259272E-5,2.72434108733152E-6,5.52976783890518E-5,2.72434376074508E-6,0.994678437709808,0.99593710899353,30.77907371521,8.22053046066277E-34,30,4,200,-0.000764506694395095,0.0416026525199413,0.300063133239746,1,,,,,,,,,,,,,,,,
,3952582254.2546,129.016418457031,999.808410644531,,,6,,,,30.7660690281,,,1,,,,,,,,,,,,,,,,,,,,,,128.738189697266,129.230499267578,999.808410644531,999.808410644531,,,5.58722257614136,,1,0,0,0,0,33.2355842590332,2,1,1,129.294647216797,0,128.979388766819,,,5.501697127852E-5,2.71053942278692E-6,5.50174945256616E-5,2.7105427189096E-6,0.994036853313446,0.995644509792328,30.7814807891846,,30,4,200,-0.00062326859915629,0.0364200286567211,0.293305724859238,1,,,,,,,,,,,,,,,,
,3952582264.36942,129.601486206055,999.808410644531,,,6,,,,30.7660690281,,,1,,,,,,,,,,,,,,,,,,,,,,129.320343017578,129.847808837891,999.808410644531,999.808410644531,,,5.58863019943237,,1,0,0,0,0,33.2355842590332,2,1,1,129.882629394531,0,129.575534396701,,,5.47090546712507E-5,2.69536911988524E-6,5.47095877119864E-5,2.69537223294006E-6,0.994089007377624,0.995785295963287,30.7817516326904,0,30,4,200,-0.000594058306887746,0.0327806547284126,0.28774157166481,1,,,,,,,,,,,,,,,,
,3952582274.07848,130.160339355469,999.808410644531,,,6,,,,30.7660690281,,,1,,,,,,,,,,,,,,,,,,,,,,129.882629394531,130.438049316406,999.808410644531,999.808410644531,,,5.58984184265137,,1,0,0,0,0,32.7468223571777,2,1,1,130.438049316406,0,130.15354309082,,,5.44337828441294E-5,2.68179980725092E-6,5.44342277061755E-5,2.68180232162465E-6,0.994591295719147,0.996154963970184,30.7804641723633,6.9370264554891E-7,30,4,200,-0.000543344242032617,0.0292835664004087,0.282811492681503,1,,,,,,,,,,,,,,,,
,3952582283.76585,130.733551025391,999.808410644531,,,6,,,,30.7660690281,,,1,,,,,,,,,,,,,,,,,,,,,,130.45556640625,130.978973388672,999.808410644531,999.808410644531,,,5.59062957763672,,1,0,0,0,0,32.7468223571777,2,1,1,131.011535644531,0,130.707989162869,,,5.41526347960031E-5,2.66795231809801E-6,5.41531660737636E-5,2.66795556691119E-6,0.994296848773956,0.996083319187164,30.7817573547363,0,30,4,200,-0.000512958562467247,0.0256699062883854,0.277716994285583,1,,,,,,,,,,,,,,,,
,3952582293.67887,131.301864624023,999.808410644531,,,6,,,,30.7660690281,,,1,,,,,,,,,,,,,,,,,,,,,,131.011535644531,131.504669189453,999.808410644531,999.808410644531,,,5.59200382232666,,1,0,0,0,0,32.7468223571777,2,1,1,131.592193603516,0,131.262478298611,,,5.38693977827426E-5,2.65399760071609E-6,5.38699142017977E-5,2.65400107984854E-6,0.994327902793884,0.996047556400299,30.7814636230469,0,30,4,200,-0.000563646608497947,0.0225146356970072,0.273659139871597,1,,,,,,,,,,,,,,,,
,3952582303.69705,131.888092041016,999.808410644531,,,6,,,,30.7660690281,,,1,,,,,,,,,,,,,,,,,,,,,,131.592193603516,132.133255004883,999.808410644531,999.808410644531,,,5.59328651428223,,1,0,0,0,0,30.7917900085449,2,1,1,132.183990478516,0,131.848892211914,,,5.36144519290792E-5,2.64143538146061E-6,5.36149772152288E-5,2.64143828765583E-6,0.994407176971436,0.996273636817932,30.781852722168,5.54813957214355,30,4,200,-0.00047392857959494,0.0192360952496529,0.268504440784454,1,,,,,,,,,,,,,,,,
,3952582322.33853,132.980407714844,999.808410644531,,,6,,,,30.7712403175422,,,1,,,,,,,,,,,,,,,,,,,,,,132.724258422852,133.190460205078,999.808410644531,999.808410644531,,,5.59613227844238,,1,0,0,0,0,32.7468223571777,2,1,1,133.236557006836,0,132.947692871094,,,5.31025733423727E-5,2.61621432905177E-6,5.3102967501601E-5,2.61621659083291E-6,0.994580864906311,0.995968759059906,30.7849464416504,5.5484185218811,30,4,200,-0.000524886243510991,0.012818718329072,0.260203897953033,1,,,,,,,,,,,,,,,,
,3952582331.9935,133.532157897949,999.808410644531,,,6,,,,30.7712403175422,,,1,,,,,,,,,,,,,,,,,,,,,,133.25341796875,133.772689819336,999.808410644531,999.808410644531,,,5.59762907028198,,1,0,0,0,0.0128173828125,32.7468223571777,2,1,1,133.810897827148,0,133.525234646267,,,5.28161963260281E-5,2.60209941091194E-6,5.28165329651345E-5,2.60210115721144E-6,0.99503082036972,0.996354758739471,30.7840194702148,0,30,4,200,-0.000510493468027562,0.0101555250585079,0.255554050207138,1,,,,,,,,,,,,,,,,
,3952582341.94483,134.105987548828,999.808410644531,,,6,,,,30.7712403175422,,,1,,,,,,,,,,,,,,,,,,,,,,133.810897827148,134.299392700195,999.808410644531,999.808410644531,,,5.59822750091553,,1,0,0,0,0,33.2355842590332,2,1,1,134.401077270508,0,134.050686306424,,,5.2542831574609E-5,2.58864045505597E-6,5.25432430090777E-5,2.58864312429894E-6,0.994430065155029,0.995825588703155,30.7851943969727,0,30,4,200,-0.000567173410672694,0.00661892630159855,0.251490861177444,1,,,,,,,,,,,,,,,,
,3952582351.93036,134.683570861816,999.808410644531,,,6,,,,30.7712403175422,,,1,,,,,,,,,,,,,,,,,,,,,,134.401077270508,134.910934448242,999.808410644531,999.808410644531,,,5.599524974823,,1,0,0,0,0,33.2355842590332,2,1,1,134.966064453125,0,134.660909016927,,,5.2290580119977E-5,2.57620580417034E-6,5.22909994860448E-5,2.57620776774301E-6,0.994855582714081,0.996543169021606,30.7856578826904,0,30,4,200,-0.000462097203126177,0.00352044939063489,0.246625199913979,1,,,,,,,,,,,,,,,,
,3952582361.63186,135.240310668945,999.808410644531,,,6,,,,30.7712403175422,,,1,,,,,,,,,,,,,,,,,,,,,,134.966064453125,135.435729980469,999.808410644531,999.808410644531,,,5.60095500946045,,1,0,0,0,0,33.2355842590332,2,1,1,135.514556884766,0,135.208650377062,,,5.20240602852737E-5,2.56308224796273E-6,5.20245879626549E-5,2.56308478389761E-6,0.99435818195343,0.996322572231293,30.7874336242676,0.177293390035629,30,4,200,-0.000528918113559484,0.000801909598521888,0.242937639355659,1,,,,,,,,,,,,,,,,
,3952582371.35372,135.815048217773,999.808410644531,,,6,,,,30.7712403175422,,,1,,,,,,,,,,,,,,,,,,,,,,135.523956298828,136.062942504883,999.808410644531,999.808410644531,,,5.60224533081055,,1,0,0,0,0,33.2355842590332,2,1,1,136.106140136719,0,135.7933722602,,,5.17594844999044E-5,2.55004605977953E-6,5.17599529645983E-5,2.55004904023737E-6,0.994392514228821,0.996040105819702,30.7862663269043,5.5485372543335,30,4,200,-0.000576932216063142,-0.00258956663310528,0.238572418689728,1,,,,,,,,,,,,,,,,
,3952582381.50345,136.416191101074,999.808410644531,,,6,,,,30.7712403175422,,,1,,,,,,,,,,,,,,,,,,,,,,136.1279296875,136.671859741211,999.808410644531,999.808410644531,,,5.60326385498047,,1,0,0,0,0.0128173828125,33.2355842590332,2,1,1,136.704452514648,0,136.39089457194,,,5.14933708914202E-5,2.53693194818309E-6,5.14937980217672E-5,2.53693417058828E-6,0.99469006061554,0.996345162391663,30.7858180999756,0,30,4,200,-0.000479397946037352,-0.00572843290865421,0.233909428119659,1,,,,,,,,,,,,,,,,
,3952582392.35708,137.049133300781,999.808410644531,,,6,,,,30.7712403175422,,,1,,,,,,,,,,,,,,,,,,,,,,136.74543762207,137.330947875977,999.808410644531,999.808410644531,,,5.60480213165283,,1,0,0,0,0,32.7468223571777,2,1,1,137.352828979492,0,137.04508972168,,,5.11792780188394E-5,2.52147164927847E-6,5.11798798929493E-5,2.52147434705171E-6,0.993769466876984,0.995823919773102,30.7887382507324,0,30,4,200,-0.000530868186615407,-0.00930235534906387,0.229321956634521,1,,,,,,,,,,,,,,,,
,3952582402.60726,137.633605957031,999.808410644531,,,6,,,,30.7712403175422,,,1,,,,,,,,,,,,,,,,,,,,,,137.363800048828,137.859451293945,999.808410644531,999.808410644531,,,5.60585308074951,,1,0,0,0,0,33.2355842590332,2,1,1,137.903411865234,0,137.608917236328,,,5.09512372357146E-5,2.5102268412415E-6,5.09518240791418E-5,2.51022970457797E-6,0.994366884231567,0.996686577796936,30.788480758667,INF,30,4,200,-0.000460661365650594,-0.0121283549815416,0.224620655179024,1,,,,,,,,,,,,,,,,
,3952582412.24197,138.190277099609,999.808410644531,,,6,,,,30.7712403175422,,,1,,,,,,,,,,,,,,,,,,,,,,137.903411865234,138.4443359375,999.808410644531,999.808410644531,,,5.60742950439453,,1,0,0,0,0.0128173828125,32.7468223571777,2,1,1,138.477142333984,0,138.187355889214,,,5.07036676284012E-5,2.49803776410193E-6,5.07043255948863E-5,2.49804041358821E-6,0.993855237960815,0.996268212795258,30.7897148132324,0,30,4,200,-0.00058654835447669,-0.0161574576050043,0.220459908246994,1,,,,,,,,,,,,,,,,
,3952582430.54113,139.295043945312,999.808410644531,,,6,,,,30.7767217830576,,,1,,,,,,,,,,,,,,,,,,,,,,139.01237487793,139.558380126953,999.808410644531,999.808410644531,,,5.60951042175293,,1,0,0,0,0,33.2355842590332,2,1,1,139.577713012695,0,139.277976142036,,,5.0246515695283E-5,2.47550078443944E-6,5.02468693610287E-5,2.47550341676383E-6,0.99485456943512,0.996188819408417,30.7898044586182,0.0817441716790199,30,4,200,-0.00061242823721841,-0.0233505200594664,0.211061358451843,1,,,,,,,,,,,,,,,,
,3952582440.22159,139.85905456543,999.808410644531,,,6,,,,30.7767217830576,,,1,,,,,,,,,,,,,,,,,,,,,,139.590759277344,140.096069335938,999.808410644531,999.808410644531,,,5.6104907989502,,1,0,0,0,0,32.7468223571777,2,1,1,140.127349853516,0,139.836676703559,,,5.0012466901932E-5,2.46397716591329E-6,5.00129246396889E-5,2.46398014669153E-6,0.99431711435318,0.995949029922485,30.791805267334,5.54903650283814,30,4,200,-0.000659388606436551,-0.0275833010673523,0.206010341644287,1,,,,,,,,,,,,,,,,
,3952582450.25935,140.45401763916,999.808410644531,,,6,,,,30.7767217830576,,,1,,,,,,,,,,,,,,,,,,,,,,140.163192749023,140.724365234375,999.808410644531,999.808410644531,,,5.61185646057129,,1,0,0,0,0,33.2355842590332,2,1,1,140.744842529297,0,140.435621473524,,,4.97418882748838E-5,2.45064407697608E-6,4.97423621727713E-5,2.45064645496098E-6,0.994493126869202,0.996365129947662,30.7923755645752,0,30,4,200,-0.000593763194046915,-0.0319692082703114,0.200182616710663,1,,,,,,,,,,,,,,,,
,3952582460.00389,141.002708435059,999.808410644531,,,6,,,,30.7767217830576,,,1,,,,,,,,,,,,,,,,,,,,,,140.744842529297,141.210678100586,999.808410644531,999.808410644531,,,5.61323404312134,,1,0,0,0,0,33.2355842590332,2,1,1,141.26057434082,0,140.970481024848,,,4.94920022034458E-5,2.43833507283917E-6,4.94924718941443E-5,2.43833813238366E-6,0.994351923465729,0.996071815490723,30.7920799255371,,30,4,200,-0.000539613189175725,-0.0356401167809963,0.195079028606415,1,,,,,,,,,,,,,,,,
,3952582469.66859,141.558563232422,999.808410644531,,,6,,,,30.7767217830576,,,1,,,,,,,,,,,,,,,,,,,,,,141.270568847656,141.83576965332,999.808410644531,999.808410644531,,,5.61388397216797,,1,0,0,0,0,32.7468223571777,2,1,1,141.856552124023,0,141.541456434462,,,4.92978389700788E-5,2.42876529432867E-6,4.92983243081775E-5,2.42876802437834E-6,0.994571924209595,0.996532678604126,30.7925281524658,1,30,4,200,-0.000615833152551204,-0.0402527786791325,0.190118744969368,1,,,,,,,,,,,,,,,,
,3952582479.30648,142.121032714844,999.808410644531,,,6,,,,30.7767217830576,,,1,,,,,,,,,,,,,,,,,,,,,,141.856552124023,142.340560913086,999.808410644531,999.808410644531,,,5.61533308029175,,1,0,0,0,0,33.2355842590332,2,1,1,142.385513305664,0,142.105221218533,,,4.9054541421174E-5,2.41677869404856E-6,4.90549964145259E-5,2.41678129116132E-6,0.994656503200531,0.996514022350311,30.7920513153076,,30,4,200,-0.000634809082839638,-0.0445187129080296,0.184656113386154,1,,,,,,,,,,,,,,,,
,3952582489.42749,142.690498352051,999.808410644531,,,6,,,,30.7767217830576,,,1,,,,,,,,,,,,,,,,,,,,,,142.40478515625,142.943420410156,999.808410644531,999.808410644531,,,5.61627626419067,,1,0,0,0,0,33.2355842590332,2,1,1,142.976211547852,0,142.687444051107,,,4.88234119897173E-5,2.40539114473001E-6,4.88239063676636E-5,2.40539379533366E-6,0.994616687297821,0.996693551540375,30.7928009033203,0.0805957615375519,30,4,200,-0.000698945892509073,-0.0499981716275215,0.178944975137711,1,,,,,,,,,,,,,,,,
,3952582499.28314,143.25838470459,999.808410644531,,,6,,,,30.7767217830576,,,1,,,,,,,,,,,,,,,,,,,,,,142.976211547852,143.540557861328,999.808410644531,999.808410644531,,,5.61735916137695,,1,0,0,0,0,33.2355842590332,2,1,1,143.540557861328,0,143.268395996094,,,4.85714706039438E-5,2.39299085105446E-6,4.85720868823408E-5,2.39299432598086E-6,0.993783533573151,0.995978355407715,30.7946624755859,,30,4,200,-0.000570699747186154,-0.0544531643390655,0.172269225120544,1,,,,,,,,,,,,,,,,
,3952582508.99916,143.843978881836,999.808410644531,,,6,,,,30.7767217830576,,,1,,,,,,,,,,,,,,,,,,,,,,143.554077148438,144.102386474609,999.808410644531,999.808410644531,,,5.61830902099609,,1,0,0,0,0,32.7468223571777,2,1,1,144.133880615234,0,143.820917765299,,,4.83386050285962E-5,2.38150889257453E-6,4.83391682438906E-5,2.38151226087255E-6,0.994490027427673,0.996855795383453,30.7938480377197,2.03986983251525E-5,30,4,200,-0.000563399342354387,-0.0585235916078091,0.167255133390427,1,,,,,,,,,,,,,,,,
,3952582527.20999,144.901435852051,999.808410644531,,,6,,,,30.7818178360503,,,1,,,,,,,,,,,,,,,,,,,,,,144.63801574707,145.143264770508,999.808410644531,999.808410644531,,,5.62025213241577,,1,0,0,0,0,32.7468223571777,2,1,1,145.164855957031,0,144.886030409071,,,4.79410133423941E-5,2.36191908573402E-6,4.79413770121442E-5,2.36192114623699E-6,0.99457573890686,0.996000468730926,30.7956867218018,0,30,4,200,-0.000515728315804154,-0.0657190382480621,0.157538130879402,1,,,,,,,,,,,,,,,,
,3952582537.18842,145.465057373047,999.808410644531,,,6,,,,30.7818178360503,,,1,,,,,,,,,,,,,,,,,,,,,,145.164855957031,145.669982910156,999.808410644531,999.808410644531,,,5.62134647369385,,1,0,0,0,0,32.7468223571777,2,1,1,145.765258789062,0,145.423521253798,,,4.77001666993876E-5,2.35005283514401E-6,4.77005733355834E-5,2.35005490117245E-6,0.99458634853363,0.996256113052368,30.7966175079346,0,30,4,200,-0.000469331891508773,-0.0685476213693619,0.15332119166851,1,,,,,,,,,,,,,,,,
,3952582547.19007,146.054054260254,999.808410644531,,,6,,,,30.7818178360503,,,1,,,,,,,,,,,,,,,,,,,,,,145.786926269531,146.279281616211,999.808410644531,999.808410644531,,,5.62266540527344,,1,0,0,0,0.0128173828125,32.7468223571777,2,1,1,146.321182250977,0,146.03301832411,,,4.7438299967346E-5,2.33714641604139E-6,4.74386753813564E-5,2.33714854132852E-6,0.995006024837494,0.996693730354309,30.7959823608398,0,30,4,200,-0.000471737555926666,-0.0711585581302643,0.149323329329491,1,,,,,,,,,,,,,,,,
,3952582556.87133,146.602264404297,999.808410644531,,,6,,,,30.7818178360503,,,1,,,,,,,,,,,,,,,,,,,,,,146.321182250977,146.804458618164,999.808410644531,999.808410644531,,,5.62389135360718,,1,0,0,0,0.0128173828125,32.7468223571777,2,1,1,146.883346557617,0,146.574304580688,,,4.7232777333055E-5,2.32702254019224E-6,4.72331552789354E-5,2.32702404368725E-6,0.994884669780731,0.996615350246429,30.7963352203369,,30,4,200,-0.000535496976226568,-0.0750773623585701,0.145224064588547,1,,,,,,,,,,,,,,,,
,3952582566.57663,147.16633605957,999.808410644531,,,6,,,,30.7818178360503,,,1,,,,,,,,,,,,,,,,,,,,,,146.894256591797,147.398422241211,999.808410644531,999.808410644531,,,5.62485933303833,,1,0,0,0,0.0128173828125,32.7468223571777,2,1,1,147.438415527344,0,147.154059516059,,,4.70153447555174E-5,2.31632342249329E-6,4.70159344730161E-5,2.31632596331468E-6,0.993868052959442,0.996164739131928,30.7999267578125,2.36598097558272E-7,30,4,200,-0.000551927601918578,-0.078937903046608,0.140478104352951,1,,,,,,,,,,,,,,,,
,3952582576.575,147.748161315918,999.808410644531,,,6,,,,30.7818178360503,,,1,,,,,,,,,,,,,,,,,,,,,,147.459701538086,147.997222900391,999.808410644531,999.808410644531,,,5.62570714950562,,1,0,0,0,0,32.7468223571777,2,1,1,148.03662109375,0,147.732818603516,,,4.68113813083139E-5,2.30628188899568E-6,4.6812029186226E-5,2.30628451120877E-6,0.993348836898804,0.995660305023193,30.800895690918,0.186574950814247,30,4,200,-0.000518921064212918,-0.0830415338277817,0.135481685400009,1,,,,,,,,,,,,,,,,
,3952582586.28817,148.303329467773,999.808410644531,,,6,,,,30.7818178360503,,,1,,,,,,,,,,,,,,,,,,,,,,148.03662109375,148.520889282227,999.808410644531,999.808410644531,,,5.62694215774536,,1,0,0,0,0.0128936767578125,33.2355842590332,2,1,1,148.570037841797,0,148.275463528103,,,4.6576487616268E-5,2.2947028403932E-6,4.65770967461579E-5,2.29470620286554E-6,0.99381822347641,0.99612832069397,30.8000545501709,0.18656899034977,30,4,200,-0.000537516083568335,-0.0859691724181175,0.131224781274796,1,,,,,,,,,,,,,,,,
,3952582595.94045,148.883598327637,999.808410644531,,,6,,,,30.7818178360503,,,1,,,,,,,,,,,,,,,,,,,,,,148.570037841797,149.16764831543,999.808410644531,999.808410644531,,,5.62816524505615,,1,0,0,0,0,33.2355842590332,2,1,1,149.197158813477,0,148.885231865777,,,4.63765900627744E-5,2.28485459823271E-6,4.63772685205924E-5,2.28485768478185E-6,0.993804633617401,0.996560990810394,30.8013210296631,INF,30,4,200,-0.000551883247680962,-0.0900810807943344,0.126531288027763,1,,,,,,,,,,,,,,,,
,3952582605.68977,149.48526763916,999.808410644531,,,6,,,,30.7818178360503,,,1,,,,,,,,,,,,,,,,,,,,,,149.202819824219,149.727172851562,999.808410644531,999.808410644531,,,5.62863063812256,,1,0,0,0,0,32.7468223571777,2,1,1,149.767715454102,0,149.45719909668,,,4.61728721761767E-5,2.27481547697008E-6,4.61735131963932E-5,2.27481841466758E-6,0.993938803672791,0.996600687503815,30.8008117675781,0,30,4,200,-0.000597589823883027,-0.0942462235689163,0.121383257210255,1,,,,,,,,,,,,,,,,
,3952582623.87381,150.514755249023,999.808410644531,,,6,,,,30.7870971059715,,,1,,,,,,,,,,,,,,,,,,,,,,150.248947143555,150.747589111328,999.808410644531,999.808410644531,,,5.6306676864624,,1,0,0,0,0,32.7468223571777,2,1,1,150.780563354492,0,150.506983439128,,,4.57714459600576E-5,2.25503580020462E-6,4.5771969931397E-5,2.25503905066446E-6,0.994191348552704,0.996294736862183,30.804027557373,0,30,4,200,-0.000537758111022413,-0.101842232048512,0.111641235649586,1,,,,,,,,,,,,,,,,
,3952582633.81298,151.093154907227,999.808410644531,,,6,,,,30.7870971059715,,,1,,,,,,,,,,,,,,,,,,,,,,150.780563354492,151.384811401367,999.808410644531,999.808410644531,,,5.63212060928345,,1,0,0,0,0.0141143798828125,32.7468223571777,2,1,1,151.405746459961,0,151.085612487793,,,4.55608466722387E-5,2.24465865006407E-6,4.55613752035713E-5,2.24466146339439E-6,0.994281053543091,0.996534109115601,30.804313659668,,30,4,200,-0.000469703023554757,-0.105230078101158,0.107260636985302,1,,,,,,,,,,,,,,,,
,3952582643.74977,151.672309875488,999.808410644531,,,6,,,,30.7870971059715,,,1,,,,,,,,,,,,,,,,,,,,,,151.405746459961,151.88459777832,999.808410644531,999.808410644531,,,5.6329288482666,,1,0,0,0,0,33.2355842590332,2,1,1,151.938873291016,0,151.644156561957,,,4.53567831896009E-5,2.23460829553829E-6,4.5357310535233E-5,2.23461121514213E-6,0.994043350219727,0.996147394180298,30.804292678833,0,30,4,200,-0.000518777989782393,-0.108643688261509,0.102962344884872,1,,,,,,,,,,,,,,,,
,3952582653.43749,152.218551635742,999.808410644531,,,6,,,,30.7870971059715,,,1,,,,,,,,,,,,,,,,,,,,,,151.938873291016,152.476684570313,999.808410644531,999.808410644531,,,5.63381052017212,,1,0,0,0,0,33.2355842590332,2,1,1,152.498229980469,0,152.202553643121,,,4.51493717911103E-5,2.22438922283115E-6,4.51498875339612E-5,2.22439199564187E-6,0.994042754173279,0.996109485626221,30.8041725158691,0.186563074588776,30,4,200,-0.000476999004604295,-0.111851021647453,0.0987191572785378,1,,,,,,,,,,,,,,,,
,3952582663.11441,152.777397155762,999.808410644531,,,6,,,,30.7870971059715,,,1,,,,,,,,,,,,,,,,,,,,,,152.504913330078,153.006210327148,999.808410644531,999.808410644531,,,5.63509035110474,,1,0,0,0,0,33.2355842590332,2,1,1,153.049880981445,0,152.752315945095,,,4.49281737881755E-5,2.21349614983858E-6,4.49288158702666E-5,2.21349970602521E-6,0.993684768676758,0.996190309524536,30.8061599731445,0.186562925577164,30,4,200,-0.000515588035341352,-0.114670172333717,0.0946809127926826,1,,,,,,,,,,,,,,,,
,3952582673.15531,153.372924804687,999.808410644531,,,6,,,,30.7870971059715,,,1,,,,,,,,,,,,,,,,,,,,,,153.0703125,153.640640258789,999.808410644531,999.808410644531,,,5.63614463806152,,1,0,0,0,0,32.7468223571777,2,1,1,153.675537109375,0,153.362705993652,,,4.47352380156893E-5,2.20398655743972E-6,4.47358009045336E-5,2.2039894046929E-6,0.993997633457184,0.996332883834839,30.8050804138184,0,30,4,200,-0.000569716445170343,-0.1192287504673,0.0900167897343636,1,,,,,,,,,,,,,,,,
,3952582682.99473,153.949234008789,999.808410644531,,,6,,,,30.7870971059715,,,1,,,,,,,,,,,,,,,,,,,,,,153.675537109375,154.169784545898,999.808410644531,999.808410644531,,,5.63665533065796,,1,0,0,0,0,33.2355842590332,2,1,1,154.222930908203,0,153.929879082574,,,4.45265057951957E-5,2.1937177427437E-6,4.45272517393802E-5,2.19372217839061E-6,0.992990493774414,0.995564579963684,30.8076400756836,2.17734418583859E-6,30,4,200,-0.000570033502299339,-0.123424485325813,0.0848666280508041,1,,,,,,,,,,,,,,,,
,3952582692.77859,154.530570983887,999.808410644531,,,6,,,,30.7870971059715,,,1,,,,,,,,,,,,,,,,,,,,,,154.245452880859,154.778503417969,999.808410644531,999.808410644531,,,5.63780784606934,,1,0,0,0,0.0128173828125,33.2355842590332,2,1,1,154.815689086914,0,154.506817287869,,,4.43088040884551E-5,2.1829925010667E-6,4.43095813391435E-5,2.18299643868229E-6,0.992899715900421,0.99564802646637,30.8083305358887,,30,4,200,-0.000462690164567903,-0.126351624727249,0.0800662711262703,1,,,,,,,,,,,,,,,,
,3952582702.76898,155.117279052734,999.808410644531,,,6,,,,30.7870971059715,,,1,,,,,,,,,,,,,,,,,,,,,,154.815689086914,155.3916015625,999.808410644531,999.808410644531,,,5.63871669769287,,1,0,0,0,0.0128173828125,32.7468223571777,2,1,1,155.418869018555,0,155.086312866211,,,4.4142647566001E-5,2.17480462638687E-6,4.41434403575517E-5,2.17480906678261E-6,0.993069291114807,0.995975017547607,30.8084526062012,0,30,4,200,-0.000479201000416651,-0.129984632134438,0.0759276673197746,1,,,,,,,,,,,,,,,,
,3952582721.62729,156.22534942627,999.808410644531,,,6,,,,30.7926470421145,,,1,,,,,,,,,,,,,,,,,,,,,,155.958450317383,156.447036743164,999.808410644531,999.808410644531,,,5.64081716537476,,1,0,0,0,0,33.2355842590332,2,1,1,156.492248535156,0,156.196467081706,,,4.37665002979304E-5,2.15625257193682E-6,4.37668607908567E-5,2.15625443536188E-6,0.994603633880615,0.996208429336548,30.8071784973145,5.55042171478271,30,4,200,-0.000551713572349399,-0.136957406997681,0.0675013586878777,1,,,,,,,,,,,,,,,,
,3952582731.39268,156.763969421387,999.808410644531,,,6,,,,30.7926470421145,,,1,,,,,,,,,,,,,,,,,,,,,,156.492248535156,157.035690307617,999.808410644531,999.808410644531,,,5.64173126220703,,1,0,0,0,0,32.7468223571777,2,1,1,157.035690307617,0,156.776223754883,,,4.35483154405219E-5,2.14551219368131E-6,4.35488217092362E-5,2.14551480883925E-6,0.993841469287872,0.99586296081543,30.8099155426025,,30,4,200,-0.000486195291159674,-0.140132233500481,0.0629367455840111,1,,,,,,,,,,,,,,,,
,3952582741.18034,157.344230651855,999.808410644531,,,6,,,,30.7926470421145,,,1,,,,,,,,,,,,,,,,,,,,,,157.056930541992,157.600646972656,999.808410644531,999.808410644531,,,5.6424446105957,,1,0,0,0,0.0141143798828125,32.7468223571777,2,1,1,157.631530761719,0,157.328938802083,,,4.3358033751662E-5,2.13613102185077E-6,4.33585041625483E-5,2.13613328198104E-6,0.9943488240242,0.996485233306885,30.8093948364258,,30,4,200,-0.000537941115908325,-0.144136622548103,0.0584503635764122,1,,,,,,,,,,,,,,,,
,3952582751.25679,157.952247619629,999.808410644531,,,6,,,,30.7926470421145,,,1,,,,,,,,,,,,,,,,,,,,,,157.669616699219,158.168243408203,999.808410644531,999.808410644531,,,5.64370250701904,,1,0,0,0,0.0141143798828125,33.2355842590332,2,1,1,158.234878540039,0,157.913991292318,,,4.31598923939855E-5,2.12637117093714E-6,4.31603712308383E-5,2.12637317134759E-6,0.994184076786041,0.996323347091675,30.8097038269043,,30,4,200,-0.00049757061060518,-0.1479372382164,0.0536692216992378,1,,,,,,,,,,,,,,,,
,3952582761.00944,158.508293151855,999.808410644531,,,6,,,,30.7926470421145,,,1,,,,,,,,,,,,,,,,,,,,,,158.234878540039,158.729858398438,999.808410644531,999.808410644531,,,5.64468050003052,,1,0,0,0,0,33.2355842590332,2,1,1,158.781707763672,0,158.467754787869,,,4.29554998485564E-5,2.11630171396939E-6,4.29559494910277E-5,2.11630375691104E-6,0.994172871112823,0.996133267879486,30.8091468811035,0,30,4,200,-0.000360311620170251,-0.149821057915688,0.0492694042623043,1,,,,,,,,,,,,,,,,
,3952582770.73352,159.055595397949,999.808410644531,,,6,,,,30.7926470421145,,,1,,,,,,,,,,,,,,,,,,,,,,158.786483764648,159.270690917969,999.808410644531,999.808410644531,,,5.64527273178101,,1,0,0,0,0,33.7243423461914,2,1,1,159.32470703125,0,159.032085842556,,,4.27819410945132E-5,2.10775003909409E-6,4.27824519241981E-5,2.10775238379612E-6,0.994220554828644,0.996572613716125,30.8102607727051,3.63070498110574E-8,30,4,200,-0.000557177700102329,-0.153897613286972,0.0458564683794975,1,,,,,,,,,,,,,,,,
,3952582780.78516,159.628051757813,999.808410644531,,,6,,,,30.7926470421145,,,1,,,,,,,,,,,,,,,,,,,,,,159.32470703125,159.817947387695,999.808410644531,999.808410644531,,,5.64627981185913,,1,0,0,0,0,32.7468223571777,2,1,1,159.931396484375,0,159.577965630425,,,4.26001305449343E-5,2.09880657100931E-6,4.26008547756494E-5,2.09880931450598E-6,0.993157982826233,0.996072232723236,30.8138523101807,1.38476661248887E-8,30,4,200,-0.000507375225424767,-0.157687902450562,0.0412902124226093,1,,,,,,,,,,,,,,,,
,3952582790.9037,160.205772399902,999.808410644531,,,6,,,,30.7926470421145,,,1,,,,,,,,,,,,,,,,,,,,,,159.93962097168,160.428482055664,999.808410644531,999.808410644531,,,5.64715194702148,,1,0,0,0,0,32.7468223571777,2,1,1,160.471923828125,0,160.177356296115,,,4.24030694201373E-5,2.08908715957083E-6,4.24035713293305E-5,2.08908950285512E-6,0.993978500366211,0.996149122714996,30.8101692199707,0,30,4,200,-0.000513997452799231,-0.160617098212242,0.036620955914259,1,,,,,,,,,,,,,,,,
,3952582809.42796,161.270599365234,999.808410644531,,,6,,,,30.7978102406053,,,1,,,,,,,,,,,,,,,,,,,,,,160.994583129883,161.478408813477,999.808410644531,999.808410644531,,,5.6490535736084,,1,0,0,0,0,32.7468223571777,2,1,1,161.546615600586,0,161.237116495768,,,4.20467569846668E-5,2.07153489348051E-6,4.20471978280968E-5,2.07153718255487E-6,0.993799149990082,0.995562434196472,30.8142032623291,1.08890151295782E-6,30,4,200,-0.000378464988898486,-0.166753172874451,0.0289236102253199,1,,,,,,,,,,,,,,,,
,3952582819.185,161.843070983887,999.808410644531,,,6,,,,30.7978102406053,,,1,,,,,,,,,,,,,,,,,,,,,,161.554992675781,162.096603393555,999.808410644531,999.808410644531,,,5.65006494522095,,1,0,0,0,0,34.2131004333496,2,1,1,162.131149291992,0,161.830193413628,,,4.18417695323774E-5,2.06143465643143E-6,4.18422924825566E-5,2.06143713873715E-6,0.993922352790833,0.9962118268013,30.8157978057861,3.83306897333569E-8,30,4,200,-0.000471635401481763,-0.16944782435894,0.0255521740764379,1,,,,,,,,,,,,,,,,
,3952582829.26992,162.43236541748,999.808410644531,,,6,,,,30.7978102406053,,,1,,,,,,,,,,,,,,,,,,,,,,162.164169311523,162.653259277344,999.808410644531,999.808410644531,,,5.65080213546753,,1,0,0,0,0,34.2131004333496,2,1,1,162.700561523438,0,162.414160834418,,,4.16739431894448E-5,2.05317654930397E-6,4.16745099069672E-5,2.05317951313892E-6,0.99309766292572,0.995169639587402,30.8164730072022,0,30,4,200,-0.00050826882943511,-0.173589661717415,0.0211420524865389,1,,,,,,,,,,,,,,,,
,3952582838.97947,162.979705810547,999.808410644531,,,6,,,,30.7978102406053,,,1,,,,,,,,,,,,,,,,,,,,,,162.700561523438,163.215057373047,999.808410644531,999.808410644531,,,5.65174674987793,,1,0,0,0,0,33.2355842590332,2,1,1,163.258850097656,0,162.945814344618,,,4.1495031677755E-5,2.04435179295572E-6,4.14955752253243E-5,2.04435510289942E-6,0.993910074234009,0.996241331100464,30.8159465789795,2.95061752808579E-8,30,4,200,-0.000460832729004323,-0.176949486136436,0.0166415050625801,1,,,,,,,,,,,,,,,,
,3952582848.6242,163.545028686523,999.808410644531,,,6,,,,30.7978102406053,,,1,,,,,,,,,,,,,,,,,,,,,,163.258850097656,163.831207275391,999.808410644531,999.808410644531,,,5.65268087387085,,1,0,0,0,0.0128173828125,33.2355842590332,2,1,1,163.831207275391,0,163.56180996365,,,4.13195983134955E-5,2.03570778280574E-6,4.13201734117683E-5,2.03571143272734E-6,0.993926167488098,0.996444523334503,30.8164520263672,0,30,4,200,-0.0004832835693378,-0.179722845554352,0.0125670731067657,1,,,,,,,,,,,,,,,,
,3952582858.35868,164.147933959961,999.808410644531,,,6,,,,30.7978102406053,,,1,,,,,,,,,,,,,,,,,,,,,,163.846435546875,164.402359008789,999.808410644531,999.808410644531,,,5.65324068069458,,1,0,0,0,0,33.2355842590332,2,1,1,164.449432373047,0,164.109261406793,,,4.11418476317385E-5,2.02698700450425E-6,4.11428244237287E-5,2.02699188110387E-6,0.991457402706146,0.994494915008545,30.8225383758545,1.5330706446548E-6,30,4,200,-0.000372523965779692,-0.182877749204636,0.00877039879560471,1,,,,,,,,,,,,,,,,
,3952582868.51639,164.740364074707,999.808410644531,,,6,,,,30.7978102406053,,,1,,,,,,,,,,,,,,,,,,,,,,164.465408325195,164.983764648438,999.808410644531,999.808410644531,,,5.65437316894531,,1,0,0,0,0,33.2355842590332,2,1,1,165.015319824219,0,164.718187120226,,,4.09392271209998E-5,2.01699199030535E-6,4.09401271445826E-5,2.01699638318878E-6,0.992192089557648,0.995379090309143,30.8216304779053,1.0274447959091E-6,30,4,200,-0.000579368672333658,-0.186175465583801,0.00575499935075641,1,,,,,,,,,,,,,,,,
,3952582878.1843,165.288467407227,999.808410644531,,,6,,,,30.7978102406053,,,1,,,,,,,,,,,,,,,,,,,,,,165.015319824219,165.504440307617,999.808410644531,999.808410644531,,,5.65527009963989,,1,0,0,0,0,33.2355842590332,2,1,1,165.561614990234,0,165.255986531576,,,4.07976079191209E-5,2.00999501430729E-6,4.07983382064501E-5,2.00999848626678E-6,0.993601083755493,0.997067213058472,30.8193397521973,1.64247853717825E-6,30,4,200,-0.000545027898624539,-0.189915344119072,0.000696835108101368,1,,,,,,,,,,,,,,,,
,3952582896.67358,166.371574401855,999.808410644531,,,6,,,,30.8031170669912,,,1,,,,,,,,,,,,,,,,,,,,,,166.098709106445,166.644439697266,999.808410644531,999.808410644531,,,5.65671014785767,,1,0,0,0,0.0128173828125,33.2355842590332,2,1,1,166.644439697266,0,166.36460723877,,,4.0430214616635E-5,1.99188544892835E-6,4.04306670728862E-5,1.99188831173766E-6,0.994357526302338,0.996488511562347,30.8198356628418,0.186559528112411,30,4,200,-0.000497142318636179,-0.196352392435074,-0.00788274314254522,1,,,,,,,,,,,,,,,,
,3952582906.50356,166.936141967773,999.808410644531,,,6,,,,30.8031170669912,,,1,,,,,,,,,,,,,,,,,,,,,,166.652481079102,167.178436279297,999.808410644531,999.808410644531,,,5.65741586685181,,1,0,0,0,0.0141143798828125,32.7468223571777,2,1,1,167.219802856445,0,166.932332356771,,,4.02592572103343E-5,1.9834628447968E-6,4.02597567695751E-5,1.98346521161194E-6,0.994332373142242,0.996886849403381,30.8210468292236,1.94107130369048E-8,30,4,200,-0.000458829978015274,-0.199983194470406,-0.0124965123832226,1,,,,,,,,,,,,,,,,
,3952582916.61396,167.543701171875,999.808410644531,,,6,,,,30.8031170669912,,,1,,,,,,,,,,,,,,,,,,,,,,167.242660522461,167.753234863281,999.808410644531,999.808410644531,,,5.65836954116821,,1,0,0,0,0.0128173828125,33.2355842590332,2,1,1,167.844741821289,0,167.523491753472,,,4.00644104852406E-5,1.97388179643695E-6,4.0065020328512E-5,1.97388408062671E-6,0.992854714393616,0.995211720466614,30.8231925964355,,30,4,200,-0.000366024964023381,-0.203065648674965,-0.0163007639348507,1,,,,,,,,,,,,,,,,
,3952582926.34369,168.103034973145,999.808410644531,,,6,,,,30.8031170669912,,,1,,,,,,,,,,,,,,,,,,,,,,167.844741821289,168.313323974609,999.808410644531,999.808410644531,,,5.65968751907349,,1,0,0,0,0.0128173828125,32.7468223571777,2,1,1,168.361328125,0,168.069741143121,,,3.98847112179114E-5,1.96502347848216E-6,3.98853478695135E-5,1.96502593273549E-6,0.99323970079422,0.995965600013733,30.8236503601074,2.2697882684497E-7,30,4,200,-0.000504750001709908,-0.205994337797165,-0.0199626181274652,1,,,,,,,,,,,,,,,,
,3952582936.01998,168.632583618164,999.808410644531,,,6,,,,30.8031170669912,,,1,,,,,,,,,,,,,,,,,,,,,,168.371994018555,168.881423950195,999.808410644531,999.808410644531,,,5.65991926193237,,1,0,0,0,0.0141143798828125,32.7468223571777,2,1,1,168.893173217773,0,168.620252821181,,,3.9709422215884E-5,1.95637911155578E-6,3.97100525644968E-5,1.95638154223873E-6,0.993850886821747,0.997076034545898,30.8235931396484,,30,4,200,-0.000519222929142416,-0.209768071770668,-0.0243198908865452,1,,,,,,,,,,,,,,,,
,3952582946.07564,169.196800231934,999.808410644531,,,6,,,,30.8031170669912,,,1,,,,,,,,,,,,,,,,,,,,,,168.893173217773,169.479751586914,999.808410644531,999.808410644531,,,5.66077613830566,,1,0,0,0,0,33.2355842590332,2,1,1,169.500427246094,0,169.187298583984,,,3.94981125117553E-5,1.94596273356779E-6,3.94986433931129E-5,1.94596542590908E-6,0.994412899017334,0.997335076332092,30.821704864502,0,30,4,200,-0.000606128305662423,-0.214757278561592,-0.028999138623476,1,,,,,,,,,,,,,,,,
,3952582956.25596,169.796363830566,999.808410644531,,,6,,,,30.8031170669912,,,1,,,,,,,,,,,,,,,,,,,,,,169.523651123047,170.028884887695,999.808410644531,999.808410644531,,,5.66224813461304,,1,0,0,0,0,34.2131004333496,2,1,1,170.069076538086,0,169.778583102756,,,3.93273054071636E-5,1.93755398502088E-6,3.93279162005807E-5,1.93755673748889E-6,0.993843197822571,0.996887803077698,30.8232250213623,0,30,4,200,-0.000365366751793772,-0.217716380953789,-0.0346894226968288,1,,,,,,,,,,,,,,,,
,3952582965.96773,170.37345123291,999.808410644531,,,6,,,,30.8031170669912,,,1,,,,,,,,,,,,,,,,,,,,,,170.069076538086,170.656814575195,999.808410644531,999.808410644531,,,5.66325998306274,,1,0,0,0,0.0128173828125,33.2355842590332,2,1,1,170.677825927734,0,170.36077202691,,,3.91629186831069E-5,1.92946598109514E-6,3.9163697776042E-5,1.92946965111962E-6,0.992989003658295,0.996370673179626,30.8258228302002,0,30,4,200,-0.000451287894975394,-0.221262589097023,-0.0383863858878613,1,,,,,,,,,,,,,,,,
,3952582984.28395,171.44108581543,999.808410644531,,,6,,,,30.8086194458143,,,1,,,,,,,,,,,,,,,,,,,,,,171.171310424805,171.688827514648,999.808410644531,999.808410644531,,,5.66454696655273,,1,0,0,0,0,32.7468223571777,2,1,1,171.710861206055,0,171.437025282118,,,3.88570672265588E-5,1.91439022089805E-6,3.88575897978352E-5,1.91439331473674E-6,0.993581473827362,0.995812714099884,30.8270359039307,0,30,4,200,-0.00033693527802825,-0.227232813835144,-0.0474529936909676,1,,,,,,,,,,,,,,,,
,3952582993.9911,171.992881774902,999.808410644531,,,6,,,,30.8086194458143,,,1,,,,,,,,,,,,,,,,,,,,,,171.710861206055,172.220672607422,999.808410644531,999.808410644531,,,5.66546154022217,,1,0,0,0,0.0128173828125,33.2355842590332,2,1,1,172.27490234375,0,171.967712402344,,,3.87197366192497E-5,1.90762400693843E-6,3.8720311741338E-5,1.90762758133708E-6,0.99357259273529,0.996081650257111,30.8279075622559,0.186559557914734,30,4,200,-0.000523702590726316,-0.23094542324543,-0.050202839076519,1,,,,,,,,,,,,,,,,
,3952583004.01898,172.607894897461,999.808410644531,,,6,,,,30.8086194458143,,,1,,,,,,,,,,,,,,,,,,,,,,172.311157226562,172.84880065918,999.808410644531,999.808410644531,,,5.66614294052124,,1,0,0,0,0.0128173828125,33.2355842590332,2,1,1,172.904632568359,0,172.586388481988,,,3.85031368118273E-5,1.89694351002958E-6,3.85035624738195E-5,1.89694612437689E-6,0.994364202022552,0.996477425098419,30.8252735137939,1.44202374485758E-6,30,4,200,-0.000472646148409694,-0.234033152461052,-0.0544345453381538,1,,,,,,,,,,,,,,,,
,3952583013.92519,173.189056396484,999.808410644531,,,6,,,,30.8086194458143,,,1,,,,,,,,,,,,,,,,,,,,,,172.911819458008,173.411361694336,999.808410644531,999.808410644531,,,5.66719484329224,,1,0,0,0,0.0141143798828125,36.1681327819824,2,1,1,173.466293334961,0,173.165942721897,,,3.83201386565184E-5,1.88792390235383E-6,3.83205725562889E-5,1.88792693321036E-6,0.994713604450226,0.997082650661469,30.8253059387207,8.45963768369984E-7,30,4,200,-0.000336523196892813,-0.23668098449707,-0.058187335729599,1,,,,,,,,,,,,,,,,
,3952583023.72434,173.759895324707,999.808410644531,,,6,,,,30.8086194458143,,,1,,,,,,,,,,,,,,,,,,,,,,173.491394042969,173.996917724609,999.808410644531,999.808410644531,,,5.66791963577271,,1,0,0,0,0.0128173828125,33.2355842590332,2,1,1,174.028396606445,0,173.725847032335,,,3.8176212598245E-5,1.88084999738138E-6,3.81768755245848E-5,1.88085352640776E-6,0.993237316608429,0.996158421039581,30.8296890258789,5.36012315750122,30,4,200,-0.000335766701027751,-0.239318013191223,-0.0616269782185555,1,,,,,,,,,,,,,,,,
,3952583033.66864,174.336738586426,999.808410644531,,,6,,,,30.8086194458143,,,1,,,,,,,,,,,,,,,,,,,,,,174.028396606445,174.62109375,999.808410644531,999.808410644531,,,5.66872501373291,,1,0,0,0,0.0128173828125,32.7468223571777,2,1,1,174.645080566406,0,174.311642456055,,,3.80132695745046E-5,1.87282036338283E-6,3.80138798999118E-5,1.87282350839189E-6,0.993381917476654,0.996120870113373,30.8289165496826,5.58014860985168E-8,30,4,200,-0.000242773850914091,-0.240925922989845,-0.0645069926977158,1,,,,,,,,,,,,,,,,
,3952583043.68481,174.906509399414,999.808410644531,,,6,,,,30.8086194458143,,,1,,,,,,,,,,,,,,,,,,,,,,174.645080566406,175.111282348633,999.808410644531,999.808410644531,,,5.66989517211914,,1,0,0,0,0.0128173828125,33.2355842590332,2,1,1,175.167938232422,0,174.869845920139,,,3.78144565926478E-5,1.86302614037394E-6,3.78151663885665E-5,1.86302992635461E-6,0.993331432342529,0.996684193611145,30.8305244445801,5.35987663269043,30,4,200,-0.00021830084733665,-0.241503402590752,-0.066346675157547,1,,,,,,,,,,,,,,,,
,3952583062.3024,175.971282958984,999.808410644531,,,6,,,,30.8136309610456,,,1,,,,,,,,,,,,,,,,,,,,,,175.683639526367,176.247375488281,999.808410644531,999.808410644531,,,5.67111587524414,,1,0,0,0,0.0128173828125,33.2355842590332,2,1,1,176.258926391602,0,175.962298923069,,,3.75571849984621E-5,1.85034185998662E-6,3.75576599134635E-5,1.8503445250604E-6,0.994083762168884,0.996451318264008,30.8315486907959,,30,4,200,-0.00025118188932538,-0.243856310844421,-0.069904163479805,1,,,,,,,,,,,,,,,,
,3952583072.02151,176.53687286377,999.808410644531,,,6,,,,30.8136309610456,,,1,,,,,,,,,,,,,,,,,,,,,,176.274597167969,176.757476806641,999.808410644531,999.808410644531,,,5.67200565338135,,1,0,0,0,0.0128173828125,33.2355842590332,2,1,1,176.79914855957,0,176.517137315538,,,3.73805867870361E-5,1.84164958437065E-6,3.7381159205148E-5,1.84165252880959E-6,0.993409216403961,0.995998620986938,30.8334541320801,0,30,4,200,-0.000243453963776119,-0.245080903172493,-0.072023332118988,1,,,,,,,,,,,,,,,,
,3952583081.95136,177.102310180664,999.808410644531,,,6,,,,30.8136309610456,,,1,,,,,,,,,,,,,,,,,,,,,,176.79914855957,177.380737304687,999.808410644531,999.808410644531,,,5.67324209213257,,1,0,0,0,0,33.2355842590332,2,1,1,177.405471801758,0,177.087875366211,,,3.72526039202554E-5,1.8353444910702E-6,3.72532112668429E-5,1.83534767790232E-6,0.993333280086517,0.996086955070496,30.8340644836426,0,30,4,200,-0.000416317081544548,-0.248051762580872,-0.0744502693414688,1,,,,,,,,,,,,,,,,
,3952583091.90759,177.705520629883,999.808410644531,,,6,,,,30.8136309610456,,,1,,,,,,,,,,,,,,,,,,,,,,177.405471801758,177.954635620117,999.808410644531,999.808410644531,,,5.67319011688232,,1,0,0,0,0,32.7468223571777,2,1,1,178.005569458008,0,177.678251478407,,,3.70728981256885E-5,1.82648659596453E-6,3.70734117264343E-5,1.82648907474253E-6,0.993779063224792,0.996297597885132,30.832555770874,0,30,4,200,-0.00031749380286783,-0.249933376908302,-0.0776404738426209,1,,,,,,,,,,,,,,,,
,3952583101.60555,178.256202697754,999.808410644531,,,6,,,,30.8136309610456,,,1,,,,,,,,,,,,,,,,,,,,,,178.005569458008,178.489974975586,999.808410644531,999.808410644531,,,5.67423057556152,,1,0,0,0,0.0128173828125,32.7468223571777,2,1,1,178.5068359375,0,178.254779391819,,,3.69244361045037E-5,1.8191690965909E-6,3.69249054296767E-5,1.81917145502442E-6,0.994019627571106,0.996403098106384,30.8317165374756,5.55263137817383,30,4,200,-0.000447885220637545,-0.252213060855865,-0.0803428962826729,1,,,,,,,,,,,,,,,,
,3952583111.59047,178.830513000488,999.808410644531,,,6,,,,30.8136309610456,,,1,,,,,,,,,,,,,,,,,,,,,,178.517852783203,179.065841674805,999.808410644531,999.808410644531,,,5.67523956298828,,1,0,0,0,0.0128173828125,32.7468223571777,2,1,1,179.143173217773,0,178.791283501519,,,3.67878299105771E-5,1.8124550775741E-6,3.67884847936068E-5,1.81245856714112E-6,0.992692112922668,0.99534660577774,30.8349628448486,0,30,4,200,-0.000486552657093853,-0.256678372621536,-0.0844908654689789,1,,,,,,,,,,,,,,,,
,3952583121.60359,179.41577911377,999.808410644531,,,6,,,,30.8136309610456,,,1,,,,,,,,,,,,,,,,,,,,,,179.151489257813,179.648345947266,999.808410644531,999.808410644531,,,5.67613220214844,,1,0,0,0,0.0128173828125,33.2355842590332,2,1,1,179.680068969727,0,179.386242336697,,,3.66116583858435E-5,1.80376501992776E-6,3.66122269187174E-5,1.80376808768999E-6,0.993505239486694,0.996188521385193,30.8335399627686,0,30,4,200,-0.00044925871770829,-0.259426236152649,-0.0887868255376816,1,,,,,,,,,,,,,,,,
,3952583139.86274,180.486740112305,999.808410644531,,,6,,,,30.8187678289764,,,1,,,,,,,,,,,,,,,,,,,,,,180.217803955078,180.723098754883,999.808410644531,999.808410644531,,,5.67737197875977,,1,0,0,0,0,33.2355842590332,2,1,1,180.755676269531,0,180.453087700738,,,3.63479913656798E-5,1.79076401822364E-6,3.63484100984307E-5,1.79076660440579E-6,0.994544446468353,0.996899664402008,30.8357601165771,,30,4,200,-0.000468043843284249,-0.264593303203583,-0.0950043946504593,1,,,,,,,,,,,,,,,,
,3952583149.53761,181.033821105957,999.808410644531,,,6,,,,30.8187678289764,,,1,,,,,,,,,,,,,,,,,,,,,,180.755676269531,181.311965942383,999.808410644531,999.808410644531,,,5.67837333679199,,1,0,0,0,0.0141143798828125,33.2355842590332,2,1,1,181.311965942383,0,181.022947692871,,,3.62316542120288E-5,1.78504374438251E-6,3.62321714309557E-5,1.78504703238992E-6,0.993511438369751,0.995848417282104,30.837646484375,0,30,4,200,-0.000409362895879894,-0.26753506064415,-0.0987712293863297,1,,,,,,,,,,,,,,,,
,3952583159.21073,181.598945617676,999.808410644531,,,6,,,,30.8187678289764,,,1,,,,,,,,,,,,,,,,,,,,,,181.332946777344,181.833068847656,999.808410644531,999.808410644531,,,5.67914819717407,,1,0,0,0,0.0128173828125,32.7468223571777,2,1,1,181.864944458008,0,181.586814032661,,,3.60834330814773E-5,1.77773423706178E-6,3.60839246795783E-5,1.77773716737805E-6,0.994082033634186,0.996672570705414,30.8372974395752,0,30,4,200,-0.000335307267960161,-0.269729614257813,-0.101802438497543,1,,,,,,,,,,,,,,,,
,3952583169.1479,182.174827575684,999.808410644531,,,6,,,,30.8187678289764,,,1,,,,,,,,,,,,,,,,,,,,,,181.864944458008,182.396560668945,999.808410644531,999.808410644531,,,5.68008852005005,,1,0,0,0,0,33.2355842590332,2,1,1,182.484710693359,0,182.144198947483,,,3.59167510197356E-5,1.76953195995871E-6,3.59172827598177E-5,1.76953501791639E-6,0.993200540542602,0.995518922805786,30.8381271362305,1.5362372778327E-6,30,4,200,-0.000316130957799032,-0.272166132926941,-0.104941561818123,1,,,,,,,,,,,,,,,,
,3952583179.10893,182.766830444336,999.808410644531,,,6,,,,30.8187678289764,,,1,,,,,,,,,,,,,,,,,,,,,,182.499633789062,182.997604370117,999.808410644531,999.808410644531,,,5.68053340911865,,1,0,0,0,0.0141143798828125,32.7468223571777,2,1,1,183.034027099609,0,182.743267483181,,,3.57975207686892E-5,1.76365180427417E-6,3.57980444096796E-5,1.76365528653476E-6,0.993715047836304,0.996232390403748,30.8378124237061,0,30,4,200,-0.000383515754947439,-0.274604320526123,-0.107747405767441,1,,,,,,,,,,,,,,,,
,3952583188.75968,183.325523376465,999.808410644531,,,6,,,,30.8187678289764,,,1,,,,,,,,,,,,,,,,,,,,,,183.047378540039,183.592086791992,999.808410644531,999.808410644531,,,5.68177270889282,,1,0,0,0,0.0128173828125,33.2355842590332,2,1,1,183.603668212891,0,183.320878770616,,,3.56553571225894E-5,1.75664646159758E-6,3.56559020519032E-5,1.7566493458713E-6,0.993855178356171,0.996763169765472,30.8385410308838,0,30,4,200,-0.000231308338698,-0.27606588602066,-0.110673628747463,1,,,,,,,,,,,,,,,,
,3952583198.48409,183.883972167969,999.808410644531,,,6,,,,30.8187678289764,,,1,,,,,,,,,,,,,,,,,,,,,,183.61442565918,184.109817504883,999.808410644531,999.808410644531,,,5.68244647979736,,1,0,0,0,0.001983642578125,33.2355842590332,2,1,1,184.153518676758,0,183.848887125651,,,3.55245259250152E-5,1.75020008409733E-6,3.55250909941876E-5,1.75020375996334E-6,0.993926346302033,0.996954023838043,30.838659286499,0,30,4,200,-0.000118918753287289,-0.276666045188904,-0.112714856863022,1,,,,,,,,,,,,,,,,
,3952583216.76085,184.947784423828,999.808410644531,,,6,,,,30.8239855976662,,,1,,,,,,,,,,,,,,,,,,,,,,184.64714050293,185.210800170898,999.808410644531,999.808410644531,,,5.68383502960205,,1,0,0,0,0.0128173828125,33.7243423461914,2,1,1,185.248428344727,0,184.925542195638,,,3.52797219306932E-5,1.73814403099438E-6,3.52802230920119E-5,1.73814695590869E-6,0.993496835231781,0.995847105979919,30.8429317474365,0.186551570892334,30,4,200,-0.000243048998527229,-0.277694344520569,-0.11384417116642,1,,,,,,,,,,,,,,,,
,3952583226.72334,185.546325683594,999.808410644531,,,6,,,,30.8239855976662,,,1,,,,,,,,,,,,,,,,,,,,,,185.248428344727,185.823394775391,999.808410644531,999.808410644531,,,5.68484449386597,,1,0,0,0,0,34.7018585205078,2,1,1,185.844223022461,0,185.52822265625,,,3.5157221747514E-5,1.73210029839451E-6,3.5157644317015E-5,1.73210249600005E-6,0.99425733089447,0.996612191200256,30.8415431976318,0,30,4,200,-0.000411204673582688,-0.280621111392975,-0.11626573652029,1,,,,,,,,,,,,,,,,
,3952583236.71176,186.136665344238,999.808410644531,,,6,,,,30.8239855976662,,,1,,,,,,,,,,,,,,,,,,,,,,185.844223022461,186.378356933594,999.808410644531,999.808410644531,,,5.68527126312256,,1,0,0,0,0,33.2355842590332,2,1,1,186.429107666016,0,186.108968098958,,,3.5010611464426E-5,1.72488221057253E-6,3.50110620397089E-5,1.72488477174192E-6,0.993787109851837,0.996021151542664,30.8420505523682,0,30,4,200,-0.000431030901381746,-0.283216804265976,-0.119776226580143,1,,,,,,,,,,,,,,,,
,3952583246.54073,186.697052001953,999.808410644531,,,6,,,,30.8239855976662,,,1,,,,,,,,,,,,,,,,,,,,,,186.440338134766,186.921295166016,999.808410644531,999.808410644531,,,5.68629312515259,,1,0,0,0,0.0128173828125,32.7468223571777,2,1,1,186.953765869141,0,186.676968044705,,,3.48829930465567E-5,1.71859622083143E-6,3.48835603489309E-5,1.71859877315553E-6,0.993701636791229,0.996819674968719,30.8445644378662,0.186552926898003,30,4,200,-0.000411382439779118,-0.286259114742279,-0.123571619391441,1,,,,,,,,,,,,,,,,
,3952583256.55717,187.250999450684,999.808410644531,,,6,,,,30.8239855976662,,,1,,,,,,,,,,,,,,,,,,,,,,186.953765869141,187.516326904297,999.808410644531,999.808410644531,,,5.68726539611816,,1,0,0,0,0,33.2355842590332,2,1,1,187.548233032227,0,187.238221740723,,,3.4753585632766E-5,1.71221243723632E-6,3.47540268964169E-5,1.71221465646932E-6,0.994496285915375,0.997263312339783,30.8420639038086,0.0679981559514999,30,4,200,-0.000607073772698641,-0.290431290864944,-0.12760916352272,1,,,,,,,,,,,,,,,,
,3952583266.51598,187.820678710938,999.808410644531,,,6,,,,30.8239855976662,,,1,,,,,,,,,,,,,,,,,,,,,,187.548233032227,188.042434692383,999.808410644531,999.808410644531,,,5.68781518936157,,1,0,0,0,0,32.7468223571777,2,1,1,188.093124389648,0,187.783075968424,,,3.45979614211494E-5,1.70454933469735E-6,3.45984631162222E-5,1.70455176422464E-6,0.994041204452515,0.996941089630127,30.8433437347412,0.093269944190979,30,4,200,-0.000397732277633622,-0.294094979763031,-0.132549479603767,1,,,,,,,,,,,,,,,,
,3952583276.21147,188.376319885254,999.808410644531,,,6,,,,30.8239855976662,,,1,,,,,,,,,,,,,,,,,,,,,,188.103408813477,188.615753173828,999.808410644531,999.808410644531,,,5.68864011764526,,1,0,0,0,0,33.2355842590332,2,1,1,188.649230957031,0,188.35653008355,,,3.44788809770348E-5,1.69869999478609E-6,3.44795532166095E-5,1.69870350925601E-6,0.992511868476868,0.995393812656403,30.8463325500488,0,30,4,200,-0.00038900988874957,-0.296984106302261,-0.136212319135666,1,,,,,,,,,,,,,,,,
,3952583294.5195,189.486785888672,999.808410644531,,,6,,,,30.8293745640024,,,1,,,,,,,,,,,,,,,,,,,,,,189.186447143555,189.766571044922,999.808410644531,999.808410644531,,,5.6898021697998,,1,0,0,0,0,33.2355842590332,2,1,1,189.787124633789,0,189.477784898546,,,3.42440024061259E-5,1.68711562768588E-6,3.42444618904255E-5,1.68711764587135E-6,0.993557810783386,0.995869696140289,30.848087310791,0,30,4,200,-0.000361369136953726,-0.30013433098793,-0.140461847186089,1,,,,,,,,,,,,,,,,
,3952583304.20247,190.056594848633,999.808410644531,,,6,,,,30.8293745640024,,,1,,,,,,,,,,,,,,,,,,,,,,189.787124633789,190.284332275391,999.808410644531,999.808410644531,,,5.69094896316528,,1,0,0,0,0.0141143798828125,33.7243423461914,2,1,1,190.326065063477,0,190.042853461372,,,3.41224892702157E-5,1.68113777725953E-6,3.41230871068451E-5,1.68114067010927E-6,0.992822170257568,0.995536386966705,30.8506526947022,0,30,4,200,-0.000375153496861458,-0.302267998456955,-0.143390387296677,1,,,,,,,,,,,,,,,,
,3952583314.26385,190.628997802734,999.808410644531,,,6,,,,30.8293745640024,,,1,,,,,,,,,,,,,,,,,,,,,,190.350082397461,190.907913208008,999.808410644531,999.808410644531,,,5.69140911102295,,1,0,0,0,0,32.2580642700195,2,1,1,190.907913208008,0,190.631503295898,,,3.40021799010013E-5,1.6751940748009E-6,3.40025985764542E-5,1.67519652049512E-6,0.994343519210815,0.996792137622833,30.8470115661621,1.44598834594944E-6,30,4,200,-0.000382543279556558,-0.305126339197159,-0.146641969680786,1,,,,,,,,,,,,,,,,
,3952583324.03955,191.195198059082,999.808410644531,,,6,,,,30.8293745640024,,,1,,,,,,,,,,,,,,,,,,,,,,190.927398681641,191.41064453125,999.808410644531,999.808410644531,,,5.69253301620483,,1,0,0,0,0.0128173828125,32.7468223571777,2,1,1,191.462997436523,0,191.176411946615,,,3.38735529747113E-5,1.66885440792181E-6,3.38739328469316E-5,1.66885685371737E-6,0.994579792022705,0.996856510639191,30.8460903167725,0,30,4,200,-0.000425569276558235,-0.307578951120377,-0.149760857224464,1,,,,,,,,,,,,,,,,
,3952583333.76405,191.732955932617,999.808410644531,,,6,,,,30.8293745640024,,,1,,,,,,,,,,,,,,,,,,,,,,191.47541809082,191.968276977539,999.808410644531,999.808410644531,,,5.69293260574341,,1,0,0,0,0.0141143798828125,33.2355842590332,2,1,1,191.990493774414,0,191.722266303168,,,3.37599174329438E-5,1.66326897469361E-6,3.3760506854223E-5,1.66327210739185E-6,0.993336796760559,0.996360242366791,30.8505020141602,0,30,4,200,-0.000447675469331443,-0.310698986053467,-0.153179571032524,1,,,,,,,,,,,,,,,,
,3952583343.70938,192.285888671875,999.808410644531,,,6,,,,30.8293745640024,,,1,,,,,,,,,,,,,,,,,,,,,,191.998153686523,192.537643432617,999.808410644531,999.808410644531,,,5.69369983673096,,1,0,0,0,0.0128173828125,33.2355842590332,2,1,1,192.573623657227,0,192.275491333008,,,3.3630358905846E-5,1.65688835530717E-6,3.36309605739902E-5,1.65689123694339E-6,0.99309504032135,0.996078670024872,30.8508911132812,8.14891882328084E-6,30,4,200,-0.00041535179479979,-0.313946634531021,-0.156824231147766,1,,,,,,,,,,,,,,,,
,3952583353.72268,192.88410949707,999.808410644531,,,6,,,,30.8293745640024,,,1,,,,,,,,,,,,,,,,,,,,,,192.602172851562,193.119812011719,999.808410644531,999.808410644531,,,5.69447898864746,,1,0,0,0,0.0141143798828125,33.2355842590332,2,1,1,193.166046142578,0,192.866334703234,,,3.35066510355844E-5,1.65078857181305E-6,3.35072088860919E-5,1.65079164162738E-6,0.993505120277405,0.996449530124664,30.8499603271484,0,30,4,200,-0.000433982786489651,-0.316700220108032,-0.160120770335197,1,,,,,,,,,,,,,,,,
,3952583372.16313,193.969039916992,999.808410644531,,,6,,,,30.8348817425201,,,1,,,,,,,,,,,,,,,,,,,,,,193.692169189453,194.210037231445,999.808410644531,999.808410644531,,,5.69602489471436,,1,0,0,0,0,33.2355842590332,2,1,1,194.245910644531,0,193.943449232313,,,3.32947681642313E-5,1.64034609700316E-6,3.32952099881632E-5,1.64034849763903E-6,0.993879377841949,0.996278464794159,30.8532791137695,0,30,4,200,-0.000468702666694298,-0.322940677404404,-0.166596502065659,1,,,,,,,,,,,,,,,,
,3952583381.94304,194.523406982422,999.808410644531,,,6,,,,30.8348817425201,,,1,,,,,,,,,,,,,,,,,,,,,,194.245910644531,194.729248046875,999.808410644531,999.808410644531,,,5.6966347694397,,1,0,0,0,0,33.2355842590332,2,1,1,194.800903320313,0,194.479448106554,,,3.3214918202951E-5,1.63640925469246E-6,3.32153906302539E-5,1.63641184777806E-6,0.994199216365814,0.997106492519379,30.8539199829102,0.0664849802851677,30,4,200,-0.000458087481092662,-0.32624763250351,-0.171018317341805,1,,,,,,,,,,,,,,,,
,3952583391.70927,195.071319580078,999.808410644531,,,6,,,,30.8348817425201,,,1,,,,,,,,,,,,,,,,,,,,,,194.812911987305,195.303298950195,999.808410644531,999.808410644531,,,5.69744825363159,,1,0,0,0,0,33.2355842590332,2,1,1,195.329727172852,0,195.044016520182,,,3.30487667972229E-5,1.62822482176654E-6,3.30492224533338E-5,1.628227704662E-6,0.994013965129852,0.99656492471695,30.8534412384033,0,30,4,200,-0.000403634971007705,-0.328978478908539,-0.174749702215195,1,,,,,,,,,,,,,,,,
,3952583401.85701,195.674339294434,999.808410644531,,,6,,,,30.8348817425201,,,1,,,,,,,,,,,,,,,,,,,,,,195.36393737793,195.951950073242,999.808410644531,999.808410644531,,,5.69859313964844,,1,0,0,0,0.0128173828125,33.2355842590332,2,1,1,195.984741210938,0,195.659088134766,,,3.29458887281988E-5,1.62315713525037E-6,3.2946345448382E-5,1.62315997283152E-6,0.993952333927155,0.996486306190491,30.853515625,0,30,4,200,-0.000453699438367039,-0.332297921180725,-0.178103089332581,1,,,,,,,,,,,,,,,,
,3952583411.69035,196.255111694336,999.808410644531,,,6,,,,30.8348817425201,,,1,,,,,,,,,,,,,,,,,,,,,,195.984741210938,196.525482177734,999.808410644531,999.808410644531,,,5.69901657104492,,1,0,0,0,0.0128173828125,33.2355842590332,2,1,1,196.525482177734,0,196.246548461914,,,3.28046201504658E-5,1.61619874317622E-6,3.28051351414504E-5,1.61620125932335E-6,0.993775963783264,0.996766448020935,30.855016708374,5.55472946166992,30,4,200,-0.000509632925968617,-0.335716873407364,-0.182373285293579,1,,,,,,,,,,,,,,,,
,3952583421.42318,196.831321716309,999.808410644531,,,6,,,,30.8348817425201,,,1,,,,,,,,,,,,,,,,,,,,,,196.549041748047,197.069229125977,999.808410644531,999.808410644531,,,5.69965791702271,,1,0,0,0,0,33.2355842590332,2,1,1,197.11360168457,0,196.812598334418,,,3.27086066493964E-5,1.6114621726862E-6,3.27088954806532E-5,1.61146380262802E-6,0.994479775428772,0.996148347854614,30.849853515625,1.56849424115535E-7,30,4,200,-0.000570044096093625,-0.340090781450272,-0.187052458524704,1,,,,,,,,,,,,,,,,
,3952583431.37035,197.426071166992,999.808410644531,,,6,,,,30.8348817425201,,,1,,,,,,,,,,,,,,,,,,,,,,197.11360168457,197.717834472656,999.808410644531,999.808410644531,,,5.7007212638855,,1,0,0,0,0,33.2355842590332,2,1,1,197.738540649414,0,197.432257080078,,,3.25870820530584E-5,1.6054984014497E-6,3.25876555901241E-5,1.60550075731368E-6,0.992268741130829,0.994755148887634,30.856388092041,0,30,4,200,-0.000494293635711074,-0.344506055116653,-0.192148000001907,1,,,,,,,,,,,,,,,,
,3952583450.23748,198.553108215332,999.808410644531,,,6,,,,30.840557348431,,,1,,,,,,,,,,,,,,,,,,,,,,198.277923583984,198.757247924805,999.808410644531,999.808410644531,,,5.70176649093628,,1,0,0,0,0,33.7243423461914,2,1,1,198.82829284668,0,198.521006266276,,,3.23698430159714E-5,1.59478254017984E-6,3.23703663549073E-5,1.59478565674039E-6,0.993398070335388,0.996106445789337,30.8607387542725,5.55524444580078,30,4,200,-0.000490803155116737,-0.351724296808243,-0.200024038553238,1,,,,,,,,,,,,,,,,
,3952583459.96645,199.088500976562,999.808410644531,,,6,,,,30.840557348431,,,1,,,,,,,,,,,,,,,,,,,,,,198.82829284668,199.348709106445,999.808410644531,999.808410644531,,,5.70271587371826,,1,0,0,0,0,33.2355842590332,2,1,1,199.348709106445,0,199.080163574219,,,3.22825356584363E-5,1.59046945130487E-6,3.22828447611892E-5,1.59047090859525E-6,0.994622468948364,0.9965940117836,30.8563117980957,5.55484580993652,30,4,200,-0.000267160910880193,-0.35376101732254,-0.20442807674408,1,,,,,,,,,,,,,,,,
,3952583469.66197,199.617523193359,999.808410644531,,,6,,,,30.840557348431,,,1,,,,,,,,,,,,,,,,,,,,,,199.356170654297,199.853851318359,999.808410644531,999.808410644531,,,5.70379018783569,,1,0,0,0,0,33.2355842590332,2,1,1,199.878875732422,0,199.602805243598,,,3.21597360523674E-5,1.58441917906066E-6,3.21600770671271E-5,1.58442129179028E-6,0.994666695594788,0.996852993965149,30.856861114502,5.55489540100098,30,4,200,-0.000465567951323465,-0.357032537460327,-0.206724867224693,1,,,,,,,,,,,,,,,,
,3952583479.64921,200.224723815918,999.808410644531,,,6,,,,30.840557348431,,,1,,,,,,,,,,,,,,,,,,,,,,199.90299987793,200.52409362793,999.808410644531,999.808410644531,,,5.70466470718384,,1,0,0,0,0.0141143798828125,33.2355842590332,2,1,1,200.546447753906,0,200.204760742187,,,3.20346729469752E-5,1.5782641644555E-6,3.20351316516376E-5,1.57826608726154E-6,0.99392956495285,0.996736586093903,30.8599338531494,5.55517196655273,30,4,200,-0.000557534338440746,-0.361691921949387,-0.21096995472908,1,,,,,,,,,,,,,,,,
,3952583489.594,200.820022583008,999.808410644531,,,6,,,,30.840557348431,,,1,,,,,,,,,,,,,,,,,,,,,,200.546447753906,201.045639038086,999.808410644531,999.808410644531,,,5.70531892776489,,1,0,0,0,0.0128173828125,33.2355842590332,2,1,1,201.093597412109,0,200.780617607964,,,3.19344218276715E-5,1.573321216246E-6,3.19348005485129E-5,1.57332303954418E-6,0.994339764118195,0.996738433837891,30.8580722808838,0,30,4,200,-0.000604122527875006,-0.366535723209381,-0.21606869995594,1,,,,,,,,,,,,,,,,
,3952583499.24954,201.380073547363,999.808410644531,,,6,,,,30.840557348431,,,1,,,,,,,,,,,,,,,,,,,,,,201.093597412109,201.586929321289,999.808410644531,999.808410644531,,,5.70602226257324,,1,0,0,0,0,33.2355842590332,2,1,1,201.666549682617,0,201.344049453735,,,3.18075284904198E-5,1.56706640412978E-6,3.18078543025115E-5,1.56706871475619E-6,0.99470466375351,0.996759057044983,30.8564128875732,0,30,4,200,-0.000595703138969839,-0.370637565851212,-0.220796972513199,1,,,,,,,,,,,,,,,,
,3952583517.54699,202.463882446289,999.808410644531,,,6,,,,30.8455997771861,,,1,,,,,,,,,,,,,,,,,,,,,,202.161956787109,202.690277099609,999.808410644531,999.808410644531,,,5.70784378051758,,1,0,0,0,0,33.2355842590332,2,1,1,202.765808105469,0,202.420295715332,,,3.16317733941386E-5,1.55841410429752E-6,3.16321575479631E-5,1.55841642736036E-6,0.993989586830139,0.996150553226471,30.8630752563477,0,30,4,200,-0.000468242535134777,-0.378039300441742,-0.230059534311295,1,,,,,,,,,,,,,,,,
,3952583527.34596,203.054100036621,999.808410644531,,,6,,,,30.8455997771861,,,1,,,,,,,,,,,,,,,,,,,,,,202.777420043945,203.284439086914,999.808410644531,999.808410644531,,,5.70840930938721,,1,0,0,0,0,33.2355842590332,2,1,1,203.330780029297,0,203.011930677626,,,3.15209283201455E-5,1.55294957967714E-6,3.1521224090577E-5,1.55295135759742E-6,0.994323551654816,0.996031939983368,30.8609676361084,0,30,4,200,-0.000366111256880686,-0.381295800209045,-0.234001860022545,1,,,,,,,,,,,,,,,,
,3952583537.53713,203.61824798584,999.808410644531,,,6,,,,30.8455997771861,,,1,,,,,,,,,,,,,,,,,,,,,,203.34489440918,203.863739013672,999.808410644531,999.808410644531,,,5.70938730239868,,1,0,0,0,0,33.2355842590332,2,1,1,203.8916015625,0,203.592685275608,,,3.14218244289056E-5,1.5480650910256E-6,3.14221450548842E-5,1.5480669290275E-6,0.994534373283386,0.996559023857117,30.8616790771484,5.36045837402344,30,4,200,-0.000490421196445823,-0.385005414485931,-0.237780883908272,1,,,,,,,,,,,,,,,,
,3952583547.27845,204.157562255859,999.808410644531,,,6,,,,30.8455997771861,,,1,,,,,,,,,,,,,,,,,,,,,,203.8916015625,204.367599487305,999.808410644531,999.808410644531,,,5.71008682250977,,1,0,0,0,0,33.2355842590332,2,1,1,204.423522949219,0,204.121515909831,,,3.13233413369825E-5,1.54322669982563E-6,3.13238451961163E-5,1.54322988731836E-6,0.993139863014221,0.99563854932785,30.865650177002,0.0645688101649284,30,4,200,-0.00047976418863982,-0.388541549444199,-0.241799131035805,1,,,,,,,,,,,,,,,,
,3952583557.01492,204.70915222168,999.808410644531,,,6,,,,30.8455997771861,,,1,,,,,,,,,,,,,,,,,,,,,,204.429275512695,204.945846557617,999.808410644531,999.808410644531,,,5.71094512939453,,1,0,0,0,0,32.7468223571777,2,1,1,204.989028930664,0,204.689663357205,,,3.12041842107783E-5,1.53734687762661E-6,3.12045720618098E-5,1.53734911375346E-6,0.994078874588013,0.996379196643829,30.863338470459,0,30,4,200,-0.000426157552283257,-0.392143398523331,-0.246101677417755,1,,,,,,,,,,,,,,,,
,3952583567.04927,205.301094055176,999.808410644531,,,6,,,,30.8455997771861,,,1,,,,,,,,,,,,,,,,,,,,,,205.000701904297,205.579467773438,999.808410644531,999.808410644531,,,5.71180438995361,,1,0,0,0,0,33.7243423461914,2,1,1,205.601486206055,0,205.274336242676,,,3.10987205574417E-5,1.53215807564335E-6,3.10991946914431E-5,1.53216063579283E-6,0.993332326412201,0.995839595794678,30.865327835083,0,30,4,200,-0.000418907584389672,-0.395155847072601,-0.249951615929604,1,,,,,,,,,,,,,,,,
,3952583585.89287,206.400512695313,999.808410644531,,,6,,,,30.850755549993,,,1,,,,,,,,,,,,,,,,,,,,,,206.10578918457,206.660461425781,999.808410644531,999.808410644531,,,5.71325397491455,,1,0,0,0,0,33.2355842590332,2,1,1,206.695236206055,0,206.379735310872,,,3.08990153943953E-5,1.52230930793317E-6,3.08993512246476E-5,1.52231113297078E-6,0.994392812252045,0.996521294116974,30.8674068450928,0,30,4,200,-0.000521529640536755,-0.404146790504456,-0.258753776550293,1,,,,,,,,,,,,,,,,
,3952583595.59484,206.960609436035,999.808410644531,,,6,,,,30.850755549993,,,1,,,,,,,,,,,,,,,,,,,,,,206.695236206055,207.225982666016,999.808410644531,999.808410644531,,,5.71411991119385,,1,0,0,0,0,34.2131004333496,2,1,1,207.225982666016,0,206.950682067871,,,3.08118272830391E-5,1.51800810174418E-6,3.08121022266496E-5,1.51800930513955E-6,0.995065152645111,0.997155368328094,30.8660259246826,0,30,4,200,-0.000486795295728371,-0.408071577548981,-0.263701975345612,1,,,,,,,,,,,,,,,,
,3952583605.27561,207.509315490723,999.808410644531,,,6,,,,30.850755549993,,,1,,,,,,,,,,,,,,,,,,,,,,207.23503112793,207.740707397461,999.808410644531,999.808410644531,,,5.71524715423584,,1,0,0,0,0.0128173828125,33.2355842590332,2,1,1,207.783599853516,0,207.495291815864,,,3.07204827899224E-5,1.51351876021591E-6,3.07207966934908E-5,1.51352020212604E-6,0.993747353553772,0.995465040206909,30.8670558929443,0,30,4,200,-0.000502835202496499,-0.412320077419281,-0.26805368065834,1,,,,,,,,,,,,,,,,
,3952583615.22758,208.074493408203,999.808410644531,,,6,,,,30.850755549993,,,1,,,,,,,,,,,,,,,,,,,,,,207.783599853516,208.343200683594,999.808410644531,999.808410644531,,,5.71581411361694,,1,0,0,0,0.0128173828125,33.7243423461914,2,1,1,208.365386962891,0,208.05154876709,,,3.06176195452899E-5,1.50844238644435E-6,3.06179164379765E-5,1.50844371450848E-6,0.994770884513855,0.996883749961853,30.8666534423828,0,30,4,200,-0.000432156230090186,-0.415761351585388,-0.272438764572144,1,,,,,,,,,,,,,,,,
,3952583625.19883,208.636611938477,999.808410644531,,,6,,,,30.850755549993,,,1,,,,,,,,,,,,,,,,,,,,,,208.365386962891,208.858474731445,999.808410644531,999.808410644531,,,5.71638822555542,,1,0,0,0,0.0128173828125,33.2355842590332,2,1,1,208.907836914062,0,208.606033325195,,,3.0493913974841E-5,1.50237159061949E-6,3.04944660265205E-5,1.50237392481044E-6,0.992320418357849,0.994912922382355,30.872537612915,0,30,4,200,-0.000371110072592273,-0.418673515319824,-0.276424646377563,1,,,,,,,,,,,,,,,,
,3952583634.84255,209.191703796387,999.808410644531,,,6,,,,30.850755549993,,,1,,,,,,,,,,,,,,,,,,,,,,208.907836914062,209.409088134766,999.808410644531,999.808410644531,,,5.71734666824341,,1,0,0,0,0,33.2355842590332,2,1,1,209.475570678711,0,209.168493270874,,,3.03936505639138E-5,1.49741300269146E-6,3.03940308448363E-5,1.49741472610538E-6,0.994180500507355,0.99666154384613,30.868803024292,8.23527386728529E-7,30,4,200,-0.000433475361205637,-0.42168191075325,-0.279194861650467,1,,,,,,,,,,,,,,,,
,3952583653.28213,210.276565551758,999.808410644531,,,6,,,,30.8559828749941,,,1,,,,,,,,,,,,,,,,,,,,,,209.999526977539,210.521255493164,999.808410644531,999.808410644531,,,5.71865749359131,,1,0,0,0,0,33.2355842590332,2,1,1,210.553604125977,0,210.266150580512,,,3.02144585415245E-5,1.48860585612207E-6,3.02148830677415E-5,1.48860829407686E-6,0.992130100727081,0.993908047676086,30.8748512268066,0,30,4,200,-0.000549936608877033,-0.429988592863083,-0.286946773529053,1,,,,,,,,,,,,,,,,
,3952583663.179,210.853309631348,999.808410644531,,,6,,,,30.8559828749941,,,1,,,,,,,,,,,,,,,,,,,,,,210.553604125977,211.084579467773,999.808410644531,999.808410644531,,,5.7197265625,,1,0,0,0,0,33.2355842590332,2,1,1,211.153015136719,0,210.817974514431,,,3.01103453518237E-5,1.48344544147959E-6,3.01105573613038E-5,1.48344678202136E-6,0.995453953742981,0.997103154659271,30.8692474365234,0,30,4,200,-0.000453716027550399,-0.432860970497131,-0.291882187128067,1,,,,,,,,,,,,,,,,
,3952583673.15289,211.455474853516,999.808410644531,,,6,,,,30.8559828749941,,,1,,,,,,,,,,,,,,,,,,,,,,211.161483764648,211.704284667969,999.808410644531,999.808410644531,,,5.72048139572144,,1,0,0,0,0,32.7468223571777,2,1,1,211.749465942383,0,211.427152845595,,,3.00369228016256E-5,1.47983764212818E-6,3.00372590285267E-5,1.47983943341201E-6,0.994226098060608,0.99634325504303,30.8729038238525,0,30,4,200,-0.000521520152688026,-0.437698900699615,-0.296261072158814,1,,,,,,,,,,,,,,,,
,3952583682.86641,212.015678405762,999.808410644531,,,6,,,,30.8559828749941,,,1,,,,,,,,,,,,,,,,,,,,,,211.749465942383,212.225662231445,999.808410644531,999.808410644531,,,5.72111225128174,,1,0,0,0,0,33.2355842590332,2,1,1,212.281890869141,0,211.987699720595,,,2.99279580079484E-5,1.47447069883312E-6,2.99283208110918E-5,1.47447292108745E-6,0.994032740592957,0.996208190917969,30.8734283447266,0,30,4,200,-0.000517842941917479,-0.441551893949509,-0.301070690155029,1,,,,,,,,,,,,,,,,
,3952583692.5998,212.580451965332,999.808410644531,,,6,,,,30.8559828749941,,,1,,,,,,,,,,,,,,,,,,,,,,212.302185058594,212.800338745117,999.808410644531,999.808410644531,,,5.72239685058594,,1,0,0,0,0,33.2355842590332,2,1,1,212.85871887207,0,212.548863728841,,,2.98339103958249E-5,1.46983630483565E-6,2.98342869547514E-5,1.46983846230054E-6,0.994134902954102,0.996522665023804,30.8738689422607,0.0866168737411499,30,4,200,-0.000521322072017938,-0.445989012718201,-0.305667221546173,1,,,,,,,,,,,,,,,,
,3952583702.61265,213.147521972656,999.808410644531,,,6,,,,30.8559828749941,,,1,,,,,,,,,,,,,,,,,,,,,,212.85871887207,213.414108276367,999.808410644531,999.808410644531,,,5.72295999526978,,1,0,0,0,0,33.2355842590332,2,1,1,213.436325073242,0,213.141397094727,,,2.97237109710788E-5,1.46441113074767E-6,2.97241121700746E-5,1.46441287138146E-6,0.993714094161987,0.996140539646149,30.8747673034668,0,30,4,200,-0.000541761750355363,-0.450615972280502,-0.310617834329605,1,,,,,,,,,,,,,,,,
,3952583721.47645,214.254791259766,999.808410644531,,,6,,,,30.8613317077617,,,1,,,,,,,,,,,,,,,,,,,,,,213.972564697266,214.505233764648,999.808410644531,999.808410644531,,,5.72480058670044,,1,0,0,0,0,33.2355842590332,2,1,1,214.537017822266,0,214.217471652561,,,2.95516833493643E-5,1.45592908934985E-6,2.95519490480692E-5,1.45593039533875E-6,0.994457840919495,0.996188461780548,30.8765697479248,0,30,4,200,-0.000530707475263625,-0.458722054958343,-0.319686353206634,1,,,,,,,,,,,,,,,,
,3952583731.22799,214.862571716309,999.808410644531,,,6,,,,30.8613317077617,,,1,,,,,,,,,,,,,,,,,,,,,,214.571960449219,215.141387939453,999.808410644531,999.808410644531,,,5.72556591033936,,1,0,0,0,0,33.2355842590332,2,1,1,215.153182983398,0,214.857264200846,,,2.94466601602539E-5,1.45075641884906E-6,2.94469410891739E-5,1.45075827414939E-6,0.994274199008942,0.995967328548431,30.8767242431641,0,30,4,200,-0.000511969963554293,-0.462664842605591,-0.324214607477188,1,,,,,,,,,,,,,,,,
,3952583740.94034,215.426605224609,999.808410644531,,,6,,,,30.8613317077617,,,1,,,,,,,,,,,,,,,,,,,,,,215.159515380859,215.651580810547,999.808410644531,999.808410644531,,,5.72666883468628,,1,0,0,0,0,33.7243423461914,2,1,1,215.693695068359,0,215.390489366319,,,2.93613407303829E-5,1.44654741044446E-6,2.9361580530135E-5,1.44654863927432E-6,0.994971632957459,0.996736645698547,30.8758182525635,,30,4,200,-0.000490430626086891,-0.466917395591736,-0.329029887914658,1,,,,,,,,,,,,,,,,
,3952583751.0803,216.017303466797,999.808410644531,,,6,,,,30.8613317077617,,,1,,,,,,,,,,,,,,,,,,,,,,215.73176574707,216.27278137207,999.808410644531,999.808410644531,,,5.72783041000366,,1,0,0,0,0,32.7468223571777,2,1,1,216.302841186523,0,215.992134941949,,,2.93194288406037E-5,1.44452349212716E-6,2.93198399141599E-5,1.44452532515202E-6,0.990949034690857,0.992488741874695,30.8804588317871,0,30,4,200,-0.000380449055228382,-0.471529692411423,-0.333794206380844,1,,,,,,,,,,,,,,,,
,3952583760.96685,216.573440551758,999.808410644531,,,6,,,,30.8613317077617,,,1,,,,,,,,,,,,,,,,,,,,,,216.302841186523,216.800598144531,999.808410644531,999.808410644531,,,5.72913026809692,,1,0,0,0,0,33.2355842590332,2,1,1,216.863327026367,0,216.553794013129,,,2.91644844532173E-5,1.43686047986815E-6,2.91648976441931E-5,1.43686246935914E-6,0.993608772754669,0.996090650558472,30.8804779052734,0,30,4,200,-0.000534167687874287,-0.474424719810486,-0.337336540222168,1,,,,,,,,,,,,,,,,
,3952583770.70284,217.138862609863,999.808410644531,,,6,,,,30.8613317077617,,,1,,,,,,,,,,,,,,,,,,,,,,216.863327026367,217.372009277344,999.808410644531,999.808410644531,,,5.72988700866699,,1,0,0,0,0,33.2355842590332,2,1,1,217.414398193359,0,217.110375298394,,,2.91106705020823E-5,1.4341990599119E-6,2.91109537672822E-5,1.43420030790315E-6,0.994860053062439,0.997050702571869,30.8772735595703,0,30,4,200,-0.000482795818243176,-0.478311806917191,-0.341801404953003,1,,,,,,,,,,,,,,,,
,3952583788.87397,218.176277160645,999.808410644531,,,6,,,,30.8667723899845,,,1,,,,,,,,,,,,,,,,,,,,,,217.901809692383,218.428955078125,999.808410644531,999.808410644531,,,5.73166036605835,,1,0,0,0,0,32.7468223571777,2,1,1,218.450744628906,0,218.154346042209,,,2.89076596072654E-5,1.42419671284769E-6,2.89078968609259E-5,1.42419801082811E-6,0.994890987873077,0.99660724401474,30.8812370300293,0,30,4,200,-0.000426505808718503,-0.484966605901718,-0.349462032318115,1,,,,,,,,,,,,,,,,
,3952583798.49407,218.728012084961,999.808410644531,,,6,,,,30.8667723899845,,,1,,,,,,,,,,,,,,,,,,,,,,218.450744628906,218.961639404297,999.808410644531,999.808410644531,,,5.73267984390259,,1,0,0,0,0.0141143798828125,33.7243423461914,2,1,1,219.005279541016,0,218.699254353841,,,2.88116929982863E-5,1.41947009885651E-6,2.88119574256049E-5,1.419471751224E-6,0.99471527338028,0.99655020236969,30.8819332122803,2.03095680717524E-7,30,4,200,-0.000418433977756649,-0.488110274076462,-0.353275209665298,1,,,,,,,,,,,,,,,,
,3952583808.55662,219.319030761719,999.808410644531,,,6,,,,30.8667723899845,,,1,,,,,,,,,,,,,,,,,,,,,,219.038421630859,219.566833496094,999.808410644531,999.808410644531,,,5.7340407371521,,1,0,0,0,0.0128173828125,33.2355842590332,2,1,1,219.599639892578,0,219.290520562066,,,2.87344781784598E-5,1.41566501257382E-6,2.87347377374555E-5,1.4156667297168E-6,0.994807422161102,0.996634960174561,30.8817481994629,0,30,4,200,-0.000384918152121827,-0.491567343473434,-0.357048869132996,1,,,,,,,,,,,,,,,,
,3952583818.33885,219.888328552246,999.808410644531,,,6,,,,30.8667723899845,,,1,,,,,,,,,,,,,,,,,,,,,,219.599639892578,220.177017211914,999.808410644531,999.808410644531,,,5.73480844497681,,1,0,0,0,0.0128173828125,33.2355842590332,2,1,1,220.177017211914,0,219.873854064941,,,2.86659856910612E-5,1.41229748007839E-6,2.86663937704613E-5,1.4122997602439E-6,0.994006872177124,0.996732592582703,30.8857975006103,0,30,4,200,-0.00048777979100123,-0.495529025793076,-0.360767543315887,1,,,,,,,,,,,,,,,,
,3952583828.11381,220.464820861816,999.808410644531,,,6,,,,30.8667723899845,,,1,,,,,,,,,,,,,,,,,,,,,,220.188690185547,220.719528198242,999.808410644531,999.808410644531,,,5.73624467849731,,1,0,0,0,0.0128173828125,32.7468223571777,2,1,1,220.740951538086,0,220.47072007921,,,2.85866845206798E-5,1.4083876780531E-6,2.85870738913726E-5,1.40839025884022E-6,0.99430239200592,0.997018933296204,30.8851566314697,4.36154692806667E-7,30,4,200,-0.000478440517326817,-0.49948188662529,-0.365079790353775,1,,,,,,,,,,,,,,,,
,3952583838.0848,221.035362243652,999.808410644531,,,6,,,,30.8667723899845,,,1,,,,,,,,,,,,,,,,,,,,,,220.751693725586,221.286407470703,999.808410644531,999.808410644531,,,5.73652601242065,,1,0,0,0,0,33.2355842590332,2,1,1,221.319030761719,0,221.027297973633,,,2.86983849097775E-5,1.41401871719701E-6,2.86986250631126E-5,1.4140204270306E-6,0.985402941703796,0.985901772975922,30.8811073303223,0,30,4,200,0.000790458696428686,-0.501055538654327,-0.362529247999191,1,,,,,,,,,,,,,,,,
,3952583856.97453,222.079093933105,999.808410644531,,,6,,,,30.8720727161285,,,1,,,,,,,,,,,,,,,,,,,,,,221.807373046875,222.322067260742,999.808410644531,999.808410644531,,,5.73881340026855,,1,0,0,0,0,33.2355842590332,2,1,1,222.350814819336,0,222.055725097656,,,2.83027859060619E-5,1.39439395010386E-6,2.83029636338781E-5,1.3943950110801E-6,0.995207726955414,0.99654620885849,30.8846530914307,,30,4,200,-0.000924309249967337,-0.51229602098465,-0.37675079703331,1,,,,,,,,,,,,,,,,
,3952583866.65775,222.643669128418,999.808410644531,,,6,,,,30.8720727161285,,,1,,,,,,,,,,,,,,,,,,,,,,222.360122680664,222.829879760742,999.808410644531,999.808410644531,,,5.73977136611938,,1,0,0,0,0,32.7468223571777,2,1,1,222.927215576172,0,222.609594345093,,,2.82624094447521E-5,1.39240794205943E-6,2.82626206394173E-5,1.3924089661787E-6,0.994795441627502,0.996310353279114,30.8859748840332,0,30,4,200,-0.000624380598310381,-0.518741548061371,-0.385152101516724,1,,,,,,,,,,,,,,,,
,3952583876.3279,223.184135437012,999.808410644531,,,6,,,,30.8720727161285,,,1,,,,,,,,,,,,,,,,,,,,,,222.94140625,223.401138305664,999.808410644531,999.808410644531,,,5.7409873008728,,1,0,0,0,0,33.2355842590332,2,1,1,223.426864624023,0,223.15926445855,,,2.81852926817134E-5,1.38861151495961E-6,2.81856011584134E-5,1.38861289560458E-6,0.994408071041107,0.996628105640411,30.8889675140381,0,30,4,200,-0.000617629732005298,-0.524023711681366,-0.390716195106506,1,,,,,,,,,,,,,,,,
,3952583886.28894,223.729507446289,999.808410644531,,,6,,,,30.8720727161285,,,1,,,,,,,,,,,,,,,,,,,,,,223.426864624023,224.006072998047,999.808410644531,999.808410644531,,,5.74212121963501,,1,0,0,0,0,33.2355842590332,2,1,1,224.032150268555,0,223.708953857422,,,2.80667898330668E-5,1.3827844857151E-6,2.80672154949557E-5,1.38278590406648E-6,0.99307256937027,0.995560467243195,30.8922100067139,0,30,4,200,-0.000579013722017407,-0.529149770736694,-0.396604627370834,1,,,,,,,,,,,,,,,,
,3952583896.2406,224.319152832031,999.808410644531,,,6,,,,30.8720727161285,,,1,,,,,,,,,,,,,,,,,,,,,,224.032150268555,224.55158996582,999.808410644531,999.808410644531,,,5.74376630783081,,1,0,0,0,0,33.2355842590332,2,1,1,224.606155395508,0,224.303816053602,,,2.80149533830511E-5,1.38022380052271E-6,2.80153682173052E-5,1.3802259099351E-6,0.993856012821198,0.996654748916626,30.8915882110596,0,30,4,200,-0.000612951233051717,-0.534550786018372,-0.401994645595551,1,,,,,,,,,,,,,,,,
,3952583905.94678,224.896598815918,999.808410644531,,,6,,,,30.8720727161285,,,1,,,,,,,,,,,,,,,,,,,,,,224.606155395508,225.160629272461,999.808410644531,999.808410644531,,,5.74501466751099,,1,0,0,0,0,33.2355842590332,2,1,1,225.187042236328,0,224.900646633572,,,2.79126556073873E-5,1.37518078536927E-6,2.7913003879022E-5,1.37518263998831E-6,0.994223296642303,0.996666252613068,30.8899364471436,0,30,4,200,-0.000560643966309726,-0.538852095603943,-0.407275378704071,1,,,,,,,,,,,,,,,,
,3952583924.23377,226.015441894531,999.808410644531,,,6,,,,30.8778392375284,,,1,,,,,,,,,,,,,,,,,,,,,,225.720626831055,226.279357910156,999.808410644531,999.808410644531,,,5.74772644042969,,1,0,0,0,0,33.7243423461914,2,1,1,226.310256958008,0,226.015126546224,,,2.77856822783165E-5,1.36892012010208E-6,2.77858820904262E-5,1.36892134318525E-6,0.994885742664337,0.996317565441132,30.8912792205811,0,30,4,200,-0.000458914815681055,-0.546923696994782,-0.416696608066559,1,,,,,,,,,,,,,,,,
,3952583933.98763,226.598411560059,999.808410644531,,,6,,,,30.8778392375284,,,1,,,,,,,,,,,,,,,,,,,,,,226.317565917969,226.829803466797,999.808410644531,999.808410644531,,,5.74950790405273,,1,0,0,0,0,33.2355842590332,2,1,1,226.879257202148,0,226.55950249566,,,2.7675986654877E-5,1.36351686257355E-6,2.76762408566053E-5,1.36351864366855E-6,0.994672000408173,0.996446013450623,30.8928737640381,3.99165797233582,30,4,200,-0.000372189184417948,-0.549993634223938,-0.420594036579132,1,,,,,,,,,,,,,,,,
,3952583944.14806,227.174346923828,999.808410644531,,,6,,,,30.8778392375284,,,1,,,,,,,,,,,,,,,,,,,,,,226.895965576172,227.396011352539,999.808410644531,999.808410644531,,,5.75115013122559,,1,0,0,0,0,33.7243423461914,2,1,1,227.452728271484,0,227.149225870768,,,2.75817082101434E-5,1.35887188326581E-6,2.75820041543841E-5,1.35887387701817E-6,0.99472850561142,0.996956288814545,30.894136428833,0,30,4,200,-0.000388716900488362,-0.553104281425476,-0.423895567655563,1,,,,,,,,,,,,,,,,
,3952583953.82159,227.732879638672,999.808410644531,,,6,,,,30.8778392375284,,,1,,,,,,,,,,,,,,,,,,,,,,227.452728271484,227.967712402344,999.808410644531,999.808410644531,,,5.75307369232178,,1,0,0,0,0,33.2355842590332,2,1,1,228.013031005859,0,227.694869995117,,,2.75006978003065E-5,1.35488622427952E-6,2.75010223932738E-5,1.3548882741985E-6,0.994062423706055,0.996169149875641,30.89501953125,5.05693220631542E-9,30,4,200,-0.000373571558156982,-0.55620151758194,-0.427446305751801,1,,,,,,,,,,,,,,,,
,3952583963.62986,228.308746337891,999.808410644531,,,6,,,,30.8778392375284,,,1,,,,,,,,,,,,,,,,,,,,,,228.033813476562,228.548294067383,999.808410644531,999.808410644531,,,5.75482606887817,,1,0,0,0,0,33.2355842590332,2,1,1,228.583679199219,0,228.29342312283,,,2.74099483429947E-5,1.35041298081632E-6,2.74102237927356E-5,1.35041438810767E-6,0.99431711435318,0.996220946311951,30.8939075469971,0.0603921487927437,30,4,200,-0.000394372211303562,-0.559106886386871,-0.430763423442841,1,,,,,,,,,,,,,,,,
,3952583973.62862,228.909469604492,999.808410644531,,,6,,,,30.8778392375284,,,1,,,,,,,,,,,,,,,,,,,,,,228.583679199219,229.213241577148,999.808410644531,999.808410644531,,,5.75702476501465,,1,0,0,0,0,33.2355842590332,2,1,1,229.235260009766,0,228.920811971029,,,2.73411179437558E-5,1.34703844456517E-6,2.73415400778824E-5,1.34704063161849E-6,0.992478907108307,0.994620740413666,30.8977508544922,0,30,4,200,-0.000469110673293471,-0.56340628862381,-0.43488821387291,1,,,,,,,,,,,,,,,,
,3952583992.4821,230.066528320313,999.808410644531,,,6,,,,30.8837301546085,,,1,,,,,,,,,,,,,,,,,,,,,,229.776702880859,230.324783325195,999.808410644531,999.808410644531,,,5.76064014434814,,1,0,0,0,0,33.2355842590332,2,1,1,230.356353759766,0,230.036983913846,,,2.72041448195478E-5,1.34027555861495E-6,2.72043799185676E-5,1.34027674050333E-6,0.994092643260956,0.995598137378693,30.8986511230469,0,30,4,200,-0.000427759892772883,-0.569865226745605,-0.442205667495728,1,,,,,,,,,,,,,,,,
,3952584002.23203,230.629272460938,999.808410644531,,,6,,,,30.8837301546085,,,1,,,,,,,,,,,,,,,,,,,,,,230.356353759766,230.821762084961,999.808410644531,999.808410644531,,,5.76286029815674,,1,0,0,0,0,33.2355842590332,2,1,1,230.902191162109,0,230.594324747721,,,2.71096737762204E-5,1.33561529713008E-6,2.71098976113077E-5,1.33561659741901E-6,0.994866013526916,0.996565997600555,30.8981838226318,0,30,4,200,-0.000370657391613349,-0.57205992937088,-0.445232927799225,1,,,,,,,,,,,,,,,,
,3952584011.96067,231.181182861328,999.808410644531,,,6,,,,30.8837301546085,,,1,,,,,,,,,,,,,,,,,,,,,,230.902191162109,231.417083740234,999.808410644531,999.808410644531,,,5.76494598388672,,1,0,0,0,0,33.2355842590332,2,1,1,231.460174560547,0,231.159476386176,,,2.70361965912972E-5,1.33201457877961E-6,2.70366389236879E-5,1.33201703231098E-6,0.992585241794586,0.994906663894653,30.9041347503662,,30,4,200,-0.000257388310274109,-0.574878692626953,-0.448570877313614,1,,,,,,,,,,,,,,,,
,3952584022.15679,231.78458404541,999.808410644531,,,6,,,,30.8837301546085,,,1,,,,,,,,,,,,,,,,,,,,,,231.491149902344,232.043426513672,999.808410644531,999.808410644531,,,5.76749706268311,,1,0,0,0,0,33.7243423461914,2,1,1,232.078018188477,0,231.760172526042,,,2.69448722932002E-5,1.32749900167045E-6,2.6945127822041E-5,1.32750045960926E-6,0.994449138641357,0.996252655982971,30.8992366790771,0,30,4,200,-0.00028280055266805,-0.576703250408173,-0.451141208410263,1,,,,,,,,,,,,,,,,
,3952584031.98963,232.360633850098,999.808410644531,,,6,,,,30.8837301546085,,,1,,,,,,,,,,,,,,,,,,,,,,232.078018188477,232.585220336914,999.808410644531,999.808410644531,,,5.76966905593872,,1,0,0,0,0,33.7243423461914,2,1,1,232.643249511719,0,232.32777065701,,,2.68896450944837E-5,1.32478539771847E-6,2.68900089189694E-5,1.32478722390656E-6,0.993559658527374,0.995855629444122,30.9024028778076,0,30,4,200,-0.000319585611578077,-0.579253435134888,-0.45364847779274,1,,,,,,,,,,,,,,,,
,3952584050.52806,233.454727172852,999.808410644531,,,6,,,,30.8887579737552,,,1,,,,,,,,,,,,,,,,,,,,,,233.175094604492,233.734359741211,999.808410644531,999.808410644531,,,5.77445125579834,,1,0,0,0,0,33.7243423461914,2,1,1,233.734359741211,0,233.464199490017,,,2.67065081214762E-5,1.31576921733223E-6,2.67067790073838E-5,1.31577087549923E-6,0.992807149887085,0.994171380996704,30.9047222137451,0,30,4,200,-0.000175487788510509,-0.582860708236694,-0.458918571472168,1,,,,,,,,,,,,,,,,
,3952584060.23027,234.018684387207,999.808410644531,,,6,,,,30.8887579737552,,,1,,,,,,,,,,,,,,,,,,,,,,233.753448486328,234.247894287109,999.808410644531,999.808410644531,,,5.77709054946899,,1,0,0,0,0,32.2580642700195,2,1,1,234.283920288086,0,233.99006652832,,,2.66184848898135E-5,1.31141139674005E-6,2.66186282048566E-5,1.31141260801018E-6,0.995652318000793,0.99684065580368,30.9000682830811,,30,4,200,-0.000348463596310466,-0.584928631782532,-0.46058851480484,1,,,,,,,,,,,,,,,,
,3952584070.36269,234.593696594238,999.808410644531,,,6,,,,30.8887579737552,,,1,,,,,,,,,,,,,,,,,,,,,,234.306793212891,234.854568481445,999.808410644531,999.808410644531,,,5.7798638343811,,1,0,0,0,0.0141143798828125,33.2355842590332,2,1,1,234.880599975586,0,234.580493503147,,,2.65568062385448E-5,1.30837989674323E-6,2.65570495999264E-5,1.30838178875454E-6,0.994495332241058,0.99614429473877,30.9036388397217,INF,30,4,200,-0.000301794905681163,-0.587467074394226,-0.463644117116928,1,,,,,,,,,,,,,,,,
,3952584080.11107,235.154441833496,999.808410644531,,,6,,,,30.8887579737552,,,1,,,,,,,,,,,,,,,,,,,,,,234.880599975586,235.384689331055,999.808410644531,999.808410644531,,,5.78262567520142,,1,0,0,0,0,32.2580642700195,2,1,1,235.428283691406,0,235.127756754557,,,2.64722796813261E-5,1.30420939334686E-6,2.64724580344471E-5,1.30421079369911E-6,0.995393753051758,0.996855080127716,30.9015026092529,3.54085045728425E-6,30,4,200,-0.000418322655605152,-0.590706646442413,-0.466383665800095,1,,,,,,,,,,,,,,,,
,3952584089.79663,235.711585998535,999.808410644531,,,6,,,,30.8887579737552,,,1,,,,,,,,,,,,,,,,,,,,,,235.428283691406,235.970352172852,999.808410644531,999.808410644531,,,5.78529787063599,,1,0,0,0,0,33.7243423461914,2,1,1,235.994888305664,0,235.693098280165,,,2.63762893687945E-5,1.29947929949015E-6,2.63764501900682E-5,1.29948071597331E-6,0.995597958564758,0.996939897537231,30.9007434844971,0.0592314340174198,30,4,200,-0.000250591838266701,-0.592760622501373,-0.469952523708343,1,,,,,,,,,,,,,,,,
,3952584108.15678,236.81078338623,999.808410644531,,,6,,,,30.893794576156,,,1,,,,,,,,,,,,,,,,,,,,,,236.540588378906,237.059173583984,999.808410644531,999.808410644531,,,5.79024267196655,,1,0,0,0,0,34.2131004333496,2,1,1,237.080978393555,0,236.809826321072,,,2.62589419943467E-5,1.2937006473385E-6,2.62591238849929E-5,1.29370175944676E-6,0.995120823383331,0.996583521366119,30.9069862365723,0.186553075909615,30,4,200,-0.000310600618831813,-0.596428632736206,-0.473901301622391,1,,,,,,,,,,,,,,,,
,3952584117.98896,237.359802246094,999.808410644531,,,6,,,,30.893794576156,,,1,,,,,,,,,,,,,,,,,,,,,,237.080978393555,237.576141357422,999.808410644531,999.808410644531,,,5.79323768615723,,1,0,0,0,0,33.2355842590332,2,1,1,237.638626098633,0,237.326410929362,,,2.61763315028904E-5,1.28963293241161E-6,2.6176477998849E-5,1.28963397716585E-6,0.994785726070404,0.995802819728851,30.9055137634277,0,30,4,200,-0.000194488544366322,-0.598320305347443,-0.476813554763794,1,,,,,,,,,,,,,,,,
,3952584127.9128,237.925262451172,999.808410644531,,,6,,,,30.893794576156,,,1,,,,,,,,,,,,,,,,,,,,,,237.660522460938,238.168350219727,999.808410644531,999.808410644531,,,5.79643774032593,,1,0,0,0,0,33.7243423461914,2,1,1,238.190002441406,0,237.912618001302,,,2.61098633280367E-5,1.28635744488389E-6,2.61100446559065E-5,1.28635861720531E-6,0.994868397712707,0.996222913265228,30.9069519042969,0.186555862426758,30,4,200,-0.00022972872829996,-0.599755108356476,-0.478504121303558,1,,,,,,,,,,,,,,,,
,3952584137.66846,238.511024475098,999.808410644531,,,6,,,,30.893794576156,,,1,,,,,,,,,,,,,,,,,,,,,,238.21354675293,238.808502197266,999.808410644531,999.808410644531,,,5.79990863800049,,1,0,0,0,0,33.2355842590332,2,1,1,238.808502197266,0,238.501132202148,,,2.60549334613053E-5,1.28365846780318E-6,2.60551289649561E-5,1.28365931026877E-6,0.993897259235382,0.995147228240967,30.9078121185303,,30,4,200,-0.000189728569239378,-0.60164612531662,-0.480413675308228,1,,,,,,,,,,,,,,,,
,3952584147.46727,239.077835083008,999.808410644531,,,6,,,,30.893794576156,,,1,,,,,,,,,,,,,,,,,,,,,,238.821136474609,239.293807983398,999.808410644531,999.808410644531,,,5.80323362350464,,1,0,0,0,0,33.2355842590332,2,1,1,239.334533691406,0,239.058515760634,,,2.59461224923367E-5,1.27829672250025E-6,2.59464041860395E-5,1.27829825806622E-6,0.994009971618652,0.995929419994354,30.910436630249,0,30,4,200,-0.000168148297234438,-0.602070212364197,-0.481287509202957,1,,,,,,,,,,,,,,,,
,3952584165.7165,240.133529663086,999.808410644531,,,6,,,,30.8988487478653,,,1,,,,,,,,,,,,,,,,,,,,,,239.881240844727,240.367813110352,999.808410644531,999.808410644531,,,5.81026601791382,,1,0,0,0,0,33.7243423461914,2,1,1,240.385818481445,0,240.126720852322,,,2.5814378993707E-5,1.27179847176215E-6,2.58145008699874E-5,1.2717995526974E-6,0.995093882083893,0.995959222316742,30.9093856811523,4.18937986523815E-7,30,4,200,-0.000150680512888357,-0.603862524032593,-0.48396161198616,1,,,,,,,,,,,,,,,,
,3952584175.78768,240.698944091797,999.808410644531,,,6,,,,30.8988487478653,,,1,,,,,,,,,,,,,,,,,,,,,,240.397277832031,240.977020263672,999.808410644531,999.808410644531,,,5.81456756591797,,1,0,0,0,0,33.7243423461914,2,1,1,241.000610351562,0,240.693696594238,,,2.57458058752568E-5,1.26846691460812E-6,2.57462380770845E-5,1.26846940498518E-6,0.990113437175751,0.991747796535492,30.9194717407227,,30,4,200,-0.000187974525033496,-0.605718731880188,-0.485153436660767,1,,,,,,,,,,,,,,,,
,3952584185.84194,241.278907775879,999.808410644531,,,6,,,,30.8988487478653,,,1,,,,,,,,,,,,,,,,,,,,,,241.008728027344,241.496658325195,999.808410644531,999.808410644531,,,5.81960535049438,,1,0,0,0,0,33.2355842590332,2,1,1,241.549087524414,0,241.253709581163,,,2.56703693292259E-5,1.26470095935074E-6,2.56704934354207E-5,1.26470192998946E-6,0.995479345321655,0.996492505073547,30.9096488952637,5.36039018630981,30,4,200,-0.000149379236972891,-0.605548739433289,-0.48685297369957,1,,,,,,,,,,,,,,,,
,3952584195.65226,241.82593536377,999.808410644531,,,6,,,,30.8988487478653,,,1,,,,,,,,,,,,,,,,,,,,,,241.558319091797,242.06819152832,999.808410644531,999.808410644531,,,5.82418203353882,,1,0,0,0,0,33.7243423461914,2,1,1,242.093551635742,0,241.814037746853,,,2.55973180462651E-5,1.26110631136767E-6,2.55974720265633E-5,1.26110764702088E-6,0.994821310043335,0.995888233184814,30.9107723236084,0.0442979224026203,30,4,200,-0.000234175531659275,-0.607286393642426,-0.487998276948929,1,,,,,,,,,,,,,,,,
,3952584205.62513,242.414268493652,999.808410644531,,,6,,,,30.8988487478653,,,1,,,,,,,,,,,,,,,,,,,,,,242.105377197266,242.701995849609,999.808410644531,999.808410644531,,,5.82919645309448,,1,0,0,0,0,33.7243423461914,2,1,1,242.723159790039,0,242.400778198242,,,2.55448394864304E-5,1.25851593184915E-6,2.55449474785586E-5,1.25851691243176E-6,0.995614945888519,0.996488332748413,30.9087944030762,0.0582846142351627,30,4,200,-0.000488266552565619,-0.611003816127777,-0.490123689174652,1,,,,,,,,,,,,,,,,
,3952584224.47944,243.511787414551,999.808410644531,,,6,,,,30.9040661013626,,,1,,,,,,,,,,,,,,,,,,,,,,243.220474243164,243.773422241211,999.808410644531,999.808410644531,,,5.8396692276001,,1,0,0,0,0,33.7243423461914,2,1,1,243.803100585938,0,243.488498263889,,,2.53884690639538E-5,1.25081512142667E-6,2.5388570680372E-5,1.25081575663499E-6,0.995089471340179,0.995861887931824,30.9140758514404,0,30,4,200,-0.000371506379451603,-0.615375638008118,-0.496398687362671,1,,,,,,,,,,,,,,,,
,3952584234.23508,244.079154968262,999.808410644531,,,6,,,,30.9040661013626,,,1,,,,,,,,,,,,,,,,,,,,,,243.822708129883,244.267364501953,999.808410644531,999.808410644531,,,5.84540987014771,,1,0,0,0,0,33.2355842590332,2,1,1,244.335601806641,0,244.038530137804,,,2.53367785282766E-5,1.2482675622199E-6,2.53369109835633E-5,1.24826849692157E-6,0.995240032672882,0.996298730373383,30.9154033660889,1,30,4,200,-0.000316248508170247,-0.618233859539032,-0.499757409095764,1,,,,,,,,,,,,,,,,
,3952584243.94088,244.635848999023,999.808410644531,,,6,,,,30.9040661013626,,,1,,,,,,,,,,,,,,,,,,,,,,244.343063354492,244.897308349609,999.808410644531,999.808410644531,,,5.85159349441528,,1,0,0,0,0,33.2355842590332,2,1,1,244.928634643555,0,244.631115383572,,,2.52839885583872E-5,1.24566622981903E-6,2.52841151066306E-5,1.2456670686556E-6,0.995256841182709,0.996280550956726,30.9152145385742,0.0579845570027828,30,4,200,-0.000284151523374021,-0.620826482772827,-0.502693474292755,1,,,,,,,,,,,,,,,,
,3952584253.92042,245.234756469727,999.808410644531,,,6,,,,30.9040661013626,,,1,,,,,,,,,,,,,,,,,,,,,,244.928634643555,245.520141601562,999.808410644531,999.808410644531,,,5.85860443115234,,1,0,0,0,0,33.2355842590332,2,1,1,245.540878295898,0,245.224562072754,,,2.52096010799138E-5,1.24200681123484E-6,2.52098709322173E-5,1.24200843148476E-6,0.99443656206131,0.996513903141022,30.9204864501953,5.36002445220947,30,4,200,-0.000320314720738679,-0.623201549053192,-0.505401730537415,1,,,,,,,,,,,,,,,,
,3952584263.84892,245.807273864746,999.808410644531,,,6,,,,30.9040661013626,,,1,,,,,,,,,,,,,,,,,,,,,,245.540878295898,246.02880859375,999.808410644531,999.808410644531,,,5.86534643173218,,1,0,0,0,0,33.2355842590332,2,1,1,246.073669433594,0,245.792955186632,,,2.51390893241881E-5,1.23854464288665E-6,2.51393691773462E-5,1.23854613450023E-6,0.99292927980423,0.994509935379028,30.9209461212158,1.94043641386088E-5,30,4,200,-0.000230780919082463,-0.625839471817017,-0.508501172065735,1,,,,,,,,,,,,,,,,
,3952584282.32829,246.849884033203,999.808410644531,,,6,,,,30.909313562083,,,1,,,,,,,,,,,,,,,,,,,,,,246.582763671875,247.058822631836,999.808410644531,999.808410644531,,,5.87950754165649,,1,0,0,0,0,33.2355842590332,2,1,1,247.117004394531,0,246.81548055013,,,2.50239213697649E-5,1.23285263285881E-6,2.50240165264822E-5,1.23285365474514E-6,0.995414018630982,0.996116161346436,30.918550491333,0.0576815940439701,30,4,200,-0.000306550384266302,-0.630423665046692,-0.513350605964661,1,,,,,,,,,,,,,,,,
,3952584292.05144,247.410980224609,999.808410644531,,,6,,,,30.909313562083,,,1,,,,,,,,,,,,,,,,,,,,,,247.138916015625,247.661422729492,999.808410644531,999.808410644531,,,5.88708257675171,,1,0,0,0,0,33.2355842590332,2,1,1,247.683044433594,0,247.397559271918,,,2.49284874267675E-5,1.22814810931147E-6,2.4928555773319E-5,1.22814885993944E-6,0.995970785617828,0.99653971195221,30.9171314239502,,30,4,200,-0.000301059189951047,-0.632388472557068,-0.516233563423157,1,,,,,,,,,,,,,,,,
,3952584302.0391,248.01594543457,999.808410644531,,,6,,,,30.909313562083,,,1,,,,,,,,,,,,,,,,,,,,,,247.683044433594,248.348846435547,999.808410644531,999.808410644531,,,5.89607810974121,,1,0,0,0,0,33.2355842590332,2,1,1,248.348846435547,0,248.003898620605,,,2.48643439599487E-5,1.22499204737865E-6,2.48644057684771E-5,1.22499278957149E-6,0.995227217674255,0.995638906955719,30.9166564941406,5.35994005203247,30,4,200,-0.000151658518007025,-0.633103549480438,-0.518486678600311,1,,,,,,,,,,,,,,,,
,3952584312.07875,248.615585327148,999.808410644531,,,6,,,,30.909313562083,,,1,,,,,,,,,,,,,,,,,,,,,,248.357498168945,248.824859619141,999.808410644531,999.808410644531,,,5.90520572662354,,1,0,0,0,0,33.2355842590332,2,1,1,248.873672485352,0,248.590120103624,,,2.48243851479152E-5,1.22302886811959E-6,2.48244401546103E-5,1.22302934917367E-6,0.994361758232117,0.994694828987122,30.9165439605713,,30,4,200,-0.000259217020357028,-0.634835839271545,-0.519975543022156,1,,,,,,,,,,,,,,,,
,3952584321.73696,249.162445068359,999.808410644531,,,6,,,,30.909313562083,,,1,,,,,,,,,,,,,,,,,,,,,,248.888488769531,249.431106567383,999.808410644531,999.808410644531,,,5.91454982757568,,1,0,0,0,0,33.2355842590332,2,1,1,249.451217651367,0,249.158632066515,,,2.47067801883927E-5,1.21725231392358E-6,2.47070296373014E-5,1.21725392816219E-6,0.992261350154877,0.993492543697357,30.9251708984375,,30,4,200,-0.000740363786462694,-0.640493929386139,-0.521678686141968,1,,,,,,,,,,,,,,,,
,3952584340.15589,250.229011535645,999.808410644531,,,6,,,,30.9146515532882,,,1,,,,,,,,,,,,,,,,,,,,,,249.957336425781,250.47932434082,999.808410644531,999.808410644531,,,5.9330883026123,,1,0,0,0,0,33.2355842590332,2,1,1,250.500686645508,0,250.221688164605,,,2.4625278233732E-5,1.2132162222736E-6,2.46253495709258E-5,1.21321684887091E-6,0.994893193244934,0.995382785797119,30.9229164123535,3.44780382022236E-8,30,4,200,-0.00053030316485092,-0.64997011423111,-0.533608913421631,1,,,,,,,,,,,,,,,,
,3952584349.8671,250.803321838379,999.808410644531,,,6,,,,30.9146515532882,,,1,,,,,,,,,,,,,,,,,,,,,,250.52360534668,251.039581298828,999.808410644531,999.808410644531,,,5.94417428970337,,1,0,0,0,0,33.2355842590332,2,1,1,251.083038330078,0,250.780736287435,,,2.45799098989665E-5,1.21098231183515E-6,2.45800394773534E-5,1.21098304922797E-6,0.994704246520996,0.995673358440399,30.9262199401855,0.0571613498032093,30,4,200,-0.000331600778736174,-0.653154850006104,-0.538105130195618,1,,,,,,,,,,,,,,,,
,3952584359.91302,251.392196655273,999.808410644531,,,6,,,,30.9146515532882,,,1,,,,,,,,,,,,,,,,,,,,,,251.109710693359,251.60920715332,999.808410644531,999.808410644531,,,5.95573711395264,,1,0,0,0,0,33.2355842590332,2,1,1,251.674682617187,0,251.357209947374,,,2.46857324054153E-5,1.21646675019417E-6,2.4686174180077E-5,1.21646886425747E-6,0.97823828458786,0.978993535041809,30.9362125396729,0.0573194250464439,30,4,200,0.000278130726655945,-0.655111074447632,-0.53985321521759,1,,,,,,,,,,,,,,,,
,3952584369.68864,251.930717468262,999.808410644531,,,6,,,,30.9146515532882,,,1,,,,,,,,,,,,,,,,,,,,,,251.674682617187,252.125610351562,999.808410644531,999.808410644531,,,5.96408843994141,,1,0,0,0,0,33.2355842590332,2,1,1,252.186752319336,0,251.892642550998,,,2.39430933508147E-5,1.18307126577572E-6,2.39488118168277E-5,1.18307909755032E-6,0.92336231470108,0.926436543464661,30.8332023620605,,30,4,200,-0.000737647467758506,-0.642550945281982,-0.527743637561798,1,,,,,,,,,,,,,,,,
,3952584379.40113,252.478538513184,999.808410644531,,,6,,,,30.9146515532882,,,1,,,,,,,,,,,,,,,,,,,,,,252.192276000977,252.72509765625,999.808410644531,999.808410644531,,,5.9747462272644,,1,0,0,0,0,33.2355842590332,2,1,1,252.764801025391,0,252.454043918186,,,2.44011137948946E-5,1.20226528662276E-6,2.4401529551616E-5,1.20226704955601E-6,0.986558020114899,0.987771034240723,30.9358005523682,0,30,4,200,-0.00104312447365373,-0.66120845079422,-0.542260885238647,1,,,,,,,,,,,,,,,,
,3952584397.63178,253.529991149902,999.808410644531,,,6,,,,30.9200055492849,,,1,,,,,,,,,,,,,,,,,,,,,,253.271484375,253.716049194336,999.808410644531,999.808410644531,,,5.99678707122803,,1,0,0,0,0,33.2355842590332,2,1,1,253.788497924805,0,253.509122848511,,,2.42767987018511E-5,1.19604795821668E-6,2.42768593684599E-5,1.19604849905259E-6,0.994800627231598,0.995210468769074,30.9276695251465,0,30,4,200,-0.000476979796076193,-0.670862674713135,-0.55608993768692,1,,,,,,,,,,,,,,,,
,3952584407.35051,254.082015991211,999.808410644531,,,6,,,,30.9200055492849,,,1,,,,,,,,,,,,,,,,,,,,,,253.810104370117,254.306549072266,999.808410644531,999.808410644531,,,6.00683689117432,,1,0,0,0,0,33.7243423461914,2,1,1,254.353927612305,0,254.072023179796,,,2.42170583324702E-5,1.19310365836137E-6,2.42171232598798E-5,1.19310430168046E-6,0.995029091835022,0.995480418205261,30.9278450012207,2.71553403763392E-7,30,4,200,-0.00054337433539331,-0.675459980964661,-0.560703933238983,1,,,,,,,,,,,,,,,,
,3952584417.2968,254.649909973145,999.808410644531,,,6,,,,30.9200055492849,,,1,,,,,,,,,,,,,,,,,,,,,,254.363662719727,254.911636352539,999.808410644531,999.808410644531,,,6.01124572753906,,1,0,0,0,0,33.7243423461914,2,1,1,254.936157226562,0,254.638034396701,,,2.41218187966832E-5,1.18841699065275E-6,2.41219485552696E-5,1.18841797380582E-6,0.994193255901337,0.995038747787476,30.931432723999,5.36007261276245,30,4,200,-0.000565909140277654,-0.677624642848968,0.556277751922607,1,,,,,,,,,,,,,,,,
,3952584427.01001,255.198852539062,999.808410644531,,,6,,,,30.9200055492849,,,1,,,,,,,,,,,,,,,,,,,,,,254.936157226562,255.415756225586,999.808410644531,999.808410644531,,,5.9968433380127,,1,0,0,0,0,33.7243423461914,2,1,1,255.461547851562,0,255.168150160048,,,2.40767566656352E-5,1.1861960162851E-6,2.40768412113739E-5,1.18619675039561E-6,0.994264185428619,0.994792878627777,30.9291172027588,0,30,4,200,-0.000547515403013676,0.440237045288086,0.554446339607239,1,,,,,,,,,,,,,,,,
,3952584436.64151,255.75325012207,999.808410644531,,,6,,,,30.9200055492849,,,1,,,,,,,,,,,,,,,,,,,,,,255.461547851562,255.957946777344,999.808410644531,999.808410644531,,,5.97194337844849,,1,0,0,0,0,33.2355842590332,2,1,1,256.044952392578,0,255.715953826904,,,2.40371193958023E-5,1.18424590400198E-6,2.40372700007985E-5,1.18424691696433E-6,0.993897497653961,0.994859933853149,30.932466506958,0,30,4,200,-0.000436052214354277,0.436162620782852,0.549343466758728,1,,,,,,,,,,,,,,,,
,3952584455.04281,256.844711303711,999.808410644531,,,6,,,,30.9254101769133,,,1,,,,,,,,,,,,,,,,,,,,,,256.573425292969,257.115997314453,999.808410644531,999.808410644531,,,5.95227241516113,,1,0,0,0,0,33.2355842590332,2,1,1,257.115997314453,0,256.846215142144,,,2.39165171104206E-5,1.17830093743974E-6,2.39165884553942E-5,1.17830149503171E-6,0.994391918182373,0.994858920574188,30.9338989257812,0,30,4,200,-0.000374544382793829,0.430622905492783,0.543057322502136,1,,,,,,,,,,,,,,,,
,3952584464.72563,257.403518676758,999.808410644531,,,6,,,,30.9254101769133,,,1,,,,,,,,,,,,,,,,,,,,,,257.122924804687,257.641540527344,999.808410644531,999.808410644531,,,5.94603061676025,,1,0,0,0,0,33.7243423461914,2,1,1,257.684112548828,0,257.379906548394,,,2.38468169871007E-5,1.1748626934223E-6,2.38468729420086E-5,1.17486317441327E-6,0.995024859905243,0.995430767536163,30.9328651428223,,30,4,200,-0.00038926542038098,0.427598178386688,0.539461195468903,1,,,,,,,,,,,,,,,,
,3952584474.74736,258.000854492187,999.808410644531,,,6,,,,30.9254101769133,,,1,,,,,,,,,,,,,,,,,,,,,,257.709533691406,258.262725830078,999.808410644531,999.808410644531,,,5.94061899185181,,1,0,0,0,0,33.7243423461914,2,1,1,258.292175292969,0,257.984900580512,,,2.37789935992957E-5,1.17153137346172E-6,2.37791148293684E-5,1.17153227508245E-6,0.993514180183411,0.994219958782196,30.9365558624268,2.90333410646326E-8,30,4,200,-0.000327632733387873,0.424707740545273,0.53635561466217,1,,,,,,,,,,,,,,,,
,3952584484.55938,258.586135864258,999.808410644531,,,6,,,,30.9254101769133,,,1,,,,,,,,,,,,,,,,,,,,,,258.298217773438,258.815277099609,999.808410644531,999.808410644531,,,5.93599414825439,,1,0,0,0,0,33.2355842590332,2,1,1,258.874053955078,0,258.562021891276,,,2.3713077482813E-5,1.1682738717109E-6,2.37131574732346E-5,1.16827443999839E-6,0.994983673095703,0.995596587657928,30.9345111846924,0,30,4,200,-0.000307099602650851,0.422534227371216,0.533428013324738,1,,,,,,,,,,,,,,,,
,3952584494.34203,259.163818359375,999.808410644531,,,6,,,,30.9254101769133,,,1,,,,,,,,,,,,,,,,,,,,,,258.885375976562,259.400634765625,999.808410644531,999.808410644531,,,5.93169164657593,,1,0,0,0,0,33.2355842590332,2,1,1,259.442260742187,0,259.140723334418,,,2.36579343011556E-5,1.16556858750375E-6,2.36581473103421E-5,1.16556987173648E-6,0.993388414382935,0.994717001914978,30.9404678344727,0.186563059687614,30,4,200,-0.000298585131531581,0.419928133487701,0.530527055263519,1,,,,,,,,,,,,,,,,
,3952584512.57766,260.266708374023,999.808410644531,,,6,,,,30.9310514467747,,,1,,,,,,,,,,,,,,,,,,,,,,259.954345703125,260.558135986328,999.808410644531,999.808410644531,,,5.92627811431885,,1,0,0,0,0,33.2355842590332,2,1,1,260.579071044922,0,260.27052476671,,,2.3536812010291E-5,1.15959198452058E-6,2.35368595231272E-5,1.15959235291314E-6,0.99465799331665,0.994986534118652,30.9380378723145,0,30,4,200,-0.000362505088560283,0.415071070194244,0.525254964828491,1,,,,,,,,,,,,,,,,
,3952584522.22975,260.846710205078,999.808410644531,,,6,,,,30.9310514467747,,,1,,,,,,,,,,,,,,,,,,,,,,260.579071044922,261.074188232422,999.808410644531,999.808410644531,,,5.92455863952637,,1,0,0,0,0,33.2355842590332,2,1,1,261.114349365234,0,260.834635416667,,,2.34737336586379E-5,1.15648004655997E-6,2.34737805151952E-5,1.15648042550107E-6,0.995474576950073,0.995859622955322,30.9379711151123,0,30,4,200,-0.000262088869931176,0.412669807672501,0.522080421447754,1,,,,,,,,,,,,,,,,
,3952584532.2951,261.453674316406,999.808410644531,,,6,,,,30.9310514467747,,,1,,,,,,,,,,,,,,,,,,,,,,261.138214111328,261.736602783203,999.808410644531,999.808410644531,,,5.9230318069458,,1,0,0,0,0,33.2355842590332,2,1,1,261.769134521484,0,261.446367051866,,,2.3424957388386E-5,1.15407995569571E-6,2.34250491446397E-5,1.15408054717855E-6,0.99493944644928,0.995664060115814,30.9409370422363,,30,4,200,-0.00033011328196153,0.410262882709503,0.519937515258789,1,,,,,,,,,,,,,,,,
,3952584542.11793,262.026901245117,999.808410644531,,,6,,,,30.9310514467747,,,1,,,,,,,,,,,,,,,,,,,,,,261.769134521484,262.237457275391,999.808410644531,999.808410644531,,,5.921546459198,,1,0,0,0,0,33.2355842590332,2,1,1,262.28466796875,0,262.001451280382,,,2.33800452874474E-5,1.15187964320296E-6,2.33802072928562E-5,1.15188056825065E-6,0.993106126785278,0.994060814380646,30.9443092346191,1,30,4,200,-0.00038141748518683,0.407228112220764,0.517041862010956,1,,,,,,,,,,,,,,,,
,3952584551.90433,262.588531494141,999.808410644531,,,6,,,,30.9310514467747,,,1,,,,,,,,,,,,,,,,,,,,,,262.301391601562,262.842620849609,999.808410644531,999.808410644531,,,5.91965198516846,,1,0,0,0,0,33.2355842590332,2,1,1,262.875671386719,0,262.575981987847,,,2.32939157746805E-5,1.14762364860363E-6,2.32940112734528E-5,1.14762412066793E-6,0.994910776615143,0.995696067810059,30.9413394927978,0,30,4,200,-0.000388080283300951,0.404672980308533,0.513817131519318,1,,,,,,,,,,,,,,,,
,3952584570.15359,263.677429199219,999.808410644531,,,6,,,,30.936709348699,,,1,,,,,,,,,,,,,,,,,,,,,,263.373779296875,263.950073242187,999.808410644531,999.808410644531,,,5.91565370559692,,1,0,0,0,0,33.2355842590332,2,1,1,263.981079101562,0,263.671427408854,,,2.31920474281816E-5,1.14259902155934E-6,2.31920697209251E-5,1.14259930671757E-6,0.996038854122162,0.996222794055939,30.9412288665771,0,30,4,200,-0.000359147903509438,0.400539726018906,0.508942484855652,1,,,,,,,,,,,,,,,,
,3952584580.1139,264.261215209961,999.808410644531,,,6,,,,30.936709348699,,,1,,,,,,,,,,,,,,,,,,,,,,263.981079101562,264.462097167969,999.808410644531,999.808410644531,,,5.91471815109253,,1,0,0,0,0,33.2355842590332,2,1,1,264.541351318359,0,264.207380506727,,,2.31319359472356E-5,1.13964395569968E-6,2.31319727795174E-5,1.13964440288396E-6,0.99479204416275,0.995027780532837,30.9425773620605,0,30,4,200,-0.000320097926305607,0.397921234369278,0.506151497364044,1,,,,,,,,,,,,,,,,
,3952584590.1473,264.829528808594,999.808410644531,,,6,,,,30.936709348699,,,1,,,,,,,,,,,,,,,,,,,,,,264.552978515625,265.06689453125,999.808410644531,999.808410644531,,,5.91477012634277,,1,0,0,0,0,33.7243423461914,2,1,1,265.106079101562,0,264.799407958984,,,2.30619931511202E-5,1.13619739010433E-6,2.30620831844957E-5,1.13619816612901E-6,0.99488365650177,0.995557546615601,30.946325302124,0.148966774344444,30,4,200,-0.00023626716574654,0.39649885892868,0.503698289394379,1,,,,,,,,,,,,,,,,
,3952584599.90138,265.380950927734,999.808410644531,,,6,,,,30.936709348699,,,1,,,,,,,,,,,,,,,,,,,,,,265.106079101562,265.587066650391,999.808410644531,999.808410644531,,,5.91500997543335,,1,0,0,0,0,33.2355842590332,2,1,1,265.655822753906,0,265.339219835069,,,2.29939027887699E-5,1.13284015899157E-6,2.29939201458479E-5,1.13284035359575E-6,0.995476722717285,0.995607554912567,30.9407997131348,,30,4,200,-0.000250813842285424,0.394655227661133,0.501785755157471,1,,,,,,,,,,,,,,,,
,3952584609.61179,265.944610595703,999.808410644531,,,6,,,,30.936709348699,,,1,,,,,,,,,,,,,,,,,,,,,,265.669067382813,266.187133789062,999.808410644531,999.808410644531,,,5.91626501083374,,1,0,0,0,0,33.2355842590332,2,1,1,266.220153808594,0,265.942379421658,,,2.29417658583047E-5,1.13027712562583E-6,2.29418220941006E-5,1.13027771451821E-6,0.994389414787293,0.994744718074799,30.9441528320313,0,30,4,200,-0.000242081645410508,0.39299139380455,0.499855726957321,1,,,,,,,,,,,,,,,,
,3952584627.78394,266.998992919922,999.808410644531,,,6,,,,30.9424375279002,,,1,,,,,,,,,,,,,,,,,,,,,,266.720886230469,267.255126953125,999.808410644531,999.808410644531,,,5.91865825653076,,1,0,0,0,0,33.2355842590332,2,1,1,267.277099609375,0,266.988830566406,,,2.28381458956533E-5,1.12516659435268E-6,2.28381618757999E-5,1.12516677791306E-6,0.995421171188354,0.995539903640747,30.946361541748,0.186542645096779,30,4,200,-0.000369481684174389,0.389485508203506,0.496654242277145,1,,,,,,,,,,,,,,,,
,3952584637.77212,267.587799072266,999.808410644531,,,6,,,,30.9424375279002,,,1,,,,,,,,,,,,,,,,,,,,,,267.277099609375,267.898498535156,999.808410644531,999.808410644531,,,5.92073822021484,,1,0,0,0,0,33.2355842590332,2,1,1,267.898498535156,0,267.589440917969,,,2.28761066572351E-5,1.12705715342437E-6,2.28761105028587E-5,1.12705719323525E-6,0.992440044879913,0.992457628250122,30.9443912506103,,30,4,200,-0.000154611858306453,0.388581454753876,0.494228959083557,1,,,,,,,,,,,,,,,,
,3952584647.87022,268.187591552734,999.808410644531,,,6,,,,30.9424375279002,,,1,,,,,,,,,,,,,,,,,,,,,,267.909362792969,268.423095703125,999.808410644531,999.808410644531,,,5.92343902587891,,1,0,0,0,0,33.2355842590332,2,1,1,268.4658203125,0,268.15225897895,,,2.27300284753088E-5,1.11984166650074E-6,2.27300436859361E-5,1.11984184102031E-6,0.995123624801636,0.995230078697205,30.9462757110596,5.56293773651123,30,4,200,-0.000356701988494024,0.385886430740356,0.492488175630569,1,,,,,,,,,,,,,,,,
,3952584657.49825,268.748504638672,999.808410644531,,,6,,,,30.9424375279002,,,1,,,,,,,,,,,,,,,,,,,,,,268.4658203125,269.004089355469,999.808410644531,999.808410644531,,,5.92619800567627,,1,0,0,0,0,32.7468223571777,2,1,1,269.031188964844,0,268.737131754557,,,2.26629771112804E-5,1.1165413487103E-6,2.26629917465988E-5,1.11654150723125E-6,0.994541585445404,0.994634687900543,30.9462394714355,0.0548564456403255,30,4,200,-0.000367481203284115,0.382770627737045,0.489229649305344,1,,,,,,,,,,,,,,,,
,3952584667.19863,269.338272094727,999.808410644531,,,6,,,,30.9424375279002,,,1,,,,,,,,,,,,,,,,,,,,,,269.046173095703,269.587493896484,999.808410644531,999.808410644531,,,5.92914581298828,,1,0,0,0,0,33.2355842590332,2,1,1,269.63037109375,0,269.317518446181,,,2.26222846806458E-5,1.11453440600085E-6,2.2622324066194E-5,1.11453477645479E-6,0.994941532611847,0.995228111743927,30.9487991333008,0,30,4,200,-0.000328332476783544,0.379926562309265,0.485935717821121,1,,,,,,,,,,,,,,,,
,3952584685.46243,270.396697998047,999.808410644531,,,6,,,,30.9481585039922,,,1,,,,,,,,,,,,,,,,,,,,,,270.112884521484,270.624725341797,999.808410644531,999.808410644531,,,5.93576288223267,,1,0,0,0,0,33.2355842590332,2,1,1,270.680511474609,0,270.376630995009,,,2.24724449701567E-5,1.10715269369305E-6,2.24724470734446E-5,1.10715274176786E-6,0.994838118553162,0.99484783411026,30.9493579864502,0,30,4,200,-0.000228719276492484,0.375891149044037,0.480953633785248,1,,,,,,,,,,,,,,,,
,3952584695.75204,270.980560302734,999.808410644531,,,6,,,,30.9481585039922,,,1,,,,,,,,,,,,,,,,,,,,,,270.712219238281,271.227630615234,999.808410644531,999.808410644531,,,5.94047737121582,,1,0,0,0,0,33.2355842590332,2,1,1,271.248901367187,0,270.969106038411,,,2.24619910911609E-5,1.1066353699394E-6,2.24620011794299E-5,1.10663556704499E-6,0.995279610157013,0.9953373670578,30.9509468078613,3.67942504908569E-7,30,4,200,-0.000294536264846101,0.373946666717529,0.478933930397034,1,,,,,,,,,,,,,,,,
,3952584705.60796,271.513916015625,999.808410644531,,,6,,,,30.9481585039922,,,1,,,,,,,,,,,,,,,,,,,,,,271.248901367187,271.723358154297,999.808410644531,999.808410644531,,,5.9451732635498,,1,0,0,0,0,33.2355842590332,2,1,1,271.778930664062,0,271.485127766927,,,2.24215639964406E-5,1.10464149513942E-6,2.2421568743434E-5,1.104641615402E-6,0.995620906352997,0.995644450187683,30.9498767852783,0,30,4,200,-0.00026429130230099,0.371928483247757,0.476364284753799,1,,,,,,,,,,,,,,,,
,3952584715.445,272.084579467773,999.808410644531,,,6,,,,30.9481585039922,,,1,,,,,,,,,,,,,,,,,,,,,,271.802307128906,272.328521728516,999.808410644531,999.808410644531,,,5.95052289962769,,1,0,0,0,0,33.2355842590332,2,1,1,272.366851806641,0,272.068386501736,,,2.23593829064781E-5,1.10158250019788E-6,2.23594148304583E-5,1.10158294083244E-6,0.994842648506165,0.995045959949493,30.9535903930664,0.146671384572983,30,4,200,-0.000328012218233198,0.369280576705933,0.473871290683746,1,,,,,,,,,,,,,,,,
,3952584725.53859,272.680358886719,999.808410644531,,,6,,,,30.9481585039922,,,1,,,,,,,,,,,,,,,,,,,,,,272.393493652344,272.931457519531,999.808410644531,999.808410644531,,,5.95619964599609,,1,0,0,0,0,32.7468223571777,2,1,1,272.967224121094,0,272.672139485677,,,2.23108314873784E-5,1.09918799121193E-6,2.2310841116871E-5,1.09918818022785E-6,0.995328843593597,0.995384752750397,30.9508876800537,0,30,4,200,-0.000270193326286972,0.367119461297989,0.471053183078766,1,,,,,,,,,,,,,,,,
,3952584744.21364,273.75634765625,999.808410644531,,,6,,,,30.9540430875839,,,1,,,,,,,,,,,,,,,,,,,,,,273.495910644531,273.969451904297,999.808410644531,999.808410644531,,,5.96839618682861,,1,0,0,0,0,33.7243423461914,2,1,1,274.016784667969,0,273.726599799262,,,2.21992103907894E-5,1.09368943542237E-6,2.21992293159083E-5,1.09368964455549E-6,0.995162546634674,0.995301246643066,30.9584007263184,0,30,4,200,-0.000238784268731251,0.363277435302734,0.466680467128754,1,,,,,,,,,,,,,,,,
,3952584753.9605,274.327835083008,999.808410644531,,,6,,,,30.9540430875839,,,1,,,,,,,,,,,,,,,,,,,,,,274.024444580078,274.620574951172,999.808410644531,999.808410644531,,,5.97506713867187,,1,0,0,0,0,34.7018585205078,2,1,1,274.631225585938,0,274.320971679687,,,2.21505468138464E-5,1.09129035393102E-6,2.21505727969798E-5,1.09129062270256E-6,0.995449841022491,0.995658278465271,30.9591999053955,0.0542422011494637,30,4,200,-0.000253876554779708,0.361399590969086,0.464481443166733,1,,,,,,,,,,,,,,,,
,3952584763.67365,274.907302856445,999.808410644531,,,6,,,,30.9540430875839,,,1,,,,,,,,,,,,,,,,,,,,,,274.631225585938,275.151306152344,999.808410644531,999.808410644531,,,5.98191452026367,,1,0,0,0,0,33.7243423461914,2,1,1,275.183380126953,0,274.908203125,,,2.20920794357731E-5,1.08841184553016E-6,2.20920935400292E-5,1.08841200010534E-6,0.99510383605957,0.995206296443939,30.9578189849854,0,30,4,200,-0.000303920416627079,0.35904198884964,0.462349444627762,1,,,,,,,,,,,,,,,,
,3952584773.60246,275.492919921875,999.808410644531,,,6,,,,30.9540430875839,,,1,,,,,,,,,,,,,,,,,,,,,,275.183380126953,275.778198242187,999.808410644531,999.808410644531,,,5.99124908447266,,1,0,0,0,0,33.7243423461914,2,1,1,275.802459716797,0,275.485119628906,,,2.20424656931231E-5,1.08596807416293E-6,2.20424825315808E-5,1.08596824003013E-6,0.994946599006653,0.995069026947021,30.9582328796387,0,30,4,200,-0.000296331942081451,0.356996387243271,0.459766626358032,1,,,,,,,,,,,,,,,,
,3952584783.53061,276.077560424805,999.808410644531,,,6,,,,30.9540430875839,,,1,,,,,,,,,,,,,,,,,,,,,,275.802459716797,276.305328369141,999.808410644531,999.808410644531,,,5.99986124038696,,1,0,0,0,0,33.2355842590332,2,1,1,276.352661132813,0,276.065538194444,,,2.20139811747295E-5,1.08457609836231E-6,2.20140343196022E-5,1.08457643585851E-6,0.993235230445862,0.993553578853607,30.9618167877197,0,30,4,200,-0.000299075938528404,0.354249060153961,0.457062393426895,1,,,,,,,,,,,,,,,,
,3952584802.16502,277.135314941406,999.808410644531,,,6,,,,30.9599613741377,,,1,,,,,,,,,,,,,,,,,,,,,,276.868957519531,277.401672363281,999.808410644531,999.808410644531,,,6.01724863052368,,1,0,0,0,0,33.2355842590332,2,1,1,277.401672363281,0,277.126522827148,,,2.18994054076505E-5,1.07891947088885E-6,2.18994054315181E-5,1.07891947198651E-6,0.995073676109314,0.995073735713959,30.9600067138672,,30,4,200,-0.000397682859329507,0.348213732242584,0.45139679312706,1,,,,,,,,,,,,,,,,
,3952584811.98145,277.694198608398,999.808410644531,,,6,,,,30.9599613741377,,,1,,,,,,,,,,,,,,,,,,,,,,277.412780761719,277.943542480469,999.808410644531,999.808410644531,,,6.02810525894165,,1,0,0,0,0,33.2355842590332,2,1,1,277.975616455078,0,277.665066189236,,,2.18486243348338E-5,1.07642168563699E-6,2.1848648507164E-5,1.07642194679897E-6,0.99430650472641,0.99446028470993,30.9649410247803,0,30,4,200,-0.00036806074786,0.345267444849014,0.447950899600983,1,,,,,,,,,,,,,,,,
,3952584822.15361,278.319854736328,999.808410644531,,,6,,,,30.9599613741377,,,1,,,,,,,,,,,,,,,,,,,,,,278.032501220703,278.538726806641,999.808410644531,999.808410644531,,,6.03974962234497,,1,0,0,0,0,33.2355842590332,2,1,1,278.607208251953,0,278.288740370009,,,2.18194450446862E-5,1.07497805853702E-6,2.18194480232489E-5,1.07497813690271E-6,0.995448529720306,0.995462477207184,30.9613132476807,0.186553165316582,30,4,200,-0.000319357786793262,0.342287302017212,0.444744288921356,1,,,,,,,,,,,,,,,,
,3952584831.96048,278.872375488281,999.808410644531,,,6,,,,30.9599613741377,,,1,,,,,,,,,,,,,,,,,,,,,,278.607208251953,279.089569091797,999.808410644531,999.808410644531,,,6.05126428604126,,1,0,0,0,0,33.2355842590332,2,1,1,279.137542724609,0,278.843756781684,,,2.17527467644825E-5,1.07169122627552E-6,2.17527499706814E-5,1.07169128592669E-6,0.995635509490967,0.995656549930573,30.9615840911865,0,30,4,200,-0.00034244786365889,0.339493721723557,0.441388309001923,1,,,,,,,,,,,,,,,,
,3952584850.4472,279.954971313477,999.808410644531,,,6,,,,30.9649672382981,,,1,,,,,,,,,,,,,,,,,,,,,,279.668762207031,280.241180419922,999.808410644531,999.808410644531,,,6.07517623901367,,1,0,0,0,0,33.7243423461914,2,1,1,280.241180419922,0,279.954864501953,,,2.16508425125699E-5,1.06668305423787E-6,2.16508566637937E-5,1.06668321378605E-6,0.993505656719208,0.993583738803864,30.9687728881836,0.0536255091428757,30,4,200,-0.000275924714514986,0.335232675075531,0.436072081327438,1,,,,,,,,,,,,,,,,
,3952584860.13765,280.522048950195,999.808410644531,,,6,,,,30.9649672382981,,,1,,,,,,,,,,,,,,,,,,,,,,280.253234863281,280.756286621094,999.808410644531,999.808410644531,,,6.08837223052979,,1,0,0,0,0,34.2131004333496,2,1,1,280.790863037109,0,280.502699110243,,,2.16086672335335E-5,1.06459862507668E-6,2.16086704412271E-5,1.06459870298616E-6,0.994547605514526,0.994561433792114,30.9664363861084,0,30,4,200,-0.000360545178409666,0.332075357437134,0.433833807706833,1,,,,,,,,,,,,,,,,
,3952584870.15002,281.083587646484,999.808410644531,,,6,,,,30.9649672382981,,,1,,,,,,,,,,,,,,,,,,,,,,280.790863037109,281.276397705078,999.808410644531,999.808410644531,,,6.10381507873535,,1,0,0,0,0,32.7468223571777,2,1,1,281.376312255859,0,281.039543999566,,,2.15517066247311E-5,1.06178624447129E-6,2.15517082867342E-5,1.06178628872341E-6,0.995684802532196,0.995693027973175,30.9659767150879,,30,4,200,-0.000307911454001442,0.329382658004761,0.430519014596939,1,,,,,,,,,,,,,,,,
,3952584880.17457,281.660736083984,999.808410644531,,,6,,,,30.9649672382981,,,1,,,,,,,,,,,,,,,,,,,,,,281.389007568359,281.896270751953,999.808410644531,999.808410644531,,,6.11900329589844,,1,0,0,0,0,33.2355842590332,2,1,1,281.932464599609,0,281.623324924045,,,2.1468644047557E-5,1.05769428794422E-6,2.14686460706578E-5,1.05769433672097E-6,0.99564003944397,0.995651125907898,30.9661426544189,0.186560720205307,30,4,200,-0.000258620304521173,0.327066749334335,0.427395761013031,1,,,,,,,,,,,,,,,,
,3952584898.38977,282.755920410156,999.808410644531,,,6,,,,30.9699955570654,,,1,,,,,,,,,,,,,,,,,,,,,,282.464691162109,283.01318359375,999.808410644531,999.808410644531,,,6.14785528182983,,1,0,0,0,0,33.2355842590332,2,1,1,283.047149658203,0,282.748409695095,,,2.1436370106809E-5,1.05611207544902E-6,2.14363737248241E-5,1.05611215283479E-6,0.994170248508453,0.994186699390411,30.9716510772705,0.143464356660843,30,4,200,-0.000363142054993659,0.32137805223465,0.422313064336777,1,,,,,,,,,,,,,,,,
,3952584908.05162,283.30891418457,999.808410644531,,,6,,,,30.9699955570654,,,1,,,,,,,,,,,,,,,,,,,,,,283.047149658203,283.516235351562,999.808410644531,999.808410644531,,,6.16290330886841,,1,0,0,0,0,33.2355842590332,2,1,1,283.570678710938,0,283.270402696398,,,2.13448125927881E-5,1.05159857764194E-6,2.13448188283758E-5,1.05159866726301E-6,0.994674503803253,0.994713544845581,30.97243309021,0,30,4,200,-0.000381976802600548,0.319108963012695,0.419239580631256,1,,,,,,,,,,,,,,,,
,3952584917.78883,283.86344909668,999.808410644531,,,6,,,,30.9699955570654,,,1,,,,,,,,,,,,,,,,,,,,,,283.577301025391,284.128723144531,999.808410644531,999.808410644531,,,6.17666912078857,,1,0,0,0,0,33.7243423461914,2,1,1,284.149597167969,0,283.867275661892,,,2.13136835086657E-5,1.05006967366488E-6,2.13137084745325E-5,1.05006993846681E-6,0.993861079216003,0.994012653827667,30.9751319885254,0,30,4,200,-0.000314312259433791,0.316028445959091,0.416129261255264,1,,,,,,,,,,,,,,,,
,3952584927.84935,284.457534790039,999.808410644531,,,6,,,,30.9699955570654,,,1,,,,,,,,,,,,,,,,,,,,,,284.162567138672,284.723785400391,999.808410644531,999.808410644531,,,6.19424247741699,,1,0,0,0,0,33.2355842590332,2,1,1,284.752502441406,0,284.455227661133,,,2.12777861173902E-5,1.04829282061733E-6,2.1277788019038E-5,1.04829278135404E-6,0.99533212184906,0.995359361171722,30.9680862426758,1,30,4,200,-0.000323166110320017,0.313683032989502,0.413104683160782,1,,,,,,,,,,,,,,,,
,3952584946.65676,285.545318603516,999.808410644531,,,6,,,,30.9750794477676,,,1,,,,,,,,,,,,,,,,,,,,,,285.282104492187,285.768249511719,999.808410644531,999.808410644531,,,6.22866153717041,,1,0,0,0,0,31.7693061828613,2,1,1,285.808532714844,0,285.513007269965,,,2.11700909487122E-5,1.04299083586245E-6,2.11701015787055E-5,1.04299062580948E-6,0.994561553001404,0.994692444801331,30.9705848693848,0,30,4,200,-0.000290906406007707,0.309612989425659,0.408555626869202,1,,,,,,,,,,,,,,,,
,3952584956.39422,286.105941772461,999.808410644531,,,6,,,,30.9750794477676,,,1,,,,,,,,,,,,,,,,,,,,,,285.808532714844,286.403350830078,999.808410644531,999.808410644531,,,6.24849939346313,,1,0,0,0,0,33.7243423461914,2,1,1,286.403350830078,0,286.106390380859,,,2.11381813450616E-5,1.0414201541561E-6,2.11381846456547E-5,1.04142022160926E-6,0.994356691837311,0.99437290430069,30.9766998291016,,30,4,200,-0.000330411625327542,0.306743323802948,0.406343817710876,1,,,,,,,,,,,,,,,,
,3952584966.08626,286.70915222168,999.808410644531,,,6,,,,30.9750794477676,,,1,,,,,,,,,,,,,,,,,,,,,,286.415435791016,286.972564697266,999.808410644531,999.808410644531,,,6.26925659179688,,1,0,0,0,0,33.2355842590332,2,1,1,287.002868652344,0,286.690338134766,,,2.10985325196184E-5,1.03946663781325E-6,2.10985334460956E-5,1.03946667022166E-6,0.994398295879364,0.994400560855865,30.9756851196289,3.39567023388554E-8,30,4,200,-0.000318089529173449,0.304144978523254,0.40311399102211,1,,,,,,,,,,,,,,,,
,3952584976.10774,287.303344726562,999.808410644531,,,6,,,,30.9750794477676,,,1,,,,,,,,,,,,,,,,,,,,,,287.002868652344,287.571044921875,999.808410644531,999.808410644531,,,6.29361867904663,,1,0,0,0,0,33.7243423461914,2,1,1,287.603820800781,0,287.294100952148,,,2.10673820276835E-5,1.03793270637086E-6,2.10673946352298E-5,1.03793287162417E-6,0.994238257408142,0.994315028190613,30.9786319732666,5.56584501266479,30,4,200,-0.000355683878296986,0.301349341869354,0.400262236595154,1,,,,,,,,,,,,,,,,
,3952584994.86584,288.370941162109,999.808410644531,,,6,,,,30.9802181899398,,,1,,,,,,,,,,,,,,,,,,,,,,288.100067138672,288.585571289063,999.808410644531,999.808410644531,,,6.33737564086914,,1,0,0,0,0,33.2355842590332,2,1,1,288.641815185547,0,288.333631727431,,,2.09900828191298E-5,1.03413550987187E-6,2.09900833638062E-5,1.03413547073162E-6,0.992604374885559,0.992613017559052,30.9788646697998,0,30,4,200,-0.000263246387476102,0.296838700771332,0.395071387290955,1,,,,,,,,,,,,,,,,
,3952585004.5813,288.916290283203,999.808410644531,,,6,,,,30.9802181899398,,,1,,,,,,,,,,,,,,,,,,,,,,288.641815185547,289.115020751953,999.808410644531,999.808410644531,,,6.3631420135498,,1,0,0,0,0,33.7243423461914,2,1,1,289.190765380859,0,288.870598687066,,,2.09160575275643E-5,1.03047457738842E-6,2.09160606584469E-5,1.03047449952745E-6,0.994722306728363,0.994765162467956,30.9776744842529,4.00398588180542,30,4,200,-0.000296345737297088,0.295155763626099,0.393017053604126,1,,,,,,,,,,,,,,,,
,3952585014.29941,289.495376586914,999.808410644531,,,6,,,,30.9802181899398,,,1,,,,,,,,,,,,,,,,,,,,,,289.198120117188,289.764343261719,999.808410644531,999.808410644531,,,6.39025402069092,,1,0,0,0,0,32.7468223571777,2,1,1,289.792633056641,0,289.476342095269,,,2.08555269022653E-5,1.02749310664675E-6,2.08555267384941E-5,1.02749308170864E-6,0.994523227214813,0.994526267051697,30.9795322418213,5.36019468307495,30,4,200,-0.000271834782324731,0.293116241693497,0.390506237745285,1,,,,,,,,,,,,,,,,
,3952585024.36416,290.090637207031,999.808410644531,,,6,,,,30.9802181899398,,,1,,,,,,,,,,,,,,,,,,,,,,289.805480957031,290.351684570313,999.808410644531,999.808410644531,,,6.42011499404907,,1,0,0,0,0,33.2355842590332,2,1,1,290.375793457031,0,290.074981689453,,,2.08159681838972E-5,1.0255426818752E-6,2.08159724920874E-5,1.02554276822391E-6,0.994900524616241,0.994924664497375,30.9820957183838,,30,4,200,-0.000369701185263693,0.290089666843414,0.388370156288147,1,,,,,,,,,,,,,,,,
,3952585043.35656,291.214767456055,999.808410644531,,,6,,,,30.9854252905594,,,1,,,,,,,,,,,,,,,,,,,,,,290.932281494141,291.469451904297,999.808410644531,999.808410644531,,,6.47604513168335,,1,0,0,0,0.0128173828125,33.7243423461914,2,1,1,291.497253417969,0,291.191348605686,,,2.07403906633979E-5,1.02182170040593E-6,2.07404110723335E-5,1.02182151647432E-6,0.994389355182648,0.994600772857666,30.979642868042,0,30,4,200,-0.000435729860328138,0.284164607524872,0.381920635700226,1,,,,,,,,,,,,,,,,
,3952585053.12978,291.777191162109,999.808410644531,,,6,,,,30.9854252905594,,,1,,,,,,,,,,,,,,,,,,,,,,291.510559082031,291.987640380859,999.808410644531,999.808410644531,,,6.507399559021,,1,0,0,0,0.0128173828125,33.7243423461914,2,1,1,292.043823242188,0,291.747151692708,,,2.07077005288051E-5,1.02021670929166E-6,2.07077129960328E-5,1.02021663488824E-6,0.993507385253906,0.993612229824066,30.9810218811035,0,30,4,200,-0.000443286815425381,0.279986053705215,0.377693325281143,1,,,,,,,,,,,,,,,,
,3952585062.90058,292.311904907227,999.808410644531,,,6,,,,30.9854252905594,,,1,,,,,,,,,,,,,,,,,,,,,,292.057556152344,292.533233642578,999.808410644531,999.808410644531,,,6.54003477096558,,1,0,0,0,0.0128936767578125,33.2355842590332,2,1,1,292.566253662109,0,292.290849473741,,,2.06614261335869E-5,1.01792940887515E-6,2.0661442316778E-5,1.01792933112137E-6,0.994747519493103,0.994913816452026,30.9804573059082,0.141014516353607,30,4,200,-0.000324692373396829,0.277000844478607,0.373954713344574,1,,,,,,,,,,,,,,,,
,3952585072.90383,292.869064331055,999.808410644531,,,6,,,,30.9854252905594,,,1,,,,,,,,,,,,,,,,,,,,,,292.566253662109,293.144775390625,999.808410644531,999.808410644531,,,6.57656478881836,,1,0,0,0,0,33.2355842590332,2,1,1,293.171875,0,292.865710449219,,,2.06003322562329E-5,1.01493672394092E-6,2.06003366554834E-5,1.01493680793463E-6,0.992163240909576,0.992179989814758,30.9873638153076,0,30,4,200,-0.000210994665394537,0.274728834629059,0.370928317308426,1,,,,,,,,,,,,,,,,
,3952585091.77508,293.977066040039,999.808410644531,,,6,,,,30.9906835631564,,,1,,,,,,,,,,,,,,,,,,,,,,293.686279296875,294.235656738281,999.808410644531,999.808410644531,,,6.64041423797607,,1,0,0,0,0,33.2355842590332,2,1,1,294.267852783203,0,293.947625054254,,,2.05457368524039E-5,1.01223275800867E-6,2.05457372764041E-5,1.01223266147272E-6,0.994201540946961,0.994221568107605,30.9888572692871,0,30,4,200,-0.000340192957082763,0.270126909017563,0.366591781377792,1,,,,,,,,,,,,,,,,
,3952585101.57548,294.578643798828,999.808410644531,,,6,,,,30.9906835631564,,,1,,,,,,,,,,,,,,,,,,,,,,294.277923583984,294.879364013672,999.808410644531,999.808410644531,,,6.67869234085083,,1,0,0,0,0,33.2355842590332,2,1,1,294.879364013672,0,294.576995849609,,,2.04883343895076E-5,1.00940715368562E-6,2.04884266310854E-5,1.00940686482568E-6,0.993808209896088,0.994636952877045,30.9789562225342,,30,4,200,-0.000515178078785539,0.266072511672974,0.363557189702988,1,,,,,,,,,,,,,,,,
,3952585111.31076,295.191162109375,999.808410644531,,,6,,,,30.9906835631564,,,1,,,,,,,,,,,,,,,,,,,,,,294.889770507812,295.429168701172,999.808410644531,999.808410644531,,,6.71639776229858,,1,0,0,0,0,33.2355842590332,2,1,1,295.492553710937,0,295.162221272786,,,2.04566070222257E-5,1.00784323675521E-6,2.0456618310224E-5,1.0078430976016E-6,0.993941366672516,0.994056344032288,30.9862327575684,5.56652784347534,30,4,200,-0.000375224713934585,0.262388169765472,0.358572959899902,1,,,,,,,,,,,,,,,,
,3952585121.43282,295.798950195313,999.808410644531,,,6,,,,30.9906835631564,,,1,,,,,,,,,,,,,,,,,,,,,,295.528350830078,296.039733886719,999.808410644531,999.808410644531,,,6.75205659866333,,1,0,0,0,0,33.2355842590332,2,1,1,296.069549560547,0,295.770372178819,,,2.04322835579409E-5,1.00664217204003E-6,2.04322955375387E-5,1.00664206189251E-6,0.994340062141418,0.994464337825775,30.986213684082,0,30,4,200,-0.000376846641302109,0.258639276027679,0.355335831642151,1,,,,,,,,,,,,,,,,
,3952585140.02468,296.856643676758,999.808410644531,,,6,,,,30.9960141786931,,,1,,,,,,,,,,,,,,,,,,,,,,296.601196289063,297.074188232422,999.808410644531,999.808410644531,,,6.76670074462891,,1,0,0,0,0,32.2580642700195,2,1,1,297.112091064453,0,296.826612684462,,,2.033410146547E-5,1.00181393104176E-6,2.03341016952155E-5,1.00181394102562E-6,0.992983281612396,0.992983460426331,30.9962100982666,5.56742382049561,30,4,200,-0.000287231523543596,0.252404600381851,0.348161697387695,1,,,,,,,,,,,,,,,,
,3952585149.767,297.379989624023,999.808410644531,,,6,,,,30.9960141786931,,,1,,,,,,,,,,,,,,,,,,,,,,297.112091064453,297.564361572266,999.808410644531,999.808410644531,,,6.75425958633423,,1,0,0,0,0,33.2355842590332,2,1,1,297.647888183594,0,297.332750108507,,,2.02607045171153E-5,9.98197791438508E-7,2.02607106775373E-5,9.98197613902358E-7,0.993007898330689,0.993077158927917,30.9922943115234,,30,4,200,-0.000370548717910424,0.249784871935844,0.345481872558594,1,,,,,,,,,,,,,,,,
,3952585159.488,297.924377441406,999.808410644531,,,6,,,,30.9960141786931,,,1,,,,,,,,,,,,,,,,,,,,,,297.647888183594,298.157897949219,999.808410644531,999.808410644531,,,6.74067735671997,,1,0,0,0,0,32.7468223571777,2,1,1,298.200866699219,0,297.888970269097,,,2.02173586933526E-5,9.96055925082794E-7,2.02174083854299E-5,9.96055702818451E-7,0.993927478790283,0.994386315345764,30.9872398376465,0,30,4,200,-0.000282923167105764,0.247513771057129,0.342173784971237,1,,,,,,,,,,,,,,,,
,3952585169.64202,298.516067504883,999.808410644531,,,6,,,,30.9960141786931,,,1,,,,,,,,,,,,,,,,,,,,,,298.236877441406,298.734619140625,999.808410644531,999.808410644531,,,6.72456502914429,,1,0,0,0,0,33.2355842590332,2,1,1,298.795257568359,0,298.496473524306,,,2.01674437939371E-5,9.93596667719211E-7,2.01674824549935E-5,9.93596477366106E-7,0.993984401226044,0.994345724582672,30.9882335662842,0,30,4,200,-0.00037675749626942,0.24413213133812,0.339323461055756,1,,,,,,,,,,,,,,,,
,3952585188.2208,299.329498291016,999.808410644531,,,6,,,,31.0013083827057,,,1,,,,,,,,,,,,,,,,,,,,,,299.218780517578,299.428985595703,999.808410644531,999.808410644531,,,6.69624423980713,,1,0,0,0,0,33.2355842590332,6,1,1,299.440216064453,0,299.32223171658,,,2.00915349470139E-5,9.89854346051849E-7,2.00915624360154E-5,9.89854189568964E-7,0.994361281394958,0.994638741016388,30.9946880340576,1.9236480852669E-7,30,4,200,-0.000330112583469599,0.248973399400711,0.343695253133774,1,,,,,,,,,,,,,,,,
,3952585197.92139,299.523559570313,999.808410644531,,,6,,,,31.0013083827057,,,1,,,,,,,,,,,,,,,,,,,,,,299.440216064453,299.606903076172,999.808410644531,999.808410644531,,,6.68042182922363,,1,0,0,0,0,33.2355842590332,6,1,1,299.606903076172,0,299.534896850586,,,2.00686549801985E-5,9.88728838761368E-7,2.00687322036505E-5,9.88728794874E-7,0.994078516960144,0.994777023792267,30.9907360076904,0,30,4,200,-0.000378226337488741,0.246055856347084,0.340462446212769,1,,,,,,,,,,,,,,,,
,3952585207.66637,299.658843994141,999.808410644531,,,6,,,,31.0013083827057,,,1,,,,,,,,,,,,,,,,,,,,,,299.610565185547,299.704711914063,999.808410644531,999.808410644531,,,6.6667275428772,,1,0,0,0,0,33.7243423461914,5,1,1,299.707122802734,0,299.661610921224,,,2.00364871836239E-5,9.87147118195532E-7,2.0036532835215E-5,9.87147036879969E-7,0.993625581264496,0.994007349014282,30.9930763244629,0,30,4,200,-0.000365044572390616,0.242748230695724,0.337312132120132,1,,,,,,,,,,,,,,,,
,3952585217.66094,299.744079589844,999.808410644531,,,6,,,,31.0013083827057,,,1,,,,,,,,,,,,,,,,,,,,,,299.708801269531,299.776428222656,999.808410644531,999.808410644531,,,6.65111875534058,,1,0,0,0,0,33.2355842590332,5,1,1,299.779357910156,0,299.746151733398,,,2.0045631992855E-5,9.8760136963283E-7,2.00456736022558E-5,9.8760121735182E-7,0.993015766143799,0.993342697620392,30.9933052062988,,30,4,200,-0.000402144651161507,0.238898158073425,0.333774119615555,1,,,,,,,,,,,,,,,,
,3952585227.62777,299.803298950195,999.808410644531,,,6,,,,31.0013083827057,,,1,,,,,,,,,,,,,,,,,,,,,,299.779357910156,299.824310302734,999.808410644531,999.808410644531,,,6.63743114471436,,1,0,0,0,0,33.7243423461914,5,1,1,299.827239990234,0,299.803717719184,,,2.00252356811524E-5,9.86589499348581E-7,2.00252761613117E-5,9.86589292622421E-7,0.994122803211212,0.994515538215637,30.9933052062988,0,30,4,200,-0.000456850859336555,0.235136717557907,0.32998138666153,1,,,,,,,,,,,,,,,,
,3952585237.26524,299.846008300781,999.808410644531,,,6,,,,31.0013083827057,,,1,,,,,,,,,,,,,,,,,,,,,,299.827239990234,299.864105224609,999.808410644531,999.808410644531,,,6.6243052482605,,1,0,0,0,0,33.7243423461914,5,1,1,299.864776611328,0,299.8472527398,,,2.00436129780038E-5,9.87498947794532E-7,2.00437014253451E-5,9.87498825123648E-7,0.99348247051239,0.99422037601471,30.9898929595947,0,30,4,200,-0.000275750324362889,0.232403889298439,0.326268553733826,1,,,,,,,,,,,,,,,,
,3952585246.90227,299.878311157227,999.808410644531,,,6,,,,31.0013083827057,,,1,,,,,,,,,,,,,,,,,,,,,,299.865539550781,299.889373779297,999.808410644531,999.808410644531,,,6.6132025718689,,1,0,0,0,0,33.2355842590332,5,1,1,299.891082763672,0,299.879340277778,,,2.00261712268427E-5,9.86641740868386E-7,2.00261956294711E-5,9.866415341661E-7,0.993135094642639,0.993346393108368,30.9949054718018,5.56730699539185,30,4,200,-0.000401001481804997,0.229188829660416,0.323541015386581,1,,,,,,,,,,,,,,,,
,3952585257.02306,299.902709960937,999.808410644531,,,6,,,,31.0013083827057,,,1,,,,,,,,,,,,,,,,,,,,,,299.892883300781,299.911560058594,999.808410644531,999.808410644531,,,6.60089588165283,,1,0,0,0,0,32.7468223571777,5,1,1,299.912536621094,0,299.904151068793,,,2.00245672328031E-5,9.86560494941002E-7,2.00246274412291E-5,9.86560368264728E-7,0.993461310863495,0.993959784507751,30.9918174743652,0,30,4,200,-0.000339803576935083,0.225838735699654,0.320124864578247,1,,,,,,,,,,,,,,,,
,3952585266.80561,299.921295166016,999.808410644531,,,6,,,,31.0013083827057,,,1,,,,,,,,,,,,,,,,,,,,,,299.912536621094,299.928619384766,999.808410644531,999.808410644531,,,6.59017276763916,,1,0,0,0,0,33.2355842590332,1,1,1,299.930053710937,0,299.922325981988,,,2.00057612979715E-5,9.85631507673723E-7,2.00058012745692E-5,9.85631318086772E-7,0.993895888328552,0.994265913963318,30.9933757781982,,30,4,200,-0.000377954274881631,0.22261780500412,0.316765993833542,1,,,,,,,,,,,,,,,,
