{"sw":[1.0016025641025641e6],"dataImag":[[-54080.438,-776698.25,-852789.7,-18163.473,-26576.447,-49271.113,7561.659,37051.85,-33029.1,-94571.586,-38094.152,55340.473,37045.457,-57093.81,-73272.445,17953.025,62094.152,-951.0134,-68193.95,-25237.607,50295.54,22444.14,-55562.383,-55440.29,23350.225,52884.87,-18944.574,-77379.91,-28784.127,44974.434,24200.85,-57590.766,-61959.305,23704.027,53022.19,-22268.99,-76039.06,-18393.223,57259.664,26120.643,-58974.875,-54043.48,32086.752,56898.85,-10863.515,-63026.227,-11164.382,57352.645,27328.016,-53895.61,-45773.41,41616.414,67192.12,-12703.638,-69232.39,-9010.662,57998.37,19589.02,-59306.176,-50110.17,38530.258,64752.188,-8689.21,-53387.934,-1282.797,59678.797,26182.727,-55653.504,-46485.656,44987.832,62659.547,-13581.712,-55450.812,1551.3322,64065.082,23321.203,-57529.207,-40356.41,44980.45,59098.086,-21496.85,-69037.63,916.31824,67093.58,20447.46,-60692.21,-41110.438,45336.695,59330.785,-20512.596,-60269.383,6335.744,62989.867,15398.058,-59085.664,-42818.78,40297.09,54160.83,-25528.408,-61351.28,12988.57,71068.0,17845.104,-63358.86,-39695.26,48690.81,50930.445,-30159.291,-58622.047,8948.5625,64732.867,15258.169,-60062.49,-32861.07,54011.3,55051.92,-32145.285,-61588.81,12363.214,65902.84,10180.285,-62388.754,-37865.324,44182.453,47074.02,-34739.625,-61059.637,12096.139,60331.953,4673.941,-65655.88,-31492.41,51049.87,43925.996,-38961.54,-59560.1,15770.155,64834.004,608.9454,-76403.38,-39290.21,44342.168,40289.96,-33896.707,-56657.54,19920.781,68794.57,6603.86,-64454.492,-27840.604,51449.043,40845.316,-46929.98,-64133.73,17848.46,63012.316,748.8233,-62524.266,-24465.13,53283.793,38878.52,-44627.598,-54678.64,29339.266,69043.16,-165.82115,-68628.56,-27393.46,55073.58,40087.844,-39149.68,-49314.73,27919.09,70814.55,4131.6777,-65600.56,-24202.506,56101.57,36224.543,-47355.02,-54423.387,28989.627,64235.656,-3153.4893,-58716.777,-15849.109,56311.043,38233.742,-46260.902,-52902.625,32408.068,69750.17,-6966.3975,-69137.586,-15230.982,60279.17,34091.715,-49879.01,-54722.668,26348.285,62659.79,-809.23816,-55956.77,-10322.509,57673.215,27972.984,-51838.48,-49915.84,35273.7,67452.33,-6084.937,-60883.098,-10381.757,59745.75,29322.316,-52837.81,-52005.387,34072.773,63193.84,-9538.198,-58972.465,-5501.2017,60705.043,25234.816,-58314.34,-52345.246,32739.586,57888.94,-14625.296,-62462.703,-6229.58,61017.33,24325.076,-56295.94,-45482.973,39708.914,65668.94,-11716.349,-62192.305,-2986.2102,62827.086,19812.46,-59623.55,-46359.926,38809.465,55986.074,-18284.596,-59366.938,-201.95474,60827.39,19504.414,-57479.535,-46993.223,37960.746,58443.22,-19280.236,-62776.023,195.09392,64075.95,18238.244,-64577.457,-45127.008,44374.17,56017.51,-20873.87,-58111.555,2281.3228,60223.44,18802.432,-63765.566,-48619.75,36285.395,47308.934,-33248.227,-62288.016,8866.134,68987.516,16209.73,-63442.785,-36549.453,44357.793,48553.637,-34407.184,-66965.97,9174.641,67561.49,12707.122,-62913.89,-34172.17,48740.523,53153.703,-26628.277,-56650.44,11864.619,74048.39,22143.412,-61447.434,-36545.34,49069.82,42770.42,-37018.145,-60045.87,15167.126,67425.586,11393.649,-64657.535,-34410.086,55200.88,50421.754,-39862.375,-64992.703,12501.681,62582.664,5489.4414,-63252.43,-28795.672,49787.55,44767.945,-33936.62,-59706.4,15415.709,66212.5,10374.736,-60145.023,-26119.803,49602.613,41253.04,-38812.426,-56916.957,22041.047,64734.57,5914.3604,-58096.52,-23190.676,52219.098,38711.977,-44380.14,-60104.816,19160.627,63520.668,3114.3015,-64984.79,-26937.59,51186.535,38001.625,-48675.15,-63778.47,17424.217,64652.715,998.3211,-66741.125,-24466.37,51271.43,37674.67,-47788.984,-61677.297,25685.379,68399.77,-698.9071,-62565.617,-17830.475,58356.742,34991.8,-47943.582,-50128.33,29891.639,67088.766,-2141.2698,-62724.88,-15499.469,57604.957,30256.43,-51708.527,-57891.266,23220.184,57313.78,-8939.851,-59568.395,-4735.937,62601.49,35847.97,-46999.773,-48917.62,33811.13,65985.7,-12451.313,-68040.914,-10987.9375,63234.027,33100.473,-54430.1,-49391.887,35074.246,62609.746,-7131.1807,-57426.55,-4755.5635,60996.363,32282.549,-48341.09,-44944.57,37205.527,63702.668,-14487.421,-63299.543,-3438.0132,66351.77,29298.35,-51753.543,-46327.91,38714.766,64664.797,-10511.409,-58203.324,2862.1267,67299.125,26280.47,-53885.215,-47218.17,38726.6,56956.043,-21637.975,-63869.492,-1044.239,68117.51,22970.34,-58983.266,-45665.523,32199.48,49634.863,-24860.01,-63987.68,5384.9995,66927.56,20317.344,-58271.586,-47064.223,37527.395,55469.32,-21931.186,-58353.61,11662.6455,72202.57,21567.594,-58934.254,-45144.547,42581.824,52760.08,-24044.215,-55955.875,7826.8677,60634.4,11702.092,-60330.637,-34527.754,46671.34,58106.195,-25769.549,-57767.816,11548.705,67643.27,19202.629,-59508.508,-48254.098,38101.473,48869.227,-29203.771,-54965.36,14831.214,67889.71,15371.725,-60718.633,-38955.355,38478.613,40056.727,-34486.457,-64982.94,8445.136,70837.7,9008.734,-68656.56,-35576.902,48752.44,45641.367,-38084.51,-62912.297,13273.473,65471.145,5955.315,-60695.42,-31170.271,38787.594,35267.277,-46761.844,-65557.03,20138.994,68102.1,5787.6606,-63769.14,-27343.135,53457.76,47380.938,-40274.535,-61064.62,20800.664,68459.53,10420.331,-56509.64,-17214.83,53745.465,36341.87,-48796.28]],"spec":[0.0],"history":["RS2D Spinit data loaded from C:\\Users\\TXB909\\Documents\\strain-cell"],"hyper":[0],"dFilter":0.0,"ref":[1.69e7],"wholeEcho":[0.0],"freq":[1.69e7],