{"sw":[1.0016025641025641e6],"dataImag":[[167572.17,2.5998665e6,3.0812725e6,280340.66,-15831.961,-11820.92,-41254.7,-69352.65,-3086.772,73763.016,38639.125,24837.543,45080.664,32623.299,22522.53,-66233.73,-98188.02,3115.3381,85103.79,62691.516,-32779.105,-53505.258,37384.85,91363.75,60561.79,-32710.928,-64223.695,-36198.566,-79730.625,-141402.5,-115953.19,7606.021,72156.45,-17741.934,-94921.18,-40463.707,81180.11,66214.65,-51848.043,-77153.68,-2884.383,40072.332,-21905.525,-92889.875,-48298.207,36500.586,20590.37,-61302.555,-35243.438,69360.07,103095.625,26945.514,-21515.734,40494.95,65922.45,-10010.375,-113340.78,-113163.49,-6114.8276,55178.15,11845.91,-47124.14,-26457.576,27860.074,-97.189384,-65355.895,-48201.38,37170.16,51860.758,-13262.928,-58710.03,16213.413,96546.664,37880.652,-78277.96,-79295.445,39770.312,92942.27,-6782.62,-94660.45,-22488.188,71294.06,37017.01,-38309.77,-15881.058,75018.9,71912.82,-23767.123,-76737.68,-6090.6675,62247.414,31989.303,-33046.992,-37106.29,26107.725,38540.082,-34263.496,-72912.64,-159.89505,62766.367,-5938.7,-89557.555,-68811.914,22528.45,65192.83,-8142.438,-75317.0,-7467.338,64911.312,12145.518,-71032.414,-60450.484,32507.6,62556.35,-28275.71,-93786.1,-19453.643,56182.33,-2569.9314,-85831.09,-54036.49,52992.465,62997.906,-18321.76,-37831.48,41136.926,85804.6,4658.654,-84118.88,-45533.35,40439.254,32595.855,-47271.668,-70931.04,-301.3634,67510.164,20471.523,-52237.125,-27438.248,66368.76,85713.7,14504.297,-21129.785,46228.086,103999.07,26975.219,-81902.23,-56604.305,48216.29,60600.21,-35785.004,-78403.234,9737.44,89515.53,23505.586,-62280.465,-24853.072,58826.953,30520.771,-70780.625,-84029.234,5486.158,54433.793,-4040.1194,-67593.805,-15999.245,72748.31,44636.773,-51163.95,-63556.88,14626.755,71095.19,20298.922,-59193.57,-29802.799,49888.312,36541.6,-42306.95,-63715.234,20122.629,78819.234,18329.402,-59195.57,-21538.74,74241.445,66938.164,-35107.098,-67660.19,28251.943,83831.32,-1754.3485,-77299.94,-21479.273,76235.086,48805.047,-58684.297,-65954.31,29000.307,63435.594,-17172.736,-79554.69,-24137.691,57406.305,36202.55,-47132.285,-44333.727,34111.61,63829.105,-6482.889,-62110.367,-12706.419,62879.23,41167.03,-55544.91,-74579.04,9794.004,54613.83,-7521.935,-73935.4,-28613.64,58210.33,40322.53,-60920.86,-66709.14,34888.48,78364.72,-7381.338,-81325.97,-24306.486,71460.97,39247.277,-65792.625,-61939.023,41290.375,67674.0,-16599.316,-72572.93,-3151.2493,75817.57,34824.543,-48846.316,-39093.4,41751.66,61614.996,-20464.95,-69346.734,-9802.376,62036.773,28301.105,-54870.66,-57712.074,31136.002,63442.043,-10432.294,-64762.79,-8533.481,72088.27,37862.043,-64485.664,-67111.77,35970.312,73915.21,-15753.377,-73700.375,-10838.249,71340.22,23875.426,-78456.61,-60833.4,45717.35,65799.58,-22313.008,-67105.64,7937.3657,75625.58,22260.947,-59589.473,-34820.973,48155.703,54714.137,-33718.496,-70939.0,-2880.8906,57126.914,17747.152,-51505.81,-36918.71,47853.363,66538.78,-16969.373,-62679.0,4011.3755,69798.21,28240.229,-65136.664,-53780.742,49798.637,69321.67,-29344.266,-71595.07,11147.895,81714.484,22360.842,-70645.76,-44226.082,57914.457,56481.11,-39375.633,-70646.805,15526.826,74119.02,5770.825,-71800.23,-35427.062,53261.984,50090.684,-33603.92,-56332.715,15114.482,60962.402,4532.5396,-61543.863,-31810.316,51059.78,55641.773,-31619.78,-69540.07,2957.952,63735.57,13878.889,-64879.863,-38450.543,53938.426,62723.24,-36146.395,-73254.99,14201.691,74607.6,8054.9907,-79852.0,-36304.98,71020.33,61644.434,-46677.08,-74590.63,20966.45,72083.87,-2496.5437,-77524.67,-27587.61,62100.17,44895.35,-45615.71,-55476.64,23764.967,64096.812,2204.5164,-62415.1,-25001.041,54285.855,45710.957,-39584.484,-64933.2,15326.745,65973.914,4662.1714,-69211.1,-28761.033,61789.78,56196.848,-40038.004,-62521.69,27872.604,86444.96,4296.549,-81449.13,-29867.582,66970.71,53093.297,-52497.55,-65378.344,32747.848,75517.28,-9449.924,-75820.625,-12053.404,67753.93,40481.9,-54354.395,-53640.684,34456.25,65901.35,-6434.633,-60219.293,-13473.892,58583.723,35964.2,-45688.95,-52783.24,30653.145,63990.066,-3497.5833,-68468.336,-24140.986,61650.234,47016.453,-46172.977,-59941.273,28063.213,72611.13,-7216.7363,-76802.266,-16545.957,71704.96,33471.49,-62844.41,-59482.984,39836.438,70273.81,-19689.623,-75750.49,-2858.2153,73979.66,25027.123,-62077.043,-46518.105,44791.53,65509.98,-17348.586,-65382.996,-2415.7954,62737.086,23912.734,-52563.668,-43571.03,35919.25,58584.15,-11960.901,-64152.56,-12262.741,66672.03,34927.914,-60654.14,-54388.242,40579.953,69981.62,-16162.942,-76943.62,-7766.949,74128.4,29220.672,-64927.22,-47065.86,50649.92,69117.73,-26729.777,-78248.164,3884.5813,74708.664,18169.594,-66042.86,-34837.32,57598.957,54110.957,-37387.008,-61768.703,9896.619,64563.867,14086.482,-65726.28,-39602.92,47612.527,54477.367,-26652.174,-66843.43,-291.40875,65219.73,20484.723,-64159.227,-44957.387,51488.156,67935.81,-25438.518,-71529.02,6016.768,80191.34,25226.2,-70662.79,-50017.383,52270.266,60269.234,-37810.746,-73042.445,13909.256,73945.28,2598.7544,-76485.7,-30370.62,63666.312,50424.184,-43462.14,-62879.05,19863.688,66265.08,4232.7905,-66051.55,-30945.473,56054.75,48866.246,-34689.89,-60274.348,4738.174]],"spec":[0.0],"history":["RS2D Spinit data loaded from C:\\Users\\TXB909\\Documents\\strain-cell"],"hyper":[0],"dFilter":0.0,"ref":[1.6e7],"wholeEcho":[0.0],"freq":[1.6e7],