{"sw":[1.0016025641025641e6],"dataImag":[[14380.251,756832.1,1.5031694e6,244899.5,-55325.285,-35427.305,52953.137,62302.453,-48390.45,-25879.47,85038.32,194462.89,119635.586,-61702.594,-95558.72,-15258.914,-13008.226,-105407.15,-169011.12,-92633.81,-33583.32,-74287.57,-120278.016,-61659.867,59915.83,58590.324,-46715.42,-103670.5,-28408.557,36112.97,-1706.0148,-87222.91,-110354.086,-25678.613,24787.121,-41014.6,-77216.53,-8563.255,91274.72,79765.68,6507.5244,15661.348,86144.0,70194.44,-35626.305,-88976.8,-39803.758,32147.156,-7820.7935,-112920.98,-93508.3,19367.71,54470.555,-36710.062,-92119.59,-23370.416,26466.39,-11450.759,-52730.188,1206.5863,68544.375,50200.055,-29114.512,-43230.91,41542.875,79601.85,7955.73,-81698.62,-32995.25,79558.6,80697.766,-12741.739,-39806.906,25016.828,77942.836,38680.75,-49320.7,-30934.076,53315.77,67886.39,-25830.51,-82198.09,-11059.402,66946.76,17581.998,-84765.19,-52358.25,39780.938,7640.7812,-94208.02,-100055.28,-5015.803,44281.918,-26338.793,-101562.79,-46515.645,58868.445,40512.715,-57682.977,-64944.35,13090.371,47736.348,-8673.207,-83731.664,-52139.742,24352.58,20591.738,-63345.05,-81735.2,-1168.3986,52420.75,15663.248,-46878.8,-13375.099,74652.35,68208.086,-31390.434,-67064.164,21717.713,63608.04,-22549.635,-98130.19,-40131.406,56207.082,45139.133,-46648.64,-57186.254,54085.76,106055.89,39496.594,-13313.493,41262.355,117196.086,77322.41,-22312.705,-26612.812,58101.098,67067.664,-18855.531,-73403.49,-16193.012,70781.91,53843.07,-38755.02,-47808.625,36583.445,57919.773,-15257.306,-75278.875,-44381.426,30300.02,23729.965,-55160.316,-65577.375,31211.205,77308.97,-2352.3286,-68828.08,-9729.03,81112.31,47592.28,-60915.016,-63716.69,37017.91,76439.39,-16721.65,-74607.17,-4711.298,69734.49,30462.303,-53471.21,-33944.4,65466.797,82703.516,-2966.3396,-51281.668,19089.973,86342.734,37880.15,-50572.855,-39937.426,43780.258,64100.887,-12309.001,-61363.37,-4973.0044,68312.195,29232.55,-65338.605,-64398.92,23131.723,59311.816,-21652.627,-81560.03,-10623.225,71865.13,29987.38,-60622.8,-41442.742,55010.74,70470.27,-30865.943,-85939.086,-9348.055,67389.4,10077.267,-85749.65,-57545.508,42276.035,45029.363,-37902.992,-66644.02,7797.5215,66665.91,14828.373,-63964.695,-41188.234,41346.27,47310.688,-30019.17,-67579.805,-6628.979,58337.164,16659.37,-61754.43,-43586.355,51892.652,75206.73,-13084.599,-66414.99,12939.278,87349.68,31928.889,-70087.55,-51076.89,54757.586,60926.96,-45534.68,-79496.89,9350.876,68762.59,2917.315,-75689.89,-33338.18,61844.297,51337.668,-43756.293,-65581.98,20256.83,68743.88,2328.0647,-74386.484,-40354.02,44683.914,42026.777,-43361.43,-72983.47,-370.72104,58235.395,3985.535,-69047.18,-37374.98,52898.47,64812.637,-19991.162,-61448.805,16933.82,81037.77,14377.011,-73971.09,-39179.082,56498.31,53227.926,-47438.17,-71908.945,20611.627,80787.71,8835.867,-72147.305,-20172.094,76890.92,57975.98,-43754.62,-54738.73,36054.137,76269.375,4888.38,-62211.316,-15321.893,60007.76,43167.18,-43187.703,-56641.1,22778.594,65714.23,2534.3538,-66943.125,-23817.713,59393.367,41980.53,-46569.375,-66287.68,18494.188,70612.87,1607.7217,-76739.37,-32478.828,61928.56,53934.445,-49841.414,-63956.207,32010.223,75077.62,-4888.5864,-72594.0,-12089.644,74313.4,36955.79,-61012.008,-57224.516,39785.875,71263.86,-13023.31,-75721.836,-12231.288,62644.168,30370.785,-53001.49,-51911.97,31975.516,62971.74,-8136.322,-60854.83,-11902.754,59619.414,39741.113,-48120.816,-63789.57,22147.242,67336.36,-3069.542,-71701.484,-21469.57,65901.336,41095.14,-58105.195,-57488.543,39853.637,76416.3,-13124.35,-76872.92,-10361.781,75811.93,33154.1,-60768.76,-52027.598,39959.953,63756.08,-18382.783,-64905.47,4164.0527,68714.52,21575.945,-61234.53,-42419.72,41649.055,59588.996,-18283.295,-62022.535,-4253.946,57112.438,23398.35,-50997.44,-46782.242,37370.305,63896.586,-19303.896,-75158.86,-11949.769,68181.86,36092.09,-57133.605,-49428.09,47623.72,67352.67,-21900.713,-72094.51,-4656.385,71722.48,20001.992,-73192.984,-43242.17,59221.44,62647.848,-35159.02,-73760.18,5162.0747,65757.33,8957.65,-68806.625,-36749.6,50355.75,51871.93,-34346.93,-66229.41,1809.7245,62745.008,16003.526,-55123.047,-35937.68,48648.406,61974.367,-21846.252,-66989.48,-1863.8894,70848.086,26701.031,-66651.43,-45428.656,53341.66,62948.04,-38287.55,-71872.91,9836.5,74217.54,9101.725,-75779.664,-33045.92,64321.84,54035.27,-45472.973,-68285.695,18503.76,70073.85,1918.8898,-70153.53,-28490.887,59674.49,54608.004,-38087.016,-57805.023,19686.121,62179.71,4480.6206,-57760.312,-29007.924,50885.285,46391.383,-36690.953,-63788.203,13533.046,71474.24,18822.684,-63602.176,-38049.797,54141.38,53950.09,-41130.465,-69449.23,19172.7,79634.75,3324.1418,-82096.61,-31147.379,69440.11,47170.86,-54865.758,-66090.516,26724.105,69721.17,-9017.824,-73287.24,-16805.361,59597.76,38048.098,-43208.246,-54008.918,22974.479,62015.816,-6714.4565,-64241.023,-22088.941,52137.4,42551.69,-36778.695,-51188.594,28950.598,67158.734,-1199.412,-71580.36,-26584.768,62413.387,49126.438,-49862.965,-64882.23,28276.42,77403.53,-527.7736,-76102.836,-25638.713,62075.22,35135.516,-55314.543,-53682.973,40285.57,68173.03,-19031.648,-74935.14,-7752.89,64386.82,31208.727,-51625.19]],"spec":[0.0],"history":["RS2D Spinit data loaded from C:\\Users\\TXB909\\Documents\\strain-cell"],"hyper":[0],"dFilter":0.0,"ref":[1.6e7],"wholeEcho":[0.0],"freq":[1.6e7],