{"sw":[1.0016025641025641e6],"dataImag":[[-6713.6187,-115293.58,-143525.14,3291.1602,10611.77,-7303.491,-5721.14,10949.891,18266.12,3081.6758,-11383.193,2319.573,21361.367,10683.262,-12832.201,-11376.055,12179.394,17272.746,-2620.124,-15550.49,-182.99974,15745.421,1691.2642,-18637.246,-12872.278,9080.159,11759.752,-10899.653,-22737.238,-5850.402,9277.255,-3940.5845,-24355.363,-17950.87,4775.255,5557.2427,-15158.5205,-22817.633,-4733.3057,9443.642,-3461.0974,-23824.59,-19227.42,3357.026,5736.8325,-14468.274,-25300.19,-7670.689,7675.7837,-5296.9766,-23255.535,-14340.927,7991.845,9797.137,-11886.479,-19828.936,-126.84582,13317.579,-1731.3624,-20462.736,-11802.923,12273.756,13465.27,-9003.8545,-15864.002,3379.5337,17192.125,4825.1064,-13489.393,-6240.5312,15171.753,16025.699,-5700.204,-13923.753,5467.929,18733.676,2866.9033,-16269.235,-6835.6577,15483.317,13533.459,-8522.727,-14325.319,5403.345,18404.678,2921.0737,-16298.407,-6064.7593,15666.973,11902.117,-8969.291,-13434.166,8023.504,20376.434,2663.8196,-17520.57,-8428.393,13212.606,11823.052,-9734.403,-14954.082,7122.5044,18630.707,1462.1508,-15373.013,-4181.511,16378.265,11615.678,-12189.005,-14316.916,5577.7256,16778.709,-2653.765,-22742.123,-9967.988,13620.561,8382.077,-11621.248,-14290.127,6111.335,16944.596,-940.0566,-17856.383,-6760.695,13210.727,11311.597,-11154.819,-15098.544,5950.02,13064.772,-5302.8535,-18358.877,-4673.5728,14822.883,7781.8022,-13598.94,-14316.914,8041.965,16840.504,-2423.3909,-18359.2,-3904.06,17515.475,10340.778,-10508.082,-8538.859,12231.544,19990.873,-408.981,-14887.206,289.82724,21577.576,12283.106,-8308.84,-6892.736,16020.1,24815.766,6742.271,-6311.7227,8638.748,27142.031,21411.318,109.26146,-1442.536,22291.06,30877.482,9761.431,-2396.1611,10545.684,28435.627,22024.68,79.0644,796.4863,24810.11,29802.72,10387.924,-3799.897,8651.282,24992.68,15239.282,-7452.309,-5940.562,14683.633,17168.033,-5313.0483,-20199.148,-7035.437,7449.342,-5293.5083,-28600.996,-26114.963,-5200.5,-2817.68,-26816.453,-40139.0,-24790.908,-9937.464,-22885.328,-43872.68,-39815.477,-19397.438,-17005.422,-39290.043,-50104.7,-32201.844,-14200.13,-27235.242,-48214.297,-41256.234,-17401.26,-12824.766,-33468.953,-41989.863,-22436.303,-4900.057,-13773.56,-32043.895,-24821.29,399.86328,5677.014,-15158.0625,-21814.1,-906.65686,16136.076,4012.6409,-14741.519,-6076.2563,18685.16,22930.35,3049.832,-4553.767,15180.105,29476.559,17128.088,-648.31885,6680.316,29581.965,31090.443,9996.815,2125.6384,21036.957,35867.793,20155.32,-177.2809,7754.038,30888.373,29468.178,5285.2236,-2923.7058,14806.722,26322.533,11019.221,-7514.33,272.84027,20180.836,19854.186,-1737.2949,-10848.887,8143.8867,21110.238,2350.4404,-17308.97,-6638.4575,16215.931,11497.994,-12977.247,-17573.115,4848.265,17561.104,537.0739,-19391.363,-10003.914,12218.099,9878.136,-11603.865,-15334.278,5380.7314,15582.455,-2513.5989,-20148.27,-9856.096,11366.744,9439.468,-12489.607,-16167.071,5157.162,16194.69,-1159.5245,-19475.941,-9169.839,12511.188,9494.933,-11233.05,-12056.698,8699.008,16312.218,-2305.7126,-18927.365,-5543.6226,16036.038,11125.201,-12168.446,-14206.875,8862.443,18490.766,-1006.5703,-18981.441,-5519.735,13957.93,6634.976,-15153.078,-14431.675,8284.48,17590.102,-2232.093,-17504.473,-5054.635,13859.45,7483.667,-15772.059,-17411.207,7567.5186,14314.192,-4242.8315,-17383.225,-4230.2397,13442.294,6151.2217,-13025.334,-11637.45,8207.163,14459.778,-4817.1025,-18099.842,-3953.4585,14322.801,5539.5854,-14436.471,-11720.277,10415.225,16977.818,-3031.6545,-16002.807,-757.16943,15886.807,5764.1675,-14719.216,-12277.872,8496.083,15415.886,-2901.314,-15906.546,-305.3174,17354.428,5070.289,-17220.324,-13823.443,10517.6045,16176.567,-4852.218,-17185.168,-1823.8804,15485.327,5323.024,-13456.161,-9397.28,10465.305,15436.302,-5612.8955,-18489.094,-2520.72,15283.767,5199.1274,-16544.984,-13319.705,9548.228,14007.357,-4720.289,-15278.77,941.54626,16727.184,3729.3035,-17751.402,-12571.98,11714.3955,15842.98,-5262.1157,-15001.175,2382.165,18538.736,5467.713,-14678.414,-9063.494,11829.942,11937.593,-9538.489,-16781.936,1954.3677,16571.012,2447.986,-16156.05,-9787.712,11853.855,14792.189,-5276.067,-13933.608,4432.1953,18990.56,4337.7104,-16337.07,-9572.249,11849.987,13899.264,-7730.744,-16798.793,4832.755,18981.465,3389.0767,-15569.9795,-8782.415,12271.227,11715.036,-9329.244,-16027.511,2554.3977,17827.178,4041.118,-15406.286,-7436.6436,14959.751,15337.772,-7731.3877,-14146.832,5355.193,17479.094,2089.3086,-17102.475,-7388.994,13815.272,12052.889,-9428.177,-14827.422,6620.156,18134.232,207.75761,-17607.36,-6919.4146,16601.55,13127.509,-10754.236,-13926.402,6111.9194,16288.531,-797.6269,-18657.607,-6745.929,12422.567,7587.1274,-12253.824,-14445.787,5700.5664,17034.938,1698.4141,-16147.84,-5842.9375,13764.049,8945.488,-11647.742,-14560.482,6872.633,16707.97,-584.5653,-17191.428,-5088.4224,16016.022,10800.662,-12299.5625,-14299.6455,8392.177,18595.691,-1249.4526,-18122.559,-5587.7314,15433.651,10570.092,-11405.549,-14185.828,7595.79,17258.08,-84.15464,-14454.721,-1728.5529,17355.451,8098.892,-14516.871,-12266.327,9376.842,16591.666,-1400.6709,-14530.13,-1832.5924,15788.459,7407.9927,-13953.2295,-12639.513,10089.424,18088.693,-1611.0492,-15850.825,-3420.4128,13612.414,6567.452]],"spec":[0.0],"history":["RS2D Spinit data loaded from C:\\Users\\Birmingham.DESKTOP-9DIJDH4\\Documents\\NMR analysis stuff"],"hyper":[0],"dFilter":0.0,"ref":[1.69e7],"wholeEcho":[0.0],"freq":[1.69e7],