{"sw":[1.0016025641025641e6],"dataImag":[[-10592.016,-198010.5,-266483.66,-13423.272,10413.572,-7387.232,-6894.5845,8294.964,13261.289,-6663.9917,-19123.848,-2049.5417,17184.076,10715.009,-7930.2124,-4788.7627,19393.805,25246.379,4417.3677,-7736.5503,4536.744,16553.352,5134.291,-15676.462,-12451.554,10137.466,14652.305,-5652.2817,-16758.43,2076.7551,20510.482,8333.763,-13168.414,-9292.608,10684.994,10118.916,-11633.38,-21331.367,-2798.354,14840.75,2986.8801,-15680.434,-8762.409,13664.935,17439.955,-3994.2844,-16495.76,1310.955,15416.145,1010.2391,-18823.111,-12564.196,9263.433,10596.66,-11056.112,-18621.021,2470.0745,19282.922,5505.254,-14820.281,-9410.552,13787.482,15460.219,-7297.565,-14937.906,2674.3613,14933.951,-3245.1912,-22207.352,-10705.62,13082.625,13922.375,-7602.3203,-14043.598,5192.4653,19281.787,3708.679,-15562.362,-6526.6797,15135.138,12887.124,-8817.665,-15390.077,3405.152,17243.236,1529.695,-17734.512,-5527.193,19224.49,18202.172,-5487.7866,-12887.726,5987.929,17155.973,684.72375,-16905.89,-7205.6714,14720.125,12937.591,-10106.037,-15665.087,4301.617,14552.904,-3338.52,-19875.977,-8322.71,11940.544,8667.948,-11353.082,-14664.343,6034.071,18105.605,-332.5485,-16612.264,-3947.1045,14928.332,8519.12,-13527.075,-16048.347,5449.462,15279.653,-2593.4395,-18266.512,-7192.963,12905.296,7940.4385,-14168.197,-16439.434,4497.4897,14084.9,-2633.7854,-18366.803,-6137.411,13903.121,6923.209,-14236.117,-13775.248,9529.439,18262.867,-2121.1333,-19164.611,-4062.5247,16089.957,10072.514,-12210.792,-13263.129,10685.277,19671.398,-1814.6886,-17032.32,-1163.7471,19728.35,12496.264,-6663.418,-5604.673,16273.531,24073.137,5354.6455,-8209.109,6673.092,24809.832,16867.56,-4390.609,-1107.6992,24013.955,31685.133,10455.53,-3916.514,11222.902,31247.305,21209.889,-961.7694,586.7922,21033.387,26100.197,6803.0034,-7616.309,6312.429,23196.742,13217.848,-8781.502,-7117.4946,14443.4375,15639.428,-8716.7295,-22267.49,-7974.6836,7836.9766,-4087.468,-28081.773,-28785.508,-8522.107,-7431.459,-29864.473,-40186.11,-23772.385,-10200.514,-23980.113,-46843.3,-42921.5,-20697.928,-17644.871,-39610.113,-51117.855,-34061.04,-17839.148,-30012.576,-49094.242,-43403.527,-20052.598,-16641.111,-37014.12,-46325.406,-25754.877,-6215.6675,-16481.48,-33801.555,-25685.387,-2417.7158,2168.3606,-17070.354,-23344.324,-1654.0854,16373.864,3733.1238,-15002.466,-5354.703,20490.846,23183.992,2182.284,-5138.995,14508.767,29472.14,17971.684,-450.72098,7624.078,30547.584,31186.506,10126.619,3430.464,20469.186,34494.004,19021.1,-682.8679,8128.6675,29567.613,26598.408,4892.7803,-2096.776,17295.393,29575.568,11535.094,-8479.223,541.305,21528.043,19273.324,-3912.9736,-12082.307,8042.838,21707.643,4777.3657,-16413.492,-6896.0137,15668.302,13519.757,-9815.782,-15574.337,4461.3364,16469.1,706.19183,-21394.22,-12736.088,10716.813,9294.667,-13301.619,-17638.895,3263.3213,15581.722,-3084.2646,-22015.705,-9837.738,12498.496,9363.779,-12715.803,-15752.407,5995.3057,18652.277,-242.24388,-19011.195,-6870.5264,12179.912,9055.715,-11497.198,-14814.034,6623.167,17162.594,-835.64606,-17966.416,-6050.6885,13354.452,8416.061,-11200.037,-14234.227,6888.7837,16352.694,-2627.7905,-18033.445,-6104.8755,14999.898,9613.464,-13496.132,-15181.549,7437.2104,16012.931,-5342.284,-19557.459,-6314.913,13950.788,6845.5405,-15167.828,-15948.817,7749.0884,16401.076,-5103.9688,-20385.758,-4010.8948,15330.545,6618.976,-16004.623,-16511.506,5747.795,13487.749,-4571.1577,-17501.36,-4045.3555,15085.227,7669.3325,-15817.258,-11789.065,10130.774,14860.124,-3221.705,-16426.55,-1404.4487,17312.89,6559.647,-15493.378,-14250.293,9869.224,17154.762,-4481.673,-17584.678,330.48264,17359.473,5639.9814,-14627.64,-12035.045,8672.752,13567.255,-5909.331,-17634.566,-71.504005,16570.006,5627.021,-15389.861,-11026.939,11120.784,14355.94,-6526.732,-15549.026,2139.288,17759.057,4891.6465,-15340.223,-9745.34,11711.049,15631.325,-4817.414,-17760.844,-1427.9025,16773.861,6130.017,-15047.846,-11067.525,10539.663,13715.001,-7820.915,-16273.544,974.2973,16926.041,3142.916,-16465.748,-9643.488,13401.985,14571.2,-7445.3076,-16633.432,1483.8004,17933.229,5697.6533,-14870.499,-8378.287,11727.331,12530.902,-6634.1597,-14710.105,6049.5093,18195.447,2058.4995,-18181.28,-10329.911,13734.955,14402.297,-8027.9067,-14328.985,5797.716,18897.906,2720.8435,-16484.293,-7631.8896,13012.104,12710.3,-8589.007,-14923.555,4613.6436,18162.66,2207.7534,-17059.047,-9060.646,13412.879,13025.879,-8734.262,-13909.19,6999.0513,19031.217,3613.2993,-14603.7,-6426.275,15327.604,14054.191,-7771.623,-14558.818,5253.621,16344.344,828.7447,-18064.04,-9094.605,14255.751,13385.285,-9037.163,-15871.267,5175.17,18571.156,820.18964,-17828.82,-7844.0913,12746.927,9473.986,-12194.007,-13954.077,6981.6143,17953.455,-398.58194,-17864.102,-6242.542,15116.971,10279.673,-10686.968,-13309.002,7207.1978,16718.807,-143.0929,-14017.163,-3150.5447,15218.495,9931.318,-12177.064,-15473.241,4816.753,14762.358,-1982.7018,-17535.324,-4937.87,14015.515,9427.286,-11537.278,-13765.357,8453.585,18112.162,-2444.2832,-19852.678,-3985.3088,16885.889,6934.3247,-16278.099,-12796.016,11394.112,16767.123,-3209.5994,-17549.547,-4359.3047,14584.277,6735.801,-13634.126,-12049.293,10304.481,17122.752,-3388.61,-17670.22,-4280.0107,13224.421,7976.4863]],"spec":[0.0],"history":["RS2D Spinit data loaded from C:\\Users\\TXB909\\Documents\\strain-cell"],"hyper":[0],"dFilter":0.0,"ref":[1.69e7],"wholeEcho":[0.0],"freq":[1.69e7],