{"sw":[1.0016025641025641e6],"dataImag":[[-93027.8,-946680.44,-696940.1,-16602.477,3690.0596,11932.8955,-28469.438,-63547.555,8139.314,105472.234,101808.19,96366.83,82223.484,39174.188,19133.785,-57215.234,-76482.8,26267.39,98873.3,66684.77,-70066.34,-104572.16,16513.744,82335.72,63666.52,-19168.742,-72997.02,-53481.434,-89807.85,-144529.34,-118430.34,9514.631,79610.36,-10131.085,-98087.13,-77347.55,29787.059,30273.578,-85063.86,-106045.555,-28699.896,18080.373,-39518.71,-109546.32,-61070.25,20050.111,25377.393,-37514.285,-2161.7021,97714.99,125087.72,43140.074,-18555.236,45673.938,60735.613,-25203.906,-131901.12,-128301.06,-22987.158,33070.31,6691.771,-48661.74,-51516.312,-33080.9,-56924.594,-94859.05,-57494.64,39060.38,39411.43,-29974.658,-53625.043,33979.203,112731.43,28419.416,-88994.45,-82512.02,50934.83,136784.72,49303.24,-60905.082,-10767.115,77389.06,30878.469,-56663.434,-29106.38,82640.31,95327.234,3959.9521,-67556.34,-15214.157,55474.36,17950.822,-34280.523,-30936.566,28335.295,46093.133,-36485.844,-87497.38,-18904.15,41672.652,-27219.697,-95504.01,-73875.305,4490.8774,64866.523,360.64273,-77593.086,-13408.245,68380.3,13619.325,-73831.39,-60603.176,31529.154,64603.008,-19663.8,-89174.63,-21985.482,69512.65,9389.065,-79016.375,-41030.523,54241.383,59980.562,-3272.7988,-22163.584,48010.953,99408.25,15923.622,-79296.27,-50141.32,33151.188,27937.797,-57346.19,-88253.44,-7289.5654,77464.94,35588.805,-37645.688,-18603.764,81912.86,105354.625,28796.117,6861.403,61652.855,116256.41,43878.965,-70362.92,-49650.707,63667.22,80968.06,-8962.63,-60196.75,-103.11814,74266.914,22436.275,-45924.355,-8122.387,69549.016,25616.205,-85628.52,-96901.15,-3664.6726,54160.76,7218.146,-42391.082,-805.7109,80283.445,54328.7,-47614.066,-70185.56,8077.0474,69812.57,36970.355,-31013.164,-4064.7349,70707.7,44893.754,-52118.605,-83531.03,9064.797,82094.984,29224.064,-54814.33,-20185.836,85503.05,75514.7,-28514.354,-60258.516,26227.98,85530.52,1153.4365,-78306.3,-9526.585,101280.6,72904.82,-36005.766,-58931.77,24927.908,55098.234,-36877.54,-106805.59,-43711.984,45841.008,22350.006,-68348.64,-60557.062,30909.506,71119.734,-109.62662,-54540.375,4057.0889,79334.17,60053.555,-52881.727,-91924.516,-4472.976,49992.79,-14043.212,-84724.664,-52078.082,38728.297,35336.434,-58502.324,-63199.965,41676.812,82347.1,-12441.143,-80739.27,-33642.707,52250.766,26236.572,-67778.4,-60728.816,51360.242,84922.19,6846.6226,-53300.24,5668.5156,86905.31,47326.535,-36453.527,-24537.498,41927.01,54939.73,-36138.832,-90482.64,-31397.217,46212.41,22492.682,-53559.83,-71065.45,14529.427,57821.844,-11069.0205,-63359.92,-5285.9487,82155.96,53229.723,-61945.832,-80461.5,20629.598,52467.89,-31727.94,-79043.086,-7062.5347,77343.82,30104.621,-76693.76,-57010.547,52224.89,74682.016,-22980.627,-72465.42,-2333.3562,64481.832,19070.006,-67579.4,-51134.016,34689.832,52827.098,-29839.707,-65392.7,5621.307,52848.836,13459.157,-49759.08,-34882.766,52197.65,66859.88,-19799.553,-76826.69,-14312.766,63338.555,23167.896,-61679.95,-48960.953,49332.277,76070.01,-19342.576,-68929.8,6540.0874,84704.086,15120.968,-78798.41,-49726.125,59102.703,63957.668,-28404.268,-61952.38,19554.846,64705.1,-12437.664,-84879.47,-47383.02,39405.98,32522.484,-42781.01,-62083.633,13134.447,69558.96,10761.2295,-55495.3,-20405.957,55130.965,51050.133,-22677.23,-54817.88,3367.518,59995.56,8913.865,-64560.23,-28989.281,66199.91,75662.68,-21344.658,-76568.35,4151.694,75048.86,17486.176,-72474.92,-28937.203,71032.945,57873.465,-40205.53,-66678.45,14309.761,56507.6,-17662.371,-79160.18,-16149.414,65352.543,47740.777,-42316.3,-56886.08,26445.834,73663.734,9103.833,-65790.516,-38067.797,57871.785,57393.91,-21463.5,-41494.887,27831.633,66423.61,11520.511,-56391.785,-26416.664,57957.633,49160.133,-50600.637,-65833.89,22727.424,75076.516,-3128.766,-82538.56,-27504.486,64385.824,39404.895,-52677.023,-50866.844,32942.6,64946.246,-14437.937,-85801.414,-30692.854,58223.676,46384.887,-39705.766,-51741.39,29887.096,56544.04,-20815.738,-64636.973,-13792.402,57166.19,41405.76,-45204.88,-54734.79,29051.812,60679.824,476.35712,-57395.082,-21388.273,58397.25,53662.625,-34702.57,-48085.516,23517.898,51954.965,-22797.76,-83315.45,-17203.377,68156.79,41966.004,-61076.074,-73168.414,20462.734,66016.055,-3721.4714,-63916.957,15859.261,98617.02,49778.86,-46650.52,-46498.79,37922.613,53081.914,-27257.406,-59848.867,-102.64094,59401.277,25492.541,-49454.5,-44487.535,32468.723,56198.223,-2941.3767,-55790.1,-14439.469,59235.04,32322.365,-76358.79,-77501.38,32077.857,62592.137,-11549.162,-71169.65,842.96075,86486.44,48050.605,-51989.176,-45812.023,45998.242,71559.67,-24682.867,-78878.75,6022.5938,92265.9,38849.137,-54977.957,-39098.684,44480.285,46832.87,-39118.258,-79886.53,-3125.5168,79963.48,50168.312,-34107.547,-39904.336,45268.15,41574.008,-20289.31,-46289.387,11668.079,80733.42,41820.344,-54460.11,-47669.656,35703.406,52677.3,-38483.668,-84647.945,7101.541,92501.06,21419.697,-93851.49,-75840.33,36005.723,51025.18,-36578.98,-75182.23,21590.936,83892.51,858.419,-76521.945,-26013.959,64201.92,54910.773,-24689.361,-55909.766,16878.084,63877.52,11765.185,-81334.945,-56783.99,36621.23,52702.887,-35824.438,-78294.805,9117.057]],"spec":[0.0],"history":["RS2D Spinit data loaded from C:\\Users\\TXB909\\Documents\\strain-cell"],"hyper":[0],"dFilter":0.0,"ref":[1.6e7],"wholeEcho":[0.0],"freq":[1.6e7],