{"sw":[1.0016025641025641e6],"dataImag":[[-7405.6377,-131384.62,-169111.95,-713.9395,10960.12,-6888.251,-6026.493,10168.483,15264.634,-8734.272,-23657.068,-6749.431,14889.192,11145.599,-9930.606,-6939.5835,18302.367,26860.826,5570.46,-6538.466,8524.946,19547.809,6246.109,-15182.321,-12224.02,10089.6045,13711.687,-6920.9736,-15000.0625,2480.743,17923.367,5345.5537,-18517.648,-14563.533,8524.082,9334.808,-12373.704,-21606.836,-1283.6212,15413.711,2332.3108,-16532.742,-6595.3423,15838.695,15609.939,-7475.882,-20360.146,-3023.392,11285.344,-2830.4385,-22681.67,-16271.74,7056.475,11158.69,-10063.107,-17202.576,2089.286,17740.912,3259.1792,-15660.325,-7669.1514,14475.091,15478.196,-5890.8955,-14478.191,2614.009,14272.874,-1898.4323,-19978.639,-9787.78,13839.456,14199.12,-9663.953,-17252.785,2593.5002,17876.412,3275.4446,-15800.187,-7848.508,13574.618,12300.794,-8987.895,-13511.6,6655.569,18907.002,2482.2703,-15455.414,-4699.018,18654.957,17775.896,-4988.115,-11356.582,6771.1133,16349.817,-727.31714,-17168.275,-6435.7734,14780.841,10489.789,-9598.372,-14393.39,5215.5117,16047.153,-3116.6375,-18788.264,-5189.803,14402.114,10824.878,-10288.354,-13800.625,6721.6353,16441.771,-75.68039,-16593.564,-5265.298,14505.151,9572.841,-11768.557,-15634.276,5776.248,15600.482,-3000.2332,-20770.523,-8365.649,13732.559,7711.4307,-15702.572,-17165.021,5778.46,14664.459,-4013.5383,-20576.312,-6325.083,14489.315,7979.201,-14284.525,-14644.919,6938.308,15788.889,-3669.9512,-20328.879,-6449.7915,14108.554,8856.907,-12536.078,-12347.62,8811.331,17048.354,-1296.4198,-15496.188,-447.02255,21448.545,14941.083,-7558.4443,-7316.8364,16173.644,25097.566,5743.4966,-9565.632,5205.9336,25041.17,18367.355,-2581.453,174.25981,24721.469,32765.082,11823.527,-2955.557,12455.868,31901.541,24495.902,2484.3335,1841.5082,22002.201,26337.885,7129.0024,-6134.608,8803.349,26348.066,15101.582,-7697.623,-6136.3545,13009.623,15425.998,-5189.1616,-19933.559,-5124.978,9880.426,-3191.738,-25881.334,-25659.453,-4496.6665,-1675.3563,-26036.13,-39696.32,-23916.328,-9595.818,-25139.043,-46381.71,-42005.133,-21811.436,-17867.69,-38774.29,-48557.945,-30019.01,-15022.709,-26312.754,-45124.805,-41771.695,-19556.7,-15510.498,-34851.91,-42309.45,-22886.637,-6003.368,-14947.055,-34079.043,-26939.955,-691.17725,2403.7803,-16662.309,-22734.475,-1450.833,17682.371,5944.915,-12787.023,-3477.213,19819.467,23287.754,4445.847,-3804.5125,15934.27,31034.887,18414.49,-1326.6478,7510.1084,30242.031,30173.627,9449.827,3401.431,21437.94,33817.0,19127.39,-1724.1031,7062.3843,30523.387,29599.633,6910.6724,-130.46454,18543.611,31184.986,11728.513,-8626.0,451.12186,21773.578,20151.988,-2514.209,-9569.772,9302.848,21102.94,2461.789,-16856.998,-7319.2485,13511.229,10216.91,-12431.165,-18089.08,2408.4014,15446.298,-786.9633,-20447.926,-10790.157,11435.621,9702.026,-12113.895,-16671.436,3277.3171,13929.395,-2169.7642,-19538.271,-7996.215,14324.154,9905.1455,-11287.877,-14495.12,6622.0054,16295.429,-2197.5193,-19734.736,-6055.892,15758.205,8939.688,-13956.018,-13880.371,8184.661,16275.901,-3132.9229,-18898.25,-5442.8853,15708.546,9514.669,-11624.274,-11787.472,8854.993,19066.693,-649.1894,-19021.545,-5408.849,15040.542,6961.092,-15534.432,-14140.049,8026.8877,16393.848,-3027.5886,-20107.807,-6364.26,14005.73,7175.8296,-14438.162,-15669.262,7097.8354,16492.738,-2003.3259,-18159.275,-4624.408,16503.55,9029.986,-14595.911,-13322.59,9294.726,17480.523,-3328.177,-17327.994,-2000.6696,17160.06,8119.949,-13939.31,-11021.798,10329.331,16566.3,-2603.7017,-17153.936,-1818.6306,17230.611,8552.277,-14261.444,-10071.07,12728.056,18024.15,-3754.1682,-17411.238,-1139.7908,16920.744,7315.9136,-13311.822,-10686.899,11137.519,14784.24,-7045.198,-18694.234,-1745.4377,14369.981,4138.0947,-16665.521,-12116.917,12591.377,16420.486,-7887.251,-19942.336,-916.67303,17005.979,6458.7563,-14956.445,-12045.937,10007.128,15053.842,-4827.572,-16230.323,1731.4391,17980.865,5670.8516,-15544.052,-10764.14,11443.087,15036.321,-5410.963,-15801.926,1192.1747,17261.021,4108.7197,-15919.339,-10023.832,11094.592,13335.974,-8212.435,-16502.693,3330.9302,18298.219,2659.078,-17404.441,-9401.934,12318.399,13823.107,-7691.456,-15960.621,2811.1519,18002.217,4357.059,-15702.015,-7021.008,14709.813,16412.014,-5147.6274,-14641.479,3324.3447,16257.733,2182.6257,-17488.258,-9039.967,13593.6,12312.0,-9473.427,-15088.192,4771.36,19120.861,2577.7175,-17345.404,-7322.856,14912.034,12454.838,-8437.788,-13103.353,6662.5234,18972.973,2757.5557,-16717.098,-7691.91,15966.046,13974.265,-8711.276,-14178.434,6607.0127,18545.615,1549.3376,-16455.56,-5890.7925,15284.808,13815.311,-7152.1304,-12066.538,8757.296,18678.936,-155.85858,-17701.049,-7394.434,12901.171,9339.017,-10913.89,-13765.617,6877.1636,16737.592,-546.0125,-16734.855,-5468.1616,14467.069,7653.7256,-13677.403,-13694.565,8255.671,17215.373,-1561.1057,-18558.066,-6839.9126,13364.066,8978.436,-12367.788,-13291.523,8895.327,17580.15,-1946.6504,-17447.574,-4298.2314,14793.578,6754.1963,-15682.304,-13807.712,9763.541,17939.623,-3700.6768,-20791.414,-4364.942,17071.402,9262.588,-15103.012,-15014.52,9429.156,17259.752,-2585.491,-19734.06,-3545.665,16574.941,8918.797,-12468.617,-12033.617,11499.554,18192.879,-3934.5679,-18095.19,-2908.8867,13948.0205,5852.8364]],"spec":[0.0],"history":["RS2D Spinit data loaded from C:\\Users\\TXB909\\Documents\\strain-cell"],"hyper":[0],"dFilter":0.0,"ref":[1.69e7],"wholeEcho":[0.0],"freq":[1.69e7],