{"sw":[1.0016025641025641e6],"dataImag":[[-2129.023,21892.527,83300.58,20079.518,-11002.493,-7361.6226,6788.079,8726.942,5410.8145,9926.123,24206.238,24757.682,2230.7144,-16993.934,-11727.243,5856.7017,1242.9884,-13336.229,-11487.306,7130.5435,16352.591,2141.1077,-10301.052,-128.02759,20005.465,17363.043,1856.5375,-3734.45,7829.9214,12819.383,-2150.4963,-17999.61,-11836.043,3145.918,1280.3296,-10101.66,-6802.038,13138.082,18190.799,2171.0632,-9041.687,-2037.1047,8414.928,2554.8684,-15549.618,-16565.184,4551.747,13617.732,-992.8543,-12040.965,-1260.7776,14707.849,12950.936,-4324.4214,-4139.483,10329.554,14400.836,349.22885,-8883.015,4906.251,16319.316,8931.094,-7752.162,-8345.2,9306.96,12679.309,-5684.322,-15928.795,-1421.8009,14277.249,8622.32,-8652.556,-11653.843,3863.9048,6830.9834,-8487.805,-16081.957,-2457.6711,11324.737,4600.906,-9897.07,-8814.721,7590.5264,10360.602,-6400.2925,-16225.177,-1696.9648,13231.191,6623.289,-10392.796,-9931.502,6408.397,10944.549,-3362.2014,-11567.829,-533.1031,12052.628,4534.1562,-13472.015,-10596.338,6706.2705,8688.584,-7060.5933,-14804.447,-840.7324,13794.392,7215.8286,-8126.914,-6216.847,7878.6987,9486.444,-4508.817,-11167.917,2593.1362,18567.1,10282.465,-6198.267,-4468.88,10745.342,11865.201,-4570.2188,-10641.523,1854.4705,13005.747,4246.5537,-11209.161,-5378.5186,13295.528,14999.071,-2937.784,-12922.449,2244.0872,14694.677,3366.7502,-12858.802,-6589.968,9126.155,8830.572,-8831.862,-16304.235,-77.31711,11944.338,1952.5624,-14367.773,-10587.95,6740.4907,7785.4185,-9257.53,-13996.902,248.38184,9815.463,-52.484413,-13770.591,-5958.441,10809.729,7294.899,-12243.485,-15395.599,1714.6249,10857.786,-3446.5168,-15859.716,-7817.8804,8781.869,9421.297,-7041.984,-13319.416,-89.96429,9942.1,-899.83966,-13707.303,-3866.5903,13597.773,11349.812,-6751.077,-12109.966,3063.246,12365.4,103.92593,-12059.728,-2899.4607,12930.304,8920.85,-8016.0654,-10058.315,4236.3564,11152.1,684.4562,-12413.073,-5456.9707,9949.089,7078.6465,-9138.498,-9604.149,4469.5586,10547.125,-1380.4961,-13255.33,-3810.9248,12578.32,8338.216,-7751.719,-8645.8,4439.5186,11492.084,-580.57635,-12460.339,-2453.0747,12065.772,6933.555,-8330.133,-8930.326,7015.7646,13703.829,-1074.6935,-11539.986,-2081.3474,13867.904,9193.072,-7739.2515,-7308.055,8179.45,12358.863,-912.04834,-12898.149,-3335.9822,12161.194,5651.593,-10752.18,-8444.91,6921.496,12741.982,-1453.487,-13162.989,-2373.9058,12369.708,5638.4644,-10453.301,-10238.244,6253.6235,11610.285,-4880.7773,-14774.797,-2305.094,12597.237,5748.307,-10242.392,-8169.2354,7965.9067,9464.288,-7822.5586,-16611.09,-2148.2695,12172.977,4090.288,-10056.8545,-6017.895,10751.837,13275.394,-1112.4392,-11196.95,-2387.9104,9800.735,3502.5469,-9576.17,-8366.68,7258.966,13030.2705,-2140.88,-11537.944,244.21136,12699.227,4047.5059,-12169.047,-9815.118,6142.0264,9452.46,-7498.7393,-15829.065,-1859.8425,11052.347,3122.5562,-11206.364,-7615.437,8949.228,9606.998,-7670.723,-13510.007,766.8434,11525.872,2255.4749,-11769.293,-6974.9355,8207.196,10747.504,-6961.0923,-14225.717,889.8487,13648.79,3423.599,-12287.645,-7985.5146,9831.786,12082.663,-5537.2715,-14818.41,-1557.8568,13316.426,3794.6057,-11875.819,-7409.8164,8978.496,9507.8,-7209.43,-11484.933,1889.6836,10691.464,-87.55971,-13479.503,-7277.9424,10434.363,11485.117,-5293.7725,-11778.484,1152.8026,12570.693,3612.3235,-11080.723,-6384.899,11294.843,10959.527,-6395.7373,-12526.596,1246.4764,13433.498,3843.3245,-13047.739,-6611.3525,9631.149,6922.069,-9394.773,-11363.597,3622.65,11638.806,-1048.0161,-12162.003,-4059.122,11370.918,10279.857,-6393.1714,-10042.441,5698.387,14151.2705,687.2754,-12901.8955,-4709.542,13161.239,10424.844,-7223.771,-10036.838,5523.0977,12259.453,-1489.5724,-13393.769,-4930.785,11197.426,9027.824,-5533.9106,-9457.117,3845.5696,11866.256,1189.5381,-10329.199,-3903.7976,9530.334,5359.185,-10991.381,-13202.374,4769.7344,13313.331,-1554.9902,-11713.626,-2546.6355,11777.873,7677.067,-9243.214,-10824.781,4190.738,11379.152,-2814.8308,-15452.29,-5838.8296,10712.304,7518.0996,-9205.482,-11402.422,6698.0547,16169.468,-594.67615,-12302.1455,-1327.0819,12946.663,5760.7725,-9376.515,-9700.652,5481.7866,13902.002,152.15182,-14640.772,-3524.133,10549.963,6525.3164,-7387.313,-8119.7134,5968.805,7822.717,-5478.47,-13059.938,75.77367,15662.115,8285.389,-9692.673,-10011.132,6947.8013,11952.92,-4131.4463,-15587.852,-4367.287,11910.784,6997.7144,-9030.881,-9825.1875,6082.1577,11531.49,-2995.0156,-13280.857,1843.939,16688.045,6536.21,-9380.7295,-6794.0605,8943.532,10253.665,-4438.071,-11777.201,2612.5522,13851.126,5233.462,-9380.173,-6966.4624,8979.294,12686.416,-2901.3384,-12284.749,-180.56367,13874.0,6623.64,-11455.29,-9634.24,8190.246,10010.548,-6089.0483,-14231.518,-3099.9104,9130.653,2856.3398,-10605.006,-6321.297,7912.518,9238.671,-5845.1367,-13788.083,-1137.4636,12268.18,4666.898,-10455.3,-4126.078,10845.658,10606.406,-5795.765,-12645.918,-283.72205,12547.188,4426.981,-11873.498,-7341.3945,7783.967,8956.758,-6408.452,-13689.529,-1579.1486,13740.095,3299.903,-11975.751,-5143.509,10430.555,9809.228,-5810.921,-12605.694,2193.5488,12191.775,2117.1458,-12828.813,-6892.361,10760.167,10008.494,-8001.654,-13920.946,3303.8945,14970.897,2544.0234,-12998.672]],"spec":[0.0],"history":["RS2D Spinit data loaded from C:\\Users\\TXB909\\Documents\\strain-cell"],"hyper":[0],"dFilter":0.0,"ref":[1.69e7],"wholeEcho":[0.0],"freq":[1.69e7],