[Header]
; MPMS3 Data File (default extension .dat)
; Copyright (c) 2007, Quantum Design, Inc. All rights reserved.
TITLE,
FILEOPENTIME,3952676108.44762,04/01/2025,2:33 pm
BYAPP,MPMS3 w/ AC,1.0,1.1
INFO,MPMS3 Measurement Release 1.2.2 Build 0, MultiVu Release 2.3.5.2,APPNAME
INFO,Linear Motor Servo Controller,MOTOR_MODULE_NAME
INFO,3101-100 N4,MOTOR_HW_VERSION
INFO,MMC1299,MOTOR_SERIAL_NUMBER
INFO,01.04.28,MOTOR_SOFTWARE_VERSION
INFO,Quantum Design Squid Module,SQUID_MODULE_NAME
INFO,3101-501 B0,SQUID_HW_VERSION
INFO,SQM364,SQUID_SERIAL_NUMBER
INFO,01.03.04,SQUID_SOFTWARE_VERSION
INFO,Quantum Design VSM Oven,OVEN_MODULE_NAME
INFO,3101-201 A3,OVEN_HW_VERSION
INFO,OVB387,OVEN_SERIAL_NUMBER
INFO,01.07.07,OVEN_SOFTWARE_VERSION
INFO,SQUID AC,AC_MODULE_NAME
INFO,3101-401 G0,AC_HW_VERSION
INFO,SAC242,AC_SERIAL_NUMBER
INFO,SQUID AC 00.95.11,AC_SOFTWARE_VERSION
INFO,TCI374,COIL_SERIAL_NUMBER
INFO,0,MOMENT_UNITS
INFO,RuCl3,SAMPLE_MATERIAL
INFO,Polycrystalline colder side TB002a,SAMPLE_COMMENT
INFO,3.9,SAMPLE_MASS
INFO,,SAMPLE_VOLUME
INFO,,SAMPLE_MOLECULAR_WEIGHT
INFO,,SAMPLE_SIZE
INFO,,SAMPLE_SHAPE
INFO,Straw,SAMPLE_HOLDER
INFO,Standard,SAMPLE_HOLDER_DETAIL
INFO,66.38,SAMPLE_OFFSET
DATATYPE,COMMENT,1
DATATYPE,TIME,2
STARTUPAXIS,X,2
STARTUPAXIS,Y1,5
FIELDGROUP, VSM,2,3,4,5,6,8,9,10,11,14,15
FIELDGROUP, DC, 2,3,4,14,56,57,58,59,60,61,62,63,64,65,66,67,68,69
FIELDGROUP, AC, 2,3,4,11,16,17,18,19,20,21,22,23,24,25,26,27,28,29,30
STARTUPGROUP, All
[Data]
Comment,Time Stamp (sec),Temperature (K),Magnetic Field (Oe),Moment (emu),M. Std. Err. (emu),Transport Action,Averaging Time (sec),Frequency (Hz),Peak Amplitude (mm),Center Position (mm),Lockin Signal' (V),Lockin Signal (V),Range,M. Quad. Signal (emu),AC Moment (emu),AC M. Std Err. (emu),AC Phase (deg),AC Phase Std. Err. (deg),AC Susceptibility (emu/Oe),AC Suscept. Std Err. (emu/Oe),AC X' (emu/Oe),AC X' Std Err. (emu/Oe),AC X'' (emu/Oe),AC X'' Std Err. (emu/Oe),AC Drive (Oe),AC Frequency (Hz),AC Averaging Time (sec),AC Cycles,AC Range,AC Measure Type,AC Signal' (V),AC Signal'' (V),AC Trim Coil Ratio,AC Trim Coil Phase,Min. Temperature (K),Max. Temperature (K),Min. Field (Oe),Max. Field (Oe),Mass (grams),Motor Lag (deg),Pressure (Torr),Measure Count,Measurement Number,SQUID Status (code),Motor Status (code),Measure Status (code),Motor Current (amps),Motor Temp. (C),Temp. Status (code),Field Status (code),Chamber Status (code),Chamber Temp (K),Redirection State,Average Temp (K),Rotation Angle (deg),Rotator state,DC Moment Fixed Ctr (emu),DC Moment Err Fixed Ctr (emu),DC Moment Free Ctr (emu),DC Moment Err Free Ctr (emu),DC Fixed Fit,DC Free Fit,DC Calculated Center (mm),DC Calculated Center Err (mm),DC Scan Length (mm),DC Scan Time (s),DC Number of Points,DC Squid Drift,DC Min V (V),DC Max V (V),DC Scans per Measure,Map 01,Map 02,Map 03,Map 04,Map 05,Map 06,Map 07,Map 08,Map 09,Map 10,Map 11,Map 12,Map 13,Map 14,Map 15,Map 16
,3952676122.19444,299.946258544922,999.966186523437,,,6,,,,21.4471701915125,,,1,,,,,,,,,,,,,,,,,,,,,,299.943267822266,299.950744628906,999.966186523437,999.966186523437,,,7.96155023574829,,1,0,0,0,0,31.7693061828613,1,1,1,299.949249267578,0,299.948248969184,,,2.61415220419931E-5,1.29684519907922E-6,2.61521243163758E-5,1.29686454547003E-6,0.882749378681183,0.886083364486694,21.3417129516602,5.32332706451416,30,4,200,-0.000604411819949746,-0.0547925978899002,0.0756716206669807,1,,,,,,,,,,,,,,,,
,3952676139.17894,299.881729125977,999.966186523437,,,6,,,,21.4471701915125,,,1,,,,,,,,,,,,,,,,,,,,,,299.813415527344,299.958801269531,999.966186523437,999.966186523437,,,7.9507851600647,,1,0,0,0,0.0128173828125,31.7693061828613,2,1,1,299.804656982422,0,299.907131618924,,,2.58019922928546E-5,1.28548851253691E-6,2.58174714385512E-5,1.28551872222111E-6,0.851175963878632,0.855013847351074,21.3192901611328,0,30,4,200,0.00121893081814051,-0.0296412222087383,0.100594148039818,1,,,,,,,,,,,,,,,,
,3952676148.91976,299.658401489258,999.966186523437,,,6,,,,21.4471701915125,,,1,,,,,,,,,,,,,,,,,,,,,,299.556396484375,299.804656982422,999.966186523437,999.966186523437,,,7.93909358978271,,1,0,0,0,0.0141143798828125,31.7693061828613,2,1,1,299.512145996094,0,299.690188937717,,,2.58454922547885E-5,1.28681137005463E-6,2.58602632568823E-5,1.28683742057363E-6,0.855555295944214,0.859342694282532,21.3221015930176,0.0581443086266518,30,4,200,0.000287561531877145,-0.0208885334432125,0.109729327261448,1,,,,,,,,,,,,,,,,
,3952676158.66861,299.27961730957,999.966186523437,,,6,,,,21.4471701915125,,,1,,,,,,,,,,,,,,,,,,,,,,299.073333740234,299.512145996094,999.966186523437,999.966186523437,,,7.92554616928101,,1,0,0,0,0.0141143798828125,31.7693061828613,2,1,1,299.047088623047,0,299.291266547309,,,2.61569733453693E-5,1.29879506471656E-6,2.61726305215884E-5,1.29882239867602E-6,0.875327169895172,0.879975497722626,21.3188953399658,0,30,4,200,-0.000555504462681711,-0.0266758054494858,0.104710899293423,1,,,,,,,,,,,,,,,,
,3952676176.9695,298.349319458008,999.966186523437,,,6,,,,21.4411976015385,,,1,,,,,,,,,,,,,,,,,,,,,,298.177673339844,298.607971191406,999.966186523437,999.966186523437,,,7.89685392379761,,1,0,0,0,0,31.7693061828613,2,1,1,298.090667724609,0,298.396511077881,,,2.62592969969345E-5,1.30391002047745E-6,2.62751680802951E-5,1.30394248659684E-6,0.875118970870972,0.879774987697601,21.3127365112305,1.36226935865125E-5,30,4,200,-0.000727201113477349,-0.0400387719273567,0.091977559030056,1,,,,,,,,,,,,,,,,
,3952676195.34266,297.224899291992,999.966186523437,,,6,,,,21.4353485754216,,,1,,,,,,,,,,,,,,,,,,,,,,296.902923583984,297.564727783203,999.966186523437,999.966186523437,,,7.86674785614014,,1,0,0,0,0,31.7693061828613,2,1,1,296.885070800781,0,297.236768934462,,,2.64261962642601E-5,1.3110458843801E-6,2.64392266252593E-5,1.31107017447376E-6,0.882252037525177,0.88629674911499,21.31911277771,0,30,4,200,-0.000831451383419335,-0.0569147504866123,0.0754535272717476,1,,,,,,,,,,,,,,,,
,3952676213.72992,296.072830200195,999.966186523437,,,6,,,,21.4294902450065,,,1,,,,,,,,,,,,,,,,,,,,,,295.803009033203,296.361450195313,999.966186523437,999.966186523437,,,7.83521461486816,,1,0,0,0,0.0128173828125,31.7693061828613,2,1,1,295.784210205078,0,296.087398952908,,,2.65655653446101E-5,1.31744886608249E-6,2.65779192505168E-5,1.31747283320289E-6,0.885548710823059,0.889469742774963,21.31667137146,6.55614130664617E-5,30,4,200,-0.000531078665517271,-0.0688554048538208,0.063206784427166,1,,,,,,,,,,,,,,,,
,3952676232.14135,294.945343017578,999.966186523437,,,6,,,,21.4237481097564,,,1,,,,,,,,,,,,,,,,,,,,,,294.660400390625,295.25341796875,999.966186523437,999.966186523437,,,7.80388164520264,,1,0,0,0,0,31.7693061828613,2,1,1,294.637268066406,0,294.94814046224,,,2.66432721199967E-5,1.32222434253516E-6,2.6658433876228E-5,1.3222530441748E-6,0.879687249660492,0.884258806705475,21.2988948822021,5.47385798199684E-6,30,4,200,-0.000530386983882636,-0.0791498348116875,0.0536854825913906,1,,,,,,,,,,,,,,,,
,3952676250.53822,293.788009643555,999.966186523437,,,6,,,,21.4180225967474,,,1,,,,,,,,,,,,,,,,,,,,,,293.503448486328,294.093444824219,999.966186523437,999.966186523437,,,7.77145338058472,,1,0,0,0,0.0128173828125,31.7693061828613,2,1,1,293.482574462891,0,293.803504096137,,,2.66085387168939E-5,1.32201885382866E-6,2.66249263164073E-5,1.32204913121696E-6,0.870627880096436,0.875217318534851,21.2881259918213,0,30,4,200,-0.000267137656919658,-0.0888126268982887,0.0449431836605072,1,,,,,,,,,,,,,,,,
,3952676268.85757,292.661193847656,999.966186523437,,,6,,,,21.4124822409948,,,1,,,,,,,,,,,,,,,,,,,,,,292.354949951172,292.967437744141,999.966186523437,999.966186523437,,,7.74088573455811,,1,0,0,0,0,31.2805480957031,2,1,1,292.354949951172,0,292.683898925781,,,2.66888591438433E-5,1.32633868885841E-6,2.67033039413696E-5,1.32636527878417E-6,0.868754982948303,0.872718393802643,21.2908000946045,0.0590805336833,30,4,200,-0.000169716440723278,-0.0962828546762466,0.0375034734606743,1,,,,,,,,,,,,,,,,
,3952676287.18316,291.517242431641,999.966186523437,,,6,,,,21.4069407941727,,,1,,,,,,,,,,,,,,,,,,,,,,291.231964111328,291.810974121094,999.966186523437,999.966186523437,,,7.710777759552,,1,0,0,0,0,31.7693061828613,2,1,1,291.223510742188,0,291.524169921875,,,2.68561956904295E-5,1.3340288079461E-6,2.68698207517531E-5,1.33405179433022E-6,0.872315585613251,0.876149773597717,21.2889957427979,,30,4,200,-0.000209019242902286,-0.10439183562994,0.0304086469113827,1,,,,,,,,,,,,,,,,
,3952676305.56187,290.436935424805,999.966186523437,,,6,,,,21.401562447235,,,1,,,,,,,,,,,,,,,,,,,,,,290.187225341797,290.69873046875,999.966186523437,999.966186523437,,,7.6818413734436,,1,0,0,0,0.000457763671875,31.7693061828613,2,1,1,290.175140380859,0,290.457722981771,,,2.69112177096733E-5,1.33707797606522E-6,2.69252306822653E-5,1.33710515212308E-6,0.870507299900055,0.874365031719208,21.282413482666,3.45047214977967E-6,30,4,200,-0.000150943495100364,-0.111194029450417,0.0242385435849428,1,,,,,,,,,,,,,,,,
,3952676324.04347,289.34521484375,999.966186523437,,,6,,,,21.3960281341424,,,1,,,,,,,,,,,,,,,,,,,,,,289.096923828125,289.655181884766,999.966186523437,999.966186523437,,,7.65114402770996,,1,0,0,0,0,31.2805480957031,2,1,1,289.035247802734,0,289.393524169922,,,2.70550665905921E-5,1.34377960286033E-6,2.70690509730056E-5,1.34380742284598E-6,0.873053014278412,0.876959621906281,21.2773475646973,0,30,4,200,-0.000185501674422994,-0.119225569069386,0.0164240896701813,1,,,,,,,,,,,,,,,,
,3952676342.36641,288.26708984375,999.966186523437,,,6,,,,21.3906411491465,,,1,,,,,,,,,,,,,,,,,,,,,,288.011932373047,288.534912109375,999.966186523437,999.966186523437,,,7.6235728263855,,1,0,0,0,0,31.7693061828613,2,1,1,287.999267578125,0,288.272216796875,,,2.70995276840607E-5,1.34679505398832E-6,2.7114422246435E-5,1.34682870898523E-6,0.868490695953369,0.87247222661972,21.2686176300049,0,30,4,200,-6.41951919533312E-5,-0.126199081540108,0.00984101183712482,1,,,,,,,,,,,,,,,,
,3952676360.70031,287.21809387207,999.966186523437,,,6,,,,21.3851533609442,,,1,,,,,,,,,,,,,,,,,,,,,,286.972869873047,287.536529541016,999.966186523437,999.966186523437,,,7.59656047821045,,1,0,0,0,0.000457763671875,31.7693061828613,2,1,1,286.899658203125,0,287.278591156006,,,2.72233731283359E-5,1.35298990471945E-6,2.72390811057638E-5,1.3530196336781E-6,0.86826878786087,0.872477352619171,21.2595825195313,1,30,4,200,-6.62202219245955E-5,-0.133490040898323,0.00303421728312969,1,,,,,,,,,,,,,,,,
,3952676379.21001,286.140426635742,999.966186523437,,,6,,,,21.3799411963947,,,1,,,,,,,,,,,,,,,,,,,,,,285.896362304687,286.4033203125,999.966186523437,999.966186523437,,,7.57066583633423,,1,0,0,0,0.0141143798828125,31.7693061828613,2,1,1,285.877532958984,0,286.149949815538,,,2.73211372991043E-5,1.35756060261844E-6,2.73364469134961E-5,1.35758792801435E-6,0.86986231803894,0.874010384082794,21.2561016082764,0,30,4,200,-5.62409950362053E-5,-0.140147507190704,-0.00314088119193912,1,,,,,,,,,,,,,,,,
,3952676397.55449,285.103881835938,999.966186523437,,,6,,,,21.3744538908823,,,1,,,,,,,,,,,,,,,,,,,,,,284.843017578125,285.376586914062,999.966186523437,999.966186523437,,,7.54544019699097,,1,0,0,0,0.0141143798828125,31.2805480957031,2,1,1,284.831176757813,0,285.116834852431,,,2.74537956519075E-5,1.36405719133162E-6,2.74695984621343E-5,1.36408860654945E-6,0.870388269424439,0.874651193618774,21.2492256164551,0,30,4,200,-0.00012092207907699,-0.147130101919174,-0.00946967490017414,1,,,,,,,,,,,,,,,,
,3952676415.9279,284.036712646484,999.966186523437,,,6,,,,21.3689769100597,,,1,,,,,,,,,,,,,,,,,,,,,,283.769012451172,284.324615478516,999.966186523437,999.966186523437,,,7.52179527282715,,1,0,0,0,0,31.7693061828613,2,1,1,283.748809814453,0,284.054416232639,,,2.74647638077952E-5,1.36653942004617E-6,2.74831172780186E-5,1.36656981547964E-6,0.860056877136231,0.864659786224365,21.2336692810059,0,30,4,200,0.000100326833489817,-0.147482767701149,-0.0100295888260007,1,,,,,,,,,,,,,,,,
,3952676425.6175,283.480575561523,999.966186523437,,,6,,,,21.3689769100597,,,1,,,,,,,,,,,,,,,,,,,,,,283.25244140625,283.748809814453,999.966186523437,999.966186523437,,,7.50997400283814,,1,0,0,0,0,31.7693061828613,2,1,1,283.212341308594,0,283.530490451389,,,2.77881629257778E-5,1.37971997819714E-6,2.78088625441376E-5,1.37975528660728E-6,0.875725090503693,0.881562829017639,21.2258129119873,0,30,4,200,-0.000449451763415709,-0.152179300785065,-0.0151071678847074,1,,,,,,,,,,,,,,,,
,3952676443.91948,282.496353149414,999.966186523437,,,6,,,,21.3613740798279,,,1,,,,,,,,,,,,,,,,,,,,,,282.265228271484,282.771240234375,999.966186523437,999.966186523437,,,7.48877382278442,,1,0,0,0,0,31.2805480957031,2,1,1,282.221466064453,0,282.525197347005,,,2.74820260109046E-5,1.36957460995812E-6,2.75041230024482E-5,1.3696202664051E-6,0.849342882633209,0.854430079460144,21.2135639190674,0,30,4,200,0.000638487923424691,-0.152055203914642,-0.0136432778090239,1,,,,,,,,,,,,,,,,
,3952676462.15994,281.440124511719,999.966186523437,,,6,,,,21.3561554738809,,,1,,,,,,,,,,,,,,,,,,,,,,281.180633544922,281.731536865234,999.966186523437,999.966186523437,,,7.46775531768799,,1,0,0,0,0.0128173828125,31.2805480957031,2,1,1,281.148712158203,0,281.485931396484,,,2.76160526023594E-5,1.37458404074801E-6,2.76372996102361E-5,1.37462291865243E-6,0.857445418834686,0.862634599208832,21.2112617492676,5.30560874938965,30,4,200,0.000406529434258118,-0.154864773154259,-0.0152207287028432,1,,,,,,,,,,,,,,,,
,3952676480.4834,280.414825439453,999.966186523437,,,6,,,,21.3509368772135,,,1,,,,,,,,,,,,,,,,,,,,,,280.176849365234,280.663879394531,999.966186523437,999.966186523437,,,7.44921445846558,,1,0,0,0,0.0141143798828125,31.7693061828613,2,1,1,280.165771484375,0,280.435397677951,,,2.78536170303459E-5,1.3853265327508E-6,2.78785430393328E-5,1.38537667316022E-6,0.862922251224518,0.869215726852417,21.1948089599609,3.16767022923159E-6,30,4,200,0.000224370247451589,-0.157736867666245,-0.0176900923252106,1,,,,,,,,,,,,,,,,
,3952676498.78244,279.370651245117,999.966186523437,,,6,,,,21.3458554935514,,,1,,,,,,,,,,,,,,,,,,,,,,279.147125244141,279.634948730469,999.966186523437,999.966186523437,,,7.43013954162598,,1,0,0,0,0.0141143798828125,31.7693061828613,2,1,1,279.106353759766,0,279.405504014757,,,2.78544472918319E-5,1.3859326148605E-6,2.7875636095616E-5,1.38597357577323E-6,0.860034704208374,0.865255177021027,21.2020320892334,6.875762665004E-6,30,4,200,0.000211368082091212,-0.161478251218796,-0.0206869281828403,1,,,,,,,,,,,,,,,,
,3952676517.05908,278.295135498047,999.966186523437,,,6,,,,21.3406681524908,,,1,,,,,,,,,,,,,,,,,,,,,,278.021850585938,278.589630126953,999.966186523437,999.966186523437,,,7.4115104675293,,1,0,0,0,0.0141143798828125,31.2805480957031,2,1,1,278.000640869141,0,278.333262125651,,,2.79116727023882E-5,1.3897156618486E-6,2.79366096206805E-5,1.38976468330654E-6,0.85539710521698,0.861331582069397,21.184757232666,0,30,4,200,0.000391503068385646,-0.165763929486275,-0.0241038091480732,1,,,,,,,,,,,,,,,,
,3952676535.35274,277.23503112793,999.966186523437,,,6,,,,21.3354564585452,,,1,,,,,,,,,,,,,,,,,,,,,,276.965637207031,277.504425048828,999.966186523437,999.966186523437,,,7.39387893676758,,1,0,0,0,0,31.2805480957031,2,1,1,276.965637207031,0,277.24026828342,,,2.79474794942401E-5,1.39224760965253E-6,2.79757924642294E-5,1.392302077854E-6,0.851799845695496,0.858376204967499,21.1693744659424,0.0609161891043186,30,4,200,0.00048741526552476,-0.170844435691834,-0.0289735365658998,1,,,,,,,,,,,,,,,,
,3952676553.67783,276.171722412109,999.966186523437,,,6,,,,21.3302267053993,,,1,,,,,,,,,,,,,,,,,,,,,,275.899169921875,276.454742431641,999.966186523437,999.966186523437,,,7.37722158432007,,1,0,0,0,0,31.7693061828613,2,1,1,275.888702392578,0,276.18547905816,,,2.80971217631295E-5,1.39923956856093E-6,2.81275578579593E-5,1.39930078630462E-6,0.853996574878693,0.861142694950104,21.1584739685059,4.59983396530151,30,4,200,0.000323378248140216,-0.178061172366142,-0.0352075025439262,1,,,,,,,,,,,,,,,,
,3952676563.35351,275.622619628906,999.966186523437,,,6,,,,21.3302267053993,,,1,,,,,,,,,,,,,,,,,,,,,,275.398742675781,275.883575439453,999.966186523437,999.966186523437,,,7.3689455986023,,1,0,0,0,0,32.7468223571777,2,1,1,275.361663818359,0,275.667924669054,,,2.83816144771571E-5,1.41153576669266E-6,2.84223757970856E-5,1.41161917027494E-6,0.863178312778473,0.87344628572464,21.1321048736572,0.241032004356384,30,4,200,7.97847533249296E-5,-0.180451065301895,-0.0377480499446392,1,,,,,,,,,,,,,,,,
,3952676581.55501,274.600402832031,999.966186523437,,,6,,,,21.322677367881,,,1,,,,,,,,,,,,,,,,,,,,,,274.361694335938,274.870880126953,999.966186523437,999.966186523437,,,7.35269832611084,,1,0,0,0,0,31.2805480957031,2,1,1,274.329925537109,0,274.63808186849,,,2.83250167381117E-5,1.41028113505005E-6,2.83530849522966E-5,1.41033755460611E-6,0.855469048023224,0.862064301967621,21.1586742401123,6.63050232105888E-5,30,4,200,9.73857313510962E-5,-0.184870153665543,-0.0411647297441959,1,,,,,,,,,,,,,,,,
,3952676599.78696,273.552749633789,999.966186523437,,,6,,,,21.3174597778477,,,1,,,,,,,,,,,,,,,,,,,,,,273.255462646484,273.871032714844,999.966186523437,999.966186523437,,,7.33671474456787,,1,0,0,0,0,32.7468223571777,2,1,1,273.234466552734,0,273.563680013021,,,2.83169241123806E-5,1.41019554964195E-6,2.83412135817943E-5,1.41024213316334E-6,0.853951692581177,0.859589159488678,21.1648273468018,0.188589736819267,30,4,200,0.000397381401853636,-0.189543217420578,-0.0455714166164398,1,,,,,,,,,,,,,,,,
,3952676618.3089,272.466293334961,999.966186523437,,,6,,,,21.3123389783207,,,1,,,,,,,,,,,,,,,,,,,,,,272.245300292969,272.730651855469,999.966186523437,999.966186523437,,,7.32183837890625,,1,0,0,0,0.0128173828125,31.7693061828613,2,1,1,272.201934814453,0,272.507578531901,,,2.84450298152799E-5,1.4181158664404E-6,2.84788445399353E-5,1.41818315877182E-6,0.846848547458649,0.854311645030975,21.1326160430908,0.283219009637833,30,4,200,0.000328837108099833,-0.195400848984718,-0.0505118183791637,1,,,,,,,,,,,,,,,,
,3952676636.58009,271.400619506836,999.966186523437,,,6,,,,21.3070998859691,,,1,,,,,,,,,,,,,,,,,,,,,,271.104736328125,271.718475341797,999.966186523437,999.966186523437,,,7.30640745162964,,1,0,0,0,0.0128173828125,31.2805480957031,2,1,1,271.082763671875,0,271.41547648112,,,2.85789630987022E-5,1.42249907683356E-6,2.86151001162952E-5,1.42256872190184E-6,0.857510209083557,0.866133034229279,21.1213035583496,0,30,4,200,0.00032825701055117,-0.201262444257736,-0.0564445815980434,1,,,,,,,,,,,,,,,,
,3952676654.85781,270.304397583008,999.966186523437,,,6,,,,21.3020420342588,,,1,,,,,,,,,,,,,,,,,,,,,,270.014129638672,270.614990234375,999.966186523437,999.966186523437,,,7.29237461090088,,1,0,0,0,0,30.7917900085449,2,1,1,269.993804931641,0,270.30855984158,,,2.87071182752468E-5,1.42899036220536E-6,2.87378286233492E-5,1.42904842629251E-6,0.85697066783905,0.864205121994019,21.1313705444336,0,30,4,200,0.000372947688447312,-0.204640477895737,-0.0595763251185417,1,,,,,,,,,,,,,,,,
,3952676673.08926,269.218978881836,999.966186523437,,,6,,,,21.2968929841332,,,1,,,,,,,,,,,,,,,,,,,,,,268.980346679687,269.520080566406,999.966186523437,999.966186523437,,,7.27855539321899,,1,0,0,0,0.0128173828125,31.2805480957031,2,1,1,268.917877197266,0,269.274272918701,,,2.87498541124606E-5,1.43245561690095E-6,2.87819023730707E-5,1.43251755087958E-6,0.850713789463043,0.857908070087433,21.1229133605957,5.30011415481567,30,4,200,0.000381559919333085,-0.209913775324821,-0.0633538141846657,1,,,,,,,,,,,,,,,,
,3952676682.77674,268.630004882813,999.966186523437,,,6,,,,21.2968929841332,,,1,,,,,,,,,,,,,,,,,,,,,,268.392333984375,268.903869628906,999.966186523437,999.966186523437,,,7.27139949798584,,1,0,0,0,0.0128173828125,32.2580642700195,2,1,1,268.356140136719,0,268.654991997613,,,2.91909810019677E-5,1.45133813549023E-6,2.92405760863781E-5,1.45143434817253E-6,0.865425884723663,0.877928137779236,21.0811958312988,0,30,4,200,7.5093012128491E-5,-0.212893486022949,-0.0670468583703041,1,,,,,,,,,,,,,,,,
,3952676700.9859,267.631423950195,999.966186523437,,,6,,,,21.2893706184238,,,1,,,,,,,,,,,,,,,,,,,,,,267.393218994141,267.899078369141,999.966186523437,999.966186523437,,,7.2581205368042,,1,0,0,0,0,31.2805480957031,2,1,1,267.36376953125,0,267.658053927951,,,2.89138248364222E-5,1.43982100207104E-6,2.89502299349786E-5,1.43988221906174E-6,0.854419589042664,0.862847745418549,21.1038150787354,,30,4,200,0.000424585567088798,-0.216144382953644,-0.0692041516304016,1,,,,,,,,,,,,,,,,
,3952676710.93756,267.059463500977,999.966186523437,,,6,,,,21.2893706184238,,,1,,,,,,,,,,,,,,,,,,,,,,266.859191894531,267.36376953125,999.966186523437,999.966186523437,,,7.25112724304199,,1,0,0,0,0,31.2805480957031,2,1,1,266.755157470703,0,267.136216905382,,,2.94011449097454E-5,1.46042738817568E-6,2.94478364920667E-5,1.46051564370064E-6,0.872405111789703,0.884792447090149,21.0807361602783,0,30,4,200,-0.000293496152153239,-0.222320914268494,-0.0747933015227318,1,,,,,,,,,,,,,,,,
,3952676730.0065,265.937866210938,999.966186523437,,,6,,,,21.2819216862327,,,1,,,,,,,,,,,,,,,,,,,,,,265.621368408203,266.285705566406,999.966186523437,999.966186523437,,,7.23801279067993,,1,0,0,0,0,31.2805480957031,2,1,1,265.590026855469,0,265.988833957248,,,2.92461724159968E-5,1.45480044629249E-6,2.92828268682435E-5,1.45487375329329E-6,0.861873805522919,0.870703399181366,21.0970611572266,0,30,4,200,4.6504610509146E-5,-0.226320445537567,-0.0781327858567238,1,,,,,,,,,,,,,,,,
,3952676748.49958,264.870544433594,999.966186523437,,,6,,,,21.2764798075611,,,1,,,,,,,,,,,,,,,,,,,,,,264.602783203125,265.169158935547,999.966186523437,999.966186523437,,,7.22542333602905,,1,0,0,0,0,31.2805480957031,2,1,1,264.571929931641,0,264.913604736328,,,2.92186277825605E-5,1.45520059986173E-6,2.92543664840923E-5,1.45527054290456E-6,0.853492498397827,0.861567735671997,21.0942230224609,7.5672309321817E-5,30,4,200,0.000288996641756967,-0.232126846909523,-0.0831774920225143,1,,,,,,,,,,,,,,,,
,3952676758.22292,264.318832397461,999.966186523437,,,6,,,,21.2764798075611,,,1,,,,,,,,,,,,,,,,,,,,,,264.110168457031,264.571929931641,999.966186523437,999.966186523437,,,7.21879720687866,,1,0,0,0,0.0141143798828125,31.2805480957031,2,1,1,264.065734863281,0,264.359063042535,,,2.96852645058885E-5,1.47494901869472E-6,2.97338472200896E-5,1.47504496854002E-6,0.870287239551544,0.882812201976776,21.0649299621582,0.0619714707136154,30,4,200,-0.000276936625596136,-0.238307788968086,-0.0892867222428322,1,,,,,,,,,,,,,,,,
,3952676776.80684,263.238800048828,999.966186523437,,,6,,,,21.2692684580979,,,1,,,,,,,,,,,,,,,,,,,,,,262.961547851562,263.535369873047,999.966186523437,999.966186523437,,,7.20644998550415,,1,0,0,0,0.0128173828125,31.7693061828613,2,1,1,262.942230224609,0,263.258934868707,,,2.94143270873471E-5,1.46406798725138E-6,2.9453577922473E-5,1.46414452138565E-6,0.85756242275238,0.866678059101105,21.0786380767822,0,30,4,200,0.00019687443273142,-0.244924038648605,-0.0953715890645981,1,,,,,,,,,,,,,,,,
,3952676795.1619,262.15608215332,999.966186523437,,,6,,,,21.2642107456493,,,1,,,,,,,,,,,,,,,,,,,,,,261.87158203125,262.450164794922,999.966186523437,999.966186523437,,,7.19521284103394,,1,0,0,0,0.0141143798828125,31.2805480957031,2,1,1,261.861999511719,0,262.174119737413,,,2.94850344480112E-5,1.46873641456515E-6,2.95216309880985E-5,1.46881038368546E-6,0.852281451225281,0.860394060611725,21.0807819366455,8.11604913906194E-5,30,4,200,0.000479060690850019,-0.251184403896332,-0.100927650928497,1,,,,,,,,,,,,,,,,
,3952676804.8503,261.597778320313,999.966186523437,,,6,,,,21.2642107456493,,,1,,,,,,,,,,,,,,,,,,,,,,261.373260498047,261.861999511719,999.966186523437,999.966186523437,,,7.1899266242981,,1,0,0,0,0.0141143798828125,31.2805480957031,2,1,1,261.333557128906,0,261.642846001519,,,2.98077540483936E-5,1.48295266705015E-6,2.9866521514273E-5,1.48307495581097E-6,0.860837697982788,0.874868273735046,21.0322132110596,5.30822420120239,30,4,200,0.000104515507700853,-0.254128575325012,-0.104125581681728,1,,,,,,,,,,,,,,,,
,3952676823.11338,260.586318969727,999.966186523437,,,6,,,,21.2570262810097,,,1,,,,,,,,,,,,,,,,,,,,,,260.351287841797,260.871368408203,999.966186523437,999.966186523437,,,7.17882061004639,,1,0,0,0,0,31.2805480957031,2,1,1,260.30126953125,0,260.61807929145,,,2.96763755398199E-5,1.47833565888932E-6,2.97194756822868E-5,1.47842148351516E-6,0.851976037025452,0.861501336097717,21.0584297180176,4.58894634246826,30,4,200,0.000405508792027831,-0.258362799882889,-0.107252664864063,1,,,,,,,,,,,,,,,,
,3952676833.0745,260.010238647461,999.966186523437,,,6,,,,21.2570262810097,,,1,,,,,,,,,,,,,,,,,,,,,,259.743225097656,260.30126953125,999.966186523437,999.966186523437,,,7.17212104797363,,1,0,0,0,0,31.2805480957031,2,1,1,259.719207763672,0,260.036264038086,,,2.99484410972794E-5,1.48999295472977E-6,3.00018391332967E-5,1.49009468567686E-6,0.860642850399017,0.873291969299316,21.0360012054443,0.0622098073363304,30,4,200,0.000117494884761982,-0.262917250394821,-0.111482970416546,1,,,,,,,,,,,,,,,,
,3952676851.91274,258.899490356445,999.966186523437,,,6,,,,21.2494405855182,,,1,,,,,,,,,,,,,,,,,,,,,,258.619506835938,259.209381103516,999.966186523437,999.966186523437,,,7.16191053390503,,1,0,0,0,0.0128173828125,31.2805480957031,2,1,1,258.589599609375,0,258.950327555339,,,2.98626097104554E-5,1.48707521002549E-6,2.99054313086504E-5,1.48716112276621E-6,0.854385733604431,0.86395651102066,21.052095413208,7.06619766788208E-6,30,4,200,0.00033044588053599,-0.267616599798203,-0.11500259488821,1,,,,,,,,,,,,,,,,
,3952676861.61444,258.293594360352,999.966186523437,,,6,,,,21.2494405855182,,,1,,,,,,,,,,,,,,,,,,,,,,258.008911132813,258.578277587891,999.966186523437,999.966186523437,,,7.15656423568726,,1,0,0,0,0.0141143798828125,31.2805480957031,2,1,1,258.008911132813,0,258.298345947266,,,3.04676289964015E-5,1.51325096638882E-6,3.05215083903172E-5,1.51336263082261E-6,0.873177945613861,0.887099504470825,21.0298271179199,0,30,4,200,-0.000355550175299868,-0.274122476577759,-0.121857278048992,1,,,,,,,,,,,,,,,,
,3952676880.15706,257.252471923828,999.966186523437,,,6,,,,21.2421203712662,,,1,,,,,,,,,,,,,,,,,,,,,,256.98291015625,257.537872314453,999.966186523437,999.966186523437,,,7.14634847640991,,1,0,0,0,0.0141143798828125,31.7693061828613,2,1,1,256.967071533203,0,257.272101508247,,,3.00404924086346E-5,1.4960742240771E-6,3.0086258021975E-5,1.49616621022191E-6,0.85375452041626,0.8638955950737,21.0383911132813,0,30,4,200,0.000431992637459189,-0.278224617242813,-0.12518498301506,1,,,,,,,,,,,,,,,,
,3952676889.84939,256.689743041992,999.966186523437,,,6,,,,21.2421203712662,,,1,,,,,,,,,,,,,,,,,,,,,,256.460723876953,256.953887939453,999.966186523437,999.966186523437,,,7.14144945144653,,1,0,0,0,0.0141143798828125,31.2805480957031,2,1,1,256.425598144531,0,256.713853624132,,,3.01477022906022E-5,1.50063938369281E-6,3.02008327346917E-5,1.50075044475612E-6,0.857248604297638,0.869357109069824,21.0228862762451,0,30,4,200,0.000106686573417392,-0.281975716352463,-0.128056019544601,1,,,,,,,,,,,,,,,,
,3952676908.08019,255.644027709961,999.966186523437,,,6,,,,21.2346227493062,,,1,,,,,,,,,,,,,,,,,,,,,,255.379974365234,255.93896484375,999.966186523437,999.966186523437,,,7.13147735595703,,1,0,0,0,0,31.2805480957031,2,1,1,255.349090576172,0,255.681277804905,,,3.01932736888865E-5,1.50330076442977E-6,3.02299227586725E-5,1.50337429749237E-6,0.855464577674866,0.863588333129883,21.0532379150391,5.30410766601562,30,4,200,0.000329923612298444,-0.287679970264435,-0.133612275123596,1,,,,,,,,,,,,,,,,
,3952676918.04509,255.014785766602,999.966186523437,,,6,,,,21.2346227493062,,,1,,,,,,,,,,,,,,,,,,,,,,254.708084106445,255.34098815918,999.966186523437,999.966186523437,,,7.1259970664978,,1,0,0,0,0,31.2805480957031,2,1,1,254.688583374023,0,255.032611083984,,,3.04713371603174E-5,1.51692483068894E-6,3.05332099509359E-5,1.51704942024807E-6,0.856454372406006,0.870441317558289,20.999059677124,4.58247327804565,30,4,200,0.000284563167952001,-0.290610313415527,-0.136379167437553,1,,,,,,,,,,,,,,,,
,3952676936.85838,253.900527954102,999.966186523437,,,6,,,,21.2272630772607,,,1,,,,,,,,,,,,,,,,,,,,,,253.657073974609,254.177093505859,999.966186523437,999.966186523437,,,7.11663866043091,,1,0,0,0,0.0141143798828125,31.2805480957031,2,1,1,253.623962402344,0,253.952674018012,,,3.03706210097712E-5,1.51249706201883E-6,3.04115660832964E-5,1.51257970103249E-6,0.853832960128784,0.862772107124329,21.0360622406006,,30,4,200,0.000395644921809435,-0.29245525598526,-0.137472733855248,1,,,,,,,,,,,,,,,,
,3952676946.63077,253.353828430176,999.966186523437,,,6,,,,21.2272630772607,,,1,,,,,,,,,,,,,,,,,,,,,,253.14794921875,253.623962402344,999.966186523437,999.966186523437,,,7.11205768585205,,1,0,0,0,0,31.2805480957031,2,1,1,253.059814453125,0,253.407801310221,,,3.1001754328267E-5,1.5391203258141E-6,3.10553375198812E-5,1.53922268891266E-6,0.876548647880554,0.89061713218689,21.0097255706787,1.25951214613451E-6,30,4,200,-0.000320777151500806,-0.298836171627045,-0.14409875869751,1,,,,,,,,,,,,,,,,
,3952676965.13352,252.265769958496,999.966186523437,,,6,,,,21.2200297454409,,,1,,,,,,,,,,,,,,,,,,,,,,251.979721069336,252.573593139648,999.966186523437,999.966186523437,,,7.1027307510376,,1,0,0,0,0.0141143798828125,31.2805480957031,2,1,1,251.957946777344,0,252.277847290039,,,3.07115058549511E-5,1.52896531343457E-6,3.07620457249472E-5,1.52906739473905E-6,0.856076776981354,0.867262184619904,21.0084495544434,0,30,4,200,0.000304693327052519,-0.301709920167923,-0.145940944552422,1,,,,,,,,,,,,,,,,
,3952676974.86885,251.656982421875,999.966186523437,,,6,,,,21.2200297454409,,,1,,,,,,,,,,,,,,,,,,,,,,251.415451049805,251.945983886719,999.966186523437,999.966186523437,,,7.09799337387085,,1,0,0,0,0.0128173828125,31.2805480957031,2,1,1,251.367980957031,0,251.682354397244,,,3.08321720334848E-5,1.53402590235109E-6,3.08944485171828E-5,1.5341528150884E-6,0.860341012477875,0.874689996242523,20.9851131439209,2.50542712211609,30,4,200,0.000191573635675013,-0.304963707923889,-0.149159267544746,1,,,,,,,,,,,,,,,,
,3952676993.17633,250.591728210449,999.966186523437,,,6,,,,21.2127984379816,,,1,,,,,,,,,,,,,,,,,,,,,,250.351867675781,250.862991333008,999.966186523437,999.966186523437,,,7.08925199508667,,1,0,0,0,0.0128173828125,31.7693061828613,2,1,1,250.320465087891,0,250.639743381076,,,3.08615788527525E-5,1.53610199807697E-6,3.09129649160627E-5,1.53620540363643E-6,0.857568681240082,0.869027674198151,20.9997539520264,4.58254909515381,30,4,200,0.000259161402937025,-0.30901250243187,-0.152146890759468,1,,,,,,,,,,,,,,,,
,3952677003.34887,249.994300842285,999.966186523437,,,6,,,,21.2127984379816,,,1,,,,,,,,,,,,,,,,,,,,,,249.734710693359,250.284866333008,999.966186523437,999.966186523437,,,7.08493804931641,,1,0,0,0,0.0128173828125,31.2805480957031,2,1,1,249.703735351562,0,250.045303344727,,,3.0846101458873E-5,1.53848235265909E-6,3.09240016575151E-5,1.53864562062888E-6,0.844129621982574,0.860109746456146,20.9502487182617,,30,4,200,0.000711995991878211,-0.310657888650894,-0.152450069785118,1,,,,,,,,,,,,,,,,
,3952677021.81286,248.919235229492,999.966186523437,,,6,,,,21.2054326101202,,,1,,,,,,,,,,,,,,,,,,,,,,248.690933227539,249.188385009766,999.966186523437,999.966186523437,,,7.07625484466553,,1,0,0,0,0,31.2805480957031,2,1,1,248.650085449219,0,248.961396959093,,,3.10156149827632E-5,1.54468609633407E-6,3.10677552536463E-5,1.54479454780948E-6,0.853543162345886,0.864742398262024,20.991943359375,4.58169651031494,30,4,200,0.000452560489065945,-0.317582994699478,-0.158943116664886,1,,,,,,,,,,,,,,,,
,3952677031.46814,248.386405944824,999.966186523437,,,6,,,,21.2054326101202,,,1,,,,,,,,,,,,,,,,,,,,,,248.175750732422,248.650085449219,999.966186523437,999.966186523437,,,7.07212018966675,,1,0,0,0,0.0128173828125,31.2805480957031,2,1,1,248.12272644043,0,248.416074964735,,,3.15416896131742E-5,1.56788165997763E-6,3.16119262213753E-5,1.56802609541227E-6,0.866976201534271,0.883821427822113,20.9588527679443,2.5028076171875,30,4,200,-5.14352323079947E-5,-0.322813093662262,-0.16447651386261,1,,,,,,,,,,,,,,,,
,3952677049.96216,247.269218444824,999.966186523437,,,6,,,,21.1984285369959,,,1,,,,,,,,,,,,,,,,,,,,,,247.029266357422,247.569854736328,999.966186523437,999.966186523437,,,7.06399202346802,,1,0,0,0,0.0141143798828125,31.7693061828613,2,1,1,246.96858215332,0,247.316577487522,,,3.11522662605528E-5,1.55100350096721E-6,3.11912449078145E-5,1.55107853638213E-6,0.855661988258362,0.864071428775787,21.0140819549561,0.188524067401886,30,4,200,0.000343748833984137,-0.328046828508377,-0.168973714113235,1,,,,,,,,,,,,,,,,
,3952677059.62802,246.664260864258,999.966186523437,,,6,,,,21.1984285369959,,,1,,,,,,,,,,,,,,,,,,,,,,246.388259887695,246.958511352539,999.966186523437,999.966186523437,,,7.05990171432495,,1,0,0,0,0.0141143798828125,31.7693061828613,2,1,1,246.370010375977,0,246.683029174805,,,3.14569217377575E-5,1.5658102108184E-6,3.15310445485835E-5,1.56595872919347E-6,0.857235610485077,0.873721301555634,20.944507598877,,30,4,200,0.000220043133595027,-0.331366986036301,-0.172103121876717,1,,,,,,,,,,,,,,,,
,3952677077.8864,245.586608886719,999.966186523437,,,6,,,,21.1913539566566,,,1,,,,,,,,,,,,,,,,,,,,,,245.340515136719,245.856872558594,999.966186523437,999.966186523437,,,7.0521092414856,,1,0,0,0,0,31.2805480957031,2,1,1,245.316345214844,0,245.616219414605,,,3.15684251503476E-5,1.57051059461492E-6,3.16200903443826E-5,1.57062447601679E-6,0.861000895500183,0.872521281242371,20.9808959960938,0.188376680016518,30,4,200,0.000284362758975476,-0.338922441005707,-0.178981214761734,1,,,,,,,,,,,,,,,,
,3952677087.88542,245.045768737793,999.966186523437,,,6,,,,21.1913539566566,,,1,,,,,,,,,,,,,,,,,,,,,,244.885177612305,245.316345214844,999.966186523437,999.966186523437,,,7.04796648025513,,1,0,0,0,0,31.2805480957031,2,1,1,244.775192260742,0,245.107187906901,,,3.1616096522687E-5,1.57529928701217E-6,3.1703419212171E-5,1.57548991408077E-6,0.850574195384979,0.869011878967285,20.9169254302979,,30,4,200,0.000626069260761142,-0.34036573767662,-0.180149391293526,1,,,,,,,,,,,,,,,,
,3952677106.84041,244.014633178711,999.966186523437,,,6,,,,21.1844868930057,,,1,,,,,,,,,,,,,,,,,,,,,,243.739929199219,244.311187744141,999.966186523437,999.966186523437,,,7.04048156738281,,1,0,0,0,0.0141143798828125,31.2805480957031,2,1,1,243.718078613281,0,244.057354397244,,,3.17969688381036E-5,1.58099897389592E-6,3.18457848979943E-5,1.5810955906138E-6,0.864993393421173,0.876184403896332,20.9799633026123,0,30,4,200,-2.35669140238315E-5,-0.346381992101669,-0.185244217514992,1,,,,,,,,,,,,,,,,
,3952677125.21574,242.909736633301,999.966186523437,,,6,,,,21.1793725975831,,,1,,,,,,,,,,,,,,,,,,,,,,242.64387512207,243.208343505859,999.966186523437,999.966186523437,,,7.03319215774536,,1,0,0,0,0.0141143798828125,31.2805480957031,2,1,1,242.611129760742,0,242.932191636827,,,3.22887072751408E-5,1.60095694330542E-6,3.23338701418332E-5,1.60104442682959E-6,0.887260019779205,0.899726986885071,20.9837684631348,2.50542712211609,30,4,200,-0.000679663033224642,-0.364125221967697,-0.203244760632515,1,,,,,,,,,,,,,,,,
,3952677134.93737,242.343421936035,999.966186523437,,,6,,,,21.1793725975831,,,1,,,,,,,,,,,,,,,,,,,,,,242.138748168945,242.611129760742,999.966186523437,999.966186523437,,,7.02909994125366,,1,0,0,0,0.0141143798828125,31.2805480957031,2,1,1,242.075714111328,0,242.396738688151,,,3.20127545185439E-5,1.5935663068026E-6,3.20746716671265E-5,1.59369184478612E-6,0.85685384273529,0.870180726051331,20.9501209259033,5.30521869659424,30,4,200,0.000562561326660216,-0.36231341958046,-0.20127534866333,1,,,,,,,,,,,,,,,,
,3952677153.59407,241.291259765625,999.966186523437,,,6,,,,21.1727207278265,,,1,,,,,,,,,,,,,,,,,,,,,,240.99201965332,241.59049987793,999.966186523437,999.966186523437,,,7.02134990692139,,1,0,0,0,0.0141143798828125,31.2805480957031,2,1,1,240.99201965332,0,241.30121866862,,,3.21795263031136E-5,1.5992155127623E-6,3.22246714105186E-5,1.59930678259335E-6,0.868704915046692,0.879204750061035,20.9773635864258,0,30,4,200,8.84420005604625E-5,-0.373564600944519,-0.211660131812096,1,,,,,,,,,,,,,,,,
,3952677163.71019,240.669281005859,999.966186523437,,,6,,,,21.1727207278265,,,1,,,,,,,,,,,,,,,,,,,,,,240.365844726562,240.972717285156,999.966186523437,999.966186523437,,,7.01826620101929,,1,0,0,0,0,31.2805480957031,2,1,1,240.365844726562,0,240.715585327148,,,3.24766258820738E-5,1.61196482840339E-6,3.25315250743294E-5,1.6120795967325E-6,0.878430366516113,0.892360627651215,20.9579982757568,8.75900295795873E-5,30,4,200,-0.000285919581074268,-0.37960284948349,-0.217563077807426,1,,,,,,,,,,,,,,,,
,3952677182.63658,239.566047668457,999.966186523437,,,6,,,,21.1657308547954,,,1,,,,,,,,,,,,,,,,,,,,,,239.283767700195,239.880950927734,999.966186523437,999.966186523437,,,7.01083755493164,,1,0,0,0,0,31.2805480957031,2,1,1,239.25114440918,0,239.609375,,,3.24731665381313E-5,1.61290752264757E-6,3.25168643803969E-5,1.61299172501737E-6,0.872953712940216,0.883406281471252,20.9742965698242,0,30,4,200,2.93284174404107E-5,-0.389299154281616,-0.226648598909378,1,,,,,,,,,,,,,,,,
,3952677192.3181,238.994323730469,999.966186523437,,,6,,,,21.1657308547954,,,1,,,,,,,,,,,,,,,,,,,,,,238.784408569336,239.25114440918,999.966186523437,999.966186523437,,,7.00720262527466,,1,0,0,0,0.0141143798828125,31.2805480957031,2,1,1,238.737503051758,0,239.037316216363,,,3.27635858986124E-5,1.62603569049918E-6,3.28215652900442E-5,1.62615366179276E-6,0.879291892051697,0.894060611724854,20.945915222168,4.57667064666748,30,4,200,-0.000334094802383333,-0.394514322280884,-0.231539681553841,1,,,,,,,,,,,,,,,,
,3952677210.83538,237.911415100098,999.966186523437,,,6,,,,21.1588212895573,,,1,,,,,,,,,,,,,,,,,,,,,,237.621307373047,238.201522827148,999.966186523437,999.966186523437,,,7.00086212158203,,1,0,0,0,0.0128173828125,31.2805480957031,2,1,1,237.611724853516,0,237.921217176649,,,3.27168610236796E-5,1.62432245877342E-6,3.27594423640241E-5,1.62440400033909E-6,0.876282632350922,0.886685132980347,20.9704914093018,0.18800263106823,30,4,200,-2.57081901509082E-5,-0.403576165437698,-0.23977530002594,1,,,,,,,,,,,,,,,,
,3952677220.49072,237.346542358398,999.966186523437,,,6,,,,21.1588212895573,,,1,,,,,,,,,,,,,,,,,,,,,,237.124877929687,237.611724853516,999.966186523437,999.966186523437,,,6.99737596511841,,1,0,0,0,0,31.2805480957031,2,1,1,237.081359863281,0,237.381878323025,,,3.29000184524374E-5,1.6326439797115E-6,3.29513317184453E-5,1.63274277916627E-6,0.880107045173645,0.893149316310883,20.9522457122803,0,30,4,200,-0.000173230015207082,-0.407630562782288,-0.243837356567383,1,,,,,,,,,,,,,,,,
,3952677238.68626,236.276107788086,999.966186523437,,,6,,,,21.1520646319994,,,1,,,,,,,,,,,,,,,,,,,,,,236.002700805664,236.570663452148,999.966186523437,999.966186523437,,,6.99064493179321,,1,0,0,0,0.0128173828125,31.2805480957031,2,1,1,235.981552124023,0,236.309546576606,,,3.29524299112939E-5,1.63552320711949E-6,3.29942824266528E-5,1.63560752069456E-6,0.878715693950653,0.889061629772186,20.9662208557129,,30,4,200,5.21545553056058E-5,-0.414234966039658,-0.250012964010239,1,,,,,,,,,,,,,,,,
,3952677248.65051,235.674980163574,999.966186523437,,,6,,,,21.1520646319994,,,1,,,,,,,,,,,,,,,,,,,,,,235.444366455078,235.968124389648,999.966186523437,999.966186523437,,,6.987633228302,,1,0,0,0,0,30.7917900085449,2,1,1,235.3818359375,0,235.741004096137,,,3.31677311406949E-5,1.64587910456266E-6,3.32226977698442E-5,1.64599256234794E-6,0.880357086658478,0.894259572029114,20.9393920898438,0,30,4,200,-0.000100065823062323,-0.417370110750198,-0.252935647964478,1,,,,,,,,,,,,,,,,
,3952677267.58992,234.561630249023,999.966186523437,,,6,,,,21.1453714819631,,,1,,,,,,,,,,,,,,,,,,,,,,234.282989501953,234.865798950195,999.966186523437,999.966186523437,,,6.98040056228638,,1,0,0,0,0,30.7917900085449,2,1,1,234.257461547852,0,234.585895114475,,,3.33477123910781E-5,1.65389402187724E-6,3.33918609996017E-5,1.65398321039231E-6,0.885013818740845,0.896491408348083,20.9553871154785,0,30,4,200,-0.000280876643955708,-0.423986256122589,-0.258429527282715,1,,,,,,,,,,,,,,,,
,3952677277.29563,233.954116821289,999.966186523437,,,6,,,,21.1453714819631,,,1,,,,,,,,,,,,,,,,,,,,,,233.710830688477,234.257461547852,999.966186523437,999.966186523437,,,6.97743654251099,,1,0,0,0,0,31.2805480957031,2,1,1,233.650772094727,0,234.017754448785,,,3.31641012427326E-5,1.64777737664401E-6,3.32215683692206E-5,1.64789448514875E-6,0.870387136936188,0.88368421792984,20.9280815124512,0,30,4,200,0.00059679098194465,-0.423690021038055,-0.257893860340118,1,,,,,,,,,,,,,,,,
,3952677295.80492,232.85929107666,999.966186523437,,,6,,,,21.138442523485,,,1,,,,,,,,,,,,,,,,,,,,,,232.661987304687,233.120056152344,999.966186523437,999.966186523437,,,6.97140645980835,,1,0,0,0,0,31.2805480957031,2,1,1,232.598526000977,0,232.888956069946,,,3.34654898409915E-5,1.66152494915869E-6,3.35124070707305E-5,1.66161294104355E-6,0.876123189926147,0.887362480163574,20.9428787231445,0,30,4,200,0.000114696835225914,-0.430544912815094,-0.263922482728958,1,,,,,,,,,,,,,,,,
,3952677305.49366,232.298988342285,999.966186523437,,,6,,,,21.138442523485,,,1,,,,,,,,,,,,,,,,,,,,,,232.045501708984,232.59228515625,999.966186523437,999.966186523437,,,6.96809911727905,,1,0,0,0,0,31.2805480957031,2,1,1,232.00569152832,0,232.32336086697,,,3.36305134036454E-5,1.66896704363719E-6,3.36886567919757E-5,1.66908167468872E-6,0.879751563072205,0.894241809844971,20.9210968017578,2.48878407478333,30,4,200,-0.000162078722496517,-0.434207826852798,-0.267283022403717,1,,,,,,,,,,,,,,,,
,3952677323.66878,231.234260559082,999.966186523437,,,6,,,,21.1318037867281,,,1,,,,,,,,,,,,,,,,,,,,,,230.967102050781,231.52180480957,999.966186523437,999.966186523437,,,6.96199798583984,,1,0,0,0,0,31.2805480957031,2,1,1,230.946716308594,0,231.257034301758,,,3.36376486563149E-5,1.66999991042122E-6,3.36846234819269E-5,1.6700973657552E-6,0.876464009284973,0.887642979621887,20.9370460510254,5.31927633285522,30,4,200,0.000112950772745535,-0.441121876239777,-0.272965103387833,1,,,,,,,,,,,,,,,,
,3952677333.69215,230.650466918945,999.966186523437,,,6,,,,21.1318037867281,,,1,,,,,,,,,,,,,,,,,,,,,,230.402038574219,230.937530517578,999.966186523437,999.966186523437,,,6.9589262008667,,1,0,0,0,0,30.7917900085449,2,1,1,230.363403320313,0,230.688258361816,,,3.39536976907623E-5,1.68365566811167E-6,3.40078629396512E-5,1.68376797659774E-6,0.886514723300934,0.900707244873047,20.9231967926025,0,30,4,200,-0.000337592355208471,-0.44660022854805,-0.278396964073181,1,,,,,,,,,,,,,,,,
,3952677352.54437,229.548728942871,999.966186523437,,,6,,,,21.1252415288495,,,1,,,,,,,,,,,,,,,,,,,,,,229.291580200195,229.846099853516,999.966186523437,999.966186523437,,,6.95256328582764,,1,0,0,0,0.0128173828125,30.7917900085449,2,1,1,229.251358032227,0,229.598484802246,,,3.39693245383788E-5,1.68539343926263E-6,3.40172973233595E-5,1.68548509704155E-6,0.881651639938354,0.893571615219116,20.9288215637207,2.92064196401043E-5,30,4,200,-0.000139634968945757,-0.453920602798462,-0.28467184305191,1,,,,,,,,,,,,,,,,
,3952677362.53244,228.966743469238,999.966186523437,,,6,,,,21.1252415288495,,,1,,,,,,,,,,,,,,,,,,,,,,228.733703613281,229.251358032227,999.966186523437,999.966186523437,,,6.94967317581177,,1,0,0,0,0,30.7917900085449,2,1,1,228.68212890625,0,229.00926038954,,,3.40076171159589E-5,1.68825989166255E-6,3.40681480210491E-5,1.68838390030042E-6,0.876975417137146,0.891505122184753,20.9048614501953,,30,4,200,9.32118273340166E-5,-0.456718951463699,-0.287424027919769,1,,,,,,,,,,,,,,,,
,3952677381.08636,227.880073547363,999.966186523437,,,6,,,,21.118368284093,,,1,,,,,,,,,,,,,,,,,,,,,,227.652969360352,228.171783447266,999.966186523437,999.966186523437,,,6.94356966018677,,1,0,0,0,0,30.7917900085449,2,1,1,227.588363647461,0,227.952387491862,,,3.41849227660783E-5,1.6962084243278E-6,3.42329487811024E-5,1.69629896097161E-6,0.881072342395783,0.892867684364319,20.9224185943604,0,30,4,200,-9.37560689635575E-5,-0.465601325035095,-0.295381486415863,1,,,,,,,,,,,,,,,,
,3952677390.89583,227.309936523438,999.966186523437,,,6,,,,21.118368284093,,,1,,,,,,,,,,,,,,,,,,,,,,227.076232910156,227.577453613281,999.966186523437,999.966186523437,,,6.94041013717651,,1,0,0,0,0,30.7917900085449,2,1,1,227.042419433594,0,227.344529893663,,,3.42690910208099E-5,1.70045016495804E-6,3.43247768590167E-5,1.70055860437356E-6,0.880755126476288,0.894457757472992,20.9075965881348,1.58854925302876E-6,30,4,200,-8.69083960424177E-5,-0.469226062297821,-0.298838019371033,1,,,,,,,,,,,,,,,,
,3952677409.1575,226.249183654785,999.966186523437,,,6,,,,21.1116419410073,,,1,,,,,,,,,,,,,,,,,,,,,,225.989944458008,226.541778564453,999.966186523437,999.966186523437,,,6.93460559844971,,1,0,0,0,0,30.7917900085449,2,1,1,225.956588745117,0,226.301744249132,,,3.43639003752102E-5,1.70547585324662E-6,3.44089520265404E-5,1.70556308755112E-6,0.879204750061035,0.889967799186707,20.922679901123,0,30,4,200,7.26998259779066E-5,-0.476302415132523,-0.304991692304611,1,,,,,,,,,,,,,,,,
,3952677419.13987,225.647254943848,999.966186523437,,,6,,,,21.1116419410073,,,1,,,,,,,,,,,,,,,,,,,,,,225.357696533203,225.956588745117,999.966186523437,999.966186523437,,,6.93134260177612,,1,0,0,0,0,33.7243423461914,2,1,1,225.337921142578,0,225.688563537598,,,3.45884867589875E-5,1.71458159734863E-6,3.46354566847206E-5,1.71467840146378E-6,0.88934588432312,0.901655316352844,20.9192485809326,0,30,4,200,-0.000182845265953802,-0.481313079595566,-0.309747815132141,1,,,,,,,,,,,,,,,,
,3952677437.98854,224.516090393066,999.966186523437,,,6,,,,21.1050789225742,,,1,,,,,,,,,,,,,,,,,,,,,,224.240676879883,224.814254760742,999.966186523437,999.966186523437,,,6.92579650878906,,1,0,0,0,0,30.7917900085449,2,1,1,224.217926025391,0,224.549228244358,,,3.45787890774502E-5,1.71650823061592E-6,3.46241355889681E-5,1.71660110985375E-6,0.87747323513031,0.888042092323303,20.9164142608643,0,30,4,200,0.000153799424879253,-0.485479205846786,-0.312949389219284,1,,,,,,,,,,,,,,,,
,3952677447.75875,223.925445556641,999.966186523437,,,6,,,,21.1050789225742,,,1,,,,,,,,,,,,,,,,,,,,,,223.705413818359,224.204055786133,999.966186523437,999.966186523437,,,6.92265892028809,,1,0,0,0,0,31.2805480957031,2,1,1,223.637741088867,0,223.982962714301,,,3.49488396694238E-5,1.73256164990977E-6,3.50048825897604E-5,1.73267381359091E-6,0.888743996620178,0.903376042842865,20.8957805633545,,30,4,200,-0.000494855223223567,-0.492208331823349,-0.31851401925087,1,,,,,,,,,,,,,,,,
,3952677466.26545,222.847381591797,999.966186523437,,,6,,,,21.0985809094938,,,1,,,,,,,,,,,,,,,,,,,,,,222.574859619141,223.135604858398,999.966186523437,999.966186523437,,,6.91651773452759,,1,0,0,0,0,30.7917900085449,2,1,1,222.559158325195,0,222.870776706272,,,3.49602053462618E-5,1.73412375983276E-6,3.50073648571624E-5,1.73421343805902E-6,0.88374537229538,0.895337641239166,20.9066638946533,0,30,4,200,-3.54644362232648E-5,-0.497696727514267,-0.324091494083405,1,,,,,,,,,,,,,,,,
,3952677475.94572,222.298446655273,999.966186523437,,,6,,,,21.0985809094938,,,1,,,,,,,,,,,,,,,,,,,,,,222.07307434082,222.559158325195,999.966186523437,999.966186523437,,,6.91385936737061,,1,0,0,0,0,30.7917900085449,2,1,1,222.037734985352,0,222.318186442057,,,3.50406479103388E-5,1.73852659393766E-6,3.50975200788749E-5,1.73863701650441E-6,0.8817498087883,0.895570695400238,20.8879356384277,,30,4,200,5.60449952899944E-5,-0.500100076198578,-0.326616644859314,1,,,,,,,,,,,,,,,,
,3952677494.15287,221.291831970215,999.966186523437,,,6,,,,21.092097053894,,,1,,,,,,,,,,,,,,,,,,,,,,221.046844482422,221.566558837891,999.966186523437,999.966186523437,,,6.90824604034424,,1,0,0,0,0,31.2805480957031,2,1,1,221.017105102539,0,221.341908772786,,,3.5158050170196E-5,1.74395474815265E-6,3.52021883982381E-5,1.74404407596367E-6,0.883662700653076,0.89437210559845,20.9073829650879,0,30,4,200,2.25002554543607E-6,-0.507144033908844,-0.332210838794708,1,,,,,,,,,,,,,,,,
,3952677504.14719,220.708877563477,999.966186523437,,,6,,,,21.092097053894,,,1,,,,,,,,,,,,,,,,,,,,,,220.443115234375,221.008499145508,999.966186523437,999.966186523437,,,6.90500593185425,,1,0,0,0,0,30.7917900085449,2,1,1,220.409255981445,0,220.718170166016,,,3.52284681568511E-5,1.74840080372796E-6,3.52876330497145E-5,1.74852256941455E-6,0.879128456115723,0.893065452575684,20.8780994415283,0,30,4,200,0.000179206719622016,-0.509422183036804,-0.333922475576401,1,,,,,,,,,,,,,,,,
,3952677522.9209,219.61930847168,999.966186523437,,,6,,,,21.0855135842343,,,1,,,,,,,,,,,,,,,,,,,,,,219.40608215332,219.888320922852,999.966186523437,999.966186523437,,,6.89965534210205,,1,0,0,0,0,31.2805480957031,2,1,1,219.350296020508,0,219.670057508681,,,3.53953313837529E-5,1.75637155779329E-6,3.54427522246342E-5,1.75646408269841E-6,0.880581080913544,0.891732037067413,20.8945960998535,5.96164318267256E-5,30,4,200,0.000262694113189355,-0.515726864337921,-0.339694261550903,1,,,,,,,,,,,,,,,,
,3952677532.66355,219.07470703125,999.966186523437,,,6,,,,21.0855135842343,,,1,,,,,,,,,,,,,,,,,,,,,,218.860305786133,219.350296020508,999.966186523437,999.966186523437,,,6.89625644683838,,1,0,0,0,0,30.7917900085449,2,1,1,218.799118041992,0,219.125840928819,,,8.15928904589046E-5,1.27261541264713E-5,8.39827678714595E-5,1.27432298743142E-5,0.0511970557272434,0.0541777275502682,20.1627941131592,,30,4,200,0.334550589323044,-0.515362203121185,1.90510559082031,1,,,,,,,,,,,,,,,,
,3952677551.18796,218.006088256836,999.966186523437,,,6,,,,21.0792417459382,,,1,,,,,,,,,,,,,,,,,,,,,,217.711654663086,218.300521850586,999.966186523437,999.966186523437,,,6.8906192779541,,1,0,0,0,0,31.2805480957031,2,1,1,217.711654663086,0,218.007120768229,,,3.57351953057321E-5,1.77218729545618E-6,3.57838453106339E-5,1.77227367822618E-6,0.885574460029602,0.897527158260345,20.886157989502,4.57013750076294,30,4,200,-2.79173073067795E-5,-0.525757431983948,-0.348511070013046,1,,,,,,,,,,,,,,,,
,3952677560.86343,217.440895080566,999.966186523437,,,6,,,,21.0792417459382,,,1,,,,,,,,,,,,,,,,,,,,,,217.207107543945,217.695877075195,999.966186523437,999.966186523437,,,6.8875412940979,,1,0,0,0,0,31.2805480957031,2,1,1,217.185913085938,0,217.478591918945,,,3.60097094037914E-5,1.78517698352356E-6,3.60718759370015E-5,1.78529538860385E-6,0.888628482818604,0.904489874839783,20.8618831634521,,30,4,200,-0.000255077728070319,-0.531009793281555,-0.353320330381393,1,,,,,,,,,,,,,,,,
,3952677579.05285,216.414566040039,999.966186523437,,,6,,,,21.0728189819896,,,1,,,,,,,,,,,,,,,,,,,,,,216.156326293945,216.689010620117,999.966186523437,999.966186523437,,,6.8818302154541,,1,0,0,0,0.0128173828125,31.2805480957031,2,1,1,216.140121459961,0,216.432910495334,,,3.5932301721205E-5,1.78218308729058E-6,3.59802705105567E-5,1.7822786326146E-6,0.884508013725281,0.896036744117737,20.8821830749512,,30,4,200,4.27851555286907E-5,-0.536465227603912,-0.357512980699539,1,,,,,,,,,,,,,,,,
,3952677588.9963,215.8203125,999.966186523437,,,6,,,,21.0728189819896,,,1,,,,,,,,,,,,,,,,,,,,,,215.500503540039,216.129776000977,999.966186523437,999.966186523437,,,6.87776947021484,,1,0,0,0,0,30.7917900085449,2,1,1,215.500503540039,0,215.824234008789,,,3.61428433096831E-5,1.79239362016789E-6,3.6204239605826E-5,1.79251522331905E-6,0.885618507862091,0.900694131851196,20.8573951721191,0,30,4,200,-2.20301590161398E-5,-0.539571762084961,-0.360790073871613,1,,,,,,,,,,,,,,,,
,3952677607.91561,214.697135925293,999.966186523437,,,6,,,,21.066412497882,,,1,,,,,,,,,,,,,,,,,,,,,,214.471771240234,214.967880249023,999.966186523437,999.966186523437,,,6.8723578453064,,1,0,0,0,0,31.2805480957031,2,1,1,214.426391601562,0,214.740978664822,,,3.63457396145303E-5,1.80177393952974E-6,3.63952342198496E-5,1.80186778383266E-6,0.888931214809418,0.901269793510437,20.8735256195068,,30,4,200,-0.00015163303760346,-0.546026289463043,-0.366262227296829,1,,,,,,,,,,,,,,,,
,3952677617.67984,214.150535583496,999.966186523437,,,6,,,,21.066412497882,,,1,,,,,,,,,,,,,,,,,,,,,,213.936874389648,214.426391601562,999.966186523437,999.966186523437,,,6.86913204193115,,1,0,0,0,0,30.7917900085449,2,1,1,213.87467956543,0,214.185106065538,,,3.62678960427717E-5,1.79955388957686E-6,3.63239789175795E-5,1.79966682552066E-6,0.881113529205322,0.894137978553772,20.8611755371094,,30,4,200,0.000236770109040663,-0.547410428524017,-0.367060035467148,1,,,,,,,,,,,,,,,,
,3952677636.12343,213.073753356934,999.966186523437,,,6,,,,21.0597410440349,,,1,,,,,,,,,,,,,,,,,,,,,,212.875305175781,213.36408996582,999.966186523437,999.966186523437,,,6.86356019973755,,1,0,0,0,0,31.2805480957031,2,1,1,212.783416748047,0,213.1139793396,,,3.6520326375127E-5,1.81138610615522E-6,3.65676227645403E-5,1.81147989255176E-6,0.884330451488495,0.89547860622406,20.8721046447754,0,30,4,200,0.000137261653435417,-0.553662955760956,-0.372971802949905,1,,,,,,,,,,,,,,,,
,3952677645.81466,212.510147094727,999.966186523437,,,6,,,,21.0597410440349,,,1,,,,,,,,,,,,,,,,,,,,,,212.272003173828,212.769287109375,999.966186523437,999.966186523437,,,6.86033487319946,,1,0,0,0,0,31.7693061828613,2,1,1,212.251007080078,0,212.542373657227,,,3.67387786879514E-5,1.82143238660408E-6,3.68017011104242E-5,1.82155921594945E-6,0.888084650039673,0.903679490089416,20.8434715270996,0.0688964203000069,30,4,200,-0.000139660623972304,-0.557899534702301,-0.376589059829712,1,,,,,,,,,,,,,,,,
,3952677664.00111,211.442886352539,999.966186523437,,,6,,,,21.0533443593475,,,1,,,,,,,,,,,,,,,,,,,,,,211.156600952148,211.746505737305,999.966186523437,999.966186523437,,,6.85510969161987,,1,0,0,0,0.0128173828125,30.7917900085449,2,1,1,211.139266967773,0,211.451536390516,,,3.67973446818353E-5,1.82506302506703E-6,3.68457881878627E-5,1.82515856462602E-6,0.88462495803833,0.896003305912018,20.8641204833984,6.21423077973304E-6,30,4,200,7.98897744971327E-5,-0.563228905200958,-0.380511373281479,1,,,,,,,,,,,,,,,,
,3952677673.92271,210.825302124023,999.966186523437,,,6,,,,21.0533443593475,,,1,,,,,,,,,,,,,,,,,,,,,,210.511337280273,211.139266967773,999.966186523437,999.966186523437,,,6.8520770072937,,1,0,0,0,0.0005340576171875,31.2805480957031,2,1,1,210.511337280273,0,210.869612121582,,,3.69912650229154E-5,1.83386511193542E-6,3.7054127390713E-5,1.83399529619532E-6,0.888493239879608,0.904004812240601,20.8380527496338,0.0488415509462357,30,4,200,-5.08125704072881E-5,-0.566667139530182,-0.38407975435257,1,,,,,,,,,,,,,,,,
,3952677692.90085,209.762107849121,999.966186523437,,,6,,,,21.0469567464838,,,1,,,,,,,,,,,,,,,,,,,,,,209.498092651367,210.047454833984,999.966186523437,999.966186523437,,,6.84618616104126,,1,0,0,0,0.0128173828125,31.2805480957031,2,1,1,209.476760864258,0,209.782524956597,,,3.7185972911949E-5,1.8423258024247E-6,3.72334837807736E-5,1.84241984404696E-6,0.894383132457733,0.906577825546265,20.8603439331055,0.0966799035668373,30,4,200,-0.000292595766950399,-0.5736283659935,-0.390094339847565,1,,,,,,,,,,,,,,,,
,3952677702.60492,209.166007995605,999.966186523437,,,6,,,,21.0469567464838,,,1,,,,,,,,,,,,,,,,,,,,,,208.907791137695,209.464752197266,999.966186523437,999.966186523437,,,6.84337472915649,,1,0,0,0,0.0128173828125,30.7917900085449,2,1,1,208.867263793945,0,209.202643500434,,,3.72197090630366E-5,1.84510251829744E-6,3.7275868895416E-5,1.84521426252193E-6,0.888917446136475,0.902652382850647,20.8440322875977,,30,4,200,0.000204862182727084,-0.575260519981384,-0.39226159453392,1,,,,,,,,,,,,,,,,
,3952677721.16153,208.023880004883,999.966186523437,,,6,,,,21.0403653068551,,,1,,,,,,,,,,,,,,,,,,,,,,207.728546142578,208.328948974609,999.966186523437,999.966186523437,,,6.83760213851929,,1,0,0,0,0.0128173828125,30.7917900085449,2,1,1,207.718811035156,0,208.041663275825,,,3.75532576026953E-5,1.86034539658129E-6,3.76067140344088E-5,1.86045019442012E-6,0.89527702331543,0.909110546112061,20.8431606292725,0,30,4,200,-0.000277568906312808,-0.580133259296417,-0.395618766546249,1,,,,,,,,,,,,,,,,
,3952677730.90902,207.445899963379,999.966186523437,,,6,,,,21.0403653068551,,,1,,,,,,,,,,,,,,,,,,,,,,207.212844848633,207.718811035156,999.966186523437,999.966186523437,,,6.83477401733398,,1,0,0,0,0.0128173828125,31.2805480957031,2,1,1,207.172988891602,0,207.459694756402,,,3.7435113300542E-5,1.85760365024305E-6,3.75005974026582E-5,1.85773417851368E-6,0.880514323711395,0.895289897918701,20.8219051361084,4.56310272216797,30,4,200,0.000141889380756766,-0.58168351650238,-0.395848542451858,1,,,,,,,,,,,,,,,,
,3952677749.1204,206.409057617187,999.966186523437,,,6,,,,21.0338338065083,,,1,,,,,,,,,,,,,,,,,,,,,,206.191818237305,206.662811279297,999.966186523437,999.966186523437,,,6.82903432846069,,1,0,0,0,0,30.7917900085449,2,1,1,206.155303955078,0,206.436428493924,,,3.76697458830217E-5,1.8676981564737E-6,3.77207146891995E-5,1.86779627755661E-6,0.887566983699799,0.899643063545227,20.8418426513672,,30,4,200,8.63799141370691E-5,-0.587892234325409,-0.401635080575943,1,,,,,,,,,,,,,,,,
,3952677759.04036,205.828910827637,999.966186523437,,,6,,,,21.0338338065083,,,1,,,,,,,,,,,,,,,,,,,,,,205.52229309082,206.155303955078,999.966186523437,999.966186523437,,,6.82626390457153,,1,0,0,0,0.0128173828125,30.7917900085449,2,1,1,205.502517700195,0,205.840086364746,,,3.77511753334927E-5,1.87186072226279E-6,3.78100089235122E-5,1.87198136685409E-6,0.886977314949036,0.900892615318298,20.8277950286865,0,30,4,200,7.59476461098529E-5,-0.590583562850952,-0.403759807348251,1,,,,,,,,,,,,,,,,
,3952677777.85064,204.756744384766,999.966186523437,,,6,,,,21.0274395466637,,,1,,,,,,,,,,,,,,,,,,,,,,204.491470336914,205.044342041016,999.966186523437,999.966186523437,,,6.82100820541382,,1,0,0,0,0.0128173828125,31.2805480957031,2,1,1,204.469146728516,0,204.805518256293,,,3.80485139266637E-5,1.8855557150568E-6,3.80960473946483E-5,1.88564587017927E-6,0.891944229602814,0.903564274311066,20.84299659729,6.08196605753619E-5,30,4,200,-0.000104245053080376,-0.597758591175079,-0.409659028053284,1,,,,,,,,,,,,,,,,
,3952677787.61869,204.197624206543,999.966186523437,,,6,,,,21.0274395466637,,,1,,,,,,,,,,,,,,,,,,,,,,203.987182617187,204.469146728516,999.966186523437,999.966186523437,,,6.81836557388306,,1,0,0,0,0.0128173828125,30.7917900085449,2,1,1,203.92610168457,0,204.250949435764,,,3.81851957077763E-5,1.89156029306508E-6,3.82414820672878E-5,1.89167213886535E-6,0.895732223987579,0.910161793231964,20.8268032073975,0,30,4,200,-0.000105590675957501,-0.601904392242432,-0.414441704750061,1,,,,,,,,,,,,,,,,
,3952677806.14844,203.122276306152,999.966186523437,,,6,,,,21.0211171461515,,,1,,,,,,,,,,,,,,,,,,,,,,202.821029663086,203.442123413086,999.966186523437,999.966186523437,,,6.81266021728516,,1,0,0,0,0.0141143798828125,30.7917900085449,2,1,1,202.802429199219,0,203.143010457357,,,3.83560794617024E-5,1.90099080138759E-6,3.84084310062458E-5,1.90109812319048E-6,0.891017019748688,0.903615534305572,20.828296661377,0,30,4,200,-4.88098521600477E-5,-0.607575654983521,-0.418335229158401,1,,,,,,,,,,,,,,,,
,3952677815.8468,202.52311706543,999.966186523437,,,6,,,,21.0211171461515,,,1,,,,,,,,,,,,,,,,,,,,,,202.286376953125,202.802429199219,999.966186523437,999.966186523437,,,6.8101019859314,,1,0,0,0,0.0141143798828125,30.7917900085449,2,1,1,202.243804931641,0,202.576297336154,,,3.83333584045398E-5,1.90105520108015E-6,3.83954277757183E-5,1.90119205861833E-6,0.885484039783478,0.899710774421692,20.8114452362061,0,30,4,200,-8.39714903122513E-6,-0.610391199588776,-0.420109122991562,1,,,,,,,,,,,,,,,,
,3952677834.10503,201.46516418457,999.966186523437,,,6,,,,21.0147495671391,,,1,,,,,,,,,,,,,,,,,,,,,,201.189651489258,201.775634765625,999.966186523437,999.966186523437,,,6.80552768707275,,1,0,0,0,0.0141143798828125,30.7917900085449,2,1,1,201.154693603516,0,201.495068020291,,,3.86445370939871E-5,1.91540436236034E-6,3.86957635567545E-5,1.91550469262847E-6,0.890467941761017,0.902634978294373,20.8247470855713,2.50542712211609,30,4,200,-0.000108816762804054,-0.619832158088684,-0.428572982549667,1,,,,,,,,,,,,,,,,
,3952677844.06307,200.84196472168,999.966186523437,,,6,,,,21.0147495671391,,,1,,,,,,,,,,,,,,,,,,,,,,200.547637939453,201.154693603516,999.966186523437,999.966186523437,,,6.80248260498047,,1,0,0,0,0,31.2805480957031,2,1,1,200.529235839844,0,200.887615966797,,,3.85422760569606E-5,1.91148267641518E-6,3.86010424471051E-5,1.91160425515755E-6,0.885182738304138,0.898524045944214,20.8110847473145,0.000201599046704359,30,4,200,0.000237121581449173,-0.62123167514801,-0.429870426654816,1,,,,,,,,,,,,,,,,
,3952677862.85187,199.809989929199,999.966186523437,,,6,,,,21.0083538151442,,,1,,,,,,,,,,,,,,,,,,,,,,199.597198486328,200.077575683594,999.966186523437,999.966186523437,,,6.79715919494629,,1,0,0,0,0.0141143798828125,31.2805480957031,2,1,1,199.542404174805,0,199.856884426541,,,3.89272470227726E-5,1.92916617717263E-6,3.897763851901E-5,1.92926220911751E-6,0.891644656658173,0.903671145439148,20.8205661773682,0,30,4,200,1.23997251648689E-5,-0.628736793994904,-0.43617856502533,1,,,,,,,,,,,,,,,,
,3952677872.56924,199.242042541504,999.966186523437,,,6,,,,21.0083538151442,,,1,,,,,,,,,,,,,,,,,,,,,,199.001480102539,199.53254699707,999.966186523437,999.966186523437,,,6.79446697235107,,1,0,0,0,0,30.7917900085449,2,1,1,198.951538085938,0,199.28968471951,,,3.89922185408853E-5,1.93289373116346E-6,3.90518317236585E-5,1.93300982667371E-6,0.889275312423706,0.903271317481995,20.8040981292725,3.06362153423834E-6,30,4,200,5.98761180299334E-5,-0.631058573722839,-0.438241869211197,1,,,,,,,,,,,,,,,,
,3952677891.08562,198.147361755371,999.966186523437,,,6,,,,21.00215488239,,,1,,,,,,,,,,,,,,,,,,,,,,197.898971557617,198.415542602539,999.966186523437,999.966186523437,,,6.789466381073,,1,0,0,0,0.0128173828125,31.2805480957031,2,1,1,197.879180908203,0,198.165108574761,,,3.92313158891064E-5,1.94476621289627E-6,3.92886409127919E-5,1.94488141747856E-6,0.889184057712555,0.902486443519592,20.8027763366699,,30,4,200,0.00017813584418036,-0.636801183223724,-0.443108886480331,1,,,,,,,,,,,,,,,,
,3952677900.79898,197.615295410156,999.966186523437,,,6,,,,21.00215488239,,,1,,,,,,,,,,,,,,,,,,,,,,197.387817382813,197.865173339844,999.966186523437,999.966186523437,,,6.78727054595947,,1,0,0,0,0.0141143798828125,31.2805480957031,2,1,1,197.365417480469,0,197.640513102214,,,3.96076553684715E-5,1.9606404118791E-6,3.96634522971897E-5,1.96075820760655E-6,0.902656674385071,0.917523801326752,20.806266784668,0,30,4,200,-0.000555067555978894,-0.643701076507568,-0.449652940034866,1,,,,,,,,,,,,,,,,
,3952677919.02978,196.591491699219,999.966186523437,,,6,,,,20.9960357300502,,,1,,,,,,,,,,,,,,,,,,,,,,196.337951660156,196.865814208984,999.966186523437,999.966186523437,,,6.78214359283447,,1,0,0,0,0.0141143798828125,30.3030319213867,2,1,1,196.317169189453,0,196.624476114909,,,3.96037736542303E-5,1.9626948117064E-6,3.96567587748924E-5,1.96279894096715E-6,0.891638219356537,0.904076635837555,20.8051204681396,0,30,4,200,-0.000373940507415682,-0.648209512233734,-0.450985580682754,1,,,,,,,,,,,,,,,,
,3952677928.97111,196.016204833984,999.966186523437,,,6,,,,20.9960357300502,,,1,,,,,,,,,,,,,,,,,,,,,,195.807464599609,196.317169189453,999.966186523437,999.966186523437,,,6.77931499481201,,1,0,0,0,0,31.2805480957031,2,1,1,195.715240478516,0,196.089316474067,,,3.96219929769843E-5,1.96378969977198E-6,3.96877446808887E-5,1.9639251187478E-6,0.890751540660858,0.906245648860931,20.7833480834961,2.07727589440765E-6,30,4,200,1.43828747241059E-5,-0.651965141296387,-0.456218361854553,1,,,,,,,,,,,,,,,,
,3952677948.23561,194.903709411621,999.966186523437,,,6,,,,20.9898324290332,,,1,,,,,,,,,,,,,,,,,,,,,,194.603378295898,195.204040527344,999.966186523437,999.966186523437,,,6.77428674697876,,1,0,0,0,0.0141143798828125,30.7917900085449,2,1,1,194.603378295898,0,194.930340576172,,,4.0081181452163E-5,1.98477330640256E-6,4.01363858338795E-5,1.98488496260425E-6,0.899169385433197,0.913109362125397,20.7961807250977,0,30,4,200,-0.000371172267477959,-0.659979224205017,-0.462725192308426,1,,,,,,,,,,,,,,,,
,3952677958.22819,194.31681060791,999.966186523437,,,6,,,,20.9898324290332,,,1,,,,,,,,,,,,,,,,,,,,,,194.07209777832,194.594833374023,999.966186523437,999.966186523437,,,6.77183294296265,,1,0,0,0,0,30.7917900085449,2,1,1,194.038787841797,0,194.354361640082,,,3.99738241462552E-5,1.98111358572575E-6,4.00343862625339E-5,1.98123424952718E-6,0.891273140907288,0.905418217182159,20.7865695953369,,30,4,200,-1.28062456496991E-5,-0.662860751152039,-0.465465217828751,1,,,,,,,,,,,,,,,,
,3952677976.45593,193.23429107666,999.966186523437,,,6,,,,20.9833002471732,,,1,,,,,,,,,,,,,,,,,,,,,,192.991943359375,193.507690429687,999.966186523437,999.966186523437,,,6.76721954345703,,1,0,0,0,0.0141143798828125,30.7917900085449,2,1,1,192.960891723633,0,193.273852878147,,,4.02151408938446E-5,1.99284566811453E-6,4.02701189005855E-5,1.99295474608019E-6,0.892315983772278,0.905131697654724,20.7904663085938,,30,4,200,-3.52211172867101E-5,-0.669205129146576,-0.470438808202744,1,,,,,,,,,,,,,,,,
,3952677986.46185,192.672401428223,999.966186523437,,,6,,,,20.9833002471732,,,1,,,,,,,,,,,,,,,,,,,,,,192.411911010742,192.960891723633,999.966186523437,999.966186523437,,,6.76459884643555,,1,0,0,0,0.0141143798828125,30.7917900085449,2,1,1,192.383911132813,0,192.698733520508,,,4.03149084149851E-5,1.99754744108851E-6,4.03704769514498E-5,1.99765751219547E-6,0.893435060977936,0.906522512435913,20.7895698547363,0,30,4,200,3.09989081870299E-5,-0.671559810638428,-0.472273677587509,1,,,,,,,,,,,,,,,,
,3952678005.29518,191.579734802246,999.966186523437,,,6,,,,20.9769919097075,,,1,,,,,,,,,,,,,,,,,,,,,,191.307174682617,191.896881103516,999.966186523437,999.966186523437,,,6.75984191894531,,1,0,0,0,0.0141143798828125,31.2805480957031,2,1,1,191.262588500977,0,191.618526882595,,,4.05424385854847E-5,2.00873675251517E-6,4.0593183188898E-5,2.0088326191681E-6,0.893827021121979,0.905709564685822,20.792329788208,0,30,4,200,3.09783645207062E-5,-0.67842835187912,-0.478328794240952,1,,,,,,,,,,,,,,,,
,3952678014.95297,190.998893737793,999.966186523437,,,6,,,,20.9769919097075,,,1,,,,,,,,,,,,,,,,,,,,,,190.779861450195,191.262588500977,999.966186523437,999.966186523437,,,6.75735664367676,,1,0,0,0,0.0141143798828125,30.7917900085449,2,1,1,190.735198974609,0,191.036515977648,,,4.06880414380864E-5,2.01599783723345E-6,4.07570723631067E-5,2.0161343027413E-6,0.893606126308441,0.910020411014557,20.7616767883301,0,30,4,200,-1.15389575512381E-5,-0.682142913341522,-0.481707572937012,1,,,,,,,,,,,,,,,,
,3952678033.45901,189.898735046387,999.966186523437,,,6,,,,20.970804721289,,,1,,,,,,,,,,,,,,,,,,,,,,189.698593139648,190.166870117187,999.966186523437,999.966186523437,,,6.75291442871094,,1,0,0,0,0,31.2805480957031,2,1,1,189.630599975586,0,189.942521837023,,,4.08664275694654E-5,2.02454100594655E-6,4.09195878295305E-5,2.02465328353257E-6,0.894972443580627,0.907446682453155,20.7829723358154,0,30,4,200,0.000107618419860955,-0.688007593154907,-0.48658874630928,1,,,,,,,,,,,,,,,,
,3952678043.28822,189.362274169922,999.966186523437,,,6,,,,20.970804721289,,,1,,,,,,,,,,,,,,,,,,,,,,189.13362121582,189.630599975586,999.966186523437,999.966186523437,,,6.75032997131348,,1,0,0,0,0,30.7917900085449,2,1,1,189.093948364258,0,189.397030300564,,,4.09803512672641E-5,2.03014963923186E-6,4.10400548361327E-5,2.03027864639243E-6,0.895138919353485,0.909236192703247,20.7718391418457,,30,4,200,-7.90890990174375E-5,-0.691815733909607,-0.489528238773346,1,,,,,,,,,,,,,,,,
,3952678061.54121,188.30362701416,999.966186523437,,,6,,,,20.964503066943,,,1,,,,,,,,,,,,,,,,,,,,,,188.047775268555,188.591232299805,999.966186523437,999.966186523437,,,6.74594831466675,,1,0,0,0,0.0141143798828125,30.7917900085449,2,1,1,188.016021728516,0,188.336468166775,,,4.13175206438585E-5,2.04608484285408E-6,4.13695605247541E-5,2.04619032574702E-6,0.898740112781525,0.91133713722229,20.7793884277344,,30,4,200,-0.000182496689376421,-0.698978841304779,-0.495461136102676,1,,,,,,,,,,,,,,,,
,3952678071.53061,187.689651489258,999.966186523437,,,6,,,,20.964503066943,,,1,,,,,,,,,,,,,,,,,,,,,,187.397262573242,188.016021728516,999.966186523437,999.966186523437,,,6.74324321746826,,1,0,0,0,0.0128173828125,30.7917900085449,2,1,1,187.36328125,0,187.72882232666,,,4.13213058167665E-5,2.04773190004786E-6,4.13824159843215E-5,2.04785459317662E-6,0.892001092433929,0.905887961387634,20.7638339996338,0,30,4,200,0.000365915650036186,-0.699816405773163,-0.495571821928024,1,,,,,,,,,,,,,,,,
,3952678090.33086,186.559349060059,999.966186523437,,,6,,,,20.9582412991833,,,1,,,,,,,,,,,,,,,,,,,,,,186.262680053711,186.883834838867,999.966186523437,999.966186523437,,,6.73876285552979,,1,0,0,0,0.0141143798828125,30.7917900085449,2,1,1,186.23486328125,0,186.599368625217,,,4.17063710666298E-5,2.06611839269848E-6,4.17606529619145E-5,2.06622103372237E-6,0.895132541656494,0.907698333263397,20.7699298858643,,30,4,200,-0.000316065532388166,-0.706891357898712,-0.500962376594543,1,,,,,,,,,,,,,,,,
,3952678099.98234,185.974632263184,999.966186523437,,,6,,,,20.9582412991833,,,1,,,,,,,,,,,,,,,,,,,,,,185.770629882813,186.23486328125,999.966186523437,999.966186523437,,,6.73660135269165,,1,0,0,0,0,31.2805480957031,2,1,1,185.714401245117,0,186.027879503038,,,4.14967323911758E-5,2.05713316866902E-6,4.15623568149354E-5,2.05726068981962E-6,0.888896465301514,0.903353631496429,20.7505531311035,3.71856390302128E-6,30,4,200,0.000201101269340143,-0.708865642547607,-0.502901911735535,1,,,,,,,,,,,,,,,,
,3952678118.48262,184.913780212402,999.966186523437,,,6,,,,20.9519713166574,,,1,,,,,,,,,,,,,,,,,,,,,,184.644470214844,185.224227905273,999.966186523437,999.966186523437,,,6.73245716094971,,1,0,0,0,0.0141143798828125,30.7917900085449,2,1,1,184.603332519531,0,184.958002726237,,,4.19876485931751E-5,2.07967154733856E-6,4.2047927403757E-5,2.07979328306116E-6,0.89687317609787,0.911070168018341,20.7542839050293,0,30,4,200,1.68843598657986E-5,-0.717050075531006,-0.510624587535858,1,,,,,,,,,,,,,,,,
,3952678128.15476,184.330451965332,999.966186523437,,,6,,,,20.9519713166574,,,1,,,,,,,,,,,,,,,,,,,,,,184.095474243164,184.58610534668,999.966186523437,999.966186523437,,,6.72982406616211,,1,0,0,0,0.0141143798828125,30.7917900085449,2,1,1,184.074798583984,0,184.350255330404,,,4.21023374089791E-5,2.08552018722072E-6,4.21645794993519E-5,2.08564690325504E-6,0.896103918552399,0.910624444484711,20.7513008117676,0,30,4,200,1.66617917329859E-6,-0.719526588916779,-0.512318670749664,1,,,,,,,,,,,,,,,,
,3952678146.39269,183.236236572266,999.966186523437,,,6,,,,20.9458946801026,,,1,,,,,,,,,,,,,,,,,,,,,,182.947555541992,183.535202026367,999.966186523437,999.966186523437,,,6.72562217712402,,1,0,0,0,0.0141143798828125,30.7917900085449,2,1,1,182.937271118164,0,183.244327121311,,,4.23200412430933E-5,2.09615318037425E-6,4.23738638337384E-5,2.09625900178448E-6,0.896788895130157,0.90925544500351,20.759916305542,0,30,4,200,5.57220482733101E-5,-0.724952459335327,-0.5164475440979,1,,,,,,,,,,,,,,,,
,3952678156.03349,182.665245056152,999.966186523437,,,6,,,,20.9458946801026,,,1,,,,,,,,,,,,,,,,,,,,,,182.460388183594,182.915130615234,999.966186523437,999.966186523437,,,6.72277307510376,,1,0,0,0,0,31.2805480957031,2,1,1,182.41535949707,0,182.691947089301,,,4.24805041683607E-5,2.10386258892167E-6,4.25442346006508E-5,2.10398477205895E-6,0.897883415222168,0.912984609603882,20.74342918396,0.199863433837891,30,4,200,-0.000123450387036428,-0.727787435054779,-0.519802212715149,1,,,,,,,,,,,,,,,,
,3952678174.25147,181.665435791016,999.966186523437,,,6,,,,20.9398552127389,,,1,,,,,,,,,,,,,,,,,,,,,,181.411315917969,181.956832885742,999.966186523437,999.966186523437,,,6.71873188018799,,1,0,0,0,0.0141143798828125,31.2805480957031,2,1,1,181.374038696289,0,181.700495402018,,,4.27223084712871E-5,2.11561461395337E-6,4.27764005837351E-5,2.11571815199793E-6,0.898914456367493,0.911640346050262,20.7541179656982,0,30,4,200,-3.10788418573793E-5,-0.735603988170624,-0.525386512279511,1,,,,,,,,,,,,,,,,
,3952678184.17537,181.044921875,999.966186523437,,,6,,,,20.9398552127389,,,1,,,,,,,,,,,,,,,,,,,,,,180.734436035156,181.374038696289,999.966186523437,999.966186523437,,,6.71680116653442,,1,0,0,0,0.0141143798828125,30.7917900085449,2,1,1,180.715805053711,0,181.098954772949,,,4.27485404396702E-5,2.11769750378266E-6,4.28094242723337E-5,2.11781780908604E-6,0.895348608493805,0.909196197986603,20.7428722381592,0,30,4,200,6.3832056184765E-5,-0.738030970096588,-0.527196049690247,1,,,,,,,,,,,,,,,,
,3952678202.94521,180.003112792969,999.966186523437,,,6,,,,20.933776306205,,,1,,,,,,,,,,,,,,,,,,,,,,179.750915527344,180.276275634766,999.966186523437,999.966186523437,,,6.71198463439941,,1,0,0,0,0.0141143798828125,30.7917900085449,2,1,1,179.729949951172,0,180.038031684028,,,4.31305507403901E-5,2.13550953959E-6,4.31840956297275E-5,2.1356158990687E-6,0.9003946185112,0.913050174713135,20.7500705718994,,30,4,200,-6.5932996221818E-5,-0.744803905487061,-0.533087134361267,1,,,,,,,,,,,,,,,,
,3952678212.71313,179.451843261719,999.966186523437,,,6,,,,20.933776306205,,,1,,,,,,,,,,,,,,,,,,,,,,179.24951171875,179.706573486328,999.966186523437,999.966186523437,,,6.71003103256226,,1,0,0,0,0.0128173828125,31.2805480957031,2,1,1,179.197113037109,0,179.497283935547,,,4.31438387509916E-5,2.13714272578191E-6,4.32091762835437E-5,2.13727394147044E-6,0.895958185195923,0.910847246646881,20.7305774688721,5.33132362365723,30,4,200,-1.58814746100688E-5,-0.748126685619354,-0.535552263259888,1,,,,,,,,,,,,,,,,
,3952678231.2371,178.335243225098,999.966186523437,,,6,,,,20.9277787623917,,,1,,,,,,,,,,,,,,,,,,,,,,178.094421386719,178.635162353516,999.966186523437,999.966186523437,,,6.70562267303467,,1,0,0,0,0.0141143798828125,30.3030319213867,2,1,1,178.03532409668,0,178.368772718641,,,4.34757096880644E-5,2.15280035733864E-6,4.3531901193362E-5,2.15290850946358E-6,0.899472773075104,0.912564635276794,20.740177154541,0,30,4,200,-1.90598530025454E-5,-0.755346953868866,-0.541196346282959,1,,,,,,,,,,,,,,,,
,3952678240.9447,177.732841491699,999.966186523437,,,6,,,,20.9277787623917,,,1,,,,,,,,,,,,,,,,,,,,,,177.475021362305,178.025741577148,999.966186523437,999.966186523437,,,6.70357036590576,,1,0,0,0,0,30.7917900085449,2,1,1,177.43994140625,0,177.758185492622,,,4.39274890827129E-5,2.17320414464419E-6,4.39897785884996E-5,2.17332463190269E-6,0.908821225166321,0.925104022026062,20.7309417724609,1,30,4,200,-0.000623710686340928,-0.762297749519348,-0.548437535762787,1,,,,,,,,,,,,,,,,
,3952678259.13514,176.743186950684,999.966186523437,,,6,,,,20.9218933622587,,,1,,,,,,,,,,,,,,,,,,,,,,176.519821166992,176.998001098633,999.966186523437,999.966186523437,,,6.69952535629272,,1,0,0,0,0.0141143798828125,30.7917900085449,2,1,1,176.488372802734,0,176.765887790256,,,4.38833058123264E-5,2.17264726979094E-6,4.39392412428296E-5,2.17276337868127E-6,0.901005506515503,0.914092540740967,20.73583984375,4.55366230010986,30,4,200,-9.50941612245515E-5,-0.765827834606171,0.574375748634338,1,,,,,,,,,,,,,,,,
,3952678269.17098,176.159729003906,999.966186523437,,,6,,,,20.9218933622587,,,1,,,,,,,,,,,,,,,,,,,,,,175.866668701172,176.468185424805,999.966186523437,999.966186523437,,,6.69745874404907,,1,0,0,0,0,30.7917900085449,2,1,1,175.831085205078,0,176.164035373264,,,4.38611034737769E-5,2.17280441203961E-6,4.392202995838E-5,2.17292557196122E-6,0.895383358001709,0.908864974975586,20.7274913787842,0,30,4,200,0.000191760118468665,-0.767034411430359,0.574407339096069,1,,,,,,,,,,,,,,,,
,3952678288.07958,175.08097076416,999.966186523437,,,6,,,,20.9158251075751,,,1,,,,,,,,,,,,,,,,,,,,,,174.8046875,175.377365112305,999.966186523437,999.966186523437,,,6.69271278381348,,1,0,0,0,0.0141143798828125,31.2805480957031,2,1,1,174.784576416016,0,175.115564982096,,,4.44445203392846E-5,2.1994515604559E-6,4.45047124642972E-5,2.19957387128105E-6,0.905573308467865,0.920372068881988,20.7237892150879,0,30,4,200,-0.000369098386727273,0.347361713647842,0.564683973789215,1,,,,,,,,,,,,,,,,
,3952678297.76366,174.514350891113,999.966186523437,,,6,,,,20.9158251075751,,,1,,,,,,,,,,,,,,,,,,,,,,174.26872253418,174.759979248047,999.966186523437,999.966186523437,,,6.69102668762207,,1,0,0,0,0.0128173828125,30.7917900085449,2,1,1,174.26872253418,0,174.532577514648,,,4.42365738954772E-5,2.19166213147018E-6,4.43031961734346E-5,2.19179725966195E-6,0.894276738166809,0.908791303634644,20.7133045196533,0,30,4,200,0.000252809491939843,0.345852136611938,0.563717842102051,1,,,,,,,,,,,,,,,,
,3952678316.29086,173.419700622559,999.966186523437,,,6,,,,20.9099079883936,,,1,,,,,,,,,,,,,,,,,,,,,,173.17121887207,173.688125610352,999.966186523437,999.966186523437,,,6.68665409088135,,1,0,0,0,0,31.2805480957031,2,1,1,173.151275634766,0,173.424650404188,,,4.47019349257798E-5,2.21270902392185E-6,4.47570819257658E-5,2.212818641799E-6,0.903146922588348,0.916135668754578,20.7267112731934,0,30,4,200,-0.000169068312970921,0.339217871427536,0.558291614055634,1,,,,,,,,,,,,,,,,
,3952678325.99571,172.838279724121,999.966186523437,,,6,,,,20.9099079883936,,,1,,,,,,,,,,,,,,,,,,,,,,172.573318481445,173.14225769043,999.966186523437,999.966186523437,,,6.68455743789673,,1,0,0,0,0,30.7917900085449,2,1,1,172.534301757813,0,172.869042290582,,,4.47164805567406E-5,2.21450942689862E-6,4.47788959641442E-5,2.21463749196366E-6,0.898279786109924,0.912266731262207,20.7150650024414,0.0761139988899231,30,4,200,7.07507861079648E-5,0.337279170751572,0.557083427906036,1,,,,,,,,,,,,,,,,
,3952678344.24563,171.786071777344,999.966186523437,,,6,,,,20.903944952491,,,1,,,,,,,,,,,,,,,,,,,,,,171.527389526367,172.081359863281,999.966186523437,999.966186523437,,,6.68068361282349,,1,0,0,0,0,32.2580642700195,2,1,1,171.490783691406,0,171.812525431315,,,4.5098275618797E-5,2.23246962938085E-6,4.51556687241178E-5,2.23259245506403E-6,0.902498304843903,0.915778994560242,20.718189239502,5.33512592315674,30,4,200,-9.64285572990775E-5,0.32994532585144,0.551473736763001,1,,,,,,,,,,,,,,,,
,3952678354.19769,171.185195922852,999.966186523437,,,6,,,,20.903944952491,,,1,,,,,,,,,,,,,,,,,,,,,,170.898544311523,171.490783691406,999.966186523437,999.966186523437,,,6.67852354049683,,1,0,0,0,0.0141143798828125,31.2805480957031,2,1,1,170.879608154297,0,171.224736022949,,,4.50901342573279E-5,2.23316166436357E-6,4.51556453638903E-5,2.23329331496806E-6,0.897639751434326,0.912152469158173,20.7050361633301,0.187538027763367,30,4,200,0.000192673818673939,0.327637612819672,0.549926519393921,1,,,,,,,,,,,,,,,,
,3952678372.98775,170.112640380859,999.966186523437,,,6,,,,20.8979540067306,,,1,,,,,,,,,,,,,,,,,,,,,,169.830368041992,170.424194335938,999.966186523437,999.966186523437,,,6.6742844581604,,1,0,0,0,0.0141143798828125,30.7917900085449,2,1,1,169.801086425781,0,170.151545206706,,,4.55411105012294E-5,2.25403956197607E-6,4.5596850770599E-5,2.25414413677481E-6,0.904097616672516,0.917159497737885,20.7152919769287,5.44542890565936E-5,30,4,200,-0.00014529941836372,0.320492327213287,0.543700695037842,1,,,,,,,,,,,,,,,,
,3952678382.65374,169.535530090332,999.966186523437,,,6,,,,20.8979540067306,,,1,,,,,,,,,,,,,,,,,,,,,,169.314300537109,169.801086425781,999.966186523437,999.966186523437,,,6.67223072052002,,1,0,0,0,0.0141143798828125,31.2805480957031,2,1,1,169.269973754883,0,169.58733452691,,,4.56536365677827E-5,2.2599295146367E-6,4.57177319221361E-5,2.26005269283456E-6,0.902637720108032,0.91751092672348,20.7021350860596,3.10850227833726E-5,30,4,200,-0.000124069178127684,0.316481918096542,0.54043972492218,1,,,,,,,,,,,,,,,,
,3952678401.14925,168.49878692627,999.966186523437,,,6,,,,20.8920744098327,,,1,,,,,,,,,,,,,,,,,,,,,,168.278747558594,168.79248046875,999.966186523437,999.966186523437,,,6.66837024688721,,1,0,0,0,0.014190673828125,30.7917900085449,2,1,1,168.205093383789,0,168.538430107964,,,4.60396202750993E-5,2.27823339182821E-6,4.6099619974631E-5,2.27835696418421E-6,0.906296133995056,0.920608699321747,20.7037525177002,,30,4,200,-0.000292024371447042,0.308181196451187,0.533493757247925,1,,,,,,,,,,,,,,,,
,3952678410.8191,167.89973449707,999.966186523437,,,6,,,,20.8920744098327,,,1,,,,,,,,,,,,,,,,,,,,,,167.637817382813,168.191696166992,999.966186523437,999.966186523437,,,6.66631937026978,,1,0,0,0,0.0141143798828125,30.7917900085449,2,1,1,167.607772827148,0,167.921802096897,,,4.59831674035201E-5,2.27682945565793E-6,4.60447042977807E-5,2.27695356778878E-6,0.90004950761795,0.913705289363861,20.7012825012207,,30,4,200,9.44549465202726E-5,0.305972248315811,0.532053828239441,1,,,,,,,,,,,,,,,,
,3952678428.98414,166.858192443848,999.966186523437,,,6,,,,20.886139023428,,,1,,,,,,,,,,,,,,,,,,,,,,166.594223022461,167.146194458008,999.966186523437,999.966186523437,,,6.66186285018921,,1,0,0,0,0.0128173828125,31.2805480957031,2,1,1,166.570190429687,0,166.863910251194,,,4.64054247295993E-5,2.29684306117559E-6,4.64626482815859E-5,2.29696121528096E-6,0.903984844684601,0.917077898979187,20.703145980835,1.89912283420563,30,4,200,-6.32157534710132E-5,0.298225939273834,0.52564549446106,1,,,,,,,,,,,,,,,,
,3952678438.60812,166.27074432373,999.966186523437,,,6,,,,20.886139023428,,,1,,,,,,,,,,,,,,,,,,,,,,166.012512207031,166.570190429687,999.966186523437,999.966186523437,,,6.66043281555176,,1,0,0,0,0.0128173828125,30.7917900085449,2,1,1,165.971298217773,0,166.299841986762,,,4.63812703489096E-5,2.29713397191617E-6,4.6445260146434E-5,2.2972612970383E-6,0.89752596616745,0.911237895488739,20.6923503875732,,30,4,200,0.00019819347653538,0.297110229730606,0.525307953357697,1,,,,,,,,,,,,,,,,
,3952678456.78744,165.204162597656,999.966186523437,,,6,,,,20.8803446115061,,,1,,,,,,,,,,,,,,,,,,,,,,164.943267822266,165.501220703125,999.966186523437,999.966186523437,,,6.65628671646118,,1,0,0,0,0,32.2580642700195,2,1,1,164.907104492187,0,165.217164781359,,,4.6857598947937E-5,2.31907926662287E-6,4.6917017170086E-5,2.31919829592833E-6,0.904627203941345,0.91824859380722,20.6946315765381,0,30,4,200,-0.000102463985967916,0.28884369134903,0.51855993270874,1,,,,,,,,,,,,,,,,
,3952678466.72671,164.603210449219,999.966186523437,,,6,,,,20.8803446115061,,,1,,,,,,,,,,,,,,,,,,,,,,164.318817138672,164.907104492187,999.966186523437,999.966186523437,,,6.65430355072022,,1,0,0,0,0.0141143798828125,30.3030319213867,2,1,1,164.29931640625,0,164.644018554688,,,4.68664204978083E-5,2.32102689131296E-6,4.69320413804537E-5,2.32115762597796E-6,0.898088812828064,0.912110924720764,20.6851062774658,0,30,4,200,2.22171383938985E-5,0.286607295274734,0.517435193061829,1,,,,,,,,,,,,,,,,
,3952678485.5262,163.522964477539,999.966186523437,,,6,,,,20.8745296828557,,,1,,,,,,,,,,,,,,,,,,,,,,163.247497558594,163.830581665039,999.966186523437,999.966186523437,,,6.65007877349854,,1,0,0,0,0.0128173828125,30.7917900085449,2,1,1,163.215347290039,0,163.564036051432,,,4.73607202074558E-5,2.34354846829526E-6,4.74222339241981E-5,2.34367016569684E-6,0.906562387943268,0.920897960662842,20.6864643096924,,30,4,200,-9.88052415777929E-5,0.279192686080933,0.510941028594971,1,,,,,,,,,,,,,,,,
,3952678495.2495,162.944694519043,999.966186523437,,,6,,,,20.8745296828557,,,1,,,,,,,,,,,,,,,,,,,,,,162.748489379883,163.215347290039,999.966186523437,999.966186523437,,,6.6485447883606,,1,0,0,0,0.0141143798828125,30.7917900085449,2,1,1,162.674041748047,0,163.001427544488,,,4.74104942306786E-5,2.34677917379981E-6,4.74771659093224E-5,2.34691111637013E-6,0.903150260448456,0.91812539100647,20.6787109375,0.109169356524944,30,4,200,4.07760926464107E-5,0.27644145488739,0.5088250041008,1,,,,,,,,,,,,,,,,
,3952678513.78832,161.82852935791,999.966186523437,,,6,,,,20.8687307707726,,,1,,,,,,,,,,,,,,,,,,,,,,161.546188354492,162.123184204102,999.966186523437,999.966186523437,,,6.64409399032593,,1,0,0,0,0.0141143798828125,30.7917900085449,2,1,1,161.533874511719,0,161.832768758138,,,4.78258082739848E-5,2.36652279950831E-6,4.78861190645167E-5,2.36663789622221E-6,0.906737387180328,0.920672595500946,20.6833343505859,5.25335417478345E-6,30,4,200,-0.000113963906187564,0.269582331180573,0.50390613079071,1,,,,,,,,,,,,,,,,
,3952678523.50912,161.26668548584,999.966186523437,,,6,,,,20.8687307707726,,,1,,,,,,,,,,,,,,,,,,,,,,161.046829223633,161.526794433594,999.966186523437,999.966186523437,,,6.64168357849121,,1,0,0,0,0.0141143798828125,30.7917900085449,2,1,1,161.006576538086,0,161.312969631619,,,4.77776417937472E-5,2.36566054474621E-6,4.78429389531404E-5,2.36578708167025E-6,0.900137424468994,0.914146840572357,20.6756916046143,0,30,4,200,0.000171042600413784,0.268098145723343,0.503041684627533,1,,,,,,,,,,,,,,,,
,3952678541.7769,160.257751464844,999.966186523437,,,6,,,,20.8630237478927,,,1,,,,,,,,,,,,,,,,,,,,,,160.008163452148,160.544586181641,999.966186523437,999.966186523437,,,6.63799524307251,,1,0,0,0,0.0141143798828125,30.7917900085449,2,1,1,159.970916748047,0,160.275336371528,,,4.83063164153471E-5,2.38990132208631E-6,4.83654806930561E-5,2.3900237381745E-6,0.908526718616486,0.922291219234467,20.6806411743164,0,30,4,200,-0.000172822299646214,0.260839104652405,0.496817946434021,1,,,,,,,,,,,,,,,,
,3952678551.9335,159.657249450684,999.966186523437,,,6,,,,20.8630237478927,,,1,,,,,,,,,,,,,,,,,,,,,,159.380981445313,159.933517456055,999.966186523437,999.966186523437,,,6.63581657409668,,1,0,0,0,0.0141143798828125,30.7917900085449,2,1,1,159.380981445313,0,159.674185180664,,,4.83614282069256E-5,2.39328183785049E-6,4.84206541864816E-5,2.39340002047428E-6,0.905611217021942,0.918892741203308,20.6805629730225,0,30,4,200,-4.22037592215929E-5,0.259328305721283,0.496501117944717,1,,,,,,,,,,,,,,,,
,3952678570.53117,158.59351348877,999.966186523437,,,6,,,,20.8573420652435,,,1,,,,,,,,,,,,,,,,,,,,,,158.360336303711,158.859024047852,999.966186523437,999.966186523437,,,6.63177347183228,,1,0,0,0,0.0141143798828125,30.7917900085449,2,1,1,158.328002929687,0,158.634611341688,,,4.88517676816508E-5,2.41630410366306E-6,4.89087366042192E-5,2.41641460075779E-6,0.911177515983582,0.92473304271698,20.6791877746582,0,30,4,200,-0.00027780095115304,0.252134084701538,0.490587502717972,1,,,,,,,,,,,,,,,,
,3952678580.20805,158.041496276855,999.966186523437,,,6,,,,20.8573420652435,,,1,,,,,,,,,,,,,,,,,,,,,,157.800888061523,158.328002929687,999.966186523437,999.966186523437,,,6.62935733795166,,1,0,0,0,0.0128173828125,30.3030319213867,2,1,1,157.754989624023,0,158.073020087348,,,4.91133123973476E-5,2.42888797913506E-6,4.91825989752425E-5,2.42901916678242E-6,0.912816345691681,0.929953932762146,20.6609077453613,0,30,4,200,-0.000380955985747278,0.24594834446907,0.484731763601303,1,,,,,,,,,,,,,,,,
,3952678598.78448,156.939437866211,999.966186523437,,,6,,,,20.8517500155632,,,1,,,,,,,,,,,,,,,,,,,,,,156.657318115234,157.231018066406,999.966186523437,999.966186523437,,,6.62520503997803,,1,0,0,0,0,30.7917900085449,2,1,1,156.647857666016,0,156.958894517687,,,4.92896756105606E-5,2.43834370107955E-6,4.93484781681566E-5,2.43846592212267E-6,0.909456491470337,0.922993957996368,20.6717834472656,5.33858013153076,30,4,200,-0.000162746728165075,0.242843225598335,0.483338087797165,1,,,,,,,,,,,,,,,,
,3952678608.53617,156.35359954834,999.966186523437,,,6,,,,20.8517500155632,,,1,,,,,,,,,,,,,,,,,,,,,,156.122772216797,156.632232666016,999.966186523437,999.966186523437,,,6.6237006187439,,1,0,0,0,0.0141143798828125,30.7917900085449,2,1,1,156.074966430664,0,156.388410780165,,,4.92687894721738E-5,2.43904333606494E-6,4.93377784968165E-5,2.43918397390153E-6,0.90198427438736,0.916657030582428,20.6566123962402,,30,4,200,-2.53440612141276E-5,0.240472495555878,0.482523739337921,1,,,,,,,,,,,,,,,,
,3952678626.98846,155.315551757813,999.966186523437,,,6,,,,20.8460979982222,,,1,,,,,,,,,,,,,,,,,,,,,,155.094604492187,155.582443237305,999.966186523437,999.966186523437,,,6.61963081359863,,1,0,0,0,0.0141143798828125,30.7917900085449,2,1,1,155.04866027832,0,155.353602091471,,,4.99002994485538E-5,2.46792946142402E-6,4.99634578637168E-5,2.46805155379705E-6,0.912263453006744,0.927318274974823,20.6603927612305,4.54537057876587,30,4,200,-0.000179510097950697,0.233363464474678,0.476260513067246,1,,,,,,,,,,,,,,,,
,3952678637.13121,154.735946655273,999.966186523437,,,6,,,,20.8460979982222,,,1,,,,,,,,,,,,,,,,,,,,,,154.496047973633,155.012924194336,999.966186523437,999.966186523437,,,6.61748266220093,,1,0,0,0,0.0141143798828125,31.2805480957031,2,1,1,154.458969116211,0,154.776835123698,,,4.9786800923077E-5,2.4640534819076E-6,4.98463041986234E-5,2.46416545593487E-6,0.90461939573288,0.917430400848389,20.6657485961914,0.187405124306679,30,4,200,-3.08956186927389E-5,0.233758568763733,0.478109955787659,1,,,,,,,,,,,,,,,,
,3952678655.55437,153.661643981934,999.966186523437,,,6,,,,20.8403879683591,,,1,,,,,,,,,,,,,,,,,,,,,,153.364334106445,153.98779296875,999.966186523437,999.966186523437,,,6.6138858795166,,1,0,0,0,0.0141143798828125,30.7917900085449,2,1,1,153.335494995117,0,153.711502075195,,,5.02522048541676E-5,2.48573236144581E-6,5.03111595251858E-5,2.48585006320259E-6,0.910460472106934,0.923956751823425,20.661771774292,0,30,4,200,-8.94624754437245E-5,0.228058785200119,0.473522901535034,1,,,,,,,,,,,,,,,,
,3952678665.19477,153.08081817627,999.966186523437,,,6,,,,20.8403879683591,,,1,,,,,,,,,,,,,,,,,,,,,,152.877166748047,153.335494995117,999.966186523437,999.966186523437,,,6.61209011077881,,1,0,0,0,0.0128173828125,32.2580642700195,2,1,1,152.826141357422,0,153.107255723741,,,5.03405068843464E-5,2.4909975114741E-6,5.04118609500229E-5,2.49113722315133E-6,0.906560063362122,0.922344148159027,20.6437244415283,0,30,4,200,0.000142717457492836,0.226231440901756,0.471771568059921,1,,,,,,,,,,,,,,,,
,3952678683.69375,152.057983398438,999.966186523437,,,6,,,,20.8348717583968,,,1,,,,,,,,,,,,,,,,,,,,,,151.844573974609,152.32844543457,999.966186523437,999.966186523437,,,6.60778379440308,,1,0,0,0,0.0128173828125,31.2805480957031,2,1,1,151.787521362305,0,152.098102145725,,,5.08376482048296E-5,2.51404513871909E-6,5.08947563792553E-5,2.51415255338342E-6,0.913357853889465,0.926782667636871,20.6598796844482,0,30,4,200,-0.000290883239358664,0.219854801893234,0.467729508876801,1,,,,,,,,,,,,,,,,
,3952678693.44911,151.441505432129,999.966186523437,,,6,,,,20.8348717583968,,,1,,,,,,,,,,,,,,,,,,,,,,151.155410766602,151.775360107422,999.966186523437,999.966186523437,,,6.60612630844116,,1,0,0,0,0.0128173828125,30.7917900085449,2,1,1,151.107650756836,0,151.484554714627,,,5.08144516085421E-5,2.51435046381024E-6,5.0879423682629E-5,2.51448109243737E-6,0.906978487968445,0.92113596200943,20.6484107971191,5.33729362487793,30,4,200,0.000196817956748418,0.219278559088707,0.467596471309662,1,,,,,,,,,,,,,,,,
,3952678711.68155,150.321060180664,999.966186523437,,,6,,,,20.829097680103,,,1,,,,,,,,,,,,,,,,,,,,,,150.036804199219,150.628662109375,999.966186523437,999.966186523437,,,6.60196828842163,,1,0,0,0,0.0128173828125,30.7917900085449,2,1,1,150.013458251953,0,150.334296332465,,,5.16988641283876E-5,2.55536259318462E-6,5.17627622389846E-5,2.55547783624563E-6,0.919260442256927,0.935568988323212,20.6450824737549,0.113999627530575,30,4,200,-0.000429071602411568,0.208788320422173,0.457602351903915,1,,,,,,,,,,,,,,,,
,3952678721.64962,149.71248626709,999.966186523437,,,6,,,,20.829097680103,,,1,,,,,,,,,,,,,,,,,,,,,,149.422485351562,150.002487182617,999.966186523437,999.966186523437,,,6.59950399398804,,1,0,0,0,0,30.7917900085449,2,1,1,149.422485351562,0,149.737991333008,,,5.15115514119289E-5,2.54837493868304E-6,5.15807479238283E-5,2.54850332448709E-6,0.908958971500397,0.924352824687958,20.6375961303711,4.59840994153637E-5,30,4,200,0.000364167266525328,0.208806946873665,0.459682375192642,1,,,,,,,,,,,,,,,,
,3952678740.67975,148.5986328125,999.966186523437,,,6,,,,20.8234004470784,,,1,,,,,,,,,,,,,,,,,,,,,,148.317459106445,148.911193847656,999.966186523437,999.966186523437,,,6.59601593017578,,1,0,0,0,0.0141143798828125,30.7917900085449,2,1,1,148.286071777344,0,148.645885891385,,,5.23046220841919E-5,2.58434318298726E-6,5.23650196843725E-5,2.58446337321663E-6,0.923974394798279,0.940207481384277,20.6458930969238,0,30,4,200,-0.000617052195593715,0.201390191912651,0.451684087514877,1,,,,,,,,,,,,,,,,
,3952678750.33791,148.002227783203,999.966186523437,,,6,,,,20.8234004470784,,,1,,,,,,,,,,,,,,,,,,,,,,147.794662475586,148.286071777344,999.966186523437,999.966186523437,,,6.59334754943848,,1,0,0,0,0.0141143798828125,30.7917900085449,2,1,1,147.718383789062,0,148.058715820313,,,5.23508952936955E-5,2.59131832955583E-6,5.24400669097017E-5,2.59150474264886E-6,0.903175890445709,0.92164009809494,20.6081829071045,,30,4,200,0.000735557696316391,0.200737565755844,0.456398338079453,1,,,,,,,,,,,,,,,,
,3952678768.96265,146.858985900879,999.966186523437,,,6,,,,20.8175409884666,,,1,,,,,,,,,,,,,,,,,,,,,,146.590408325195,147.145767211914,999.966186523437,999.966186523437,,,6.58951044082642,,1,0,0,0,0.0141143798828125,30.7917900085449,2,1,1,146.572204589844,0,146.883677164714,,,5.27186249686707E-5,2.60599929252523E-6,5.27801919838322E-5,2.60612515203328E-6,0.91817319393158,0.933139085769653,20.639253616333,0,30,4,200,-0.000258030078839511,0.192307129502296,0.446884512901306,1,,,,,,,,,,,,,,,,
,3952678778.70094,146.283592224121,999.966186523437,,,6,,,,20.8175409884666,,,1,,,,,,,,,,,,,,,,,,,,,,146.041290283203,146.560333251953,999.966186523437,999.966186523437,,,6.5873532295227,,1,0,0,0,0.0141143798828125,30.7917900085449,2,1,1,146.006851196289,0,146.293713039822,,,5.28277003493681E-5,2.61163354208828E-6,5.28888193389492E-5,2.61175026958501E-6,0.917053937911987,0.931664645671844,20.6399173736572,2.42374181747437,30,4,200,-7.73750434746034E-5,0.191469877958298,0.44680517911911,1,,,,,,,,,,,,,,,,
,3952678796.92903,145.244468688965,999.966186523437,,,6,,,,20.8118304898678,,,1,,,,,,,,,,,,,,,,,,,,,,145.004028320313,145.524673461914,999.966186523437,999.966186523437,,,6.58383464813232,,1,0,0,0,0.0141143798828125,30.7917900085449,2,1,1,144.964263916016,0,145.278484768338,,,5.3325034665956E-5,2.63576763403354E-6,5.33863156490902E-5,2.63589036376828E-6,0.919139206409454,0.934071958065033,20.6349449157715,0.0832247957587242,30,4,200,-0.000145107042044401,0.184416934847832,0.441869407892227,1,,,,,,,,,,,,,,,,
,3952678806.91208,144.623565673828,999.966186523437,,,6,,,,20.8118304898678,,,1,,,,,,,,,,,,,,,,,,,,,,144.351028442383,144.964263916016,999.966186523437,999.966186523437,,,6.58145952224731,,1,0,0,0,0.0141143798828125,30.7917900085449,2,1,1,144.282867431641,0,144.650549994575,,,5.34122848737204E-5,2.64048667721844E-6,5.34728500424843E-5,2.64061143292597E-6,0.917269825935364,0.931554794311523,20.6363086700439,4.91978607897181E-5,30,4,200,-3.65708510798868E-5,0.183711662888527,0.441669374704361,1,,,,,,,,,,,,,,,,
,3952678825.75636,143.53099822998,999.966186523437,,,6,,,,20.8062541993177,,,1,,,,,,,,,,,,,,,,,,,,,,143.295822143555,143.796737670898,999.966186523437,999.966186523437,,,6.57792663574219,,1,0,0,0,0.0141143798828125,30.7917900085449,2,1,1,143.265258789062,0,143.549201117622,,,5.39328211884521E-5,2.66542125494572E-6,5.39921225617574E-5,2.66553400458676E-6,0.920947313308716,0.935602486133575,20.6330623626709,0,30,4,200,-0.000214522384339944,0.178026989102364,0.438249588012695,1,,,,,,,,,,,,,,,,
,3952678835.52976,142.997406005859,999.966186523437,,,6,,,,20.8062541993177,,,1,,,,,,,,,,,,,,,,,,,,,,142.729553222656,143.265258789062,999.966186523437,999.966186523437,,,6.57547235488892,,1,0,0,0,0.0141143798828125,30.7917900085449,2,1,1,142.729553222656,0,143.004740905762,,,5.39501252774081E-5,2.66717160681134E-6,5.40125647443222E-5,2.66729342294687E-6,0.916833400726318,0.931388258934021,20.6286544799805,0.00022599715157412,30,4,200,-8.51226900522306E-7,0.177034974098206,0.437944561243057,1,,,,,,,,,,,,,,,,
,3952678853.95035,141.896003723145,999.966186523437,,,6,,,,20.8007153882286,,,1,,,,,,,,,,,,,,,,,,,,,,141.677047729492,142.172088623047,999.966186523437,999.966186523437,,,6.57146167755127,,1,0,0,0,0.014190673828125,30.7917900085449,2,1,1,141.619918823242,0,141.917129516602,,,5.45152808026337E-5,2.69433345767642E-6,5.45759835391557E-5,2.69445288445835E-6,0.920360326766968,0.935064256191254,20.626501083374,0,30,4,200,-0.000191931976587512,0.170953258872032,0.433487206697464,1,,,,,,,,,,,,,,,,
,3952678863.62509,141.302749633789,999.966186523437,,,6,,,,20.8007153882286,,,1,,,,,,,,,,,,,,,,,,,,,,141.041229248047,141.599075317383,999.966186523437,999.966186523437,,,6.56990528106689,,1,0,0,0,0.0141143798828125,30.7917900085449,2,1,1,141.006423950195,0,141.350111219618,,,5.45611199663102E-5,2.69738846834257E-6,5.4624494600206E-5,2.69752158276569E-6,0.916790544986725,0.93134343624115,20.6231002807617,0,30,4,200,9.43417981034145E-5,0.170123845338821,0.43374502658844,1,,,,,,,,,,,,,,,,
,3952678881.8926,140.287910461426,999.966186523437,,,6,,,,20.7952284858116,,,1,,,,,,,,,,,,,,,,,,,,,,140.048568725586,140.560516357422,999.966186523437,999.966186523437,,,6.56539964675903,,1,0,0,0,0,30.7917900085449,2,1,1,140.01530456543,0,140.329398261176,,,5.513726641693E-5,2.72478106776589E-6,5.51982654914788E-5,2.72490195070504E-6,0.921710729598999,0.936617851257324,20.6216259002686,4.54110383987427,30,4,200,-0.000228207281907089,0.163810521364212,0.429672837257385,1,,,,,,,,,,,,,,,,
,3952678891.85251,139.702629089355,999.966186523437,,,6,,,,20.7952284858116,,,1,,,,,,,,,,,,,,,,,,,,,,139.412399291992,140.01530456543,999.966186523437,999.966186523437,,,6.5635814666748,,1,0,0,0,0,30.7917900085449,2,1,1,139.389953613281,0,139.726147460938,,,5.52012222113956E-5,2.72854395264954E-6,5.52625193284902E-5,2.72865536242289E-6,0.918956279754639,0.933352470397949,20.6210498809814,0,30,4,200,1.0356115126342E-5,0.163217335939407,0.429557710886002,1,,,,,,,,,,,,,,,,
,3952678910.68657,138.614334106445,999.966186523437,,,6,,,,20.7897241593011,,,1,,,,,,,,,,,,,,,,,,,,,,138.345764160156,138.899215698242,999.966186523437,999.966186523437,,,6.55896377563477,,1,0,0,0,0.0141143798828125,30.7917900085449,2,1,1,138.329452514648,0,138.620376586914,,,5.5754670396709E-5,2.75518380436733E-6,5.58147867766626E-5,2.75529841161235E-6,0.922210454940796,0.936837494373321,20.618257522583,,30,4,200,-0.000261908338870853,0.156312316656113,0.425608396530151,1,,,,,,,,,,,,,,,,
,3952678920.42783,138.056983947754,999.966186523437,,,6,,,,20.7897241593011,,,1,,,,,,,,,,,,,,,,,,,,,,137.854293823242,138.318817138672,999.966186523437,999.966186523437,,,6.55692005157471,,1,0,0,0,0.0128173828125,30.7917900085449,2,1,1,137.795150756836,0,138.097835964627,,,5.61546803473536E-5,2.77593333351854E-6,5.62193946285092E-5,2.77606498119095E-6,0.917813658714294,0.932484030723572,20.6123657226562,0,30,4,200,0.000210487662116066,0.154611483216286,0.425712168216705,1,,,,,,,,,,,,,,,,
,3952678939.03556,136.957611083984,999.966186523437,,,6,,,,20.7843403437967,,,1,,,,,,,,,,,,,,,,,,,,,,136.65641784668,137.276916503906,999.966186523437,999.966186523437,,,6.55279970169067,,1,0,0,0,0,30.7917900085449,2,1,1,136.638305664062,0,136.963267008464,,,5.6430952763853E-5,2.78853317834715E-6,5.64937118085206E-5,2.7886585899436E-6,0.922533929347992,0.93772292137146,20.6102924346924,0,30,4,200,-0.000237598578678444,0.148832783102989,0.420132488012314,1,,,,,,,,,,,,,,,,
,3952678948.71223,136.368621826172,999.966186523437,,,6,,,,20.7843403437967,,,1,,,,,,,,,,,,,,,,,,,,,,136.157379150391,136.628036499023,999.966186523437,999.966186523437,,,6.55112838745117,,1,0,0,0,0.0128173828125,30.7917900085449,2,1,1,136.10920715332,0,136.419738769531,,,5.64596668776331E-5,2.7906060062232E-6,5.65232474195137E-5,2.79073420501986E-6,0.919586181640625,0.934281468391418,20.6092987060547,5.34292507171631,30,4,200,9.26056327443803E-6,0.148433208465576,0.420271009206772,1,,,,,,,,,,,,,,,,
,3952678966.912,135.340469360352,999.966186523437,,,6,,,,20.7789255466662,,,1,,,,,,,,,,,,,,,,,,,,,,135.112152099609,135.604751586914,999.966186523437,999.966186523437,,,6.5467643737793,,1,0,0,0,0.0141143798828125,30.3030319213867,2,1,1,135.076187133789,0,135.386299981011,,,5.70460645015139E-5,2.81880131251584E-6,5.71124216004281E-5,2.8189254547199E-6,0.92311680316925,0.93929785490036,20.6005821228027,4.5387864112854,30,4,200,-0.000265386828687042,0.141865700483322,0.416214168071747,1,,,,,,,,,,,,,,,,
,3952678976.87101,134.763229370117,999.966186523437,,,6,,,,20.7789255466662,,,1,,,,,,,,,,,,,,,,,,,,,,134.468811035156,135.076187133789,999.966186523437,999.966186523437,,,6.54477787017822,,1,0,0,0,0,30.7917900085449,2,1,1,134.450271606445,0,134.795443725586,,,5.71522751148209E-5,2.82393197914896E-6,5.72145968356856E-5,2.82404364881648E-6,0.923654735088348,0.938860595226288,20.6062984466553,0,30,4,200,3.16740879497956E-5,0.143320322036743,0.417715013027191,1,,,,,,,,,,,,,,,,
,3952678995.63867,133.643829345703,999.966186523437,,,6,,,,20.7735042944716,,,1,,,,,,,,,,,,,,,,,,,,,,133.412887573242,133.905014038086,999.966186523437,999.966186523437,,,6.54020547866821,,1,0,0,0,0,30.7917900085449,2,1,1,133.38264465332,0,133.680887858073,,,5.79404127883328E-5,2.86449103475221E-6,5.80107550744849E-5,2.86463608835178E-6,0.916631937026978,0.931894481182098,20.591667175293,0,30,4,200,-0.000392272835597396,0.135534882545471,0.416034609079361,1,,,,,,,,,,,,,,,,
,3952679005.3373,133.093711853027,999.966186523437,,,6,,,,20.7735042944716,,,1,,,,,,,,,,,,,,,,,,,,,,132.842163085938,133.38264465332,999.966186523437,999.966186523437,,,6.53818368911743,,1,0,0,0,0.0141143798828125,29.8142719268799,2,1,1,132.804779052734,0,133.132083468967,,,5.78246420660983E-5,2.8575531475746E-6,5.78886293613864E-5,2.85767822589374E-6,0.921860337257385,0.936816573143005,20.5998573303223,0,30,4,200,-2.62012654275168E-5,0.134000822901726,0.412258327007294,1,,,,,,,,,,,,,,,,
,3952679023.86361,132.058578491211,999.966186523437,,,6,,,,20.7681660669169,,,1,,,,,,,,,,,,,,,,,,,,,,131.78352355957,132.333633422852,999.966186523437,999.966186523437,,,6.53375244140625,,1,0,0,0,0.0141143798828125,30.7917900085449,2,1,1,131.78352355957,0,132.082307603624,,,5.840090868436E-5,2.88592447637038E-6,5.8464783231907E-5,2.88604538451848E-6,0.92232871055603,0.937223792076111,20.5953960418701,0,30,4,200,-0.000281430955510586,0.128124222159386,0.409125506877899,1,,,,,,,,,,,,,,,,
,3952679033.56526,131.477241516113,999.966186523437,,,6,,,,20.7681660669169,,,1,,,,,,,,,,,,,,,,,,,,,,131.221160888672,131.76887512207,999.966186523437,999.966186523437,,,6.53182363510132,,1,0,0,0,0,30.7917900085449,2,1,1,131.185607910156,0,131.503750271267,,,5.84958600204566E-5,2.89088791248182E-6,5.85607180572448E-5,2.89100500370755E-6,0.921138405799866,0.936008810997009,20.5940799713135,,30,4,200,0.000133269524667412,0.12726254761219,0.408234179019928,1,,,,,,,,,,,,,,,,
,3952679051.75135,130.404487609863,999.966186523437,,,6,,,,20.7628073578623,,,1,,,,,,,,,,,,,,,,,,,,,,130.129135131836,130.708312988281,999.966186523437,999.966186523437,,,6.52735567092895,,1,0,0,0,0,30.7917900085449,2,1,1,130.100662231445,0,130.418051825629,,,5.90821569417942E-5,2.9188911716679E-6,5.91447120665048E-5,2.91902078561894E-6,0.925450265407562,0.940508425235748,20.5931186676025,0,30,4,200,-0.00025487580569461,0.120796374976635,0.404474079608917,1,,,,,,,,,,,,,,,,
,3952679061.74774,129.817268371582,999.966186523437,,,6,,,,20.7628073578623,,,1,,,,,,,,,,,,,,,,,,,,,,129.533874511719,130.100662231445,999.966186523437,999.966186523437,,,6.5253701210022,,1,0,0,0,0,30.7917900085449,2,1,1,129.533874511719,0,129.845112609863,,,5.9111624861793E-5,2.92127959248546E-6,5.91766495176486E-5,2.92141214854438E-6,0.921309232711792,0.936008036136627,20.5898323059082,4.29964238719549E-5,30,4,200,4.0343187720282E-5,0.119758859276772,0.404573887586594,1,,,,,,,,,,,,,,,,
,3952679080.78306,128.720375061035,999.966186523437,,,6,,,,20.7575071065516,,,1,,,,,,,,,,,,,,,,,,,,,,128.477584838867,128.997253417969,999.966186523437,999.966186523437,,,6.5209469795227,,1,0,0,0,0.014190673828125,30.3030319213867,2,1,1,128.443496704102,0,128.755055745443,,,5.98997726312752E-5,2.95907998840377E-6,5.9966759073547E-5,2.95920685810194E-6,0.926379203796387,0.942730903625488,20.582670211792,2.68740154751868E-6,30,4,200,-0.00046268742880784,0.112903639674187,0.399933278560638,1,,,,,,,,,,,,,,,,
,3952679090.51227,128.149215698242,999.966186523437,,,6,,,,20.7575071065516,,,1,,,,,,,,,,,,,,,,,,,,,,127.915702819824,128.443496704102,999.966186523437,999.966186523437,,,6.5187292098999,,1,0,0,0,0.0128173828125,30.7917900085449,2,1,1,127.844581604004,0,128.20467376709,,,5.99757477143057E-5,2.96338042710055E-6,6.00428003595904E-5,2.96351099109331E-6,0.923924088478088,0.939576089382172,20.5829601287842,0,30,4,200,-8.89645743882284E-5,0.111134938895702,0.399674952030182,1,,,,,,,,,,,,,,,,
,3952679108.95132,127.102691650391,999.966186523437,,,6,,,,20.7521031095449,,,1,,,,,,,,,,,,,,,,,,,,,,126.840026855469,127.365356445313,999.966186523437,999.966186523437,,,6.51425790786743,,1,0,0,0,0.0141143798828125,30.7917900085449,2,1,1,126.840026855469,0,127.100073072645,,,6.06401216641622E-5,2.99552025658115E-6,6.07047879159546E-5,2.99565456085768E-6,0.926983535289764,0.942569732666016,20.5817947387695,0,30,4,200,-0.000468108570203185,0.103567585349083,0.394285261631012,1,,,,,,,,,,,,,,,,
,3952679118.65831,126.497039794922,999.966186523437,,,6,,,,20.7521031095449,,,1,,,,,,,,,,,,,,,,,,,,,,126.229354858398,126.81103515625,999.966186523437,999.966186523437,,,6.51179933547974,,1,0,0,0,0,30.7917900085449,2,1,1,126.183044433594,0,126.529975043403,,,6.07518898895317E-5,3.00131152019086E-6,6.08169315612008E-5,3.00144700881894E-6,0.925768673419952,0.941095888614655,20.5815315246582,0,30,4,200,-0.000289810675894842,0.102737188339233,0.394861668348312,1,,,,,,,,,,,,,,,,
,3952679137.44529,125.356735229492,999.966186523437,,,6,,,,20.7468439224142,,,1,,,,,,,,,,,,,,,,,,,,,,125.057586669922,125.675231933594,999.966186523437,999.966186523437,,,6.50752305984497,,1,0,0,0,0.0141143798828125,30.7917900085449,2,1,1,125.038238525391,0,125.40404510498,,,6.15245708840425E-5,3.03848101745531E-6,6.15881591966194E-5,3.03860567470525E-6,0.930326819419861,0.946352541446686,20.5789318084717,0,30,4,200,-0.000646245141979307,0.0959019213914871,0.39047309756279,1,,,,,,,,,,,,,,,,
,3952679147.62661,124.750347137451,999.966186523437,,,6,,,,20.7468439224142,,,1,,,,,,,,,,,,,,,,,,,,,,124.487022399902,125.038238525391,999.966186523437,999.966186523437,,,6.50568675994873,,1,0,0,0,0.0141143798828125,30.7917900085449,2,1,1,124.462455749512,0,124.782958984375,,,6.10803037566819E-5,3.0175534636728E-6,6.11418673449843E-5,3.01767505836201E-6,0.925692558288574,0.94003176689148,20.5814094543457,4.53667402267456,30,4,200,-2.56186503975186E-5,0.0951948463916779,0.388541668653488,1,,,,,,,,,,,,,,,,
,3952679166.09183,123.682888031006,999.966186523437,,,6,,,,20.7415403508213,,,1,,,,,,,,,,,,,,,,,,,,,,123.422370910645,123.991233825684,999.966186523437,999.966186523437,,,6.50077724456787,,1,0,0,0,0.0141143798828125,30.3030319213867,2,1,1,123.374542236328,0,123.721304151747,,,6.21456199031052E-5,3.06945841896576E-6,6.22095118344687E-5,3.06959117852427E-6,0.92892336845398,0.94440084695816,20.574348449707,0,30,4,200,-0.000346790533512831,0.0864733159542084,0.38419696688652,1,,,,,,,,,,,,,,,,
,3952679175.81783,123.108631134033,999.966186523437,,,6,,,,20.7415403508213,,,1,,,,,,,,,,,,,,,,,,,,,,122.863327026367,123.368911743164,999.966186523437,999.966186523437,,,6.49834871292114,,1,0,0,0,0.0141143798828125,30.7917900085449,2,1,1,122.848350524902,0,123.112380133735,,,6.23244811139996E-5,3.07854124070565E-6,6.23893410461124E-5,3.07867471241535E-6,0.927796900272369,0.943183362483978,20.5733203887939,4.2522010517132E-6,30,4,200,-0.000190342485439032,0.0845009163022041,0.383791297674179,1,,,,,,,,,,,,,,,,
,3952679194.02253,122.091136932373,999.966186523437,,,6,,,,20.7364145425585,,,1,,,,,,,,,,,,,,,,,,,,,,121.826103210449,122.36784362793,999.966186523437,999.966186523437,,,6.4940185546875,,1,0,0,0,0.014190673828125,31.7693061828613,2,1,1,121.814430236816,0,122.116561889648,,,6.2909444846038E-5,3.1072263711518E-6,6.29740552957475E-5,3.10735153190131E-6,0.9287348985672,0.944193840026855,20.5690593719482,2.05554169951938E-5,30,4,200,-0.000251611811108887,0.0793362036347389,0.380619645118713,1,,,,,,,,,,,,,,,,
,3952679203.68817,121.524738311768,999.966186523437,,,6,,,,20.7364145425585,,,1,,,,,,,,,,,,,,,,,,,,,,121.27579498291,121.814430236816,999.966186523437,999.966186523437,,,6.49187326431274,,1,0,0,0,0.0128173828125,31.2805480957031,2,1,1,121.235046386719,0,121.552185058594,,,6.30267703085231E-5,3.11329734152697E-6,6.309311475425E-5,3.11343196508579E-6,0.927507400512695,0.943025767803192,20.5671806335449,5.34604120254517,30,4,200,-0.000127115330542438,0.0785499885678291,0.380433827638626,1,,,,,,,,,,,,,,,,
,3952679221.89113,120.481147766113,999.966186523437,,,6,,,,20.7313997317796,,,1,,,,,,,,,,,,,,,,,,,,,,120.23314666748,120.766212463379,999.966186523437,999.966186523437,,,6.48727893829346,,1,0,0,0,0,30.7917900085449,2,1,1,120.196083068848,0,120.501779344347,,,6.36659696691909E-5,3.14449736806716E-6,6.37313011700906E-5,3.1446370191847E-6,0.929158389568329,0.944646418094635,20.5644664764404,0,30,4,200,-0.000292828131932765,0.0727528408169746,0.377307564020157,1,,,,,,,,,,,,,,,,
,3952679231.86647,119.89245223999,999.966186523437,,,6,,,,20.7313997317796,,,1,,,,,,,,,,,,,,,,,,,,,,119.61328125,120.196083068848,999.966186523437,999.966186523437,,,6.4852557182312,,1,0,0,0,0.0141143798828125,30.7917900085449,2,1,1,119.588821411133,0,119.908148193359,,,6.39011049669408E-5,3.1559860230672E-6,6.39680519836862E-5,3.15612441182172E-6,0.929717063903809,0.945768415927887,20.5626029968262,,30,4,200,-0.000294311670586467,0.0718521550297737,0.377943187952042,1,,,,,,,,,,,,,,,,
,3952679250.61967,118.755981445313,999.966186523437,,,6,,,,20.7263249112648,,,1,,,,,,,,,,,,,,,,,,,,,,118.506507873535,119.024833679199,999.966186523437,999.966186523437,,,6.48047733306885,,1,0,0,0,0,30.7917900085449,2,1,1,118.487129211426,0,118.772448221842,,,6.45552192159191E-5,3.18796493623767E-6,6.46201369108544E-5,3.18808861025678E-6,0.931187272071838,0.946991920471191,20.560661315918,0,30,4,200,-0.000277192739304155,0.0675031766295433,0.37589430809021,1,,,,,,,,,,,,,,,,
,3952679260.28967,118.224555969238,999.966186523437,,,6,,,,20.7263249112648,,,1,,,,,,,,,,,,,,,,,,,,,,118.011512756348,118.487129211426,999.966186523437,999.966186523437,,,6.47811412811279,,1,0,0,0,0.0128173828125,30.7917900085449,2,1,1,117.961982727051,0,118.252354092068,,,6.4685848536615E-5,3.19495300256952E-6,6.47547771825313E-5,3.19508564661471E-6,0.928793847560883,0.944940090179443,20.5557880401611,5.34668588638306,30,4,200,-0.000225251395022497,0.0641852393746376,0.373748570680618,1,,,,,,,,,,,,,,,,
,3952679270.52202,117.626495361328,999.966186523437,,,6,,,,20.7263249112648,,,1,,,,,,,,,,,,,,,,,,,,,,117.305595397949,117.947395324707,999.966186523437,999.966186523437,,,6.4748797416687,,1,0,0,0,0.0141143798828125,30.3030319213867,2,1,1,117.305595397949,0,117.658930969238,,,6.50632321316893E-5,3.21282881012579E-6,6.51297726641231E-5,3.21295688147055E-6,0.932193756103516,0.948617577552795,20.5592803955078,0,30,4,200,-0.000334099604515359,0.0653248205780983,0.375739276409149,1,,,,,,,,,,,,,,,,
,3952679289.72024,116.519023895264,999.966186523437,,,6,,,,20.7195466129938,,,1,,,,,,,,,,,,,,,,,,,,,,116.245567321777,116.819450378418,999.966186523437,999.966186523437,,,6.47044038772583,,1,0,0,0,0,31.2805480957031,2,1,1,116.218597412109,0,116.540942721897,,,6.56819630813365E-5,3.24372033651264E-6,6.5749056661649E-5,3.24385255788978E-6,0.93067592382431,0.946587324142456,20.552698135376,0,30,4,200,-0.000371552625438198,0.0583045296370983,0.372265070676804,1,,,,,,,,,,,,,,,,
,3952679299.4339,115.93843460083,999.966186523437,,,6,,,,20.7195466129938,,,1,,,,,,,,,,,,,,,,,,,,,,115.658271789551,116.218597412109,999.966186523437,999.966186523437,,,6.46836614608765,,1,0,0,0,0.0141143798828125,30.7917900085449,2,1,1,115.658271789551,0,115.969165039062,,,6.58306311809054E-5,3.25120049035324E-6,6.58978169044946E-5,3.25132885678564E-6,0.930075764656067,0.945815920829773,20.5526790618896,4.01487486669794E-5,30,4,200,-0.000194743435713463,0.0580999180674553,0.372785806655884,1,,,,,,,,,,,,,,,,
,3952679318.31555,114.906799316406,999.966186523437,,,6,,,,20.7145196051505,,,1,,,,,,,,,,,,,,,,,,,,,,114.661041259766,115.183471679688,999.966186523437,999.966186523437,,,6.46345853805542,,1,0,0,0,0.0141143798828125,30.7917900085449,2,1,1,114.630126953125,0,114.911854214138,,,6.65697355948973E-5,3.28711519452498E-6,6.66358924082608E-5,3.28724515545889E-6,0.932667195796967,0.948687195777893,20.5499038696289,0,30,4,200,-0.000442503311205655,0.0523719117045402,0.370149940252304,1,,,,,,,,,,,,,,,,
,3952679328.31929,114.311466217041,999.966186523437,,,6,,,,20.7145196051505,,,1,,,,,,,,,,,,,,,,,,,,,,114.004432678223,114.630126953125,999.966186523437,999.966186523437,,,6.46105670928955,,1,0,0,0,0.0141143798828125,30.7917900085449,2,1,1,113.992805480957,0,114.313430786133,,,6.67417561774341E-5,3.29616291910456E-6,6.68133593909544E-5,3.29630770316247E-6,0.930228650569916,0.946903228759766,20.5436000823975,,30,4,200,-0.00012006530596409,0.0516692288219929,0.371264964342117,1,,,,,,,,,,,,,,,,
,3952679338.29818,113.730361938477,999.966186523437,,,6,,,,20.7145196051505,,,1,,,,,,,,,,,,,,,,,,,,,,113.507118225098,113.992805480957,999.966186523437,999.966186523437,,,6.45828104019165,,1,0,0,0,0.0128173828125,30.3030319213867,2,1,1,113.467918395996,0,113.76782989502,,,6.69982343159636E-5,3.30884536764033E-6,6.7068102184222E-5,3.30897618011749E-6,0.930162966251373,0.946339190006256,20.5457935333252,0,30,4,200,-9.83260324574076E-5,0.0509559325873852,0.37132403254509,1,,,,,,,,,,,,,,,,
,3952679356.86991,112.682434082031,999.966186523437,,,6,,,,20.7078426510042,,,1,,,,,,,,,,,,,,,,,,,,,,112.460113525391,112.970756530762,999.966186523437,999.966186523437,,,6.45370674133301,,1,0,0,0,0.0141143798828125,30.7917900085449,2,1,1,112.394111633301,0,112.743084377713,,,6.77597943400128E-5,3.34598560574953E-6,6.78280798213157E-5,3.34611714054168E-6,0.932195127010345,0.948340952396393,20.5420188903809,0.0939152762293816,30,4,200,-0.000327655288856477,0.0443703532218933,0.367924332618713,1,,,,,,,,,,,,,,,,
,3952679366.66515,112.088180541992,999.966186523437,,,6,,,,20.7078426510042,,,1,,,,,,,,,,,,,,,,,,,,,,111.832405090332,112.377967834473,999.966186523437,999.966186523437,,,6.45137405395508,,1,0,0,0,0.0141143798828125,30.7917900085449,2,1,1,111.798393249512,0,112.132429334852,,,6.7952595436007E-5,3.35547523628303E-6,6.80213750091984E-5,3.35561309679828E-6,0.932331502437592,0.948571503162384,20.5418186187744,,30,4,200,-0.000244181224843487,0.0444105714559555,0.369199901819229,1,,,,,,,,,,,,,,,,
,3952679376.58262,111.485668182373,999.966186523437,,,6,,,,20.7078426510042,,,1,,,,,,,,,,,,,,,,,,,,,,111.191543579102,111.798393249512,999.966186523437,999.966186523437,,,6.44856357574463,,1,0,0,0,0.0141143798828125,30.7917900085449,2,1,1,111.172943115234,0,111.520561218262,,,6.82520740663665E-5,3.3703947415425E-6,6.83239738450697E-5,3.37052924042851E-6,0.931760191917419,0.948637664318085,20.5382633209229,,30,4,200,-0.000173041902598925,0.0434768237173557,0.369172841310501,1,,,,,,,,,,,,,,,,
,3952679395.46955,110.429176330566,999.966186523437,,,6,,,,20.7012585031221,,,1,,,,,,,,,,,,,,,,,,,,,,110.199272155762,110.706665039062,999.966186523437,999.966186523437,,,6.44332218170166,,1,0,0,0,0.0128173828125,30.3030319213867,2,1,1,110.15168762207,0,110.447681850857,,,6.9057569922828E-5,3.40956687280384E-6,6.91262584276819E-5,3.40970540618841E-6,0.934392988681793,0.950973331928253,20.5366554260254,4.53173875808716,30,4,200,-0.000493088446091861,0.0367874503135681,0.365918219089508,1,,,,,,,,,,,,,,,,
,3952679405.17256,109.838981628418,999.966186523437,,,6,,,,20.7012585031221,,,1,,,,,,,,,,,,,,,,,,,,,,109.605171203613,110.140029907227,999.966186523437,999.966186523437,,,6.44153928756714,,1,0,0,0,0.000152587890625,30.3030319213867,2,1,1,109.537933349609,0,109.889555189345,,,6.9199632966058E-5,3.41709276365421E-6,6.92707110882486E-5,3.41724322725284E-6,0.932158350944519,0.948575913906097,20.5341815948486,0.0948637947440147,30,4,200,-0.000331230636220425,0.032751876860857,0.36352014541626,1,,,,,,,,,,,,,,,,
,3952679414.8938,109.241374969482,999.966186523437,,,6,,,,20.7012585031221,,,1,,,,,,,,,,,,,,,,,,,,,,108.986183166504,109.529022216797,999.966186523437,999.966186523437,,,6.43844509124756,,1,0,0,0,0,30.7917900085449,2,1,1,108.953727722168,0,109.270307752821,,,6.95195618431957E-5,3.4326910478086E-6,6.95916426617809E-5,3.43284354847233E-6,0.933022439479828,0.949908316135406,20.5334167480469,0,30,4,200,-0.000300133135169745,0.0330686867237091,0.364814221858978,1,,,,,,,,,,,,,,,,
,3952679433.13806,108.207420349121,999.966186523437,,,6,,,,20.6948935768804,,,1,,,,,,,,,,,,,,,,,,,,,,107.935073852539,108.507537841797,999.966186523437,999.966186523437,,,6.4338059425354,,1,0,0,0,0,30.7917900085449,2,1,1,107.907302856445,0,108.229967753092,,,7.02486399232944E-5,3.46848050441953E-6,7.0319091005584E-5,3.46862387539579E-6,0.933928310871124,0.95050323009491,20.5296535491943,0,30,4,200,-0.000441231124568731,0.0267645604908466,0.362101495265961,1,,,,,,,,,,,,,,,,
,3952679443.15997,107.62544631958,999.966186523437,,,6,,,,20.6948935768804,,,1,,,,,,,,,,,,,,,,,,,,,,107.378440856934,107.907302856445,999.966186523437,999.966186523437,,,6.43152856826782,,1,0,0,0,0,30.7917900085449,2,1,1,107.343589782715,0,107.65456161499,,,7.05563784034207E-5,3.48352190673477E-6,7.06276457725488E-5,3.48366031413274E-6,0.934594810009003,0.951579034328461,20.5288944244385,0,30,4,200,-0.000358823861461133,0.026851924136281,0.36250114440918,1,,,,,,,,,,,,,,,,
,3952679453.08526,107.082172393799,999.966186523437,,,6,,,,20.6948935768804,,,1,,,,,,,,,,,,,,,,,,,,,,106.863258361816,107.343589782715,999.966186523437,999.966186523437,,,6.42848205566406,,1,0,0,0,0.0141143798828125,29.8142719268799,2,1,1,106.820755004883,0,107.113066779243,,,7.08175572520056E-5,3.49678724733023E-6,7.08923194535922E-5,3.49693850888447E-6,0.933000445365906,0.950278699398041,20.5252857208252,5.34822082519531,30,4,200,-0.000369847490219399,0.0223509781062603,0.360086023807526,1,,,,,,,,,,,,,,,,
,3952679471.52738,106.040245056152,999.966186523437,,,6,,,,20.6885941020134,,,1,,,,,,,,,,,,,,,,,,,,,,105.785400390625,106.320617675781,999.966186523437,999.966186523437,,,6.42356491088867,,1,0,0,0,0,30.7917900085449,2,1,1,105.742652893066,0,106.061844719781,,,7.15847005941903E-5,3.53447702510952E-6,7.16564894041185E-5,3.53461377561481E-6,0.933803915977478,0.950389504432678,20.5231609344482,0,30,4,200,-0.0004598734958563,0.0165138375014067,0.358116686344147,1,,,,,,,,,,,,,,,,
,3952679481.18477,105.448509216309,999.966186523437,,,6,,,,20.6885941020134,,,1,,,,,,,,,,,,,,,,,,,,,,105.173095703125,105.742652893066,999.966186523437,999.966186523437,,,6.42083740234375,,1,0,0,0,0,30.3030319213867,2,1,1,105.154365539551,0,105.462704128689,,,7.18227552880171E-5,3.54594088617465E-6,7.18943153204758E-5,3.54608371955849E-6,0.935043752193451,0.951891541481018,20.5238456726074,0,30,4,200,-0.00033222368801944,0.0148653145879507,0.357138782739639,1,,,,,,,,,,,,,,,,
,3952679490.80438,104.885707855225,999.966186523437,,,6,,,,20.6885941020134,,,1,,,,,,,,,,,,,,,,,,,,,,104.653106689453,105.154365539551,999.966186523437,999.966186523437,,,6.41788721084595,,1,0,0,0,0,30.7917900085449,2,1,1,104.617050170898,0,104.895220438639,,,7.21101951848154E-5,3.56034142981435E-6,7.21825226807903E-5,3.56047431270536E-6,0.934151172637939,0.950885772705078,20.5230484008789,0,30,4,200,-0.000202326875296421,0.0140290334820747,0.357540726661682,1,,,,,,,,,,,,,,,,
,3952679509.02535,103.839191436768,999.966186523437,,,6,,,,20.6823977811902,,,1,,,,,,,,,,,,,,,,,,,,,,103.582969665527,104.1328125,999.966186523437,999.966186523437,,,6.41278696060181,,1,0,0,0,0,30.7917900085449,2,1,1,103.545570373535,0,103.880764431424,,,7.29144906145287E-5,3.59958604142283E-6,7.29860124314323E-5,3.59972963169672E-6,0.936142981052399,0.953068494796753,20.5188961029053,0,30,4,200,-0.00052883691387251,0.00641541881486774,0.354033052921295,1,,,,,,,,,,,,,,,,
,3952679519.03557,103.248542785645,999.966186523437,,,6,,,,20.6823977811902,,,1,,,,,,,,,,,,,,,,,,,,,,102.977210998535,103.545570373535,999.966186523437,999.966186523437,,,6.41031646728516,,1,0,0,0,0,30.7917900085449,2,1,1,102.951515197754,0,103.27793375651,,,7.32263440939926E-5,3.61489424776285E-6,7.32992316247529E-5,3.61504083953937E-6,0.936517477035522,0.953877806663513,20.5177230834961,0,30,4,200,-0.000376595708075911,0.00602296506986022,0.354236334562302,1,,,,,,,,,,,,,,,,
,3952679528.99764,102.683742523193,999.966186523437,,,6,,,,20.6823977811902,,,1,,,,,,,,,,,,,,,,,,,,,,102.460350036621,102.951515197754,999.966186523437,999.966186523437,,,6.40737056732178,,1,0,0,0,0.0128173828125,30.3030319213867,2,1,1,102.415969848633,0,102.704141404894,,,7.35269358780175E-5,3.63007885113869E-6,7.36014588667364E-5,3.63022147865776E-6,0.935041129589081,0.95226639509201,20.5161056518555,0.135945990681648,30,4,200,-0.00019879084720742,0.00531117152422667,0.355235755443573,1,,,,,,,,,,,,,,,,
,3952679547.54119,101.615303039551,999.966186523437,,,6,,,,20.6761907270782,,,1,,,,,,,,,,,,,,,,,,,,,,101.342178344727,101.888427734375,999.966186523437,999.966186523437,,,6.40252590179443,,1,0,0,0,0,30.7917900085449,2,1,1,101.333686828613,0,101.610444641113,,,7.43091551162132E-5,3.6686940720798E-6,7.43837997246071E-5,3.66884361310281E-6,0.935060679912567,0.95207405090332,20.5107822418213,0.186852127313614,30,4,200,-0.000411249318858609,-0.00222010281868279,0.352106958627701,1,,,,,,,,,,,,,,,,
,3952679557.32048,101.031059265137,999.966186523437,,,6,,,,20.6761907270782,,,1,,,,,,,,,,,,,,,,,,,,,,100.783821105957,101.325180053711,999.966186523437,999.966186523437,,,6.39906311035156,,1,0,0,0,0,30.3030319213867,2,1,1,100.736938476562,0,101.066365559896,,,7.4647344037437E-5,3.68505147346167E-6,7.47222521824942E-5,3.685196434309E-6,0.936481416225433,0.954030156135559,20.5107116699219,0.265541195869446,30,4,200,-0.000360694510163739,-0.0029039669316262,0.35174572467804,1,,,,,,,,,,,,,,,,
,3952679567.26372,100.436790466309,999.966186523437,,,6,,,,20.6761907270782,,,1,,,,,,,,,,,,,,,,,,,,,,100.155937194824,100.736938476562,999.966186523437,999.966186523437,,,6.39676141738892,,1,0,0,0,0,30.7917900085449,2,1,1,100.136642456055,0,100.473245239258,,,7.49903118159301E-5,3.70206963351973E-6,7.50663844703153E-5,3.70221746550674E-6,0.936117112636566,0.953749537467956,20.509859085083,0.186934560537338,30,4,200,-0.000332162919221446,-0.00493046827614307,0.351805984973907,1,,,,,,,,,,,,,,,,
,3952679586.071,99.2903251647949,999.966186523437,,,6,,,,20.670027829319,,,1,,,,,,,,,,,,,,,,,,,,,,99.0710372924805,99.560173034668,999.966186523437,999.966186523437,,,6.39120101928711,,1,0,0,0,0.0128173828125,30.7917900085449,2,1,1,99.0204772949219,0,99.3249223497179,,,7.58687714091696E-5,3.74518227683971E-6,7.59424132018668E-5,3.74533038956417E-6,0.937184154987335,0.954281389713287,20.5074138641357,,30,4,200,-0.000597548729274422,-0.0121137369424105,0.349162548780441,1,,,,,,,,,,,,,,,,
,3952679595.78366,98.7348899841309,999.966186523437,,,6,,,,20.670027829319,,,1,,,,,,,,,,,,,,,,,,,,,,98.486442565918,99.0204772949219,999.966186523437,999.966186523437,,,6.38814210891724,,1,0,0,0,0.01373291015625,30.7917900085449,2,1,1,98.4493026733398,0,98.7750566270616,,,7.61034278027603E-5,3.7570337996908E-6,7.61796579753713E-5,3.75718049288005E-6,0.936062633991241,0.953419208526611,20.5047187805176,0,30,4,200,-0.00020753318676725,-0.0136018376797438,0.348507076501846,1,,,,,,,,,,,,,,,,
,3952679610.22404,97.886100769043,999.966186523437,,,6,,,,20.670027829319,,,10,,,,,,,,,,,,,,,,,,,,,,97.3927841186523,98.4230041503906,999.966186523437,999.966186523437,,,6.38279533386231,,1,0,0,0,0.0141143798828125,30.7917900085449,2,1,1,97.3491973876953,0,97.9186100679285,,,7.68441431813885E-5,3.79400425534548E-6,7.69252846729726E-5,3.79416166829847E-6,0.934432625770569,0.952271640300751,20.5003356933594,0.0439483188092709,30,4,200,-2.35453971981769E-5,-1.95132827758789,4.84604263305664,1,,,,,,,,,,,,,,,,
,3952679633.24736,96.6001358032227,999.966186523437,,,6,,,,20.6625782159354,,,1,,,,,,,,,,,,,,,,,,,,,,96.3506851196289,96.8808517456055,999.966186523437,999.966186523437,,,6.37709999084473,,1,0,0,0,0.0128173828125,30.3030319213867,2,1,1,96.3194198608398,0,96.6191414727105,,,7.77022876302285E-5,3.83559227806984E-6,7.77791389966557E-5,3.83574391312296E-6,0.937600672245026,0.955265045166016,20.4983425140381,1.6896261513466E-5,30,4,200,-0.000573650642763823,-0.0232301745563746,0.346903264522553,1,,,,,,,,,,,,,,,,
,3952679643.26155,96.009407043457,999.966186523437,,,6,,,,20.6625782159354,,,1,,,,,,,,,,,,,,,,,,,,,,95.7740249633789,96.2965927124023,999.966186523437,999.966186523437,,,6.37354564666748,,1,0,0,0,0.0128173828125,30.3030319213867,2,1,1,95.7222213745117,0,96.0401628282335,,,7.80838008313911E-5,3.85410366582698E-6,7.81592713356908E-5,3.85425465198423E-6,0.938940823078156,0.95664519071579,20.5002918243408,0.140097007155418,30,4,200,-0.000456504349131137,-0.0248453188687563,0.345545053482056,1,,,,,,,,,,,,,,,,
,3952679652.9839,95.4374732971191,999.966186523437,,,6,,,,20.6625782159354,,,1,,,,,,,,,,,,,,,,,,,,,,95.1935272216797,95.7176361083984,999.966186523437,999.966186523437,,,6.37093448638916,,1,0,0,0,0.0128173828125,30.3030319213867,2,1,1,95.1527252197266,0,95.4662331475152,,,7.8457707677736E-5,3.87274781052946E-6,7.85356562429456E-5,3.87290737099799E-6,0.938148021697998,0.956096649169922,20.4981136322021,,30,4,200,-0.000294418132398278,-0.0256489608436823,0.346340328454971,1,,,,,,,,,,,,,,,,
,3952679671.4352,94.3705787658691,999.966186523437,,,6,,,,20.6566554146501,,,1,,,,,,,,,,,,,,,,,,,,,,94.130126953125,94.6524963378906,999.966186523437,999.966186523437,,,6.36546564102173,,1,0,0,0,0.0141143798828125,31.7693061828613,2,1,1,94.0886611938477,0,94.4153756035699,,,7.92725169503877E-5,3.91309807520448E-6,7.93504238226705E-5,3.91324307427699E-6,0.937621295452118,0.955209314823151,20.4927940368652,0,30,4,200,-0.000354061980033293,-0.0339776314795017,0.345519810914993,1,,,,,,,,,,,,,,,,
,3952679681.1378,93.8143310546875,999.966186523437,,,6,,,,20.6566554146501,,,1,,,,,,,,,,,,,,,,,,,,,,93.6199264526367,94.0886611938477,999.966186523437,999.966186523437,,,6.36207580566406,,1,0,0,0,0.0141143798828125,30.3030319213867,2,1,1,93.5400009155273,0,93.846851348877,,,7.96297901520781E-5,3.93047628600096E-6,7.97082712003135E-5,3.93063095567315E-6,0.938670814037323,0.956697285175324,20.4926929473877,0,30,4,200,-0.000411172368330881,-0.0363130532205105,0.34216982126236,1,,,,,,,,,,,,,,,,
,3952679690.86978,93.2280654907227,999.966186523437,,,6,,,,20.6566554146501,,,1,,,,,,,,,,,,,,,,,,,,,,92.9617233276367,93.5400009155273,999.966186523437,999.966186523437,,,6.35970640182495,,1,0,0,0,0.0141143798828125,30.7917900085449,2,1,1,92.916130065918,0,93.2638914320204,,,8.00686275758907E-5,3.95220913402691E-6,8.01501328113887E-5,3.95236731206519E-6,0.938375234603882,0.957007825374603,20.4899711608887,0,30,4,200,-0.000422374345362186,-0.0379490591585636,0.341776311397553,1,,,,,,,,,,,,,,,,
,3952679709.04738,92.1422233581543,999.966186523437,,,6,,,,20.6508922455055,,,1,,,,,,,,,,,,,,,,,,,,,,91.8802719116211,92.4323654174805,999.966186523437,999.966186523437,,,6.35414600372314,,1,0,0,0,0.0141143798828125,30.7917900085449,2,1,1,91.8520812988281,0,92.1589245266385,,,8.08911260998079E-5,3.99259281923102E-6,8.09689588218586E-5,3.99275177893984E-6,0.93925154209137,0.956969141960144,20.4890518188477,0,30,4,200,-0.000522901769727468,-0.0442095920443535,0.339594483375549,1,,,,,,,,,,,,,,,,
,3952679718.99766,91.5359687805176,999.966186523437,,,6,,,,20.6508922455055,,,1,,,,,,,,,,,,,,,,,,,,,,91.2383728027344,91.8520812988281,999.966186523437,999.966186523437,,,6.3506326675415,,1,0,0,0,0,30.3030319213867,2,1,1,91.219856262207,0,91.5591667175293,,,8.1334919431472E-5,4.01436138158051E-6,8.1415304247006E-5,4.01452750562144E-6,0.939817190170288,0.958356976509094,20.4868831634521,0,30,4,200,-0.000443703029304743,-0.0452061556279659,0.34017026424408,1,,,,,,,,,,,,,,,,
,3952679728.93551,90.9567756652832,999.966186523437,,,6,,,,20.6508922455055,,,1,,,,,,,,,,,,,,,,,,,,,,90.7373580932617,91.219856262207,999.966186523437,999.966186523437,,,6.34738063812256,,1,0,0,0,0.0141143798828125,30.7917900085449,2,1,1,90.6936950683594,0,91.0011249118381,,,8.17390121436969E-5,4.03433676369219E-6,8.1819737166689E-5,4.03450786224351E-6,0.939685106277466,0.958124220371246,20.4870414733887,0.0361818559467793,30,4,200,-0.000391384935937822,-0.0463418215513229,0.340604066848755,1,,,,,,,,,,,,,,,,
,3952679747.60549,89.8709907531738,999.966186523437,,,6,,,,20.6451997999912,,,1,,,,,,,,,,,,,,,,,,,,,,89.5982284545898,90.1437530517578,999.966186523437,999.966186523437,,,6.34132671356201,,1,0,0,0,0,30.3030319213867,2,1,1,89.5982284545898,0,89.8775160047743,,,8.26558027326634E-5,4.07949787996288E-6,8.27364843638334E-5,4.07966233040124E-6,0.940047144889832,0.958422720432281,20.4821376800537,1.89912283420563,30,4,200,-0.000676522147841752,-0.0540147833526134,0.338275462388992,1,,,,,,,,,,,,,,,,
,3952679757.3712,89.3064613342285,999.966186523437,,,6,,,,20.6451997999912,,,1,,,,,,,,,,,,,,,,,,,,,,89.0762405395508,89.5862350463867,999.966186523437,999.966186523437,,,6.33838987350464,,1,0,0,0,0.0128173828125,30.7917900085449,2,1,1,89.0266876220703,0,89.3479927910699,,,8.30432665883788E-5,4.0985377226122E-6,8.31239556004956E-5,4.09870006197601E-6,0.940383613109589,0.958819091320038,20.4824676513672,0,30,4,200,-0.000407141458708793,-0.0552942976355553,0.33779963850975,1,,,,,,,,,,,,,,,,
,3952679767.70065,88.6800498962402,999.966186523437,,,6,,,,20.6451997999912,,,1,,,,,,,,,,,,,,,,,,,,,,88.4255599975586,88.964714050293,999.966186523437,999.966186523437,,,6.33559274673462,,1,0,0,0,0.0141143798828125,31.2805480957031,2,1,1,88.3953857421875,0,88.7106424967448,,,8.35921833669509E-5,4.12563894930445E-6,8.36758834003391E-5,4.12580234223233E-6,0.940340876579285,0.959480345249176,20.4798927307129,0,30,4,200,-0.000403501268010586,-0.055592805147171,0.339556396007538,1,,,,,,,,,,,,,,,,
,3952679786.02522,87.6167297363281,999.966186523437,,,6,,,,20.6395144677647,,,1,,,,,,,,,,,,,,,,,,,,,,87.3784103393555,87.9014739990234,999.966186523437,999.966186523437,,,6.32982683181763,,1,0,0,0,0.0128173828125,30.7917900085449,2,1,1,87.3319854736328,0,87.6559371948242,,,8.43848717606054E-5,4.16476574472296E-6,8.4467137234793E-5,4.16492877698005E-6,0.940330922603607,0.958832263946533,20.4764766693115,,30,4,200,-0.00066224776674062,-0.0631896108388901,0.336903989315033,1,,,,,,,,,,,,,,,,
,3952679795.77616,87.0662498474121,999.966186523437,,,6,,,,20.6395144677647,,,1,,,,,,,,,,,,,,,,,,,,,,86.8740844726563,87.3319854736328,999.966186523437,999.966186523437,,,6.32615756988525,,1,0,0,0,0.0128173828125,30.3030319213867,2,1,1,86.8005142211914,0,87.1136016845703,,,8.47816374303706E-5,4.18427367851381E-6,8.48654477667767E-5,4.18444398160428E-6,0.940621972084045,0.959553360939026,20.4754295349121,2.38626956939697,30,4,200,-0.000438453367678449,-0.0640917420387268,0.336979627609253,1,,,,,,,,,,,,,,,,
,3952679805.47852,86.5204925537109,999.966186523437,,,6,,,,20.6395144677647,,,1,,,,,,,,,,,,,,,,,,,,,,86.2838134765625,86.7930221557617,999.966186523437,999.966186523437,,,6.32285881042481,,1,0,0,0,0.0128173828125,30.3030319213867,2,1,1,86.2479629516602,0,86.5348943074544,,,8.52348466988124E-5,4.20681752643287E-6,8.53205516617572E-5,4.20698586358836E-6,0.939922451972961,0.958958208560944,20.47389793396,5.35072422027588,30,4,200,-0.00045663645141758,-0.0658330544829369,0.337734937667847,1,,,,,,,,,,,,,,,,
,3952679823.75816,85.4637680053711,999.966186523437,,,6,,,,20.6340707419593,,,1,,,,,,,,,,,,,,,,,,,,,,85.1979141235352,85.750358581543,999.966186523437,999.966186523437,,,6.31702613830566,,1,0,0,0,0.0128173828125,30.7917900085449,2,1,1,85.1771774291992,0,85.4750620524089,,,8.62056260191096E-5,4.25448969897122E-6,8.62893771553757E-5,4.25465436484479E-6,0.940876126289368,0.959556043148041,20.4712734222412,0,30,4,200,-0.000690678076352924,-0.074051707983017,0.334407269954681,1,,,,,,,,,,,,,,,,
,3952679833.75589,84.8323211669922,999.966186523437,,,6,,,,20.6340707419593,,,1,,,,,,,,,,,,,,,,,,,,,,84.5251922607422,85.1574401855469,999.966186523437,999.966186523437,,,6.31392431259155,,1,0,0,0,0.0141143798828125,30.7917900085449,2,1,1,84.5072021484375,0,84.8576271057129,,,8.66709577516152E-5,4.27730155215654E-6,8.67567331994861E-5,4.27748729371004E-6,0.94148463010788,0.960792422294617,20.4701061248779,0,30,4,200,-0.000412167282775044,-0.0753641724586487,0.334643959999084,1,,,,,,,,,,,,,,,,
,3952679843.73305,84.2527770996094,999.966186523437,,,6,,,,20.6340707419593,,,1,,,,,,,,,,,,,,,,,,,,,,84.044677734375,84.5072021484375,999.966186523437,999.966186523437,,,6.31047010421753,,1,0,0,0,0.0141143798828125,30.3030319213867,2,1,1,83.9983520507812,0,84.2862972683377,,,8.70217914745269E-5,4.29488688312588E-6,8.71095357812788E-5,4.29506400682603E-6,0.940412282943726,0.959718644618988,20.4683246612549,0,30,4,200,-0.000300767831504345,-0.075459711253643,0.336000204086304,1,,,,,,,,,,,,,,,,
,3952679862.11222,83.2144393920898,999.966186523437,,,6,,,,20.6286868687456,,,1,,,,,,,,,,,,,,,,,,,,,,82.9523468017578,83.4927291870117,999.966186523437,999.966186523437,,,6.30386590957642,,1,0,0,0,0.0128173828125,30.7917900085449,2,1,1,82.936149597168,0,83.1536534627279,,,8.80967748604894E-5,4.34786356729908E-6,8.8184365345237E-5,4.34803253767439E-6,0.940719664096832,0.959884405136108,20.4639186859131,3.06669026031159E-5,30,4,200,-0.000633818504866213,-0.083627961575985,0.333474665880203,1,,,,,,,,,,,,,,,,
,3952679871.76455,82.6417274475098,999.966186523437,,,6,,,,20.6286868687456,,,1,,,,,,,,,,,,,,,,,,,,,,82.3636779785156,82.936149597168,999.966186523437,999.966186523437,,,6.30115509033203,,1,0,0,0,0,30.7917900085449,2,1,1,82.3473052978516,0,82.6405741373698,,,8.84895532422544E-5,4.36703558407539E-6,8.8575951499768E-5,4.36719439900817E-6,0.941544413566589,0.960723221302033,20.465274810791,0.186879605054855,30,4,200,-0.000435374211519957,-0.0859702229499817,0.333052694797516,1,,,,,,,,,,,,,,,,
,3952679881.42798,82.0635070800781,999.966186523437,,,6,,,,20.6286868687456,,,1,,,,,,,,,,,,,,,,,,,,,,81.828742980957,82.3354949951172,999.966186523437,999.966186523437,,,6.2976975440979,,1,0,0,0,0,30.3030319213867,2,1,1,81.7915191650391,0,82.080450269911,,,8.89560856778251E-5,4.39010740058367E-6,8.90448473143483E-5,4.39027012734121E-6,0.941355764865875,0.960969150066376,20.4634685516357,0,30,4,200,-0.000471202482003719,-0.0870807766914368,0.333517700433731,1,,,,,,,,,,,,,,,,
,3952679899.58172,81.0297431945801,999.966186523437,,,6,,,,20.623452686192,,,1,,,,,,,,,,,,,,,,,,,,,,80.7692413330078,81.3102798461914,999.966186523437,999.966186523437,,,6.29164695739746,,1,0,0,0,0.0141143798828125,30.7917900085449,2,1,1,80.7492065429688,0,81.1280517578125,,,8.99416128510776E-5,4.43866900850914E-6,9.00302577247084E-5,4.43884241155271E-6,0.941648304462433,0.961044728755951,20.4594688415527,0.186875894665718,30,4,200,-0.000543715606909245,-0.0956020206212997,0.330367624759674,1,,,,,,,,,,,,,,,,
,3952679909.50843,80.4616279602051,999.966186523437,,,6,,,,20.623452686192,,,1,,,,,,,,,,,,,,,,,,,,,,80.2574920654297,80.7492065429688,999.966186523437,999.966186523437,,,6.28783750534058,,1,0,0,0,0,30.7917900085449,2,1,1,80.1740493774414,0,80.4943669637044,,,9.03273272278863E-5,4.45765166735066E-6,9.04166823434843E-5,4.45783359618114E-6,0.941848754882813,0.961395382881165,20.4592952728271,,30,4,200,-0.000438274058979005,-0.0963573604822159,0.330359697341919,1,,,,,,,,,,,,,,,,
,3952679919.62289,79.8722686767578,999.966186523437,,,6,,,,20.623452686192,,,1,,,,,,,,,,,,,,,,,,,,,,79.6674575805664,80.1532440185547,999.966186523437,999.966186523437,,,6.28466892242432,,1,0,0,0,0.0141143798828125,30.7917900085449,2,1,1,79.5912933349609,0,79.9180365668403,,,9.09143497060914E-5,4.48665975966526E-6,9.10066968555277E-5,4.48684691028283E-6,0.941702127456665,0.96183842420578,20.4570922851562,3.09901406581048E-5,30,4,200,-0.00031960362684913,-0.0972898900508881,0.332383692264557,1,,,,,,,,,,,,,,,,
,3952679938.35122,78.7343864440918,999.966186523437,,,6,,,,20.6182716139317,,,1,,,,,,,,,,,,,,,,,,,,,,78.5077590942383,79.0110168457031,999.966186523437,999.966186523437,,,6.27793979644775,,1,0,0,0,0.0128173828125,30.3030319213867,2,1,1,78.4577560424805,0,78.7543936835395,,,9.19720195882828E-5,4.53870120762152E-6,9.20618769252054E-5,4.53887094815682E-6,0.942293584346771,0.961839020252228,20.4548778533936,4.52270698547363,30,4,200,-0.000789433950558305,-0.106080666184425,0.329532206058502,1,,,,,,,,,,,,,,,,
,3952679948.09564,78.160774230957,999.966186523437,,,6,,,,20.6182716139317,,,1,,,,,,,,,,,,,,,,,,,,,,77.9074401855469,78.4415435791016,999.966186523437,999.966186523437,,,6.27418088912964,,1,0,0,0,0.0128173828125,30.3030319213867,2,1,1,77.8800048828125,0,78.1915571424696,,,9.24351723092501E-5,4.56148909413602E-6,9.2526301587446E-5,4.56165942300122E-6,0.942549347877502,0.962464034557343,20.4540939331055,0,30,4,200,-0.000482309318613261,-0.107574440538883,0.328498691320419,1,,,,,,,,,,,,,,,,
,3952679958.02753,77.5951690673828,999.966186523437,,,6,,,,20.6182716139317,,,1,,,,,,,,,,,,,,,,,,,,,,77.4137191772461,77.8800048828125,999.966186523437,999.966186523437,,,6.271164894104,,1,0,0,0,0.0141143798828125,30.7917900085449,2,1,1,77.3103332519531,0,77.6482238769531,,,9.28606154373363E-5,4.58260771546726E-6,9.29540043189302E-5,4.58278325327387E-6,0.942076563835144,0.96223771572113,20.4524879455566,0,30,4,200,-0.000453857966931537,-0.108819246292114,0.329334020614624,1,,,,,,,,,,,,,,,,
,3952679976.93154,76.5252990722656,999.966186523437,,,6,,,,20.6131526029124,,,1,,,,,,,,,,,,,,,,,,,,,,76.29052734375,76.7906723022461,999.966186523437,999.966186523437,,,6.26420259475708,,1,0,0,0,0.0141143798828125,30.3030319213867,2,1,1,76.2599258422852,0,76.5472607082791,,,9.40179877190886E-5,4.63972524377834E-6,9.41121174017124E-5,4.63990917306022E-6,0.94207102060318,0.962075293064117,20.4478759765625,5.35158061981201,30,4,200,-0.000811553210951388,-0.117397889494896,0.327756941318512,1,,,,,,,,,,,,,,,,
,3952679986.59506,75.9698791503906,999.966186523437,,,6,,,,20.6131526029124,,,1,,,,,,,,,,,,,,,,,,,,,,75.7577133178711,76.2599258422852,999.966186523437,999.966186523437,,,6.26089572906494,,1,0,0,0,0,30.3030319213867,2,1,1,75.6798324584961,0,76.0225329928928,,,9.4480703671672E-5,4.66230838254128E-6,9.45747773582998E-5,4.66250148409165E-6,0.943011581897736,0.96333259344101,20.4484882354736,0,30,4,200,-0.000668609980493784,-0.122617550194263,0.32393804192543,1,,,,,,,,,,,,,,,,
,3952679996.30738,75.377197265625,999.966186523437,,,6,,,,20.6131526029124,,,1,,,,,,,,,,,,,,,,,,,,,,75.1097183227539,75.6651763916016,999.966186523437,999.966186523437,,,6.25701761245727,,1,0,0,0,0.0141143798828125,31.2805480957031,2,1,1,75.0892181396484,0,75.3829015096029,,,9.49966089441435E-5,4.68789524586106E-6,9.50930720202449E-5,4.6880980056722E-6,0.942532300949097,0.963071286678314,20.4469394683838,0,30,4,200,-0.000361862912541255,-0.123749695718288,0.324880868196487,1,,,,,,,,,,,,,,,,
,3952680006.30746,74.7750473022461,999.966186523437,,,6,,,,20.6131526029124,,,1,,,,,,,,,,,,,,,,,,,,,,74.4794845581055,75.0892181396484,999.966186523437,999.966186523437,,,6.25334596633911,,1,0,0,0,0.0128173828125,30.3030319213867,2,1,1,74.4608764648438,0,74.8114204406738,,,9.5538092872951E-5,4.71480817023254E-6,9.56376607970407E-5,4.71500673537817E-6,0.941830396652222,0.962724983692169,20.4445877075195,5.35132074356079,30,4,200,-0.000441667885752395,-0.124226704239845,0.326774120330811,1,,,,,,,,,,,,,,,,
,3952680025.19589,73.6510620117187,999.966186523437,,,6,,,,20.6068961814821,,,1,,,,,,,,,,,,,,,,,,,,,,73.4528198242188,73.9101715087891,999.966186523437,999.966186523437,,,6.24588871002197,,1,0,0,0,0.0128173828125,30.3030319213867,2,1,1,73.3919525146484,0,73.6909357706706,,,9.67435680261936E-5,4.77413968755275E-6,9.68423871030665E-5,4.77433328313176E-6,0.942399024963379,0.9630988240242,20.4399452209473,0.186871200799942,30,4,200,-0.000809411401860416,-0.130721777677536,0.327367395162582,1,,,,,,,,,,,,,,,,
,3952680034.90801,73.1132583618164,999.966186523437,,,6,,,,20.6068961814821,,,1,,,,,,,,,,,,,,,,,,,,,,72.8398590087891,73.3866577148438,999.966186523437,999.966186523437,,,6.24312686920166,,1,0,0,0,0.0128173828125,30.3030319213867,2,1,1,72.8398590087891,0,73.1158767700195,,,9.71747971778238E-5,4.79526029747896E-6,9.72722201439123E-5,4.79544959234061E-6,0.942979633808136,0.963522911071777,20.4414615631104,0,30,4,200,-0.000667835585772991,-0.1347286850214,0.324036061763763,1,,,,,,,,,,,,,,,,
,3952680044.58712,72.5353584289551,999.966186523437,,,6,,,,20.6068961814821,,,1,,,,,,,,,,,,,,,,,,,,,,72.2761077880859,72.8218536376953,999.966186523437,999.966186523437,,,6.2390079498291,,1,0,0,0,0,30.3030319213867,2,1,1,72.2488632202148,0,72.5793626573351,,,9.77445648996794E-5,4.8233539303704E-6,9.78447648713382E-5,4.82354689480119E-6,0.943060278892517,0.964259266853332,20.4395771026611,,30,4,200,-0.000345526001183316,-0.136207461357117,0.324687302112579,1,,,,,,,,,,,,,,,,
,3952680054.53142,71.9711570739746,999.966186523437,,,6,,,,20.6068961814821,,,1,,,,,,,,,,,,,,,,,,,,,,71.7677383422852,72.2488632202148,999.966186523437,999.966186523437,,,6.23447513580322,,1,0,0,0,0.0141143798828125,30.3030319213867,2,1,1,71.6934509277344,0,72.0023701985677,,,9.82706997054619E-5,4.84958409597287E-6,9.83746698031699E-5,4.84978535104151E-6,0.942105233669281,0.963603913784027,20.4369297027588,0,30,4,200,-0.000407175830332562,-0.136920481920242,0.326661646366119,1,,,,,,,,,,,,,,,,
,3952680073.48805,70.8850479125977,999.966186523437,,,6,,,,20.6007964028398,,,1,,,,,,,,,,,,,,,,,,,,,,70.6542739868164,71.1619567871094,999.966186523437,999.966186523437,,,6.22791624069214,,1,0,0,0,0,30.3030319213867,2,1,1,70.6081390380859,0,70.9017139010959,,,9.95019875570288E-5,4.91006184204517E-6,9.96043796387839E-5,4.91027682838162E-6,0.943107724189758,0.964339017868042,20.4334678649902,0,30,4,200,-0.000845216796733439,-0.144662618637085,0.325853019952774,1,,,,,,,,,,,,,,,,
,3952680083.16274,70.3359909057617,999.966186523437,,,6,,,,20.6007964028398,,,1,,,,,,,,,,,,,,,,,,,,,,70.1234970092773,70.6081390380859,999.966186523437,999.966186523437,,,6.22416400909424,,1,0,0,0,0,31.2805480957031,2,1,1,70.0638427734375,0,70.3676028781467,,,0.000100012697139934,4.93515104550877E-6,0.000100115718103697,4.93536834437417E-6,0.943516373634338,0.965018332004547,20.4333782196045,0,30,4,200,-0.000531075173057616,-0.148556441068649,0.323091089725494,1,,,,,,,,,,,,,,,,
,3952680092.83046,69.7404594421387,999.966186523437,,,6,,,,20.6007964028398,,,1,,,,,,,,,,,,,,,,,,,,,,69.4451751708984,70.0638427734375,999.966186523437,999.966186523437,,,6.22052335739136,,1,0,0,0,0.0128173828125,30.3030319213867,2,1,1,69.4170761108398,0,69.7580540974935,,,0.000100585680356168,4.96358613202602E-6,0.000100691324359066,4.96379993425419E-6,0.942946970462799,0.9646977186203,20.4316082000732,0.114347249269485,30,4,200,-0.000281479326076806,-0.149276301264763,0.324712723493576,1,,,,,,,,,,,,,,,,
,3952680102.73194,69.1430358886719,999.966186523437,,,6,,,,20.6007964028398,,,1,,,,,,,,,,,,,,,,,,,,,,68.8689956665039,69.4170761108398,999.966186523437,999.966186523437,,,6.21661281585693,,1,0,0,0,0,30.3030319213867,2,1,1,68.8689956665039,0,69.141820526123,,,0.000101093561393496,4.98880731925505E-6,0.000101201215704213,4.9890205148097E-6,0.942396640777588,0.964227855205536,20.4303684234619,3.12457850668579E-5,30,4,200,-0.00034636229975149,-0.149724245071411,0.326953738927841,1,,,,,,,,,,,,,,,,
,3952680121.87751,68.0250358581543,999.966186523437,,,6,,,,20.5948497534451,,,1,,,,,,,,,,,,,,,,,,,,,,67.753662109375,68.3456726074219,999.966186523437,999.966186523437,,,6.20845556259155,,1,0,0,0,0.0141143798828125,30.3030319213867,2,1,1,67.7043991088867,0,68.0559641520182,,,0.000102472785799644,5.05657099714177E-6,0.000102579403237686,5.05677396474383E-6,0.943422555923462,0.965274214744568,20.4262275695801,0.115446917712688,30,4,200,-0.000778997782617807,-0.158505201339722,0.325232416391373,1,,,,,,,,,,,,,,,,
,3952680131.84305,67.4328804016113,999.966186523437,,,6,,,,20.5948497534451,,,1,,,,,,,,,,,,,,,,,,,,,,67.1903533935547,67.6949691772461,999.966186523437,999.966186523437,,,6.20480298995972,,1,0,0,0,0.0128173828125,30.7917900085449,2,1,1,67.1707916259766,0,67.4597337510851,,,0.000102950818863088,5.08005925693287E-6,0.000103058429301646,5.08027925761013E-6,0.943771123886108,0.965894222259522,20.4260749816895,2.52813561019138E-6,30,4,200,-0.000522117014043033,-0.162378340959549,0.322949081659317,1,,,,,,,,,,,,,,,,
,3952680141.78055,66.8752746582031,999.966186523437,,,6,,,,20.5948497534451,,,1,,,,,,,,,,,,,,,,,,,,,,66.6582794189453,67.1707916259766,999.966186523437,999.966186523437,,,6.2005090713501,,1,0,0,0,0,30.3030319213867,2,1,1,66.5797576904297,0,66.9343482123481,,,0.000103490942327636,5.10699336501192E-6,0.000103602189643334,5.10721780428573E-6,0.942802369594574,0.965138137340546,20.4236583709717,,30,4,200,-0.00028215121710673,-0.163332432508469,0.324180215597153,1,,,,,,,,,,,,,,,,
,3952680151.75866,66.2853736877441,999.966186523437,,,6,,,,20.5948497534451,,,1,,,,,,,,,,,,,,,,,,,,,,66.042839050293,66.5677261352539,999.966186523437,999.966186523437,,,6.19689989089966,,1,0,0,0,0,30.3030319213867,2,1,1,66.0030212402344,0,66.333752102322,,,0.000104206174006328,5.14238042190411E-6,0.000104319683584535,5.14260136373466E-6,0.942486464977264,0.965055823326111,20.4224014282227,0,30,4,200,-0.000462306168628857,-0.165063947439194,0.326096653938293,1,,,,,,,,,,,,,,,,
,3952680170.34284,65.2054634094238,999.966186523437,,,6,,,,20.5889778349772,,,1,,,,,,,,,,,,,,,,,,,,,,64.9614639282227,65.4959945678711,999.966186523437,999.966186523437,,,6.1887845993042,,1,0,0,0,0.0128173828125,30.3030319213867,2,1,1,64.9149322509766,0,65.230953640408,,,0.000105415157311939,5.20166993007838E-6,0.000105526285268394,5.20188671162955E-6,0.943740844726563,0.966154336929321,20.4193077087402,,30,4,200,-0.000651570153422654,-0.174360439181328,0.323110282421112,1,,,,,,,,,,,,,,,,
,3952680180.00014,64.6355171203613,999.966186523437,,,6,,,,20.5889778349772,,,1,,,,,,,,,,,,,,,,,,,,,,64.3860321044922,64.9049911499023,999.966186523437,999.966186523437,,,6.18437242507935,,1,0,0,0,0.0128173828125,30.7917900085449,2,1,1,64.3660430908203,0,64.6552497016059,,,0.000105995208417179,5.23017488069218E-6,0.000106106076976404,5.23037166299798E-6,0.944143295288086,0.96670401096344,20.4196510314941,2.74335288850125E-5,30,4,200,-0.000323175365338102,-0.177735015749931,0.321367204189301,1,,,,,,,,,,,,,,,,
,3952680189.6012,64.0699367523193,999.966186523437,,,6,,,,20.5889778349772,,,1,,,,,,,,,,,,,,,,,,,,,,63.8164520263672,64.3660430908203,999.966186523437,999.966186523437,,,6.18066883087158,,1,0,0,0,0.0141143798828125,30.7917900085449,2,1,1,63.7738304138184,0,64.1092660692003,,,0.000106543785434076,5.25749117547542E-6,0.000106659496636768,5.25771887796243E-6,0.943311989307404,0.96632844209671,20.4167919158936,0,30,4,200,-0.000270406337222084,-0.178248077630997,0.32303112745285,1,,,,,,,,,,,,,,,,
,3952680199.60782,63.4605026245117,999.966186523437,,,6,,,,20.5889778349772,,,1,,,,,,,,,,,,,,,,,,,,,,63.188549041748,63.7578926086426,999.966186523437,999.966186523437,,,6.17667675018311,,1,0,0,0,0.0141143798828125,30.3030319213867,2,1,1,63.1631126403809,0,63.4851409064399,,,0.000107184568716892,5.28928967095775E-6,0.000107303053929611,5.28951482858963E-6,0.942713797092438,0.965912997722626,20.4151477813721,0,30,4,200,-0.000375349511159584,-0.180454388260841,0.325186997652054,1,,,,,,,,,,,,,,,,
,3952680218.15879,62.383129119873,999.966186523437,,,6,,,,20.5833858581451,,,1,,,,,,,,,,,,,,,,,,,,,,62.1450500488281,62.6639556884766,999.966186523437,999.966186523437,,,6.16784811019897,,1,0,0,0,0.0141143798828125,31.7693061828613,2,1,1,62.1023025512695,0,62.4211226569282,,,0.000108490780063972,5.35324220392798E-6,0.000108606534853877,5.3534828101011E-6,0.944382905960083,0.967525124549866,20.4128971099854,0,30,4,200,-0.000635273347143084,-0.188467383384705,0.322635889053345,1,,,,,,,,,,,,,,,,
,3952680227.78269,61.8359413146973,999.966186523437,,,6,,,,20.5833858581451,,,1,,,,,,,,,,,,,,,,,,,,,,61.6260986328125,62.1023025512695,999.966186523437,999.966186523437,,,6.16357660293579,,1,0,0,0,0.0141143798828125,30.3030319213867,2,1,1,61.569580078125,0,61.8818452623155,,,0.000109060467183895,5.38140470580325E-6,0.000109177980505857,5.38164827542902E-6,0.944211900234222,0.967545747756958,20.4120616912842,0,30,4,200,-0.000230511155677959,-0.191377460956573,0.321802765130997,1,,,,,,,,,,,,,,,,
,3952680237.42379,61.2648029327393,999.966186523437,,,6,,,,20.5833858581451,,,1,,,,,,,,,,,,,,,,,,,,,,60.9899444580078,61.5602645874023,999.966186523437,999.966186523437,,,6.15920782089233,,1,0,0,0,0.0128173828125,30.7917900085449,2,1,1,60.9693412780762,0,61.2693053351508,,,0.000109655593091049,5.41105142354607E-6,0.000109777553060241,5.41129819669115E-6,0.943285882472992,0.966998398303986,20.4092445373535,,30,4,200,-0.000240021254285239,-0.192154198884964,0.323884457349777,1,,,,,,,,,,,,,,,,
,3952680247.3873,60.674488067627,999.966186523437,,,6,,,,20.5833858581451,,,1,,,,,,,,,,,,,,,,,,,,,,60.3796348571777,60.9693412780762,999.966186523437,999.966186523437,,,6.15475845336914,,1,0,0,0,0.0128173828125,31.2805480957031,2,1,1,60.3796348571777,0,60.7013217926025,,,0.000110343064663541,5.44498316336912E-6,0.000110467939069147,5.44524470991994E-6,0.943265795707703,0.96748286485672,20.4078388214111,0.507102131843567,30,4,200,-0.000363549130270258,-0.194789111614227,0.325182735919952,1,,,,,,,,,,,,,,,,
,3952680266.41122,59.5444965362549,999.966186523437,,,6,,,,20.5779605328341,,,1,,,,,,,,,,,,,,,,,,,,,,59.287410736084,59.8203811645508,999.966186523437,999.966186523437,,,6.14554643630982,,1,0,0,0,0,30.7917900085449,2,1,1,59.268611907959,0,59.5545480516222,,,0.000111727423634312,5.51282224722195E-6,0.000111847467746699,5.51306085988318E-6,0.944795906543732,0.968527853488922,20.4067211151123,0,30,4,200,-0.000518969958648086,-0.202874585986137,0.323474943637848,1,,,,,,,,,,,,,,,,
,3952680276.15252,58.9697284698486,999.966186523437,,,6,,,,20.5779605328341,,,1,,,,,,,,,,,,,,,,,,,,,,58.7359504699707,59.259204864502,999.966186523437,999.966186523437,,,6.140944480896,,1,0,0,0,0,30.3030319213867,2,1,1,58.6802520751953,0,59.0140533447266,,,0.000112308717822176,5.54171779580471E-6,0.000112432367024877,5.54195563248365E-6,0.944097816944122,0.968148469924927,20.4045009613037,,30,4,200,-0.000211793099879287,-0.204678669571877,0.323431819677353,1,,,,,,,,,,,,,,,,
,3952680285.83652,58.4154949188232,999.966186523437,,,6,,,,20.5779605328341,,,1,,,,,,,,,,,,,,,,,,,,,,58.191967010498,58.6697463989258,999.966186523437,999.966186523437,,,6.13625383377075,,1,0,0,0,0,30.7917900085449,2,1,1,58.1496467590332,0,58.4291140238444,,,0.000112948402901701,5.57343878770038E-6,0.0001130749098088,5.57367911724289E-6,0.943606019020081,0.96787166595459,20.4029521942139,0,30,4,200,-0.000297175050945953,-0.206536948680878,0.324603617191315,1,,,,,,,,,,,,,,,,
,3952680295.79183,57.8570823669434,999.966186523437,,,6,,,,20.5779605328341,,,1,,,,,,,,,,,,,,,,,,,,,,57.5849723815918,58.1496467590332,999.966186523437,999.966186523437,,,6.13089799880982,,1,0,0,0,0.0141143798828125,30.3030319213867,2,1,1,57.5645179748535,0,57.8522396087646,,,0.000113669176213559,5.60892017028553E-6,0.000113797040478962,5.60915694763754E-6,0.943870902061462,0.968521595001221,20.4025039672852,5.9576678276062,30,4,200,-0.000354882649844512,-0.210136637091637,0.324993461370468,1,,,,,,,,,,,,,,,,
,3952680314.66051,56.7094573974609,999.966186523437,,,6,,,,20.5726215533831,,,1,,,,,,,,,,,,,,,,,,,,,,56.4598159790039,56.9893379211426,999.966186523437,999.966186523437,,,6.12160682678223,,1,0,0,0,0.0128173828125,30.7917900085449,2,1,1,56.4295768737793,0,56.7524714999729,,,0.000115004809767665,5.67445878420536E-6,0.000115129093756879,5.67470491758878E-6,0.945034205913544,0.969147086143494,20.40087890625,0.000143189390655607,30,4,200,-0.000440048956079409,-0.218308106064796,0.323321968317032,1,,,,,,,,,,,,,,,,
,3952680324.38034,56.1529293060303,999.966186523437,,,6,,,,20.5726215533831,,,1,,,,,,,,,,,,,,,,,,,,,,55.8762817382812,56.4295768737793,999.966186523437,999.966186523437,,,6.11687517166138,,1,0,0,0,0.0141143798828125,30.3030319213867,2,1,1,55.8762817382812,0,56.1520881652832,,,0.000115635660997038,5.70574221120911E-6,0.000115762599569221,5.70598622336027E-6,0.944539129734039,0.968832433223724,20.3994312286377,0,30,4,200,-0.000166627854923718,-0.220524698495865,0.323075294494629,1,,,,,,,,,,,,,,,,
,3952680334.11781,55.5724658966064,999.966186523437,,,6,,,,20.5726215533831,,,1,,,,,,,,,,,,,,,,,,,,,,55.3189888000488,55.8587188720703,999.966186523437,999.966186523437,,,6.11121320724487,,1,0,0,0,0.0141143798828125,30.3030319213867,2,1,1,55.2862129211426,0,55.5808211432563,,,0.000116340454056133,5.74052067886211E-6,0.000116470356834582,5.74079281826762E-6,0.944533050060272,0.969278872013092,20.3982772827148,0,30,4,200,-0.000328717491356656,-0.224466592073441,0.323299735784531,1,,,,,,,,,,,,,,,,
,3952680344.08084,54.9976387023926,999.966186523437,,,6,,,,20.5726215533831,,,1,,,,,,,,,,,,,,,,,,,,,,54.7502746582031,55.2862129211426,999.966186523437,999.966186523437,,,6.10628414154053,,1,0,0,0,0.0141143798828125,30.7917900085449,2,1,1,54.7090644836426,0,55.0278869628906,,,0.000117034261829097,5.77484611996405E-6,0.000117165607373422,5.7751117564162E-6,0.944246649742126,0.968991935253143,20.3976917266846,0,30,4,200,-0.000314755103318021,-0.227659493684769,0.323205858469009,1,,,,,,,,,,,,,,,,
,3952680362.92564,53.8906364440918,999.966186523437,,,6,,,,20.5674822805218,,,1,,,,,,,,,,,,,,,,,,,,,,53.634937286377,54.1674766540527,999.966186523437,999.966186523437,,,6.0949501991272,,1,0,0,0,0.0128173828125,30.3030319213867,2,1,1,53.6137962341309,0,53.9305186801487,,,0.000118410517045125,5.84235822215172E-6,0.000118537939852958,5.84260473377412E-6,0.945477247238159,0.9698326587677,20.3960189819336,,30,4,200,-0.0003464960900601,-0.234886080026627,0.322205483913422,1,,,,,,,,,,,,,,,,
,3952680372.57076,53.33766746521,999.966186523437,,,6,,,,20.5674822805218,,,1,,,,,,,,,,,,,,,,,,,,,,53.1267929077148,53.6137962341309,999.966186523437,999.966186523437,,,6.09041595458984,,1,0,0,0,0.0141143798828125,29.8142719268799,2,1,1,53.0615386962891,0,53.37457063463,,,0.000119059015172026,5.87454566993869E-6,0.000119189811732332,5.87479707951443E-6,0.94488251209259,0.969475388526916,20.3942222595215,,30,4,200,-0.000150321095134132,-0.237222537398338,0.322355061769486,1,,,,,,,,,,,,,,,,
,3952680382.27767,52.7801971435547,999.966186523437,,,6,,,,20.5674822805218,,,1,,,,,,,,,,,,,,,,,,,,,,52.5180053710937,53.056022644043,999.966186523437,999.966186523437,,,6.08493757247925,,1,0,0,0,0.0128173828125,32.7468223571777,2,1,1,52.5043716430664,0,52.7749688890245,,,0.000119741268273904,5.90814781343473E-6,0.000119873491673082,5.90839883551688E-6,0.945073485374451,0.970020294189453,20.393726348877,5.35210180282593,30,4,200,-0.000135918351588771,-0.240060850977898,0.323106914758682,1,,,,,,,,,,,,,,,,
,3952680392.20435,52.1687927246094,999.966186523437,,,6,,,,20.5674822805218,,,1,,,,,,,,,,,,,,,,,,,,,,51.8540306091309,52.4835548400879,999.966186523437,999.966186523437,,,6.07832336425781,,1,0,0,0,0,31.2805480957031,2,1,1,51.8540306091309,0,52.188427734375,,,0.000120391230158473,5.94035866429529E-6,0.00012052564464014,5.94061919321742E-6,0.944640576839447,0.96958714723587,20.3928565979004,2.83323934127111E-5,30,4,200,-0.000136246977490373,-0.242020606994629,0.324240267276764,1,,,,,,,,,,,,,,,,
,3952680402.23467,51.5686645507812,999.966186523437,,,6,,,,20.5674822805218,,,1,,,,,,,,,,,,,,,,,,,,,,51.3456649780273,51.8337326049805,999.966186523437,999.966186523437,,,6.0733962059021,,1,0,0,0,0.0141143798828125,31.7693061828613,2,1,1,51.303596496582,0,51.5997259351942,,,0.000121153378697831,5.97813530604328E-6,0.0001212921936689,5.97840234430968E-6,0.944135248661041,0.969595789909363,20.3905601501465,0,30,4,200,-0.00023077534569893,-0.245293527841568,0.324626505374908,1,,,,,,,,,,,,,,,,
,3952680420.71939,50.474328994751,999.966186523437,,,6,,,,20.5615620233716,,,1,,,,,,,,,,,,,,,,,,,,,,50.2541618347168,50.746826171875,999.966186523437,999.966186523437,,,6.06170034408569,,1,0,0,0,0.0128173828125,30.7917900085449,2,1,1,50.201831817627,0,50.521965874566,,,0.000122506662984046,6.04412425438201E-6,0.000122638199709333,6.04440070955174E-6,0.94650411605835,0.9715256690979,20.3905944824219,0,30,4,200,-0.000263777881627902,-0.252948522567749,0.322998046875,1,,,,,,,,,,,,,,,,
,3952680430.46957,49.8993759155273,999.966186523437,,,6,,,,20.5615620233716,,,1,,,,,,,,,,,,,,,,,,,,,,49.6428298950195,50.1845588684082,999.966186523437,999.966186523437,,,6.05579042434692,,1,0,0,0,0.0128173828125,30.3030319213867,2,1,1,49.6141929626465,0,49.9088520473904,,,0.00012319183029822,6.07835165016072E-6,0.000123329429555461,6.07864461610668E-6,0.945224523544312,0.970534384250641,20.3872566223145,,30,4,200,-0.000158018126967363,-0.255515813827515,0.323523312807083,1,,,,,,,,,,,,,,,,
,3952680440.46468,49.319486618042,999.966186523437,,,6,,,,20.5615620233716,,,1,,,,,,,,,,,,,,,,,,,,,,49.0247802734375,49.6141929626465,999.966186523437,999.966186523437,,,6.04815244674683,,1,0,0,0,0.0128173828125,30.7917900085449,2,1,1,49.0247802734375,0,49.3445201873779,,,0.000123888063521368,6.11278744370896E-6,0.000124027852358086,6.11306600367071E-6,0.944972574710846,0.970538973808289,20.3861103057861,0.186840772628784,30,4,200,-0.000170332103152759,-0.258563846349716,0.32398709654808,1,,,,,,,,,,,,,,,,
,3952680450.47045,48.7481575012207,999.966186523437,,,6,,,,20.5615620233716,,,1,,,,,,,,,,,,,,,,,,,,,,48.5314140319824,49.0127830505371,999.966186523437,999.966186523437,,,6.04240846633911,,1,0,0,0,0,30.3030319213867,2,1,1,48.4835319519043,0,48.7723994784885,,,0.00012469019389482,6.15214315571985E-6,0.000124830046919012,6.15242646031986E-6,0.945637166500092,0.971548080444336,20.386697769165,2.63192828242609E-6,30,4,200,-0.000121897210192401,-0.26148846745491,0.323638290166855,1,,,,,,,,,,,,,,,,
,3952680460.43867,48.1780605316162,999.966186523437,,,6,,,,20.5615620233716,,,1,,,,,,,,,,,,,,,,,,,,,,47.925838470459,48.4720077514648,999.966186523437,999.966186523437,,,6.03624582290649,,1,0,0,0,0,30.3030319213867,2,1,1,47.8841133117676,0,48.1993666754829,,,0.000125434990588269,6.18915785565148E-6,0.000125580367608022,6.18945952838371E-6,0.944853842258453,0.971255421638489,20.3839015960693,0,30,4,200,-0.000302537780953571,-0.264487594366074,0.324682682752609,1,,,,,,,,,,,,,,,,
,3952680478.90533,47.0899810791016,999.966186523437,,,6,,,,20.5558196653111,,,1,,,,,,,,,,,,,,,,,,,,,,46.8459739685059,47.372917175293,999.966186523437,999.966186523437,,,6.02366209030151,,1,0,0,0,0.0141143798828125,30.3030319213867,2,1,1,46.8070449829102,0,47.1113204956055,,,0.000126844055601296,6.25828826488512E-6,0.000126985318908708,6.25857433242545E-6,0.946003317832947,0.971983969211578,20.3815670013428,0.186827525496483,30,4,200,-0.00024070349172689,-0.270670175552368,0.325291901826858,1,,,,,,,,,,,,,,,,
,3952680488.82681,46.492712020874,999.966186523437,,,6,,,,20.5558196653111,,,1,,,,,,,,,,,,,,,,,,,,,,46.1979217529297,46.8070449829102,999.966186523437,999.966186523437,,,6.01686191558838,,1,0,0,0,0.0141143798828125,31.7693061828613,2,1,1,46.1783790588379,0,46.5131233215332,,,0.000127519624100963,6.29162214316651E-6,0.00012766162088993,6.29189526646104E-6,0.94599723815918,0.972049057483673,20.381404876709,0,30,4,200,-0.000320931052556261,-0.274568825960159,0.324982792139053,1,,,,,,,,,,,,,,,,
,3952680498.74006,45.8975811004639,999.966186523437,,,6,,,,20.5558196653111,,,1,,,,,,,,,,,,,,,,,,,,,,45.6635894775391,46.1783790588379,999.966186523437,999.966186523437,,,6.00996828079224,,1,0,0,0,0.0141143798828125,30.7917900085449,2,1,1,45.6167831420898,0,45.9379658169217,,,0.00012825111020215,6.32810232915638E-6,0.000128398602308603,6.32840470807039E-6,0.944873929023743,0.971017420291901,20.3788185119629,0,30,4,200,-0.000168131897225976,-0.277062028646469,0.325560480356216,1,,,,,,,,,,,,,,,,
,3952680508.38189,45.339542388916,999.966186523437,,,6,,,,20.5558196653111,,,1,,,,,,,,,,,,,,,,,,,,,,45.0700912475586,45.6167831420898,999.966186523437,999.966186523437,,,6.0028920173645,,1,0,0,0,0,30.7917900085449,2,1,1,45.0623016357422,0,45.3472006056044,,,0.00012891151080824,6.36070186681642E-6,0.000129060913344292,6.36099469487863E-6,0.94483095407486,0.971304476261139,20.3779735565186,0,30,4,200,-0.000321636296575889,-0.281047284603119,0.325111329555511,1,,,,,,,,,,,,,,,,
,3952680518.06397,44.7559032440186,999.966186523437,,,6,,,,20.5558196653111,,,1,,,,,,,,,,,,,,,,,,,,,,44.5004043579102,45.0504684448242,999.966186523437,999.966186523437,,,5.99539279937744,,1,0,0,0,0.0141143798828125,30.3030319213867,2,1,1,44.4613380432129,0,44.7743021647135,,,0.000129691463026837,6.39925829395043E-6,0.000129843301410676,6.39954002221986E-6,0.944616734981537,0.971371829509735,20.3768520355225,4.51407241821289,30,4,200,-0.000108470354462042,-0.28444829583168,0.325015962123871,1,,,,,,,,,,,,,,,,
,3952680536.29725,43.6961555480957,999.966186523437,,,6,,,,20.5504151477971,,,1,,,,,,,,,,,,,,,,,,,,,,43.4647483825684,43.9691543579102,999.966186523437,999.966186523437,,,5.98079061508179,,1,0,0,0,0.0141143798828125,30.3030319213867,2,1,1,43.4231567382812,0,43.7244758605957,,,0.000131110219043738,6.46891454424388E-6,0.000131259700031327,6.46921176865859E-6,0.945601344108582,0.972138643264771,20.374044418335,0,30,4,200,-0.000381847843527794,-0.290277153253555,0.325375318527222,1,,,,,,,,,,,,,,,,
,3952680546.24097,43.1114044189453,999.966186523437,,,6,,,,20.5504151477971,,,1,,,,,,,,,,,,,,,,,,,,,,42.8193778991699,43.4231567382812,999.966186523437,999.966186523437,,,5.97339963912964,,1,0,0,0,0.014190673828125,30.3030319213867,2,1,1,42.7996520996094,0,43.0989795684814,,,0.000131818982110489,6.50402942050028E-6,0.000131971108586294,6.50432523603898E-6,0.945197284221649,0.971862435340881,20.372896194458,0,30,4,200,-0.00029933697078377,-0.293309807777405,0.325691312551498,1,,,,,,,,,,,,,,,,
,3952680556.16989,42.5157604217529,999.966186523437,,,6,,,,20.5504151477971,,,1,,,,,,,,,,,,,,,,,,,,,,42.2706527709961,42.7996520996094,999.966186523437,999.966186523437,,,5.96527099609375,,1,0,0,0,0.0141143798828125,30.7917900085449,2,1,1,42.2318687438965,0,42.5572306315104,,,0.000132541642523869,6.53973672370506E-6,0.000132695084630648,6.54003292882362E-6,0.945055484771729,0.971721172332764,20.3725910186768,4.51360082626343,30,4,200,-0.000346189335687086,-0.297215342521667,0.32543808221817,1,,,,,,,,,,,,,,,,
,3952680565.90278,41.9585342407227,999.966186523437,,,6,,,,20.5504151477971,,,1,,,,,,,,,,,,,,,,,,,,,,41.6956443786621,42.2318687438965,999.966186523437,999.966186523437,,,5.95710277557373,,1,0,0,0,0,30.3030319213867,2,1,1,41.6851997375488,0,41.9709544711643,,,0.000133241154898959,6.57440613012538E-6,0.000133397654424646,6.57470354701814E-6,0.944629609584808,0.971486985683441,20.3712635040283,,30,4,200,-0.000269315263722092,-0.300951361656189,0.325181484222412,1,,,,,,,,,,,,,,,,
,3952680575.98477,41.3805332183838,999.966186523437,,,6,,,,20.5504151477971,,,1,,,,,,,,,,,,,,,,,,,,,,41.0934524536133,41.6676139831543,999.966186523437,999.966186523437,,,5.94657325744629,,1,0,0,0,0.0141143798828125,30.3030319213867,2,1,1,41.0746688842773,0,41.3694065093994,,,0.000134018620896764,6.6128310033322E-6,0.000134178682807798,6.61314995277542E-6,0.944459319114685,0.971743106842041,20.3699169158936,,30,4,200,-0.000293188408249989,-0.304942697286606,0.324613779783249,1,,,,,,,,,,,,,,,,
,3952680594.95901,40.251091003418,999.966186523437,,,6,,,,20.5451983997393,,,1,,,,,,,,,,,,,,,,,,,,,,40.0018882751465,40.5446166992188,999.966186523437,999.966186523437,,,5.93165302276611,,1,0,0,0,0.0141143798828125,30.3030319213867,2,1,1,39.9575653076172,0,40.2756118774414,,,0.000135529709703035,6.68707951391515E-6,0.000135687525997491,6.68738647320279E-6,0.945305407047272,0.972432434558868,20.366870880127,,30,4,200,-0.000279195606708527,-0.312565863132477,0.323662161827087,1,,,,,,,,,,,,,,,,
,3952680604.63996,39.6821537017822,999.966186523437,,,6,,,,20.5451983997393,,,1,,,,,,,,,,,,,,,,,,,,,,39.4704399108887,39.9575653076172,999.966186523437,999.966186523437,,,5.92259740829468,,1,0,0,0,0,30.3030319213867,2,1,1,39.4067420959473,0,39.7101287841797,,,0.00013619893578391,6.72016636752258E-6,0.000136357992842316,6.72048374472586E-6,0.945125102996826,0.97214949131012,20.3667373657227,0,30,4,200,-0.000249219068791717,-0.316212385892868,0.323013424873352,1,,,,,,,,,,,,,,,,
,3952680614.36937,39.0859184265137,999.966186523437,,,6,,,,20.5451983997393,,,1,,,,,,,,,,,,,,,,,,,,,,38.8145866394043,39.3857192993164,999.966186523437,999.966186523437,,,5.91326332092285,,1,0,0,0,0.0141143798828125,30.3030319213867,2,1,1,38.7861175537109,0,39.0996619330512,,,0.000136947214030282,6.75716666742986E-6,0.000137108938343374,6.75747280040071E-6,0.94491183757782,0.972265958786011,20.365535736084,3.07944210362621E-5,30,4,200,-0.00022167494171299,-0.319735497236252,0.32267564535141,1,,,,,,,,,,,,,,,,
,3952680624.38028,38.5004501342773,999.966186523437,,,6,,,,20.5451983997393,,,1,,,,,,,,,,,,,,,,,,,,,,38.2486457824707,38.7861175537109,999.966186523437,999.966186523437,,,5.90287065505981,,1,0,0,0,0.0128173828125,30.3030319213867,2,1,1,38.2147827148438,0,38.5213508605957,,,0.000137741156722255,6.79639405964029E-6,0.000137905856178116,6.79672899857226E-6,0.944764852523804,0.972362220287323,20.3646831512451,0.48799467086792,30,4,200,-0.000207170640351251,-0.324095577001572,0.322709262371063,1,,,,,,,,,,,,,,,,
,3952680634.41108,37.9341316223145,999.966186523437,,,6,,,,20.5451983997393,,,1,,,,,,,,,,,,,,,,,,,,,,37.7104721069336,38.2147827148438,999.966186523437,999.966186523437,,,5.89309167861938,,1,0,0,0,0.0141143798828125,30.3030319213867,2,1,1,37.6534805297852,0,37.9727456834581,,,0.000138476615307005,6.8327984814957E-6,0.000138644943038178,6.83312720923428E-6,0.944460809230804,0.972510993480682,20.3630390167236,0,30,4,200,-0.000187613695743494,-0.327786892652512,0.322193384170532,1,,,,,,,,,,,,,,,,
,3952680652.95817,36.8339214324951,999.966186523437,,,6,,,,20.5401958228521,,,1,,,,,,,,,,,,,,,,,,,,,,36.5614280700684,37.1160850524902,999.966186523437,999.966186523437,,,5.87398958206177,,1,0,0,0,0.0128173828125,30.3030319213867,2,1,1,36.5517578125,0,36.8412990570068,,,0.000139932114278481,6.9042986147419E-6,0.000140097318007489,6.90464197066638E-6,0.945295810699463,0.972863018512726,20.3608951568604,2.50542712211609,30,4,200,-0.000314967299345881,-0.334978759288788,0.321402549743652,1,,,,,,,,,,,,,,,,
,3952680662.69289,36.2654056549072,999.966186523437,,,6,,,,20.5401958228521,,,1,,,,,,,,,,,,,,,,,,,,,,36.0098571777344,36.5517578125,999.966186523437,999.966186523437,,,5.86349821090698,,1,0,0,0,0.0141143798828125,30.3030319213867,2,1,1,35.9790534973145,0,36.2794367472331,,,0.000140621345771393,6.93842821494023E-6,0.000140788901551465,6.9387572410887E-6,0.944971740245819,0.972694158554077,20.3598670959473,0,30,4,200,-0.000233893675613217,-0.33815011382103,0.321391046047211,1,,,,,,,,,,,,,,,,
,3952680672.65763,35.6623802185059,999.966186523437,,,6,,,,20.5401958228521,,,1,,,,,,,,,,,,,,,,,,,,,,35.3798370361328,35.9790534973145,999.966186523437,999.966186523437,,,5.85270643234253,,1,0,0,0,0,30.3030319213867,2,1,1,35.3457069396973,0,35.67008934021,,,0.000141372667537908,6.97564529651468E-6,0.000141542861561425,6.97595688667683E-6,0.944603502750397,0.972499966621399,20.3586730957031,0,30,4,200,-0.000278494058875367,-0.341258406639099,0.322162002325058,1,,,,,,,,,,,,,,,,
,3952680682.58961,35.0602931976318,999.966186523437,,,6,,,,20.5401958228521,,,1,,,,,,,,,,,,,,,,,,,,,,34.8173179626465,35.3457069396973,999.966186523437,999.966186523437,,,5.84131050109863,,1,0,0,0,0,29.8142719268799,2,1,1,34.7748794555664,0,35.0895487467448,,,0.000142155446872782,7.01439456063094E-6,0.00014233053955246,7.01474800142048E-6,0.944283604621887,0.972654819488525,20.3569602966309,0,30,4,200,-5.70736992813181E-5,-0.344220817089081,0.322456896305084,1,,,,,,,,,,,,,,,,
,3952680692.39747,34.4969749450684,999.966186523437,,,6,,,,20.5401958228521,,,1,,,,,,,,,,,,,,,,,,,,,,34.2628288269043,34.7669792175293,999.966186523437,999.966186523437,,,5.82917404174805,,1,0,0,0,0.0141143798828125,30.3030319213867,2,1,1,34.2269706726074,0,34.5242114596897,,,0.000142860106831452,7.04918067530844E-6,0.000143036863467609,7.04952243965489E-6,0.944237470626831,0.972834169864655,20.3563747406006,0,30,4,200,-0.000249444303335622,-0.346548289060593,0.323643684387207,1,,,,,,,,,,,,,,,,
,3952680702.36075,33.9347152709961,999.966186523437,,,6,,,,20.5401958228521,,,1,,,,,,,,,,,,,,,,,,,,,,33.6529922485352,34.2269706726074,999.966186523437,999.966186523437,,,5.81561803817749,,1,0,0,0,0,30.7917900085449,2,1,1,33.6424598693848,0,33.9289875030518,,,0.000143597986091501,7.08569370063782E-6,0.000143777655598903,7.08605224480392E-6,0.943972706794739,0.972722053527832,20.35546875,0,30,4,200,-0.000251319230301306,-0.350032657384872,0.323756843805313,1,,,,,,,,,,,,,,,,
,3952680721.31136,32.8339099884033,999.966186523437,,,6,,,,20.5346379106273,,,1,,,,,,,,,,,,,,,,,,,,,,32.5921859741211,33.1118850708008,999.966186523437,999.966186523437,,,5.79153060913086,,1,0,0,0,0,30.3030319213867,2,1,1,32.5559349060059,0,32.8570730421278,,,0.000145127765194519,7.1607284014294E-6,0.000145303482754147,7.16107961675925E-6,0.945108532905579,0.973629891872406,20.3529033660889,,30,4,200,-0.000309606140945107,-0.358146756887436,0.322536766529083,1,,,,,,,,,,,,,,,,
,3952680731.03801,32.264087677002,999.966186523437,,,6,,,,20.5346379106273,,,1,,,,,,,,,,,,,,,,,,,,,,31.9829368591309,32.545238494873,999.966186523437,999.966186523437,,,5.77897262573242,,1,0,0,0,0,30.3030319213867,2,1,1,31.9829368591309,0,32.2652763366699,,,0.000145796729362618,7.19397714388178E-6,0.000145974965449367,7.19431801588792E-6,0.944501578807831,0.972873985767364,20.3518753051758,0,30,4,200,-0.000191007144167088,-0.36149924993515,0.322460055351257,1,,,,,,,,,,,,,,,,
,3952680740.72977,31.6803493499756,999.966186523437,,,6,,,,20.5346379106273,,,1,,,,,,,,,,,,,,,,,,,,,,31.4186973571777,31.9737396240234,999.966186523437,999.966186523437,,,5.76441478729248,,1,0,0,0,0,30.3030319213867,2,1,1,31.3869590759277,0,31.7050315009223,,,0.00014654572788033,7.23096856558147E-6,0.000146727303862886,7.23133672520103E-6,0.944420337677002,0.973187685012817,20.3508682250977,0,30,4,200,-0.00023405956744682,-0.365199238061905,0.322386980056763,1,,,,,,,,,,,,,,,,
,3952680750.71367,31.0863180160522,999.966186523437,,,6,,,,20.5346379106273,,,1,,,,,,,,,,,,,,,,,,,,,,30.814208984375,31.3869590759277,999.966186523437,999.966186523437,,,5.74960374832153,,1,0,0,0,0,30.7917900085449,2,1,1,30.7856769561768,0,31.1105520248413,,,0.000147300982987314,7.2683711347257E-6,0.000147485997522862,7.26875170025724E-6,0.944076776504517,0.973050534725189,20.349681854248,,30,4,200,-0.000222465154365636,-0.369052588939667,0.321989864110947,1,,,,,,,,,,,,,,,,
,3952680760.69025,30.5002183914185,999.966186523437,,,6,,,,20.5346379106273,,,1,,,,,,,,,,,,,,,,,,,,,,30.2733097076416,30.7856769561768,999.966186523437,999.966186523437,,,5.7338981628418,,1,0,0,0,0.0141143798828125,30.3030319213867,2,1,1,30.2147598266602,0,30.5408653683133,,,0.000148068897572272,7.30633367583738E-6,0.000148256411831972,7.30669960862298E-6,0.943906903266907,0.973165154457092,20.3486881256104,0,30,4,200,-0.000181657305802219,-0.372403860092163,0.321934640407562,1,,,,,,,,,,,,,,,,
,3952680770.38492,29.9313259124756,999.966186523437,,,6,,,,20.5346379106273,,,1,,,,,,,,,,,,,,,,,,,,,,29.6911678314209,30.2147598266602,999.966186523437,999.966186523437,,,5.71862173080444,,1,0,0,0,0.0141143798828125,30.7917900085449,2,1,1,29.647891998291,0,29.9606658087836,,,0.000148790275922971,7.34203637187036E-6,0.000148981725274358,7.34242579958669E-6,0.943653583526611,0.9732785820961,20.3473930358887,3.01528916679672E-6,30,4,200,-0.000196846260223538,-0.376001954078674,0.321976065635681,1,,,,,,,,,,,,,,,,
,3952680788.70819,28.844310760498,999.966186523437,,,6,,,,20.529369651492,,,1,,,,,,,,,,,,,,,,,,,,,,28.5722713470459,29.1324367523193,999.966186523437,999.966186523437,,,5.68658685684204,,1,0,0,0,0.0128173828125,31.2805480957031,2,1,1,28.5561847686768,0,28.8424125247531,,,0.000150267447939218,7.41430547415011E-6,0.000150452053748518,7.41465463282944E-6,0.94515323638916,0.974482297897339,20.3461017608643,0,30,4,200,-0.000229170560487546,-0.382284969091415,0.321990191936493,1,,,,,,,,,,,,,,,,
,3952680798.38941,28.2961673736572,999.966186523437,,,6,,,,20.529369651492,,,1,,,,,,,,,,,,,,,,,,,,,,28.0859889984131,28.5505332946777,999.966186523437,999.966186523437,,,5.66892623901367,,1,0,0,0,0.0141143798828125,30.3030319213867,2,1,1,28.0418014526367,0,28.3214437696669,,,0.000150953365903151,7.44841882810448E-6,0.000151140924014073,7.44877347211065E-6,0.94450169801712,0.973611354827881,20.3450756072998,,30,4,200,-0.000161537798703648,-0.385257095098495,0.322739869356155,1,,,,,,,,,,,,,,,,
,3952680808.47292,27.7096977233887,999.966186523437,,,6,,,,20.529369651492,,,1,,,,,,,,,,,,,,,,,,,,,,27.474494934082,27.9984931945801,999.966186523437,999.966186523437,,,5.64843559265137,,1,0,0,0,0.014190673828125,30.3030319213867,2,1,1,27.4209022521973,0,27.7478313446045,,,0.000151732678011173,7.4870124642728E-6,0.000151924401201432,7.48737772855468E-6,0.944161355495453,0.973644137382507,20.3435478210449,4.51038217544556,30,4,200,-0.000182934934855439,-0.388698846101761,0.322975665330887,1,,,,,,,,,,,,,,,,
,3952680818.36042,27.1373834609985,999.966186523437,,,6,,,,20.529369651492,,,1,,,,,,,,,,,,,,,,,,,,,,26.8538646697998,27.4209022521973,999.966186523437,999.966186523437,,,5.62875413894653,,1,0,0,0,0,31.2805480957031,2,1,1,26.8538646697998,0,27.1371209886339,,,0.000152484609139786,7.52408980116495E-6,0.000152678377732072,7.52446818767029E-6,0.944219291210175,0.973984241485596,20.3431167602539,2.87713896796049E-6,30,4,200,-0.000189021127880551,-0.393093466758728,0.322572290897369,1,,,,,,,,,,,,,,,,
,3952680828.05715,26.5538949966431,999.966186523437,,,6,,,,20.529369651492,,,1,,,,,,,,,,,,,,,,,,,,,,26.2910308837891,26.8444480895996,999.966186523437,999.966186523437,,,5.60799074172974,,1,0,0,0,0.0141143798828125,30.3030319213867,2,1,1,26.2633419036865,0,26.560763253106,,,0.000153195126173335,7.55951939374991E-6,0.000153393853759863,7.55989314558411E-6,0.943355917930603,0.973175048828125,20.34104347229,2.95530730909377E-6,30,4,200,-6.04439665039536E-5,-0.39492279291153,0.323543071746826,1,,,,,,,,,,,,,,,,
,3952680838.05105,25.973427772522,999.966186523437,,,6,,,,20.529369651492,,,1,,,,,,,,,,,,,,,,,,,,,,25.714054107666,26.2633419036865,999.966186523437,999.966186523437,,,5.58514547348022,,1,0,0,0,0.0141143798828125,30.3030319213867,2,1,1,25.6835136413574,0,26.0046852111816,,,0.000154014436384845,7.59989139079164E-6,0.000154215238594796,7.60025794671982E-6,0.943485856056213,0.973745346069336,20.3404521942139,0,30,4,200,-0.000204281270271167,-0.398537814617157,0.323697745800018,1,,,,,,,,,,,,,,,,
,3952680856.85169,24.8695526123047,999.966186523437,,,6,,,,20.5242864845286,,,1,,,,,,,,,,,,,,,,,,,,,,24.6160736083984,25.1628475189209,999.966186523437,999.966186523437,,,5.53761386871338,,1,0,0,0,0,30.3030319213867,2,1,1,24.5762577056885,0,24.8835678100586,,,0.00015554963998148,7.67514908547845E-6,0.000155746020155841,7.67554383615044E-6,0.944644570350647,0.97454047203064,20.3387355804443,0,30,4,200,-0.000302632543025538,-0.405295372009277,0.323888808488846,1,,,,,,,,,,,,,,,,
,3952680866.64858,24.2925329208374,999.966186523437,,,6,,,,20.5242864845286,,,1,,,,,,,,,,,,,,,,,,,,,,24.0863666534424,24.5762577056885,999.966186523437,999.966186523437,,,5.51326131820679,,1,0,0,0,0.0141143798828125,29.8142719268799,2,1,1,24.0088081359863,0,24.3530640072293,,,0.000156233264723536,7.70919733668238E-6,0.000156434037673654,7.70959287969321E-6,0.943907916545868,0.973824799060822,20.3370018005371,0,30,4,200,-0.000183170617674477,-0.409051179885864,0.32352739572525,1,,,,,,,,,,,,,,,,
,3952680876.40961,23.7192096710205,999.966186523437,,,6,,,,20.5242864845286,,,1,,,,,,,,,,,,,,,,,,,,,,23.4936084747314,23.9917621612549,999.966186523437,999.966186523437,,,5.48604345321655,,1,0,0,0,0.0128173828125,30.7917900085449,2,1,1,23.4466571807861,0,23.7423803541395,,,0.000156979902273738,7.74615599892903E-6,0.00015718486923183,7.74657367390558E-6,0.943646848201752,0.973948895931244,20.3356494903564,0,30,4,200,-0.000168105543707497,-0.41284042596817,0.32350355386734,1,,,,,,,,,,,,,,,,
,3952680886.4628,23.1465978622437,999.966186523437,,,6,,,,20.5242864845286,,,1,,,,,,,,,,,,,,,,,,,,,,22.8673343658447,23.405252456665,999.966186523437,999.966186523437,,,5.45611572265625,,1,0,0,0,0.0141143798828125,30.7917900085449,2,1,1,22.8465385437012,0,23.1533482869466,,,0.000157793950044644,7.78627277024617E-6,0.000158000235871072,7.78668347812714E-6,0.943759858608246,0.974303245544434,20.3354396820068,0,30,4,200,-0.00010863382340176,-0.416915446519852,0.322998046875,1,,,,,,,,,,,,,,,,
,3952680896.30839,22.5538787841797,999.966186523437,,,6,,,,20.5242864845286,,,1,,,,,,,,,,,,,,,,,,,,,,22.3221588134766,22.8284454345703,999.966186523437,999.966186523437,,,5.4257435798645,,1,0,0,0,0.0141143798828125,30.7917900085449,2,1,1,22.2793121337891,0,22.5910489824083,,,0.000158577196543457,7.82521809764328E-6,0.000158789281527065,7.82563460798469E-6,0.943091809749603,0.973981559276581,20.3332271575928,3.07501868519466E-5,30,4,200,-0.000102261736174114,-0.420076876878738,0.323406964540482,1,,,,,,,,,,,,,,,,
,3952680906.09272,22.0092811584473,999.966186523437,,,6,,,,20.5242864845286,,,1,,,,,,,,,,,,,,,,,,,,,,21.7805671691895,22.2599945068359,999.966186523437,999.966186523437,,,5.39315128326416,,1,0,0,0,0.0141143798828125,29.3255138397217,2,1,1,21.7585678100586,0,22.0222744411892,,,0.000159369426960257,7.86443790923331E-6,0.000159584503365006,7.86482512814732E-6,0.942813873291016,0.973988771438599,20.3320255279541,0,30,4,200,-3.19904211210087E-5,-0.423006862401962,0.324045807123184,1,,,,,,,,,,,,,,,,
,3952680924.35111,20.9473361968994,999.966186523437,,,6,,,,20.5191100644907,,,1,,,,,,,,,,,,,,,,,,,,,,20.7091522216797,21.2068424224854,999.966186523437,999.966186523437,,,5.32700443267822,,1,0,0,0,0.0141143798828125,30.3030319213867,2,1,1,20.6878299713135,0,20.9474902682834,,,0.000160938965683999,7.94119326995125E-6,0.000161145747488023,7.94156661932505E-6,0.94436639547348,0.97498631477356,20.3315162658691,0,30,4,200,-0.000213209583307616,-0.428696393966675,0.325261056423187,1,,,,,,,,,,,,,,,,
,3952680933.99033,20.4016561508179,999.966186523437,,,6,,,,20.5191100644907,,,1,,,,,,,,,,,,,,,,,,,,,,20.1776390075684,20.6796245574951,999.966186523437,999.966186523437,,,5.29170417785645,,1,0,0,0,0.0141143798828125,30.3030319213867,2,1,1,20.1236877441406,0,20.4313702053494,,,0.00016166912751291,7.97750631114254E-6,0.000161881559233695,7.97792302514492E-6,0.943729341030121,0.97451639175415,20.3297100067139,4.50884771347046,30,4,200,-9.0292924141977E-5,-0.431724965572357,0.325695663690567,1,,,,,,,,,,,,,,,,
,3952680944.0758,19.8185739517212,999.966186523437,,,6,,,,20.5191100644907,,,1,,,,,,,,,,,,,,,,,,,,,,19.5783081054687,20.1022930145264,999.966186523437,999.966186523437,,,5.25116300582886,,1,0,0,0,0.0141143798828125,30.7917900085449,2,1,1,19.534854888916,0,19.8407702975803,,,0.000162506058627093,8.0188737143623E-6,0.000162720607306998,8.01926250632297E-6,0.943572044372559,0.974560022354126,20.3289585113525,0,30,4,200,-0.000125144200865179,-0.435374617576599,0.326208472251892,1,,,,,,,,,,,,,,,,
,3952680953.85816,19.2457704544067,999.966186523437,,,6,,,,20.5191100644907,,,1,,,,,,,,,,,,,,,,,,,,,,19.0288143157959,19.5109958648682,999.966186523437,999.966186523437,,,5.21151304244995,,1,0,0,0,0,30.3030319213867,2,1,1,18.9805450439453,0,19.2781263987223,,,0.000163311610527631,8.05880680677942E-6,0.000163531664866509,8.05922593933537E-6,0.943176746368408,0.97460663318634,20.3271942138672,0,30,4,200,-1.01030263977009E-5,-0.438057363033295,0.327138751745224,1,,,,,,,,,,,,,,,,
,3952680963.57264,18.69251537323,999.966186523437,,,6,,,,20.5191100644907,,,1,,,,,,,,,,,,,,,,,,,,,,18.4348850250244,18.9805450439453,999.966186523437,999.966186523437,,,5.17056703567505,,1,0,0,0,0,30.3030319213867,2,1,1,18.4044857025146,0,18.6987472110324,,,0.000164127131577384,8.09909602610616E-6,0.000164349616548573,8.09951310516982E-6,0.94307404756546,0.974715232849121,20.326566696167,2.8213157747814E-6,30,4,200,-6.75696574035101E-5,-0.440995454788208,0.328030437231064,1,,,,,,,,,,,,,,,,
,3952680973.59187,18.0931100845337,999.966186523437,,,6,,,,20.5191100644907,,,1,,,,,,,,,,,,,,,,,,,,,,17.8042297363281,18.4044857025146,999.966186523437,999.966186523437,,,5.12651538848877,,1,0,0,0,0,31.2805480957031,2,1,1,17.7817344665527,0,18.0998809814453,,,0.000164948393892465,8.13966568369458E-6,0.000165173555315235,8.14008132445382E-6,0.942981064319611,0.974897086620331,20.3258171081543,0,30,4,200,1.13568494271021E-5,-0.443535894155502,0.329103350639343,1,,,,,,,,,,,,,,,,
,3952680992.4704,17.0095119476318,999.966186523437,,,6,,,,20.5136099782286,,,1,,,,,,,,,,,,,,,,,,,,,,16.7542133331299,17.2948741912842,999.966186523437,999.966186523437,,,5.0378098487854,,1,0,0,0,0.0141143798828125,30.7917900085449,2,1,1,16.7241497039795,0,17.0298743777805,,,0.000166514527531691,8.21641343488968E-6,0.000166734904834626,8.21687752323244E-6,0.944135904312134,0.975642800331116,20.323802947998,,30,4,200,-0.000173992462805472,-0.448118716478348,0.331589937210083,1,,,,,,,,,,,,,,,,
,3952681002.17399,16.4524383544922,999.966186523437,,,6,,,,20.5136099782286,,,1,,,,,,,,,,,,,,,,,,,,,,16.2381839752197,16.7241497039795,999.966186523437,999.966186523437,,,4.9882493019104,,1,0,0,0,0,30.7917900085449,2,1,1,16.1807270050049,0,16.5005802578396,,,0.000167211933496409,8.25105921307662E-6,0.000167435767763838,8.25151682666753E-6,0.943635106086731,0.975154042243958,20.3225994110107,0,30,4,200,-1.4153322808852E-5,-0.450320392847061,0.332840740680695,1,,,,,,,,,,,,,,,,
,3952681011.8946,15.9004545211792,999.966186523437,,,6,,,,20.5136099782286,,,1,,,,,,,,,,,,,,,,,,,,,,15.6552639007568,16.1807270050049,999.966186523437,999.966186523437,,,4.94138526916504,,1,0,0,0,0,30.3030319213867,2,1,1,15.6201820373535,0,15.9060671064589,,,0.00016791373599762,8.28583827668545E-6,0.00016814195608331,8.28629079212009E-6,0.94331419467926,0.97528088092804,20.3210144042969,0,30,4,200,3.24459033436142E-5,-0.452113658189774,0.334113419055939,1,,,,,,,,,,,,,,,,
,3952681021.84453,15.3231682777405,999.966186523437,,,6,,,,20.5136099782286,,,1,,,,,,,,,,,,,,,,,,,,,,15.0427331924438,15.6201820373535,999.966186523437,999.966186523437,,,4.88775205612183,,1,0,0,0,0.0141143798828125,30.7917900085449,2,1,1,15.0261545181274,0,15.3266141891479,,,0.000168513098866111,8.31561615949359E-6,0.000168745744602081,8.31608158665766E-6,0.942889094352722,0.975110650062561,20.3195343017578,2.66619554167846E-6,30,4,200,-2.40095450863009E-5,-0.45359656214714,0.335600435733795,1,,,,,,,,,,,,,,,,
,3952681031.7764,14.7638020515442,999.966186523437,,,6,,,,20.5136099782286,,,1,,,,,,,,,,,,,,,,,,,,,,14.5395078659058,15.0261545181274,999.966186523437,999.966186523437,,,4.83431100845337,,1,0,0,0,0.0141143798828125,30.3030319213867,2,1,1,14.5014495849609,0,14.7788679334852,,,0.000169028416810632,8.34115452093282E-6,0.000169265095130641,8.34163864126381E-6,0.942660689353943,0.975289523601532,20.3182373046875,0,30,4,200,6.10653005423956E-5,-0.454407066106796,0.336718052625656,1,,,,,,,,,,,,,,,,
,3952681041.44873,14.2089266777039,999.966186523437,,,6,,,,20.5136099782286,,,1,,,,,,,,,,,,,,,,,,,,,,13.9326324462891,14.5014495849609,999.966186523437,999.966186523437,,,4.77891540527344,,1,0,0,0,0.0141143798828125,30.3030319213867,2,1,1,13.9164037704468,0,14.2065864139133,,,0.000169123148140254,8.34606448682973E-6,0.000169364484476202,8.3465549270867E-6,0.942173302173614,0.975202322006226,20.3163566589355,0,30,4,200,6.44711108179763E-5,-0.453747570514679,0.338375717401505,1,,,,,,,,,,,,,,,,
,3952681051.10753,13.6465244293213,999.966186523437,,,6,,,,20.5136099782286,,,1,,,,,,,,,,,,,,,,,,,,,,13.4158620834351,13.9164037704468,999.966186523437,999.966186523437,,,4.72205591201782,,1,0,0,0,0.0141143798828125,30.7917900085449,2,1,1,13.3766450881958,0,13.6753346125285,,,0.000168471752552499,8.31414301445858E-6,0.000168717518949438,8.31465932262411E-6,0.941711962223053,0.975265026092529,20.314323425293,2.86564209091011E-5,30,4,200,7.45031275073416E-6,-0.450624138116837,0.339138299226761,1,,,,,,,,,,,,,,,,
,3952681061.05011,13.0819373130798,999.966186523437,,,6,,,,20.5136099782286,,,1,,,,,,,,,,,,,,,,,,,,,,12.8180294036865,13.361762046814,999.966186523437,999.966186523437,,,4.65793323516846,,1,0,0,0,0,30.3030319213867,2,1,1,12.8021125793457,0,13.0990467071533,,,0.000166913412914795,8.23770752814431E-6,0.000167164826863972,8.23821177304959E-6,0.940745413303375,0.974914789199829,20.3108863830566,0,30,4,200,-8.54658646858297E-5,-0.444273412227631,0.338704913854599,1,,,,,,,,,,,,,,,,
,3952681070.80853,12.5347919464111,999.966186523437,,,6,,,,20.5136099782286,,,1,,,,,,,,,,,,,,,,,,,,,,12.3010816574097,12.8021125793457,999.966186523437,999.966186523437,,,4.59699106216431,,1,0,0,0,0,30.3030319213867,2,1,1,12.2674713134766,0,12.5562608506944,,,0.000164646544433292,8.12625314512924E-6,0.000164902811542822,8.12677857800786E-6,0.939881980419159,0.974715292453766,20.3076152801514,0,30,4,200,-6.89347434672527E-5,-0.434974312782288,0.337824016809463,1,,,,,,,,,,,,,,,,
,3952681080.50766,11.9932680130005,999.966186523437,,,6,,,,20.5136099782286,,,1,,,,,,,,,,,,,,,,,,,,,,11.7360973358154,12.2674713134766,999.966186523437,999.966186523437,,,4.53103446960449,,1,0,0,0,0,30.7917900085449,2,1,1,11.7190647125244,0,11.9873184627957,,,0.000161878700332825,7.99027699470695E-6,0.00016214121794241,7.99080295328862E-6,0.938577651977539,0.974105954170227,20.3032474517822,,30,4,200,-7.98678956925869E-5,-0.423758447170258,0.33700767159462,1,,,,,,,,,,,,,,,,
,3952681090.54382,11.4337573051453,999.966186523437,,,6,,,,20.5136099782286,,,1,,,,,,,,,,,,,,,,,,,,,,11.2328586578369,11.7190647125244,999.966186523437,999.966186523437,,,4.45783996582031,,1,0,0,0,0.0140380859375,30.3030319213867,2,1,1,11.1484498977661,0,11.4625576866998,,,0.00015879434498417,7.83852971030079E-6,0.00015906014815365,7.83906233375416E-6,0.937565922737122,0.973612248897553,20.2998752593994,0.186923205852509,30,4,200,-0.000119688040285837,-0.411604702472687,0.335230588912964,1,,,,,,,,,,,,,,,,
,3952681100.58744,10.8741283416748,999.966186523437,,,6,,,,20.5136099782286,,,1,,,,,,,,,,,,,,,,,,,,,,10.6505641937256,11.135947227478,999.966186523437,999.966186523437,,,4.3836498260498,,1,0,0,0,0.0141143798828125,30.7917900085449,2,1,1,10.6123094558716,0,10.8936601214939,,,0.000155405147747572,7.67188815974316E-6,0.000155676705883368,7.67242741599367E-6,0.936209559440613,0.973054766654968,20.2951984405518,0,30,4,200,1.79540111275855E-5,-0.39771980047226,0.334024846553802,1,,,,,,,,,,,,,,,,
,3952681110.27071,10.3309507369995,999.966186523437,,,6,,,,20.5136099782286,,,1,,,,,,,,,,,,,,,,,,,,,,10.0792589187622,10.5947856903076,999.966186523437,999.966186523437,,,4.30684471130371,,1,0,0,0,0.0141143798828125,30.3030319213867,2,1,1,10.0671157836914,0,10.3255888621012,,,0.000152276040762979,7.51784075240018E-6,0.000152550831213557,7.51840425826781E-6,0.935325682163239,0.972883224487305,20.2917938232422,0.186946034431458,30,4,200,4.72027313662693E-5,-0.383715361356735,0.333186864852905,1,,,,,,,,,,,,,,,,
,3952681119.95219,9.94342994689941,999.966186523437,,,6,,,,20.5136099782286,,,1,,,,,,,,,,,,,,,,,,,,,,9.86170959472656,10.0637636184692,999.966186523437,999.966186523437,,,4.27565097808838,,1,0,0,0,0.0141143798828125,30.7917900085449,6,1,1,9.82309627532959,0,9.97297223409017,,,0.000150475061061491,7.4299891004814E-6,0.000150760170069678,7.43057176360049E-6,0.933160305023193,0.970876812934876,20.2862968444824,2.43558724832837E-6,30,4,200,6.6917207732331E-5,-0.374562412500381,0.334557384252548,1,,,,,,,,,,,,,,,,
,3952681130.0726,9.50884294509888,999.966186523437,,,6,,,,20.5136099782286,,,1,,,,,,,,,,,,,,,,,,,,,,9.25534343719482,9.80110549926758,999.966186523437,999.966186523437,,,4.25445079803467,,1,0,0,0,0,30.3030319213867,6,1,1,9.21658039093018,0,9.54035303327772,,,0.000148458281342643,7.32983260848032E-6,0.000148736728020909,7.33041581265299E-6,0.934341430664062,0.972952544689178,20.2875328063965,0,30,4,200,-0.000598313170485198,-0.366148799657822,0.3318932056427,1,,,,,,,,,,,,,,,,
,3952681139.90096,8.91523456573486,999.966186523437,,,6,,,,20.5136099782286,,,1,,,,,,,,,,,,,,,,,,,,,,8.6648530960083,9.21658039093018,999.966186523437,999.966186523437,,,4.2086353302002,,1,0,0,0,0.0141143798828125,30.3030319213867,6,1,1,8.61388874053955,0,8.93964142269558,,,0.000146424949885031,7.22970296721304E-6,0.00014670448667891,7.23026422281304E-6,0.933788359165192,0.972905933856964,20.2852897644043,0,30,4,200,-0.000248823635047302,-0.360208451747894,0.328814387321472,1,,,,,,,,,,,,,,,,
,3952681149.57541,8.32567501068115,999.966186523437,,,6,,,,20.5136099782286,,,1,,,,,,,,,,,,,,,,,,,,,,8.08269214630127,8.60801410675049,999.966186523437,999.966186523437,,,4.14906978607178,,1,0,0,0,0.014190673828125,30.3030319213867,6,1,1,8.04333591461182,0,8.32809405856662,,,0.000144990264070994,7.15927516777107E-6,0.000145274193744586,7.15986045550064E-6,0.932942807674408,0.972480714321137,20.2825012207031,0,30,4,200,-8.103069558274E-5,-0.35228905081749,0.330308586359024,1,,,,,,,,,,,,,,,,
,3952681159.55606,7.72170758247375,999.966186523437,,,6,,,,20.5136099782286,,,1,,,,,,,,,,,,,,,,,,,,,,7.41422367095947,8.04333591461182,999.966186523437,999.966186523437,,,4.06756019592285,,1,0,0,0,0.0141143798828125,30.7917900085449,6,1,1,7.40007925033569,0,7.7355954170227,,,0.000143929688324582,7.10709470071022E-6,0.00014421499448002,7.10766362205694E-6,0.932543277740478,0.972431838512421,20.2809085845947,0,30,4,200,0.000135037553263828,-0.344983160495758,0.333468496799469,1,,,,,,,,,,,,,,,,
,3952681169.54355,7.14499258995056,999.966186523437,,,6,,,,20.5136099782286,,,1,,,,,,,,,,,,,,,,,,,,,,6.94171142578125,7.40007925033569,999.966186523437,999.966186523437,,,3.98536157608032,,1,0,0,0,0.0141143798828125,30.3030319213867,6,1,1,6.88990592956543,0,7.17858494652642,,,0.000143279258898373,7.07544733794439E-6,0.00014357327285804,7.07606222934E-6,0.931569874286652,0.972299337387085,20.2770805358887,0,30,4,200,0.00029272329993546,-0.337467044591904,0.338116347789764,1,,,,,,,,,,,,,,,,
,3952681179.22107,6.61760330200195,999.966186523437,,,6,,,,20.5136099782286,,,1,,,,,,,,,,,,,,,,,,,,,,6.3645715713501,6.88990592956543,999.966186523437,999.966186523437,,,3.88147282600403,,1,0,0,0,0.014190673828125,30.3030319213867,6,1,1,6.34530067443848,0,6.61284526189168,,,0.000142833571493456,7.05380097552009E-6,0.000143132853001773,7.05440003879418E-6,0.930823922157288,0.972069501876831,20.2743663787842,0,30,4,200,0.000455397093901411,-0.328615725040436,0.345156043767929,1,,,,,,,,,,,,,,,,
,3952681188.8762,6.08033394813538,999.966186523437,,,6,,,,20.5136099782286,,,1,,,,,,,,,,,,,,,,,,,,,,5.85191059112549,6.34530067443848,999.966186523437,999.966186523437,,,3.76058530807495,,1,0,0,0,0.0141143798828125,30.3030319213867,6,1,1,5.81536722183228,0,6.09454626507229,,,0.000142590799683526,7.04218197309024E-6,0.00014289828430023,7.04284017218778E-6,0.930078625679016,0.972081780433655,20.271240234375,0,30,4,200,0.000579265237320215,-0.319511830806732,0.353701561689377,1,,,,,,,,,,,,,,,,
,3952681199.01802,5.51375150680542,999.966186523437,,,6,,,,20.5136099782286,,,1,,,,,,,,,,,,,,,,,,,,,,5.26816749572754,5.78234720230103,999.966186523437,999.966186523437,,,3.61149144172668,,1,0,0,0,0.0141143798828125,30.7917900085449,6,1,1,5.24515581130981,0,5.52604463365343,,,0.000142461839447873,7.03631866231347E-6,0.000142778356760842,7.03697358191161E-6,0.929059505462647,0.971848905086517,20.2673759460449,0,30,4,200,0.000747562851756811,-0.308588832616806,0.364993035793304,1,,,,,,,,,,,,,,,,
,3952681208.95196,4.96417284011841,999.966186523437,,,6,,,,20.5136099782286,,,1,,,,,,,,,,,,,,,,,,,,,,4.71349716186523,5.22550392150879,999.966186523437,999.966186523437,,,3.46898984909058,,1,0,0,0,0.0141143798828125,30.3030319213867,6,1,1,4.70284175872803,0,4.96179511811998,,,0.000142435505822581,7.03543820914464E-6,0.000142759936269264,7.03610785998057E-6,0.928230404853821,0.971646308898926,20.2642822265625,,30,4,200,0.00104926526546478,-0.29618638753891,0.378199994564056,1,,,,,,,,,,,,,,,,
,3952681218.75683,4.43127989768982,999.966186523437,,,6,,,,20.5136099782286,,,1,,,,,,,,,,,,,,,,,,,,,,4.21756887435913,4.68563175201416,999.966186523437,999.966186523437,,,3.29363441467285,,1,0,0,0,0.0141143798828125,30.3030319213867,6,1,1,4.17692804336548,0,4.44554132885403,,,0.000142504531712395,7.03898523252838E-6,0.000142836507479898,7.0396615647102E-6,0.927960574626923,0.972772538661957,20.2613468170166,1.79326616489561E-5,30,4,200,0.00149552128277719,-0.282169759273529,0.393672615289688,1,,,,,,,,,,,,,,,,
,3952681228.72376,3.89726984500885,999.966186523437,,,6,,,,20.5136099782286,,,1,,,,,,,,,,,,,,,,,,,,,,3.69721913337708,4.14925670623779,999.966186523437,999.966186523437,,,3.08463382720947,,1,0,0,0,0.0141143798828125,30.7917900085449,6,1,1,3.64528298377991,0,3.91471250851949,,,0.000142649060082943,7.04706435090371E-6,0.000142999154210609,7.04780421408474E-6,0.926132321357727,0.972096860408783,20.2548561096191,0,30,4,200,0.00201965076848865,-0.262195527553558,0.416853547096252,1,,,,,,,,,,,,,,,,
,3952681238.73145,3.39650750160217,999.966186523437,,,6,,,,20.5136099782286,,,1,,,,,,,,,,,,,,,,,,,,,,3.15777277946472,3.63524222373962,999.966186523437,999.966186523437,,,2.87184882164001,,1,0,0,0,0.0141143798828125,30.3030319213867,6,1,1,3.15777277946472,0,3.39365091323853,,,0.000142872053064452,7.05873039557676E-6,0.000143236160215896,7.05949601265266E-6,0.924905717372894,0.972049415111542,20.2498512268066,,30,4,200,0.00284865964204073,-0.236486986279488,0.446068435907364,1,,,,,,,,,,,,,,,,
,3952681248.50229,2.90985214710236,999.966186523437,,,6,,,,20.5136099782286,,,1,,,,,,,,,,,,,,,,,,,,,,2.70511722564697,3.15777277946472,999.966186523437,999.966186523437,,,2.63819336891174,,1,0,0,0,0,30.7917900085449,6,1,1,2.66193151473999,0,2.92264731725057,,,0.000143031981886128,7.06725285252497E-6,0.000143414578410863,7.06804064556603E-6,0.923752903938294,0.973342955112457,20.2432098388672,4.49924564361572,30,4,200,0.00395354721695185,-0.203256517648697,0.482942044734955,1,,,,,,,,,,,,,,,,
,3952681258.65903,2.47322523593903,999.966186523437,,,6,,,,20.5136099782286,,,1,,,,,,,,,,,,,,,,,,,,,,2.30725860595703,2.64211583137512,999.966186523437,999.966186523437,,,2.42571568489075,,1,0,0,0,0.014190673828125,30.3030319213867,6,1,1,2.30433464050293,0,2.44207938512166,,,0.000143282052766908,7.08548497622876E-6,0.000143737424589399,7.08641726261307E-6,0.913618564605713,0.962507963180542,20.2188472747803,5.34661921847146E-6,30,4,200,0.00314087350852788,-0.155101999640465,0.538419425487518,1,,,,,,,,,,,,,,,,
,3952681268.5372,2.30012083053589,999.966186523437,,,6,,,,20.5136099782286,,,1,,,,,,,,,,,,,,,,,,,,,,2.28608417510986,2.30433464050293,999.966186523437,999.966186523437,,,2.38667988777161,,1,0,0,0,0,30.7917900085449,6,1,1,2.29590702056885,0,2.29194468922085,,,0.000143443480648504,7.09064376360826E-6,0.00014387806333425,7.09153297229658E-6,0.918327331542969,0.970116138458252,20.2257328033447,,30,4,200,-0.00069209496723488,-0.132245808839798,0.542091071605682,1,,,,,,,,,,,,,,,,
,3952681278.32742,2.29771971702576,999.966186523437,,,6,,,,20.5136099782286,,,1,,,,,,,,,,,,,,,,,,,,,,2.28783559799194,2.29709959030151,999.966186523437,999.966186523437,,,2.38176155090332,,1,0,0,0,0,30.7917900085449,6,1,1,2.29883980751038,0,2.29245336850484,,,0.000143450538408033,7.09115140549733E-6,0.000143885928288079,7.09203233866605E-6,0.918050527572632,0.969580769538879,20.2254161834717,7.53109191009571E-7,30,4,200,-0.000778879038989544,-0.135698050260544,0.538817703723907,1,,,,,,,,,,,,,,,,
,3952681288.3398,2.29853129386902,999.966186523437,,,6,,,,20.5136099782286,,,1,,,,,,,,,,,,,,,,,,,,,,2.28586149215698,2.29967045783997,999.966186523437,999.966186523437,,,2.38142132759094,,1,0,0,0,0,30.7917900085449,6,1,1,2.29739212989807,0,2.29188330173492,,,0.000143438311561374,7.09093044751643E-6,0.000143881189522356,7.09186743905464E-6,0.917398750782013,0.969267189502716,20.2232494354248,0,30,4,200,-0.000823375768959522,-0.138773307204247,0.536418259143829,1,,,,,,,,,,,,,,,,
,3952681298.29122,2.29601037502289,999.966186523437,,,6,,,,20.5136099782286,,,1,,,,,,,,,,,,,,,,,,,,,,2.28597187995911,2.29894065856934,999.966186523437,999.966186523437,,,2.38074541091919,,1,0,0,0,0,30.3030319213867,6,1,1,2.2946286201477,0,2.29139086935255,,,0.000143443887278352,7.09060958946601E-6,0.000143876274992614,7.09149699320845E-6,0.91841596364975,0.969859063625336,20.2265033721924,0,30,4,200,-0.000637907534837723,-0.142315462231636,0.532420873641968,1,,,,,,,,,,,,,,,,
,3952681307.98071,2.29286909103394,999.966186523437,,,6,,,,20.5136099782286,,,1,,,,,,,,,,,,,,,,,,,,,,2.28433704376221,2.29494905471802,999.966186523437,999.966186523437,,,2.38144516944885,,1,0,0,0,0,30.3030319213867,6,1,1,2.29078912734985,0,2.28963377740648,,,0.000143546986649409,7.09568457715864E-6,0.000143979253280421,7.09656811003235E-6,0.918452322483063,0.969879567623138,20.2266120910645,4.49740076065063,30,4,200,-0.000718613737262785,-0.145630717277527,0.530170738697052,1,,,,,,,,,,,,,,,,
,3952681317.66397,2.29136800765991,999.966186523437,,,6,,,,20.5136099782286,,,1,,,,,,,,,,,,,,,,,,,,,,2.28301191329956,2.29221081733704,999.966186523437,999.966186523437,,,2.37992358207703,,1,0,0,0,0,30.7917900085449,6,1,1,2.29052519798279,0,2.28812448183695,,,0.000143504787474448,7.09350805874825E-6,0.000143937843207221,7.09439312349024E-6,0.918609082698822,0.970515370368958,20.226282119751,0,30,4,200,-0.000642792496364564,-0.148099645972252,0.526577234268188,1,,,,,,,,,,,,,,,,
,3952681327.74203,2.29183900356293,999.966186523437,,,6,,,,20.5136099782286,,,1,,,,,,,,,,,,,,,,,,,,,,2.28288221359253,2.29328036308289,999.966186523437,999.966186523437,,,2.38371396064758,,1,0,0,0,0.0141143798828125,30.7917900085449,6,1,1,2.29107117652893,0,2.28693262736003,,,0.000143475329425387,7.09210575278085E-6,0.000143906865948523,7.09298994706883E-6,0.918516635894775,0.96993100643158,20.2268142700195,,30,4,200,-0.000683681457303464,-0.150854229927063,0.524212956428528,1,,,,,,,,,,,,,,,,
,3952681337.97997,2.28970110416412,999.966186523437,,,6,,,,20.5136099782286,,,1,,,,,,,,,,,,,,,,,,,,,,2.28060674667358,2.2910852432251,999.966186523437,999.966186523437,,,2.3835334777832,,1,0,0,0,0.0141143798828125,30.3030319213867,6,1,1,2.28831696510315,0,2.28523665004306,,,0.000143467882456235,7.09195424091582E-6,0.000143903383199198,7.09285653300739E-6,0.918144226074219,0.969749748706818,20.2255477905273,,30,4,200,-0.000612920906860381,-0.153519928455353,0.521372854709625,1,,,,,,,,,,,,,,,,
,3952681347.95414,2.28279948234558,999.966186523437,,,6,,,,20.5136099782286,,,1,,,,,,,,,,,,,,,,,,,,,,2.27364993095398,2.2886016368866,999.966186523437,999.966186523437,,,2.38032412528992,,1,0,0,0,0,30.3030319213867,6,1,1,2.27728199958801,0,2.28019998073578,,,0.000143510264638101,7.09364613976586E-6,0.000143937972652256,7.09453950043282E-6,0.918834030628204,0.969844400882721,20.228199005127,5.95263051986694,30,4,200,-0.000578876642975956,-0.156317114830017,0.519266843795776,1,,,,,,,,,,,,,,,,
,3952681357.9681,2.26511931419373,999.966186523437,,,6,,,,20.5136099782286,,,1,,,,,,,,,,,,,,,,,,,,,,2.25041770935059,2.27727675437927,999.966186523437,999.966186523437,,,2.37035322189331,,1,0,0,0,0.0128173828125,30.3030319213867,6,1,1,2.25296187400818,0,2.26106741693285,,,0.000143525577433692,7.09467787622921E-6,0.0001439577094222,7.09557850598961E-6,0.91836404800415,0.969544351100922,20.2267379760742,0,30,4,200,-0.00030954391695559,-0.157047718763351,0.519569098949432,1,,,,,,,,,,,,,,,,
,3952681367.69816,2.2500251531601,999.966186523437,,,6,,,,20.5136099782286,,,1,,,,,,,,,,,,,,,,,,,,,,2.23963499069214,2.25296187400818,999.966186523437,999.966186523437,,,2.36578631401062,,1,0,0,0,0,30.3030319213867,6,1,1,2.24708843231201,0,2.24464374118381,,,0.000143495929570872,7.09320725337966E-6,0.000143929234802413,7.09411848618348E-6,0.918371796607971,0.969804108142853,20.2264213562012,,30,4,200,-0.000537143263500184,-0.157286256551743,0.518597304821014,1,,,,,,,,,,,,,,,,
,3952681377.41712,2.24426960945129,999.966186523437,,,6,,,,20.5136099782286,,,1,,,,,,,,,,,,,,,,,,,,,,2.23476266860962,2.24748873710632,999.966186523437,999.966186523437,,,2.36400508880615,,1,0,0,0,0,31.2805480957031,6,1,1,2.24105048179626,0,2.24029138353136,,,0.000143571318516869,7.09665236792132E-6,0.000143999339600058,7.09751776383887E-6,0.918856978416443,0.970069825649261,20.227954864502,1.00501683846232E-5,30,4,200,-0.000556878570932895,-0.158849716186523,0.516461908817291,1,,,,,,,,,,,,,,,,
,3952681387.37697,2.23938930034637,999.966186523437,,,6,,,,20.5136099782286,,,1,,,,,,,,,,,,,,,,,,,,,,2.22986721992493,2.24161458015442,999.966186523437,999.966186523437,,,2.3630256652832,,1,0,0,0,0,30.7917900085449,6,1,1,2.23772811889648,0,2.23540184232924,,,0.000143533213029468,7.09518918272611E-6,0.000143969664318925,7.09612261871249E-6,0.918139755725861,0.969767212867737,20.2255058288574,0,30,4,200,-0.000646458298433572,-0.160938739776611,0.514509856700897,1,,,,,,,,,,,,,,,,
,3952681397.33185,2.23786604404449,999.966186523437,,,6,,,,20.5136099782286,,,1,,,,,,,,,,,,,,,,,,,,,,2.23024797439575,2.23772811889648,999.966186523437,999.966186523437,,,2.36463832855225,,1,0,0,0,0.0141143798828125,30.3030319213867,6,1,1,2.2380039691925,0,2.23356442981296,,,0.000143518355182983,7.09432094564822E-6,0.000143954105513609,7.09524506676371E-6,0.918363034725189,0.970270931720734,20.2256927490234,4.49729824066162,30,4,200,-0.000850754964631051,-0.1640854626894,0.5102219581604,1,,,,,,,,,,,,,,,,
,3952681407.09998,2.22565424442291,999.966186523437,,,6,,,,20.5136099782286,,,1,,,,,,,,,,,,,,,,,,,,,,2.21238541603088,2.23838424682617,999.966186523437,999.966186523437,,,2.35566544532776,,1,0,0,0,0,30.3030319213867,6,1,1,2.21292424201965,0,2.22141199641758,,,0.000143610908921128,7.09876880463406E-6,0.000144042567913981,7.09967782609508E-6,0.918585777282715,0.969941198825836,20.2270584106445,1.06438919829088E-5,30,4,200,-0.000199008645722643,-0.166568174958229,0.510360717773438,1,,,,,,,,,,,,,,,,
,3952681416.80651,2.18515002727509,999.966186523437,,,6,,,,20.5136099782286,,,1,,,,,,,,,,,,,,,,,,,,,,2.15837073326111,2.21292424201965,999.966186523437,999.966186523437,,,2.33066964149475,,1,0,0,0,0,31.2805480957031,6,1,1,2.15737581253052,0,2.18810984823439,,,0.000143522192940796,7.09433476143415E-6,0.000143955530211023,7.0952218717721E-6,0.918667733669281,0.970723628997803,20.226245880127,5.34230470657349,30,4,200,0.000219814333831891,-0.165322005748749,0.514069378376007,1,,,,,,,,,,,,,,,,
,3952681426.97317,2.13260400295258,999.966186523437,,,6,,,,20.5136099782286,,,1,,,,,,,,,,,,,,,,,,,,,,2.11239862442017,2.15497446060181,999.966186523437,999.966186523437,,,2.30417728424072,,1,0,0,0,0.0141143798828125,29.8142719268799,6,1,1,2.11023354530334,0,2.12876213921441,,,0.000143628999478371,7.10036289970966E-6,0.000144071888121442,7.10127533374452E-6,0.917389512062073,0.969229817390442,20.223237991333,,30,4,200,-5.90385316172615E-5,-0.158072888851166,0.519998013973236,1,,,,,,,,,,,,,,,,
,3952681436.77296,2.09441208839417,999.966186523437,,,6,,,,20.5136099782286,,,1,,,,,,,,,,,,,,,,,,,,,,2.07958221435547,2.11023354530334,999.966186523437,999.966186523437,,,2.28587913513184,,1,0,0,0,0.0141143798828125,30.7917900085449,6,1,1,2.07859063148499,0,2.08962231212192,,,0.00014366627402412,7.10265475108193E-6,0.000144116508466527,7.10360401201019E-6,0.916630685329437,0.968638777732849,20.2210216522217,0,30,4,200,-3.97134442664537E-7,-0.154521360993385,0.523804187774658,1,,,,,,,,,,,,,,,,
,3952681446.54474,1.93598014116287,999.966186523437,,,6,,,,20.5136099782286,,,1,,,,,,,,,,,,,,,,,,,,,,1.80476558208466,2.07859063148499,999.966186523437,999.966186523437,,,2.14616394042969,,1,0,0,0,0.0141143798828125,30.7917900085449,6,1,1,1.79336965084076,0,1.96300660239326,,,0.000144090116338093,7.12101952692805E-6,0.000144513257607626,7.12190286767907E-6,0.921081125736237,0.974883079528809,20.2302207946777,0.187131434679031,30,4,200,0.00575534952804446,-0.146307021379471,0.555071830749512,1,,,,,,,,,,,,,,,,
,3952681456.60023,1.79457300901413,999.966186523437,,,6,,,,20.5136099782286,,,1,,,,,,,,,,,,,,,,,,,,,,1.78902101516724,1.80090081691742,999.966186523437,999.966186523437,,,2.12994289398193,,1,0,0,0,0,30.3030319213867,6,1,1,1.80012500286102,0,1.79787633154127,,,0.000144095795959385,7.12415511255494E-6,0.000144565242446054,7.12510684848067E-6,0.916188359260559,0.97152453660965,20.2148838043213,,30,4,200,-0.000777706038206816,-0.104252249002457,0.572604775428772,1,,,,,,,,,,,,,,,,
,3952681466.33726,1.79931133985519,999.966186523437,,,6,,,,20.5136099782286,,,1,,,,,,,,,,,,,,,,,,,,,,1.79810392856598,1.80167722702026,999.966186523437,999.966186523437,,,2.12673854827881,,1,0,0,0,0.0141143798828125,30.3030319213867,5,1,1,1.79849767684937,0,1.79934297667609,,,0.000143936623169506,7.11587680064211E-6,0.000144398043264368,7.11683725351821E-6,0.916871666908264,0.971667528152466,20.2175254821777,0,30,4,200,-0.00059794815024361,-0.106300264596939,0.570584237575531,1,,,,,,,,,,,,,,,,
,3952681475.9753,1.79894763231277,999.966186523437,,,6,,,,20.5136099782286,,,1,,,,,,,,,,,,,,,,,,,,,,1.79818630218506,1.80057513713837,999.966186523437,999.966186523437,,,2.12586569786072,,1,0,0,0,0.0141143798828125,31.7693061828613,5,1,1,1.79939758777618,0,1.79949716726939,,,0.000144034283380401,7.12096171853724E-6,0.000144499318444543,7.12193483253167E-6,0.916446566581726,0.971160471439362,20.2164840698242,0.372382402420044,30,4,200,-0.000611942436080426,-0.10900841653347,0.568135201931,1,,,,,,,,,,,,,,,,
,3952681485.64833,1.79961150884628,999.966186523437,,,6,,,,20.5136099782286,,,1,,,,,,,,,,,,,,,,,,,,,,1.79805672168732,1.80081713199615,999.966186523437,999.966186523437,,,2.12712144851685,,1,0,0,0,0.0141143798828125,30.7917900085449,5,1,1,1.80046474933624,0,1.79923122458988,,,0.000143988942717896,7.11887354550365E-6,0.000144456880585546,7.11984227719017E-6,0.916186571121216,0.971152603626251,20.215461730957,0,30,4,200,-0.000578206498175859,-0.111099943518639,0.565360367298126,1,,,,,,,,,,,,,,,,
,3952681495.88386,1.79864060878754,999.966186523437,,,6,,,,20.5136099782286,,,1,,,,,,,,,,,,,,,,,,,,,,1.79764604568481,1.80031132698059,999.966186523437,999.966186523437,,,2.12657999992371,,1,0,0,0,0.0141143798828125,30.3030319213867,5,1,1,1.79963517189026,0,1.79945837126838,,,0.000144046762663157,7.121413427429E-6,0.000144508335533159,7.12236586170157E-6,0.916719734668732,0.971216678619385,20.2175312042236,0.135737642645836,30,4,200,-0.000497116008773446,-0.114342212677002,0.562857151031494,1,,,,,,,,,,,,,,,,
,3952681505.98173,1.79918342828751,999.966186523437,,,6,,,,20.5136099782286,,,1,,,,,,,,,,,,,,,,,,,,,,1.79856598377228,1.80053567886353,999.966186523437,999.966186523437,,,2.1264910697937,,1,0,0,0,0.0141143798828125,30.3030319213867,5,1,1,1.79980087280273,0,1.79968575636546,,,0.000144030644137424,7.12070111285692E-6,0.000144494198587778,7.12169286021697E-6,0.91657966375351,0.971105217933655,20.2171001434326,0,30,4,200,-0.000473607971798629,-0.116924025118351,0.560104250907898,1,,,,,,,,,,,,,,,,
,3952681515.94297,1.79976773262024,999.966186523437,,,6,,,,20.5136099782286,,,1,,,,,,,,,,,,,,,,,,,,,,1.79826271533966,1.80062818527222,999.966186523437,999.966186523437,,,2.12734866142273,,1,0,0,0,0,30.7917900085449,5,1,1,1.79973459243774,0,1.79975568056107,,,0.000143978048502342,7.11845532946836E-6,0.000144444888777493,7.11942447549988E-6,0.915986001491547,0.970320403575897,20.2158508300781,0.190233781933784,30,4,200,-0.000684048573020846,-0.118106387555599,0.558736145496368,1,,,,,,,,,,,,,,,,
,3952681525.96651,1.79974162578583,999.966186523437,,,6,,,,20.5136099782286,,,1,,,,,,,,,,,,,,,,,,,,,,1.79858434200287,1.80088412761688,999.966186523437,999.966186523437,,,2.12708902359009,,1,0,0,0,0.0128173828125,29.8142719268799,1,1,1,1.80062329769135,0,1.79962640338474,,,0.000144036324416114,7.12091489068438E-6,0.000144499316515102,7.12188105546004E-6,0.916692137718201,0.971418738365173,20.2171363830566,,30,4,200,-0.000809065066277981,-0.12457150220871,0.551659345626831,1,,,,,,,,,,,,,,,,
