[Header]
; MPMS3 Data File (default extension .dat)
; Copyright (c) 2007, Quantum Design, Inc. All rights reserved.
TITLE,
FILEOPENTIME,3952595415.47175,03/31/2025,4:08 pm
BYAPP,MPMS3 w/ AC,1.0,1.1
INFO,MPMS3 Measurement Release 1.2.2 Build 0, MultiVu Release 2.3.5.2,APPNAME
INFO,Linear Motor Servo Controller,MOTOR_MODULE_NAME
INFO,3101-100 N4,MOTOR_HW_VERSION
INFO,MMC1299,MOTOR_SERIAL_NUMBER
INFO,01.04.28,MOTOR_SOFTWARE_VERSION
INFO,Quantum Design Squid Module,SQUID_MODULE_NAME
INFO,3101-501 B0,SQUID_HW_VERSION
INFO,SQM364,SQUID_SERIAL_NUMBER
INFO,01.03.04,SQUID_SOFTWARE_VERSION
INFO,Quantum Design VSM Oven,OVEN_MODULE_NAME
INFO,3101-201 A3,OVEN_HW_VERSION
INFO,OVB387,OVEN_SERIAL_NUMBER
INFO,01.07.07,OVEN_SOFTWARE_VERSION
INFO,SQUID AC,AC_MODULE_NAME
INFO,3101-401 G0,AC_HW_VERSION
INFO,SAC242,AC_SERIAL_NUMBER
INFO,SQUID AC 00.95.11,AC_SOFTWARE_VERSION
INFO,TCI374,COIL_SERIAL_NUMBER
INFO,0,MOMENT_UNITS
INFO,RuCl3,SAMPLE_MATERIAL
INFO,TB002a warmer side polycrystalline powder,SAMPLE_COMMENT
INFO,2.1,SAMPLE_MASS
INFO,,SAMPLE_VOLUME
INFO,,SAMPLE_MOLECULAR_WEIGHT
INFO,,SAMPLE_SIZE
INFO,,SAMPLE_SHAPE
INFO,Straw,SAMPLE_HOLDER
INFO,Standard,SAMPLE_HOLDER_DETAIL
INFO,68.91,SAMPLE_OFFSET
DATATYPE,COMMENT,1
DATATYPE,TIME,2
STARTUPAXIS,X,2
STARTUPAXIS,Y1,5
FIELDGROUP, VSM,2,3,4,5,6,8,9,10,11,14,15
FIELDGROUP, DC, 2,3,4,14,56,57,58,59,60,61,62,63,64,65,66,67,68,69
FIELDGROUP, AC, 2,3,4,11,16,17,18,19,20,21,22,23,24,25,26,27,28,29,30
STARTUPGROUP, All
[Data]
Comment,Time Stamp (sec),Temperature (K),Magnetic Field (Oe),Moment (emu),M. Std. Err. (emu),Transport Action,Averaging Time (sec),Frequency (Hz),Peak Amplitude (mm),Center Position (mm),Lockin Signal' (V),Lockin Signal (V),Range,M. Quad. Signal (emu),AC Moment (emu),AC M. Std Err. (emu),AC Phase (deg),AC Phase Std. Err. (deg),AC Susceptibility (emu/Oe),AC Suscept. Std Err. (emu/Oe),AC X' (emu/Oe),AC X' Std Err. (emu/Oe),AC X'' (emu/Oe),AC X'' Std Err. (emu/Oe),AC Drive (Oe),AC Frequency (Hz),AC Averaging Time (sec),AC Cycles,AC Range,AC Measure Type,AC Signal' (V),AC Signal'' (V),AC Trim Coil Ratio,AC Trim Coil Phase,Min. Temperature (K),Max. Temperature (K),Min. Field (Oe),Max. Field (Oe),Mass (grams),Motor Lag (deg),Pressure (Torr),Measure Count,Measurement Number,SQUID Status (code),Motor Status (code),Measure Status (code),Motor Current (amps),Motor Temp. (C),Temp. Status (code),Field Status (code),Chamber Status (code),Chamber Temp (K),Redirection State,Average Temp (K),Rotation Angle (deg),Rotator state,DC Moment Fixed Ctr (emu),DC Moment Err Fixed Ctr (emu),DC Moment Free Ctr (emu),DC Moment Err Free Ctr (emu),DC Fixed Fit,DC Free Fit,DC Calculated Center (mm),DC Calculated Center Err (mm),DC Scan Length (mm),DC Scan Time (s),DC Number of Points,DC Squid Drift,DC Min V (V),DC Max V (V),DC Scans per Measure,Map 01,Map 02,Map 03,Map 04,Map 05,Map 06,Map 07,Map 08,Map 09,Map 10,Map 11,Map 12,Map 13,Map 14,Map 15,Map 16
,3952598443.36142,1.79959958791733,999.6748046875,,,6,,,,24.8251599062161,,,1,,,,,,,,,,,,,,,,,,,,,,1.79678189754486,1.80211293697357,999.6748046875,999.6748046875,,,2.20501446723938,,1,0,0,0,0.0141143798828125,31.7693061828613,1,1,1,1.79981970787048,0,1.79962660074234,,,0.000146126095079753,7.22935190977943E-6,0.000146661807557531,7.23037413708047E-6,0.908635139465332,0.963316738605499,24.5090389251709,0.187313541769981,30,4,200,-0.00134754984173924,-0.913030087947846,-0.216616705060005,1,,,,,,,,,,,,,,,,
,3952598460.93805,2.12906211614609,999.6748046875,,,6,,,,24.8251599062161,,,1,,,,,,,,,,,,,,,,,,,,,,1.90558755397797,2.33566761016846,999.6748046875,999.6748046875,,,2.49622344970703,,1,0,0,0,0.000152587890625,31.7693061828613,6,1,1,2.35253667831421,0,2.11078064441681,,,0.000146040461086323,7.2266924470729E-6,0.000146602415284975,7.22778866289E-6,0.906298756599426,0.962053894996643,24.5015296936035,0,30,4,200,-0.0086192125454545,-1.02411770820618,-0.282281339168549,1,,,,,,,,,,,,,,,,
,3952598471.67983,2.58476948738098,999.6748046875,,,6,,,,24.8251599062161,,,1,,,,,,,,,,,,,,,,,,,,,,2.37166142463684,2.78403043746948,999.6748046875,999.6748046875,,,2.72081637382507,,1,0,0,0,0.000152587890625,31.7693061828613,6,1,1,2.79787755012512,0,2.57877569728427,,,0.000145686736164064,7.21082199286881E-6,0.000146294322859473,7.21203114965464E-6,0.903929591178894,0.96417760848999,24.4886245727539,0,30,4,200,-0.00669302884489298,-1.09215474128723,-0.367222130298615,1,,,,,,,,,,,,,,,,
,3952598482.20086,3.05458986759186,999.6748046875,,,6,,,,24.8251599062161,,,1,,,,,,,,,,,,,,,,,,,,,,2.83272004127502,3.25008773803711,999.6748046875,999.6748046875,,,2.93802571296692,,1,0,0,0,0.000152587890625,31.7693061828613,6,1,1,3.27645969390869,0,3.0345311164856,,,0.000145471571226282,7.20181661113918E-6,0.000146122831443255,7.20315593790029E-6,0.901605606079102,0.965852379798889,24.4769172668457,,30,4,200,-0.00554713513702154,-1.15070199966431,-0.433429449796677,1,,,,,,,,,,,,,,,,
,3952598492.42765,3.52309548854828,999.6748046875,,,6,,,,24.8251599062161,,,1,,,,,,,,,,,,,,,,,,,,,,3.29688096046448,3.72266960144043,999.6748046875,999.6748046875,,,3.1351318359375,,1,0,0,0,0.000152587890625,31.7693061828613,6,1,1,3.74931001663208,0,3.50987617174784,,,0.000145347301225296,7.19704356129899E-6,0.000146030900265199,7.19845931812113E-6,0.899694919586182,0.966526925563812,24.468433380127,0,30,4,200,-0.00485625537112355,-1.18083012104034,0.605077683925629,1,,,,,,,,,,,,,,,,
,3952598502.87565,4.0193395614624,999.6748046875,,,6,,,,24.8251599062161,,,1,,,,,,,,,,,,,,,,,,,,,,3.78126382827759,4.23318719863892,999.6748046875,999.6748046875,,,3.31767225265503,,1,0,0,0,7.62939453125E-5,31.7693061828613,6,1,1,4.25741529464722,0,4.00066987673442,,,0.000145250439372678,7.1932246647014E-6,0.000145960550219832,7.19467319234074E-6,0.898362576961517,0.967872977256775,24.4614315032959,,30,4,200,-0.00463361758738756,-0.120387971401215,0.589197218418121,1,,,,,,,,,,,,,,,,
,3952598513.1085,4.52338075637817,999.6748046875,,,6,,,,24.8251599062161,,,1,,,,,,,,,,,,,,,,,,,,,,4.28722429275513,4.73708248138428,999.6748046875,999.6748046875,,,3.4801332950592,,1,0,0,0,0.000152587890625,32.2580642700195,6,1,1,4.75953722000122,0,4.50528271993001,,,0.000145205614280467,7.19187102418535E-6,0.000145931986883467,7.19331538453449E-6,0.897197902202606,0.967661380767822,24.4571113586426,0,30,4,200,-0.00413078628480434,-0.161643147468567,0.54452109336853,1,,,,,,,,,,,,,,,,
,3952598523.55287,5.04063367843628,999.6748046875,,,6,,,,24.8251599062161,,,1,,,,,,,,,,,,,,,,,,,,,,4.79409265518188,5.26231718063354,999.6748046875,999.6748046875,,,3.63409900665283,,1,0,0,0,0.000152587890625,31.7693061828613,6,1,1,5.28717470169067,0,5.02400615480211,,,0.000145267501313711,7.19577269235986E-6,0.000146015821558368,7.19729180556214E-6,0.896081030368805,0.968324244022369,24.4519233703613,0,30,4,200,-0.00418404676020145,-0.202660858631134,0.50353592634201,1,,,,,,,,,,,,,,,,
,3952598533.72487,5.56111669540405,999.6748046875,,,6,,,,24.8251599062161,,,1,,,,,,,,,,,,,,,,,,,,,,5.31889247894287,5.78534984588623,999.6748046875,999.6748046875,,,3.76915812492371,,1,0,0,0,0.000152587890625,31.7693061828613,6,1,1,5.80334091186523,0,5.54696072472466,,,0.00014539178962027,7.20246190933947E-6,0.000146152338698221,7.2040219744022E-6,0.89538311958313,0.968331575393677,24.4491329193115,0,30,4,200,-0.00358028593473136,-0.239936754107475,0.463983356952667,1,,,,,,,,,,,,,,,,
,3952598544.22311,6.09642362594605,999.6748046875,,,6,,,,24.8251599062161,,,1,,,,,,,,,,,,,,,,,,,,,,5.84558343887329,6.31973695755005,999.6748046875,999.6748046875,,,3.89925146102905,,1,0,0,0,0.000152587890625,31.7693061828613,6,1,1,6.3472638130188,0,6.07619047164917,,,0.000145607179490782,7.2136103604746E-6,0.000146383795421313,7.21523995874019E-6,0.89475804567337,0.969177186489105,24.4457321166992,0,30,4,200,-0.00305241299793124,-0.272038549184799,0.429926246404648,1,,,,,,,,,,,,,,,,
,3952598554.45905,6.6361620426178,999.6748046875,,,6,,,,24.8251599062161,,,1,,,,,,,,,,,,,,,,,,,,,,6.39023923873901,6.85490274429321,999.6748046875,999.6748046875,,,4.01763725280762,,1,0,0,0,0.000152587890625,32.2580642700195,6,1,1,6.88208484649658,0,6.61909135182698,,,0.000145965008082536,7.23168910444164E-6,0.00014675085160201,7.23330475438281E-6,0.894300997257233,0.969294726848602,24.4438323974609,0,30,4,200,-0.00244548940099776,-0.298415899276733,0.401023715734482,1,,,,,,,,,,,,,,,,
,3952598564.85659,7.16102004051208,999.6748046875,,,6,,,,24.8251599062161,,,1,,,,,,,,,,,,,,,,,,,,,,6.92232227325439,7.39971780776978,999.6748046875,999.6748046875,,,4.12832975387573,,1,0,0,0,0.000152587890625,31.7693061828613,6,1,1,7.39971780776978,0,7.15907923380534,,,0.000146584106267121,7.26274995032429E-6,0.000147380855866583,7.26437976380159E-6,0.893802404403687,0.969196200370789,24.442008972168,0,30,4,200,-0.00314785167574882,-0.330998092889786,0.376357197761536,1,,,,,,,,,,,,,,,,
,3952598575.10206,7.70663690567017,999.6748046875,,,6,,,,24.8251599062161,,,1,,,,,,,,,,,,,,,,,,,,,,7.45131397247314,7.94704914093018,999.6748046875,999.6748046875,,,4.22540235519409,,1,0,0,0,7.62939453125E-5,33.2355842590332,6,1,1,7.96195983886719,0,7.70480706956652,,,0.000147518519654841,7.30935758457958E-6,0.000148327578397102,7.31099562016002E-6,0.893407046794891,0.969407975673676,24.4402465820313,0.192635208368301,30,4,200,-0.00277220085263252,-0.362132132053375,0.346498787403107,1,,,,,,,,,,,,,,,,
,3952598585.54012,8.27196311950684,999.6748046875,,,6,,,,24.8251599062161,,,1,,,,,,,,,,,,,,,,,,,,,,8.00757312774658,8.51080226898193,999.6748046875,999.6748046875,,,4.32101774215698,,1,0,0,0,0.000152587890625,32.2580642700195,6,1,1,8.53635311126709,0,8.25866063435873,,,0.000148843739811739,7.37541594452305E-6,0.000149670215407347,7.37708870340925E-6,0.892917096614838,0.969807624816895,24.4378280639648,0,30,4,200,-0.00221217609941959,-0.391805827617645,0.320232957601547,1,,,,,,,,,,,,,,,,
,3952598595.68074,8.81812906265259,999.6748046875,,,6,,,,24.8251599062161,,,1,,,,,,,,,,,,,,,,,,,,,,8.56567573547363,9.04155826568604,999.6748046875,999.6748046875,,,4.40851163864136,,1,0,0,0,0.000152587890625,31.7693061828613,6,1,1,9.07058238983154,0,8.81656593746609,,,0.000150473504784363,7.45658774135975E-6,0.000151318262203694,7.45831860692578E-6,0.892401933670044,0.969799339771271,24.4358654022217,0,30,4,200,-0.00233536073938012,-0.420289933681488,0.300946176052094,1,,,,,,,,,,,,,,,,
,3952598606.20825,9.37773895263672,999.6748046875,,,6,,,,24.8251599062161,,,1,,,,,,,,,,,,,,,,,,,,,,9.11152267456055,9.59589004516602,999.6748046875,999.6748046875,,,4.49243354797363,,1,0,0,0,0.000152587890625,31.2805480957031,6,1,1,9.64395523071289,0,9.35709455278185,,,0.000152821440095364,7.57344382065643E-6,0.000153690265073791,7.57520753834329E-6,0.891790628433228,0.969910085201263,24.43332862854,2.23037513933377E-5,30,4,200,-0.00223111407831311,-0.453806161880493,0.278139591217041,1,,,,,,,,,,,,,,,,
,3952598616.3451,9.92919588088989,999.6748046875,,,6,,,,24.8251599062161,,,1,,,,,,,,,,,,,,,,,,,,,,9.67063903808594,10.1677570343018,999.6748046875,999.6748046875,,,4.56562566757202,,1,0,0,0,0.000152587890625,31.7693061828613,6,1,1,10.1877527236938,0,9.92295900980631,,,0.000155724404721948,7.71773996558831E-6,0.000156617983514934,7.71954617573772E-6,0.891279757022858,0.969759583473206,24.4315147399902,0.197933629155159,30,4,200,-0.00186743785161525,-0.484610468149185,0.258885353803635,1,,,,,,,,,,,,,,,,
,3952598626.74812,10.5013880729675,999.6748046875,,,6,,,,24.8251599062161,,,1,,,,,,,,,,,,,,,,,,,,,,10.2325859069824,10.7526903152466,999.6748046875,999.6748046875,,,4.6388258934021,,1,0,0,0,0.000152587890625,31.2805480957031,6,1,1,10.7701902389526,0,10.4873828887939,,,0.000159473258433683,7.90426518250288E-6,0.000160408867556055,7.90617866055414E-6,0.890440583229065,0.970671355724335,24.4272766113281,0,30,4,200,-0.00207212683744729,-0.519111752510071,0.243745297193527,1,,,,,,,,,,,,,,,,
,3952598637.06603,11.0640387535095,999.6748046875,,,6,,,,24.8251599062161,,,1,,,,,,,,,,,,,,,,,,,,,,10.8093919754028,11.2682819366455,999.6748046875,999.6748046875,,,4.7067813873291,,1,0,0,0,0.000152587890625,31.7693061828613,6,1,1,11.3186855316162,0,11.0475267834134,,,0.0001635972761441,8.10918514518902E-6,0.000164569818754968,8.11119421669823E-6,0.889870822429657,0.970958530902863,24.4247493743896,0.140102416276932,30,4,200,-0.00201134057715535,-0.555061161518097,0.226510554552078,1,,,,,,,,,,,,,,,,
,3952598647.66238,11.6328430175781,999.6748046875,,,6,,,,24.8251599062161,,,1,,,,,,,,,,,,,,,,,,,,,,11.365650177002,11.8741579055786,999.6748046875,999.6748046875,,,4.77121496200562,,1,0,0,0,0.000152587890625,32.2580642700195,6,1,1,11.9000358581543,0,11.6084756851196,,,0.000167499176732551,8.30309563768511E-6,0.000168504982423441,8.30515009100515E-6,0.889331161975861,0.970950186252594,24.4226570129395,0.205263808369637,30,4,200,-0.00203415565192699,-0.589971244335175,0.209942206740379,1,,,,,,,,,,,,,,,,
,3952598657.91082,12.1917290687561,999.6748046875,,,6,,,,24.8251599062161,,,1,,,,,,,,,,,,,,,,,,,,,,11.9347448348999,12.4171915054321,999.6748046875,999.6748046875,,,4.83008432388306,,1,0,0,0,7.62939453125E-5,31.7693061828613,6,1,1,12.4487133026123,0,12.1696197721693,,,0.000171071697118724,8.48082492085003E-6,0.000172114336769828,8.48293915802783E-6,0.888663589954376,0.971382617950439,24.4196624755859,0,30,4,200,-0.00212577055208385,-0.623471856117249,0.193392664194107,1,,,,,,,,,,,,,,,,
,3952598668.4346,12.7748603820801,999.6748046875,,,6,,,,24.8251599062161,,,1,,,,,,,,,,,,,,,,,,,,,,12.516731262207,12.9954786300659,999.6748046875,999.6748046875,,,4.8870587348938,,1,0,0,0,0.000152587890625,31.7693061828613,6,1,1,13.0329895019531,0,12.7529551188151,,,0.000174184615771069,8.63536898451605E-6,0.000175249846944056,8.63755025732172E-6,0.888435244560242,0.971090257167816,24.4190731048584,0,30,4,200,-0.00237816688604653,-0.657561957836151,0.175016596913338,1,,,,,,,,,,,,,,,,
,3952598678.54776,13.3258194923401,999.6748046875,,,6,,,,24.8251599062161,,,1,,,,,,,,,,,,,,,,,,,,,,13.0758380889893,13.5538063049316,999.6748046875,999.6748046875,,,4.93756484985352,,1,0,0,0,0.000152587890625,31.7693061828613,6,1,1,13.5758008956909,0,13.3113564385308,,,0.000176225687233841,8.73699781616429E-6,0.000177316401178356,8.73921307050263E-6,0.887991905212402,0.971867322921753,24.4165477752686,0.210553467273712,30,4,200,-0.00187662756070495,-0.682741940021515,0.155109897255898,1,,,,,,,,,,,,,,,,
,3952598688.95949,13.9018583297729,999.6748046875,,,6,,,,24.8251599062161,,,1,,,,,,,,,,,,,,,,,,,,,,13.6472501754761,14.1372165679932,999.6748046875,999.6748046875,,,4.98866271972656,,1,0,0,0,0.000152587890625,31.2805480957031,6,1,1,14.1564664840698,0,13.8871079550849,,,0.000177216132044082,8.7861722147185E-6,0.000178313327117617,8.78839278207049E-6,0.887920618057251,0.97167956829071,24.4164447784424,0,30,4,200,-0.00172679254319519,-0.700931906700134,0.138942733407021,1,,,,,,,,,,,,,,,,
,3952598699.26929,14.4727897644043,999.6748046875,,,6,,,,24.8251599062161,,,1,,,,,,,,,,,,,,,,,,,,,,14.210467338562,14.7159538269043,999.6748046875,999.6748046875,,,5.03762149810791,,1,0,0,0,7.62939453125E-5,31.7693061828613,6,1,1,14.7351121902466,0,14.4571518368191,,,0.000177341002797891,8.79238937607392E-6,0.000178440821491572,8.79463375286009E-6,0.887893497943878,0.97184818983078,24.4161796569824,5.02444481753628E-6,30,4,200,-0.00114622374530882,-0.712771117687225,0.124759800732136,1,,,,,,,,,,,,,,,,
,3952598709.64377,15.0480732917786,999.6748046875,,,6,,,,24.8251599062161,,,1,,,,,,,,,,,,,,,,,,,,,,14.7911539077759,15.274341583252,999.6748046875,999.6748046875,,,5.08280277252197,,1,0,0,0,0.000152587890625,31.7693061828613,6,1,1,15.3049926757813,0,15.0331927405463,,,0.000176700230706141,8.76034942634061E-6,0.000177789608539328,8.76261559246615E-6,0.888167202472687,0.97153902053833,24.4176731109619,4.94142436981201,30,4,200,-0.00173645268660039,-0.721280992031097,0.11425269395113,1,,,,,,,,,,,,,,,,
,3952598719.8807,15.6840300559998,999.6748046875,,,6,,,,24.8251599062161,,,1,,,,,,,,,,,,,,,,,,,,,,15.3332777023315,16.0156002044678,999.6748046875,999.6748046875,,,5.13257074356079,,1,0,0,0,0.000152587890625,32.2580642700195,2,1,1,16.034782409668,0,15.6867436303033,,,0.000176257286738931,8.73844485674594E-6,0.000177337050402671,8.740660118318E-6,0.888107001781464,0.970152378082275,24.4187393188477,3.52996103174519E-5,30,4,200,-0.00305959093384445,-0.749807298183441,0.0951419398188591,1,,,,,,,,,,,,,,,,
,3952598730.31442,16.3426332473755,999.6748046875,,,6,,,,24.8251599062161,,,1,,,,,,,,,,,,,,,,,,,,,,16.0837650299072,16.5477466583252,999.6748046875,999.6748046875,,,5.17199993133545,,1,0,0,0,0.000152587890625,31.7693061828613,2,1,1,16.6015014648438,0,16.3220026228163,,,0.000175588552256173,8.7051993103881E-6,0.000176664956858895,8.70738825903724E-6,0.888202726840973,0.970729410648346,24.4184856414795,0.18772941827774,30,4,200,-0.00131745834369212,-0.763879597187042,0.0661622956395149,1,,,,,,,,,,,,,,,,
,3952598740.55052,16.9032964706421,999.6748046875,,,6,,,,24.8251599062161,,,1,,,,,,,,,,,,,,,,,,,,,,16.6357879638672,17.1470603942871,999.6748046875,999.6748046875,,,5.20767068862915,,1,0,0,0,0.000152587890625,31.7693061828613,2,1,1,17.170804977417,0,16.8910715315077,,,0.000174868979040826,8.66965220954339E-6,0.000175949124261405,8.67184227620265E-6,0.888073682785034,0.971791744232178,24.4169673919678,1.00000047683716,30,4,200,-0.00139731785748154,-0.772400796413422,0.0543396584689617,1,,,,,,,,,,,,,,,,
,3952598750.99676,17.4920568466187,999.6748046875,,,6,,,,24.8251599062161,,,1,,,,,,,,,,,,,,,,,,,,,,17.2234401702881,17.7352848052979,999.6748046875,999.6748046875,,,5.24343824386597,,1,0,0,0,7.62939453125E-5,31.7693061828613,2,1,1,17.7606735229492,0,17.4723339080811,,,0.000174112596415827,8.63173656825508E-6,0.000175175727931594,8.63388347228206E-6,0.888500332832336,0.971150875091553,24.4192276000977,3.39815269398969E-5,30,4,200,-0.00138598319608718,-0.785393059253693,0.0393849648535252,1,,,,,,,,,,,,,,,,
,3952598761.26107,18.0654153823853,999.6748046875,,,6,,,,24.8251599062161,,,1,,,,,,,,,,,,,,,,,,,,,,17.7925395965576,18.2987651824951,999.6748046875,999.6748046875,,,5.2761812210083,,1,0,0,0,0.000152587890625,31.7693061828613,2,1,1,18.3382911682129,0,18.0494514041477,,,0.000173390755774423,8.59608844141687E-6,0.000174455838987312,8.59824528934802E-6,0.88835597038269,0.971779704093933,24.4180431365967,4.87527131554089E-6,30,4,200,-0.000834140810184181,-0.793172001838684,0.0252327769994736,1,,,,,,,,,,,,,,,,
,3952598771.69941,18.665867805481,999.6748046875,,,6,,,,24.8251599062161,,,1,,,,,,,,,,,,,,,,,,,,,,18.3864688873291,18.9261665344238,999.6748046875,999.6748046875,,,5.30834197998047,,1,0,0,0,0.000152587890625,32.2580642700195,2,1,1,18.9452667236328,0,18.6542989942763,,,0.000172482812674107,8.55089215317638E-6,0.000173536591752735,8.5530511919675E-6,0.888547539710999,0.971325039863586,24.4192905426025,0.147291898727417,30,4,200,-0.00109133671503514,-0.799529314041138,0.0158668141812086,1,,,,,,,,,,,,,,,,
,3952598781.85132,19.2495040893555,999.6748046875,,,6,,,,24.8251599062161,,,1,,,,,,,,,,,,,,,,,,,,,,18.9742012023926,19.5050182342529,999.6748046875,999.6748046875,,,5.33827114105225,,1,0,0,0,0.000152587890625,31.7693061828613,2,1,1,19.5248069763184,0,19.2368643018934,,,0.000171762812245836,8.51491711166703E-6,0.000172809324803013,8.51706842061077E-6,0.888840615749359,0.971898019313812,24.4198207855225,,30,4,200,-0.00140538602136075,-0.810086488723755,0.00295417685993016,1,,,,,,,,,,,,,,,,
,3952598792.40602,19.8279724121094,999.6748046875,,,6,,,,24.8251599062161,,,1,,,,,,,,,,,,,,,,,,,,,,19.5520648956299,20.0711936950684,999.6748046875,999.6748046875,,,5.3668532371521,,1,0,0,0,7.62939453125E-5,32.2580642700195,2,1,1,20.1038799285889,0,19.8210514916314,,,0.000170879202077507,8.47106797015191E-6,0.000171919423204777,8.47323579266188E-6,0.888887226581574,0.971781015396118,24.4201564788818,0,30,4,200,-0.00130519410595298,-0.821037650108337,-0.0120760444551706,1,,,,,,,,,,,,,,,,
,3952598802.59787,20.4073696136475,999.6748046875,,,6,,,,24.8251599062161,,,1,,,,,,,,,,,,,,,,,,,,,,20.1345291137695,20.6422233581543,999.6748046875,999.6748046875,,,5.3950252532959,,1,0,0,0,0.000152587890625,32.2580642700195,2,1,1,20.6802101135254,0,20.394113752577,,,0.000170108685093978,8.43242692673839E-6,0.000171132701338987,8.4345289243706E-6,0.889356315135956,0.971499502658844,24.4222564697266,0,30,4,200,-0.00122454122174531,-0.830659568309784,-0.0262536909431219,1,,,,,,,,,,,,,,,,
,3952598813.09313,20.9937601089478,999.6748046875,,,6,,,,24.8251599062161,,,1,,,,,,,,,,,,,,,,,,,,,,20.7211132049561,21.2313632965088,999.6748046875,999.6748046875,,,5.42351198196411,,1,0,0,0,0.000152587890625,31.7693061828613,2,1,1,21.2664070129395,0,20.9719505310059,,,0.000169319658709686,8.39343980454223E-6,0.000170343002254198,8.39555535019455E-6,0.889223217964172,0.971719264984131,24.4215202331543,0.146029368042946,30,4,200,-0.00149113649968058,-0.842239856719971,-0.0397913828492165,1,,,,,,,,,,,,,,,,
,3952598823.25761,21.5761079788208,999.6748046875,,,6,,,,24.8251599062161,,,1,,,,,,,,,,,,,,,,,,,,,,21.3044128417969,21.813850402832,999.6748046875,999.6748046875,,,5.44668340682983,,1,0,0,0,0.000152587890625,31.2805480957031,2,1,1,21.8478031158447,0,21.568416595459,,,0.000168463168800025,8.35080393448619E-6,0.000169476449305606,8.35289681706884E-6,0.889416038990021,0.971515238285065,24.422477722168,3.38913123414386E-5,30,4,200,-0.00123527983669192,-0.851493120193481,-0.055691946297884,1,,,,,,,,,,,,,,,,
,3952598833.77004,22.1643724441528,999.6748046875,,,6,,,,24.8251599062161,,,1,,,,,,,,,,,,,,,,,,,,,,21.8955383300781,22.3985252380371,999.6748046875,999.6748046875,,,5.47439002990723,,1,0,0,0,7.62939453125E-5,32.2580642700195,2,1,1,22.4332065582275,0,22.135366651747,,,0.000167662968219174,8.31090443874094E-6,0.000168665694646432,8.31292590195534E-6,0.88966578245163,0.971559941768646,24.4233989715576,0.187683567404747,30,4,200,-0.00163253291975707,-0.864453732967377,-0.0692739710211754,1,,,,,,,,,,,,,,,,
,3952598844.00772,22.7504453659058,999.6748046875,,,6,,,,24.8251599062161,,,1,,,,,,,,,,,,,,,,,,,,,,22.4909553527832,22.9672222137451,999.6748046875,999.6748046875,,,5.49749612808228,,1,0,0,0,0.000152587890625,31.7693061828613,2,1,1,23.0099353790283,0,22.7214974297418,,,0.000166853888740081,8.27045823091065E-6,0.000167844483039088,8.27252526759665E-6,0.890032112598419,0.971235156059265,24.4251575469971,0,30,4,200,-0.00173513183835894,-0.878271579742432,-0.0871439576148987,1,,,,,,,,,,,,,,,,
,3952598854.49788,23.3283863067627,999.6748046875,,,6,,,,24.8251599062161,,,1,,,,,,,,,,,,,,,,,,,,,,23.0430870056152,23.5858745574951,999.6748046875,999.6748046875,,,5.52095603942871,,1,0,0,0,0.000152587890625,31.7693061828613,2,1,1,23.6136856079102,0,23.2998383839925,,,0.000166056127750137,8.23074632955835E-6,0.00016703903926504,8.23278163840954E-6,0.890219271183014,0.971438109874725,24.4256992340088,,30,4,200,-0.00171750818844885,-0.89209258556366,-0.104464530944824,1,,,,,,,,,,,,,,,,
,3952598864.2946,23.8874435424805,999.6748046875,,,6,,,,24.8251599062161,,,1,,,,,,,,,,,,,,,,,,,,,,23.6136856079102,24.0755729675293,999.6748046875,999.6748046875,,,5.54262351989746,,1,0,0,0,0.000152587890625,31.7693061828613,2,1,1,24.1612014770508,0,23.8382095760769,,,0.000165320373925753,8.19398657370805E-6,0.000166291019837582,8.19593388162468E-6,0.890540838241577,0.971358954906464,24.4270248413086,0.187659874558449,30,4,200,-0.00179045018739998,-0.904593586921692,-0.120381273329258,1,,,,,,,,,,,,,,,,
,3952598875.01144,24.5020608901978,999.6748046875,,,6,,,,24.8251599062161,,,1,,,,,,,,,,,,,,,,,,,,,,24.2331256866455,24.7391090393066,999.6748046875,999.6748046875,,,5.56466960906982,,1,0,0,0,7.62939453125E-5,31.7693061828613,2,1,1,24.77099609375,0,24.4826473659939,,,0.000164421078822151,8.14936974464901E-6,0.000165387177340189,8.1513057448633E-6,0.89058929681778,0.971705973148346,24.4268798828125,0.187662810087204,30,4,200,-0.0015458834823221,-0.916327238082886,-0.137772396206856,1,,,,,,,,,,,,,,,,
,3952598885.22251,25.0570211410522,999.6748046875,,,6,,,,24.8251599062161,,,1,,,,,,,,,,,,,,,,,,,,,,24.790864944458,25.3231773376465,999.6748046875,999.6748046875,,,5.58506441116333,,1,0,0,0,0.0170135498046875,31.7693061828613,2,1,1,25.3231773376465,0,25.0500619676378,,,0.000163676736826853,8.11197817968191E-6,0.000164625233930121,8.11393396341438E-6,0.891144454479218,0.970920026302338,24.4298400878906,3.14290523529053,30,4,200,-0.00131094374228269,-0.928037643432617,-0.153950378298759,1,,,,,,,,,,,,,,,,
,3952598894.9508,25.608341217041,999.6748046875,,,6,,,,24.8251599062161,,,1,,,,,,,,,,,,,,,,,,,,,,25.3322658538818,25.8442478179932,999.6748046875,999.6748046875,,,5.60371446609497,,1,0,0,0,0.000152587890625,32.2580642700195,2,1,1,25.8844165802002,0,25.5750910441081,,,0.00016289065356313,8.07302656905145E-6,0.000163835286695583,8.07494053060761E-6,0.891139626502991,0.971185982227325,24.4295520782471,0,30,4,200,-0.00133623857982457,-0.93657511472702,-0.166543051600456,1,,,,,,,,,,,,,,,,
,3952598905.18435,26.186318397522,999.6748046875,,,6,,,,24.8251599062161,,,1,,,,,,,,,,,,,,,,,,,,,,25.9280338287354,26.4172954559326,999.6748046875,999.6748046875,,,5.62380743026733,,1,0,0,0,7.62939453125E-5,31.7693061828613,2,1,1,26.4446029663086,0,26.1526014539931,,,0.000162115738533898,8.03436986668287E-6,0.000163049111518753,8.03625808420318E-6,0.891420602798462,0.970892071723938,24.4309825897217,,30,4,200,-0.00167574314400554,-0.949385702610016,-0.180454328656197,1,,,,,,,,,,,,,,,,
,3952598915.26484,26.752932548523,999.6748046875,,,6,,,,24.8251599062161,,,1,,,,,,,,,,,,,,,,,,,,,,26.4768981933594,27.0091590881348,999.6748046875,999.6748046875,,,5.64167833328247,,1,0,0,0,0.000152587890625,31.7693061828613,2,1,1,27.0289669036865,0,26.7318318684896,,,0.000161340715640321,7.99568235031269E-6,0.000162266471542677,7.99752748014364E-6,0.891737103462219,0.971570372581482,24.4315052032471,4.57149644716992E-6,30,4,200,-0.00167003727983683,-0.961369574069977,-0.196653917431831,1,,,,,,,,,,,,,,,,
,3952598925.74857,27.3417720794678,999.6748046875,,,6,,,,24.8251599062161,,,1,,,,,,,,,,,,,,,,,,,,,,27.0731830596924,27.5882263183594,999.6748046875,999.6748046875,,,5.66051244735718,,1,0,0,0,0.000152587890625,31.7693061828613,2,1,1,27.6103610992432,0,27.3201054467095,,,0.000160585503010066,7.95774947817229E-6,0.00016149597306816,7.95961042209369E-6,0.892317473888397,0.971307992935181,24.4340362548828,,30,4,200,-0.00181957485619932,-0.97614848613739,-0.213845819234848,1,,,,,,,,,,,,,,,,
,3952598944.42988,28.3830366134644,999.6748046875,,,6,,,,24.8303323018852,,,1,,,,,,,,,,,,,,,,,,,,,,28.1053352355957,28.6176624298096,999.6748046875,999.6748046875,,,5.69048547744751,,1,0,0,0,0.000152587890625,32.2580642700195,2,1,1,28.660737991333,0,28.3501266903347,,,0.000159049346427788,7.88256719447024E-6,0.000159968695596149,7.8843796824373E-6,0.891231119632721,0.971131086349487,24.4351329803467,0,30,4,200,-0.00151747197378427,-0.997525691986084,-0.244108885526657,1,,,,,,,,,,,,,,,,
,3952598954.43622,28.9595375061035,999.6748046875,,,6,,,,24.8303323018852,,,1,,,,,,,,,,,,,,,,,,,,,,28.6885414123535,29.1977920532227,999.6748046875,999.6748046875,,,5.7069206237793,,1,0,0,0,0.000152587890625,31.2805480957031,2,1,1,29.2305335998535,0,28.9333078596327,,,0.000158283986971496,7.84415775001663E-6,0.000159189464481355,7.84599765050226E-6,0.891782343387604,0.971012055873871,24.4374294281006,0,30,4,200,-0.00167942163534462,-1.00897002220154,-0.258573919534683,1,,,,,,,,,,,,,,,,
,3952598964.82389,29.5423364639282,999.6748046875,,,6,,,,24.8303323018852,,,1,,,,,,,,,,,,,,,,,,,,,,29.2624378204346,29.7887115478516,999.6748046875,999.6748046875,,,5.72348403930664,,1,0,0,0,0.000152587890625,31.7693061828613,2,1,1,29.8222351074219,0,29.5118562910292,,,0.000157495313873588,7.80484083815316E-6,0.000158391376489216,7.80667858912441E-6,0.892055630683899,0.970943987369537,24.4385643005371,,30,4,200,-0.00148983299732208,-1.02082920074463,-0.274232357740402,1,,,,,,,,,,,,,,,,
,3952598974.6065,30.09423828125,999.6748046875,,,6,,,,24.8303323018852,,,1,,,,,,,,,,,,,,,,,,,,,,29.8222351074219,30.3109912872314,999.6748046875,999.6748046875,,,5.73827886581421,,1,0,0,0,0.01708984375,31.7693061828613,2,1,1,30.3662414550781,0,30.0720121595595,,,0.000156712904021517,7.76573105196367E-6,0.000157596211474773,7.76752852919903E-6,0.892452955245972,0.970759749412537,24.4403171539307,3.14556200464722E-5,30,4,200,-0.00144461041782051,-1.02896773815155,-0.287865161895752,1,,,,,,,,,,,,,,,,
,3952598984.34224,30.6474742889404,999.6748046875,,,6,,,,24.8303323018852,,,1,,,,,,,,,,,,,,,,,,,,,,30.3769054412842,30.8866157531738,999.6748046875,999.6748046875,,,5.75337266921997,,1,0,0,0,0.02044677734375,32.2580642700195,2,1,1,30.9180431365967,0,30.6195278167725,,,0.000155961022091924,7.72824843971676E-6,0.000156836254104856,7.73007335250843E-6,0.89272004365921,0.970755696296692,24.4413738250732,4.41000611317577E-6,30,4,200,-0.0011536719975993,-1.03724086284637,-0.30019935965538,1,,,,,,,,,,,,,,,,
,3952598994.41631,31.2207937240601,999.6748046875,,,6,,,,24.8303323018852,,,1,,,,,,,,,,,,,,,,,,,,,,30.9180431365967,31.5043487548828,999.6748046875,999.6748046875,,,5.76761102676392,,1,0,0,0,0,31.2805480957031,2,1,1,31.5235443115234,0,31.1925996780396,,,0.00015522527323338,7.69149017437133E-6,0.000156090611128613,7.69328024314539E-6,0.893080234527588,0.970943927764893,24.4425849914551,0.187601685523987,30,4,200,-0.0015097736613825,-1.04499518871307,-0.310041785240173,1,,,,,,,,,,,,,,,,
,3952599004.52123,31.7884254455566,999.6748046875,,,6,,,,24.8303323018852,,,1,,,,,,,,,,,,,,,,,,,,,,31.5235443115234,31.9882011413574,999.6748046875,999.6748046875,,,5.78162431716919,,1,0,0,0,0,32.2580642700195,2,1,1,32.0533065795898,0,31.7572159237332,,,0.000154394002094578,7.65005940889607E-6,0.000155247372457862,7.65178485059691E-6,0.893371284008026,0.970649242401123,24.4440269470215,4.94409036636353,30,4,200,-0.00148061790969223,-1.05365574359894,-0.323577165603638,1,,,,,,,,,,,,,,,,
,3952599014.276,32.3466186523438,999.6748046875,,,6,,,,24.8303323018852,,,1,,,,,,,,,,,,,,,,,,,,,,32.0591468811035,32.6083145141602,999.6748046875,999.6748046875,,,5.79431772232056,,1,0,0,0,0,31.2805480957031,2,1,1,32.634090423584,0,32.3379622565375,,,0.000153628360271115,7.61178418588517E-6,0.000154472131831118,7.61352304387882E-6,0.893782317638397,0.970874965190887,24.4453773498535,,30,4,200,-0.00170889415312558,-1.06432735919952,-0.336475700139999,1,,,,,,,,,,,,,,,,
,3952599024.23807,32.9082260131836,999.6748046875,,,6,,,,24.8303323018852,,,1,,,,,,,,,,,,,,,,,,,,,,32.634090423584,33.1823616027832,999.6748046875,999.6748046875,,,5.80884313583374,,1,0,0,0,0,31.7693061828613,2,1,1,33.1823616027832,0,32.8853122711182,,,0.000152900063749163,7.57537141800583E-6,0.000153731256355522,7.57706418979209E-6,0.894190430641174,0.970633566379547,24.4472427368164,4.94441509246826,30,4,200,-0.00157663109712303,-1.07530808448792,-0.351067572832108,1,,,,,,,,,,,,,,,,
,3952599034.2465,33.4534587860107,999.6748046875,,,6,,,,24.8303323018852,,,1,,,,,,,,,,,,,,,,,,,,,,33.1928787231445,33.667667388916,999.6748046875,999.6748046875,,,5.82094717025757,,1,0,0,0,0.01739501953125,31.7693061828613,2,1,1,33.714038848877,0,33.4209565056695,,,0.000152082953445034,7.53482629492373E-6,0.000152909904999842,7.53648648938405E-6,0.894265055656433,0.971059262752533,24.4470806121826,4.2204746932839E-6,30,4,200,-0.00150085554923862,-1.08482003211975,-0.365403473377228,1,,,,,,,,,,,,,,,,
,3952599043.95291,33.9934883117676,999.6748046875,,,6,,,,24.8303323018852,,,1,,,,,,,,,,,,,,,,,,,,,,33.714038848877,34.1972961425781,999.6748046875,999.6748046875,,,5.83327341079712,,1,0,0,0,0.0128173828125,32.2580642700195,2,1,1,34.2729377746582,0,33.9553236961365,,,0.000151363323092994,7.49864704655678E-6,0.00015217456312006,7.50031003109343E-6,0.894921600818634,0.97075080871582,24.4499950408936,0,30,4,200,-0.00154999608639628,-1.09538352489471,-0.378803461790085,1,,,,,,,,,,,,,,,,
,3952599053.64007,34.5515651702881,999.6748046875,,,6,,,,24.8303323018852,,,1,,,,,,,,,,,,,,,,,,,,,,34.2860679626465,34.7722663879395,999.6748046875,999.6748046875,,,5.84555435180664,,1,0,0,0,0,31.7693061828613,2,1,1,34.8170623779297,0,34.5307265387641,,,0.000150565087967702,7.45897807379384E-6,0.000151369354753246,7.46066487962216E-6,0.895080327987671,0.970569431781769,24.4508419036865,0,30,4,200,-0.00155562453437597,-1.10469031333923,-0.392469555139542,1,,,,,,,,,,,,,,,,
,3952599063.75834,35.1130218505859,999.6748046875,,,6,,,,24.8303323018852,,,1,,,,,,,,,,,,,,,,,,,,,,34.8340873718262,35.3501930236816,999.6748046875,999.6748046875,,,5.85757875442505,,1,0,0,0,0.0128173828125,31.7693061828613,2,1,1,35.4089813232422,0,35.1014188130697,,,0.00014982845286702,7.42214241849271E-6,0.000150620672125959,7.42376417759145E-6,0.895516991615295,0.970569610595703,24.4525356292725,4.94495058059692,30,4,200,-0.00164861953817308,-1.1166033744812,-0.406534641981125,1,,,,,,,,,,,,,,,,
,3952599082.24923,36.1672668457031,999.6748046875,,,6,,,,24.8353560801511,,,1,,,,,,,,,,,,,,,,,,,,,,35.8882865905762,36.4127006530762,999.6748046875,999.6748046875,,,5.87743234634399,,1,0,0,0,0,32.2580642700195,2,1,1,36.4462471008301,0,36.1356993781196,,,0.000148327935959822,7.34850002889565E-6,0.000149129889600345,7.35013760210756E-6,0.894632279872894,0.971266329288483,24.4533386230469,0.000160407274961472,30,4,200,-0.00159823405556381,-1.13300549983978,-0.430071026086807,1,,,,,,,,,,,,,,,,
,3952599092.01662,36.7429084777832,999.6748046875,,,6,,,,24.8353560801511,,,1,,,,,,,,,,,,,,,,,,,,,,36.4594383239746,37.0263786315918,999.6748046875,999.6748046875,,,5.88890171051025,,1,0,0,0,0,32.2580642700195,2,1,1,37.0263786315918,0,36.7343650817871,,,0.000147600796928617,7.31191808915766E-6,0.000148384849036308,7.31351714025528E-6,0.89534854888916,0.970785677433014,24.4566459655762,5.22345001912184E-29,30,4,200,-0.00144333567004651,-1.14331758022308,-0.444578766822815,1,,,,,,,,,,,,,,,,
,3952599101.74223,37.2905731201172,999.6748046875,,,6,,,,24.8353560801511,,,1,,,,,,,,,,,,,,,,,,,,,,37.0263786315918,37.5170211791992,999.6748046875,999.6748046875,,,5.89985942840576,,1,0,0,0,0,31.7693061828613,2,1,1,37.5547676086426,0,37.2744513617622,,,0.000146765912184387,7.27022235227908E-6,0.000147536429107741,7.27182704314708E-6,0.8957878947258,0.970199167728424,24.4590091705322,0,30,4,200,-0.00125496904365718,-1.15190374851227,-0.457783967256546,1,,,,,,,,,,,,,,,,
,3952599111.65843,37.8483047485352,999.6748046875,,,6,,,,24.8353560801511,,,1,,,,,,,,,,,,,,,,,,,,,,37.5547676086426,38.119026184082,999.6748046875,999.6748046875,,,5.91134452819824,,1,0,0,0,0,31.2805480957031,2,1,1,38.1418418884277,0,37.8393104553223,,,0.000146030180235629,7.23362144025082E-6,0.000146797391653858,7.23524247981992E-6,0.895993113517761,0.970946729183197,24.459005355835,,30,4,200,-0.00122034316882491,-1.15913987159729,-0.468832641839981,1,,,,,,,,,,,,,,,,
,3952599121.59613,38.4092674255371,999.6748046875,,,6,,,,24.8353560801511,,,1,,,,,,,,,,,,,,,,,,,,,,38.1418418884277,38.6274032592773,999.6748046875,999.6748046875,,,5.92024898529053,,1,0,0,0,0,31.7693061828613,2,1,1,38.6766929626465,0,38.3728955586751,,,0.00014528318364537,7.19609567731111E-6,0.000146031268338377,7.19766029504299E-6,0.896685898303986,0.970105111598968,24.4626579284668,,30,4,200,-0.000499690417200327,-1.16484200954437,-0.478571355342865,1,,,,,,,,,,,,,,,,
,3952599131.29359,38.9418182373047,999.6748046875,,,6,,,,24.8353560801511,,,1,,,,,,,,,,,,,,,,,,,,,,38.6766929626465,39.1742248535156,999.6748046875,999.6748046875,,,5.93074560165405,,1,0,0,0,0.0167083740234375,32.2580642700195,2,1,1,39.2069435119629,0,38.9303198920356,,,0.000144155742908339,7.14203611024223E-6,0.000144952297610678,7.14365262472383E-6,0.894321143627167,0.974263370037079,24.4492454528809,0,30,4,200,-0.0023546488955617,-1.16035342216492,-0.475548654794693,1,,,,,,,,,,,,,,,,
,3952599140.9516,39.4943180084229,999.6748046875,,,6,,,,24.8353560801511,,,1,,,,,,,,,,,,,,,,,,,,,,39.2069435119629,39.7430152893066,999.6748046875,999.6748046875,,,5.9411678314209,,1,0,0,0,0,31.7693061828613,2,1,1,39.7816925048828,0,39.4773585001628,,,0.000143697766559989,7.11675662398056E-6,0.000144379465485485,7.11812411557535E-6,0.897786259651184,0.962312519550323,24.4772911071777,0.187528386712074,30,4,200,-0.00395310064777732,-0.0820972844958305,0.616504490375519,1,,,,,,,,,,,,,,,,
,3952599150.89058,40.0915641784668,999.6748046875,,,6,,,,24.8353560801511,,,1,,,,,,,,,,,,,,,,,,,,,,39.8076591491699,40.354621887207,999.6748046875,999.6748046875,,,5.95180082321167,,1,0,0,0,0,31.7693061828613,2,1,1,40.3754692077637,0,40.0728997124566,,,0.000142915229190948,7.07796048774417E-6,0.000143630358940516,7.0794135118251E-6,0.897838652133942,0.969683289527893,24.4676990509033,0,30,4,200,-0.00307541433721781,-0.105725847184658,0.581323981285095,1,,,,,,,,,,,,,,,,
,3952599160.60619,40.6492309570313,999.6748046875,,,6,,,,24.8353560801511,,,1,,,,,,,,,,,,,,,,,,,,,,40.3754692077637,40.8820304870605,999.6748046875,999.6748046875,,,5.96143007278442,,1,0,0,0,0,31.7693061828613,2,1,1,40.9229927062988,0,40.6407975090875,,,0.00014209380655126,7.03697411444071E-6,0.000142799576073792,7.03838733161866E-6,0.89825975894928,0.970050454139709,24.4689445495605,4.94660949707031,30,4,200,-0.00203173188492656,-0.121077992022038,0.555837273597717,1,,,,,,,,,,,,,,,,
,3952599170.25458,41.1988849639893,999.6748046875,,,6,,,,24.8353560801511,,,1,,,,,,,,,,,,,,,,,,,,,,40.933521270752,41.4454231262207,999.6748046875,999.6748046875,,,5.97050714492798,,1,0,0,0,0,31.7693061828613,2,1,1,41.4642486572266,0,41.1935212877062,,,0.000141315812422324,6.99816390524487E-6,0.000142011762444505,6.99958681584339E-6,0.898651003837585,0.969907820224762,24.4706687927246,0,30,4,200,-0.00185226695612073,-0.132542118430138,0.539450764656067,1,,,,,,,,,,,,,,,,
,3952599179.94549,41.7385540008545,999.6748046875,,,6,,,,24.8353560801511,,,1,,,,,,,,,,,,,,,,,,,,,,41.4775505065918,41.9644660949707,999.6748046875,999.6748046875,,,5.98025321960449,,1,0,0,0,0,31.7693061828613,2,1,1,41.9995574951172,0,41.7061517503526,,,0.000140565083081655,6.96063432415843E-6,0.000141248479672891,6.96202456250523E-6,0.899149894714355,0.969638645648956,24.4729328155518,0,30,4,200,-0.00179644010495394,-0.143425196409225,0.525061786174774,1,,,,,,,,,,,,,,,,
,3952599198.62147,42.7971687316895,999.6748046875,,,6,,,,24.8407388811317,,,1,,,,,,,,,,,,,,,,,,,,,,42.4883003234863,43.070240020752,999.6748046875,999.6748046875,,,5.99739122390747,,1,0,0,0,0,30.7917900085449,2,1,1,43.1060371398926,0,42.7782764434814,,,0.000139089645591391,6.88802035676334E-6,0.000139779502729777,6.88946807418096E-6,0.89851051568985,0.970362603664398,24.4749603271484,0,30,4,200,-0.00190385198220611,-0.164902329444885,0.497415006160736,1,,,,,,,,,,,,,,,,
,3952599208.79262,43.369873046875,999.6748046875,,,6,,,,24.8407388811317,,,1,,,,,,,,,,,,,,,,,,,,,,43.1185646057129,43.5886611938477,999.6748046875,999.6748046875,,,6.00685501098633,,1,0,0,0,0.02044677734375,31.7693061828613,2,1,1,43.6211814880371,0,43.3557845221625,,,0.000138255207110503,6.846284003927E-6,0.000138928603233464,6.8477129496802E-6,0.899099051952362,0.969464242458344,24.4783363342285,3.14653992652893,30,4,200,-0.00181847938802093,-0.176936745643616,0.481471657752991,1,,,,,,,,,,,,,,,,
,3952599218.49569,43.9044284820557,999.6748046875,,,6,,,,24.8407388811317,,,1,,,,,,,,,,,,,,,,,,,,,,43.6211814880371,44.1785049438477,999.6748046875,999.6748046875,,,6.015709400177,,1,0,0,0,0,31.7693061828613,2,1,1,44.1876754760742,0,43.9106335110135,,,0.000137554140801685,6.81120466943492E-6,0.00013821668984594,6.81259052150922E-6,0.89962649345398,0.969631552696228,24.4801959991455,0,30,4,200,-0.00180081930011511,-0.188167080283165,0.466529786586761,1,,,,,,,,,,,,,,,,
,3952599228.20111,44.4524250030518,999.6748046875,,,6,,,,24.8407388811317,,,1,,,,,,,,,,,,,,,,,,,,,,44.1876754760742,44.6838226318359,999.6748046875,999.6748046875,,,6.02380466461182,,1,0,0,0,0.0189971923828125,32.2580642700195,2,1,1,44.7171745300293,0,44.4369498358832,,,0.000136779012679834,6.77255437853317E-6,0.000137432620517564,6.77396060317819E-6,0.900012791156769,0.969533920288086,24.4818477630615,0,30,4,200,-0.00183377205394208,-0.199244812130928,0.452162235975265,1,,,,,,,,,,,,,,,,
,3952599238.15277,45.0262126922607,999.6748046875,,,6,,,,24.8407388811317,,,1,,,,,,,,,,,,,,,,,,,,,,44.7171745300293,45.314453125,999.6748046875,999.6748046875,,,6.03304386138916,,1,0,0,0,0.0140380859375,31.2805480957031,2,1,1,45.3352508544922,0,45.0097450256348,,,0.000135985852769438,6.73307487827897E-6,0.00013663399903187,6.73447597416554E-6,0.900319874286652,0.970139503479004,24.4823265075684,0.000133363122586161,30,4,200,-0.00172955938614905,-0.209508299827576,0.437197148799896,1,,,,,,,,,,,,,,,,
,3952599248.08727,45.606481552124,999.6748046875,,,6,,,,24.8407388811317,,,1,,,,,,,,,,,,,,,,,,,,,,45.3352508544922,45.832576751709,999.6748046875,999.6748046875,,,6.0417218208313,,1,0,0,0,0.0022125244140625,31.7693061828613,2,1,1,45.8777122497559,0,45.57824283176,,,0.000135208556919303,6.69414562684399E-6,0.00013583881584724,6.69545872739466E-6,0.900983452796936,0.969285488128662,24.4860019683838,4.94833326339722,30,4,200,-0.00178556994069368,-0.219802975654602,0.423578888177872,1,,,,,,,,,,,,,,,,
,3952599257.78368,46.1480922698975,999.6748046875,,,6,,,,24.8407388811317,,,1,,,,,,,,,,,,,,,,,,,,,,45.8777122497559,46.3939666748047,999.6748046875,999.6748046875,,,6.05066299438477,,1,0,0,0,0,32.2580642700195,2,1,1,46.4184722900391,0,46.1352611117893,,,0.000134448675548417,6.65614119350638E-6,0.000135067517663932,6.65742745868438E-6,0.901556670665741,0.969342947006226,24.4881954193115,0,30,4,200,-0.001771408948116,-0.230604082345963,0.409688949584961,1,,,,,,,,,,,,,,,,
,3952599267.48719,46.701789855957,999.6748046875,,,6,,,,24.8407388811317,,,1,,,,,,,,,,,,,,,,,,,,,,46.4337463378906,46.923469543457,999.6748046875,999.6748046875,,,6.05761957168579,,1,0,0,0,0.0006866455078125,31.7693061828613,2,1,1,46.9698333740234,0,46.6844334072537,,,0.00013368695064374,6.61824889362583E-6,0.000134298601351127,6.61956086006024E-6,0.901835083961487,0.969187021255493,24.4894847869873,1,30,4,200,-0.00163757707923651,-0.239738538861275,0.395868241786957,1,,,,,,,,,,,,,,,,
,3952599277.52365,47.2592525482178,999.6748046875,,,6,,,,24.8407388811317,,,1,,,,,,,,,,,,,,,,,,,,,,46.9698333740234,47.5162582397461,999.6748046875,999.6748046875,,,6.06633377075195,,1,0,0,0,0.02044677734375,31.7693061828613,2,1,1,47.5486717224121,0,47.2432242499457,,,0.000132926990725766,6.58025379992876E-6,0.000133526931554553,6.58150757700815E-6,0.902410089969635,0.969280064105988,24.4916725158691,0,30,4,200,-0.00182227208279073,-0.250476598739624,0.382864862680435,1,,,,,,,,,,,,,,,,
,3952599296.04378,48.3222904205322,999.6748046875,,,6,,,,24.8461871421475,,,1,,,,,,,,,,,,,,,,,,,,,,48.0349464416504,48.5784530639648,999.6748046875,999.6748046875,,,6.08107662200928,,1,0,0,0,0,31.2805480957031,2,1,1,48.6096343994141,0,48.2945200602214,,,0.00013146125422757,6.50798531125936E-6,0.000132059750020826,6.50918629498631E-6,0.901952087879181,0.969277322292328,24.4952945709229,0,30,4,200,-0.00190078536979854,-0.271670967340469,0.354855179786682,1,,,,,,,,,,,,,,,,
,3952599305.80652,48.878490447998,999.6748046875,,,6,,,,24.8461871421475,,,1,,,,,,,,,,,,,,,,,,,,,,48.6096343994141,49.147346496582,999.6748046875,999.6748046875,,,6.08764505386353,,1,0,0,0,0,30.3030319213867,2,1,1,49.158130645752,0,48.877725982666,,,0.000130718044968136,6.47086136826104E-6,0.000131305055039086,6.4720725206694E-6,0.902473747730255,0.96886283159256,24.4978790283203,4.94953298568726,30,4,200,-0.00166053813882172,-0.28214555978775,0.34022530913353,1,,,,,,,,,,,,,,,,
,3952599315.55502,49.4484748840332,999.6748046875,,,6,,,,24.8461871421475,,,1,,,,,,,,,,,,,,,,,,,,,,49.158130645752,49.698787689209,999.6748046875,999.6748046875,,,6.09507417678833,,1,0,0,0,0.0212860107421875,31.7693061828613,2,1,1,49.7388191223145,0,49.4191173977322,,,0.00012996046339718,6.43310204636818E-6,0.000130538079006608,6.43428912353694E-6,0.902884006500244,0.968768358230591,24.4996223449707,0.485813945531845,30,4,200,-0.00150193308945745,-0.290459215641022,0.327005535364151,1,,,,,,,,,,,,,,,,
,3952599325.72904,50.0347881317139,999.6748046875,,,6,,,,24.8461871421475,,,1,,,,,,,,,,,,,,,,,,,,,,49.7610244750977,50.2877426147461,999.6748046875,999.6748046875,,,6.10356569290161,,1,0,0,0,0.0183868408203125,31.7693061828613,2,1,1,50.3085517883301,0,50.0127652486165,,,0.000129169774529745,6.3936164740425E-6,0.000129734937299947,6.39474014506157E-6,0.903434872627258,0.968568503856659,24.5020942687988,,30,4,200,-0.00150907610077411,-0.298507928848267,0.315370738506317,1,,,,,,,,,,,,,,,,
,3952599335.51793,50.5714855194092,999.6748046875,,,6,,,,24.8461871421475,,,1,,,,,,,,,,,,,,,,,,,,,,50.3085517883301,50.7868118286133,999.6748046875,999.6748046875,,,6.11007308959961,,1,0,0,0,0.000152587890625,31.7693061828613,2,1,1,50.8344192504883,0,50.5490303039551,,,0.000128454033973873,6.3579111183801E-6,0.00012901110075732,6.35903615919487E-6,0.903888463973999,0.968709349632263,24.5037078857422,0,30,4,200,-0.00138460588641465,-0.305698812007904,0.303987860679626,1,,,,,,,,,,,,,,,,
,3952599345.30643,51.1455707550049,999.6748046875,,,6,,,,24.8461871421475,,,1,,,,,,,,,,,,,,,,,,,,,,50.8647918701172,51.388427734375,999.6748046875,999.6748046875,,,6.11668300628662,,1,0,0,0,0.000152587890625,31.2805480957031,2,1,1,51.4263496398926,0,51.1370705498589,,,0.000127671661588539,6.31899948581109E-6,0.000128220215433975,6.32012008569301E-6,0.90419614315033,0.968375444412231,24.5053577423096,4.95028877258301,30,4,200,-0.00128737930208445,-0.311817318201065,0.293774276971817,1,,,,,,,,,,,,,,,,
,3952599355.31238,51.7106628417969,999.6748046875,,,6,,,,24.8461871421475,,,1,,,,,,,,,,,,,,,,,,,,,,51.4263496398926,51.9775848388672,999.6748046875,999.6748046875,,,6.12482833862305,,1,0,0,0,0.0179290771484375,31.7693061828613,2,1,1,51.9949760437012,0,51.7004474639893,,,0.000126918770353799,6.28125858457814E-6,0.000127454119281755,6.28235108259448E-6,0.904981255531311,0.968400120735169,24.508451461792,0.18739427626133,30,4,200,-0.00129046745132655,-0.31826776266098,0.284058332443237,1,,,,,,,,,,,,,,,,
,3952599365.24486,52.2614974975586,999.6748046875,,,6,,,,24.8461871421475,,,1,,,,,,,,,,,,,,,,,,,,,,51.9949760437012,52.4899444580078,999.6748046875,999.6748046875,,,6.13105583190918,,1,0,0,0,0.000152587890625,31.7693061828613,2,1,1,52.528018951416,0,52.239869011773,,,0.000126136494768731,6.24245144032666E-6,0.000126667694411107,6.243516945983E-6,0.905135095119476,0.968758583068848,24.5086231231689,0.000117309595225379,30,4,200,-0.00121812673751265,-0.323307186365128,0.274484157562256,1,,,,,,,,,,,,,,,,
,3952599383.87791,53.3411769866943,999.6748046875,,,6,,,,24.8515180176228,,,1,,,,,,,,,,,,,,,,,,,,,,53.0608825683594,53.5887184143066,999.6748046875,999.6748046875,,,6.14328765869141,,1,0,0,0,7.62939453125E-5,31.7693061828613,2,1,1,53.6214714050293,0,53.3217632293701,,,0.000124700106322513,6.1713808605729E-6,0.000125225135219709,6.17247201264828E-6,0.905109584331512,0.968455195426941,24.5142192840576,2.14252122532343E-5,30,4,200,-0.00137189542874694,-0.33572706580162,0.256511390209198,1,,,,,,,,,,,,,,,,
,3952599393.78813,53.9008121490479,999.6748046875,,,6,,,,24.8515180176228,,,1,,,,,,,,,,,,,,,,,,,,,,53.6214714050293,54.140251159668,999.6748046875,999.6748046875,,,6.14917898178101,,1,0,0,0,0.000152587890625,31.7693061828613,2,1,1,54.1801528930664,0,53.9008835686578,,,0.000123958062290007,6.13440601078641E-6,0.000124474492410776,6.1355063351641E-6,0.905536472797394,0.968273222446442,24.5161914825439,0,30,4,200,-0.00148595543578267,-0.343106687068939,0.246301308274269,1,,,,,,,,,,,,,,,,
,3952599404.03702,54.4983882904053,999.6748046875,,,6,,,,24.8515180176228,,,1,,,,,,,,,,,,,,,,,,,,,,54.2298240661621,54.7040748596191,999.6748046875,999.6748046875,,,6.15624618530273,,1,0,0,0,0.000152587890625,31.7693061828613,2,1,1,54.7669525146484,0,54.4637014600966,,,0.000123183113440555,6.09579200804251E-6,0.000123689455125766,6.09682811797666E-6,0.905993223190308,0.968190550804138,24.5181274414062,0,30,4,200,-0.00138791266363114,-0.350983768701553,0.234456181526184,1,,,,,,,,,,,,,,,,
,3952599414.12316,55.0727195739746,999.6748046875,,,6,,,,24.8515180176228,,,1,,,,,,,,,,,,,,,,,,,,,,54.7885360717773,55.329662322998,999.6748046875,999.6748046875,,,6.16169118881226,,1,0,0,0,0.000152587890625,31.7693061828613,2,1,1,55.3569030761719,0,55.0445967780219,,,0.000122420583497154,6.05784177096645E-6,0.000122921088426171,6.05888423411071E-6,0.906370460987091,0.968557059764862,24.5191612243652,0,30,4,200,-0.00117159110959619,-0.356656491756439,0.223760396242142,1,,,,,,,,,,,,,,,,
,3952599424.05531,55.6556835174561,999.6748046875,,,6,,,,24.8515180176228,,,1,,,,,,,,,,,,,,,,,,,,,,55.3569030761719,55.8775253295898,999.6748046875,999.6748046875,,,6.16882848739624,,1,0,0,0,0,31.7693061828613,2,1,1,55.9544639587402,0,55.6221076117622,,,0.000121718767953353,6.02263655729783E-6,0.00012220313503861,6.02365586174626E-6,0.907209694385529,0.967716217041016,24.5236625671387,0,30,4,200,-0.00126859429292381,-0.363265186548233,0.215101420879364,1,,,,,,,,,,,,,,,,
,3952599434.01955,56.2291603088379,999.6748046875,,,6,,,,24.8515180176228,,,1,,,,,,,,,,,,,,,,,,,,,,55.9687042236328,56.4480590820313,999.6748046875,999.6748046875,,,6.17452096939087,,1,0,0,0,0.000152587890625,31.7693061828613,2,1,1,56.489616394043,0,56.1884880065918,,,0.000120950924468959,5.98443939115433E-6,0.000121426770741564,5.98542880515834E-6,0.907576382160187,0.967505216598511,24.5254287719727,0,30,4,200,-0.00135428900830448,-0.369436800479889,0.205136641860008,1,,,,,,,,,,,,,,,,
,3952599444.10179,56.7821044921875,999.6748046875,,,6,,,,24.8515180176228,,,1,,,,,,,,,,,,,,,,,,,,,,56.5224838256836,57.0268821716309,999.6748046875,999.6748046875,,,6.18028497695923,,1,0,0,0,7.62939453125E-5,31.7693061828613,2,1,1,57.0417251586914,0,56.7821879916721,,,0.000120183799542477,5.94622868268415E-6,0.000120652412821373,5.94723118981017E-6,0.908036828041077,0.9676473736763,24.5271091461182,0.0766652077436447,30,4,200,-0.00106798764318228,-0.374034106731415,0.19535519182682,1,,,,,,,,,,,,,,,,
,3952599462.55257,57.8502178192139,999.6748046875,,,6,,,,24.8567136215739,,,1,,,,,,,,,,,,,,,,,,,,,,57.5649185180664,58.0628967285156,999.6748046875,999.6748046875,,,6.19065189361572,,1,0,0,0,7.62939453125E-5,31.7693061828613,2,1,1,58.1355171203613,0,57.8302739461263,,,0.000118766074481354,5.8763560878205E-6,0.000119234192653539,5.87728528860751E-6,0.907537281513214,0.967839956283569,24.5300273895264,0.122999906539917,30,4,200,-0.00129391509108245,-0.384071350097656,0.179987654089928,1,,,,,,,,,,,,,,,,
,3952599473.01677,58.4434661865234,999.6748046875,,,6,,,,24.8567136215739,,,1,,,,,,,,,,,,,,,,,,,,,,58.1811180114746,58.6700897216797,999.6748046875,999.6748046875,,,6.19619703292847,,1,0,0,0,0.000152587890625,31.7693061828613,2,1,1,58.7058143615723,0,58.414611392551,,,0.000118057194467049,5.8408438839041E-6,0.000118511499996852,5.84175566588858E-6,0.908348143100739,0.967357039451599,24.5339603424072,0,30,4,200,-0.00120133976452053,-0.391149073839188,0.169499441981316,1,,,,,,,,,,,,,,,,
,3952599483.06303,59.0023498535156,999.6748046875,,,6,,,,24.8567136215739,,,1,,,,,,,,,,,,,,,,,,,,,,58.7274322509766,59.2631454467773,999.6748046875,999.6748046875,,,6.20228719711304,,1,0,0,0,0.000152587890625,31.7693061828613,2,1,1,59.2772674560547,0,58.9908328586154,,,0.000117326527833846,5.80452897752937E-6,0.000117774539494329,5.80545098015233E-6,0.908656477928162,0.967239320278168,24.5353507995605,0,30,4,200,-0.00122895441018045,-0.397588551044464,0.159844368696213,1,,,,,,,,,,,,,,,,
,3952599493.56911,59.6167888641357,999.6748046875,,,6,,,,24.8567136215739,,,1,,,,,,,,,,,,,,,,,,,,,,59.3259696960449,59.8743667602539,999.6748046875,999.6748046875,,,6.20800495147705,,1,0,0,0,0.000152587890625,31.7693061828613,2,1,1,59.9076080322266,0,59.5880457560221,,,0.00011658906872302,5.76770680137866E-6,0.000117028346318303,5.76859779224861E-6,0.909294903278351,0.9676194190979,24.5373802185059,,30,4,200,-0.00113569584209472,-0.402917951345444,0.150147289037704,1,,,,,,,,,,,,,,,,
,3952599503.77952,60.2096900939941,999.6748046875,,,6,,,,24.8567136215739,,,1,,,,,,,,,,,,,,,,,,,,,,59.9525146484375,60.4504051208496,999.6748046875,999.6748046875,,,6.21270847320557,,1,0,0,0,0.000152587890625,31.7693061828613,2,1,1,60.4668655395508,0,60.211122724745,,,0.000115862763326454,5.73151247102808E-6,0.000116292294462589,5.73240230173424E-6,0.909798800945282,0.967156887054443,24.5401000976562,1.89760630746605E-5,30,4,200,-0.00118850357830524,-0.408762574195862,0.141018643975258,1,,,,,,,,,,,,,,,,
,3952599514.24972,60.7953586578369,999.6748046875,,,6,,,,24.8567136215739,,,1,,,,,,,,,,,,,,,,,,,,,,60.527099609375,61.0283699035645,999.6748046875,999.6748046875,,,6.21881818771362,,1,0,0,0,0.000152587890625,31.7693061828613,2,1,1,61.0636177062988,0,60.772334628635,,,0.000115114407980268,5.69418544681617E-6,0.000115532785911518,5.69504882029819E-6,0.910396695137024,0.966712772846222,24.5431747436523,0,30,4,200,-0.00117885484360158,-0.415529847145081,0.131581902503967,1,,,,,,,,,,,,,,,,
,3952599524.48406,61.4016704559326,999.6748046875,,,6,,,,24.8567136215739,,,1,,,,,,,,,,,,,,,,,,,,,,61.1034469604492,61.6599311828613,999.6748046875,999.6748046875,,,6.2240309715271,,1,0,0,0,0.000152587890625,31.7693061828613,2,1,1,61.699893951416,0,61.3740586174859,,,0.000114394103062496,5.65829585760757E-6,0.000114802295664507,5.65913828692422E-6,0.910903632640839,0.966191232204437,24.5460567474365,,30,4,200,-0.00109090260230005,-0.421327084302902,0.122230440378189,1,,,,,,,,,,,,,,,,
,3952599543.00492,62.4574947357178,999.6748046875,,,6,,,,24.8623717731234,,,1,,,,,,,,,,,,,,,,,,,,,,62.1735496520996,62.7026290893555,999.6748046875,999.6748046875,,,6.23276138305664,,1,0,0,0,0.000152587890625,31.7693061828613,2,1,1,62.7414398193359,0,62.4330338372125,,,0.000113047108087788,5.591873624341E-6,0.000113457210374973,5.59272090247834E-6,0.910496175289154,0.966783881187439,24.5491199493408,0,30,4,200,-0.00118338037282228,-0.431093841791153,0.105964548885822,1,,,,,,,,,,,,,,,,
,3952599553.38789,63.0535583496094,999.6748046875,,,6,,,,24.8623717731234,,,1,,,,,,,,,,,,,,,,,,,,,,62.7806282043457,63.29150390625,999.6748046875,999.6748046875,,,6.23787641525269,,1,0,0,0,7.62939453125E-5,31.7693061828613,2,1,1,63.326488494873,0,63.0352164374457,,,0.000112316656770255,5.55550125837618E-6,0.000112715513716224,5.55633282473862E-6,0.910976469516754,0.965858519077301,24.5525093078613,0.0876297876238823,30,4,200,-0.00126713095232844,-0.43825289607048,0.0966575369238854,1,,,,,,,,,,,,,,,,
,3952599563.48233,63.6274070739746,999.6748046875,,,6,,,,24.8623717731234,,,1,,,,,,,,,,,,,,,,,,,,,,63.3475723266602,63.8866653442383,999.6748046875,999.6748046875,,,6.24298286437988,,1,0,0,0,7.62939453125E-5,31.7693061828613,2,1,1,63.9072418212891,0,63.6081352233887,,,0.000111636786608476,5.5215038425846E-6,0.000112026488000434,5.52230967003509E-6,0.911726713180542,0.966170072555542,24.5550727844238,0.187169253826141,30,4,200,-0.00106737285386771,-0.443078219890594,0.0867192000150681,1,,,,,,,,,,,,,,,,
,3952599573.9266,64.2304496765137,999.6748046875,,,6,,,,24.8623717731234,,,1,,,,,,,,,,,,,,,,,,,,,,63.9568176269531,64.4379501342773,999.6748046875,999.6748046875,,,6.24798679351807,,1,0,0,0,7.62939453125E-5,31.7693061828613,2,1,1,64.5040817260742,0,64.2014456854926,,,0.000110928885544514,5.48619054221788E-6,0.00011131027008544,5.48701039914564E-6,0.912347257137299,0.966140508651733,24.5576629638672,5.34031200408936,30,4,200,-0.000933941861148924,-0.447038412094116,0.078991174697876,1,,,,,,,,,,,,,,,,
,3952599584.09309,64.7951126098633,999.6748046875,,,6,,,,24.8623717731234,,,1,,,,,,,,,,,,,,,,,,,,,,64.5292358398438,65.0401992797852,999.6748046875,999.6748046875,,,6.25226211547852,,1,0,0,0,0.000152587890625,31.2805480957031,2,1,1,65.0609893798828,0,64.7805472479926,,,0.000110227509269137,5.45129136034839E-6,0.000110601516835322,5.45207315084606E-6,0.912786304950714,0.966135084629059,24.5594921112061,0,30,4,200,-0.000846939510665834,-0.449670940637588,0.0722021237015724,1,,,,,,,,,,,,,,,,
,3952599594.60738,65.4012451171875,999.6748046875,,,6,,,,24.8623717731234,,,1,,,,,,,,,,,,,,,,,,,,,,65.1128921508789,65.6580963134766,999.6748046875,999.6748046875,,,6.25655889511108,,1,0,0,0,7.62939453125E-5,31.2805480957031,2,1,1,65.6895980834961,0,65.3722169664171,,,0.000109539856527129,5.41700915562572E-6,0.000109904577139918,5.41777823380508E-6,0.913365423679352,0.965809047222137,24.5623626708984,9.01632301975042E-5,30,4,200,-0.00103048130404204,-0.454572439193726,0.0656336024403572,1,,,,,,,,,,,,,,,,
,3952599613.32498,66.512451171875,999.6748046875,,,6,,,,24.8676594387474,,,1,,,,,,,,,,,,,,,,,,,,,,66.2188949584961,66.7604446411133,999.6748046875,999.6748046875,,,6.26516771316528,,1,0,0,0,0.000152587890625,31.7693061828613,2,1,1,66.8060073852539,0,66.4949815538194,,,0.000108238618762367,5.3528002998553E-6,0.000108600326435513,5.35354050647151E-6,0.913062691688538,0.965499818325043,24.5668830871582,5.34022283554077,30,4,200,-0.000879145227372646,-0.460771381855011,0.0524354316294193,1,,,,,,,,,,,,,,,,
,3952599623.63366,67.1025924682617,999.6748046875,,,6,,,,24.8676594387474,,,1,,,,,,,,,,,,,,,,,,,,,,66.8512725830078,67.3163070678711,999.6748046875,999.6748046875,,,6.26979875564575,,1,0,0,0,0.000152587890625,31.2805480957031,2,1,1,67.3539123535156,0,67.0840021769206,,,0.000107587995659048,5.32040265111072E-6,0.000107940992215209,5.32112187964859E-6,0.913542330265045,0.965052306652069,24.5696048736572,0,30,4,200,-0.000881631451193243,-0.464204460382462,0.0458154566586018,1,,,,,,,,,,,,,,,,
,3952599634.01278,67.674674987793,999.6748046875,,,6,,,,24.8676594387474,,,1,,,,,,,,,,,,,,,,,,,,,,67.4015808105469,67.905891418457,999.6748046875,999.6748046875,,,6.2739725112915,,1,0,0,0,0.000152587890625,31.7693061828613,2,1,1,67.9477691650391,0,67.634390089247,,,0.000106899366465239,5.28596915957519E-6,0.000107243223988175,5.28666514617953E-6,0.914369225502014,0.965369522571564,24.5724906921387,5.34133672714233,30,4,200,-0.000856233818922192,-0.467318087816238,0.0394902378320694,1,,,,,,,,,,,,,,,,
,3952599644.23695,68.2428016662598,999.6748046875,,,6,,,,24.8676594387474,,,1,,,,,,,,,,,,,,,,,,,,,,67.9704208374023,68.4618453979492,999.6748046875,999.6748046875,,,6.27895832061768,,1,0,0,0,0.000152587890625,31.7693061828613,2,1,1,68.5151824951172,0,68.2161144680447,,,0.000106233058190105,5.25286999706629E-6,0.000106572722363191,5.25356339862595E-6,0.914704322814941,0.965637981891632,24.573450088501,0,30,4,200,-0.00090889137936756,-0.470305502414703,0.0333939008414745,1,,,,,,,,,,,,,,,,
,3952599654.28198,68.8224029541016,999.6748046875,,,6,,,,24.8676594387474,,,1,,,,,,,,,,,,,,,,,,,,,,68.5364456176758,69.0724487304687,999.6748046875,999.6748046875,,,6.2834038734436,,1,0,0,0,0.000152587890625,31.2805480957031,2,1,1,69.1083602905273,0,68.8205625745985,,,0.000105593805910404,5.22092994726739E-6,0.000105921407446145,5.22160855659336E-6,0.915444612503052,0.964798748493195,24.5779228210449,0,30,4,200,-0.000981088378466666,-0.475032538175583,0.0266611613333225,1,,,,,,,,,,,,,,,,
,3952599664.5219,69.4057197570801,999.6748046875,,,6,,,,24.8676594387474,,,1,,,,,,,,,,,,,,,,,,,,,,69.1293487548828,69.6455078125,999.6748046875,999.6748046875,,,6.28868246078491,,1,0,0,0,0.000152587890625,31.7693061828613,2,1,1,69.6820907592773,0,69.3871900770399,,,0.000104904391022235,5.1865291944993E-6,0.000105221498971598,5.18716904361942E-6,0.916162431240082,0.964462161064148,24.5814647674561,,30,4,200,-0.00096604716964066,-0.479611217975616,0.0189148262143135,1,,,,,,,,,,,,,,,,
,3952599683.07551,70.4950561523437,999.6748046875,,,6,,,,24.873209341402,,,1,,,,,,,,,,,,,,,,,,,,,,70.2145767211914,70.7357406616211,999.6748046875,999.6748046875,,,6.29948949813843,,1,0,0,0,0.000152587890625,31.7693061828613,2,1,1,70.7755355834961,0,70.4631042480469,,,0.000103776627390951,5.13082199087873E-6,0.000104091040896221,5.13147375326564E-6,0.916045308113098,0.964274525642395,24.5868434906006,1.48366552821244E-5,30,4,200,-0.000913576222956181,-0.489100515842438,0.00441352557390928,1,,,,,,,,,,,,,,,,
,3952599693.66839,71.0836753845215,999.6748046875,,,6,,,,24.873209341402,,,1,,,,,,,,,,,,,,,,,,,,,,70.821403503418,71.3141174316406,999.6748046875,999.6748046875,,,6.30334424972534,,1,0,0,0,7.62939453125E-5,31.7693061828613,2,1,1,71.345947265625,0,71.068984137641,,,0.000103027074048099,5.09367910465467E-6,0.000103336954233342,5.0943055562326E-6,0.916236340999603,0.964226603507996,24.5877437591553,0.273639917373657,30,4,200,-0.000931948889046907,-0.492678552865982,-0.00312998215667903,1,,,,,,,,,,,,,,,,
,3952599703.79184,71.6622047424316,999.6748046875,,,6,,,,24.873209341402,,,1,,,,,,,,,,,,,,,,,,,,,,71.3855361938477,71.9067764282227,999.6748046875,999.6748046875,,,6.30679368972778,,1,0,0,0,7.62939453125E-5,32.2580642700195,2,1,1,71.9388732910156,0,71.6465725368924,,,0.000102420116786592,5.0633715285042E-6,0.00010272297082757,5.06402571312996E-6,0.916943907737732,0.964299023151398,24.5905723571777,5.34256172180176,30,4,200,-0.000953157199546695,-0.496686398983002,-0.0100863268598914,1,,,,,,,,,,,,,,,,
,3952599714.16604,72.2316665649414,999.6748046875,,,6,,,,24.873209341402,,,1,,,,,,,,,,,,,,,,,,,,,,71.9509963989258,72.4909744262695,999.6748046875,999.6748046875,,,6.31139516830444,,1,0,0,0,7.62939453125E-5,31.2805480957031,2,1,1,72.512336730957,0,72.2197765774197,,,0.000101800813899966,5.03252017391721E-6,0.000102096777542776,5.03315219415119E-6,0.917501449584961,0.964313983917236,24.5928783416748,0.0712418332695961,30,4,200,-0.000918039295356721,-0.500963032245636,-0.0172447599470615,1,,,,,,,,,,,,,,,,
,3952599724.38811,72.8393325805664,999.6748046875,,,6,,,,24.873209341402,,,1,,,,,,,,,,,,,,,,,,,,,,72.5599975585938,73.0910797119141,999.6748046875,999.6748046875,,,6.31515789031982,,1,0,0,0,0.000152587890625,30.7917900085449,2,1,1,73.1186676025391,0,72.8198030259874,,,0.000101143455117671,4.99979938330701E-6,0.0001014280662932,5.00038947302071E-6,0.918046712875366,0.963201403617859,24.5972118377686,0,30,4,200,-0.000880724517628551,-0.504951477050781,-0.0243591442704201,1,,,,,,,,,,,,,,,,
,3952599742.94015,73.9191398620605,999.6748046875,,,6,,,,24.87843494488,,,1,,,,,,,,,,,,,,,,,,,,,,73.6112594604492,74.180778503418,999.6748046875,999.6748046875,,,6.32443237304687,,1,0,0,0,7.62939453125E-5,31.7693061828613,2,1,1,74.2270202636719,0,73.9010425143772,,,0.000100017919709836,4.94415757688402E-6,0.000100300268590719,4.94476834855351E-6,0.918052852153778,0.963310480117798,24.6022357940674,0,30,4,200,-0.000707514642272145,-0.510791599750519,-0.0361585356295109,1,,,,,,,,,,,,,,,,
,3952599753.26346,74.5129127502441,999.6748046875,,,6,,,,24.87843494488,,,1,,,,,,,,,,,,,,,,,,,,,,74.2598342895508,74.7343521118164,999.6748046875,999.6748046875,,,6.32754516601562,,1,0,0,0,0.000152587890625,31.7693061828613,2,1,1,74.7659912109375,0,74.4847556220161,,,9.93664166739424E-5,4.91179959768178E-6,9.96440152841134E-5,4.91234963828719E-6,0.918433129787445,0.963683485984802,24.6031665802002,5.34334897994995,30,4,200,-0.000920600665267557,-0.514429032802582,-0.0421402864158154,1,,,,,,,,,,,,,,,,
,3952599763.40404,75.0769348144531,999.6748046875,,,6,,,,24.87843494488,,,1,,,,,,,,,,,,,,,,,,,,,,74.7899551391602,75.3432083129883,999.6748046875,999.6748046875,,,6.33125591278076,,1,0,0,0,0.000152587890625,31.7693061828613,2,1,1,75.3639144897461,0,75.0616717868381,,,9.87818491502224E-5,4.88273280811151E-6,9.90519941859442E-5,4.88327575296788E-6,0.918860375881195,0.963056862354279,24.6061325073242,1.37603019538801E-5,30,4,200,-0.00109549949411303,-0.520964562892914,-0.0499552823603153,1,,,,,,,,,,,,,,,,
,3952599773.40048,75.6506767272949,999.6748046875,,,6,,,,24.87843494488,,,1,,,,,,,,,,,,,,,,,,,,,,75.3711776733398,75.8235931396484,999.6748046875,999.6748046875,,,6.33417415618897,,1,0,0,0,0,31.7693061828613,2,1,1,75.93017578125,0,75.5944010416667,,,9.81750840217143E-5,4.8524513811746E-6,9.84380191875282E-5,4.85299217279421E-6,0.919589042663574,0.963127493858337,24.6090984344482,,30,4,200,-0.000949802226386964,-0.526007235050201,-0.0586109273135662,1,,,,,,,,,,,,,,,,
,3952599783.42096,76.2096290588379,999.6748046875,,,6,,,,24.87843494488,,,1,,,,,,,,,,,,,,,,,,,,,,75.9435501098633,76.4539108276367,999.6748046875,999.6748046875,,,6.33836507797241,,1,0,0,0,0.000152587890625,31.7693061828613,2,1,1,76.4757080078125,0,76.1845228407118,,,9.75783494934518E-5,4.82273295295123E-6,9.78346817818072E-5,4.8232571958287E-6,0.920165777206421,0.963076055049896,24.611644744873,0,30,4,200,-0.000940494937822223,-0.531291961669922,-0.0665085688233375,1,,,,,,,,,,,,,,,,
,3952599802.11287,77.3159065246582,999.6748046875,,,6,,,,24.8838964365981,,,1,,,,,,,,,,,,,,,,,,,,,,77.0137481689453,77.6180648803711,999.6748046875,999.6748046875,,,6.34686136245727,,1,0,0,0,0.000152587890625,33.7243423461914,2,1,1,77.6180648803711,0,77.316983795166,,,9.65116163906254E-5,4.77008606755957E-6,9.67634704979454E-5,4.77061292635056E-6,0.919970333576202,0.962146878242493,24.6181106567383,,30,4,200,-0.000961049343459308,-0.541984081268311,-0.0819651931524277,1,,,,,,,,,,,,,,,,
,3952599812.77545,77.941162109375,999.6748046875,,,6,,,,24.8838964365981,,,1,,,,,,,,,,,,,,,,,,,,,,77.655143737793,78.2106170654297,999.6748046875,999.6748046875,,,6.35002946853638,,1,0,0,0,0.017242431640625,31.7693061828613,2,1,1,78.227180480957,0,77.9158660888672,,,9.58763716759316E-5,4.73850116768905E-6,9.61255270132419E-5,4.73902145002406E-6,0.920462787151337,0.962929546833038,24.6186656951904,0,30,4,200,-0.0009595679002814,-0.546599090099335,-0.0897541865706444,1,,,,,,,,,,,,,,,,
,3952599822.7333,78.4939842224121,999.6748046875,,,6,,,,24.8838964365981,,,1,,,,,,,,,,,,,,,,,,,,,,78.2407913208008,78.7016296386719,999.6748046875,999.6748046875,,,6.35244226455688,,1,0,0,0,0.000152587890625,29.8142719268799,2,1,1,78.7471771240234,0,78.4687771267361,,,9.53101554956581E-5,4.71039310334709E-6,9.55519855552035E-5,4.71089250117698E-6,0.920796036720276,0.962107300758362,24.6217632293701,,30,4,200,-0.000953742070123553,-0.551824271678925,-0.098189577460289,1,,,,,,,,,,,,,,,,
,3952599832.88752,79.0669288635254,999.6748046875,,,6,,,,24.8838964365981,,,1,,,,,,,,,,,,,,,,,,,,,,78.767333984375,79.3235473632813,999.6748046875,999.6748046875,,,6.35607814788818,,1,0,0,0,0.000152587890625,31.7693061828613,2,1,1,79.3665237426758,0,79.0503768920898,,,9.47327743703229E-5,4.68167069141741E-6,9.49693198205014E-5,4.68214989961757E-6,0.921296119689941,0.962191045284271,24.6237277984619,0,30,4,200,-0.00087298423750326,-0.556325197219849,-0.105489507317543,1,,,,,,,,,,,,,,,,
,3952599843.22065,79.6609802246094,999.6748046875,,,6,,,,24.8838964365981,,,1,,,,,,,,,,,,,,,,,,,,,,79.4090881347656,79.8779907226563,999.6748046875,999.6748046875,,,6.3597559928894,,1,0,0,0,7.62939453125E-5,31.7693061828613,2,1,1,79.9128723144531,0,79.6347715589735,,,9.41630127062152E-5,4.65325558764067E-6,9.43917587389023E-5,4.65374680107051E-6,0.922003567218781,0.96179723739624,24.627592086792,4.96261978149414,30,4,200,-0.000859618769027293,-0.561397671699524,-0.113121166825294,1,,,,,,,,,,,,,,,,
,3952599861.78593,80.7281494140625,999.6748046875,,,6,,,,24.8895708321424,,,1,,,,,,,,,,,,,,,,,,,,,,80.4223327636719,80.9667510986328,999.6748046875,999.6748046875,,,6.36686897277832,,1,0,0,0,0.000152587890625,31.7693061828613,2,1,1,81.0339660644531,0,80.6994789971246,,,9.3105622915124E-5,4.60104796267889E-6,9.33315042727464E-5,4.60152297923756E-6,0.921872615814209,0.961507320404053,24.6332778930664,0,30,4,200,-0.000923832762055099,-0.570799946784973,-0.126956254243851,1,,,,,,,,,,,,,,,,
,3952599872.565,81.3580665588379,999.6748046875,,,6,,,,24.8895708321424,,,1,,,,,,,,,,,,,,,,,,,,,,81.0614471435547,81.630500793457,999.6748046875,999.6748046875,,,6.36993789672852,,1,0,0,0,7.62939453125E-5,31.7693061828613,2,1,1,81.6546859741211,0,81.3490982055664,,,9.25443123653362E-5,4.57319325928852E-6,9.27647728595708E-5,4.57363550330155E-6,0.922198355197906,0.961205840110779,24.6353397369385,0,30,4,200,-0.000954291026573628,-0.57643985748291,-0.135113388299942,1,,,,,,,,,,,,,,,,
,3952599883.11858,81.9750289916992,999.6748046875,,,6,,,,24.8895708321424,,,1,,,,,,,,,,,,,,,,,,,,,,81.699951171875,82.2346649169922,999.6748046875,999.6748046875,,,6.37331104278564,,1,0,0,0,0.000152587890625,31.7693061828613,2,1,1,82.2565460205078,0,81.9670316908095,,,9.1983458619547E-5,4.54526202658633E-6,9.21970457398735E-5,4.54569680920764E-6,0.922807097434998,0.96090966463089,24.6386394500732,0,30,4,200,-0.000997690134681761,-0.582003116607666,-0.143461614847183,1,,,,,,,,,,,,,,,,
,3952599893.15626,82.5428581237793,999.6748046875,,,6,,,,24.8895708321424,,,1,,,,,,,,,,,,,,,,,,,,,,82.2755279541016,82.810188293457,999.6748046875,999.6748046875,,,6.37625169754028,,1,0,0,0,0.0197601318359375,31.7693061828613,2,1,1,82.810188293457,0,82.5347984313965,,,9.14340588611433E-5,4.51784689732761E-6,9.16419516575581E-5,4.51827459267385E-6,0.923576235771179,0.961222529411316,24.6413326263428,0,30,4,200,-0.000927697925362736,-0.586465895175934,-0.150805324316025,1,,,,,,,,,,,,,,,,
,3952599912.28526,83.6285171508789,999.6748046875,,,6,,,,24.8946403662243,,,1,,,,,,,,,,,,,,,,,,,,,,83.3451766967773,83.861213684082,999.6748046875,999.6748046875,,,6.38358974456787,,1,0,0,0,0.000152587890625,31.7693061828613,2,1,1,83.9118576049805,0,83.5932379828559,,,9.04056390761249E-5,4.46712941227052E-6,9.0609677671433E-5,4.46754407213174E-6,0.923288285732269,0.960279703140259,24.6472187042236,,30,4,200,-0.000850025448016822,-0.596846222877502,-0.165886491537094,1,,,,,,,,,,,,,,,,
,3952599923.00503,84.2300186157227,999.6748046875,,,6,,,,24.8946403662243,,,1,,,,,,,,,,,,,,,,,,,,,,83.9443969726563,84.4271850585938,999.6748046875,999.6748046875,,,6.38582229614258,,1,0,0,0,0.0128173828125,32.2580642700195,2,1,1,84.5156402587891,0,84.1789084540473,,,8.98401582773495E-5,4.4389743140749E-6,9.00396455598577E-5,4.43939559326529E-6,0.92391163110733,0.960518002510071,24.6494331359863,0.187085345387459,30,4,200,-0.00086074776481837,-0.601169288158417,-0.17290885746479,1,,,,,,,,,,,,,,,,
,3952599933.01245,84.8241081237793,999.6748046875,,,6,,,,24.8946403662243,,,1,,,,,,,,,,,,,,,,,,,,,,84.530403137207,85.0760269165039,999.6748046875,999.6748046875,,,6.38892793655395,,1,0,0,0,0.000152587890625,31.7693061828613,2,1,1,85.1178131103516,0,84.7986229790582,,,8.93137128454723E-5,4.412821934054E-6,8.95055412563862E-5,4.41320573860418E-6,0.924327075481415,0.959695279598236,24.653190612793,0,30,4,200,-0.000703018391504884,-0.60524445772171,-0.18002125620842,1,,,,,,,,,,,,,,,,
,3952599943.15888,85.453556060791,999.6748046875,,,6,,,,24.8946403662243,,,1,,,,,,,,,,,,,,,,,,,,,,85.1690444946289,85.6977844238281,999.6748046875,999.6748046875,,,6.39221715927124,,1,0,0,0,0.000152587890625,31.7693061828613,2,1,1,85.7380676269531,0,85.4288482666016,,,8.87722634575456E-5,4.38596067642466E-6,8.89622915240663E-5,4.38635222092422E-6,0.924658954143524,0.960087060928345,24.6537666320801,0,30,4,200,-0.000535381026566029,-0.606358885765076,-0.184932976961136,1,,,,,,,,,,,,,,,,
,3952599961.96092,86.5198516845703,999.6748046875,,,6,,,,24.8997186958191,,,1,,,,,,,,,,,,,,,,,,,,,,86.2109146118164,86.8059844970703,999.6748046875,999.6748046875,,,6.39878702163696,,1,0,0,0,7.62939453125E-5,31.7693061828613,2,1,1,86.8287887573242,0,86.508056640625,,,8.77897833366702E-5,4.33741020371948E-6,8.79753244742559E-5,4.33779044177729E-6,0.924687206745148,0.959507346153259,24.6603240966797,0,30,4,200,-0.000739612616598606,-0.613786995410919,-0.195527374744415,1,,,,,,,,,,,,,,,,
,3952599972.6947,87.1380882263184,999.6748046875,,,6,,,,24.8997186958191,,,1,,,,,,,,,,,,,,,,,,,,,,86.8542938232422,87.4008102416992,999.6748046875,999.6748046875,,,6.40126085281372,,1,0,0,0,7.62939453125E-5,31.7693061828613,2,1,1,87.4218826293945,0,87.1222517225478,,,8.72625440200011E-5,4.31125013025932E-6,8.74421675209116E-5,4.31161332369685E-6,0.925026834011078,0.958875060081482,24.6633911132813,0,30,4,200,-0.000929872971028089,-0.618990778923035,-0.202514812350273,1,,,,,,,,,,,,,,,,
,3952599982.70882,87.7255172729492,999.6748046875,,,6,,,,24.8997186958191,,,1,,,,,,,,,,,,,,,,,,,,,,87.4374008178711,87.9973220825195,999.6748046875,999.6748046875,,,6.40395927429199,,1,0,0,0,7.62939453125E-5,31.7693061828613,2,1,1,88.0136337280273,0,87.6921630859375,,,8.67672404806992E-5,4.28665114614206E-6,8.69435781305982E-5,4.28701011219615E-6,0.925424456596375,0.95898050069809,24.6649284362793,0,30,4,200,-0.000860713713336736,-0.623599290847778,-0.209716498851776,1,,,,,,,,,,,,,,,,
,3952599992.70113,88.2993583679199,999.6748046875,,,6,,,,24.8997186958191,,,1,,,,,,,,,,,,,,,,,,,,,,88.0276947021484,88.5291519165039,999.6748046875,999.6748046875,,,6.4071798324585,,1,0,0,0,0.000152587890625,31.7693061828613,2,1,1,88.5710220336914,0,88.2663447062174,,,8.62866190172584E-5,4.26268108976764E-6,8.64568548221226E-5,4.26301799809453E-6,0.926134824752808,0.958942592144012,24.6682262420654,5.34618854522705,30,4,200,-0.000862607848830521,-0.627793967723846,-0.216337636113167,1,,,,,,,,,,,,,,,,
,3952600011.22107,89.3567504882813,999.6748046875,,,6,,,,24.9050131781988,,,1,,,,,,,,,,,,,,,,,,,,,,89.0672912597656,89.6462097167969,999.6748046875,999.6748046875,,,6.4127368927002,,1,0,0,0,0.000152587890625,30.7917900085449,2,1,1,89.6462097167969,0,89.3444946289063,,,8.53601423064737E-5,4.2169795736879E-6,8.55268130573178E-5,4.21732307892668E-6,0.925922513008118,0.958016335964203,24.6749019622803,4.96738386154175,30,4,200,-0.000710264779627323,-0.635656654834747,-0.228246301412582,1,,,,,,,,,,,,,,,,
,3952600021.93405,89.9968719482422,999.6748046875,,,6,,,,24.9050131781988,,,1,,,,,,,,,,,,,,,,,,,,,,89.6901931762695,90.2827072143555,999.6748046875,999.6748046875,,,6.41583633422852,,1,0,0,0,7.62939453125E-5,31.7693061828613,2,1,1,90.3035507202148,0,89.9822357177734,,,8.48411626295045E-5,4.19113219746801E-6,8.50057695605722E-5,4.19146520529364E-6,0.926590144634247,0.95895779132843,24.67555809021,1.02054782473715E-5,30,4,200,-0.000808475888334215,-0.639991760253906,-0.235030949115753,1,,,,,,,,,,,,,,,,
,3952600031.91496,90.5810928344727,999.6748046875,,,6,,,,24.9050131781988,,,1,,,,,,,,,,,,,,,,,,,,,,90.3035507202148,90.8278732299805,999.6748046875,999.6748046875,,,6.41794681549072,,1,0,0,0,0.000152587890625,31.2805480957031,2,1,1,90.8586349487305,0,90.5735677083333,,,8.43929791775791E-5,4.16889958193568E-6,8.45533386495167E-5,4.16922909447613E-6,0.926893055438995,0.958540856838226,24.6780014038086,4.96769571304321,30,4,200,-0.000455887988209724,-0.642704248428345,-0.242164611816406,1,,,,,,,,,,,,,,,,
,3952600041.60501,91.1500244140625,999.6748046875,,,6,,,,24.9050131781988,,,1,,,,,,,,,,,,,,,,,,,,,,90.880126953125,91.3988952636719,999.6748046875,999.6748046875,,,6.42039823532104,,1,0,0,0,0.000152587890625,32.2580642700195,2,1,1,91.419921875,0,91.1368704901801,,,8.39195922798563E-5,4.14538515378251E-6,8.40743948770671E-5,4.1457034429391E-6,0.927319407463074,0.958017110824585,24.6813373565674,0,30,4,200,-0.000716570822987705,-0.645492255687714,-0.245572820305824,1,,,,,,,,,,,,,,,,
,3952600060.05731,92.227481842041,999.6748046875,,,6,,,,24.9104154351503,,,1,,,,,,,,,,,,,,,,,,,,,,91.9568099975586,92.4659957885742,999.6748046875,999.6748046875,,,6.42656564712524,,1,0,0,0,7.62939453125E-5,31.7693061828613,2,1,1,92.4981536865234,0,92.2144131130642,,,8.30453984825638E-5,4.10230726222754E-6,8.31984449301305E-5,4.10261090528485E-6,0.926971197128296,0.957439363002777,24.6866683959961,0,30,4,200,-0.000725216756109148,-0.652182698249817,-0.25622946023941,1,,,,,,,,,,,,,,,,
,3952600070.65951,92.8227996826172,999.6748046875,,,6,,,,24.9104154351503,,,1,,,,,,,,,,,,,,,,,,,,,,92.5636520385742,93.0513458251953,999.6748046875,999.6748046875,,,6.42903184890747,,1,0,0,0,7.62939453125E-5,32.2580642700195,2,1,1,93.0819473266602,0,92.8110656738281,,,8.25758174599787E-5,4.07885085583471E-6,8.27239483947119E-5,4.07914567831889E-6,0.927843987941742,0.95782744884491,24.6896572113037,9.14191787160234E-6,30,4,200,-0.000683468650095165,-0.65577495098114,-0.262547761201859,1,,,,,,,,,,,,,,,,
,3952600080.78145,93.3777046203613,999.6748046875,,,6,,,,24.9104154351503,,,1,,,,,,,,,,,,,,,,,,,,,,93.1053085327148,93.628044128418,999.6748046875,999.6748046875,,,6.43153476715088,,1,0,0,0,0.000152587890625,31.2805480957031,2,1,1,93.6501007080078,0,93.3774939643012,,,8.2092458678702E-5,4.05488352062621E-6,8.22371736480062E-5,4.0551883443288E-6,0.928155601024628,0.957560062408447,24.6918392181396,7.73353967815638E-5,30,4,200,-0.000553144200239331,-0.657795786857605,-0.267839372158051,1,,,,,,,,,,,,,,,,
,3952600091.20009,93.978214263916,999.6748046875,,,6,,,,24.9104154351503,,,1,,,,,,,,,,,,,,,,,,,,,,93.6969223022461,94.202751159668,999.6748046875,999.6748046875,,,6.43442535400391,,1,0,0,0,0.000152587890625,31.7693061828613,2,1,1,94.2595062255859,0,93.9585867987739,,,8.16321209185332E-5,4.03213543956516E-6,8.17712535864138E-5,4.03241964795418E-6,0.928190052509308,0.956373274326324,24.6953735351562,0,30,4,200,-0.000673935457598418,-0.661285042762756,-0.272055387496948,1,,,,,,,,,,,,,,,,
,3952600110.0002,95.0662078857422,999.6748046875,,,6,,,,24.9159845404286,,,1,,,,,,,,,,,,,,,,,,,,,,94.7689514160156,95.3005905151367,999.6748046875,999.6748046875,,,6.43953418731689,,1,0,0,0,0.000152587890625,31.7693061828613,2,1,1,95.3634643554687,0,95.0387123955621,,,8.07755185426767E-5,3.989778379422E-6,8.09138929772447E-5,3.99005562189446E-6,0.928349614143372,0.956860423088074,24.7002620697021,0.102152980864048,30,4,200,-0.00047995283966884,-0.666210770606995,-0.28163754940033,1,,,,,,,,,,,,,,,,
,3952600120.73451,95.7086868286133,999.6748046875,,,6,,,,24.9159845404286,,,1,,,,,,,,,,,,,,,,,,,,,,95.3998641967773,95.9963760375977,999.6748046875,999.6748046875,,,6.44206237792969,,1,0,0,0,0.000152587890625,31.7693061828613,2,1,1,96.0175094604492,0,95.6896705627441,,,8.03077521754611E-5,3.9665705832732E-6,8.04418591734311E-5,3.96684275478929E-6,0.928713440895081,0.956489980220795,24.7030563354492,8.72823966346914E-6,30,4,200,-0.000600038270931691,-0.668679594993591,-0.286113321781158,1,,,,,,,,,,,,,,,,
,3952600131.25469,96.3216781616211,999.6748046875,,,6,,,,24.9159845404286,,,1,,,,,,,,,,,,,,,,,,,,,,96.0600204467773,96.5445556640625,999.6748046875,999.6748046875,,,6.44414710998535,,1,0,0,0,0.000152587890625,31.7693061828613,2,1,1,96.5833358764648,0,96.3042407565647,,,7.98462049521874E-5,3.94356880549781E-6,7.99727294748199E-5,3.94382402673753E-6,0.929444253444672,0.955825626850128,24.7085571289062,8.65331458044238E-6,30,4,200,-0.000620337435975671,-0.672239184379578,-0.291572570800781,1,,,,,,,,,,,,,,,,
,3952600141.79254,96.9220466613769,999.6748046875,,,6,,,,24.9159845404286,,,1,,,,,,,,,,,,,,,,,,,,,,96.6351470947266,97.1615447998047,999.6748046875,999.6748046875,,,6.44704294204712,,1,0,0,0,0.000152587890625,31.7693061828613,2,1,1,97.2089462280273,0,96.9023106892904,,,7.93768498320866E-5,3.92027482290026E-6,7.95025826053738E-5,3.92053541263627E-6,0.929847955703735,0.956421315670013,24.708703994751,0,30,4,200,-0.000767914345487952,-0.676320850849152,-0.296864777803421,1,,,,,,,,,,,,,,,,
,3952600160.40507,98.0014610290527,999.6748046875,,,6,,,,24.9219136746174,,,1,,,,,,,,,,,,,,,,,,,,,,97.7047500610352,98.2182388305664,999.6748046875,999.6748046875,,,6.4518027305603,,1,0,0,0,0.000152587890625,31.7693061828613,2,1,1,98.2981719970703,0,97.9676072862413,,,7.85814212743292E-5,3.881102682933E-6,7.87067335495851E-5,3.8813664356243E-6,0.929438769817352,0.955971240997314,24.7140102386475,0,30,4,200,-0.00077462219633162,-0.68546187877655,-0.309619873762131,1,,,,,,,,,,,,,,,,
,3952600170.76412,98.6194114685059,999.6748046875,,,6,,,,24.9219136746174,,,1,,,,,,,,,,,,,,,,,,,,,,98.3438186645508,98.8454055786133,999.6748046875,999.6748046875,,,6.45444488525391,,1,0,0,0,0.000152587890625,31.7693061828613,2,1,1,98.8950042724609,0,98.5957683987088,,,7.81369469077084E-5,3.85906287444509E-6,7.8258082808655E-5,3.85930896737859E-6,0.929757058620453,0.955574095249176,24.7167625427246,,30,4,200,-0.000729310617316514,-0.690052807331085,-0.31660121679306,1,,,,,,,,,,,,,,,,
,3952600180.84483,99.1963081359863,999.6748046875,,,6,,,,24.9219136746174,,,1,,,,,,,,,,,,,,,,,,,,,,98.9099655151367,99.4111480712891,999.6748046875,999.6748046875,,,6.45631837844849,,1,0,0,0,7.62939453125E-5,31.7693061828613,2,1,1,99.4826507568359,0,99.1696200900608,,,7.77124483712017E-5,3.83790787396379E-6,7.78302521397609E-5,3.83816184905176E-6,0.93046373128891,0.955864071846008,24.7193050384521,5.34813117980957,30,4,200,-0.000777737121097743,-0.694659113883972,-0.322973400354385,1,,,,,,,,,,,,,,,,
,3952600191.05145,99.8003730773926,999.6748046875,,,6,,,,24.9219136746174,,,1,,,,,,,,,,,,,,,,,,,,,,99.514274597168,100.055419921875,999.6748046875,999.6748046875,,,6.45931243896484,,1,0,0,0,7.62939453125E-5,31.2805480957031,2,1,1,100.086471557617,0,99.7720709906684,,,7.73021748765318E-5,3.8175525542451E-6,7.7415169906019E-5,3.8177778164148E-6,0.930811524391174,0.955354332923889,24.7226009368896,0,30,4,200,-0.000794493535067886,-0.699567496776581,-0.329870283603668,1,,,,,,,,,,,,,,,,
,3952600209.55711,100.857257843018,999.6748046875,,,6,,,,24.9279104765778,,,1,,,,,,,,,,,,,,,,,,,,,,100.546806335449,101.106620788574,999.6748046875,999.6748046875,,,6.4632396697998,,1,0,0,0,0.000152587890625,31.2805480957031,2,1,1,101.167709350586,0,100.845848931207,,,7.65269407627272E-5,3.77936027650802E-6,7.66389195324603E-5,3.77957264048175E-6,0.930463254451752,0.95491099357605,24.72829246521,0,30,4,200,-0.000805428659077734,-0.709580659866333,-0.342816650867462,1,,,,,,,,,,,,,,,,
,3952600219.89567,101.457874298096,999.6748046875,,,6,,,,24.9279104765778,,,1,,,,,,,,,,,,,,,,,,,,,,101.20043182373,101.693252563477,999.6748046875,999.6748046875,,,6.46563959121704,,1,0,0,0,0.000152587890625,31.7693061828613,2,1,1,101.715316772461,0,101.441825866699,,,7.6087925189171E-5,3.75756997796658E-6,7.61954317899916E-5,3.75777385249547E-6,0.930881321430206,0.954487979412079,24.7317390441895,5.34805917739868,30,4,200,-0.000844865979161113,-0.715193927288055,-0.350357800722122,1,,,,,,,,,,,,,,,,
,3952600230.07553,102.038078308105,999.6748046875,,,6,,,,24.9279104765778,,,1,,,,,,,,,,,,,,,,,,,,,,101.750495910645,102.301399230957,999.6748046875,999.6748046875,,,6.46769523620605,,1,0,0,0,0.000152587890625,31.7693061828613,2,1,1,102.325660705566,0,102.021889580621,,,7.57178683762652E-5,3.73914520444709E-6,7.58237890959718E-5,3.73933904922082E-6,0.93146163225174,0.95511782169342,24.7325878143311,0,30,4,200,-0.000692961970344186,-0.719828367233276,-0.357913941144943,1,,,,,,,,,,,,,,,,
,3952600240.61769,102.649490356445,999.6748046875,,,6,,,,24.9279104765778,,,1,,,,,,,,,,,,,,,,,,,,,,102.380325317383,102.885330200195,999.6748046875,999.6748046875,,,6.47063064575195,,1,0,0,0,7.62939453125E-5,31.7693061828613,2,1,1,102.918655395508,0,102.625815497504,,,7.52573314304318E-5,3.71638143688984E-6,7.53599880402987E-5,3.71657261731633E-6,0.931540727615356,0.954479336738586,24.7350921630859,0,30,4,200,-0.000824126473162323,-0.725082516670227,-0.36436539888382,1,,,,,,,,,,,,,,,,
,3952600259.3536,103.736610412598,999.6748046875,,,6,,,,24.9340017937956,,,1,,,,,,,,,,,,,,,,,,,,,,103.450973510742,103.955551147461,999.6748046875,999.6748046875,,,6.47454786300659,,1,0,0,0,0.000152587890625,31.2805480957031,2,1,1,104.022247314453,0,103.688478257921,,,7.45446861708E-5,3.68135508509887E-6,7.46463883942762E-5,3.68155180697903E-6,0.930890619754791,0.953467071056366,24.7413063049316,0,30,4,200,-0.000860785075929016,-0.735851168632507,-0.378282129764557,1,,,,,,,,,,,,,,,,
,3952600270.09776,104.374626159668,999.6748046875,,,6,,,,24.9340017937956,,,1,,,,,,,,,,,,,,,,,,,,,,104.084197998047,104.634536743164,999.6748046875,999.6748046875,,,6.47700309753418,,1,0,0,0,0.0212860107421875,31.7693061828613,2,1,1,104.665054321289,0,104.345358276367,,,7.41379981876755E-5,3.66096502877026E-6,7.42367893890625E-5,3.66116389628138E-6,0.932103931903839,0.954571485519409,24.7437171936035,0,30,4,200,-0.000735783251002431,-0.740690350532532,-0.38602402806282,1,,,,,,,,,,,,,,,,
,3952600280.15214,104.956722259521,999.6748046875,,,6,,,,24.9340017937956,,,1,,,,,,,,,,,,,,,,,,,,,,104.665054321289,105.195930480957,999.6748046875,999.6748046875,,,6.47902393341064,,1,0,0,0,7.62939453125E-5,31.7693061828613,2,1,1,105.248390197754,0,104.9187596639,,,7.37307427837913E-5,3.64090208960412E-6,7.38245019666278E-5,3.6410906458563E-6,0.931912779808044,0.953030705451965,24.748119354248,0,30,4,200,-0.000763345684390515,-0.745708286762238,-0.392525911331177,1,,,,,,,,,,,,,,,,
,3952600298.9846,106.083099365234,999.6748046875,,,6,,,,24.9391425334867,,,1,,,,,,,,,,,,,,,,,,,,,,105.788764953613,106.338874816895,999.6748046875,999.6748046875,,,6.48341178894043,,1,0,0,0,7.62939453125E-5,31.7693061828613,2,1,1,106.377433776855,0,106.062437269423,,,7.29852777828723E-5,3.60410434588456E-6,7.30779495095207E-5,3.60427386028436E-6,0.931853532791138,0.953005015850067,24.7530536651611,0,30,4,200,-0.000637206714600325,-0.753750085830689,-0.404373109340668,1,,,,,,,,,,,,,,,,
,3952600309.53919,106.714317321777,999.6748046875,,,6,,,,24.9391425334867,,,1,,,,,,,,,,,,,,,,,,,,,,106.423522949219,106.974937438965,999.6748046875,999.6748046875,,,6.48550653457642,,1,0,0,0,0.000152587890625,31.7693061828613,2,1,1,107.005111694336,0,106.688285827637,,,7.2614338865166E-5,3.58565090124064E-6,7.27034827866863E-5,3.58581529051955E-6,0.932417690753937,0.952954232692718,24.7561798095703,0,30,4,200,-0.000816031941212714,-0.75901335477829,-0.41056814789772,1,,,,,,,,,,,,,,,,
,3952600319.64596,107.305183410645,999.6748046875,,,6,,,,24.9391425334867,,,1,,,,,,,,,,,,,,,,,,,,,,107.037246704102,107.552558898926,999.6748046875,999.6748046875,,,6.48720121383667,,1,0,0,0,0.000152587890625,31.7693061828613,2,1,1,107.573120117187,0,107.293961419,,,7.22491897246274E-5,3.56755215614476E-6,7.23356568296717E-5,3.5677055954515E-6,0.932690024375916,0.952752768993378,24.7583484649658,0,30,4,200,-0.000895933771971613,-0.764938652515411,-0.41792020201683,1,,,,,,,,,,,,,,,,
,3952600338.19035,108.373645782471,999.6748046875,,,6,,,,24.9442009239192,,,1,,,,,,,,,,,,,,,,,,,,,,108.093322753906,108.605850219727,999.6748046875,999.6748046875,,,6.49168682098389,,1,0,0,0,0.000152587890625,31.7693061828613,2,1,1,108.653968811035,0,108.339425828722,,,7.1546754345574E-5,3.53296178649365E-6,7.1634020863019E-5,3.53313852451176E-6,0.93229466676712,0.952522456645966,24.7621650695801,0,30,4,200,-0.000719784526154399,-0.774155557155609,-0.431509971618652,1,,,,,,,,,,,,,,,,
,3952600348.56975,108.950008392334,999.6748046875,,,6,,,,24.9442009239192,,,1,,,,,,,,,,,,,,,,,,,,,,108.669418334961,109.198753356934,999.6748046875,999.6748046875,,,6.49385833740234,,1,0,0,0,0.000152587890625,32.2580642700195,2,1,1,109.230598449707,0,108.91872575548,,,7.11566928592368E-5,3.51372449130854E-6,7.12383886327425E-5,3.51388812169266E-6,0.932200789451599,0.950982928276062,24.7675437927246,0.133757740259171,30,4,200,-0.000733776018023491,-0.779438376426697,-0.438090085983276,1,,,,,,,,,,,,,,,,
,3952600358.79794,109.545528411865,999.6748046875,,,6,,,,24.9442009239192,,,1,,,,,,,,,,,,,,,,,,,,,,109.285820007324,109.770721435547,999.6748046875,999.6748046875,,,6.49555110931396,,1,0,0,0,7.62939453125E-5,31.7693061828613,2,1,1,109.805236816406,0,109.524372524685,,,7.08166528861528E-5,3.49670792816407E-6,7.08963979437581E-5,3.4968654079257E-6,0.933149933815002,0.951880931854248,24.7691764831543,0,30,4,200,-0.000770422804635018,-0.784330189228058,-0.444655358791351,1,,,,,,,,,,,,,,,,
,3952600377.24676,110.626342773438,999.6748046875,,,6,,,,24.9494735134938,,,1,,,,,,,,,,,,,,,,,,,,,,110.35457611084,110.845092773438,999.6748046875,999.6748046875,,,6.49941921234131,,1,0,0,0,7.62939453125E-5,31.7693061828613,2,1,1,110.898109436035,0,110.594710456,,,7.01287342162862E-5,3.46289193636179E-6,7.02073957756493E-5,3.46304246123352E-6,0.93250447511673,0.950928628444672,24.7746963500977,,30,4,200,-0.000664189457893372,-0.792677402496338,-0.456585109233856,1,,,,,,,,,,,,,,,,
,3952600387.59255,111.207035064697,999.6748046875,,,6,,,,24.9494735134938,,,1,,,,,,,,,,,,,,,,,,,,,,110.923027038574,111.447570800781,999.6748046875,999.6748046875,,,6.50119161605835,,1,0,0,0,0.011444091796875,30.7917900085449,2,1,1,111.49104309082,0,111.174738566081,,,6.97797380215434E-5,3.44550810733277E-6,6.9856838730861E-5,3.44566692623553E-6,0.933153867721558,0.951428353786468,24.7762432098389,0,30,4,200,-0.000611801631748676,-0.79657518863678,-0.462826311588287,1,,,,,,,,,,,,,,,,
,3952600397.36884,111.793262481689,999.6748046875,,,6,,,,24.9494735134938,,,1,,,,,,,,,,,,,,,,,,,,,,111.505958557129,112.018608093262,999.6748046875,999.6748046875,,,6.50305891036987,,1,0,0,0,0.000152587890625,31.7693061828613,2,1,1,112.08056640625,0,111.753128051758,,,6.94276730624524E-5,3.42800866852658E-6,6.95010048721909E-5,3.4281566347795E-6,0.933652997016907,0.951176106929779,24.7800521850586,0,30,4,200,-0.000747085723560303,-0.800714790821075,-0.467563182115555,1,,,,,,,,,,,,,,,,
,3952600416.13071,112.872085571289,999.6748046875,,,6,,,,24.9547184592891,,,1,,,,,,,,,,,,,,,,,,,,,,112.584327697754,113.118148803711,999.6748046875,999.6748046875,,,6.507164478302,,1,0,0,0,0.000152587890625,31.2805480957031,2,1,1,113.159843444824,0,112.869644165039,,,6.87611964521868E-5,3.39519497127171E-6,6.88317946997117E-5,3.39533891673982E-6,0.933239936828613,0.950038433074951,24.7877197265625,0,30,4,200,-0.000577292230445892,-0.808372855186462,-0.479457706212997,1,,,,,,,,,,,,,,,,
,3952600426.69207,113.482734680176,999.6748046875,,,6,,,,24.9547184592891,,,1,,,,,,,,,,,,,,,,,,,,,,113.197319030762,113.733947753906,999.6748046875,999.6748046875,,,6.50875186920166,,1,0,0,0,0.000152587890625,31.7693061828613,2,1,1,113.76815032959,0,113.466044955783,,,6.84190113014254E-5,3.37819164079922E-6,6.84886834881259E-5,3.37832252738375E-6,0.933721482753754,0.950589239597321,24.7881088256836,0,30,4,200,-0.000586607086006552,-0.811807334423065,-0.484578311443329,1,,,,,,,,,,,,,,,,
,3952600436.7932,114.076110839844,999.6748046875,,,6,,,,24.9547184592891,,,1,,,,,,,,,,,,,,,,,,,,,,113.816535949707,114.314292907715,999.6748046875,999.6748046875,,,6.51022958755493,,1,0,0,0,0.000152587890625,31.7693061828613,2,1,1,114.33568572998,0,114.071714613173,,,6.81196145259623E-5,3.36333634483011E-6,6.81869911972991E-5,3.36346267714709E-6,0.934042036533356,0.950453639030457,24.7904853820801,0,30,4,200,-0.000523227034136653,-0.815088152885437,-0.489467769861221,1,,,,,,,,,,,,,,,,
,3952600455.33599,115.15018081665,999.6748046875,,,6,,,,24.9601523285463,,,1,,,,,,,,,,,,,,,,,,,,,,114.853355407715,115.389465332031,999.6748046875,999.6748046875,,,6.51373720169067,,1,0,0,0,0,31.7693061828613,2,1,1,115.462539672852,0,115.138084411621,,,6.74774908822945E-5,3.33175183730086E-6,6.75425541517063E-5,3.33187860336019E-6,0.93350613117218,0.949240803718567,24.7981357574463,0,30,4,200,-0.000495888525620103,-0.819255828857422,-0.496618866920471,1,,,,,,,,,,,,,,,,
,3952600465.69896,115.747528076172,999.6748046875,,,6,,,,24.9601523285463,,,1,,,,,,,,,,,,,,,,,,,,,,115.472427368164,116.006294250488,999.6748046875,999.6748046875,,,6.51607465744019,,1,0,0,0,0.000152587890625,31.7693061828613,2,1,1,116.02262878418,0,115.736289130317,,,6.71494746631098E-5,3.31538739074011E-6,6.72125958965287E-5,3.31551623210309E-6,0.934272587299347,0.94975221157074,24.8003463745117,0,30,4,200,-0.000540673499926925,-0.821737766265869,-0.500658690929413,1,,,,,,,,,,,,,,,,
,3952600475.7911,116.33366394043,999.6748046875,,,6,,,,24.9601523285463,,,1,,,,,,,,,,,,,,,,,,,,,,116.068542480469,116.584922790527,999.6748046875,999.6748046875,,,6.51773405075073,,1,0,0,0,0.000152587890625,31.7693061828613,2,1,1,116.606155395508,0,116.324116177029,,,6.68182320724214E-5,3.29895847001986E-6,6.68798773898019E-5,3.29908128438799E-6,0.934610188007355,0.949880361557007,24.8017292022705,,30,4,200,-0.000564858899451792,-0.824670612812042,-0.505237817764282,1,,,,,,,,,,,,,,,,
,3952600494.3687,117.401996612549,999.6748046875,,,6,,,,24.9656354207278,,,1,,,,,,,,,,,,,,,,,,,,,,117.122856140137,117.642929077148,999.6748046875,999.6748046875,,,6.5209436416626,,1,0,0,0,0.000152587890625,30.3030319213867,2,1,1,117.681137084961,0,117.397412618001,,,6.62110962164413E-5,3.26895715622193E-6,6.62720581227853E-5,3.2690669366812E-6,0.934736132621765,0.950080752372742,24.8070545196533,8.22764121918502E36,30,4,200,-0.000562629196792841,-0.831540048122406,-0.514445126056671,1,,,,,,,,,,,,,,,,
,3952600504.76576,117.989669799805,999.6748046875,,,6,,,,24.9656354207278,,,1,,,,,,,,,,,,,,,,,,,,,,117.706390380859,118.244346618652,999.6748046875,999.6748046875,,,6.52289915084839,,1,0,0,0,0.000152587890625,31.7693061828613,2,1,1,118.27294921875,0,117.9769660102,,,6.58664548643252E-5,3.25208080315686E-6,6.5924097391275E-5,3.25218733429012E-6,0.934079885482788,0.94835352897644,24.8111019134521,8.22764121918502E36,30,4,200,-0.000555598002392799,-0.835156738758087,-0.519737482070923,1,,,,,,,,,,,,,,,,
,3952600515.03364,118.598262786865,999.6748046875,,,6,,,,24.9656354207278,,,1,,,,,,,,,,,,,,,,,,,,,,118.304306030273,118.849998474121,999.6748046875,999.6748046875,,,6.52419853210449,,1,0,0,0,0.000152587890625,32.7468223571777,2,1,1,118.892219543457,0,118.584598117405,,,6.55409083404641E-5,3.23564043533691E-6,6.5598343639324E-5,3.23573636001003E-6,0.935815691947937,0.950678884983063,24.8107051849365,5.34978008270264,30,4,200,-0.000499513756949455,-0.837470471858978,-0.523963928222656,1,,,,,,,,,,,,,,,,
,3952600533.47997,119.652805328369,999.6748046875,,,6,,,,24.9712906044928,,,1,,,,,,,,,,,,,,,,,,,,,,119.358703613281,119.906135559082,999.6748046875,999.6748046875,,,6.52771234512329,,1,0,0,0,0.000152587890625,31.7693061828613,2,1,1,119.946907043457,0,119.63882276747,,,6.50128324530261E-5,3.20988282266358E-6,6.50672931608632E-5,3.2099913499789E-6,0.934322535991669,0.947921991348267,24.8203353881836,0.0919876769185066,30,4,200,-0.000600050494540483,-0.843784034252167,0.587121605873108,1,,,,,,,,,,,,,,,,
,3952600544.00857,120.261116027832,999.6748046875,,,6,,,,24.9712906044928,,,1,,,,,,,,,,,,,,,,,,,,,,119.997650146484,120.480155944824,999.6748046875,999.6748046875,,,6.52964544296265,,1,0,0,0,0.000152587890625,31.2805480957031,2,1,1,120.52458190918,0,120.236978318956,,,6.46754974602746E-5,3.19321573788509E-6,6.47278428322382E-5,3.19331461583864E-6,0.93438196182251,0.947510957717896,24.8227405548096,4.9529717216501E-5,30,4,200,-0.000507497927173972,-0.847633183002472,0.581910133361816,1,,,,,,,,,,,,,,,,
,3952600554.14493,120.857112884521,999.6748046875,,,6,,,,24.9712906044928,,,1,,,,,,,,,,,,,,,,,,,,,,120.570091247559,121.101623535156,999.6748046875,999.6748046875,,,6.53124856948852,,1,0,0,0,0.000152587890625,31.7693061828613,2,1,1,121.144134521484,0,120.8283267551,,,6.43319505279903E-5,3.17606367410116E-6,6.4382173027235E-5,3.17616107753828E-6,0.935295701026916,0.948111712932587,24.8254737854004,4.98251676559448,30,4,200,-0.000462500058347359,0.273148417472839,0.580735266208649,1,,,,,,,,,,,,,,,,
,3952600572.90463,121.962467193604,999.6748046875,,,6,,,,24.977006799615,,,1,,,,,,,,,,,,,,,,,,,,,,121.642295837402,122.223274230957,999.6748046875,999.6748046875,,,6.53508138656616,,1,0,0,0,0,31.7693061828613,2,1,1,122.282638549805,0,121.943746185303,,,6.37861423334423E-5,3.14919810503214E-6,6.38369300788407E-5,3.14928929458771E-6,0.934894621372223,0.94794088602066,24.8295116424561,0.0681689754128456,30,4,200,-0.000607332505751401,0.266535192728043,0.572623908519745,1,,,,,,,,,,,,,,,,
,3952600583.12819,122.555850982666,999.6748046875,,,6,,,,24.977006799615,,,1,,,,,,,,,,,,,,,,,,,,,,122.29573059082,122.772453308105,999.6748046875,999.6748046875,,,6.53626537322998,,1,0,0,0,0.000152587890625,31.7693061828613,2,1,1,122.815971374512,0,122.518645392524,,,6.34734805362911E-5,3.1338268425553E-6,6.35212129136695E-5,3.13390637033758E-6,0.934580028057098,0.946781158447266,24.8334655761719,0,30,4,200,-0.000563025590963662,0.262693881988525,0.566992521286011,1,,,,,,,,,,,,,,,,
,3952600593.19508,123.124977111816,999.6748046875,,,6,,,,24.977006799615,,,1,,,,,,,,,,,,,,,,,,,,,,122.849082946777,123.384475708008,999.6748046875,999.6748046875,,,6.5376353263855,,1,0,0,0,0.000152587890625,32.2580642700195,2,1,1,123.400871276855,0,123.125130547418,,,6.31678389829426E-5,3.11862903476732E-6,6.32132540255845E-5,3.11870528609295E-6,0.935107350349426,0.946826338768005,24.8366737365723,0,30,4,200,-0.000608306145295501,0.2591173350811,0.562266111373901,1,,,,,,,,,,,,,,,,
,3952600611.93828,124.218738555908,999.6748046875,,,6,,,,24.9828763750066,,,1,,,,,,,,,,,,,,,,,,,,,,123.914024353027,124.492523193359,999.6748046875,999.6748046875,,,6.54122543334961,,1,0,0,0,0,31.7693061828613,2,1,1,124.523452758789,0,124.204494476318,,,6.2643431948493E-5,3.09280886356E-6,6.26893838514883E-5,3.09289484151535E-6,0.934762179851532,0.946614325046539,24.841423034668,8.22764121918502E36,30,4,200,-0.000624813663307577,0.251738429069519,0.552866637706757,1,,,,,,,,,,,,,,,,
,3952600622.15814,124.808376312256,999.6748046875,,,6,,,,24.9828763750066,,,1,,,,,,,,,,,,,,,,,,,,,,124.537002563477,125.057945251465,999.6748046875,999.6748046875,,,6.54301881790161,,1,0,0,0,0.000152587890625,31.7693061828613,2,1,1,125.093299865723,0,124.778373718262,,,6.23442422426763E-5,3.07803038952812E-6,6.23872047521409E-5,3.07811378683918E-6,0.934793829917908,0.945842623710632,24.8458557128906,0,30,4,200,-0.000550902565009892,0.247972279787064,0.547437250614166,1,,,,,,,,,,,,,,,,
,3952600632.26207,125.411792755127,999.6748046875,,,6,,,,24.9828763750066,,,1,,,,,,,,,,,,,,,,,,,,,,125.133529663086,125.658470153809,999.6748046875,999.6748046875,,,6.54443073272705,,1,0,0,0,7.62939453125E-5,32.2580642700195,2,1,1,125.690055847168,0,125.372749328613,,,6.20411094139812E-5,3.06298720343127E-6,6.20817447055578E-5,3.06306210567164E-6,0.935186326503754,0.945734858512878,24.8491554260254,0,30,4,200,-0.000514227838721126,0.245236948132515,0.542516589164734,1,,,,,,,,,,,,,,,,
,3952600651.10191,126.496437072754,999.6748046875,,,6,,,,24.9887876712765,,,1,,,,,,,,,,,,,,,,,,,,,,126.188194274902,126.783271789551,999.6748046875,999.6748046875,,,6.54755687713623,,1,0,0,0,0.000152587890625,31.2805480957031,2,1,1,126.804679870605,0,126.473547363281,,,6.15191763237497E-5,3.03727036309221E-6,6.15603340693212E-5,3.03734436270587E-6,0.934926688671112,0.945683419704437,24.8535747528076,0,30,4,200,-0.000474952306831256,0.24016484618187,0.535043358802795,1,,,,,,,,,,,,,,,,
,3952600661.33252,127.074752807617,999.6748046875,,,6,,,,24.9887876712765,,,1,,,,,,,,,,,,,,,,,,,,,,126.804679870605,127.297889709473,999.6748046875,999.6748046875,,,6.54888391494751,,1,0,0,0,0.000152587890625,31.7693061828613,2,1,1,127.344825744629,0,127.059019300673,,,6.12359788913689E-5,3.02326031266187E-6,6.12755468378259E-5,3.02332885713772E-6,0.935065090656281,0.945461273193359,24.8558120727539,0,30,4,200,-0.000500472437124699,0.237284913659096,0.53095269203186,1,,,,,,,,,,,,,,,,
,3952600671.40772,127.666706085205,999.6748046875,,,6,,,,24.9887876712765,,,1,,,,,,,,,,,,,,,,,,,,,,127.381614685059,127.909713745117,999.6748046875,999.6748046875,,,6.55012321472168,,1,0,0,0,0.000152587890625,31.7693061828613,2,1,1,127.951797485352,0,127.642448425293,,,6.09752676781964E-5,3.01039893351316E-6,6.10125334186506E-5,3.01045964427065E-6,0.935017347335815,0.944814622402191,24.8593082427979,0,30,4,200,-0.000432239467045292,0.234470322728157,0.526530504226685,1,,,,,,,,,,,,,,,,
,3952600690.17673,128.758087158203,999.6748046875,,,6,,,,24.9948974404381,,,1,,,,,,,,,,,,,,,,,,,,,,128.456848144531,129.033248901367,999.6748046875,999.6748046875,,,6.55308437347412,,1,0,0,0,0.000152587890625,31.7693061828613,2,1,1,129.059326171875,0,128.753594970703,,,6.0421922389839E-5,2.98305266874631E-6,6.04595928092121E-5,2.98312206121286E-6,0.935154974460602,0.945143759250641,24.8644237518311,INF,30,4,200,-0.000536143488716334,0.228676110506058,0.518706619739532,1,,,,,,,,,,,,,,,,
,3952600700.36104,129.339950561523,999.6748046875,,,6,,,,24.9948974404381,,,1,,,,,,,,,,,,,,,,,,,,,,129.059326171875,129.578369140625,999.6748046875,999.6748046875,,,6.55480480194092,,1,0,0,0,0.000152587890625,31.7693061828613,2,1,1,129.620574951172,0,129.315726386176,,,6.01565609686E-5,2.96988369322418E-6,6.01924673833669E-5,2.96994996570324E-6,0.935507774353027,0.945094764232636,24.8672351837158,INF,30,4,200,-0.000543581554666162,0.22551067173481,0.514331579208374,1,,,,,,,,,,,,,,,,
,3952600710.01151,129.914154052734,999.6748046875,,,6,,,,24.9948974404381,,,1,,,,,,,,,,,,,,,,,,,,,,129.633193969727,130.120407104492,999.6748046875,999.6748046875,,,6.55639934539795,,1,0,0,0,0.000152587890625,30.7917900085449,2,1,1,130.195114135742,0,129.867877960205,,,5.99073299683824E-5,2.95760293717655E-6,5.99410436646955E-5,2.95766452151855E-6,0.935383796691895,0.944361686706543,24.8709087371826,0,30,4,200,-0.000357145385351032,0.223558902740479,0.510162651538849,1,,,,,,,,,,,,,,,,
,3952600728.5546,131.005157470703,999.6748046875,,,6,,,,25.0009444834812,,,1,,,,,,,,,,,,,,,,,,,,,,130.706573486328,131.263702392578,999.6748046875,999.6748046875,,,6.55929470062256,,1,0,0,0,0.000152587890625,31.2805480957031,2,1,1,131.303741455078,0,130.989917331272,,,5.94211640732242E-5,2.93359913139233E-6,5.94562341024174E-5,2.9336679674284E-6,0.935394525527954,0.944819867610931,24.8741512298584,INF,30,4,200,-0.000288068258669227,0.219098687171936,0.502937197685242,1,,,,,,,,,,,,,,,,
,3952600739.13387,131.615188598633,999.6748046875,,,6,,,,25.0009444834812,,,1,,,,,,,,,,,,,,,,,,,,,,131.362915039062,131.832336425781,999.6748046875,999.6748046875,,,6.56027936935425,,1,0,0,0,0.000152587890625,31.7693061828613,2,1,1,131.867462158203,0,131.585033840603,,,5.91356350398708E-5,2.91955370791754E-6,5.91686627629111E-5,2.91962055278352E-6,0.935127437114716,0.94395112991333,24.8776950836182,0,30,4,200,-0.00042015447979793,0.216754049062729,0.500544428825378,1,,,,,,,,,,,,,,,,
,3952600749.22148,132.19393157959,999.6748046875,,,6,,,,25.0009444834812,,,1,,,,,,,,,,,,,,,,,,,,,,131.905639648438,132.45524597168,999.6748046875,999.6748046875,,,6.56194591522217,,1,0,0,0,0.0186920166015625,31.2805480957031,2,1,1,132.482223510742,0,132.178304036458,,,5.88725984450024E-5,2.90650893795681E-6,5.89032535885174E-5,2.90656669865062E-6,0.93543291091919,0.943686664104462,24.8817481994629,3.9804713196645E-6,30,4,200,-0.000430468266131356,0.214448109269142,0.4967180788517,1,,,,,,,,,,,,,,,,
,3952600768.11184,133.300331115723,999.6748046875,,,6,,,,25.0072471363764,,,1,,,,,,,,,,,,,,,,,,,,,,132.983779907227,133.600662231445,999.6748046875,999.6748046875,,,6.56484317779541,,1,0,0,0,0,31.7693061828613,2,1,1,133.616882324219,0,133.280252075195,,,5.83678129176303E-5,2.88175972351654E-6,5.83983049236524E-5,2.88181602763607E-6,0.934520184993744,0.942676901817322,24.8877964019775,0,30,4,200,-0.000538446940481663,0.208670571446419,0.489495187997818,1,,,,,,,,,,,,,,,,
,3952600778.32024,133.904434204102,999.6748046875,,,6,,,,25.0072471363764,,,1,,,,,,,,,,,,,,,,,,,,,,133.629913330078,134.144409179688,999.6748046875,999.6748046875,,,6.56653928756714,,1,0,0,0,0.000152587890625,31.7693061828613,2,1,1,134.178955078125,0,133.879521687826,,,5.81112814098372E-5,2.8690343988037E-6,5.81401399590649E-5,2.86908364426291E-6,0.93483966588974,0.942634165287018,24.890625,4.06561002819217E-6,30,4,200,-0.000416283844970167,0.206187158823013,0.484962314367294,1,,,,,,,,,,,,,,,,
,3952600788.42748,134.487205505371,999.6748046875,,,6,,,,25.0072471363764,,,1,,,,,,,,,,,,,,,,,,,,,,134.219039916992,134.722930908203,999.6748046875,999.6748046875,,,6.56777095794678,,1,0,0,0,0.01983642578125,32.7468223571777,2,1,1,134.75537109375,0,134.455040825738,,,5.78554276062595E-5,2.85635905536917E-6,5.7882794384393E-5,2.85640711939193E-6,0.93507581949234,0.942498505115509,24.8934803009033,INF,30,4,200,-0.000473004271043465,0.203709959983826,0.48149585723877,1,,,,,,,,,,,,,,,,
,3952600807.21796,135.546775817871,999.6748046875,,,6,,,,25.0136958505767,,,1,,,,,,,,,,,,,,,,,,,,,,135.251998901367,135.830505371094,999.6748046875,999.6748046875,,,6.57033824920654,,1,0,0,0,0,31.7693061828613,2,1,1,135.841552734375,0,135.539527893066,,,5.73944755217463E-5,2.83368850943838E-6,5.74220708699701E-5,2.83373945955405E-6,0.934604644775391,0.942080438137054,24.899097442627,2.03818308364134E-5,30,4,200,-0.000383778155082837,0.199516296386719,0.474788755178452,1,,,,,,,,,,,,,,,,
,3952600817.37676,136.131401062012,999.6748046875,,,6,,,,25.0136958505767,,,1,,,,,,,,,,,,,,,,,,,,,,135.849227905273,136.381042480469,999.6748046875,999.6748046875,,,6.57175874710083,,1,0,0,0,0.000152587890625,31.7693061828613,2,1,1,136.41357421875,0,136.102518717448,,,5.71599195791283E-5,2.82196040158514E-6,5.71862550089796E-5,2.82201123925297E-6,0.935404777526855,0.942636013031006,24.9016036987305,0,30,4,200,-0.000454078981420025,0.197034269571304,0.471381992101669,1,,,,,,,,,,,,,,,,
,3952600827.4335,136.739250183105,999.6748046875,,,6,,,,25.0136958505767,,,1,,,,,,,,,,,,,,,,,,,,,,136.45671081543,136.989898681641,999.6748046875,999.6748046875,,,6.57328176498413,,1,0,0,0,0.000152587890625,31.7693061828613,2,1,1,137.021789550781,0,136.717475043403,,,5.68961741166401E-5,2.80898200847876E-6,5.69213744476715E-5,2.80902634477472E-6,0.935172736644745,0.942105889320374,24.903600692749,0,30,4,200,-0.000568851362913847,0.193300858139992,0.467584103345871,1,,,,,,,,,,,,,,,,
,3952600846.4227,137.880233764648,999.6748046875,,,6,,,,25.0201700988683,,,1,,,,,,,,,,,,,,,,,,,,,,137.581192016602,138.158843994141,999.6748046875,999.6748046875,,,6.57616233825684,,1,0,0,0,0.0128173828125,32.2580642700195,2,1,1,138.179275512695,0,137.854063415527,,,5.64385029114941E-5,2.7864907807867E-6,5.64635199641005E-5,2.78653226371049E-6,0.93459814786911,0.941483795642853,24.9099197387695,0,30,4,200,-0.000538246997166425,0.186752781271934,0.458151638507843,1,,,,,,,,,,,,,,,,
,3952600856.59335,138.442642211914,999.6748046875,,,6,,,,25.0201700988683,,,1,,,,,,,,,,,,,,,,,,,,,,138.179275512695,138.656341552734,999.6748046875,999.6748046875,,,6.57727098464966,,1,0,0,0,0.000152587890625,31.7693061828613,2,1,1,138.706008911133,0,138.416719224718,,,5.61573359426144E-5,2.77250864828401E-6,5.61815376633727E-5,2.77255225293633E-6,0.935158252716065,0.94188529253006,24.9116287231445,0,30,4,200,-0.000558585452381521,0.183782309293747,0.453967899084091,1,,,,,,,,,,,,,,,,
,3952600866.76365,139.047630310059,999.6748046875,,,6,,,,25.0201700988683,,,1,,,,,,,,,,,,,,,,,,,,,,138.759384155273,139.292556762695,999.6748046875,999.6748046875,,,6.57859182357788,,1,0,0,0,0.000152587890625,31.7693061828613,2,1,1,139.335876464844,0,139.029147677951,,,5.5953576086515E-5,2.76257544361195E-6,5.59754154558244E-5,2.76261542909066E-6,0.934453248977661,0.940436601638794,24.9169025421143,4.99168348312378,30,4,200,-0.000612876261584461,0.179163187742233,0.449221611022949,1,,,,,,,,,,,,,,,,
,3952600885.52105,140.109199523926,999.6748046875,,,6,,,,25.0267465189707,,,1,,,,,,,,,,,,,,,,,,,,,,139.803497314453,140.393295288086,999.6748046875,999.6748046875,,,6.58141613006592,,1,0,0,0,7.62939453125E-5,31.7693061828613,2,1,1,140.414901733398,0,140.087994384766,,,5.55071982548976E-5,2.74043475651652E-6,5.55297822183636E-5,2.74047588097766E-6,0.935019254684448,0.94133186340332,24.9212970733643,5.349534034729,30,4,200,-0.0005020413082093,0.173040419816971,0.440317243337631,1,,,,,,,,,,,,,,,,
,3952600895.71342,140.706787109375,999.6748046875,,,6,,,,25.0267465189707,,,1,,,,,,,,,,,,,,,,,,,,,,140.414901733398,140.957229614258,999.6748046875,999.6748046875,,,6.58258867263794,,1,0,0,0,0.000152587890625,31.2805480957031,2,1,1,140.998672485352,0,140.687121921115,,,5.52600110370829E-5,2.7285640717106E-6,5.52802716096311E-5,2.72860347542957E-6,0.93317449092865,0.938646256923676,24.9267654418945,0,30,4,200,-0.000484836084069684,0.169385835528374,0.435486704111099,1,,,,,,,,,,,,,,,,
,3952600914.43892,141.770011901855,999.6748046875,,,6,,,,25.0317824308687,,,1,,,,,,,,,,,,,,,,,,,,,,141.486740112305,142.026672363281,999.6748046875,999.6748046875,,,6.58494901657105,,1,0,0,0,0.000152587890625,31.2805480957031,2,1,1,142.053283691406,0,141.7638671875,,,5.48438824505481E-5,2.70776107810091E-6,5.48644458144584E-5,2.70780113199558E-6,0.934601426124573,0.940337359905243,24.9306774139404,0,30,4,200,-0.000444853387307376,0.16412128508091,0.427933067083359,1,,,,,,,,,,,,,,,,
,3952600924.69357,142.368721008301,999.6748046875,,,6,,,,25.0317824308687,,,1,,,,,,,,,,,,,,,,,,,,,,142.053283691406,142.684158325195,999.6748046875,999.6748046875,,,6.58603429794312,,1,0,0,0,0,31.7693061828613,2,1,1,142.684158325195,0,142.350614929199,,,5.4574871427625E-5,2.69461299592801E-6,5.45945455924713E-5,2.69465193432484E-6,0.9338498711586,0.939282119274139,24.9326839447021,0,30,4,200,-0.000514041574206203,0.161266028881073,0.424246788024902,1,,,,,,,,,,,,,,,,
,3952600943.83079,143.524513244629,999.6748046875,,,6,,,,25.0368682080642,,,1,,,,,,,,,,,,,,,,,,,,,,143.235824584961,143.758697509766,999.6748046875,999.6748046875,,,6.58885622024536,,1,0,0,0,0.000152587890625,31.7693061828613,2,1,1,143.813201904297,0,143.488171047635,,,5.41795942367651E-5,2.67506366455313E-6,5.41984212447658E-5,2.6750945035144E-6,0.93403559923172,0.939318895339966,24.9392242431641,0.186932250857353,30,4,200,-0.000456098117865622,0.155347511172295,0.416322886943817,1,,,,,,,,,,,,,,,,
,3952600953.84192,144.084518432617,999.6748046875,,,6,,,,25.0368682080642,,,1,,,,,,,,,,,,,,,,,,,,,,143.822036743164,144.325546264648,999.6748046875,999.6748046875,,,6.5900673866272,,1,0,0,0,0.000152587890625,32.2580642700195,2,1,1,144.34700012207,0,144.066506279839,,,5.39869591307958E-5,2.66551080317077E-6,5.40049831150019E-5,2.66554648491793E-6,0.934271395206451,0.939320683479309,24.9414939880371,0.0846319198608398,30,4,200,-0.000492879713419825,0.152059584856033,0.412031441926956,1,,,,,,,,,,,,,,,,
,3952600972.32023,145.16170501709,999.6748046875,,,6,,,,25.0418715182206,,,1,,,,,,,,,,,,,,,,,,,,,,144.896499633789,145.386962890625,999.6748046875,999.6748046875,,,6.59304809570312,,1,0,0,0,0.000152587890625,31.7693061828613,2,1,1,145.426910400391,0,145.146748860677,,,5.35421676691668E-5,2.64361545375876E-6,5.35597847939347E-5,2.64365120733463E-6,0.933895111083984,0.93883216381073,24.9472465515137,5.34965038299561,30,4,200,-0.000603826367296279,0.144860565662384,0.403252243995666,1,,,,,,,,,,,,,,,,
,3952600982.63975,145.728340148926,999.6748046875,,,6,,,,25.0418715182206,,,1,,,,,,,,,,,,,,,,,,,,,,145.46076965332,145.973724365234,999.6748046875,999.6748046875,,,6.59397792816162,,1,0,0,0,7.62939453125E-5,31.7693061828613,2,1,1,145.995910644531,0,145.718173556858,,,5.3311889112718E-5,2.63206881920835E-6,5.33292996860244E-5,2.63210397793404E-6,0.934917747974396,0.939901530742645,24.947582244873,0,30,4,200,-0.000593868899159133,0.14105598628521,0.398323476314545,1,,,,,,,,,,,,,,,,
,3952601001.24149,146.814064025879,999.6748046875,,,6,,,,25.0470515869419,,,1,,,,,,,,,,,,,,,,,,,,,,146.539901733398,147.088226318359,999.6748046875,999.6748046875,,,6.59599733352661,,1,0,0,0,0.01953125,31.7693061828613,2,1,1,147.088226318359,0,146.800175476074,,,5.29224873828369E-5,2.61302740903043E-6,5.2938587282621E-5,2.61305489516473E-6,0.933846414089203,0.938425719738007,24.955738067627,112225360,30,4,200,-0.000580727180931717,0.1332166492939,0.388772249221802,1,,,,,,,,,,,,,,,,
,3952601011.10339,147.376304626465,999.6748046875,,,6,,,,25.0470515869419,,,1,,,,,,,,,,,,,,,,,,,,,,147.088226318359,147.627502441406,999.6748046875,999.6748046875,,,6.59794044494629,,1,0,0,0,7.62939453125E-5,31.7693061828613,2,1,1,147.66438293457,0,147.362555609809,,,5.2690184616741E-5,2.60163600609096E-6,5.27052344488721E-5,2.60166220963998E-6,0.933396100997925,0.937651455402374,24.9586029052734,0.11511617153883,30,4,200,-0.000447286147391424,0.130315914750099,0.384238690137863,1,,,,,,,,,,,,,,,,
,3952601029.65751,148.469253540039,999.6748046875,,,6,,,,25.0520909664991,,,1,,,,,,,,,,,,,,,,,,,,,,148.18620300293,148.712783813477,999.6748046875,999.6748046875,,,6.59959745407105,,1,0,0,0,0.000152587890625,31.7693061828613,2,1,1,148.752304077148,0,148.459269205729,,,5.23310289720493E-5,2.58388221715271E-6,5.23454431210322E-5,2.5839097526418E-6,0.93351411819458,0.937605440616608,24.9653873443604,0,30,4,200,-0.000418362382333726,0.125139996409416,0.377300798892975,1,,,,,,,,,,,,,,,,
,3952601040.17619,149.089332580566,999.6748046875,,,6,,,,25.0520909664991,,,1,,,,,,,,,,,,,,,,,,,,,,148.811813354492,149.327743530273,999.6748046875,999.6748046875,,,6.60126972198486,,1,0,0,0,0.000152587890625,30.3030319213867,2,1,1,149.366851806641,0,149.062457614475,,,5.20956137022158E-5,2.57229920679613E-6,5.21087417935828E-5,2.57232276568514E-6,0.933274507522583,0.937002241611481,24.9690608978271,2.82942291960353E-5,30,4,200,-0.000465131510281935,0.122272618114948,0.373556852340698,1,,,,,,,,,,,,,,,,
,3952601058.66251,150.156776428223,999.6748046875,,,6,,,,25.0573989295314,,,1,,,,,,,,,,,,,,,,,,,,,,149.876876831055,150.382720947266,999.6748046875,999.6748046875,,,6.60315418243408,,1,0,0,0,7.62939453125E-5,31.7693061828613,2,1,1,150.436676025391,0,150.135289510091,,,5.17279632678191E-5,2.55422074266856E-6,5.17416192141173E-5,2.55424355988864E-6,0.932840585708618,0.936734616756439,24.9722900390625,0,30,4,200,-0.000500151189044118,0.116466604173183,0.366144806146622,1,,,,,,,,,,,,,,,,
,3952601068.94197,150.76244354248,999.6748046875,,,6,,,,25.0573989295314,,,1,,,,,,,,,,,,,,,,,,,,,,150.472625732422,151.013320922852,999.6748046875,999.6748046875,,,6.60433149337769,,1,0,0,0,0.000152587890625,31.7693061828613,2,1,1,151.052261352539,0,150.748345269097,,,5.15069524735564E-5,2.54323764749656E-6,5.15195468050927E-5,2.5432568568423E-6,0.933246910572052,0.936880230903625,24.9753684997559,0,30,4,200,-0.000519524153787643,0.113166980445385,0.361636966466904,1,,,,,,,,,,,,,,,,
,3952601087.76056,151.858680725098,999.6748046875,,,6,,,,25.0627119352809,,,1,,,,,,,,,,,,,,,,,,,,,,151.552963256836,152.143280029297,999.6748046875,999.6748046875,,,6.60681867599487,,1,0,0,0,0.01861572265625,31.7693061828613,2,1,1,152.164398193359,0,151.838975524902,,,5.11220352123032E-5,2.52427767420934E-6,5.11338984805093E-5,2.52430017132153E-6,0.932983338832855,0.936384737491608,24.9831142425537,0,30,4,200,-0.000495132815558463,0.106777213513851,0.353588283061981,1,,,,,,,,,,,,,,,,
,3952601097.88093,152.430358886719,999.6748046875,,,6,,,,25.0627119352809,,,1,,,,,,,,,,,,,,,,,,,,,,152.164398193359,152.642135620117,999.6748046875,999.6748046875,,,6.60838556289673,,1,0,0,0,7.62939453125E-5,31.7693061828613,2,1,1,152.696319580078,0,152.398464626736,,,5.09199050414787E-5,2.51429344095054E-6,5.09315905054263E-5,2.51431339262506E-6,0.93299788236618,0.936375141143799,24.9833984375,0,30,4,200,-0.000568046350963414,0.102919973433018,0.349111586809158,1,,,,,,,,,,,,,,,,
,3952601116.60893,153.532432556152,999.6748046875,,,6,,,,25.0680041795664,,,1,,,,,,,,,,,,,,,,,,,,,,153.222946166992,153.816345214844,999.6748046875,999.6748046875,,,6.61014842987061,,1,0,0,0,7.62939453125E-5,31.2805480957031,2,1,1,153.841918945313,0,153.509684753418,,,5.05549116024877E-5,2.496362064822E-6,5.05661894458959E-5,2.49638052534268E-6,0.932461023330689,0.935718894004822,24.98974609375,0,30,4,200,-0.000472784304292873,0.0963701605796814,0.340468496084213,1,,,,,,,,,,,,,,,,
,3952601127.26863,154.162773132324,999.6748046875,,,6,,,,25.0680041795664,,,1,,,,,,,,,,,,,,,,,,,,,,153.892440795898,154.416061401367,999.6748046875,999.6748046875,,,6.61128807067871,,1,0,0,0,7.62939453125E-5,31.7693061828613,2,1,1,154.43310546875,0,154.154527452257,,,5.03492624995861E-5,2.48617665619204E-6,5.03597084594818E-5,2.48619220752145E-6,0.93264365196228,0.935686409473419,24.9924163818359,,30,4,200,-0.000446441496023908,0.0933036208152771,0.336074411869049,1,,,,,,,,,,,,,,,,
,3952601146.01692,155.246971130371,999.6748046875,,,6,,,,25.0735371869701,,,1,,,,,,,,,,,,,,,,,,,,,,154.967391967773,155.526550292969,999.6748046875,999.6748046875,,,6.6134614944458,,1,0,0,0,0.0140380859375,31.7693061828613,2,1,1,155.526550292969,0,155.234121704102,,,4.99837618771873E-5,2.46848568608141E-6,4.99929437828779E-5,2.46850215898001E-6,0.930540919303894,0.933125495910644,25.0026416778564,,30,4,200,-0.000619684346020222,0.0857691913843155,0.328302711248398,1,,,,,,,,,,,,,,,,
,3952601155.99663,155.80362701416,999.6748046875,,,6,,,,25.0735371869701,,,1,,,,,,,,,,,,,,,,,,,,,,155.533950805664,156.038528442383,999.6748046875,999.6748046875,,,6.61470651626587,,1,0,0,0,0.000152587890625,31.7693061828613,2,1,1,156.073303222656,0,155.780546400282,,,4.98052860273496E-5,2.45943019027963E-6,4.9814054449728E-5,2.45944459731756E-6,0.931960165500641,0.934497475624084,25.0040111541748,0,30,4,200,-0.000471074541565031,0.0826070457696915,0.323087155818939,1,,,,,,,,,,,,,,,,
,3952601174.4754,156.86499786377,999.6748046875,,,6,,,,25.0789847838756,,,1,,,,,,,,,,,,,,,,,,,,,,156.592071533203,157.087173461914,999.6748046875,999.6748046875,,,6.61664724349976,,1,0,0,0,0.000152587890625,31.7693061828613,2,1,1,157.137924194336,0,156.842417399089,,,4.93948885049386E-5,2.43906453199798E-6,4.94041955719483E-5,2.43907757131368E-6,0.932557582855225,0.935316443443298,25.0068855285645,0,30,4,200,-0.000460368115454912,0.0777687132358551,0.316687434911728,1,,,,,,,,,,,,,,,,
,3952601184.80352,157.477890014648,999.6748046875,,,6,,,,25.0789847838756,,,1,,,,,,,,,,,,,,,,,,,,,,157.179260253906,157.744567871094,999.6748046875,999.6748046875,,,6.61794805526733,,1,0,0,0,0.000152587890625,31.7693061828613,2,1,1,157.776519775391,0,157.45464070638,,,4.92396270662915E-5,2.43148307315722E-6,4.92482489215188E-5,2.43149545942602E-6,0.932044148445129,0.934581875801086,25.0095024108887,5.0009503364563,30,4,200,-0.00038268810021691,0.0749607682228088,0.312298446893692,1,,,,,,,,,,,,,,,,
,3952601203.47362,158.569282531738,999.6748046875,,,6,,,,25.0844847480897,,,1,,,,,,,,,,,,,,,,,,,,,,158.281829833984,158.78205871582,999.6748046875,999.6748046875,,,6.61984825134277,,1,0,0,0,0.000152587890625,31.7693061828613,2,1,1,158.856735229492,0,158.535057915582,,,4.89015942837095E-5,2.41475771499755E-6,4.89101736249544E-5,2.41477109464448E-6,0.93224972486496,0.934793949127197,25.0150165557861,,30,4,200,-0.000449884246336296,0.06925018876791,0.305318593978882,1,,,,,,,,,,,,,,,,
,3952601213.41591,159.126808166504,999.6748046875,,,6,,,,25.0844847480897,,,1,,,,,,,,,,,,,,,,,,,,,,158.871109008789,159.366897583008,999.6748046875,999.6748046875,,,6.62081623077393,,1,0,0,0,7.62939453125E-5,31.7693061828613,2,1,1,159.382507324219,0,159.113501654731,,,4.87110026209594E-5,2.4051365152444E-6,4.87196483229021E-5,2.4051509075345E-6,0.933542311191559,0.936163485050201,25.0146827697754,1,30,4,200,-0.000550465891137719,0.0658670291304588,0.301050752401352,1,,,,,,,,,,,,,,,,
,3952601231.83857,160.203277587891,999.6748046875,,,6,,,,25.0900533046228,,,1,,,,,,,,,,,,,,,,,,,,,,159.916595458984,160.45329284668,999.6748046875,999.6748046875,,,6.62305879592895,,1,0,0,0,0.000152587890625,31.7693061828613,2,1,1,160.489959716797,0,160.183473375109,,,4.83938815433218E-5,2.38994049797729E-6,4.8400726409529E-5,2.38994960785485E-6,0.930705845355988,0.932711601257324,25.0275230407715,0,30,4,200,-0.000337532779667526,0.0599892139434814,0.293382108211517,1,,,,,,,,,,,,,,,,
,3952601242.43249,160.819618225098,999.6748046875,,,6,,,,25.0900533046228,,,1,,,,,,,,,,,,,,,,,,,,,,160.548110961914,161.04719543457,999.6748046875,999.6748046875,,,6.62423610687256,,1,0,0,0,0.0164031982421875,31.7693061828613,2,1,1,161.091125488281,0,160.789974636502,,,4.81933290108848E-5,2.37999472785629E-6,4.82001108219035E-5,2.3800052790191E-6,0.930956423282623,0.932949841022491,25.0278358459473,0.110081769526005,30,4,200,-0.000449263519840315,0.0575197637081146,0.290274262428284,1,,,,,,,,,,,,,,,,
,3952601261.28653,161.941963195801,999.6748046875,,,6,,,,25.0957817375088,,,1,,,,,,,,,,,,,,,,,,,,,,161.664916992187,162.204132080078,999.6748046875,999.6748046875,,,6.62619638442993,,1,0,0,0,0.000152587890625,31.7693061828613,2,1,1,162.219009399414,0,161.936912536621,,,4.78644461811961E-5,2.36383514662957E-6,4.78709009237868E-5,2.36384436521372E-6,0.930455505847931,0.932355463504791,25.0347900390625,0,30,4,200,-0.000475549575639889,0.0514727048575878,0.283103585243225,1,,,,,,,,,,,,,,,,
,3952601271.17141,162.501678466797,999.6748046875,,,6,,,,25.0957817375088,,,1,,,,,,,,,,,,,,,,,,,,,,162.219009399414,162.731628417969,999.6748046875,999.6748046875,,,6.62741994857788,,1,0,0,0,7.62939453125E-5,31.2805480957031,2,1,1,162.78434753418,0,162.483990139431,,,4.76584785088596E-5,2.35371458124405E-6,4.76644419543299E-5,2.35372231041328E-6,0.9301438331604,0.931901752948761,25.0369491577148,5.00369358062744,30,4,200,-0.000485703669255599,0.0487465560436249,0.279217958450317,1,,,,,,,,,,,,,,,,
,3952601289.8961,163.599426269531,999.6748046875,,,6,,,,25.1014629802919,,,1,,,,,,,,,,,,,,,,,,,,,,163.310028076172,163.862335205078,999.6748046875,999.6748046875,,,6.6289701461792,,1,0,0,0,0.0153350830078125,31.7693061828613,2,1,1,163.888824462891,0,163.587828063965,,,4.73513835841008E-5,2.3385364159486E-6,4.73574219127334E-5,2.33854711631706E-6,0.930216431617737,0.93199235200882,25.0423622131348,INF,30,4,200,-0.000462788681033999,0.0413806140422821,0.270389527082443,1,,,,,,,,,,,,,,,,
,3952601300.04237,164.175720214844,999.6748046875,,,6,,,,25.1014629802919,,,1,,,,,,,,,,,,,,,,,,,,,,163.888824462891,164.395706176758,999.6748046875,999.6748046875,,,6.63043212890625,,1,0,0,0,0.017547607421875,31.7693061828613,2,1,1,164.462615966797,0,164.155285305447,,,4.71593226026937E-5,2.32912441415297E-6,4.71646409532898E-5,2.3291337586641E-6,0.9297656416893,0.931323945522308,25.0458812713623,1.96701530512655E-5,30,4,200,-0.000427504681283608,0.0383812785148621,0.26643830537796,1,,,,,,,,,,,,,,,,
,3952601318.6771,165.264213562012,999.6748046875,,,6,,,,25.1072177172408,,,1,,,,,,,,,,,,,,,,,,,,,,164.964370727539,165.545486450195,999.6748046875,999.6748046875,,,6.63255977630615,,1,0,0,0,0.017547607421875,31.7693061828613,2,1,1,165.564056396484,0,165.266172790527,,,4.6817990327818E-5,2.31218624620158E-6,4.68234570879734E-5,2.31219209156258E-6,0.930266201496124,0.931916058063507,25.0502471923828,0.186992272734642,30,4,200,-0.000429036241257563,0.0337146036326885,0.260081887245178,1,,,,,,,,,,,,,,,,
,3952601328.53794,165.854103088379,999.6748046875,,,6,,,,25.1072177172408,,,1,,,,,,,,,,,,,,,,,,,,,,165.577194213867,166.089080810547,999.6748046875,999.6748046875,,,6.63351440429688,,1,0,0,0,0.017852783203125,31.7693061828613,2,1,1,166.131011962891,0,165.815921359592,,,4.66639606150201E-5,2.30485167514058E-6,4.66683474806633E-5,2.30485719473871E-6,0.92859548330307,0.929883658885956,25.0562000274658,0,30,4,200,-0.00041883671656251,0.0303702726960182,0.25643914937973,1,,,,,,,,,,,,,,,,
,3952601347.32115,166.937637329102,999.6748046875,,,6,,,,25.1129915986744,,,1,,,,,,,,,,,,,,,,,,,,,,166.612380981445,167.220184326172,999.6748046875,999.6748046875,,,6.63522863388062,,1,0,0,0,0,34.2131004333496,2,1,1,167.262893676758,0,166.937322998047,,,4.63496487396502E-5,2.28912021063412E-6,4.63545227670886E-5,2.28912831282221E-6,0.929864168167114,0.931321144104004,25.0592555999756,5.3474235534668,30,4,200,-0.000418084237026051,0.0249312072992325,0.249193102121353,1,,,,,,,,,,,,,,,,
,3952601357.54746,167.54541015625,999.6748046875,,,6,,,,25.1129915986744,,,1,,,,,,,,,,,,,,,,,,,,,,167.262893676758,167.780532836914,999.6748046875,999.6748046875,,,6.6364107131958,,1,0,0,0,0.0200653076171875,31.2805480957031,2,1,1,167.827926635742,0,167.516491360135,,,4.61908542206735E-5,2.28141087200694E-6,4.61949633393702E-5,2.2814173715734E-6,0.929046034812927,0.930263996124268,25.0635242462158,8.8076276369975E-6,30,4,200,-0.000465549615910277,0.0219632908701897,0.245560899376869,1,,,,,,,,,,,,,,,,
,3952601376.18757,168.614158630371,999.6748046875,,,6,,,,25.1188751478551,,,1,,,,,,,,,,,,,,,,,,,,,,168.330795288086,168.877807617187,999.6748046875,999.6748046875,,,6.63810157775879,,1,0,0,0,0.0006103515625,32.2580642700195,2,1,1,168.897521972656,0,168.610517883301,,,4.58858393987177E-5,2.2663637978282E-6,4.58899338960442E-5,2.26636550370597E-6,0.928927421569824,0.930177092552185,25.0687294006348,1.70159310073359E-5,30,4,200,-0.00040914851706475,0.0162726659327745,0.238052845001221,1,,,,,,,,,,,,,,,,
,3952601386.11156,169.169036865234,999.6748046875,,,6,,,,25.1188751478551,,,1,,,,,,,,,,,,,,,,,,,,,,168.897521972656,169.389862060547,999.6748046875,999.6748046875,,,6.63970327377319,,1,0,0,0,0,31.7693061828613,2,1,1,169.440551757813,0,169.138899061415,,,4.57148891820461E-5,2.2579413333007E-6,4.57185727080763E-5,2.25794516594032E-6,0.928803741931915,0.929914772510529,25.0715312957764,0,30,4,200,-0.000351395894540474,0.0141732478514314,0.234835416078568,1,,,,,,,,,,,,,,,,
,3952601404.39245,170.211601257324,999.6748046875,,,6,,,,25.1247697332721,,,1,,,,,,,,,,,,,,,,,,,,,,169.961090087891,170.426712036133,999.6748046875,999.6748046875,,,6.64114236831665,,1,0,0,0,0,31.7693061828613,2,1,1,170.462112426758,0,170.187625461154,,,4.54249142328921E-5,2.24355590021465E-6,4.5428764262666E-5,2.24356049795211E-6,0.929195284843445,0.930367290973663,25.0762825012207,0.0774166658520698,30,4,200,-0.000568546704016626,0.00807430129498243,0.22878760099411,1,,,,,,,,,,,,,,,,
,3952601414.48637,170.79810333252,999.6748046875,,,6,,,,25.1247697332721,,,1,,,,,,,,,,,,,,,,,,,,,,170.502563476562,171.056594848633,999.6748046875,999.6748046875,,,6.64254331588745,,1,0,0,0,0.0157928466796875,31.7693061828613,2,1,1,171.093643188477,0,170.777886284722,,,4.52586269000888E-5,2.23546593145901E-6,4.52617932764808E-5,2.23547026945853E-6,0.92842435836792,0.929376184940338,25.0807952880859,1.5287934047592E-6,30,4,200,-0.000562906207051128,0.003995924256742,0.223840549588203,1,,,,,,,,,,,,,,,,
,3952601433.12465,171.893577575684,999.6748046875,,,6,,,,25.1307240762687,,,1,,,,,,,,,,,,,,,,,,,,,,171.622985839844,172.142227172852,999.6748046875,999.6748046875,,,6.64409875869751,,1,0,0,0,0,31.7693061828613,2,1,1,172.164169311523,0,171.869423760308,,,4.49654973454486E-5,2.22106262607689E-6,4.49689682540142E-5,2.22106793608702E-6,0.927957773208618,0.928998172283173,25.0846176147461,0.077029712498188,30,4,200,-0.000549731019418687,-0.00405933195725083,0.214386969804764,1,,,,,,,,,,,,,,,,
,3952601442.87373,172.457382202148,999.6748046875,,,6,,,,25.1307240762687,,,1,,,,,,,,,,,,,,,,,,,,,,172.190612792969,172.676071166992,999.6748046875,999.6748046875,,,6.64494657516479,,1,0,0,0,0,31.7693061828613,2,1,1,172.724151611328,0,172.425689697266,,,4.48042950203609E-5,2.21320044197123E-6,4.48070281937997E-5,2.21320609068614E-6,0.927335739135742,0.928140342235565,25.0899600982666,7.4320228122815E-6,30,4,200,-0.000556250859517604,-0.00787414330989122,0.209995627403259,1,,,,,,,,,,,,,,,,
,3952601461.38342,173.547233581543,999.6748046875,,,6,,,,25.1367321573713,,,1,,,,,,,,,,,,,,,,,,,,,,173.273376464844,173.809295654297,999.6748046875,999.6748046875,,,6.64687585830689,,1,0,0,0,0,31.7693061828613,2,1,1,173.821090698242,0,173.543107774523,,,4.45083946024417E-5,2.19875951476792E-6,4.45111073172342E-5,2.19876201688223E-6,0.9262455701828,0.927056610584259,25.0954971313477,0,30,4,200,-0.000501149799674749,-0.0157540198415518,0.200549721717834,1,,,,,,,,,,,,,,,,
,3952601471.19313,174.134765625,999.6748046875,,,6,,,,25.1367321573713,,,1,,,,,,,,,,,,,,,,,,,,,,173.829635620117,174.371917724609,999.6748046875,999.6748046875,,,6.64822149276733,,1,0,0,0,0,31.2805480957031,2,1,1,174.439895629883,0,174.122434828016,,,4.43500719177987E-5,2.19084830600248E-6,4.43525448113466E-5,2.19085199647181E-6,0.926801383495331,0.927539885044098,25.0975246429443,0.217562556266785,30,4,200,-0.000542665075045079,-0.0196565352380276,0.195950508117676,1,,,,,,,,,,,,,,,,
,3952601490.02237,175.234756469727,999.6748046875,,,6,,,,25.1426682043729,,,1,,,,,,,,,,,,,,,,,,,,,,174.944519042969,175.503463745117,999.6748046875,999.6748046875,,,6.65012073516846,,1,0,0,0,0,32.2580642700195,2,1,1,175.524993896484,0,175.210507202148,,,4.40583595319755E-5,2.17646315190571E-6,4.40607680734273E-5,2.17646673071469E-6,0.926647305488586,0.927369832992554,25.1038494110107,0,30,4,200,-0.000509469246026129,-0.0268113352358341,0.187331348657608,1,,,,,,,,,,,,,,,,
,3952601500.1944,175.811851501465,999.6748046875,,,6,,,,25.1426682043729,,,1,,,,,,,,,,,,,,,,,,,,,,175.524993896484,176.035995483398,999.6748046875,999.6748046875,,,6.65157508850098,,1,0,0,0,0.0128173828125,31.7693061828613,2,1,1,176.098709106445,0,175.77150132921,,,4.3911919905309E-5,2.16928929437654E-6,4.39139049605789E-5,2.16929306374825E-6,0.926270663738251,0.926859378814697,25.107515335083,5.01073980331421,30,4,200,-0.000388700136682019,-0.0292813237756491,0.183037996292114,1,,,,,,,,,,,,,,,,
,3952601518.75595,176.887001037598,999.6748046875,,,6,,,,25.1489349373162,,,1,,,,,,,,,,,,,,,,,,,,,,176.608673095703,177.165328979492,999.6748046875,999.6748046875,,,6.6528263092041,,1,0,0,0,0,31.7693061828613,2,1,1,177.165328979492,0,176.901376342773,,,4.36207939437662E-5,2.1549227694314E-6,4.36227801055842E-5,2.15492386874659E-6,0.926170706748962,0.926779747009277,25.1131591796875,,30,4,200,-0.000382460915716365,-0.0343332439661026,0.176922604441643,1,,,,,,,,,,,,,,,,
,3952601528.56672,177.465026855469,999.6748046875,,,6,,,,25.1489349373162,,,1,,,,,,,,,,,,,,,,,,,,,,177.17887878418,177.712005615234,999.6748046875,999.6748046875,,,6.65398693084717,,1,0,0,0,0,31.2805480957031,2,1,1,177.751174926758,0,177.440806070964,,,4.34809960009728E-5,2.14794453469585E-6,4.34829229356655E-5,2.14794519452076E-6,0.926627993583679,0.927227020263672,25.1135654449463,0,30,4,200,-0.000337713834596798,-0.0364981107413769,0.173900678753853,1,,,,,,,,,,,,,,,,
,3952601546.78144,178.512016296387,999.6748046875,,,6,,,,25.1550327011659,,,1,,,,,,,,,,,,,,,,,,,,,,178.237579345703,178.763336181641,999.6748046875,999.6748046875,,,6.65594100952148,,1,0,0,0,0,31.7693061828613,2,1,1,178.78645324707,0,178.508970472548,,,4.322765424041E-5,2.13550059201392E-6,4.32294365118934E-5,2.13550180554019E-6,0.92617791891098,0.926727771759033,25.1210346221924,0.186954587697983,30,4,200,-0.000351330207195133,-0.0405116900801659,0.1688571870327,1,,,,,,,,,,,,,,,,
,3952601556.38453,179.05672454834,999.6748046875,,,6,,,,25.1550327011659,,,1,,,,,,,,,,,,,,,,,,,,,,178.78645324707,179.285751342773,999.6748046875,999.6748046875,,,6.65677165985107,,1,0,0,0,0,31.7693061828613,2,1,1,179.326995849609,0,179.031187269423,,,4.30759257869195E-5,2.1281079937461E-6,4.30773489507206E-5,2.12810961528521E-6,0.925530552864075,0.925962805747986,25.1247406005859,6.33063220977783,30,4,200,-0.000364388979505748,-0.0424345917999744,0.166061475872993,1,,,,,,,,,,,,,,,,
,3952601574.53611,180.142517089844,999.6748046875,,,6,,,,25.1611773684901,,,1,,,,,,,,,,,,,,,,,,,,,,179.871734619141,180.380676269531,999.6748046875,999.6748046875,,,6.658447265625,,1,0,0,0,0,31.2805480957031,2,1,1,180.413299560547,0,180.110855102539,,,4.28013362269023E-5,2.11446298478788E-6,4.28029263156138E-5,2.11446412384226E-6,0.926029324531555,0.926523208618164,25.1289157867432,5.34609127044678,30,4,200,-0.000432620610808954,-0.0472048409283161,0.160588607192039,1,,,,,,,,,,,,,,,,
,3952601584.48921,180.711975097656,999.6748046875,,,6,,,,25.1611773684901,,,1,,,,,,,,,,,,,,,,,,,,,,180.413299560547,180.988861083984,999.6748046875,999.6748046875,,,6.65954065322876,,1,0,0,0,0,31.7693061828613,2,1,1,181.010650634766,0,180.693629455566,,,4.26439216760214E-5,2.10688585714043E-6,4.2645089240591E-5,2.10688600929861E-6,0.924769699573517,0.925131499767303,25.1333141326904,5.01331377029419,30,4,200,-0.000457907357485965,-0.0508469678461552,0.15679757297039,1,,,,,,,,,,,,,,,,
,3952601603.31025,181.790435791016,999.6748046875,,,6,,,,25.1674137266282,,,1,,,,,,,,,,,,,,,,,,,,,,181.526031494141,182.038589477539,999.6748046875,999.6748046875,,,6.66133451461792,,1,0,0,0,0.0128173828125,31.7693061828613,2,1,1,182.054840087891,0,181.780176798503,,,4.23830631458075E-5,2.09404194449652E-6,4.23843790180416E-5,2.09404233196358E-6,0.924491047859192,0.924898564815521,25.1377906799316,5.9698954828491E-6,30,4,200,-0.000383160630008206,-0.056364256888628,0.149703100323677,1,,,,,,,,,,,,,,,,
,3952601613.10527,182.36515045166,999.6748046875,,,6,,,,25.1674137266282,,,1,,,,,,,,,,,,,,,,,,,,,,182.060852050781,182.593017578125,999.6748046875,999.6748046875,,,6.66267585754394,,1,0,0,0,0,31.7693061828613,2,1,1,182.681686401367,0,182.330340915256,,,4.22493903081515E-5,2.08733472646701E-6,4.22504336340249E-5,2.08733481802124E-6,0.925144016742706,0.92547219991684,25.1409378051758,0.187072262167931,30,4,200,-0.000436349277151749,-0.0587215349078178,0.146424382925034,1,,,,,,,,,,,,,,,,
,3952601631.63002,183.468391418457,999.6748046875,,,6,,,,25.1736621466493,,,1,,,,,,,,,,,,,,,,,,,,,,183.198165893555,183.720458984375,999.6748046875,999.6748046875,,,6.66425704956055,,1,0,0,0,0,31.7693061828613,2,1,1,183.738616943359,0,183.453531901042,,,4.19794906590344E-5,2.07412915429246E-6,4.19805675632266E-5,2.07412863778765E-6,0.924321413040161,0.924662530422211,25.1465244293213,0,30,4,200,-0.000476195011287928,-0.0643177032470703,0.13970772922039,1,,,,,,,,,,,,,,,,
,3952601641.27762,184.017021179199,999.6748046875,,,6,,,,25.1736621466493,,,1,,,,,,,,,,,,,,,,,,,,,,183.752960205078,184.226104736328,999.6748046875,999.6748046875,,,6.66523742675781,,1,0,0,0,0,31.7693061828613,2,1,1,184.28108215332,0,183.984836154514,,,4.18518856469367E-5,2.06796584177393E-6,4.18527492582199E-5,2.06796617479308E-6,0.923427939414978,0.923694252967834,25.1495361328125,1,30,4,200,-0.00044147134758532,-0.0678363665938377,0.135954231023788,1,,,,,,,,,,,,,,,,
,3952601659.4544,185.069602966309,999.6748046875,,,6,,,,25.1800330978326,,,1,,,,,,,,,,,,,,,,,,,,,,184.79963684082,185.305618286133,999.6748046875,999.6748046875,,,6.66699504852295,,1,0,0,0,0,31.2805480957031,2,1,1,185.339569091797,0,185.044664171007,,,4.15916514223463E-5,2.05498358586762E-6,4.15925686915774E-5,2.05498377168275E-6,0.924215853214264,0.924504578113556,25.1550426483154,5.01548004150391,30,4,200,-0.0004774778499268,-0.0733415931463242,0.129001885652542,1,,,,,,,,,,,,,,,,
,3952601669.37937,185.656463623047,999.6748046875,,,6,,,,25.1800330978326,,,1,,,,,,,,,,,,,,,,,,,,,,185.339569091797,185.870010375977,999.6748046875,999.6748046875,,,6.66786479949951,,1,0,0,0,0,31.7693061828613,2,1,1,185.973358154297,0,185.587159898546,,,4.14584741893703E-5,2.04856350892186E-6,4.14591325439346E-5,2.04856340115795E-6,0.923196196556091,0.923402667045593,25.1587505340576,5.34479427337646,30,4,200,-0.000474175438284874,-0.076804481446743,0.125055015087128,1,,,,,,,,,,,,,,,,
