{"sw":[1.0016025641025641e6],"dataImag":[[-7813.902,36519.87,209340.22,55219.93,-31063.01,-17896.447,22588.645,25831.537,12616.254,26115.64,68886.56,74452.36,16568.498,-40825.926,-23472.742,23191.895,8063.963,-30623.293,-28328.188,22136.732,47613.566,5661.166,-32584.367,8.994296,52593.62,45655.22,191.12871,-12909.145,27540.902,38092.086,-4123.431,-41274.727,-30667.379,4375.627,738.4239,-35554.99,-22580.842,31920.795,44352.605,1762.2727,-31590.54,-9859.435,23707.73,4565.4165,-51531.258,-55783.965,-4581.514,18414.0,-14603.205,-41750.574,-9851.533,35233.36,23899.012,-19088.021,-18421.28,25895.344,44453.227,2926.562,-30985.629,3656.8738,42681.895,27113.395,-19362.975,-25428.666,14754.6455,26433.92,-18370.338,-44538.555,-7105.637,31596.023,19420.758,-23073.152,-28673.215,9397.687,14302.772,-28867.43,-52210.887,-15128.946,26930.352,13658.394,-23630.346,-17019.625,27567.686,37228.816,-9079.023,-36878.805,-4407.137,29876.541,8344.982,-35007.035,-28523.652,19205.275,28768.459,-10679.666,-28901.354,3872.1077,33168.156,12416.017,-29545.531,-21096.916,20226.1,25554.19,-16312.587,-36348.676,4720.399,40289.473,20584.71,-21212.928,-15058.376,27117.773,31717.98,-9713.422,-27130.777,14745.264,49405.21,22286.48,-19004.178,-8544.685,32999.723,34784.06,-10662.43,-30396.479,4768.8984,37325.535,13427.03,-27241.42,-9996.565,38658.94,41866.098,-6584.4316,-31192.727,4240.485,36367.89,5834.6104,-36488.613,-20749.338,24431.305,22848.492,-20805.203,-32294.12,6668.86,35457.184,4090.1067,-37282.816,-23235.855,19719.0,17595.318,-30337.83,-43869.03,-2207.055,28821.174,10.68103,-35539.934,-15054.843,26391.807,19465.674,-27874.36,-41311.496,997.70575,27739.742,-4137.576,-41207.523,-19276.207,27400.133,23200.555,-22401.568,-33937.25,7299.988,30458.443,-3349.59,-36450.15,-12444.371,32367.012,28435.004,-17473.502,-31603.375,4105.716,28625.826,-3960.4087,-35194.938,-13288.91,27386.98,19539.803,-25957.654,-35282.008,10325.606,35238.098,1468.5497,-32923.37,-11621.365,30713.22,19501.66,-27809.1,-32802.863,12853.222,35468.84,827.8084,-31125.271,-4607.565,38911.215,28045.137,-19493.025,-26736.436,14056.586,33803.293,-2082.1753,-34267.613,-8500.818,33541.875,19253.9,-30630.518,-30462.027,16408.562,34511.31,-5281.8975,-34966.18,-6049.8135,32467.385,18381.8,-25564.242,-26028.572,19173.451,31377.664,-8928.118,-36417.15,-6433.489,33366.57,17040.307,-27132.803,-24922.428,19484.137,31754.254,-6436.2896,-33998.992,-5866.385,35789.62,20340.08,-24603.582,-25314.055,17338.059,31930.652,-6807.374,-31184.932,-2429.388,33787.23,14528.794,-29860.094,-26004.906,17527.664,29333.836,-12351.817,-38610.496,-7415.185,32480.848,14792.009,-30000.514,-23540.6,20624.912,28281.82,-12586.005,-35270.418,-3108.3718,31546.89,11880.424,-28638.467,-20679.121,22358.648,29912.955,-14334.888,-36182.02,3155.518,36655.047,11556.889,-29639.03,-22414.428,21368.459,27779.682,-15658.8,-37283.277,-2963.9287,31055.564,7165.2583,-33816.44,-25283.6,22516.895,28076.52,-15899.803,-33629.86,2004.513,33071.78,10112.492,-28327.111,-17933.318,26333.11,27216.764,-16360.837,-33374.363,6334.157,36190.46,8250.24,-30919.064,-16415.777,24996.5,26418.715,-16261.147,-36915.168,1054.9553,33601.367,6683.7354,-31472.254,-13951.982,27524.754,25021.975,-19740.332,-35305.145,2441.2664,32936.22,5909.2617,-32297.234,-16373.347,27480.52,25708.986,-17703.312,-30644.957,9297.197,36310.44,3434.8765,-32647.213,-12829.467,30934.863,27652.521,-14758.717,-28179.945,9225.372,34217.41,3291.4673,-33974.49,-12867.58,30323.646,25621.863,-15250.079,-27172.729,8633.153,30533.93,-18.871977,-35117.875,-12856.097,32780.97,26658.295,-18043.668,-28845.693,11857.78,30070.607,-3402.5918,-33882.426,-9737.999,33681.117,26650.027,-17387.17,-26924.373,8712.296,32057.398,-1128.7306,-33696.15,-5158.339,36273.2,24368.68,-23064.885,-32020.432,11315.162,31983.408,-4474.2334,-33514.133,-7525.2324,32065.727,24066.41,-20862.172,-28140.754,13390.919,33937.47,-3060.8853,-35288.62,-10459.812,33016.848,23649.594,-19428.797,-27358.314,14222.575,29617.51,-7579.0015,-35108.75,-6086.0444,35499.957,24360.748,-21252.764,-25075.143,15923.146,32514.816,-6507.0884,-31913.729,206.18489,38954.227,18811.309,-25828.88,-25016.305,14344.375,30142.676,-4084.422,-31557.97,-7866.304,29134.37,14213.684,-29443.793,-25534.541,17511.688,29368.553,-10971.082,-33883.586,-1401.7131,37268.285,19189.348,-22688.734,-22225.951,23488.879,34655.8,-9391.125,-38419.367,-8186.7876,31865.63,16307.766,-23644.021,-21525.367,19885.965,29917.451,-13147.838,-37792.23,-3950.1062,32783.855,13854.451,-30535.607,-24916.219,21895.734,29300.238,-11816.837,-35776.05,-1740.2354,37984.84,16479.545,-26573.96,-15490.665,25718.018,26823.312,-20034.562,-38490.766,2233.475,36359.58,10705.095,-33699.906,-23704.824,25336.506,34570.535,-11005.367,-37166.164,-4082.0154,28380.111,7297.6387,-31170.184,-16878.32,26070.672,28377.256,-17291.95,-37620.555,-475.71313,36441.434,13795.605,-26884.21,-16848.28,30943.432,29063.605,-18732.42,-37076.74,-668.9304,28652.484,2109.781,-35673.836,-17956.514,25937.832,25654.104,-17173.19,-33494.09,3369.2566,31576.041,1051.3429,-33414.145,-15323.797,26060.598,22956.506,-20731.639,-36416.16,2561.2358,31705.697,5599.1846,-32684.924,-17654.205,27229.486,26484.709,-17931.324,-28751.2,9795.726,35244.742,4925.2466,-36307.55]],"spec":[0.0],"history":["RS2D Spinit data loaded from C:\\Users\\TXB909\\Documents\\strain-cell"],"hyper":[0],"dFilter":0.0,"ref":[1.69e7],"wholeEcho":[0.0],"freq":[1.69e7],