{"sw":[1.0016025641025641e6],"dataImag":[[-1181.8759,-8045.021,263.95108,2415.3252,2107.7708,1027.2787,-717.7547,-274.62985,1310.7252,1605.4021,-866.99347,-2004.6295,813.6412,4129.9634,2473.6692,-499.3437,148.2186,2738.2832,4101.0947,1459.9912,236.5487,2740.6357,5180.9155,3611.3389,427.93185,605.251,3251.5164,3769.5051,308.00952,-1588.8014,513.9023,3054.8677,2001.7604,-1378.2058,-1338.7806,1820.222,3366.735,2077.7734,1877.2762,3774.5256,4910.9634,3966.85,1309.8856,1360.8773,3256.0784,2482.9023,-850.337,-1875.304,991.9627,2609.821,391.1325,-1524.6454,74.54637,2401.4978,3139.1377,139.5593,-1798.3256,530.7914,2293.5474,-72.337234,-2395.8884,-1351.6504,1359.4816,1988.2936,-522.63574,-1536.8353,-161.06996,267.90527,-2351.336,-4440.8306,-3103.8816,-750.8421,-1564.626,-5129.9644,-5646.258,-2403.4895,-280.17902,-1785.3729,-4281.0747,-3305.3242,-728.4614,-1665.1068,-4938.761,-5821.798,-3502.8088,-1155.4462,-2637.8735,-5560.9634,-3994.7297,-382.3209,-939.6886,-3498.2178,-3679.5708,-412.1421,752.6762,-2298.6602,-4445.7017,-2543.975,259.2435,-111.118996,-2871.9153,-2678.104,1382.8881,2845.6423,-697.38324,-3072.9167,-1339.6898,1815.4045,1464.6094,-1910.165,-2867.194,-181.29134,1377.0267,-447.8557,-2167.5835,-625.7631,1941.016,1310.8259,-1768.3452,-2251.2412,635.2225,1314.6134,-1082.0771,-3033.0864,-1212.264,929.46,-498.9424,-2921.3655,-3093.1843,-424.74683,1052.4922,-708.8144,-3026.7644,-1475.8352,1019.41345,-321.96362,-3075.865,-2345.7603,495.6351,1678.043,-1014.55774,-2000.6339,392.3823,2760.8088,2224.6858,-928.89703,-2075.74,225.10556,1134.0581,-831.1282,-2586.8423,-1202.1705,1652.7421,1261.8292,-1218.2085,-1008.0349,1181.7583,1758.6598,-489.75076,-2599.544,-965.9817,1422.4967,387.81717,-2311.9702,-1542.6226,1417.8511,2605.7537,458.91507,-2115.74,-44.530403,2259.5374,781.79443,-1917.1543,-1838.7911,652.846,1651.8516,-777.2951,-1537.0387,912.4096,2901.4216,1153.052,-1453.8137,-1530.211,1086.3057,1772.0128,-1063.195,-2551.445,-715.4114,1788.3126,674.69714,-1886.042,-1273.7145,1792.0393,2562.722,-136.19559,-1666.1718,36.716408,2434.3083,1015.46765,-1710.628,-1801.141,299.70337,454.74503,-1985.1921,-2814.0374,-133.00955,1738.9401,819.28955,-2091.5486,-1437.546,1191.1427,1776.1907,-1173.6002,-2955.915,-181.17928,2389.9724,534.7888,-1870.8098,-761.11523,2206.0022,1527.2269,-1147.1373,-2118.9807,752.8651,2836.8958,789.628,-1734.9719,-1150.124,1371.89,1778.644,-987.9837,-2185.5547,-520.91956,1215.9629,-95.627266,-1952.8093,-1118.5155,1931.1329,2284.6528,-616.7169,-1582.946,758.059,1898.4225,66.87713,-2595.883,-965.2468,1669.8428,1536.5258,-594.58307,-1981.1636,-203.127,2068.8325,358.28915,-1957.3527,-568.6677,1438.3512,810.70056,-1760.3046,-2034.3462,688.50543,2056.548,-442.0849,-2007.5956,-763.1029,1469.3115,1169.2382,-1529.0095,-1675.0386,1515.9072,2858.6096,-246.69995,-2857.4202,-1402.6372,1566.5781,1837.3003,-1300.6005,-1590.674,1324.9763,2461.6555,700.0424,-1299.8918,-188.30382,3065.119,1954.5028,-1751.7876,-2568.1555,-6.7074413,1142.189,-939.8082,-2625.7305,-753.6117,1557.3208,891.0484,-1606.5771,-1776.554,946.6919,2707.1604,-175.67183,-2666.8247,-430.02182,2483.9873,1897.1395,-1428.536,-1707.9098,1389.6992,2547.1516,-248.6523,-2528.8591,-893.73193,1665.549,922.61774,-1166.8224,-915.913,1469.7762,1910.8508,-578.68555,-1790.6394,-123.573326,2548.009,1791.0953,-1248.8174,-1336.6498,952.9991,1614.933,-670.6683,-2794.4988,-485.16272,2585.993,1657.8496,-2015.7091,-1780.9961,480.29556,1200.9177,-779.1622,-2303.1372,-763.3106,1966.2084,1092.4236,-1494.0309,-1477.7493,1180.5024,2384.523,-57.647213,-1301.789,678.08246,2253.798,966.22015,-2069.3396,-2699.795,259.2477,1029.4412,-1549.3267,-2073.4856,447.62482,2308.1418,611.1006,-1873.0643,-889.68274,1198.4928,1362.5978,-647.9452,-2314.1306,-696.6468,1906.2416,420.08923,-2538.288,-1563.7743,1065.4368,1482.6919,-959.63104,-2380.3467,110.69977,2275.634,659.83545,-2227.2893,-1738.5045,858.5505,1277.3286,-1333.9344,-2287.1472,59.981236,1426.756,-358.1207,-2874.1497,-1970.8153,1510.0902,1669.1106,-936.2703,-1539.7003,321.5526,2409.8289,1191.8987,-1470.8885,-865.2895,1377.5211,1151.3809,-1240.1733,-2152.3687,-15.104455,2188.2507,970.46265,-1321.6661,-446.32114,2590.6655,2341.051,-1347.7361,-2849.0605,-268.18246,2362.9685,437.24036,-2708.1487,-1729.8384,1007.63745,859.0425,-2021.3761,-2773.0706,-228.54144,1642.1312,-5.68795,-2112.3303,-815.6428,2040.0048,2199.1558,-890.06635,-1778.0258,1174.3721,2472.4292,411.6545,-1990.5004,-1088.4396,1523.6792,1652.7168,-1800.031,-2269.319,863.0622,2208.0774,15.6362705,-1394.3478,-126.454636,2266.8464,2165.9287,-797.52106,-1345.0347,1078.2681,2192.3745,-161.23264,-2185.6,-597.3585,2148.0537,1365.3641,-1914.4059,-2224.2546,601.4274,2158.2478,-12.271317,-2008.7777,-610.5982,2211.2617,1486.7197,-1496.5461,-2035.4066,648.6526,2493.1643,171.86198,-1743.6271,-321.29065,2488.818,1616.1094,-1356.3854,-1810.044,515.6552,1576.4843,-170.83707,-1716.2231,174.8381,2367.803,1214.4417,-1448.622,-1806.361,275.2603,1305.6724,-566.3771,-2055.5908,-497.49805,1293.7131,692.8143,-1396.2921,-1855.9009,697.42487,1796.401,-543.9393,-2547.2358,-420.46304,2334.6594,632.8156,-2205.6409,-1721.8171,1402.8579,2337.868,-397.67825,-2133.7964,-229.79349,1963.3549,1329.6006,-1617.436,-1477.4366,1403.9791,2466.5356,-102.71705,-2208.918,-652.95184,2164.4316]],"spec":[0.0],"history":["RS2D Spinit data loaded from C:\\Users\\Birmingham.DESKTOP-9DIJDH4\\Documents\\NMR analysis stuff"],"hyper":[0],"dFilter":0.0,"ref":[1.69e7],"wholeEcho":[0.0],"freq":[1.69e7],