{"sw":[1.0016025641025641e6],"dataImag":[[22956.066,871728.56,1.6237175e6,255760.23,-51056.863,-29091.252,55636.215,63178.703,-58748.04,-54051.25,58097.254,164670.05,90347.375,-82603.44,-95468.805,-2720.4895,5689.507,-81966.21,-145804.58,-70093.414,-14609.163,-66369.08,-122660.63,-68715.1,48463.832,43462.258,-67476.14,-120422.88,-48518.496,19971.027,-14827.709,-95579.08,-111133.56,-33450.92,22583.752,-36015.418,-69645.31,-4060.1775,100544.016,84500.3,12257.375,21554.672,84487.84,72382.99,-39591.363,-94032.6,-36248.574,40793.754,-892.4379,-110345.13,-99905.75,3247.8806,34826.613,-50604.67,-102982.5,-41663.562,7664.468,-26384.805,-60726.844,1248.7721,64739.594,35927.13,-38843.77,-44488.043,47621.5,91573.84,25076.219,-67038.125,-24976.684,87599.88,90145.54,-13889.007,-48093.74,24498.01,71506.93,28809.37,-50382.45,-31013.727,54705.63,67576.1,-22579.506,-84470.14,-19060.59,60182.992,16256.751,-87702.2,-58381.297,36118.293,5598.9663,-93301.65,-102763.016,-14897.379,43195.98,-14862.96,-95392.99,-51161.1,56513.125,35592.695,-60851.652,-70133.67,9989.842,42094.156,-9092.655,-77377.27,-49338.938,38029.242,31013.17,-54158.566,-71716.96,6556.613,57400.992,20104.938,-40078.926,-12781.952,75277.71,70455.21,-26313.652,-60203.56,26109.693,62063.086,-21590.078,-95873.8,-39198.316,63363.375,48008.137,-45225.266,-54461.973,57854.258,106940.72,34296.99,-22016.596,38307.75,116205.74,80228.94,-17494.082,-23381.77,69723.11,84769.97,-4203.975,-62284.332,-7893.8115,78506.8,63170.703,-25500.268,-45389.89,29035.207,51243.87,-14691.946,-70071.68,-34719.64,37364.297,25578.875,-51523.543,-64128.004,30092.344,78265.25,-2990.8599,-73377.57,-12574.805,80338.16,49892.26,-59538.31,-64787.0,44378.805,81735.805,-16325.745,-73620.25,-1290.1487,67624.59,24898.635,-64424.027,-45767.496,60578.473,84489.31,-4348.6353,-57922.875,9871.386,83657.13,40298.793,-44153.055,-35987.504,45936.484,70535.516,-4540.609,-55664.836,-61.196877,66273.336,29913.771,-61448.64,-69230.59,17302.38,49628.504,-34664.81,-91064.016,-14059.93,75212.445,32540.979,-64780.883,-49433.227,57894.52,77034.48,-27660.771,-82971.42,-4599.1104,68552.43,7313.1655,-89293.055,-64793.938,31372.0,39710.375,-41369.535,-73631.016,1202.7428,64877.2,17214.955,-57824.61,-37663.6,43907.652,50940.074,-30958.328,-72221.125,-2842.6892,65326.22,21893.777,-52500.645,-36829.42,56805.062,79160.055,-9528.607,-62693.434,9391.083,77649.14,26260.213,-65690.64,-53856.75,43178.004,54087.117,-49057.496,-88084.38,2936.5813,72909.14,6034.327,-78811.15,-40356.652,55067.98,47249.293,-43764.742,-68654.73,12785.906,62567.38,-3319.784,-77282.2,-44795.74,41045.227,43470.7,-37633.496,-69839.54,3773.2683,64674.355,11961.536,-61691.67,-31817.287,51222.63,57831.254,-27541.07,-71780.086,9750.064,79867.01,15946.154,-78226.125,-44615.777,53667.28,48573.652,-49288.125,-71441.555,27075.414,83085.44,7870.8115,-72222.88,-23625.691,70043.28,48144.453,-44770.234,-59474.895,26714.867,68083.38,-1704.4504,-67465.87,-22960.809,56449.246,37708.453,-49377.656,-59633.758,21535.635,68931.95,4075.6758,-64074.953,-22721.004,61787.098,49280.02,-41315.863,-66489.27,16117.979,69116.086,-1052.8197,-79468.25,-32103.934,69806.25,56541.785,-46332.38,-61404.926,35324.12,79714.586,-5429.292,-75744.945,-17972.361,73010.69,39012.098,-61580.04,-60568.2,38635.727,66317.01,-16815.46,-73481.35,-11156.296,60697.67,30699.797,-50054.72,-48796.406,30632.176,63832.207,-7213.94,-67861.45,-21305.246,55216.605,37545.426,-46548.984,-57973.465,24613.584,65655.19,-4301.5137,-71238.14,-15013.491,72648.9,43214.332,-60930.965,-59764.92,39681.723,70900.125,-19023.643,-81920.93,-13988.7,72190.49,28116.943,-66049.55,-50950.21,43629.055,61186.484,-18870.227,-66123.95,4876.321,71721.73,20500.678,-62639.27,-46833.09,36202.105,58693.633,-15306.645,-60127.777,-4421.2793,59936.754,26771.074,-53554.45,-54212.242,32215.693,62533.508,-17284.564,-73169.13,-9554.348,69871.3,34336.992,-63731.13,-55744.32,45640.86,68274.43,-28913.346,-79501.98,1851.0485,74374.92,18765.133,-69268.16,-38360.805,58643.273,60094.766,-33755.19,-73314.66,11982.461,73302.99,13463.995,-67585.09,-37957.457,44603.23,47596.16,-27875.729,-58684.152,8421.683,67117.17,17516.63,-60318.027,-41806.758,47147.785,63715.785,-26557.297,-74057.55,416.4917,72945.39,26612.568,-64162.746,-46393.51,45899.863,62622.98,-31731.03,-77424.29,6244.2334,79192.68,9327.663,-78811.3,-34334.02,63044.61,54625.605,-42589.965,-65527.965,23546.186,69167.26,-1956.946,-72778.055,-26711.945,58075.016,47429.566,-38164.2,-56238.13,16495.88,63748.664,9439.33,-60941.6,-31998.32,55522.695,57373.383,-31212.85,-62708.07,12324.3955,72835.74,15002.141,-72061.02,-35672.582,58650.766,49682.215,-47243.51,-70832.16,23905.535,78615.15,2730.458,-78481.25,-29991.795,64436.027,44725.848,-51307.242,-61330.387,29450.457,71600.79,-2377.2856,-69898.5,-16800.816,63432.71,44676.043,-39167.957,-48611.266,34160.195,66751.375,-5514.9316,-62759.934,-22064.318,57471.81,45968.902,-39499.098,-54803.965,21859.605,63802.598,-1068.0209,-72247.61,-33380.613,60138.207,49637.625,-48249.742,-66796.984,24484.84,79949.19,5372.383,-74422.766,-18563.191,70403.34,38130.883,-61376.24,-63479.652,42577.73,77850.38,-16412.035,-77393.94,-6776.6426,65479.457,24726.52,-56302.15]],"spec":[0.0],"history":["RS2D Spinit data loaded from C:\\Users\\TXB909\\Documents\\strain-cell"],"hyper":[0],"dFilter":0.0,"ref":[1.6e7],"wholeEcho":[0.0],"freq":[1.6e7],