{"sw":[1.0016025641025641e6],"dataImag":[[-11734.889,-260156.16,-387619.28,-35777.91,8360.184,-9541.394,-9162.706,4868.652,8255.407,-10753.736,-23942.885,-9602.443,12133.782,8776.511,-12892.809,-9251.5,15498.037,20833.57,1920.2812,-10608.409,3821.138,18988.16,6786.8135,-15610.285,-11767.155,13042.462,16878.01,-3342.3657,-13252.51,4533.3184,21381.355,9815.922,-12840.521,-10100.509,10972.255,13898.037,-7017.334,-18050.373,947.93024,18267.115,5691.1997,-13835.135,-4163.775,18590.46,20369.775,-172.9225,-10937.565,5965.576,20275.082,5996.6514,-16918.629,-11658.404,10898.972,11166.3125,-8721.027,-14893.402,3928.6501,20131.73,6760.7524,-12329.704,-4950.7046,16516.436,16408.848,-4530.3677,-14014.844,3029.6155,15171.6045,-1843.5009,-19989.979,-9076.28,15064.631,14800.902,-7845.5024,-13217.871,7578.944,20238.79,4093.2805,-14467.321,-7527.4326,14859.596,15345.684,-5997.9653,-10818.785,5619.736,16385.541,2381.7964,-15272.634,-5786.097,16430.111,14528.631,-7731.099,-13589.706,5672.179,16371.761,-903.0994,-18632.916,-8336.516,12968.392,10939.695,-11908.796,-17539.662,3639.1367,14399.049,-2647.5083,-20028.828,-8102.8794,12089.776,8825.911,-12823.75,-14992.385,7139.189,16983.293,91.6729,-15738.971,-3199.875,19833.367,14598.986,-11981.479,-16495.543,4105.843,12738.899,-5316.7847,-20645.814,-8165.991,12265.903,8185.4165,-13873.956,-14447.895,7533.019,16140.96,-2082.8125,-18118.904,-6397.004,12452.204,6908.8438,-13545.646,-15594.044,6153.7417,16903.672,-1634.7714,-18242.5,-4625.855,15160.414,10475.814,-10693.414,-12545.193,10690.461,19905.82,733.76996,-13883.144,245.48137,20803.102,15786.611,-5653.5864,-5549.484,16197.619,23492.414,6218.4014,-6526.098,6310.4336,25876.28,21033.9,333.005,1220.0035,23969.545,32008.377,11930.259,-800.273,13801.617,31362.488,22612.586,601.99695,2021.0042,23882.086,29213.068,7680.93,-7245.1997,6885.0903,22292.816,10197.296,-13112.107,-9448.733,12879.347,16866.203,-6634.61,-21769.285,-7816.4478,6360.4507,-5462.8506,-27046.002,-28571.988,-9113.312,-4992.0635,-28665.213,-42509.246,-27172.717,-13357.711,-26254.498,-44639.824,-39146.305,-20357.518,-19192.48,-41242.965,-52136.06,-34170.066,-17540.102,-29906.299,-48936.633,-42863.16,-19127.734,-14376.245,-34169.363,-41995.04,-23903.8,-7039.581,-17205.162,-34536.56,-25478.406,-2.883543,4957.663,-15903.839,-22679.758,-2197.4988,14889.323,4771.096,-12354.656,-4279.8394,20082.88,21215.055,1213.0856,-3937.991,15877.518,30326.324,18914.635,-1080.9863,5626.501,28313.795,30318.445,9521.167,1327.2816,19610.605,33574.637,18645.195,-1497.8373,6675.0625,29679.883,28094.998,6412.9673,-1011.40674,16995.69,28854.615,12381.096,-6196.9985,2063.3254,22257.371,21221.03,-2267.4797,-9681.02,8688.99,19995.545,2461.9087,-14148.923,-4511.8545,16205.358,13078.488,-10540.915,-17667.71,2790.5579,15597.061,-782.0797,-19830.635,-11124.725,10901.175,9350.707,-11034.5,-14912.482,4080.8535,15041.812,-1553.1085,-20091.207,-9817.612,12745.456,9095.147,-13250.393,-14342.723,8164.838,17164.164,-1208.4265,-17706.15,-5923.8477,14392.711,11116.889,-8909.334,-13243.302,6465.1875,18663.422,-38.72092,-20680.164,-7591.652,15754.574,10368.424,-11683.731,-14183.006,6821.7266,16286.209,-2712.6094,-18927.75,-6722.559,12821.737,7577.531,-13420.232,-13912.43,8601.659,16499.594,-3210.78,-17689.613,-4389.659,14736.776,7470.5728,-14910.181,-15609.788,7200.3916,13586.727,-5996.772,-19003.582,-3521.0574,15673.502,7783.3457,-14818.745,-14797.693,7439.2305,14497.952,-3596.6182,-17199.32,-2945.6675,17156.14,7563.64,-14318.836,-10710.203,11399.732,16902.244,-2472.7556,-17457.924,-1156.2874,17786.336,9147.32,-11598.348,-11204.688,9377.332,17019.691,-4210.0137,-18113.74,-529.70874,15743.353,6310.439,-14355.931,-13721.839,9883.721,15297.082,-4987.978,-18485.092,-1353.4973,16548.475,5761.5605,-15260.976,-11365.27,11167.515,15579.155,-4484.96,-16591.168,-775.95734,16851.342,7095.2173,-14122.057,-11006.112,12110.442,16515.193,-5519.911,-17518.664,1646.9037,18591.133,6638.336,-14291.136,-10589.181,10581.839,15100.247,-5316.9062,-14679.799,2704.7124,17242.258,2925.208,-18045.24,-12989.05,12065.915,14907.028,-7279.2866,-15163.5625,3081.4011,16299.349,3450.8865,-15307.661,-8644.993,11795.687,12996.744,-6458.6597,-14049.381,4369.9487,16787.297,2235.8857,-16919.107,-9306.116,13740.417,16805.502,-4650.967,-15509.935,3540.3079,17603.988,1950.1084,-16270.148,-8123.258,12043.006,12576.601,-8257.273,-14299.588,5096.668,17683.467,2999.7559,-17652.117,-9254.519,15008.367,13971.458,-8752.804,-14954.633,4677.9487,16837.004,1311.4648,-16734.479,-6343.581,13959.365,11276.645,-8440.076,-13543.438,6389.4697,18201.672,-535.13934,-18673.0,-6169.097,14652.607,10866.55,-11198.529,-15696.632,5342.398,17716.63,980.4477,-16453.484,-8057.6816,12779.111,8940.49,-13405.857,-13106.859,6587.6484,15314.822,-2389.415,-18767.129,-7137.7256,13261.219,9009.162,-12630.289,-15245.192,7063.509,17478.34,-729.2423,-17468.57,-7116.9775,13902.528,10408.0625,-12288.454,-15419.444,6182.176,17605.81,-838.44055,-17807.412,-5633.4883,14285.195,9316.5,-13030.144,-14326.54,8750.543,18308.33,174.13028,-18124.684,-6513.23,14250.331,8592.062,-12359.335,-9523.583,11665.429,16656.975,-1469.0815,-16836.287,-4562.194,15904.838,10058.083,-12899.519,-13712.302,8916.653,15573.63,-3523.9602,-16719.242,-2615.795,14940.617,6990.596]],"spec":[0.0],"history":["RS2D Spinit data loaded from C:\\Users\\Birmingham.DESKTOP-9DIJDH4\\Documents\\NMR analysis stuff"],"hyper":[0],"dFilter":0.0,"ref":[1.69e7],"wholeEcho":[0.0],"freq":[1.69e7],